0.0000	349.58	181.94	135.08	86.13	23.87	92.62	40.59	22.55	4.51	0	0	4.95	4.18	7.48	16.06	8.36	932.36	45.54
0.0100	349.58	181.94	135.08	86.13	23.87	92.62	40.59	22.55	4.51	0	0	4.95	4.18	7.48	16.06	8.36	932.36	45.54
0.0200	351.56	186.12	137.28	90.42	23.87	95.04	42.79	22.55	0	0	0	4.95	0	7.48	12.1	5.5	949.63	30.03
0.0300	353.54	188.21	139.48	92.51	23.87	97.35	42.79	22.55	0	0	0	4.95	0	4.95	8.03	5.5	960.3	23.43
0.0400	353.54	192.28	139.48	96.8	23.87	99.66	42.79	22.55	0	0	0	0	0	4.95	8.03	0	970.97	12.98
0.0500	351.56	192.28	137.28	98.89	23.87	104.39	42.79	22.55	0	0	0	0	0	4.95	6.05	0	973.61	11
0.0600	347.6	192.28	137.28	100.98	23.87	104.39	45.1	22.55	0	0	0	0	0	0	6.05	0	974.05	6.05
0.0700	343.64	192.28	135.08	103.07	25.96	106.7	42.79	24.75	0	0	0	0	0	0	6.05	0	974.27	6.05
0.0800	339.68	192.28	135.08	105.27	25.96	106.7	42.79	24.75	0	0	0	0	0	0	3.96	0	972.51	3.96
0.0900	335.83	192.28	132.88	107.36	25.96	109.12	45.1	24.75	0	0	0	0	0	0	3.96	0	973.28	3.96
0.1000	331.87	192.28	130.68	109.45	25.96	109.12	45.1	22.55	0	0	0	0	0	0	3.96	0	967.01	3.96
0.1100	329.89	190.19	130.68	111.65	25.96	109.12	45.1	24.75	0	0	0	0	0	0	3.96	0	967.34	3.96
0.1200	326.04	190.19	128.48	111.65	25.96	111.43	45.1	24.75	0	0	0	0	0	0	3.96	0	963.6	3.96
0.1300	324.06	188.21	128.48	113.63	25.96	111.43	45.1	24.75	0	0	0	0	0	0	3.96	0	961.62	3.96
0.1400	322.19	188.21	128.48	113.63	25.96	111.43	45.1	24.75	0	0	0	0	0	0	3.96	0	959.75	3.96
0.1500	320.21	188.21	126.28	115.72	25.96	111.43	45.1	24.75	0	0	0	0	0	0	3.96	0	957.66	3.96
0.1600	316.36	188.21	124.08	117.81	25.96	111.43	45.1	24.75	0	0	0	0	0	0	3.96	0	953.7	3.96
0.1700	314.38	188.21	124.08	119.9	25.96	113.85	45.1	24.75	0	0	0	0	0	0	3.96	0	956.23	3.96
0.1800	310.53	188.21	121.88	121.99	25.96	116.16	45.1	24.75	0	0	0	0	0	0	3.96	0	954.58	3.96
0.1900	308.55	186.12	121.88	123.97	28.16	116.16	45.1	24.75	0	0	0	0	0	0	3.96	0	954.69	3.96
0.2000	306.57	186.12	121.88	126.06	28.16	118.58	45.1	24.75	0	0	0	0	0	0	3.96	0	957.22	3.96
0.2100	304.7	186.12	119.68	128.15	28.16	118.58	45.1	24.75	0	0	0	0	0	0	3.96	0	955.24	3.96
0.2200	302.72	186.12	119.68	132.33	28.16	121	47.3	24.75	0	0	0	0	0	0	3.96	0	962.06	3.96
0.2300	298.87	184.03	119.68	134.31	28.16	121	47.3	24.75	0	0	0	0	0	0	0	0	958.1	0
0.2400	296.89	184.03	119.68	134.31	30.36	123.42	49.61	24.75	0	0	0	0	0	0	0	0	963.05	0
0.2500	293.04	181.94	119.68	138.49	30.36	125.73	51.81	27.06	0	0	0	0	0	0	0	0	968.11	0
0.2600	291.06	179.85	117.48	138.49	32.56	128.15	54.12	27.06	0	0	0	0	0	0	0	0	968.77	0
0.2700	287.21	177.87	117.48	142.67	32.56	132.99	56.32	27.06	0	0	0	0	0	0	0	0	974.16	0
0.2800	283.25	177.87	117.48	146.74	32.56	135.41	58.63	27.06	0	0	0	0	0	0	0	0	979	0
0.2900	277.31	175.78	117.48	148.83	34.65	140.14	60.94	29.26	0	0	0	0	0	0	0	0	984.39	0
0.3000	271.26	171.6	115.28	150.92	36.85	144.98	63.36	29.26	0	0	0	0	0	0	3.96	0	983.51	3.96
0.3100	265.21	169.51	113.08	155.1	36.85	149.71	68.09	31.57	0	0	0	0	0	0	0	0	989.12	0
0.3200	259.16	165.22	113.08	159.17	39.05	154.55	70.4	33.77	0	0	0	0	0	0	0	0	994.4	0
0.3300	251.02	160.82	110.77	163.35	39.05	159.28	75.13	36.08	0	0	0	0	0	0	0	0	995.5	0
0.3400	242.99	156.42	108.57	167.53	39.05	166.54	77.55	36.08	0	0	0	0	0	0	0	0	994.73	0
0.3500	234.85	152.02	104.06	171.71	41.25	171.16	79.86	38.28	0	0	0	0	0	0	0	0	993.19	0
0.3600	224.84	145.42	99.66	176	43.34	175.78	84.59	40.59	4.51	0	0	0	0	0	0	0	990.22	4.51
0.3700	212.63	138.82	95.15	180.18	43.34	180.4	87.01	42.79	4.51	0	0	0	0	0	0	0	980.32	4.51
0.3800	200.53	132.22	90.75	186.56	45.54	184.91	91.74	45.1	4.51	0	0	0	0	0	0	0	977.35	4.51
0.3900	190.3	123.42	84.04	190.85	45.54	187.22	94.05	47.3	4.51	0	0	0	0	0	0	0	962.72	4.51
0.4000	176.22	114.62	79.53	195.03	47.74	191.84	96.47	49.61	4.51	0	0	0	0	0	0	0	951.06	4.51
0.4100	164.01	106.15	72.93	199.32	47.74	196.46	98.78	51.81	4.51	0	0	0	0	0	0	0	937.2	4.51
0.4200	150.15	96.25	66.22	203.61	49.94	200.97	103.51	51.81	4.51	0	0	0	0	0	0	0	922.46	4.51
0.4300	136.18	86.35	59.51	207.79	49.94	205.59	105.93	54.12	4.51	0	0	0	0	0	0	0	905.41	4.51
0.4400	116.38	70.4	49.17	216.26	54.23	205.59	110.66	56.32	4.51	0	0	0	0	0	0	0	879.01	4.51
0.4500	94.93	60.5	41.25	224.84	56.43	205.59	113.08	60.72	4.51	0	0	0	0	0	0	0	857.34	4.51
0.4600	79.64	50.82	35.42	226.71	56.43	205.59	117.59	60.72	6.82	0	0	0	0	0	0	0	832.92	6.82
0.4700	68.75	41.36	29.48	230.56	58.63	207.9	122.1	65.12	9.13	0	0	0	0	0	0	0	823.9	9.13
0.4800	53.79	35.75	23.54	230.56	58.63	207.9	124.41	67.32	11.44	0	0	0	0	0	0	0	801.9	11.44
0.4900	47.52	30.14	21.56	230.56	58.63	207.9	128.92	69.41	20.57	0	0	0	0	0	0	0	794.64	20.57
0.5000	41.36	26.29	19.58	228.58	56.43	207.9	135.74	71.61	34.32	0	0	0	0	0	0	0	787.49	34.32
0.5100	39.27	24.42	15.73	224.84	56.43	205.59	137.94	76.01	52.58	0	5.61	0	0	0	0	0	780.23	58.19
0.5200	33.11	20.68	13.75	218.46	56.43	205.59	144.76	78.21	83.38	4.18	7.59	0	0	0	0	0	770.99	95.15
0.5300	31.02	16.94	11.77	212.08	54.23	203.28	147.07	80.3	109.67	8.36	11.33	0	0	0	3.96	0	756.69	133.32
0.5400	26.84	13.09	9.79	201.41	52.03	200.97	151.58	82.5	132.66	14.63	20.9	7.48	0	0	0	0	738.21	175.67
0.5500	22.77	11.22	7.81	190.85	47.74	196.46	156.09	86.9	148.5	22.99	30.36	7.48	0	0	0	0	719.84	209.33
0.5600	20.68	9.35	5.83	176	45.54	194.15	160.71	89.1	157.63	27.17	36.08	12.54	0	0	0	0	701.36	233.42
0.5700	18.59	9.35	3.85	161.26	43.34	191.84	165.22	91.19	166.76	33.44	43.67	20.13	0	4.95	3.96	0	684.64	272.91
0.5800	16.5	7.48	3.85	144.76	39.05	187.22	167.53	95.59	173.69	35.53	49.39	22.66	0	7.48	6.05	0	661.98	294.8
0.5900	14.41	7.48	3.85	126.06	34.65	182.71	172.15	97.79	178.42	37.62	53.13	25.19	6.27	7.48	8.03	0	639.1	316.14
0.6000	12.32	7.48	3.85	107.36	30.36	178.09	176.77	102.08	185.46	39.71	59.4	25.19	8.47	10.01	12.1	5.5	618.31	345.84
0.6100	12.32	5.61	0	90.42	28.16	171.16	179.08	104.28	194.81	39.71	65.89	27.72	10.56	10.01	16.06	5.5	591.03	370.26
0.6200	10.34	5.61	0	71.28	25.96	164.12	181.5	106.48	208.78	41.8	72.49	27.72	10.56	12.54	20.13	8.36	565.29	402.38
0.6300	8.25	5.61	0	54.34	23.87	152.13	181.5	110.88	222.86	43.89	81.18	30.14	12.65	15.07	24.2	8.36	536.58	438.35
0.6400	6.16	5.61	0	37.62	23.87	137.72	181.5	110.88	236.72	48.07	87.67	30.14	12.65	17.6	30.25	11.11	503.36	474.21
0.6500	6.16	3.74	0	29.26	21.67	118.58	176.77	113.08	248.27	50.16	96.36	30.14	12.65	20.13	34.32	11.11	469.26	503.14
0.6600	4.07	3.74	0	22.99	21.67	92.62	162.91	113.08	262.13	52.25	105.05	32.67	14.74	25.19	36.3	13.86	421.08	542.19
0.6700	0	0	0	18.81	23.87	66.77	135.74	113.08	273.68	54.34	111.65	32.67	14.74	27.72	40.37	13.86	358.27	569.03
0.6800	0	0	0	16.72	21.67	48.73	96.47	110.88	287.87	58.63	120.67	35.2	16.94	32.67	42.35	16.72	294.47	611.05
0.6900	0	0	0	14.63	21.67	31.79	60.94	104.28	304.7	62.81	129.91	37.73	16.94	35.2	44.33	16.72	233.31	648.34
0.7000	0	0	0	10.45	19.47	21.12	40.59	91.19	321.53	69.19	136.84	40.26	16.94	40.26	46.42	19.47	182.82	690.91
0.7100	0	0	0	8.36	17.27	12.65	27.06	73.81	338.14	73.48	145.97	42.79	19.03	45.32	46.42	22.33	139.15	733.48
0.7199	0	0	0	6.27	12.98	8.47	20.24	58.63	351.89	77.66	152.9	45.32	19.03	52.91	48.4	25.08	106.59	773.19
0.7299	0	0	0	6.27	8.58	6.27	18.04	36.08	363.33	81.95	157.52	47.85	19.03	55.44	48.4	25.08	75.24	798.6
0.7399	0	0	0	4.18	6.49	4.18	11.22	11.22	372.57	86.13	162.14	50.38	21.12	60.28	50.38	27.83	37.29	830.83
0.7499	0	0	0	4.18	0	0	6.71	0	379.39	90.42	166.76	55.44	19.03	65.12	50.38	27.83	10.89	854.37
0.7599	0	0	0	0	0	0	4.51	0	384.01	94.71	169.07	57.97	21.12	72.27	50.38	30.69	4.51	880.22
0.7699	0	0	0	0	0	0	0	0	386.32	96.8	171.38	60.39	21.12	74.69	52.47	33.44	0	896.61
0.7799	0	0	0	0	0	0	0	0	384.01	101.09	171.38	65.45	23.21	81.84	54.45	36.19	0	917.62
0.7899	0	0	0	0	0	0	0	0	379.39	103.18	171.38	67.98	23.21	84.26	54.45	39.05	0	922.9
0.7999	0	0	0	0	0	0	0	0	374.88	103.18	171.38	70.4	23.21	89.1	56.54	41.8	0	930.49
0.8099	0	0	0	0	0	0	0	0	365.64	105.27	169.07	75.46	23.21	93.83	58.85	41.8	0	933.13
0.8199	4.07	0	0	0	0	0	0	0	356.51	105.27	166.76	77.99	25.41	98.67	61.27	44.66	4.07	936.54
0.8299	0	0	0	0	0	0	0	0	345.07	105.27	162.14	82.94	25.41	103.4	63.69	47.41	0	935.33
0.8399	4.07	0	0	0	0	0	0	0	333.63	105.27	157.52	85.47	25.41	108.24	66.11	50.16	4.07	931.81
0.8499	0	0	0	0	0	0	0	0	321.53	103.18	152.9	90.53	25.41	113.08	68.42	50.16	0	925.21
0.8599	4.07	0	0	0	0	0	0	0	309.54	103.18	150.59	92.95	27.5	118.03	73.26	53.02	4.07	928.07
0.8699	4.07	0	0	0	0	0	0	0	297.55	101.09	145.97	95.48	27.5	125.62	75.68	55.77	4.07	924.66
0.8799	0	0	0	0	0	0	0	0	285.45	98.89	141.35	98.01	29.59	130.68	80.41	58.63	0	923.01
0.8899	0	0	0	0	0	0	0	0	273.68	98.89	136.84	102.96	29.59	138.27	85.25	61.49	0	926.97
0.8999	4.07	0	0	0	0	0	0	0	262.13	96.8	134.53	105.49	31.79	143.22	89.98	64.35	4.07	928.29
0.9099	4.07	0	0	0	0	0	0	0	252.89	94.71	132.22	108.02	31.79	150.81	94.82	67.32	4.07	932.58
0.9199	0	0	0	0	0	0	0	0	241.34	92.51	127.6	108.02	31.79	153.34	99.66	70.18	0	924.44
0.9299	0	0	0	0	0	0	0	0	232.1	90.42	125.29	110.55	33.88	160.93	101.97	73.15	0	928.29
0.9399	0	0	0	0	0	0	0	0	225.17	86.13	120.67	113.08	33.88	165.99	106.81	76.01	0	927.74
0.9499	0	0	0	0	0	0	0	0	213.51	86.13	118.36	115.5	35.97	171.05	111.65	78.98	0	931.15
0.9599	0	0	0	0	0	0	0	0	206.47	81.95	113.85	118.03	35.97	178.09	116.27	81.84	0	932.47
0.9699	0	0	0	0	0	0	0	0	197.12	79.86	109.45	122.98	38.06	182.82	118.58	84.81	0	933.68
0.9799	0	0	0	0	0	0	0	0	187.77	77.66	105.05	125.51	38.06	187.44	123.2	87.67	0	932.36
0.9899	0	0	0	0	0	0	0	0	178.42	75.57	100.76	127.93	40.26	194.59	125.62	90.53	0	933.68
0.9999	0	0	0	0	0	0	0	0	166.76	73.48	96.36	130.46	40.26	199.32	130.24	93.5	0	930.38
1.0099	0	0	0	0	0	0	0	0	157.63	69.19	92.07	132.88	40.26	203.94	134.86	96.36	0	927.19
1.0199	0	0	0	0	0	0	0	0	148.5	67.1	87.67	137.94	42.35	211.09	137.17	99.33	0	931.15
1.0299	0	0	0	0	0	0	0	0	139.48	62.81	81.18	140.36	42.35	215.82	141.9	102.19	0	926.09
1.0399	0	0	0	0	0	0	0	0	130.35	60.72	76.78	142.89	42.35	222.97	146.52	105.16	0	927.74
1.0499	0	0	0	0	0	0	0	0	121.22	56.43	70.29	145.42	44.44	227.81	151.14	108.02	0	924.77
1.0599	0	0	0	0	0	0	0	0	112.09	52.25	63.8	150.37	44.44	235.18	155.87	113.52	0	927.52
1.0699	0	0	0	0	0	0	0	0	100.1	48.07	57.2	152.79	44.44	240.13	158.18	116.05	0	916.96
1.0799	4.07	0	0	0	0	0	0	0	88.22	43.89	51.26	155.32	46.53	244.97	162.8	118.58	4.07	911.57
1.0899	0	0	0	0	0	0	0	0	76.23	37.62	43.67	157.85	46.53	252.34	167.53	123.64	0	905.41
1.0999	4.07	0	0	0	0	0	0	0	64.35	31.35	36.08	157.85	46.53	254.76	172.37	126.17	4.07	889.46
1.1099	6.16	0	0	0	0	0	0	0	52.58	25.08	28.49	157.85	46.53	257.18	177.21	128.7	6.16	873.62
1.1199	10.34	0	0	0	0	0	0	0	41.14	20.9	22.77	155.32	44.44	257.18	184.58	131.23	10.34	857.56
1.1299	14.41	0	0	0	0	0	0	0	32.01	18.81	15.18	152.79	44.44	259.71	189.42	133.76	14.41	846.12
1.1399	20.68	0	0	0	0	0	0	0	27.39	14.63	11.33	147.84	42.35	257.18	196.79	138.82	20.68	836.33
1.1499	35.09	5.61	0	0	0	0	0	0	22.88	10.45	9.46	142.89	38.06	257.18	201.63	141.35	40.7	823.9
1.1599	92.73	20.68	11.77	0	0	0	0	0	18.26	8.36	7.59	135.41	35.97	257.18	206.47	146.41	125.18	815.65
1.1699	188.32	41.36	31.46	6.27	0	0	0	0	18.26	8.36	5.61	125.51	31.79	254.76	211.42	146.41	267.41	802.12
1.1799	232.87	56.54	41.25	12.54	0	0	0	0	15.95	6.27	5.61	113.08	27.5	249.92	213.84	148.94	343.2	781.11
1.1899	222.75	62.48	47.19	20.9	0	0	0	0	15.95	6.27	3.74	98.01	21.12	244.97	216.26	151.47	353.32	757.79
1.1999	214.61	70.4	53.13	27.17	0	4.18	4.51	0	13.64	6.27	3.74	80.41	14.74	237.6	218.68	151.47	374	726.55
1.2099	206.58	78.32	59.51	37.62	6.49	12.65	6.71	0	13.64	4.18	0	62.92	12.65	230.34	221.21	154	407.88	698.94
1.2199	208.56	86.35	68.42	43.89	10.78	16.94	9.02	0	11.44	4.18	0	47.85	10.56	215.82	221.21	154	443.96	665.06
1.2299	212.63	94.27	72.93	50.16	12.98	25.41	11.22	0	11.44	4.18	0	32.67	8.47	196.9	221.21	156.53	479.6	631.4
1.2399	228.8	108.13	84.04	56.54	15.18	35.97	13.53	0	9.13	4.18	0	20.13	8.47	171.05	216.26	156.53	542.19	585.75
1.2499	246.95	123.42	95.15	62.81	17.27	46.53	15.73	0	6.82	0	0	15.07	8.47	135.74	209	151.47	607.86	526.57
1.2599	263.12	136.62	104.06	67.1	17.27	52.91	18.04	4.51	4.51	0	0	10.01	8.47	98.67	194.37	146.41	663.63	462.44
1.2699	273.24	145.42	108.57	71.28	19.47	62.15	20.24	6.71	4.51	0	0	7.48	8.47	69.85	165.11	138.82	707.08	394.24
1.2799	283.25	154.22	115.28	75.57	21.67	66.77	22.55	6.71	0	0	0	0	8.47	47.85	127.93	126.17	746.02	310.42
1.2899	289.08	163.02	119.68	81.95	21.67	73.81	24.75	9.02	0	0	0	0	10.56	32.67	87.67	110.99	782.98	241.89
1.2999	296.89	171.6	124.08	86.13	21.67	80.85	27.06	11.22	0	0	0	0	8.47	22.66	63.69	90.53	819.5	185.35
1.3099	304.7	179.85	128.48	92.51	21.67	85.58	29.26	11.22	0	0	0	0	8.47	15.07	50.38	73.15	853.27	147.07
1.3199	308.55	188.21	130.68	98.89	23.87	92.62	31.57	13.53	0	0	0	0	4.18	12.54	40.37	36.19	887.92	93.28
1.3299	310.53	194.37	130.68	105.27	23.87	99.66	31.57	13.53	0	0	0	0	4.18	7.48	32.23	19.47	909.48	63.36
1.3399	308.55	200.64	130.68	113.63	23.87	106.7	31.57	15.73	0	0	0	0	0	7.48	22.11	13.86	931.37	43.45
1.3499	306.57	204.71	130.68	119.9	23.87	111.43	33.77	15.73	0	0	0	0	0	4.95	12.1	5.5	946.66	22.55
1.3599	304.7	206.8	130.68	126.06	25.96	116.16	33.77	18.04	0	0	0	0	0	0	6.05	0	962.17	6.05
1.3699	300.74	206.8	128.48	132.33	25.96	123.42	36.08	18.04	0	0	0	0	0	0	6.05	0	971.85	6.05
1.3799	294.91	204.71	126.28	136.4	25.96	125.73	38.28	20.24	0	0	0	0	0	0	3.96	0	972.51	3.96
1.3899	289.08	204.71	126.28	140.58	25.96	130.57	38.28	20.24	0	0	0	0	0	0	0	0	975.7	0
1.3999	281.38	200.64	124.08	144.76	28.16	135.41	40.59	22.55	0	0	0	0	0	0	0	0	977.57	0
1.4099	273.24	196.46	119.68	150.92	28.16	137.72	42.79	22.55	0	0	0	0	0	0	0	0	971.52	0
1.4199	263.12	192.28	115.28	155.1	30.36	142.56	45.1	22.55	0	0	0	0	0	0	0	0	966.35	0
1.4299	255.09	186.12	113.08	157.08	32.56	142.56	47.3	22.55	0	0	0	0	0	0	0	0	956.34	0
1.4399	246.95	181.94	110.77	159.17	32.56	144.98	49.61	24.75	0	0	0	0	0	0	0	0	950.73	0
1.4499	240.9	175.78	106.37	163.35	32.56	149.71	49.61	24.75	0	0	0	0	0	0	0	0	943.03	0
1.4599	232.87	171.6	104.06	167.53	32.56	149.71	51.81	24.75	0	0	0	0	0	0	0	0	934.89	0
1.4699	226.82	167.53	101.86	169.62	34.65	152.13	51.81	24.75	0	0	0	0	0	0	0	0	929.17	0
1.4799	220.77	163.02	99.66	173.8	34.65	154.55	54.12	24.75	0	0	0	0	0	0	0	0	925.32	0
1.4899	214.61	158.62	97.46	176	34.65	156.97	54.12	24.75	0	0	0	0	0	0	0	0	917.18	0
1.4999	210.65	156.42	95.15	178.09	34.65	161.7	56.32	27.06	0	0	0	0	0	0	0	0	920.04	0
1.5099	204.49	152.02	92.95	182.38	34.65	164.12	56.32	27.06	0	0	0	0	0	0	0	0	913.99	0
1.5199	200.53	147.62	90.75	186.56	36.85	166.54	58.63	29.26	0	0	0	0	0	0	0	0	916.74	0
1.5299	194.37	143.22	88.55	188.65	36.85	168.96	60.94	29.26	0	0	0	0	0	0	0	0	910.8	0
1.5399	188.32	138.82	86.24	192.94	36.85	171.16	63.36	29.26	0	0	0	0	0	0	0	0	906.95	0
1.5499	184.25	136.62	84.04	197.23	39.05	175.78	65.67	31.57	0	0	0	0	0	0	0	0	914.21	0
1.5599	180.18	132.22	81.84	201.41	39.05	178.09	65.67	31.57	0	0	0	0	0	0	0	0	910.03	0
1.5699	174.13	127.82	79.53	203.61	41.25	182.71	70.4	33.77	0	0	0	0	0	0	0	0	913.22	0
1.5799	168.08	123.42	77.33	209.88	41.25	184.91	72.82	33.77	0	0	0	0	0	0	0	0	911.46	0
1.5899	162.03	116.82	75.13	214.17	41.25	189.53	75.13	36.08	0	0	0	0	0	0	0	0	910.14	0
1.5999	156.09	112.42	70.62	218.46	43.34	194.15	77.55	38.28	0	0	0	0	0	0	0	0	910.91	0
1.6099	146.19	106.15	66.22	222.64	45.54	198.66	82.28	40.59	0	0	0	0	0	0	0	0	908.27	0
1.6199	138.16	100.21	61.71	228.58	45.54	200.97	84.59	42.79	0	0	0	0	0	0	0	0	902.55	0
1.6299	130.24	92.29	59.51	232.43	45.54	207.9	89.32	45.1	0	0	0	0	0	0	0	0	902.33	0
1.6399	122.32	84.37	53.13	238.15	47.74	210.21	91.74	47.3	0	0	0	0	0	0	0	0	894.96	0
1.6499	112.42	76.34	49.17	242	47.74	214.72	96.47	49.61	0	0	0	0	0	0	0	0	888.47	0
1.6599	99.33	66.44	43.23	247.72	49.94	217.03	101.2	51.81	0	0	0	0	0	0	0	0	876.7	0
1.6699	81.84	56.54	35.42	255.31	49.94	219.34	103.51	54.12	0	0	0	0	0	0	0	0	856.02	0
1.6799	68.75	47.08	31.46	259.16	52.03	219.34	108.24	58.63	0	0	0	0	0	0	0	0	844.69	0
1.6899	57.97	39.49	25.52	261.14	52.03	221.65	113.08	62.92	0	0	0	0	0	0	0	0	833.8	0
1.6999	47.52	33.88	21.56	263.01	52.03	221.65	119.79	65.12	0	0	0	0	0	0	0	0	824.56	0
1.7099	41.36	30.14	19.58	263.01	52.03	221.65	122.1	69.41	0	0	0	0	0	0	0	0	819.28	0
1.7199	37.18	26.29	17.71	261.14	52.03	221.65	128.92	73.81	0	0	0	0	0	0	0	0	818.73	0
1.7299	33.11	22.55	13.75	257.29	49.94	221.65	133.43	78.21	0	0	0	0	0	0	0	0	809.93	0
1.7399	28.93	18.81	11.77	251.57	47.74	221.65	135.74	80.3	4.51	0	0	0	0	0	0	0	796.51	4.51
1.7499	24.75	15.07	9.79	243.87	45.54	219.34	140.25	82.5	9.13	0	0	0	0	0	0	0	781.11	9.13
1.7599	22.77	11.22	7.81	234.3	43.34	219.34	142.56	86.9	15.95	0	0	0	0	0	0	0	768.24	15.95
1.7699	18.59	9.35	5.83	224.84	41.25	219.34	147.07	89.1	32.01	0	0	0	0	0	0	0	755.37	32.01
1.7799	16.5	7.48	3.85	212.08	39.05	217.03	149.38	91.19	64.35	0	3.74	0	0	0	0	0	736.56	68.09
1.7899	16.5	7.48	3.85	197.23	36.85	214.72	153.89	95.59	128.04	6.27	9.46	0	0	0	0	0	726.11	143.77
1.7999	14.41	7.48	3.85	180.18	32.56	212.41	156.09	97.79	169.07	10.45	13.2	0	0	0	0	0	704.77	192.72
1.8099	12.32	7.48	0	161.26	30.36	207.9	158.4	102.08	194.81	20.9	24.64	0	0	0	0	0	679.8	240.35
1.8199	10.34	5.61	0	140.58	25.96	200.97	160.71	106.48	222.86	33.44	39.82	7.48	0	0	0	0	650.65	303.6
1.8299	10.34	5.61	0	119.9	23.87	194.15	165.22	108.68	236.72	41.8	49.39	12.54	0	0	0	0	627.77	340.45
1.8399	8.25	5.61	0	96.8	23.87	187.22	167.53	113.08	257.51	50.16	63.8	20.13	0	0	0	0	602.36	391.6
1.8499	6.16	5.61	0	73.48	21.67	173.47	167.53	115.28	275.99	58.63	76.78	25.19	0	4.95	0	0	563.2	441.54
1.8599	4.07	3.74	0	54.34	21.67	156.97	167.53	119.9	285.45	62.81	85.47	30.14	0	7.48	0	0	528.22	471.35
1.8699	0	3.74	0	39.71	21.67	135.41	158.4	122.21	299.86	69.19	96.36	37.73	4.18	10.01	0	5.5	481.14	522.83
1.8799	0	3.74	0	31.35	21.67	104.39	142.56	124.52	314.38	71.28	105.05	40.26	6.27	12.54	6.05	8.36	428.23	564.19
1.8899	0	0	0	25.08	21.67	71.5	108.24	124.52	328.79	75.57	118.36	42.79	10.56	15.07	10.01	11.11	351.01	612.26
1.8999	0	0	0	20.9	21.67	44.44	68.09	122.21	345.07	77.66	129.91	45.32	12.65	20.13	14.08	13.86	277.31	658.68
1.9099	0	0	0	16.72	19.47	27.5	42.79	108.68	358.82	81.95	143.66	45.32	14.74	22.66	20.13	13.86	215.16	701.14
1.9199	0	0	0	12.54	17.27	16.94	29.26	89.1	370.26	84.04	152.9	47.85	16.94	27.72	26.18	16.72	165.11	742.61
1.9299	0	0	0	8.36	12.98	8.47	22.55	69.41	384.01	86.13	162.14	47.85	19.03	32.67	32.23	16.72	121.77	780.78
1.9399	0	0	0	6.27	8.58	6.27	15.73	38.28	393.25	90.42	171.38	50.38	19.03	37.73	36.3	19.47	75.13	817.96
1.9499	0	0	0	6.27	4.29	4.18	9.02	11.22	402.6	94.71	176.11	52.91	21.12	42.79	38.28	22.33	34.98	850.85
1.9599	0	0	0	4.18	0	0	4.51	0	409.75	96.8	180.73	52.91	21.12	47.85	42.35	22.33	8.69	873.84
1.9699	0	0	0	4.18	0	0	0	0	416.79	98.89	185.46	55.44	23.21	50.38	44.33	22.33	4.18	896.83
1.9799	0	0	0	0	0	0	0	0	416.79	103.18	185.46	60.39	23.21	55.44	44.33	25.08	0	913.88
1.9899	0	0	0	0	0	0	0	0	414.37	105.27	185.46	60.39	23.21	60.28	46.42	25.08	0	920.48
1.9999	0	0	0	0	0	0	0	0	409.75	107.47	185.46	65.45	23.21	62.7	48.4	25.08	0	927.52
2.0099	0	0	0	0	0	0	0	0	405.02	107.47	185.46	67.98	25.41	69.85	48.4	27.83	0	937.42
2.0199	0	0	0	0	0	0	0	0	395.56	107.47	185.46	70.4	25.41	72.27	50.38	27.83	0	934.78
2.0299	0	0	0	0	0	0	0	0	384.01	107.47	183.04	72.93	25.41	79.53	54.45	30.69	0	937.53
2.0399	0	0	0	0	0	0	0	0	372.57	105.27	178.42	75.46	25.41	84.26	56.54	33.44	0	931.37
2.0499	0	0	0	0	0	0	0	0	361.13	103.18	176.11	77.99	27.5	91.41	58.85	36.19	0	932.36
2.0599	0	0	0	0	0	0	0	0	347.38	101.09	173.69	80.41	27.5	96.25	66.11	39.05	0	931.48
2.0699	0	0	0	0	0	0	0	0	333.63	98.89	171.38	80.41	29.59	101.09	70.84	41.8	0	927.63
2.0799	0	0	0	0	0	0	0	0	321.53	96.8	166.76	80.41	29.59	105.82	73.26	44.66	0	918.83
2.0899	0	0	0	0	0	0	0	0	309.54	94.71	164.45	82.94	31.79	110.66	78.1	47.41	0	919.6
2.0999	0	0	0	0	0	0	0	0	295.13	92.51	159.83	85.47	31.79	115.5	82.83	53.02	0	916.08
2.1099	0	0	0	0	0	0	0	0	283.03	90.42	157.52	88	31.79	123.09	87.67	55.77	0	917.29
2.1199	0	0	0	0	0	0	0	0	271.37	88.33	152.9	90.53	33.88	128.15	92.4	58.63	0	916.19
2.1299	0	0	0	0	0	0	0	0	257.51	86.13	145.97	92.95	33.88	135.74	99.66	61.49	0	913.33
2.1399	0	0	0	0	0	0	0	0	245.96	81.95	141.35	95.48	35.97	140.8	104.39	64.35	0	910.25
2.1498	0	0	0	0	0	0	0	0	229.79	79.86	136.84	98.01	38.06	148.28	111.65	67.32	0	909.81
2.1598	0	0	0	0	0	0	0	0	218.13	77.66	132.22	100.54	38.06	155.87	118.58	73.15	0	914.21
2.1698	0	0	0	0	0	0	0	0	206.47	73.48	125.29	102.96	40.26	163.46	125.62	76.01	0	913.55
2.1798	0	0	0	0	0	0	0	0	194.81	71.28	120.67	108.02	40.26	168.52	130.24	78.98	0	912.78
2.1898	0	0	0	0	0	0	0	0	180.73	67.1	113.85	110.55	42.35	178.09	137.17	84.81	0	914.65
2.1998	0	0	0	0	0	0	0	0	169.07	64.9	107.25	115.5	44.44	185.13	141.9	87.67	0	915.86
2.2098	0	0	0	0	0	0	0	0	155.32	60.72	100.76	118.03	44.44	192.17	148.83	93.5	0	913.77
2.2198	0	0	0	0	0	0	0	0	141.68	56.43	92.07	120.45	46.53	199.32	155.87	96.36	0	908.71
2.2298	0	0	0	0	0	0	0	0	130.35	50.16	83.38	122.98	46.53	206.36	162.8	102.19	0	904.75
2.2398	0	0	0	0	0	0	0	0	116.71	45.98	74.69	125.51	46.53	213.4	169.95	105.16	0	897.93
2.2498	0	0	0	0	0	0	0	0	104.94	41.8	65.89	125.51	48.73	218.13	177.21	110.99	0	893.2
2.2598	0	0	0	0	0	0	0	0	92.95	35.53	57.2	127.93	48.73	225.39	184.58	116.05	0	888.36
2.2698	0	0	0	0	0	0	0	0	78.65	31.35	49.39	130.46	48.73	232.76	191.84	121.11	0	884.29
2.2798	0	0	0	0	0	0	0	0	66.66	25.08	41.8	130.46	48.73	237.6	196.79	126.17	0	873.29
2.2898	0	0	0	0	0	0	0	0	54.89	22.99	34.1	132.88	48.73	242.55	204.05	131.23	0	871.42
2.2998	0	0	0	0	0	0	0	0	43.45	18.81	26.51	132.88	48.73	244.97	211.42	138.82	0	865.59
2.3098	0	0	0	0	0	0	0	0	32.01	16.72	18.92	130.46	46.53	247.39	221.21	143.88	0	857.12
2.3198	0	0	0	0	0	0	0	0	27.39	12.54	13.2	125.51	44.44	247.39	228.36	148.94	0	847.77
2.3298	6.16	0	0	0	0	0	0	0	22.88	10.45	11.33	120.45	42.35	247.39	237.93	156.53	6.16	849.31
2.3398	10.34	0	0	0	0	0	0	0	18.26	8.36	7.59	113.08	40.26	242.55	245.19	161.59	10.34	836.88
2.3498	31.02	7.48	0	0	0	0	0	0	15.95	6.27	5.61	108.02	35.97	242.55	252.34	166.76	38.5	833.47
2.3598	108.02	24.42	17.71	0	0	0	0	0	15.95	6.27	5.61	98.01	31.79	237.6	254.76	169.18	150.15	819.17
2.3698	210.65	52.69	41.25	0	0	0	0	0	13.64	6.27	5.61	88	25.41	235.18	257.18	171.71	304.59	803
2.3798	253	72.38	53.13	0	0	0	0	0	13.64	4.18	3.74	77.99	21.12	232.76	259.6	174.24	378.51	787.27
2.3898	255.09	74.36	53.13	0	0	0	0	0	13.64	4.18	3.74	62.92	14.74	227.81	254.76	174.24	382.58	756.03
2.3998	222.75	68.42	47.19	0	0	0	0	0	11.44	4.18	0	50.38	12.65	220.55	254.76	176.77	338.36	730.73
2.4098	206.58	72.38	49.17	0	0	0	0	0	11.44	4.18	0	35.2	8.47	211.09	247.61	176.77	328.13	694.76
2.4198	200.53	86.35	57.31	8.36	0	0	0	0	9.13	0	0	22.66	8.47	194.59	245.19	179.19	352.55	659.23
2.4298	208.56	110.22	70.62	31.35	6.49	10.56	4.51	0	9.13	0	0	15.07	6.27	171.05	237.93	179.19	442.31	618.64
2.4398	214.61	123.42	81.84	35.53	6.49	21.12	9.02	0	6.82	0	0	10.01	6.27	138.27	228.36	176.77	492.03	566.5
2.4498	218.68	130.02	88.55	41.8	12.98	29.59	11.22	0	4.51	0	0	4.95	6.27	103.4	209	171.71	532.84	499.84
2.4598	242.99	154.22	106.37	52.25	15.18	42.35	15.73	0	0	0	0	4.95	6.27	74.69	179.63	161.59	629.09	427.13
2.4698	257.07	163.02	119.68	56.54	17.27	57.42	20.24	0	0	0	0	0	8.47	50.38	139.59	148.94	691.24	347.38
2.4798	261.14	169.51	128.48	58.63	17.27	71.5	27.06	4.51	0	0	0	0	10.56	35.2	94.82	133.76	738.1	274.34
2.4898	265.21	173.69	137.28	62.81	19.47	85.58	33.77	4.51	0	0	0	0	10.56	22.66	66.11	116.05	782.32	215.38
2.4998	273.24	179.85	146.08	67.1	21.67	97.35	42.79	9.02	0	0	0	0	8.47	15.07	52.47	90.53	837.1	166.54
2.5098	277.31	184.03	152.68	69.19	23.87	109.12	51.81	11.22	0	0	0	0	6.27	10.01	40.37	41.8	879.23	98.45
2.5198	277.31	181.94	157.08	71.28	23.87	118.58	60.94	13.53	0	0	0	0	0	7.48	30.25	19.47	904.53	57.2
2.5298	275.22	181.94	159.28	75.57	25.96	128.15	68.09	18.04	0	0	0	0	0	7.48	20.13	13.86	932.25	41.47
2.5398	273.24	179.85	161.48	77.66	28.16	137.72	75.13	22.55	0	0	0	0	0	4.95	10.01	5.5	955.79	20.46
2.5498	267.19	177.87	159.28	81.95	30.36	147.29	82.28	27.06	0	0	0	0	0	0	8.03	0	973.28	8.03
2.5598	261.14	173.69	157.08	84.04	30.36	156.97	87.01	29.26	0	0	0	0	0	0	6.05	0	979.55	6.05
2.5698	255.09	169.51	152.68	86.13	32.56	161.7	94.05	33.77	0	0	0	0	0	0	3.96	0	985.49	3.96
2.5798	246.95	165.22	148.28	88.33	32.56	168.96	98.78	36.08	0	0	0	0	0	0	3.96	0	985.16	3.96
2.5898	238.92	156.42	143.88	90.42	34.65	171.16	101.2	38.28	0	0	0	0	0	0	0	0	974.93	0
2.5998	228.8	149.82	137.28	94.6	34.65	175.78	105.93	40.59	0	0	0	0	0	0	0	0	967.45	0
2.6098	218.68	141.02	130.68	96.8	36.85	178.09	110.66	42.79	0	0	0	0	0	0	0	0	955.57	0
2.6198	206.58	132.22	121.88	96.8	36.85	180.4	113.08	45.1	0	0	0	0	0	0	0	0	932.91	0
2.6298	196.46	121.22	113.08	98.89	36.85	182.71	115.28	47.3	0	0	0	0	0	0	0	0	911.79	0
2.6398	184.25	112.42	104.06	100.98	39.05	184.91	117.59	47.3	0	0	0	0	0	0	0	0	890.56	0
2.6498	174.13	104.17	95.15	100.98	39.05	187.22	119.79	49.61	0	0	0	0	0	0	0	0	870.1	0
2.6598	164.01	96.25	88.55	103.07	39.05	187.22	122.1	49.61	0	0	0	0	0	0	0	0	849.86	0
2.6698	154.11	88.33	81.84	105.27	41.25	189.53	124.41	51.81	0	0	0	0	0	0	0	0	836.55	0
2.6798	144.21	80.3	75.13	107.36	41.25	191.84	126.61	51.81	0	0	0	0	0	0	0	0	818.51	0
2.6898	136.18	74.36	68.42	107.36	41.25	191.84	128.92	51.81	0	0	0	0	0	0	0	0	800.14	0
2.6998	128.26	68.42	61.71	109.45	43.34	194.15	131.23	54.12	0	0	0	0	0	0	0	0	790.68	0
2.7098	118.36	62.48	55.11	109.45	43.34	194.15	133.43	56.32	0	0	0	0	0	0	0	0	772.64	0
2.7198	110.22	56.54	51.15	109.45	45.54	196.46	137.94	56.32	0	0	0	0	0	0	0	0	763.62	0
2.7298	101.42	50.82	47.19	111.65	45.54	196.46	140.25	58.63	0	0	0	0	0	0	0	0	751.96	0
2.7398	92.73	45.21	43.23	113.63	47.74	196.46	144.76	60.72	0	0	0	0	0	0	0	0	744.48	0
2.7498	84.04	41.36	39.27	115.72	47.74	196.46	147.07	62.92	0	0	0	0	0	0	0	0	734.58	0
2.7598	77.55	37.62	35.42	117.81	47.74	198.66	149.38	65.12	0	0	0	0	0	0	0	0	729.3	0
2.7698	68.75	33.88	31.46	119.9	49.94	198.66	151.58	65.12	0	0	0	0	0	0	0	0	719.29	0
2.7798	64.46	32.01	29.48	121.99	52.03	198.66	153.89	69.41	0	0	0	0	0	0	0	0	721.93	0
2.7898	57.97	30.14	27.5	126.06	52.03	200.97	158.4	71.61	0	0	0	0	0	0	0	0	724.68	0
2.7998	53.79	26.29	23.54	128.15	54.23	200.97	162.91	73.81	0	0	0	0	0	0	0	0	723.69	0
2.8098	49.61	24.42	21.56	130.24	54.23	203.28	167.53	73.81	0	0	0	0	0	0	0	0	724.68	0
2.8198	45.54	22.55	19.58	132.33	54.23	203.28	169.84	78.21	0	0	0	0	0	0	0	0	725.56	0
2.8298	39.27	18.81	15.73	136.4	56.43	203.28	176.77	80.3	0	0	0	0	0	0	3.96	0	726.99	3.96
2.8398	33.11	15.07	11.77	136.4	56.43	203.28	181.5	84.7	0	0	0	0	0	0	3.96	0	722.26	3.96
2.8498	26.84	13.09	9.79	138.49	58.63	203.28	188.43	86.9	0	0	0	0	0	0	3.96	0	725.45	3.96
2.8598	22.77	9.35	7.81	136.4	56.43	203.28	195.47	89.1	0	0	0	0	0	0	3.96	0	720.61	3.96
2.8698	20.68	7.48	7.81	134.31	56.43	203.28	200.09	93.39	0	0	0	0	0	0	3.96	0	723.47	3.96
2.8798	18.59	7.48	5.83	132.33	56.43	200.97	207.02	97.79	0	0	0	0	0	0	0	0	726.44	0
2.8898	16.5	5.61	3.85	128.15	54.23	200.97	214.06	102.08	0	0	0	0	0	0	0	0	725.45	0
2.8998	14.41	5.61	3.85	121.99	54.23	198.66	223.41	106.48	0	0	0	0	0	0	0	0	728.64	0
2.9098	14.41	5.61	3.85	115.72	52.03	198.66	227.92	110.88	0	0	0	0	0	0	0	0	729.08	0
2.9198	14.41	5.61	3.85	107.36	49.94	196.46	234.85	113.08	4.51	0	0	0	0	0	0	0	725.56	4.51
2.9298	12.32	5.61	0	98.89	47.74	194.15	241.78	115.28	9.13	0	0	0	0	0	0	0	715.77	9.13
2.9398	12.32	3.74	0	88.33	43.34	191.84	248.6	119.9	22.88	0	0	0	0	0	0	0	708.07	22.88
2.9498	10.34	3.74	0	77.66	41.25	189.53	253.22	122.21	59.51	0	0	0	0	0	0	0	697.95	59.51
2.9598	10.34	3.74	0	67.1	39.05	184.91	257.84	124.52	148.5	4.18	7.59	0	0	0	0	0	687.5	160.27
2.9698	8.25	3.74	0	54.34	36.85	175.78	264.66	126.83	213.51	10.45	18.92	0	0	0	0	0	670.45	242.88
2.9798	6.16	3.74	0	41.8	34.65	166.54	271.59	129.03	248.27	27.17	37.95	4.95	0	0	0	0	653.51	318.34
2.9898	6.16	3.74	0	29.26	32.56	152.13	276.21	129.03	275.99	45.98	63.8	12.54	0	0	0	0	629.09	398.31
2.9998	4.07	3.74	0	22.99	30.36	130.57	276.21	131.34	292.71	62.81	85.47	30.14	0	4.95	0	0	599.28	476.08
3.0098	0	0	0	16.72	28.16	102.08	269.28	131.34	323.95	75.57	109.45	40.26	6.27	10.01	8.03	5.5	547.58	579.04
3.0198	0	0	0	14.63	28.16	71.5	241.78	129.03	323.95	77.66	120.67	42.79	12.65	15.07	14.08	8.36	485.1	615.23
3.0298	0	0	0	10.45	28.16	48.73	186.12	124.52	335.83	84.04	139.15	47.85	14.74	22.66	24.2	13.86	397.98	682.33
3.0398	0	0	0	8.36	28.16	33.88	110.66	117.59	347.38	88.33	150.59	50.38	19.03	30.14	34.32	16.72	298.65	736.89
3.0498	0	0	0	6.27	25.96	23.21	58.63	106.48	361.13	94.71	166.76	52.91	19.03	40.26	42.35	16.72	220.55	793.87
3.0598	0	0	0	4.18	23.87	12.65	36.08	89.1	374.88	101.09	178.42	57.97	21.12	47.85	48.4	19.47	165.88	849.2
3.0698	0	0	0	0	17.27	8.47	24.75	69.41	384.01	107.47	185.46	62.92	23.21	55.44	52.47	22.33	119.9	893.31
3.0798	0	0	0	0	12.98	4.18	18.04	33.77	388.63	113.85	190.08	67.98	23.21	62.7	54.45	25.08	68.97	925.98
3.0898	0	0	0	0	6.49	0	11.22	4.51	390.94	120.34	192.39	72.93	23.21	72.27	54.45	27.83	22.22	954.36
3.0998	0	0	0	0	4.29	0	6.71	0	388.63	124.63	190.08	80.41	25.41	79.53	56.54	30.69	11	975.92
3.1098	0	0	0	0	0	0	4.51	0	386.32	131.23	187.77	90.53	25.41	89.1	56.54	33.44	4.51	1000.34
3.1198	0	0	0	0	0	0	0	0	381.7	137.72	185.46	98.01	25.41	96.25	56.54	36.19	0	1017.28
3.1298	0	0	0	0	0	0	0	0	372.57	139.92	180.73	108.02	25.41	103.4	56.54	39.05	0	1025.64
3.1398	0	0	0	0	0	0	0	0	358.82	144.21	173.69	115.5	25.41	108.24	56.54	39.05	0	1021.46
3.1498	0	0	0	0	0	0	0	0	345.07	144.21	166.76	122.98	27.5	115.5	56.54	41.8	0	1020.36
3.1598	0	0	0	0	0	0	0	0	328.79	144.21	159.83	130.46	27.5	120.56	56.54	41.8	0	1009.69
3.1698	0	0	0	0	0	0	0	0	311.96	144.21	152.9	137.94	27.5	125.62	56.54	44.66	0	1001.33
3.1798	0	0	0	0	0	0	0	0	292.71	142.01	143.66	145.42	27.5	130.68	56.54	44.66	0	983.18
3.1898	0	0	0	0	0	0	0	0	273.68	137.72	136.84	152.79	27.5	135.74	58.85	47.41	0	970.53
3.1998	0	0	0	0	0	0	0	0	257.51	133.32	127.6	157.85	29.59	140.8	61.27	47.41	0	955.35
3.2098	0	0	0	0	0	0	0	0	241.34	129.03	120.67	162.8	29.59	145.75	63.69	50.16	0	943.03
3.2198	0	0	0	0	0	0	0	0	227.48	122.54	113.85	167.97	29.59	150.81	66.11	50.16	0	928.51
3.2298	0	0	0	0	0	0	0	0	213.51	118.14	107.25	175.89	29.59	155.87	66.11	53.02	0	919.38
3.2398	0	0	0	0	0	0	0	0	201.74	113.85	102.96	181.17	31.79	163.46	68.42	53.02	0	916.41
3.2498	0	0	0	0	0	0	0	0	187.77	109.56	98.56	186.45	31.79	168.52	70.84	55.77	0	909.26
3.2598	0	0	0	0	0	0	0	0	178.42	103.18	92.07	191.73	31.79	175.67	73.26	58.63	0	904.75
3.2698	0	0	0	0	0	0	0	0	166.76	98.89	87.67	197.12	31.79	182.82	75.68	58.63	0	899.36
3.2798	0	0	0	0	0	0	0	0	155.32	94.71	83.38	202.4	33.88	187.44	75.68	61.49	0	894.3
3.2898	0	0	0	0	0	0	0	0	146.3	88.33	78.98	207.68	33.88	194.59	78.1	64.35	0	892.21
3.2998	0	0	0	0	0	0	0	0	139.48	86.13	76.78	210.32	33.88	199.32	80.41	67.32	0	893.64
3.3098	0	0	0	0	0	0	0	0	130.35	81.95	72.49	215.6	33.88	206.36	82.83	67.32	0	890.78
3.3198	0	0	0	0	0	0	0	0	123.53	75.57	68.09	220.88	35.97	211.09	85.25	70.18	0	890.56
3.3298	0	0	0	0	0	0	0	0	116.71	73.48	63.8	226.27	35.97	218.13	87.67	73.15	0	895.18
3.3398	0	0	0	0	0	0	0	0	107.25	67.1	59.4	231.11	35.97	225.39	87.67	76.01	0	889.9
3.3498	0	0	0	0	0	0	0	0	100.1	62.81	55.11	233.53	35.97	232.76	92.4	78.98	0	891.66
3.3598	0	0	0	0	0	0	0	0	92.95	58.63	51.26	238.37	35.97	240.13	94.82	81.84	0	893.97
3.3698	0	0	0	0	0	0	0	0	85.8	54.34	47.41	240.79	35.97	244.97	99.66	84.81	0	893.75
3.3798	0	0	0	0	0	0	0	0	81.07	50.16	43.67	240.79	38.06	252.34	101.97	87.67	0	895.73
3.3898	0	0	0	0	0	0	0	0	73.81	45.98	39.82	243.21	38.06	257.18	106.81	93.5	0	898.37
3.3998	0	0	0	0	0	0	0	0	66.66	43.89	34.1	243.21	38.06	264.55	111.65	96.36	0	898.48
3.4098	0	0	0	0	0	0	0	0	59.51	39.71	30.36	243.21	38.06	266.97	116.27	99.33	0	893.42
3.4198	0	0	0	0	0	0	0	0	52.58	35.53	26.51	240.79	38.06	271.92	120.89	105.16	0	891.44
3.4298	0	0	0	0	0	0	0	0	45.76	31.35	22.77	238.37	38.06	276.76	125.62	110.99	0	889.68
3.4398	0	0	0	0	0	0	0	0	36.52	27.17	17.05	235.95	38.06	279.29	130.24	113.52	0	877.8
3.4498	0	0	0	0	0	0	0	0	29.7	22.99	13.2	233.53	38.06	281.71	137.17	118.58	0	874.94
3.4598	0	0	0	0	0	0	0	0	25.08	18.81	11.33	226.27	38.06	281.71	141.9	123.64	0	866.8
3.4698	0	0	0	0	0	0	0	0	20.57	16.72	9.46	220.88	35.97	284.13	146.52	128.7	0	862.95
3.4798	0	0	0	0	0	0	0	0	18.26	12.54	5.61	212.96	33.88	284.13	151.14	133.76	0	852.28
3.4898	0	0	0	0	0	0	0	0	15.95	10.45	5.61	202.4	29.59	284.13	155.87	138.82	0	842.82
3.4998	0	0	0	0	0	0	0	0	15.95	10.45	3.74	191.73	27.5	284.13	158.18	143.88	0	835.56
3.5098	6.16	0	0	0	0	0	0	0	13.64	8.36	3.74	178.53	23.21	286.55	162.8	146.41	6.16	823.24
3.5198	16.5	0	0	0	0	0	0	0	13.64	8.36	3.74	162.8	19.03	284.13	165.11	148.94	16.5	805.75
3.5298	37.18	5.61	0	0	0	0	0	0	13.64	6.27	0	147.84	14.74	281.71	167.53	151.47	42.79	783.2
3.5398	160.05	26.29	13.75	4.18	0	0	0	0	11.44	6.27	0	130.46	12.65	279.29	169.95	156.53	204.27	766.59
3.5498	304.7	56.54	39.27	10.45	0	0	0	0	11.44	6.27	0	113.08	10.56	276.76	174.79	159.06	410.96	751.96
3.5598	283.25	68.42	53.13	14.63	0	0	0	0	9.13	6.27	0	92.95	8.47	269.5	179.63	164.12	419.43	730.07
3.5698	267.19	82.28	64.02	27.17	0	0	0	0	9.13	6.27	0	70.4	8.47	257.18	184.58	166.76	440.66	702.79
3.5797	251.02	92.29	70.62	37.62	6.49	6.27	6.71	0	6.82	4.18	0	50.38	8.47	235.18	189.42	169.18	471.02	663.63
3.5897	236.94	98.23	75.13	48.07	8.58	12.65	9.02	0	4.51	4.18	0	35.2	8.47	208.67	191.84	171.71	488.62	624.58
3.5997	238.92	110.22	84.04	58.63	17.27	21.12	11.22	0	4.51	4.18	0	25.19	6.27	173.36	191.84	174.24	541.42	579.59
3.6097	246.95	125.62	95.15	65.01	21.67	35.97	15.73	0	0	0	0	20.13	6.27	128.15	179.63	174.24	606.1	508.42
3.6197	261.14	141.02	108.57	71.28	23.87	48.73	20.24	0	0	0	0	15.07	8.47	89.1	155.87	169.18	674.85	437.69
3.6297	279.29	156.42	121.88	77.66	25.96	62.15	24.75	4.51	0	0	0	12.54	10.56	57.97	118.58	159.06	752.62	358.71
3.6397	294.91	167.53	132.88	81.95	28.16	73.81	31.57	6.71	0	0	0	10.01	10.56	37.73	82.83	143.88	817.52	285.01
3.6497	304.7	173.69	141.68	86.13	28.16	80.85	36.08	9.02	0	0	0	4.95	10.56	22.66	61.27	121.11	860.31	220.55
3.6597	310.53	179.85	148.28	90.42	28.16	90.31	40.59	11.22	0	0	0	0	8.47	15.07	50.38	81.84	899.36	155.76
3.6697	312.4	184.03	152.68	94.6	30.36	99.66	47.3	13.53	0	0	0	0	6.27	10.01	40.37	33.44	934.56	90.09
3.6797	314.38	188.21	154.88	100.98	32.56	106.7	49.61	15.73	0	0	0	0	0	7.48	30.25	19.47	963.05	57.2
3.6897	312.4	192.28	154.88	107.36	32.56	113.85	51.81	18.04	0	0	0	0	0	7.48	18.15	11.11	983.18	36.74
3.6997	306.57	194.37	152.68	113.63	32.56	123.42	54.12	20.24	0	0	0	4.95	0	4.95	10.01	5.5	997.59	25.41
3.7097	296.89	194.37	148.28	121.99	34.65	132.99	56.32	22.55	0	0	0	0	0	4.95	6.05	0	1008.04	11
3.7197	285.23	194.37	141.68	130.24	34.65	142.56	58.63	22.55	0	0	0	0	0	0	6.05	0	1009.91	6.05
3.7297	273.24	190.19	137.28	136.4	34.65	149.71	58.63	24.75	0	0	0	0	0	0	0	0	1004.85	0
3.7397	261.14	184.03	130.68	142.67	36.85	156.97	60.94	27.06	0	0	0	0	0	0	0	0	1000.34	0
3.7497	249.04	177.87	124.08	148.83	36.85	159.28	65.67	29.26	0	0	0	0	0	0	0	0	990.88	0
3.7597	234.85	171.6	117.48	155.1	39.05	166.54	65.67	29.26	0	0	0	0	0	0	0	0	979.55	0
3.7697	220.77	160.82	110.77	159.17	39.05	171.16	68.09	31.57	0	0	0	0	0	0	0	0	961.4	0
3.7797	206.58	152.02	104.06	163.35	41.25	175.78	72.82	31.57	0	0	0	0	0	0	0	0	947.43	0
3.7897	192.39	138.82	95.15	167.53	43.34	178.09	75.13	33.77	0	0	0	0	0	0	0	0	924.22	0
3.7997	178.2	127.82	86.24	169.62	45.54	180.4	77.55	36.08	0	0	0	0	0	0	0	0	901.45	0
3.8097	164.01	116.82	77.33	173.8	45.54	184.91	82.28	36.08	0	0	0	0	0	0	0	0	880.77	0
3.8197	150.15	106.15	70.62	176	47.74	189.53	84.59	38.28	0	0	0	0	0	0	0	0	863.06	0
3.8297	138.16	98.23	64.02	180.18	47.74	191.84	89.32	38.28	0	0	0	0	0	0	0	0	847.77	0
3.8397	126.28	88.33	57.31	182.38	49.94	194.15	91.74	40.59	0	0	0	0	0	0	0	0	830.72	0
3.8497	116.38	80.3	51.15	184.47	49.94	198.66	94.05	42.79	0	0	0	0	0	0	0	0	817.74	0
3.8597	103.62	72.38	47.19	186.56	52.03	203.28	98.78	45.1	0	0	0	0	0	0	0	0	808.94	0
3.8697	92.73	64.46	43.23	188.65	52.03	205.59	101.2	45.1	0	0	0	0	0	0	0	0	792.99	0
3.8797	84.04	58.52	39.27	192.94	52.03	207.9	105.93	47.3	0	0	0	0	0	0	0	0	787.93	0
3.8897	75.35	52.69	33.44	195.03	52.03	210.21	108.24	49.61	0	0	0	0	0	0	0	0	776.6	0
3.8997	66.66	47.08	31.46	197.23	52.03	212.41	110.66	51.81	0	0	0	0	0	0	0	0	769.34	0
3.9097	57.97	41.36	27.5	201.41	52.03	212.41	115.28	51.81	0	0	0	0	0	0	0	0	759.77	0
3.9197	49.61	37.62	23.54	205.7	52.03	214.72	119.79	56.32	0	0	0	0	0	0	0	0	759.33	0
3.9297	45.54	33.88	21.56	207.79	54.23	217.03	124.41	58.63	0	0	0	0	0	0	0	0	763.07	0
3.9397	39.27	30.14	19.58	209.88	54.23	217.03	128.92	60.72	0	0	0	0	0	0	0	0	759.77	0
3.9497	37.18	26.29	17.71	209.88	54.23	217.03	131.23	62.92	0	0	0	0	0	0	0	0	756.47	0
3.9597	35.09	24.42	15.73	212.08	54.23	217.03	135.74	67.32	0	0	0	0	0	0	0	0	761.64	0
3.9697	33.11	22.55	15.73	212.08	52.03	219.34	140.25	69.41	0	0	0	0	0	0	0	0	764.5	0
3.9797	31.02	22.55	13.75	212.08	52.03	219.34	144.76	71.61	0	0	0	0	0	0	0	0	767.14	0
3.9897	28.93	20.68	11.77	212.08	52.03	219.34	147.07	73.81	0	0	0	0	0	0	0	0	765.71	0
3.9997	26.84	18.81	11.77	209.88	52.03	221.65	151.58	76.01	0	0	0	0	0	0	0	0	768.57	0
4.0097	24.75	15.07	9.79	205.7	52.03	221.65	156.09	78.21	0	0	0	0	0	0	0	0	763.29	0
4.0197	22.77	13.09	7.81	201.41	52.03	221.65	160.71	82.5	0	0	0	0	0	0	0	0	761.97	0
4.0297	20.68	11.22	7.81	197.23	49.94	219.34	165.22	82.5	0	0	0	0	0	0	0	0	753.94	0
4.0397	16.5	9.35	5.83	190.85	47.74	219.34	169.84	86.9	0	0	0	0	0	0	0	0	746.35	0
4.0497	14.41	7.48	5.83	184.47	45.54	217.03	174.46	89.1	0	0	0	0	0	0	0	0	738.32	0
4.0597	14.41	7.48	3.85	176	45.54	214.72	179.08	91.19	0	0	0	0	0	0	0	0	732.27	0
4.0697	12.32	7.48	3.85	167.53	43.34	212.41	186.12	95.59	4.51	0	0	0	0	0	0	0	728.64	4.51
4.0797	10.34	5.61	0	157.08	41.25	210.21	193.05	97.79	6.82	0	0	0	0	0	0	0	715.33	6.82
4.0897	10.34	5.61	0	146.74	39.05	207.9	197.78	102.08	13.64	0	0	0	0	0	0	0	709.5	13.64
4.0997	10.34	5.61	0	136.4	36.85	205.59	204.71	104.28	27.39	0	0	0	0	0	0	0	703.78	27.39
4.1097	8.25	5.61	0	123.97	34.65	200.97	209.44	108.68	61.93	0	0	0	0	0	0	0	691.57	61.93
4.1197	8.25	5.61	0	111.65	32.56	196.46	216.37	113.08	157.63	8.36	11.33	0	0	0	0	0	683.98	177.32
4.1297	6.16	5.61	0	98.89	32.56	189.53	223.41	115.28	232.1	22.99	26.51	7.48	0	0	0	0	671.44	289.08
4.1397	4.07	5.61	0	81.95	30.36	182.71	227.92	119.9	248.27	37.62	43.67	10.01	0	0	0	0	652.52	339.57
4.1497	4.07	3.74	0	62.81	28.16	171.16	232.54	122.21	269.06	54.34	65.89	20.13	0	0	0	0	624.69	409.42
4.1597	4.07	3.74	0	48.07	25.96	156.97	237.16	124.52	283.03	69.19	83.38	37.73	0	7.48	0	0	600.49	480.81
4.1697	0	3.74	0	35.53	25.96	135.41	237.16	126.83	302.28	79.86	100.76	45.32	4.18	12.54	3.96	0	564.63	548.9
4.1797	0	3.74	0	29.26	25.96	109.12	227.92	126.83	302.28	81.95	109.45	47.85	8.47	17.6	10.01	8.36	522.83	585.97
4.1897	0	0	0	22.99	25.96	78.54	197.78	126.83	311.96	88.33	122.98	52.91	12.65	27.72	18.15	11.11	452.1	645.81
4.1997	0	0	0	18.81	25.96	55.11	142.56	124.52	321.53	92.51	132.22	55.44	14.74	37.73	26.18	11.11	366.96	691.46
4.2097	0	0	0	14.63	25.96	35.97	79.86	117.59	331.21	98.89	143.66	60.39	16.94	47.85	34.32	16.72	274.01	749.98
4.2197	0	0	0	12.54	23.87	23.21	45.1	102.08	342.76	105.27	152.9	65.45	19.03	57.97	40.37	19.47	206.8	803.22
4.2297	0	0	0	8.36	21.67	14.74	29.26	84.7	351.89	111.65	159.83	70.4	19.03	65.12	44.33	22.33	158.73	844.58
4.2397	0	0	0	6.27	17.27	8.47	22.55	65.12	358.82	118.14	164.45	75.46	21.12	74.69	48.4	25.08	119.68	886.16
4.2497	0	0	0	4.18	10.78	4.18	15.73	33.77	361.13	124.63	166.76	82.94	21.12	81.84	50.38	27.83	68.64	916.63
4.2597	0	0	0	0	6.49	0	9.02	4.51	358.82	129.03	166.76	88	21.12	91.41	52.47	30.69	20.02	938.3
4.2697	0	0	0	0	4.29	0	4.51	0	358.82	135.52	166.76	98.01	21.12	98.67	54.45	33.44	8.8	966.79
4.2797	0	0	0	0	0	0	0	0	356.51	139.92	166.76	105.49	23.21	105.82	54.45	36.19	0	988.35
4.2897	0	0	0	0	0	0	0	0	349.58	144.21	164.45	113.08	23.21	110.66	54.45	39.05	0	998.69
4.2997	0	0	0	0	0	0	0	0	340.45	146.41	162.14	122.98	23.21	118.03	54.45	41.8	0	1009.47
4.3097	0	0	0	0	0	0	0	0	328.79	148.61	155.21	130.46	25.41	125.62	54.45	44.66	0	1013.21
4.3197	0	0	0	0	0	0	0	0	314.38	148.61	150.59	140.36	25.41	133.21	56.54	47.41	0	1016.51
4.3297	0	0	0	0	0	0	0	0	299.86	146.41	143.66	147.84	25.41	138.27	56.54	50.16	0	1008.15
4.3397	0	0	0	0	0	0	0	0	280.72	144.21	136.84	155.32	25.41	145.75	56.54	50.16	0	994.95
4.3497	0	0	0	0	0	0	0	0	264.44	139.92	129.91	165.33	27.5	153.34	58.85	53.02	0	992.31
4.3597	0	0	0	0	0	0	0	0	245.96	137.72	120.67	173.25	27.5	160.93	58.85	55.77	0	980.65
4.3697	0	0	0	0	0	0	0	0	227.48	131.23	113.85	181.17	27.5	165.99	61.27	58.63	0	967.12
4.3797	0	0	0	0	0	0	0	0	211.09	124.63	105.05	191.73	27.5	173.36	61.27	58.63	0	953.26
4.3897	0	0	0	0	0	0	0	0	194.81	118.14	98.56	199.76	27.5	178.09	61.27	61.49	0	939.62
4.3997	0	0	0	0	0	0	0	0	180.73	111.65	89.87	210.32	29.59	185.13	63.69	64.35	0	935.33
4.4097	0	0	0	0	0	0	0	0	166.76	105.27	83.38	218.24	29.59	192.17	63.69	64.35	0	923.45
4.4197	0	0	0	0	0	0	0	0	153.12	98.89	76.78	226.27	29.59	196.9	63.69	67.32	0	912.56
4.4297	0	0	0	0	0	0	0	0	139.48	92.51	70.29	233.53	29.59	203.94	63.69	67.32	0	900.35
4.4397	0	0	0	0	0	0	0	0	128.04	86.13	65.89	240.79	29.59	208.67	63.69	70.18	0	892.98
4.4497	0	0	0	0	0	0	0	0	119.02	79.86	59.4	248.05	29.59	215.82	63.69	73.15	0	888.58
4.4597	0	0	0	0	0	0	0	0	112.09	73.48	55.11	255.31	29.59	220.55	66.11	73.15	0	885.39
4.4697	0	0	0	0	0	0	0	0	102.52	69.19	51.26	260.15	29.59	225.39	66.11	73.15	0	877.36
4.4797	0	0	0	0	0	0	0	0	95.37	64.9	47.41	267.41	29.59	230.34	66.11	76.01	0	877.14
4.4897	0	0	0	0	0	0	0	0	85.8	60.72	43.67	272.25	29.59	237.6	66.11	76.01	0	871.75
4.4997	0	0	0	0	0	0	0	0	78.65	56.43	37.95	277.09	29.59	242.55	68.42	78.98	0	869.66
4.5097	0	0	0	0	0	0	0	0	71.5	52.25	34.1	279.62	29.59	247.39	68.42	81.84	0	864.71
4.5197	0	0	0	0	0	0	0	0	64.35	48.07	30.36	282.15	29.59	252.34	70.84	84.81	0	862.51
4.5297	0	0	0	0	0	0	0	0	59.51	43.89	28.49	284.79	31.79	257.18	70.84	87.67	0	864.16
4.5397	0	0	0	0	0	0	0	0	54.89	41.8	24.64	284.79	31.79	259.71	75.68	87.67	0	860.97
4.5497	0	0	0	0	0	0	0	0	50.27	39.71	22.77	287.32	31.79	264.55	75.68	90.53	0	862.62
4.5597	0	0	0	0	0	0	0	0	45.76	37.62	20.9	287.32	31.79	266.97	80.41	93.5	0	864.27
4.5697	0	0	0	0	0	0	0	0	41.14	33.44	18.92	287.32	31.79	271.92	80.41	96.36	0	861.3
4.5797	0	0	0	0	0	0	0	0	34.32	31.35	15.18	289.85	31.79	274.34	82.83	99.33	0	858.99
4.5897	0	0	0	0	0	0	0	0	32.01	29.26	13.2	287.32	31.79	279.29	85.25	102.19	0	860.31
4.5997	0	0	0	0	0	0	0	0	27.39	25.08	11.33	287.32	31.79	281.71	87.67	105.16	0	857.45
4.6097	0	0	0	0	0	0	0	0	25.08	22.99	11.33	284.79	31.79	284.13	89.98	108.02	0	858.11
4.6197	0	0	0	0	0	0	0	0	22.88	20.9	9.46	282.15	29.59	286.55	94.82	110.99	0	857.34
4.6297	0	0	0	0	0	0	0	0	20.57	16.72	7.59	277.09	29.59	289.08	94.82	113.52	0	848.98
4.6397	0	0	0	0	0	0	0	0	18.26	14.63	5.61	272.25	27.5	291.5	97.24	116.05	0	843.04
4.6497	0	0	0	0	0	0	0	0	15.95	12.54	3.74	264.99	25.41	293.92	99.66	118.58	0	834.79
4.6597	6.16	0	0	0	0	0	0	0	13.64	10.45	3.74	257.73	23.21	296.34	99.66	123.64	6.16	828.41
4.6697	8.25	0	0	0	0	0	0	0	13.64	10.45	3.74	250.47	21.12	298.87	101.97	126.17	8.25	826.43
4.6797	14.41	0	0	0	0	0	0	0	13.64	8.36	0	240.79	19.03	298.87	99.66	128.7	14.41	809.05
4.6897	28.93	0	0	0	0	0	0	0	11.44	8.36	0	226.27	14.74	298.87	99.66	131.23	28.93	790.57
4.6997	90.53	15.07	7.81	0	0	0	0	0	11.44	8.36	0	207.68	12.65	298.87	99.66	133.76	113.41	772.42
4.7097	255.09	39.49	25.52	4.18	0	0	0	0	11.44	8.36	0	189.09	10.56	296.34	101.97	136.29	324.28	754.05
4.7197	293.04	58.52	41.25	8.36	0	0	0	0	9.13	6.27	0	167.97	8.47	291.5	101.97	141.35	401.17	726.66
4.7297	279.29	72.38	53.13	12.54	0	0	0	0	9.13	6.27	0	142.89	8.47	284.13	104.39	146.41	417.34	701.69
4.7397	269.17	86.35	64.02	25.08	0	0	0	0	6.82	6.27	0	113.08	8.47	274.34	106.81	151.47	444.62	667.26
4.7497	259.16	100.21	72.93	33.44	4.29	8.47	4.51	0	6.82	4.18	0	85.47	8.47	257.18	109.23	156.53	483.01	627.88
4.7597	255.09	112.42	79.53	50.16	6.49	14.74	4.51	0	4.51	4.18	0	62.92	8.47	232.76	111.65	159.06	522.94	583.55
4.7697	255.09	127.82	88.55	62.81	12.98	23.21	9.02	0	0	4.18	0	45.32	8.47	199.32	109.23	161.59	579.48	528.11
4.7797	263.12	143.22	99.66	71.28	15.18	38.06	11.22	0	0	4.18	0	35.2	8.47	150.81	101.97	161.59	641.74	462.22
4.7897	277.31	160.82	110.77	79.75	19.47	52.91	13.53	0	0	0	0	27.72	8.47	96.25	87.67	156.53	714.56	376.64
4.7997	293.04	173.69	121.88	88.33	23.87	66.77	18.04	4.51	0	0	0	22.66	10.56	55.44	66.11	143.88	790.13	298.65
4.8097	306.57	184.03	135.08	94.6	25.96	76.23	22.55	6.71	0	0	0	17.6	10.56	32.67	54.45	126.17	851.73	241.45
4.8197	310.53	188.21	139.48	98.89	28.16	88	27.06	9.02	0	0	0	10.01	8.47	20.13	46.42	90.53	889.35	175.56
4.8297	314.38	194.37	146.08	105.27	28.16	97.35	33.77	9.02	0	0	0	7.48	6.27	15.07	38.28	41.8	928.4	108.9
4.8397	314.38	196.46	148.28	109.45	30.36	106.7	38.28	13.53	0	0	0	7.48	4.18	10.01	30.25	19.47	957.44	71.39
4.8497	314.38	198.55	150.48	115.72	32.56	113.85	42.79	13.53	0	0	0	7.48	0	10.01	20.13	13.86	981.86	51.48
4.8597	310.53	198.55	148.28	119.9	34.65	123.42	47.3	15.73	0	0	0	7.48	0	7.48	10.01	5.5	998.36	30.47
4.8697	300.74	198.55	146.08	126.06	34.65	130.57	49.61	18.04	0	0	0	7.48	0	4.95	6.05	0	1004.3	18.48
4.8797	289.08	194.37	139.48	134.31	36.85	137.72	51.81	20.24	0	0	0	7.48	0	4.95	3.96	0	1003.86	16.39
4.8897	277.31	192.28	135.08	140.58	36.85	144.98	54.12	20.24	0	0	0	4.95	0	4.95	0	0	1001.44	9.9
4.8997	265.21	186.12	128.48	146.74	39.05	152.13	58.63	22.55	0	0	0	4.95	0	0	0	0	998.91	4.95
4.9097	253	179.85	121.88	150.92	41.25	156.97	60.94	22.55	0	0	0	0	0	0	0	0	987.36	0
4.9197	238.92	171.6	117.48	155.1	41.25	161.7	63.36	24.75	0	0	0	0	0	0	0	0	974.16	0
4.9297	226.82	163.02	110.77	159.17	43.34	166.54	68.09	24.75	0	0	0	0	0	0	0	0	962.5	0
4.9397	212.63	154.22	104.06	161.26	45.54	171.16	70.4	27.06	0	0	0	0	0	0	0	0	946.33	0
4.9497	200.53	143.22	97.46	165.44	47.74	175.78	75.13	27.06	0	0	0	0	0	0	0	0	932.36	0
4.9597	184.25	132.22	90.75	169.62	47.74	178.09	77.55	29.26	0	0	0	0	0	0	0	0	909.48	0
4.9697	172.15	121.22	81.84	171.71	49.94	182.71	82.28	31.57	0	0	0	0	0	0	0	0	893.42	0
4.9797	158.07	110.22	75.13	173.8	49.94	187.22	87.01	33.77	0	0	0	0	0	0	0	0	875.16	0
4.9897	144.21	100.21	66.22	178.09	52.03	191.84	89.32	36.08	0	0	0	0	0	0	0	0	858	0
4.9997	132.22	90.31	59.51	180.18	52.03	196.46	94.05	38.28	0	0	0	0	0	0	0	0	843.04	0
5.0096	118.36	82.28	53.13	182.38	52.03	198.66	98.78	40.59	0	0	0	0	0	0	0	0	826.21	0
5.0196	108.02	72.38	49.17	184.47	52.03	203.28	103.51	42.79	0	0	0	0	0	0	0	0	815.65	0
5.0296	97.13	64.46	45.21	186.56	54.23	205.59	105.93	47.3	0	0	0	0	0	0	0	0	806.41	0
5.0396	84.04	56.54	39.27	188.65	54.23	210.21	110.66	49.61	0	0	0	0	0	0	0	0	793.21	0
5.0496	73.15	48.95	35.42	190.85	54.23	210.21	113.08	51.81	0	0	0	0	0	0	0	0	777.7	0
5.0596	64.46	43.34	29.48	195.03	54.23	212.41	117.59	56.32	0	0	0	0	0	0	0	0	772.86	0
5.0696	55.88	37.62	25.52	197.23	54.23	212.41	122.1	58.63	0	0	0	0	0	0	0	0	763.62	0
5.0796	47.52	33.88	21.56	197.23	54.23	212.41	126.61	60.72	0	0	0	0	0	0	0	0	754.16	0
5.0896	41.36	28.16	19.58	199.32	54.23	214.72	131.23	65.12	0	0	0	0	0	0	0	0	753.72	0
5.0996	37.18	26.29	17.71	199.32	54.23	214.72	137.94	67.32	0	0	0	0	0	0	0	0	754.71	0
5.1096	35.09	24.42	15.73	199.32	54.23	214.72	142.56	69.41	0	0	0	0	0	0	0	0	755.48	0
5.1196	33.11	22.55	15.73	199.32	54.23	214.72	144.76	73.81	0	0	0	0	0	0	0	0	758.23	0
5.1296	31.02	20.68	13.75	199.32	52.03	214.72	149.38	76.01	0	0	0	0	0	0	0	0	756.91	0
5.1396	28.93	18.81	11.77	199.32	54.23	214.72	153.89	78.21	0	0	0	0	0	0	0	0	759.88	0
5.1496	26.84	16.94	11.77	197.23	52.03	214.72	156.09	80.3	0	0	0	0	0	0	0	0	755.92	0
5.1596	24.75	15.07	9.79	195.03	52.03	214.72	160.71	80.3	0	0	0	0	0	0	0	0	752.4	0
5.1696	22.77	13.09	7.81	190.85	49.94	214.72	162.91	82.5	0	0	0	0	0	0	0	0	744.59	0
5.1796	20.68	11.22	7.81	186.56	49.94	217.03	167.53	84.7	0	0	0	0	0	0	0	0	745.47	0
5.1896	18.59	9.35	5.83	182.38	47.74	214.72	169.84	89.1	0	0	0	0	0	0	0	0	737.55	0
5.1996	16.5	7.48	5.83	178.09	47.74	214.72	172.15	91.19	0	0	0	0	0	0	0	0	733.7	0
5.2096	14.41	7.48	3.85	171.71	45.54	214.72	176.77	93.39	0	0	0	0	0	0	0	0	727.87	0
5.2196	12.32	7.48	3.85	163.35	43.34	214.72	179.08	95.59	0	0	0	0	0	0	0	0	719.73	0
5.2296	12.32	5.61	3.85	155.1	41.25	212.41	183.81	99.99	0	0	0	0	0	0	0	0	714.34	0
5.2396	12.32	5.61	0	146.74	41.25	210.21	186.12	104.28	4.51	0	0	0	0	0	0	0	706.53	4.51
5.2496	10.34	5.61	0	138.49	39.05	210.21	190.74	108.68	9.13	0	0	0	0	0	0	0	703.12	9.13
5.2596	10.34	5.61	0	128.15	36.85	207.9	193.05	110.88	13.64	0	0	0	0	0	0	0	692.78	13.64
5.2696	10.34	5.61	0	119.9	34.65	205.59	195.47	115.28	29.7	0	0	0	0	0	0	0	686.84	29.7
5.2796	8.25	3.74	0	109.45	32.56	203.28	195.47	119.9	71.5	0	3.74	0	0	0	0	0	672.65	75.24
5.2896	6.16	5.61	0	98.89	30.36	198.66	197.78	119.9	169.07	8.36	13.2	0	0	0	0	0	657.36	190.63
5.2996	4.07	3.74	0	86.13	28.16	194.15	197.78	124.52	227.48	18.81	26.51	7.48	0	0	0	0	638.55	280.28
5.3096	4.07	3.74	0	71.28	28.16	187.22	197.78	126.83	255.2	37.62	45.54	10.01	0	0	0	0	619.08	348.37
5.3196	0	3.74	0	56.54	25.96	173.47	197.78	129.03	278.3	56.43	70.29	17.6	0	0	0	0	586.52	422.62
5.3296	0	3.74	0	41.8	25.96	159.28	195.47	131.34	295.13	71.28	87.67	37.73	0	4.95	0	0	557.59	496.76
5.3396	0	3.74	0	33.44	25.96	135.41	186.12	133.65	316.69	81.95	105.05	45.32	0	10.01	0	0	518.32	559.02
5.3496	0	0	0	27.17	25.96	104.39	167.53	133.65	314.38	84.04	111.65	50.38	6.27	15.07	8.03	5.5	458.7	595.32
5.3596	0	0	0	22.99	25.96	69.19	128.92	135.96	326.37	90.42	125.29	55.44	10.56	25.19	14.08	8.36	383.02	655.71
5.3696	0	0	0	18.81	25.96	46.53	79.86	131.34	335.83	96.8	139.15	60.39	14.74	32.67	24.2	11.11	302.5	714.89
5.3796	0	0	0	14.63	23.87	29.59	47.3	117.59	351.89	103.18	150.59	62.92	16.94	42.79	30.25	13.86	232.98	772.42
5.3896	0	0	0	10.45	21.67	19.03	31.57	99.99	365.64	107.47	164.45	65.45	19.03	52.91	36.3	13.86	182.71	825.11
5.3996	0	0	0	6.27	19.47	8.47	22.55	80.3	374.88	111.65	173.69	67.98	19.03	60.28	42.35	19.47	137.06	869.33
5.4096	0	0	0	4.18	12.98	4.18	18.04	47.3	379.39	115.94	180.73	70.4	21.12	67.54	44.33	19.47	86.68	898.92
5.4196	0	0	0	0	6.49	4.18	11.22	13.53	381.7	120.34	185.46	75.46	21.12	74.69	48.4	22.33	35.42	929.5
5.4296	0	0	0	0	4.29	0	6.71	0	381.7	122.54	187.77	80.41	21.12	81.84	52.47	27.83	11	955.68
5.4396	0	0	0	0	0	0	0	0	381.7	126.83	190.08	85.47	23.21	89.1	54.45	30.69	0	981.53
5.4496	0	0	0	0	0	0	0	0	377.08	129.03	187.77	90.53	23.21	96.25	56.54	33.44	0	993.85
5.4596	0	0	0	0	0	0	0	0	372.57	131.23	185.46	98.01	23.21	101.09	56.54	36.19	0	1004.3
5.4696	0	0	0	0	0	0	0	0	363.33	133.32	180.73	102.96	23.21	108.24	58.85	39.05	0	1009.69
5.4796	0	0	0	0	0	0	0	0	351.89	133.32	176.11	108.02	25.41	113.08	58.85	41.8	0	1008.48
5.4896	0	0	0	0	0	0	0	0	338.14	133.32	171.38	113.08	25.41	118.03	61.27	41.8	0	1002.43
5.4996	0	0	0	0	0	0	0	0	326.37	133.32	164.45	118.03	25.41	120.56	61.27	44.66	0	994.07
5.5096	0	0	0	0	0	0	0	0	314.38	131.23	159.83	120.45	25.41	125.62	61.27	44.66	0	982.85
5.5196	0	0	0	0	0	0	0	0	299.86	129.03	152.9	125.51	27.5	130.68	63.69	47.41	0	976.58
5.5296	0	0	0	0	0	0	0	0	285.45	126.83	145.97	130.46	27.5	133.21	63.69	47.41	0	960.52
5.5396	0	0	0	0	0	0	0	0	271.37	122.54	139.15	135.41	27.5	138.27	66.11	50.16	0	950.51
5.5496	0	0	0	0	0	0	0	0	259.82	120.34	134.53	137.94	27.5	143.22	66.11	50.16	0	939.62
5.5596	0	0	0	0	0	0	0	0	245.96	118.14	127.6	142.89	27.5	148.28	68.42	53.02	0	931.81
5.5696	0	0	0	0	0	0	0	0	232.1	113.85	120.67	147.84	29.59	153.34	68.42	53.02	0	918.83
5.5796	0	0	0	0	0	0	0	0	218.13	109.56	116.05	152.79	29.59	158.4	70.84	55.77	0	911.13
5.5896	0	0	0	0	0	0	0	0	206.47	105.27	109.45	157.85	29.59	165.99	73.26	58.63	0	906.51
5.5996	0	0	0	0	0	0	0	0	192.39	101.09	102.96	165.33	29.59	173.36	73.26	61.49	0	899.47
5.6096	0	0	0	0	0	0	0	0	178.42	96.8	96.36	170.61	31.79	180.4	75.68	64.35	0	894.41
5.6196	0	0	0	0	0	0	0	0	164.45	90.42	92.07	178.53	31.79	187.44	78.1	67.32	0	890.12
5.6296	0	0	0	0	0	0	0	0	153.12	86.13	85.47	183.81	33.88	194.59	82.83	70.18	0	890.01
5.6396	0	0	0	0	0	0	0	0	141.68	79.86	78.98	191.73	33.88	201.63	85.25	73.15	0	886.16
5.6496	0	0	0	0	0	0	0	0	130.35	73.48	74.69	197.12	33.88	208.67	87.67	78.98	0	884.84
5.6596	0	0	0	0	0	0	0	0	121.22	69.19	68.09	202.4	33.88	215.82	89.98	81.84	0	882.42
5.6696	0	0	0	0	0	0	0	0	112.09	64.9	61.6	207.68	33.88	222.97	92.4	81.84	0	877.36
5.6796	0	0	0	0	0	0	0	0	104.94	60.72	57.2	212.96	33.88	230.34	94.82	84.81	0	879.67
5.6896	0	0	0	0	0	0	0	0	95.37	56.43	53.13	218.24	35.97	235.18	99.66	87.67	0	881.65
5.6996	0	0	0	0	0	0	0	0	88.22	52.25	47.41	220.88	35.97	242.55	104.39	90.53	0	882.2
5.7096	0	0	0	0	0	0	0	0	78.65	48.07	43.67	223.52	35.97	249.92	109.23	93.5	0	882.53
5.7196	0	0	0	0	0	0	0	0	71.5	43.89	37.95	223.52	35.97	254.76	113.96	96.36	0	877.91
5.7296	0	0	0	0	0	0	0	0	64.35	39.71	34.1	226.27	38.06	262.13	120.89	102.19	0	887.7
5.7396	0	0	0	0	0	0	0	0	57.2	37.62	30.36	226.27	35.97	266.97	125.62	105.16	0	885.17
5.7496	0	0	0	0	0	0	0	0	50.27	33.44	26.51	226.27	38.06	269.5	130.24	110.99	0	885.28
5.7596	0	0	0	0	0	0	0	0	41.14	29.26	22.77	223.52	38.06	274.34	137.17	116.05	0	882.31
5.7696	0	0	0	0	0	0	0	0	32.01	25.08	17.05	220.88	35.97	274.34	144.21	118.58	0	868.12
5.7796	0	0	0	0	0	0	0	0	27.39	20.9	13.2	215.6	38.06	276.76	151.14	123.64	0	866.69
5.7896	0	0	0	0	0	0	0	0	22.88	16.72	11.33	210.32	35.97	279.29	155.87	128.7	0	861.08
5.7996	0	0	0	0	0	0	0	0	20.57	14.63	7.59	202.4	33.88	279.29	160.49	133.76	0	852.61
5.8096	0	0	0	0	0	0	0	0	15.95	10.45	5.61	194.37	31.79	281.71	165.11	136.29	0	841.28
5.8196	0	0	0	0	0	0	0	0	15.95	10.45	3.74	186.45	27.5	281.71	167.53	141.35	0	834.68
5.8296	4.07	0	0	0	0	0	0	0	15.95	10.45	3.74	173.25	23.21	281.71	169.95	143.88	4.07	822.14
5.8396	10.34	0	0	0	0	0	0	0	13.64	8.36	3.74	160.27	21.12	281.71	172.37	143.88	10.34	805.09
5.8496	20.68	0	0	0	0	0	0	0	13.64	6.27	0	147.84	16.94	279.29	172.37	146.41	20.68	782.76
5.8596	68.75	9.35	3.85	0	0	0	0	0	13.64	6.27	0	132.88	12.65	279.29	174.79	148.94	81.95	768.46
5.8696	232.87	33.88	23.54	4.18	0	0	0	0	11.44	6.27	0	118.03	10.56	274.34	174.79	154	294.47	749.43
5.8796	289.08	52.69	41.25	8.36	0	0	0	0	11.44	6.27	0	102.96	8.47	271.92	177.21	156.53	391.38	734.8
5.8896	267.19	66.44	55.11	14.63	0	0	0	0	9.13	6.27	0	85.47	8.47	264.55	177.21	159.06	403.37	710.16
5.8996	255.09	80.3	64.02	27.17	0	0	0	0	9.13	4.18	0	65.45	6.27	249.92	179.63	164.12	426.58	678.7
5.9096	244.97	88.33	68.42	35.53	4.29	8.47	4.51	0	6.82	4.18	0	50.38	6.27	232.76	182.16	166.76	454.52	649.33
5.9196	232.87	94.27	70.62	45.98	8.58	12.65	4.51	0	6.82	4.18	0	35.2	6.27	208.67	184.58	166.76	469.48	612.48
5.9296	232.87	104.17	79.53	56.54	12.98	21.12	9.02	0	4.51	0	0	25.19	6.27	175.67	182.16	166.76	516.23	560.56
5.9396	236.94	119.02	88.55	65.01	17.27	33.88	11.22	0	0	0	0	20.13	6.27	133.21	169.95	166.76	571.89	496.32
5.9496	249.04	132.22	97.46	71.28	21.67	48.73	13.53	0	0	0	0	15.07	6.27	96.25	148.83	159.06	633.93	425.48
5.9596	263.12	145.42	110.77	79.75	23.87	59.73	18.04	4.51	0	0	0	12.54	8.47	67.54	118.58	154	705.21	361.13
5.9696	277.31	158.62	121.88	86.13	25.96	71.5	22.55	6.71	0	0	0	10.01	10.56	45.32	85.25	138.82	770.66	289.96
5.9796	287.21	165.22	128.48	92.51	28.16	80.85	29.26	11.22	0	0	0	4.95	10.56	27.72	61.27	118.58	822.91	223.08
5.9896	291.06	171.6	135.08	98.89	28.16	92.62	36.08	11.22	0	0	0	0	8.47	17.6	50.38	90.53	864.71	166.98
5.9996	293.04	175.78	139.48	105.27	30.36	102.08	40.59	15.73	0	0	0	0	6.27	12.54	42.35	44.66	902.33	105.82
6.0096	293.04	179.85	141.68	113.63	32.56	111.43	45.1	18.04	0	0	0	0	4.18	10.01	32.23	22.33	935.33	68.75
6.0196	289.08	184.03	141.68	119.9	34.65	121	51.81	20.24	0	0	0	0	0	7.48	22.11	13.86	962.39	43.45
6.0296	285.23	184.03	141.68	128.15	36.85	130.57	54.12	22.55	0	0	0	4.95	0	4.95	12.1	5.5	983.18	27.5
6.0396	277.31	184.03	137.28	136.4	36.85	140.14	56.32	24.75	0	0	0	4.95	0	4.95	8.03	0	993.08	17.93
6.0496	267.19	184.03	132.88	144.76	39.05	149.71	60.94	27.06	0	0	0	0	0	4.95	6.05	0	1005.62	11
6.0596	257.07	179.85	128.48	153.01	39.05	159.28	63.36	29.26	0	0	0	0	0	0	3.96	0	1009.36	3.96
6.0696	244.97	173.69	124.08	161.26	41.25	166.54	68.09	31.57	0	0	0	0	0	0	3.96	0	1011.45	3.96
6.0796	232.87	167.53	117.48	167.53	43.34	173.47	70.4	33.77	0	0	0	0	0	0	0	0	1006.39	0
6.0896	220.77	158.62	110.77	173.8	45.54	178.09	75.13	36.08	0	0	0	0	0	0	0	0	998.8	0
6.0996	206.58	149.82	104.06	178.09	45.54	182.71	77.55	38.28	0	0	0	0	0	0	0	0	982.63	0
6.1096	194.37	138.82	97.46	182.38	47.74	184.91	82.28	40.59	0	0	0	0	0	0	0	0	968.55	0
6.1196	180.18	127.82	88.55	184.47	49.94	189.53	84.59	42.79	0	0	0	0	0	0	0	0	947.87	0
6.1296	166.1	116.82	81.84	186.56	49.94	191.84	89.32	42.79	0	0	0	0	0	0	0	0	925.21	0
6.1396	152.13	106.15	72.93	188.65	52.03	194.15	91.74	45.1	0	0	0	0	0	0	0	0	902.88	0
6.1496	140.25	96.25	66.22	190.85	52.03	198.66	96.47	45.1	0	0	0	0	0	0	0	0	885.83	0
6.1596	128.26	86.35	59.51	190.85	54.23	198.66	101.2	47.3	0	0	0	0	0	0	0	0	866.36	0
6.1696	118.36	78.32	55.11	190.85	54.23	200.97	103.51	49.61	0	0	0	0	0	0	0	0	850.96	0
6.1796	105.82	70.4	51.15	192.94	54.23	203.28	105.93	49.61	0	0	0	0	0	0	0	0	833.36	0
6.1896	97.13	62.48	45.21	192.94	56.43	205.59	110.66	51.81	0	0	0	0	0	0	0	0	822.25	0
6.1996	86.24	56.54	41.25	192.94	56.43	207.9	113.08	54.12	0	0	0	0	0	0	0	0	808.5	0
6.2096	75.35	48.95	37.29	192.94	56.43	207.9	117.59	56.32	0	0	0	0	0	0	0	0	792.77	0
6.2196	64.46	43.34	33.44	192.94	58.63	210.21	119.79	56.32	0	0	0	0	0	0	0	0	779.13	0
6.2296	57.97	39.49	27.5	195.03	58.63	210.21	126.61	60.72	0	0	0	0	0	0	0	0	776.16	0
6.2396	49.61	33.88	23.54	195.03	58.63	210.21	128.92	60.72	0	0	0	0	0	0	0	0	760.54	0
6.2496	43.45	30.14	19.58	195.03	58.63	210.21	133.43	65.12	0	0	0	0	0	0	0	0	755.59	0
6.2596	39.27	26.29	19.58	195.03	58.63	210.21	137.94	67.32	0	0	0	0	0	0	0	0	754.27	0
6.2696	35.09	24.42	17.71	195.03	58.63	210.21	144.76	69.41	0	0	0	0	0	0	0	0	755.26	0
6.2796	33.11	22.55	15.73	195.03	58.63	210.21	147.07	71.61	0	0	0	0	0	0	0	0	753.94	0
6.2896	31.02	20.68	13.75	192.94	58.63	210.21	151.58	73.81	0	0	0	0	0	0	0	0	752.62	0
6.2996	28.93	18.81	13.75	192.94	58.63	212.41	156.09	76.01	0	0	0	0	0	0	0	0	757.57	0
6.3096	26.84	16.94	11.77	190.85	58.63	212.41	160.71	78.21	0	0	0	0	0	0	0	0	756.36	0
6.3196	24.75	15.07	11.77	188.65	58.63	212.41	165.22	80.3	0	0	0	0	0	0	0	0	756.8	0
6.3296	22.77	15.07	9.79	186.56	58.63	212.41	167.53	82.5	0	0	0	0	0	0	0	0	755.26	0
6.3396	22.77	13.09	7.81	184.47	56.43	212.41	169.84	84.7	0	0	0	0	0	0	0	0	751.52	0
6.3496	20.68	11.22	7.81	182.38	56.43	212.41	174.46	86.9	0	0	0	0	0	0	0	0	752.29	0
6.3596	18.59	9.35	5.83	178.09	54.23	212.41	176.77	89.1	0	0	0	0	0	0	0	0	744.37	0
6.3696	16.5	9.35	5.83	173.8	54.23	212.41	183.81	91.19	0	0	0	0	0	0	0	0	747.12	0
6.3796	14.41	7.48	5.83	167.53	52.03	212.41	186.12	93.39	0	0	0	0	0	0	0	0	739.2	0
6.3896	14.41	5.61	3.85	163.35	49.94	210.21	190.74	95.59	0	0	0	0	0	0	0	0	733.7	0
6.3996	12.32	5.61	3.85	155.1	47.74	210.21	195.47	99.99	0	0	0	0	0	0	0	0	730.29	0
6.4096	12.32	5.61	3.85	148.83	47.74	207.9	200.09	102.08	0	0	0	0	0	0	0	0	728.42	0
6.4196	10.34	5.61	0	140.58	45.54	207.9	204.71	106.48	0	0	0	0	0	0	0	0	721.16	0
6.4295	10.34	5.61	0	132.33	43.34	205.59	207.02	110.88	0	0	0	0	0	0	0	0	715.11	0
6.4395	10.34	5.61	0	121.99	41.25	203.28	211.75	115.28	4.51	0	0	0	0	0	0	0	709.5	4.51
6.4495	8.25	5.61	0	113.63	39.05	200.97	214.06	117.59	11.44	0	0	0	0	0	0	0	699.16	11.44
6.4595	8.25	3.74	0	103.07	34.65	198.66	216.37	122.21	27.39	0	0	0	0	0	0	0	686.95	27.39
6.4695	6.16	3.74	0	92.51	32.56	196.46	216.37	124.52	69.08	0	3.74	0	0	0	0	0	672.32	72.82
6.4795	6.16	3.74	0	84.04	30.36	191.84	218.68	126.83	171.38	8.36	13.2	0	0	0	0	0	661.65	192.94
6.4895	4.07	3.74	0	71.28	28.16	187.22	216.37	131.34	232.1	22.99	32.23	7.48	0	0	0	0	642.18	294.8
6.4995	4.07	3.74	0	58.63	25.96	178.09	216.37	133.65	262.13	43.89	55.11	12.54	0	0	0	0	620.51	373.67
6.5095	0	3.74	0	43.89	25.96	168.96	214.06	135.96	285.45	60.72	81.18	25.19	0	4.95	0	0	592.57	457.49
6.5195	0	3.74	0	33.44	25.96	149.71	209.44	135.96	309.54	73.48	100.76	37.73	0	7.48	0	0	558.25	528.99
6.5295	0	0	0	27.17	25.96	123.42	200.09	138.27	316.69	77.66	111.65	40.26	4.18	12.54	6.05	0	514.91	569.03
6.5395	0	0	0	22.99	25.96	92.62	174.46	138.27	316.69	79.86	118.36	42.79	8.47	17.6	14.08	5.5	454.3	603.35
6.5495	0	0	0	18.81	25.96	62.15	128.92	138.27	323.95	84.04	129.91	45.32	12.65	25.19	20.13	8.36	374.11	649.55
6.5595	0	0	0	14.63	23.87	42.35	75.13	131.34	333.63	88.33	141.35	47.85	12.65	32.67	28.27	8.36	287.32	693.11
6.5695	0	0	0	12.54	23.87	25.41	42.79	115.28	349.58	94.71	150.59	47.85	14.74	40.26	34.32	11.11	219.89	743.16
6.5795	0	0	0	8.36	19.47	14.74	29.26	97.79	363.33	96.8	162.14	50.38	14.74	47.85	38.28	13.86	169.62	787.38
6.5895	0	0	0	4.18	15.18	8.47	22.55	76.01	374.88	101.09	171.38	52.91	16.94	55.44	42.35	16.72	126.39	831.71
6.5995	0	0	0	4.18	8.58	6.27	15.73	42.79	384.01	105.27	178.42	55.44	19.03	60.28	44.33	16.72	77.55	863.5
6.6095	0	0	0	0	4.29	4.18	9.02	11.22	386.32	109.56	183.04	60.39	19.03	67.54	46.42	19.47	28.71	891.77
6.6195	0	0	0	0	0	0	4.51	0	388.63	113.85	185.46	62.92	19.03	72.27	48.4	22.33	4.51	912.89
6.6295	0	0	0	0	0	0	0	0	390.94	115.94	187.77	67.98	19.03	79.53	50.38	25.08	0	936.65
6.6395	0	0	0	0	0	0	0	0	388.63	120.34	187.77	72.93	21.12	86.68	50.38	27.83	0	955.68
6.6495	0	0	0	0	0	0	0	0	386.32	124.63	187.77	77.99	21.12	91.41	52.47	30.69	0	972.4
6.6595	0	0	0	0	0	0	0	0	379.39	126.83	185.46	82.94	21.12	96.25	54.45	33.44	0	979.88
6.6695	0	0	0	0	0	0	0	0	370.26	126.83	183.04	88	21.12	101.09	56.54	36.19	0	983.07
6.6795	0	0	0	0	0	0	0	0	358.82	129.03	178.42	92.95	23.21	108.24	56.54	39.05	0	986.26
6.6895	0	0	0	0	0	0	0	0	347.38	126.83	173.69	98.01	23.21	113.08	58.85	39.05	0	980.1
6.6995	0	0	0	0	0	0	0	0	333.63	126.83	169.07	102.96	23.21	118.03	61.27	41.8	0	976.8
6.7095	0	0	0	0	0	0	0	0	319.11	124.63	162.14	105.49	23.21	123.09	63.69	44.66	0	966.02
6.7195	0	0	0	0	0	0	0	0	302.28	122.54	157.52	110.55	25.41	128.15	66.11	47.41	0	959.97
6.7295	0	0	0	0	0	0	0	0	287.87	118.14	150.59	115.5	25.41	135.74	68.42	50.16	0	951.83
6.7395	0	0	0	0	0	0	0	0	271.37	113.85	143.66	118.03	25.41	140.8	70.84	53.02	0	936.98
6.7495	0	0	0	0	0	0	0	0	255.2	111.65	139.15	120.45	27.5	148.28	75.68	55.77	0	933.68
6.7595	0	0	0	0	0	0	0	0	239.03	105.27	132.22	122.98	27.5	153.34	78.1	58.63	0	917.07
6.7695	0	0	0	0	0	0	0	0	225.17	101.09	125.29	125.51	29.59	160.93	82.83	64.35	0	914.76
6.7795	0	0	0	0	0	0	0	0	211.09	96.8	118.36	130.46	29.59	168.52	87.67	67.32	0	909.81
6.7895	0	0	0	0	0	0	0	0	197.12	90.42	113.85	132.88	29.59	178.09	92.4	70.18	0	904.53
6.7995	0	0	0	0	0	0	0	0	183.04	86.13	107.25	135.41	31.79	185.13	97.24	76.01	0	902
6.8095	0	0	0	0	0	0	0	0	169.07	81.95	100.76	140.36	31.79	192.17	104.39	78.98	0	899.47
6.8195	0	0	0	0	0	0	0	0	157.63	75.57	94.27	142.89	31.79	199.32	109.23	81.84	0	892.54
6.8295	0	0	0	0	0	0	0	0	146.3	71.28	87.67	145.42	33.88	206.36	111.65	84.81	0	887.37
6.8395	0	0	0	0	0	0	0	0	134.86	67.1	81.18	150.37	33.88	213.4	116.27	87.67	0	884.73
6.8495	0	0	0	0	0	0	0	0	125.84	62.81	74.69	152.79	35.97	220.55	120.89	90.53	0	884.07
6.8595	0	0	0	0	0	0	0	0	116.71	58.63	68.09	157.85	35.97	225.39	125.62	93.5	0	881.76
6.8695	0	0	0	0	0	0	0	0	107.25	54.34	63.8	160.27	35.97	232.76	130.24	96.36	0	880.99
6.8795	0	0	0	0	0	0	0	0	97.79	52.25	59.4	165.33	35.97	237.6	132.55	99.33	0	880.22
6.8895	0	0	0	0	0	0	0	0	90.53	48.07	53.13	167.97	38.06	244.97	137.17	102.19	0	882.09
6.8995	0	0	0	0	0	0	0	0	83.38	43.89	49.39	170.61	38.06	249.92	141.9	105.16	0	882.31
6.9095	0	0	0	0	0	0	0	0	76.23	39.71	43.67	173.25	35.97	254.76	146.52	110.99	0	881.1
6.9195	0	0	0	0	0	0	0	0	69.08	37.62	39.82	173.25	38.06	259.71	151.14	113.52	0	882.2
6.9295	0	0	0	0	0	0	0	0	59.51	33.44	34.1	175.89	38.06	264.55	158.18	116.05	0	879.78
6.9395	0	0	0	0	0	0	0	0	52.58	29.26	30.36	173.25	38.06	266.97	162.8	118.58	0	871.86
6.9495	0	0	0	0	0	0	0	0	45.76	25.08	24.64	173.25	38.06	269.5	169.95	121.11	0	867.35
6.9595	0	0	0	0	0	0	0	0	36.52	22.99	18.92	170.61	38.06	271.92	174.79	126.17	0	859.98
6.9695	4.07	0	0	0	0	0	0	0	27.39	18.81	15.18	167.97	33.88	271.92	182.16	128.7	4.07	846.01
6.9795	8.25	0	0	0	0	0	0	0	25.08	16.72	11.33	162.8	33.88	271.92	189.42	133.76	8.25	844.91
6.9895	12.32	0	0	0	0	0	0	0	20.57	12.54	9.46	155.32	31.79	271.92	194.37	138.82	12.32	834.79
6.9995	18.59	0	0	0	0	0	0	0	18.26	10.45	7.59	147.84	29.59	271.92	199.21	141.35	18.59	826.21
7.0095	28.93	3.74	0	0	0	0	0	0	15.95	8.36	5.61	140.36	27.5	269.5	201.63	143.88	32.67	812.79
7.0195	55.88	11.22	3.85	0	0	0	0	0	13.64	6.27	5.61	127.93	23.21	269.5	204.05	143.88	70.95	794.09
7.0295	132.22	26.29	19.58	0	0	0	0	0	13.64	8.36	3.74	118.03	19.03	266.97	204.05	146.41	178.09	780.23
7.0395	198.44	45.21	37.29	6.27	0	0	0	0	13.64	6.27	3.74	105.49	16.94	266.97	204.05	148.94	287.21	766.04
7.0495	214.61	52.69	43.23	12.54	0	0	0	0	11.44	6.27	0	92.95	12.65	259.71	206.47	148.94	323.07	738.43
7.0595	202.51	56.54	45.21	22.99	0	0	0	0	11.44	6.27	0	75.46	10.56	252.34	206.47	148.94	327.25	711.48
7.0695	192.39	64.46	51.15	29.26	6.49	8.47	4.51	0	11.44	4.18	0	60.39	8.47	242.55	206.47	151.47	356.73	684.97
7.0795	186.34	72.38	57.31	39.71	12.98	14.74	9.02	0	9.13	4.18	0	45.32	6.27	230.34	209	151.47	392.48	655.71
7.0895	186.34	80.3	64.02	45.98	17.27	25.41	13.53	0	9.13	4.18	0	32.67	6.27	215.82	211.42	154	432.85	633.49
7.0995	186.34	88.33	68.42	50.16	21.67	38.06	15.73	0	6.82	4.18	0	25.19	6.27	192.17	213.84	154	468.71	602.47
7.1095	198.44	100.21	77.33	58.63	23.87	50.82	20.24	0	6.82	0	0	20.13	6.27	158.4	211.42	154	529.54	557.04
7.1195	214.61	112.42	90.75	65.01	23.87	64.46	24.75	0	4.51	4.18	0	15.07	6.27	120.56	201.63	154	595.87	506.22
7.1295	230.89	123.42	101.86	69.19	25.96	76.23	31.57	4.51	0	0	0	10.01	6.27	89.1	182.16	146.41	663.63	433.95
7.1395	240.9	130.02	110.77	73.48	28.16	85.58	38.28	9.02	0	0	0	7.48	8.47	62.7	146.52	138.82	716.21	363.99
7.1495	246.95	134.42	117.48	75.57	30.36	92.62	45.1	9.02	0	0	0	4.95	8.47	42.79	106.81	128.7	751.52	291.72
7.1595	255.09	141.02	124.08	79.75	32.56	102.08	54.12	11.22	0	0	0	0	8.47	30.14	73.26	116.05	799.92	227.92
7.1695	261.14	145.42	130.68	84.04	34.65	109.12	60.94	13.53	0	0	0	0	8.47	20.13	54.45	99.33	839.52	182.38
7.1795	267.19	147.62	132.88	86.13	36.85	116.16	68.09	15.73	0	0	0	0	6.27	12.54	44.33	67.32	870.65	130.46
7.1895	267.19	149.82	135.08	90.42	39.05	123.42	72.82	20.24	0	0	0	0	4.18	10.01	36.3	27.83	898.04	78.32
7.1995	265.21	152.02	135.08	94.6	39.05	130.57	77.55	20.24	0	0	0	0	0	7.48	26.18	16.72	914.32	50.38
7.2095	261.14	154.22	135.08	100.98	41.25	140.14	82.28	24.75	0	0	0	0	0	4.95	14.08	8.36	939.84	27.39
7.2195	257.07	154.22	132.88	107.36	41.25	147.29	84.59	27.06	0	0	0	0	0	0	8.03	0	951.72	8.03
7.2295	249.04	152.02	130.68	111.65	43.34	154.55	87.01	29.26	0	0	0	0	0	0	6.05	0	957.55	6.05
7.2395	242.99	149.82	128.48	117.81	43.34	161.7	91.74	31.57	0	0	0	0	0	0	3.96	0	967.45	3.96
7.2495	234.85	145.42	124.08	121.99	45.54	166.54	94.05	33.77	0	0	0	0	0	0	0	0	966.24	0
7.2595	224.84	141.02	119.68	126.06	47.74	171.16	96.47	36.08	0	0	0	0	0	0	0	0	963.05	0
7.2695	212.63	134.42	113.08	128.15	47.74	175.78	101.2	38.28	0	0	0	0	0	0	0	0	951.28	0
7.2795	202.51	127.82	106.37	132.33	49.94	180.4	103.51	40.59	0	0	0	0	0	0	0	0	943.47	0
7.2895	190.3	119.02	99.66	136.4	49.94	182.71	108.24	42.79	0	0	0	0	0	0	0	0	929.06	0
7.2995	178.2	110.22	92.95	138.49	52.03	184.91	110.66	45.1	0	0	0	0	0	0	0	0	912.56	0
7.3095	166.1	104.17	84.04	140.58	52.03	189.53	113.08	47.3	0	0	0	0	0	0	0	0	896.83	0
7.3195	154.11	96.25	77.33	144.76	54.23	191.84	115.28	49.61	0	0	0	0	0	0	0	0	883.41	0
7.3295	142.23	90.31	70.62	148.83	54.23	194.15	117.59	49.61	0	0	0	0	0	0	0	0	867.57	0
7.3395	130.24	82.28	64.02	150.92	56.43	196.46	119.79	51.81	0	0	0	0	0	0	0	0	851.95	0
7.3495	120.34	74.36	57.31	153.01	56.43	198.66	122.1	51.81	0	0	0	0	0	0	0	0	834.02	0
7.3595	110.22	66.44	51.15	155.1	58.63	200.97	124.41	54.12	0	0	0	0	0	0	0	0	821.04	0
7.3695	99.33	60.5	47.19	157.08	58.63	203.28	126.61	54.12	0	0	0	0	0	0	0	0	806.74	0
7.3795	88.44	52.69	43.23	159.17	60.72	205.59	128.92	56.32	0	0	0	0	0	0	0	0	795.08	0
7.3895	77.55	47.08	37.29	161.26	60.72	205.59	133.43	56.32	0	0	0	0	0	0	0	0	779.24	0
7.3995	64.46	41.36	31.46	163.35	60.72	205.59	135.74	58.63	0	0	0	0	0	0	0	0	761.31	0
7.4095	55.88	35.75	27.5	163.35	62.92	205.59	140.25	60.72	0	0	0	0	0	0	0	0	751.96	0
7.4195	49.61	32.01	25.52	163.35	62.92	205.59	144.76	62.92	0	0	0	0	0	0	0	0	746.68	0
7.4295	43.45	28.16	21.56	163.35	65.01	205.59	149.38	65.12	0	0	0	0	0	0	0	0	741.62	0
7.4395	37.18	24.42	19.58	165.44	65.01	205.59	153.89	67.32	0	0	0	0	0	0	0	0	738.43	0
7.4495	35.09	22.55	17.71	163.35	65.01	203.28	160.71	69.41	0	0	0	0	0	0	0	0	737.11	0
7.4595	33.11	20.68	15.73	163.35	65.01	203.28	165.22	73.81	0	0	0	0	0	0	0	0	740.19	0
7.4695	31.02	18.81	15.73	161.26	65.01	203.28	172.15	76.01	0	0	0	0	0	0	0	0	743.27	0
7.4795	28.93	16.94	13.75	159.17	65.01	203.28	176.77	80.3	0	0	0	0	0	0	0	0	744.15	0
7.4895	26.84	15.07	11.77	159.17	65.01	203.28	181.5	82.5	0	0	0	0	0	0	0	0	745.14	0
7.4995	24.75	13.09	11.77	157.08	65.01	203.28	186.12	84.7	0	0	0	0	0	0	0	0	745.8	0
7.5095	22.77	13.09	9.79	155.1	65.01	200.97	190.74	86.9	0	0	0	0	0	0	0	0	744.37	0
7.5195	20.68	11.22	7.81	153.01	62.92	200.97	193.05	89.1	0	0	0	0	0	0	0	0	738.76	0
7.5295	18.59	9.35	7.81	148.83	62.92	200.97	195.47	91.19	0	0	0	0	0	0	0	0	735.13	0
7.5395	16.5	7.48	5.83	144.76	60.72	200.97	200.09	95.59	0	0	0	0	0	0	0	0	731.94	0
7.5495	14.41	7.48	5.83	140.58	58.63	200.97	204.71	97.79	0	0	0	0	0	0	0	0	730.4	0
7.5595	12.32	5.61	3.85	134.31	58.63	198.66	209.44	102.08	4.51	0	0	0	0	0	0	0	724.9	4.51
7.5695	12.32	5.61	3.85	128.15	54.23	196.46	214.06	104.28	6.82	0	0	0	0	0	0	0	718.96	6.82
7.5795	10.34	5.61	3.85	119.9	52.03	196.46	220.99	108.68	13.64	0	0	0	0	0	0	0	717.86	13.64
7.5895	10.34	5.61	0	109.45	49.94	194.15	225.61	110.88	22.88	0	0	0	0	0	0	0	705.98	22.88
7.5995	10.34	3.74	0	100.98	45.54	191.84	232.54	117.59	36.52	0	0	0	0	0	0	0	702.57	36.52
7.6095	8.25	3.74	0	90.42	43.34	187.22	237.16	119.9	69.08	4.18	5.61	0	0	0	0	0	690.03	78.87
7.6195	8.25	3.74	0	79.75	41.25	182.71	241.78	124.52	150.81	20.9	26.51	4.95	0	0	0	0	682	203.17
7.6295	6.16	3.74	0	67.1	36.85	178.09	246.29	126.83	225.17	39.71	49.39	15.07	0	0	0	0	665.06	329.34
7.6395	6.16	3.74	0	54.34	34.65	171.16	246.29	129.03	239.03	50.16	65.89	30.14	0	4.95	0	0	645.37	390.17
7.6495	4.07	3.74	0	39.71	32.56	159.28	248.6	131.34	245.96	56.43	81.18	32.67	4.18	10.01	6.05	0	619.3	436.48
7.6595	0	3.74	0	29.26	28.16	142.56	248.6	131.34	248.27	58.63	92.07	35.2	8.47	12.54	14.08	5.5	583.66	474.76
7.6695	0	0	0	22.99	25.96	121	243.98	133.65	257.51	60.72	102.96	37.73	12.65	22.66	24.2	8.36	547.58	526.79
7.6795	0	0	0	16.72	25.96	90.31	227.92	131.34	259.82	64.9	109.45	40.26	14.74	32.67	32.23	8.36	492.25	562.43
7.6895	0	0	0	12.54	23.87	64.46	188.43	131.34	269.06	69.19	122.98	42.79	14.74	45.32	38.28	11.11	420.64	613.47
7.6995	0	0	0	10.45	23.87	44.44	124.41	126.83	278.3	75.57	132.22	47.85	14.74	55.44	44.33	16.72	330	665.17
7.7095	0	0	0	8.36	21.67	29.59	65.67	115.28	290.29	81.95	141.35	52.91	16.94	65.12	48.4	19.47	240.57	716.43
7.7195	0	0	0	6.27	19.47	19.03	38.28	99.99	299.86	86.13	152.9	55.44	16.94	74.69	52.47	27.83	183.04	766.26
7.7295	0	0	0	4.18	17.27	10.56	27.06	82.5	309.54	92.51	157.52	62.92	19.03	84.26	54.45	33.44	141.57	813.67
7.7395	0	0	0	0	12.98	6.27	18.04	56.32	314.38	98.89	162.14	67.98	19.03	93.83	56.54	39.05	93.61	851.84
7.7495	0	0	0	0	6.49	4.18	13.53	22.55	316.69	103.18	166.76	75.46	21.12	103.4	61.27	44.66	46.75	892.54
7.7595	0	0	0	0	4.29	0	6.71	0	314.38	107.47	166.76	82.94	21.12	113.08	61.27	50.16	11	917.18
7.7695	0	0	0	0	0	0	0	0	311.96	111.65	166.76	92.95	23.21	123.09	66.11	53.02	0	948.75
7.7795	0	0	0	0	0	0	0	0	307.12	115.94	166.76	100.54	25.41	135.74	66.11	55.77	0	973.39
7.7895	0	0	0	0	0	0	0	0	302.28	118.14	162.14	108.02	25.41	143.22	70.84	61.49	0	991.54
7.7995	0	0	0	0	0	0	0	0	290.29	118.14	157.52	115.5	25.41	153.34	73.26	64.35	0	997.81
7.8095	0	0	0	0	0	0	0	0	275.99	115.94	152.9	122.98	27.5	160.93	78.1	67.32	0	1001.66
7.8195	0	0	0	0	0	0	0	0	262.13	113.85	145.97	127.93	27.5	168.52	80.41	70.18	0	996.49
7.8295	0	0	0	0	0	0	0	0	245.96	109.56	139.15	132.88	29.59	175.67	85.25	76.01	0	994.07
7.8395	0	0	0	0	0	0	0	0	227.48	105.27	127.6	137.94	29.59	182.82	89.98	78.98	0	979.66
7.8495	0	0	0	0	0	0	0	0	208.78	98.89	118.36	140.36	29.59	189.86	94.82	81.84	0	962.5
7.8594	0	0	0	0	0	0	0	0	190.08	92.51	109.45	145.42	31.79	196.9	99.66	81.84	0	947.65
7.8694	0	0	0	0	0	0	0	0	173.69	84.04	100.76	147.84	31.79	201.63	104.39	87.67	0	931.81
7.8794	0	0	0	0	0	0	0	0	157.63	77.66	92.07	150.37	31.79	208.67	106.81	90.53	0	915.53
7.8894	0	0	0	0	0	0	0	0	141.68	71.28	81.18	155.32	33.88	213.4	111.65	90.53	0	898.92
7.8994	0	0	0	0	0	0	0	0	128.04	64.9	74.69	157.85	33.88	218.13	113.96	96.36	0	887.81
7.9094	0	0	0	0	0	0	0	0	114.51	58.63	63.8	157.85	35.97	225.39	118.58	99.33	0	874.06
7.9194	0	0	0	0	0	0	0	0	100.1	52.25	55.11	160.27	35.97	230.34	120.89	99.33	0	854.26
7.9294	0	0	0	0	0	0	0	0	88.22	45.98	49.39	160.27	35.97	235.18	123.2	102.19	0	840.4
7.9394	0	0	0	0	0	0	0	0	76.23	39.71	43.67	162.8	35.97	240.13	127.93	105.16	0	831.6
7.9494	0	0	0	0	0	0	0	0	66.66	35.53	37.95	162.8	35.97	244.97	130.24	108.02	0	822.14
7.9594	0	0	0	0	0	0	0	0	57.2	31.35	32.23	165.33	35.97	249.92	134.86	110.99	0	817.85
7.9694	0	0	0	0	0	0	0	0	47.96	29.26	28.49	165.33	35.97	252.34	137.17	113.52	0	810.04
7.9794	0	0	0	0	0	0	0	0	41.14	25.08	22.77	162.8	35.97	254.76	144.21	116.05	0	802.78
7.9894	0	0	0	0	0	0	0	0	34.32	20.9	17.05	160.27	35.97	254.76	148.83	121.11	0	793.21
7.9994	0	0	0	0	0	0	0	0	27.39	18.81	15.18	160.27	33.88	257.18	155.87	123.64	0	792.22
8.0094	0	0	0	0	0	0	0	0	22.88	16.72	11.33	157.85	33.88	259.71	160.49	126.17	0	789.03
8.0194	0	0	0	0	0	0	0	0	20.57	14.63	9.46	155.32	33.88	259.71	165.11	131.23	0	789.91
8.0294	0	0	0	0	0	0	0	0	18.26	12.54	7.59	152.79	31.79	262.13	169.95	133.76	0	788.81
8.0394	0	0	0	0	0	0	0	0	15.95	10.45	7.59	150.37	31.79	264.55	174.79	136.29	0	791.78
8.0494	0	0	0	0	0	0	0	0	15.95	8.36	5.61	147.84	31.79	266.97	179.63	138.82	0	794.97
8.0594	0	0	0	0	0	0	0	0	13.64	8.36	5.61	145.42	29.59	269.5	182.16	141.35	0	795.63
8.0694	0	0	0	0	0	0	0	0	13.64	6.27	3.74	140.36	27.5	269.5	187	143.88	0	791.89
8.0794	0	0	0	0	0	0	0	0	11.44	6.27	3.74	135.41	25.41	271.92	189.42	146.41	0	790.02
8.0894	0	0	0	0	0	0	0	0	11.44	6.27	3.74	130.46	25.41	269.5	194.37	148.94	0	790.13
8.0994	6.16	0	0	0	0	0	0	0	11.44	6.27	3.74	122.98	21.12	269.5	196.79	151.47	6.16	783.31
8.1094	12.32	3.74	0	0	0	0	0	0	11.44	6.27	0	115.5	19.03	269.5	201.63	156.53	16.06	779.9
8.1194	22.77	7.48	0	0	0	0	0	0	11.44	6.27	0	108.02	16.94	266.97	204.05	159.06	30.25	772.75
8.1294	41.36	13.09	5.83	0	0	0	0	0	9.13	4.18	0	100.54	14.74	262.13	209	161.59	60.28	761.31
8.1394	81.84	26.29	15.73	4.18	0	0	0	0	9.13	4.18	0	90.53	12.65	259.71	213.84	164.12	128.04	754.16
8.1494	144.21	47.08	39.27	8.36	0	0	0	0	9.13	4.18	0	80.41	10.56	254.76	216.26	166.76	238.92	742.06
8.1594	166.1	62.48	55.11	31.35	6.49	4.18	6.71	0	9.13	4.18	0	70.4	10.56	249.92	218.68	171.71	332.42	734.58
8.1694	188.32	74.36	61.71	37.62	17.27	6.27	9.02	0	6.82	4.18	0	60.39	8.47	244.97	218.68	171.71	394.57	715.22
8.1794	186.34	76.34	64.02	39.71	15.18	10.56	11.22	0	6.82	4.18	0	47.85	8.47	235.18	221.21	174.24	403.37	697.95
8.1894	180.18	82.28	68.42	52.25	25.96	14.74	13.53	0	4.51	4.18	0	35.2	8.47	220.55	221.21	176.77	437.36	670.89
8.1994	184.25	94.27	79.53	60.72	25.96	29.59	18.04	0	4.51	0	0	25.19	6.27	203.94	223.52	176.77	492.36	640.2
8.2094	176.22	98.23	81.84	67.1	25.96	46.53	24.75	4.51	4.51	0	0	17.6	6.27	175.67	221.21	176.77	525.14	602.03
8.2194	182.27	108.13	86.24	75.57	28.16	62.15	29.26	6.71	0	0	0	15.07	6.27	140.8	213.84	174.24	578.49	550.22
8.2294	196.46	123.42	99.66	86.13	30.36	76.23	36.08	9.02	0	0	0	10.01	6.27	103.4	194.37	169.18	657.36	483.23
8.2394	208.56	134.42	110.77	92.51	30.36	90.31	45.1	11.22	0	0	0	7.48	8.47	77.11	162.8	161.59	723.25	417.45
8.2494	214.61	138.82	119.68	98.89	32.56	99.66	51.81	15.73	0	0	0	4.95	8.47	52.91	118.58	151.47	771.76	336.38
8.2594	220.77	143.22	126.28	103.07	36.85	106.7	58.63	18.04	0	0	0	0	8.47	35.2	78.1	133.76	813.56	255.53
8.2694	228.8	147.62	130.68	107.36	39.05	113.85	65.67	20.24	0	0	0	0	8.47	22.66	58.85	113.52	853.27	203.5
8.2794	232.87	149.82	137.28	111.65	41.25	123.42	72.82	24.75	0	0	0	0	6.27	15.07	46.42	76.01	893.86	143.77
8.2894	234.85	152.02	139.48	115.72	43.34	128.15	79.86	27.06	0	0	0	0	4.18	10.01	36.3	30.69	920.48	81.18
8.2994	232.87	149.82	139.48	117.81	45.54	135.41	84.59	29.26	0	0	0	0	0	10.01	26.18	19.47	934.78	55.66
8.3094	226.82	149.82	137.28	123.97	47.74	142.56	89.32	33.77	0	0	0	0	0	7.48	14.08	11.11	951.28	32.67
8.3194	220.77	147.62	132.88	128.15	47.74	149.71	91.74	33.77	0	0	0	0	0	4.95	6.05	5.5	952.38	16.5
8.3294	214.61	145.42	128.48	132.33	49.94	156.97	96.47	36.08	0	0	0	0	0	0	3.96	5.5	960.3	9.46
8.3394	206.58	141.02	124.08	138.49	49.94	161.7	98.78	38.28	0	0	0	0	0	0	0	0	958.87	0
8.3494	200.53	136.62	119.68	140.58	52.03	166.54	103.51	40.59	0	0	0	0	0	0	0	0	960.08	0
8.3594	190.3	130.02	115.28	144.76	54.23	168.96	108.24	42.79	0	0	0	0	0	0	0	0	954.58	0
8.3694	182.27	123.42	108.57	146.74	56.43	173.47	110.66	42.79	0	0	0	0	0	0	0	0	944.35	0
8.3794	170.06	114.62	101.86	146.74	58.63	173.47	115.28	45.1	0	0	0	0	0	0	0	0	925.76	0
8.3894	160.05	106.15	92.95	148.83	58.63	175.78	119.79	45.1	0	0	0	0	0	0	0	0	907.28	0
8.3994	148.17	98.23	86.24	148.83	60.72	180.4	124.41	47.3	0	0	0	0	0	0	0	0	894.3	0
8.4094	136.18	90.31	77.33	148.83	62.92	182.71	128.92	47.3	0	0	0	0	0	0	0	0	874.5	0
8.4194	124.3	80.3	70.62	150.92	65.01	184.91	133.43	49.61	0	0	0	0	0	0	0	0	859.1	0
8.4294	112.42	72.38	61.71	150.92	65.01	187.22	137.94	51.81	0	0	0	0	0	0	0	0	839.41	0
8.4394	101.42	64.46	55.11	150.92	65.01	189.53	142.56	54.12	0	0	0	0	0	0	0	0	823.13	0
8.4494	88.44	56.54	49.17	150.92	67.21	191.84	144.76	56.32	0	0	0	0	0	0	0	0	805.2	0
8.4594	79.64	50.82	43.23	150.92	67.21	194.15	149.38	60.72	0	0	0	0	0	0	0	0	796.07	0
8.4694	68.75	45.21	39.27	150.92	67.21	194.15	151.58	62.92	0	0	0	0	0	0	0	0	780.01	0
8.4794	60.06	39.49	35.42	153.01	69.3	196.46	156.09	65.12	0	0	0	0	0	0	0	0	774.95	0
8.4894	53.79	33.88	29.48	153.01	69.3	196.46	158.4	67.32	0	0	0	0	0	0	0	0	761.64	0
8.4994	45.54	30.14	25.52	150.92	69.3	198.66	162.91	69.41	0	0	0	0	0	0	0	0	752.4	0
8.5094	39.27	26.29	21.56	150.92	69.3	198.66	165.22	73.81	0	0	0	0	0	0	0	0	745.03	0
8.5194	33.11	22.55	19.58	150.92	69.3	198.66	169.84	73.81	0	0	0	0	0	0	0	0	737.77	0
8.5294	31.02	20.68	17.71	148.83	67.21	198.66	174.46	76.01	0	0	0	0	0	0	0	0	734.58	0
8.5394	28.93	18.81	15.73	146.74	67.21	198.66	176.77	78.21	0	0	0	0	0	0	0	0	731.06	0
8.5494	26.84	16.94	13.75	144.76	67.21	198.66	179.08	80.3	0	0	0	0	0	0	0	0	727.54	0
8.5594	24.75	15.07	11.77	144.76	67.21	198.66	183.81	80.3	0	0	0	0	0	0	0	0	726.33	0
8.5694	22.77	13.09	11.77	142.67	65.01	198.66	186.12	82.5	0	0	0	0	0	0	0	0	722.59	0
8.5794	20.68	13.09	9.79	138.49	65.01	198.66	188.43	84.7	0	0	0	0	0	0	0	0	718.85	0
8.5894	18.59	11.22	7.81	136.4	65.01	198.66	193.05	84.7	0	0	0	0	0	0	0	0	715.44	0
8.5994	18.59	9.35	7.81	134.31	62.92	196.46	195.47	86.9	0	0	0	0	0	0	0	0	711.81	0
8.6094	16.5	9.35	5.83	130.24	62.92	196.46	200.09	89.1	0	0	0	0	0	0	0	0	710.49	0
8.6194	14.41	7.48	5.83	128.15	60.72	196.46	202.4	91.19	0	0	0	0	0	0	0	0	706.64	0
8.6294	12.32	5.61	3.85	123.97	60.72	194.15	207.02	91.19	0	0	0	0	0	0	0	0	698.83	0
8.6394	12.32	5.61	3.85	119.9	58.63	194.15	211.75	95.59	0	0	0	0	0	0	0	0	701.8	0
8.6494	10.34	5.61	3.85	113.63	56.43	191.84	216.37	97.79	0	0	0	0	0	0	0	0	695.86	0
8.6594	10.34	5.61	3.85	107.36	54.23	189.53	220.99	99.99	6.82	0	0	0	0	0	0	0	691.9	6.82
8.6694	8.25	3.74	3.85	100.98	52.03	187.22	227.92	104.28	15.95	0	0	0	0	0	0	0	688.27	15.95
8.6794	10.34	5.61	0	94.6	49.94	184.91	234.85	106.48	27.39	0	0	0	0	0	0	0	686.73	27.39
8.6894	8.25	3.74	0	86.13	47.74	182.71	239.47	108.68	45.76	0	0	0	0	0	0	0	676.72	45.76
8.6994	8.25	3.74	0	77.66	45.54	178.09	246.29	113.08	97.79	10.45	9.46	0	0	0	0	0	672.65	117.7
8.7094	6.16	3.74	0	67.1	43.34	173.47	253.22	115.28	201.74	31.35	34.1	7.48	0	0	0	0	662.31	274.67
8.7194	6.16	3.74	0	56.54	39.05	166.54	257.84	117.59	252.89	50.16	51.26	25.19	0	0	0	0	647.46	379.5
8.7294	4.07	3.74	0	45.98	36.85	156.97	262.35	119.9	264.44	62.81	68.09	35.2	0	7.48	0	0	629.86	438.02
8.7394	0	3.74	0	33.44	34.65	142.56	269.28	122.21	264.44	67.1	81.18	40.26	4.18	12.54	6.05	0	605.88	475.75
8.7494	0	0	0	25.08	30.36	123.42	271.59	122.21	264.44	71.28	87.67	45.32	8.47	22.66	14.08	8.36	572.66	522.28
8.7594	0	0	0	18.81	28.16	99.66	266.97	122.21	269.06	75.57	96.36	47.85	10.56	32.67	22.11	8.36	535.81	562.54
8.7694	0	0	0	14.63	25.96	73.81	248.6	119.9	273.68	81.95	105.05	52.91	10.56	45.32	32.23	11.11	482.9	612.81
8.7794	0	0	0	12.54	25.96	52.91	209.44	117.59	280.72	88.33	113.85	55.44	12.65	57.97	36.3	13.86	418.44	659.12
8.7894	0	0	0	8.36	23.87	38.06	144.76	110.88	292.71	92.51	122.98	60.39	12.65	67.54	42.35	16.72	325.93	707.85
8.7994	0	0	0	6.27	25.96	27.5	77.55	102.08	304.7	98.89	132.22	62.92	14.74	74.69	44.33	22.33	239.36	754.82
8.8094	0	0	0	4.18	21.67	19.03	45.1	91.19	314.38	103.18	139.15	67.98	14.74	81.84	48.4	25.08	181.17	794.75
8.8194	0	0	0	0	19.47	10.56	27.06	73.81	319.11	107.47	143.66	72.93	16.94	89.1	48.4	30.69	130.9	828.3
8.8294	0	0	0	0	15.18	6.27	20.24	54.12	323.95	111.65	148.28	80.41	16.94	96.25	50.38	36.19	95.81	864.05
8.8394	0	0	0	0	8.58	4.18	15.73	22.55	326.37	118.14	150.59	85.47	16.94	103.4	52.47	39.05	51.04	892.43
8.8494	0	0	0	0	6.49	4.18	9.02	0	328.79	122.54	150.59	92.95	16.94	110.66	52.47	41.8	19.69	916.74
8.8594	0	0	0	0	4.29	0	4.51	0	326.37	126.83	150.59	102.96	19.03	118.03	52.47	44.66	8.8	940.94
8.8694	0	0	0	0	0	0	0	0	323.95	131.23	150.59	110.55	19.03	125.62	54.45	47.41	0	962.83
8.8794	0	0	0	0	0	0	0	0	321.53	133.32	145.97	118.03	21.12	130.68	54.45	47.41	0	972.51
8.8894	0	0	0	0	0	0	0	0	311.96	135.52	143.66	125.51	21.12	138.27	54.45	50.16	0	980.65
8.8994	0	0	0	0	0	0	0	0	302.28	135.52	141.35	132.88	23.21	143.22	56.54	53.02	0	988.02
8.9094	0	0	0	0	0	0	0	0	290.29	135.52	136.84	140.36	21.12	150.81	58.85	53.02	0	986.81
8.9194	0	0	0	0	0	0	0	0	278.3	133.32	132.22	145.42	23.21	155.87	61.27	55.77	0	985.38
8.9294	0	0	0	0	0	0	0	0	266.75	129.03	125.29	150.37	23.21	163.46	63.69	55.77	0	977.57
8.9394	0	0	0	0	0	0	0	0	252.89	124.63	120.67	152.79	25.41	168.52	68.42	58.63	0	971.96
8.9494	0	0	0	0	0	0	0	0	241.34	120.34	116.05	155.32	25.41	173.36	73.26	61.49	0	966.57
8.9594	0	0	0	0	0	0	0	0	229.79	115.94	111.65	157.85	25.41	178.09	75.68	64.35	0	958.76
8.9694	0	0	0	0	0	0	0	0	215.82	109.56	105.05	160.27	27.5	182.82	80.41	64.35	0	945.78
8.9794	0	0	0	0	0	0	0	0	201.74	103.18	100.76	162.8	27.5	187.44	82.83	70.18	0	936.43
8.9894	0	0	0	0	0	0	0	0	187.77	98.89	96.36	162.8	27.5	194.59	85.25	70.18	0	923.34
8.9994	0	0	0	0	0	0	0	0	176.11	92.51	89.87	165.33	29.59	196.9	89.98	73.15	0	913.44
9.0094	0	0	0	0	0	0	0	0	164.45	86.13	85.47	165.33	29.59	203.94	92.4	76.01	0	903.32
9.0194	0	0	0	0	0	0	0	0	153.12	81.95	78.98	167.97	29.59	208.67	97.24	78.98	0	896.5
9.0294	0	0	0	0	0	0	0	0	141.68	75.57	74.69	170.61	31.79	215.82	101.97	81.84	0	893.97
9.0394	0	0	0	0	0	0	0	0	132.66	71.28	70.29	170.61	31.79	220.55	106.81	84.81	0	888.8
9.0494	0	0	0	0	0	0	0	0	121.22	64.9	65.89	173.25	31.79	225.39	109.23	87.67	0	879.34
9.0594	0	0	0	0	0	0	0	0	112.09	60.72	59.4	178.53	33.88	230.34	111.65	90.53	0	877.14
9.0694	0	0	0	0	0	0	0	0	104.94	56.43	55.11	181.17	31.79	237.6	113.96	93.5	0	874.5
9.0794	0	0	0	0	0	0	0	0	95.37	52.25	49.39	183.81	33.88	242.55	118.58	93.5	0	869.33
9.0894	0	0	0	0	0	0	0	0	85.8	48.07	45.54	189.09	33.88	247.39	120.89	96.36	0	867.02
9.0994	0	0	0	0	0	0	0	0	76.23	43.89	39.82	191.73	33.88	252.34	123.2	99.33	0	860.42
9.1094	0	0	0	0	0	0	0	0	69.08	39.71	36.08	194.37	35.97	257.18	127.93	102.19	0	862.51
9.1194	0	0	0	0	0	0	0	0	61.93	37.62	32.23	197.12	35.97	259.71	132.55	105.16	0	862.29
9.1294	0	0	0	0	0	0	0	0	54.89	33.44	26.51	197.12	35.97	264.55	137.17	108.02	0	857.67
9.1394	0	0	0	0	0	0	0	0	47.96	31.35	24.64	197.12	35.97	266.97	141.9	113.52	0	859.43
9.1494	0	0	0	0	0	0	0	0	41.14	27.17	20.9	194.37	35.97	266.97	148.83	116.05	0	851.4
9.1594	0	0	0	0	0	0	0	0	32.01	22.99	15.18	194.37	35.97	269.5	153.56	121.11	0	844.69
9.1694	0	0	0	0	0	0	0	0	27.39	18.81	11.33	191.73	35.97	271.92	158.18	123.64	0	838.97
9.1794	0	0	0	0	0	0	0	0	22.88	16.72	9.46	186.45	33.88	271.92	162.8	128.7	0	832.81
9.1894	4.07	0	0	0	0	0	0	0	20.57	14.63	7.59	181.17	33.88	274.34	167.53	131.23	4.07	830.94
9.1994	12.32	0	0	0	0	0	0	0	15.95	12.54	5.61	173.25	31.79	274.34	172.37	136.29	12.32	822.14
9.2094	20.68	5.61	0	0	0	0	0	0	13.64	8.36	3.74	167.97	29.59	274.34	177.21	138.82	26.29	813.67
9.2194	35.09	9.35	5.83	0	0	0	0	0	13.64	8.36	3.74	157.85	27.5	274.34	179.63	141.35	50.27	806.41
9.2294	62.26	16.94	9.79	0	0	0	0	0	13.64	8.36	3.74	147.84	23.21	274.34	184.58	146.41	88.99	802.12
9.2394	105.82	30.14	23.54	4.18	0	0	0	0	11.44	8.36	0	135.41	19.03	271.92	187	148.94	163.68	782.1
9.2494	134.2	43.34	39.27	10.45	0	0	0	0	11.44	6.27	0	122.98	14.74	269.5	189.42	151.47	227.26	765.82
9.2594	142.23	52.69	43.23	29.26	8.58	4.18	6.71	0	11.44	6.27	0	108.02	12.65	266.97	189.42	154	286.88	748.77
9.2694	158.07	60.5	49.17	33.44	17.27	6.27	9.02	0	11.44	6.27	0	92.95	10.56	262.13	189.42	156.53	333.74	729.3
9.2794	156.09	66.44	53.13	39.71	19.47	10.56	13.53	0	9.13	4.18	0	77.99	8.47	254.76	187	159.06	358.93	700.59
9.2893	156.09	74.36	59.51	52.25	25.96	19.03	15.73	0	6.82	4.18	0	62.92	8.47	244.97	187	161.59	402.93	675.95
9.2993	156.09	82.28	64.02	58.63	28.16	31.79	22.55	0	6.82	4.18	0	47.85	8.47	227.81	189.42	164.12	443.52	648.67
9.3093	150.15	84.37	64.02	62.81	30.36	46.53	27.06	4.51	4.51	4.18	0	32.67	8.47	206.36	189.42	166.76	469.81	612.37
9.3193	156.09	92.29	72.93	71.28	30.36	62.15	36.08	6.71	4.51	0	0	25.19	6.27	175.67	184.58	166.76	527.89	562.98
9.3293	168.08	100.21	81.84	79.75	32.56	73.81	45.1	9.02	0	0	0	17.6	6.27	133.21	172.37	166.76	590.37	496.21
9.3393	180.18	108.13	92.95	84.04	34.65	88	56.32	13.53	0	0	0	15.07	6.27	96.25	148.83	161.59	657.8	428.01
9.3493	192.39	114.62	104.06	88.33	39.05	97.35	68.09	15.73	0	0	0	12.54	8.47	62.7	111.65	156.53	719.62	351.89
9.3593	198.44	119.02	110.77	92.51	41.25	106.7	79.86	20.24	0	0	0	10.01	8.47	40.26	78.1	143.88	768.79	280.72
9.3693	204.49	121.22	117.48	96.8	43.34	116.16	91.74	24.75	0	0	0	4.95	8.47	25.19	56.54	123.64	815.98	218.79
9.3793	208.56	123.42	121.88	98.89	47.74	123.42	101.2	29.26	0	0	0	0	6.27	17.6	46.42	96.36	854.37	166.65
9.3893	208.56	123.42	124.08	103.07	49.94	132.99	110.66	33.77	0	0	0	0	4.18	12.54	36.3	50.16	886.49	103.18
9.3993	206.58	123.42	126.28	107.36	52.03	137.72	117.59	38.28	0	0	0	0	0	10.01	28.27	25.08	909.26	63.36
9.4093	204.49	123.42	124.08	113.63	56.43	144.98	124.41	42.79	0	0	0	4.95	0	7.48	16.06	16.72	934.23	45.21
9.4193	198.44	121.22	121.88	117.81	58.63	152.13	128.92	47.3	0	0	0	4.95	0	4.95	6.05	5.5	946.33	21.45
9.4293	192.39	119.02	117.48	123.97	60.72	159.28	133.43	51.81	0	0	0	4.95	0	4.95	0	0	958.1	9.9
9.4393	184.25	114.62	110.77	128.15	60.72	164.12	137.94	54.12	0	0	0	4.95	0	0	0	0	954.69	4.95
9.4493	176.22	110.22	106.37	130.24	62.92	168.96	142.56	56.32	0	0	0	0	0	0	0	0	953.81	0
9.4593	166.1	104.17	99.66	134.31	65.01	173.47	147.07	58.63	0	0	0	0	0	0	0	0	948.42	0
9.4693	156.09	96.25	92.95	136.4	67.21	178.09	151.58	60.72	0	0	0	0	0	0	0	0	939.29	0
9.4793	146.19	90.31	86.24	138.49	67.21	180.4	156.09	62.92	0	0	0	0	0	0	0	0	927.85	0
9.4893	134.2	82.28	77.33	138.49	69.3	182.71	160.71	65.12	0	0	0	0	0	0	0	0	910.14	0
9.4993	122.32	76.34	68.42	138.49	69.3	184.91	162.91	67.32	0	0	0	0	0	0	0	0	890.01	0
9.5093	110.22	66.44	61.71	140.58	71.5	184.91	167.53	69.41	0	0	0	0	0	0	0	0	872.3	0
9.5193	97.13	58.52	53.13	140.58	71.5	187.22	169.84	69.41	0	0	0	0	0	0	0	0	847.33	0
9.5293	86.24	50.82	47.19	140.58	71.5	189.53	172.15	71.61	0	0	0	0	0	0	0	0	829.62	0
9.5393	73.15	45.21	41.25	140.58	71.5	189.53	174.46	73.81	0	0	0	0	0	0	0	0	809.49	0
9.5493	62.26	39.49	35.42	140.58	71.5	189.53	174.46	73.81	0	0	0	0	0	0	0	0	787.05	0
9.5593	53.79	33.88	31.46	140.58	71.5	191.84	176.77	78.21	0	0	0	0	0	0	0	0	778.03	0
9.5693	47.52	30.14	27.5	138.49	71.5	191.84	176.77	78.21	0	0	0	0	0	0	0	0	761.97	0
9.5793	39.27	26.29	23.54	138.49	71.5	191.84	176.77	78.21	0	0	0	0	0	0	0	0	745.91	0
9.5893	35.09	20.68	19.58	138.49	71.5	191.84	179.08	80.3	0	0	0	0	0	0	0	0	736.56	0
9.5993	31.02	20.68	17.71	138.49	69.3	191.84	181.5	80.3	0	0	0	0	0	0	0	0	730.84	0
9.6093	28.93	18.81	15.73	138.49	69.3	191.84	183.81	82.5	0	0	0	0	0	0	0	0	729.41	0
9.6193	26.84	16.94	15.73	138.49	67.21	191.84	186.12	82.5	0	0	0	0	0	0	0	0	725.67	0
9.6293	24.75	15.07	13.75	136.4	67.21	191.84	186.12	84.7	0	0	0	0	0	0	0	0	719.84	0
9.6393	24.75	15.07	11.77	136.4	67.21	191.84	188.43	84.7	0	0	0	0	0	0	0	0	720.17	0
9.6493	22.77	13.09	11.77	134.31	67.21	191.84	190.74	86.9	0	0	0	0	0	0	0	0	718.63	0
9.6593	20.68	13.09	9.79	132.33	65.01	191.84	193.05	86.9	0	0	0	0	0	0	0	0	712.69	0
9.6693	18.59	11.22	9.79	132.33	65.01	191.84	197.78	89.1	0	0	0	0	0	0	0	0	715.66	0
9.6793	18.59	9.35	7.81	130.24	62.92	191.84	200.09	89.1	0	0	0	0	0	0	0	0	709.94	0
9.6893	16.5	9.35	7.81	128.15	62.92	191.84	202.4	91.19	0	0	0	0	0	0	0	0	710.16	0
9.6993	14.41	7.48	5.83	126.06	62.92	191.84	207.02	93.39	0	0	0	0	0	0	0	0	708.95	0
9.7093	14.41	7.48	5.83	123.97	62.92	191.84	211.75	95.59	0	0	0	0	0	0	0	0	713.79	0
9.7193	12.32	5.61	3.85	119.9	60.72	189.53	218.68	97.79	0	0	0	0	0	0	0	0	708.4	0
9.7293	12.32	5.61	3.85	115.72	58.63	189.53	223.41	99.99	0	0	0	0	0	0	0	0	709.06	0
9.7393	10.34	5.61	3.85	111.65	58.63	189.53	230.23	102.08	0	0	0	0	0	0	0	0	711.92	0
9.7493	10.34	3.74	3.85	107.36	56.43	187.22	234.85	104.28	6.82	0	0	0	0	0	0	0	708.07	6.82
9.7593	10.34	3.74	3.85	100.98	54.23	184.91	241.78	108.68	11.44	0	0	0	0	0	0	0	708.51	11.44
9.7693	8.25	3.74	0	94.6	52.03	184.91	246.29	110.88	18.26	0	0	0	0	0	0	0	700.7	18.26
9.7793	8.25	3.74	0	88.33	49.94	182.71	253.22	115.28	29.7	0	0	0	0	0	0	0	701.47	29.7
9.7893	8.25	3.74	0	81.95	47.74	180.4	260.15	117.59	43.45	0	0	0	0	0	0	0	699.82	43.45
9.7993	6.16	3.74	0	73.48	45.54	175.78	264.66	119.9	83.38	4.18	5.61	0	0	0	0	0	689.26	93.17
9.8093	6.16	3.74	0	67.1	43.34	173.47	269.28	122.21	159.94	18.81	24.64	0	0	0	0	0	685.3	203.39
9.8193	6.16	3.74	0	58.63	39.05	168.96	273.9	124.52	225.17	37.62	43.67	10.01	0	0	0	0	674.96	316.47
9.8293	4.07	3.74	0	48.07	36.85	159.28	278.52	129.03	236.72	50.16	57.2	25.19	0	0	0	0	659.56	369.27
9.8393	0	3.74	0	37.62	34.65	149.71	280.72	129.03	250.58	60.72	76.78	32.67	0	7.48	0	0	635.47	428.23
9.8493	0	3.74	0	27.17	30.36	135.41	283.03	131.34	250.58	62.81	87.67	35.2	6.27	15.07	8.03	0	611.05	465.63
9.8593	0	0	0	20.9	28.16	116.16	283.03	131.34	257.51	67.1	96.36	37.73	8.47	22.66	18.15	0	579.59	507.98
9.8693	0	0	0	16.72	25.96	92.62	276.21	131.34	262.13	69.19	105.05	37.73	10.56	30.14	26.18	5.5	542.85	546.48
9.8793	0	0	0	12.54	25.96	71.5	253.22	126.83	269.06	71.28	116.05	40.26	12.65	37.73	34.32	5.5	490.05	586.85
9.8893	0	0	0	10.45	25.96	52.91	207.02	122.21	278.3	75.57	125.29	42.79	12.65	47.85	40.37	8.36	418.55	631.18
9.8993	0	0	0	8.36	25.96	38.06	144.76	115.28	290.29	77.66	134.53	42.79	14.74	52.91	44.33	11.11	332.42	668.36
9.9093	0	0	0	6.27	25.96	29.59	79.86	108.68	302.28	81.95	143.66	45.32	16.94	60.28	48.4	13.86	250.36	712.69
9.9193	0	0	0	4.18	23.87	21.12	47.3	95.59	311.96	86.13	152.9	47.85	16.94	65.12	52.47	16.72	192.06	750.09
9.9293	0	0	0	0	21.67	12.65	31.57	80.3	319.11	90.42	157.52	52.91	19.03	72.27	54.45	19.47	146.19	785.18
9.9393	0	0	0	0	17.27	8.47	22.55	62.92	323.95	94.71	162.14	57.97	19.03	81.84	56.54	22.33	111.21	818.51
9.9493	0	0	0	0	12.98	6.27	18.04	33.77	326.37	101.09	166.76	62.92	19.03	89.1	56.54	27.83	71.06	849.64
9.9593	0	0	0	0	8.58	4.18	11.22	6.71	328.79	105.27	166.76	70.4	21.12	96.25	58.85	30.69	30.69	878.13
9.9693	0	0	0	0	4.29	0	6.71	0	328.79	111.65	166.76	77.99	21.12	103.4	58.85	33.44	11	902
9.9793	0	0	0	0	4.29	0	4.51	0	328.79	115.94	166.76	85.47	21.12	110.66	61.27	36.19	8.8	926.2
9.9893	0	0	0	0	0	0	0	0	323.95	118.14	164.45	92.95	21.12	118.03	58.85	39.05	0	936.54
9.9993	0	0	0	0	0	0	0	0	314.38	122.54	162.14	100.54	23.21	125.62	61.27	41.8	0	951.5
10.0093	0	0	0	0	0	0	0	0	304.7	122.54	157.52	105.49	23.21	133.21	63.69	41.8	0	952.16
10.0193	0	0	0	0	0	0	0	0	292.71	122.54	152.9	113.08	25.41	140.8	63.69	44.66	0	955.79
10.0293	0	0	0	0	0	0	0	0	278.3	122.54	148.28	120.45	25.41	148.28	66.11	47.41	0	956.78
10.0393	0	0	0	0	0	0	0	0	264.44	120.34	141.35	125.51	25.41	155.87	66.11	50.16	0	949.19
10.0493	0	0	0	0	0	0	0	0	250.58	115.94	134.53	132.88	25.41	160.93	68.42	53.02	0	941.71
10.0593	0	0	0	0	0	0	0	0	236.72	113.85	127.6	137.94	27.5	168.52	73.26	55.77	0	941.16
10.0693	0	0	0	0	0	0	0	0	220.55	109.56	120.67	142.89	27.5	175.67	75.68	58.63	0	931.15
10.0793	0	0	0	0	0	0	0	0	206.47	105.27	111.65	147.84	29.59	182.82	78.1	61.49	0	923.23
10.0893	0	0	0	0	0	0	0	0	194.81	98.89	107.25	152.79	29.59	189.86	80.41	61.49	0	915.09
10.0993	0	0	0	0	0	0	0	0	180.73	94.71	100.76	155.32	29.59	194.59	82.83	64.35	0	902.88
10.1093	0	0	0	0	0	0	0	0	169.07	90.42	94.27	160.27	29.59	201.63	85.25	67.32	0	897.82
10.1193	0	0	0	0	0	0	0	0	157.63	86.13	87.67	165.33	31.79	206.36	89.98	70.18	0	895.07
10.1293	0	0	0	0	0	0	0	0	148.5	81.95	83.38	167.97	31.79	211.09	92.4	70.18	0	887.26
10.1393	0	0	0	0	0	0	0	0	137.17	75.57	76.78	170.61	33.88	218.13	94.82	73.15	0	880.11
10.1493	0	0	0	0	0	0	0	0	128.04	71.28	72.49	175.89	33.88	222.97	99.66	76.01	0	880.22
10.1593	0	0	0	0	0	0	0	0	119.02	67.1	68.09	178.53	33.88	227.81	101.97	78.98	0	875.38
10.1693	0	0	0	0	0	0	0	0	109.67	62.81	61.6	181.17	35.97	235.18	106.81	78.98	0	872.19
10.1793	0	0	0	0	0	0	0	0	102.52	56.43	57.2	183.81	35.97	240.13	109.23	81.84	0	867.13
10.1893	0	0	0	0	0	0	0	0	92.95	54.34	53.13	186.45	35.97	244.97	113.96	84.81	0	866.58
10.1993	0	0	0	0	0	0	0	0	85.8	50.16	47.41	189.09	35.97	249.92	116.27	87.67	0	862.29
10.2093	0	0	0	0	0	0	0	0	76.23	45.98	43.67	191.73	35.97	254.76	118.58	87.67	0	854.59
10.2193	0	0	0	0	0	0	0	0	69.08	41.8	37.95	194.37	38.06	259.71	123.2	90.53	0	854.7
10.2293	0	0	0	0	0	0	0	0	59.51	37.62	34.1	194.37	38.06	264.55	127.93	93.5	0	849.64
10.2393	0	0	0	0	0	0	0	0	52.58	33.44	30.36	194.37	38.06	269.5	132.55	96.36	0	847.22
10.2493	0	0	0	6.27	0	6.27	0	0	45.76	29.26	24.64	194.37	38.06	269.5	134.86	99.33	12.54	835.78
10.2593	0	0	0	8.36	0	6.27	0	0	38.83	25.08	20.9	191.73	38.06	274.34	139.59	102.19	14.63	830.72
10.2693	0	0	0	8.36	0	4.18	0	0	32.01	22.99	17.05	191.73	35.97	276.76	144.21	105.16	12.54	825.88
10.2793	0	0	0	10.45	0	4.18	0	0	27.39	18.81	13.2	189.09	35.97	279.29	148.83	110.99	14.63	823.57
10.2893	0	0	0	8.36	0	0	0	0	22.88	16.72	11.33	183.81	35.97	279.29	153.56	113.52	8.36	817.08
10.2993	4.07	0	0	6.27	0	0	0	0	18.26	14.63	9.46	178.53	33.88	279.29	155.87	118.58	10.34	808.5
10.3093	6.16	0	0	4.18	0	0	0	0	18.26	10.45	7.59	173.25	31.79	281.71	160.49	121.11	10.34	804.65
10.3193	10.34	3.74	3.85	4.18	0	0	0	0	15.95	8.36	5.61	165.33	29.59	281.71	162.8	126.17	22.11	795.52
10.3293	16.5	7.48	5.83	4.18	0	0	0	0	13.64	8.36	3.74	157.85	27.5	281.71	165.11	126.17	33.99	784.08
10.3393	28.93	15.07	7.81	6.27	0	0	0	0	13.64	8.36	3.74	147.84	23.21	279.29	169.95	128.7	58.08	774.73
10.3493	51.7	24.42	15.73	12.54	0	0	0	0	11.44	6.27	3.74	135.41	19.03	279.29	169.95	131.23	104.39	756.36
10.3593	81.84	37.62	27.5	25.08	4.29	6.27	0	0	11.44	6.27	0	122.98	16.94	276.76	172.37	133.76	182.6	740.52
10.3693	101.42	47.08	39.27	31.35	17.27	12.65	9.02	0	11.44	6.27	0	110.55	12.65	271.92	174.79	136.29	258.06	723.91
10.3793	105.82	50.82	41.25	37.62	21.67	12.65	11.22	0	9.13	6.27	0	95.48	10.56	266.97	174.79	138.82	281.05	702.02
10.3893	118.36	58.52	47.19	48.07	28.16	16.94	15.73	4.51	9.13	4.18	0	80.41	8.47	259.71	172.37	141.35	337.48	675.62
10.3993	134.2	70.4	55.11	56.54	30.36	31.79	22.55	4.51	9.13	4.18	0	65.45	6.27	252.34	172.37	143.88	405.46	653.62
10.4093	136.18	76.34	61.71	60.72	30.36	50.82	36.08	6.71	6.82	4.18	0	50.38	6.27	237.6	172.37	146.41	458.92	624.03
10.4193	132.22	76.34	61.71	65.01	32.56	64.46	45.1	9.02	6.82	4.18	0	37.73	6.27	218.13	174.79	148.94	486.42	596.86
10.4293	134.2	78.32	66.22	71.28	34.65	78.54	58.63	11.22	4.51	4.18	0	25.19	6.27	189.86	172.37	151.47	533.06	553.85
10.4393	142.23	86.35	72.93	75.57	36.85	90.31	70.4	15.73	4.51	0	0	17.6	6.27	158.4	169.95	151.47	590.37	508.2
10.4493	150.15	90.31	81.84	81.95	39.05	99.66	82.28	18.04	0	0	0	12.54	6.27	118.03	155.87	148.94	643.28	441.65
10.4593	160.05	94.27	90.75	86.13	43.34	109.12	91.74	24.75	0	0	0	10.01	6.27	84.26	132.55	143.88	700.15	376.97
10.4693	166.1	98.23	95.15	90.42	47.74	116.16	101.2	27.06	0	0	0	7.48	6.27	55.44	99.66	138.82	742.06	307.67
10.4793	170.06	100.21	99.66	94.6	49.94	125.73	110.66	31.57	0	0	0	7.48	8.47	35.2	63.69	126.17	782.43	241.01
10.4893	170.06	102.19	104.06	96.8	52.03	130.57	117.59	38.28	0	0	0	4.95	6.27	20.13	48.4	113.52	811.58	193.27
10.4993	172.15	102.19	104.06	100.98	56.43	137.72	124.41	42.79	0	0	0	0	4.18	15.07	40.37	78.98	840.73	138.6
10.5093	170.06	102.19	104.06	105.27	58.63	142.56	131.23	49.61	0	0	0	0	0	12.54	32.23	36.19	863.61	80.96
10.5193	168.08	102.19	101.86	109.45	60.72	149.71	137.94	54.12	0	0	0	0	0	10.01	20.13	19.47	884.07	49.61
10.5293	162.03	100.21	99.66	115.72	62.92	156.97	142.56	58.63	0	0	0	4.95	0	7.48	8.03	8.36	898.7	28.82
10.5393	158.07	98.23	95.15	119.9	65.01	161.7	147.07	62.92	0	0	0	4.95	0	4.95	0	0	908.05	9.9
10.5493	152.13	94.27	90.75	123.97	67.21	168.96	151.58	67.32	0	0	0	0	0	4.95	0	0	916.19	4.95
10.5593	144.21	90.31	86.24	126.06	69.3	173.47	158.4	71.61	0	0	0	0	0	4.95	0	0	919.6	4.95
10.5693	136.18	84.37	79.53	130.24	69.3	175.78	162.91	76.01	0	0	0	0	0	0	0	0	914.32	0
10.5793	124.3	78.32	72.93	132.33	71.5	180.4	167.53	80.3	0	0	0	0	0	0	0	0	907.61	0
10.5893	114.4	70.4	66.22	132.33	73.59	182.71	174.46	82.5	0	0	0	0	0	0	0	0	896.61	0
10.5993	103.62	64.46	57.31	132.33	75.79	184.91	179.08	84.7	0	0	0	0	0	0	0	0	882.2	0
10.6093	90.53	56.54	51.15	134.31	75.79	187.22	181.5	86.9	0	0	0	0	0	0	0	0	863.94	0
10.6193	79.64	47.08	45.21	134.31	75.79	187.22	186.12	86.9	0	0	0	0	0	0	0	0	842.27	0
10.6293	66.66	41.36	39.27	132.33	75.79	189.53	190.74	89.1	0	0	0	0	0	0	0	0	824.78	0
10.6393	55.88	35.75	33.44	132.33	75.79	189.53	193.05	91.19	0	0	0	0	0	0	0	0	806.96	0
10.6493	47.52	30.14	27.5	130.24	75.79	189.53	195.47	91.19	0	0	0	0	0	0	0	0	787.38	0
10.6593	39.27	24.42	21.56	128.15	75.79	189.53	197.78	91.19	0	0	0	0	0	0	0	0	767.69	0
10.6693	31.02	20.68	17.71	123.97	75.79	189.53	200.09	91.19	0	0	0	0	0	0	0	0	749.98	0
10.6793	28.93	18.81	15.73	121.99	73.59	189.53	202.4	93.39	0	0	0	0	0	0	0	0	744.37	0
10.6893	26.84	16.94	13.75	119.9	73.59	187.22	204.71	93.39	0	0	0	0	0	0	0	0	736.34	0
10.6993	22.77	13.09	11.77	115.72	71.5	187.22	207.02	93.39	0	0	0	0	0	0	0	0	722.48	0
10.7093	20.68	11.22	11.77	113.63	69.3	184.91	211.75	93.39	0	0	0	0	0	0	0	0	716.65	0
10.7192	18.59	9.35	9.79	109.45	67.21	184.91	211.75	95.59	0	0	0	0	0	0	0	0	706.64	0
10.7292	18.59	9.35	7.81	107.36	67.21	182.71	214.06	95.59	0	0	0	0	0	0	0	0	702.68	0
10.7392	16.5	7.48	7.81	103.07	65.01	182.71	216.37	97.79	0	0	0	0	0	0	0	0	696.74	0
10.7492	14.41	5.61	5.83	98.89	62.92	182.71	218.68	97.79	0	0	0	0	0	0	0	0	686.84	0
10.7592	12.32	3.74	5.83	96.8	60.72	180.4	223.41	99.99	0	0	0	0	0	0	0	0	683.21	0
10.7692	12.32	3.74	5.83	94.6	58.63	180.4	225.61	99.99	0	0	0	0	0	0	0	0	681.12	0
10.7792	10.34	3.74	3.85	90.42	58.63	180.4	227.92	102.08	0	0	0	0	0	0	0	0	677.38	0
10.7892	10.34	3.74	3.85	88.33	56.43	180.4	232.54	104.28	0	0	0	0	0	0	0	0	679.91	0
10.7992	10.34	3.74	3.85	86.13	56.43	180.4	234.85	104.28	0	0	0	0	0	0	0	0	680.02	0
10.8092	10.34	3.74	3.85	81.95	54.23	178.09	239.47	106.48	0	0	0	7.48	0	0	0	0	678.15	7.48
10.8192	10.34	3.74	3.85	77.66	54.23	178.09	243.98	108.68	0	0	0	7.48	0	0	0	0	680.57	7.48
10.8292	8.25	3.74	3.85	75.57	54.23	175.78	248.6	110.88	0	0	0	7.48	0	0	0	0	680.9	7.48
10.8392	8.25	3.74	3.85	71.28	52.03	173.47	255.53	113.08	18.26	0	0	7.48	0	0	0	0	681.23	25.74
10.8492	6.16	3.74	3.85	67.1	49.94	171.16	262.35	117.59	32.01	4.18	3.74	4.95	0	0	0	0	681.89	44.88
10.8592	6.16	3.74	0	62.81	49.94	168.96	266.97	119.9	45.76	8.36	5.61	4.95	0	0	0	0	678.48	64.68
10.8692	6.16	0	0	56.54	47.74	164.12	273.9	122.21	64.35	12.54	11.33	7.48	0	0	0	0	670.67	95.7
10.8792	6.16	3.74	0	50.16	45.54	161.7	278.52	124.52	88.22	18.81	17.05	7.48	0	0	0	0	670.34	131.56
10.8892	6.16	3.74	0	45.98	43.34	156.97	285.23	126.83	112.09	25.08	28.49	10.01	0	0	0	0	668.25	175.67
10.8992	4.07	0	0	39.71	41.25	152.13	289.85	129.03	130.35	35.53	41.8	25.19	0	4.95	0	0	656.04	237.82
10.9092	4.07	0	0	33.44	39.05	144.98	294.36	131.34	150.81	45.98	59.4	37.73	10.56	12.54	12.1	0	647.24	329.12
10.9192	0	0	0	25.08	36.85	135.41	296.67	133.65	180.73	52.25	74.69	40.26	12.65	15.07	18.15	5.5	627.66	399.3
10.9292	0	0	0	20.9	32.56	125.73	296.67	133.65	190.08	56.43	81.18	42.79	16.94	22.66	30.25	8.36	609.51	448.69
10.9392	0	0	0	14.63	30.36	109.12	294.36	133.65	206.47	64.9	98.56	47.85	19.03	40.26	40.37	11.11	582.12	528.55
10.9492	0	0	0	10.45	25.96	88	283.03	133.65	211.09	69.19	107.25	52.91	19.03	55.44	48.4	16.72	541.09	580.03
10.9592	0	0	0	8.36	25.96	64.46	260.15	133.65	220.55	73.48	118.36	55.44	21.12	67.54	54.45	19.47	492.58	630.41
10.9692	0	0	0	6.27	23.87	44.44	214.06	129.03	229.79	77.66	129.91	60.39	23.21	79.53	61.27	27.83	417.67	689.59
10.9792	0	0	0	4.18	23.87	29.59	149.38	119.9	236.72	81.95	139.15	65.45	23.21	89.1	68.42	36.19	326.92	740.19
10.9892	0	0	0	0	23.87	23.21	82.28	110.88	243.65	86.13	145.97	70.4	25.41	98.67	75.68	44.66	240.24	790.57
10.9992	0	0	0	0	21.67	14.74	47.3	97.79	250.58	90.42	152.9	75.46	27.5	108.24	78.1	53.02	181.5	836.22
11.0092	0	0	0	0	19.47	8.47	31.57	82.5	255.2	96.8	155.21	82.94	27.5	118.03	80.41	55.77	142.01	871.86
11.0192	0	0	0	0	12.98	4.18	22.55	58.63	257.51	103.18	157.52	90.53	29.59	128.15	82.83	61.49	98.34	910.8
11.0292	0	0	0	0	8.58	4.18	15.73	24.75	259.82	107.47	157.52	100.54	29.59	135.74	85.25	64.35	53.24	940.28
11.0392	0	0	0	0	6.49	0	9.02	0	255.2	111.65	155.21	110.55	29.59	145.75	85.25	67.32	15.51	960.52
11.0492	0	0	0	0	4.29	0	4.51	0	252.89	113.85	152.9	120.45	31.79	155.87	87.67	70.18	8.8	985.6
11.0592	0	0	0	0	0	0	0	0	245.96	115.94	148.28	127.93	31.79	163.46	87.67	73.15	0	994.18
11.0692	0	0	0	0	0	0	0	0	239.03	115.94	143.66	135.41	31.79	171.05	92.4	76.01	0	1005.29
11.0792	0	0	0	0	0	0	0	0	227.48	113.85	139.15	140.36	33.88	178.09	94.82	76.01	0	1003.64
11.0892	0	0	0	0	0	0	0	0	215.82	109.56	129.91	147.84	33.88	182.82	99.66	78.98	0	998.47
11.0992	0	0	0	0	0	0	0	0	204.16	107.47	125.29	152.79	35.97	189.86	101.97	81.84	0	999.35
11.1092	0	0	0	0	0	0	0	0	192.39	101.09	116.05	155.32	35.97	194.59	104.39	84.81	0	984.61
11.1192	0	0	0	0	0	0	0	0	178.42	96.8	109.45	157.85	35.97	199.32	106.81	87.67	0	972.29
11.1292	0	0	0	0	0	0	0	0	166.76	90.42	100.76	162.8	35.97	203.94	109.23	87.67	0	957.55
11.1392	0	0	0	0	0	0	0	0	150.81	84.04	92.07	167.97	38.06	208.67	111.65	90.53	0	943.8
11.1492	0	0	0	0	0	0	0	0	139.48	77.66	85.47	170.61	38.06	213.4	113.96	90.53	0	929.17
11.1592	0	0	0	0	0	0	0	0	125.84	71.28	76.78	173.25	38.06	218.13	116.27	93.5	0	913.11
11.1692	0	0	0	0	0	0	0	0	114.51	64.9	68.09	175.89	38.06	222.97	116.27	93.5	0	894.19
11.1792	0	0	0	0	0	0	0	0	102.52	58.63	59.4	178.53	38.06	227.81	118.58	93.5	0	877.03
11.1892	0	0	0	0	0	0	0	0	90.53	54.34	51.26	181.17	38.06	232.76	120.89	96.36	0	865.37
11.1992	0	0	0	0	0	0	0	0	81.07	48.07	45.54	183.81	38.06	237.6	123.2	96.36	0	853.71
11.2092	0	0	0	0	0	0	0	0	71.5	43.89	39.82	186.45	35.97	240.13	123.2	99.33	0	840.29
11.2192	0	0	0	0	0	0	0	0	64.35	39.71	36.08	183.81	35.97	244.97	125.62	102.19	0	832.7
11.2292	0	0	0	0	0	0	0	0	57.2	37.62	32.23	183.81	35.97	247.39	127.93	102.19	0	824.34
11.2392	0	0	0	0	0	0	0	0	52.58	33.44	28.49	183.81	35.97	252.34	132.55	105.16	0	824.34
11.2492	0	0	0	0	0	0	0	0	47.96	31.35	26.51	181.17	35.97	254.76	134.86	108.02	0	820.6
11.2592	0	0	0	0	0	0	0	0	41.14	29.26	22.77	181.17	35.97	254.76	139.59	110.99	0	815.65
11.2692	0	0	0	0	0	0	0	0	36.52	27.17	18.92	181.17	35.97	257.18	141.9	113.52	0	812.35
11.2792	0	0	0	0	0	0	0	0	29.7	22.99	17.05	181.17	35.97	259.71	144.21	116.05	0	806.85
11.2892	0	0	0	0	0	0	0	0	27.39	20.9	15.18	181.17	35.97	262.13	146.52	116.05	0	805.31
11.2992	0	0	0	0	0	0	0	0	22.88	18.81	13.2	181.17	35.97	264.55	148.83	121.11	0	806.52
11.3092	0	0	0	0	0	0	0	0	20.57	16.72	11.33	181.17	35.97	266.97	151.14	121.11	0	804.98
11.3192	0	0	0	0	0	0	0	0	20.57	14.63	9.46	181.17	35.97	269.5	153.56	123.64	0	808.5
11.3292	0	0	0	0	0	0	0	0	18.26	14.63	9.46	178.53	33.88	271.92	155.87	126.17	0	808.72
11.3392	0	0	0	0	0	0	0	0	15.95	12.54	7.59	178.53	33.88	274.34	158.18	128.7	0	809.71
11.3492	0	0	0	0	0	0	0	0	15.95	10.45	5.61	175.89	31.79	274.34	160.49	131.23	0	805.75
11.3592	0	0	0	0	0	0	0	0	13.64	10.45	5.61	175.89	31.79	276.76	160.49	133.76	0	808.39
11.3692	0	0	0	0	0	0	0	0	11.44	8.36	3.74	170.61	29.59	279.29	162.8	136.29	0	802.12
11.3792	0	0	0	0	0	0	0	0	11.44	8.36	3.74	167.97	27.5	279.29	165.11	138.82	0	802.23
11.3892	0	0	0	0	0	0	0	0	11.44	8.36	3.74	162.8	25.41	279.29	165.11	141.35	0	797.5
11.3992	0	0	0	0	0	0	0	0	11.44	6.27	0	157.85	23.21	281.71	167.53	141.35	0	789.36
11.4092	0	0	0	0	0	0	0	0	11.44	6.27	0	152.79	21.12	281.71	167.53	143.88	0	784.74
11.4192	4.07	0	0	0	0	0	0	0	9.13	6.27	0	145.42	19.03	281.71	167.53	146.41	4.07	775.5
11.4292	10.34	0	0	0	0	0	0	0	9.13	6.27	0	137.94	14.74	281.71	167.53	146.41	10.34	763.73
11.4392	20.68	7.48	3.85	0	0	0	0	0	9.13	6.27	0	127.93	12.65	279.29	167.53	148.94	32.01	751.74
11.4492	45.54	18.81	9.79	6.27	0	0	0	0	9.13	6.27	0	120.45	10.56	276.76	167.53	151.47	80.41	742.17
11.4592	120.34	43.34	31.46	20.9	4.29	4.18	6.71	0	6.82	4.18	0	110.55	10.56	276.76	167.53	151.47	231.22	727.87
11.4692	212.63	76.34	61.71	35.53	17.27	8.47	11.22	0	6.82	4.18	0	98.01	8.47	274.34	165.11	154	423.17	710.93
11.4792	216.7	76.34	68.42	35.53	15.18	10.56	13.53	0	6.82	4.18	0	85.47	8.47	266.97	165.11	156.53	436.26	693.55
11.4892	200.53	78.32	68.42	43.89	25.96	14.74	13.53	0	6.82	4.18	0	70.4	6.27	257.18	167.53	159.06	445.39	671.44
11.4992	190.3	80.3	70.62	48.07	25.96	23.21	20.24	0	4.51	4.18	0	55.44	6.27	242.55	167.53	161.59	458.7	642.07
11.5092	178.2	82.28	72.93	52.25	28.16	38.06	27.06	0	0	4.18	0	40.26	6.27	222.97	169.95	164.12	478.94	607.75
11.5192	180.18	88.33	77.33	58.63	25.96	52.91	36.08	4.51	0	0	0	30.14	6.27	194.59	169.95	164.12	523.93	565.07
11.5292	188.32	98.23	86.24	65.01	28.16	64.46	42.79	9.02	0	0	0	22.66	6.27	160.93	165.11	164.12	582.23	519.09
11.5392	202.51	108.13	95.15	71.28	30.36	73.81	49.61	11.22	0	0	0	17.6	6.27	118.03	153.56	159.06	642.07	454.52
11.5492	214.61	114.62	104.06	77.66	30.36	83.27	56.32	13.53	0	0	0	15.07	8.47	81.84	130.24	154	694.43	389.62
11.5592	222.75	121.22	113.08	81.95	32.56	92.62	63.36	15.73	0	0	0	12.54	8.47	55.44	97.24	143.88	743.27	317.57
11.5692	228.8	125.62	117.48	86.13	34.65	99.66	70.4	20.24	0	0	0	10.01	8.47	32.67	70.84	131.23	782.98	253.22
11.5792	232.87	127.82	121.88	90.42	36.85	106.7	77.55	22.55	0	0	0	4.95	6.27	22.66	54.45	108.02	816.64	196.35
11.5892	236.94	134.42	126.28	96.8	39.05	113.85	82.28	27.06	0	0	0	0	6.27	15.07	46.42	73.15	856.68	140.91
11.5992	236.94	136.62	126.28	103.07	41.25	121	87.01	31.57	0	0	0	0	4.18	10.01	36.3	30.69	883.74	81.18
11.6092	234.85	138.82	126.28	109.45	41.25	130.57	89.32	33.77	0	0	0	0	0	10.01	28.27	16.72	904.31	55
11.6192	230.89	138.82	126.28	115.72	43.34	137.72	94.05	38.28	0	0	0	0	0	7.48	16.06	11.11	925.1	34.65
11.6292	224.84	138.82	121.88	119.9	45.54	142.56	98.78	42.79	0	0	0	0	0	7.48	8.03	5.5	935.11	21.01
11.6392	216.7	136.62	119.68	126.06	47.74	152.13	103.51	45.1	0	0	0	4.95	0	4.95	3.96	0	947.54	13.86
11.6492	208.56	132.22	113.08	132.33	49.94	156.97	108.24	49.61	0	0	0	0	0	0	0	0	950.95	0
11.6592	198.44	125.62	108.57	136.4	52.03	164.12	113.08	54.12	0	0	0	0	0	0	0	0	952.38	0
11.6692	188.32	121.22	104.06	140.58	52.03	168.96	117.59	56.32	0	0	0	0	0	0	0	0	949.08	0
11.6792	178.2	114.62	97.46	142.67	56.43	173.47	124.41	60.72	0	0	0	0	0	0	0	0	947.98	0
11.6892	166.1	106.15	88.55	144.76	58.63	178.09	128.92	62.92	0	0	0	0	0	0	0	0	934.12	0
11.6992	156.09	98.23	81.84	148.83	60.72	180.4	133.43	67.32	0	0	0	0	0	0	0	0	926.86	0
11.7092	142.23	90.31	75.13	150.92	60.72	184.91	137.94	69.41	0	0	0	0	0	0	0	0	911.57	0
11.7192	130.24	82.28	66.22	150.92	62.92	187.22	142.56	71.61	0	0	0	0	0	0	0	0	893.97	0
11.7292	118.36	74.36	59.51	153.01	65.01	189.53	147.07	73.81	0	0	0	0	0	0	0	0	880.66	0
11.7392	105.82	66.44	53.13	153.01	65.01	191.84	149.38	73.81	0	0	0	0	0	0	0	0	858.44	0
11.7492	94.93	58.52	47.19	155.1	67.21	191.84	153.89	76.01	0	0	0	0	0	0	0	0	844.69	0
11.7592	84.04	52.69	41.25	155.1	67.21	194.15	156.09	76.01	0	0	0	0	0	0	0	0	826.54	0
11.7692	73.15	45.21	37.29	155.1	67.21	194.15	160.71	78.21	0	0	0	0	0	0	0	0	811.03	0
11.7792	62.26	39.49	33.44	153.01	67.21	196.46	162.91	80.3	0	0	0	0	0	0	0	0	795.08	0
11.7892	55.88	35.75	29.48	153.01	69.3	196.46	165.22	80.3	0	0	0	0	0	0	0	0	785.4	0
11.7992	47.52	30.14	25.52	153.01	69.3	196.46	169.84	82.5	0	0	0	0	0	0	0	0	774.29	0
11.8092	39.27	26.29	21.56	150.92	69.3	196.46	172.15	84.7	0	0	0	0	0	0	0	0	760.65	0
11.8192	33.11	22.55	17.71	150.92	69.3	196.46	176.77	84.7	0	0	0	0	0	0	0	0	751.52	0
11.8292	31.02	20.68	15.73	148.83	69.3	196.46	181.5	89.1	0	0	0	0	0	0	0	0	752.62	0
11.8392	28.93	18.81	15.73	146.74	69.3	196.46	183.81	91.19	0	0	0	0	0	0	0	0	750.97	0
11.8492	26.84	16.94	13.75	144.76	67.21	194.15	188.43	91.19	0	0	0	0	0	0	0	0	743.27	0
11.8592	24.75	15.07	11.77	142.67	67.21	194.15	190.74	93.39	0	0	0	0	0	0	0	0	739.75	0
11.8692	22.77	13.09	9.79	140.58	65.01	194.15	193.05	95.59	0	0	0	0	0	0	0	0	734.03	0
11.8792	20.68	11.22	9.79	136.4	65.01	194.15	197.78	97.79	0	0	0	0	0	0	0	0	732.82	0
11.8892	18.59	11.22	7.81	134.31	65.01	194.15	200.09	97.79	0	0	0	0	0	0	0	0	728.97	0
11.8992	16.5	9.35	7.81	132.33	62.92	194.15	202.4	99.99	0	0	0	4.95	0	4.95	0	0	725.45	9.9
11.9092	16.5	7.48	5.83	128.15	62.92	191.84	207.02	102.08	0	0	0	4.95	0	0	0	0	721.82	4.95
11.9192	14.41	7.48	5.83	123.97	60.72	191.84	209.44	104.28	0	0	0	4.95	0	0	0	0	717.97	4.95
11.9292	12.32	5.61	3.85	119.9	58.63	189.53	214.06	106.48	0	0	0	4.95	0	0	0	0	710.38	4.95
11.9392	10.34	5.61	3.85	115.72	58.63	189.53	216.37	108.68	0	0	0	4.95	0	0	0	0	708.73	4.95
11.9492	10.34	5.61	3.85	111.65	56.43	187.22	220.99	110.88	6.82	0	0	0	0	0	0	0	706.97	6.82
11.9592	10.34	5.61	3.85	107.36	54.23	187.22	223.41	110.88	18.26	0	0	0	0	0	0	0	702.9	18.26
11.9692	8.25	3.74	3.85	100.98	54.23	182.71	227.92	113.08	27.39	0	0	0	0	0	0	0	694.76	27.39
11.9792	8.25	3.74	0	96.8	52.03	182.71	232.54	115.28	36.52	0	3.74	0	0	0	0	0	691.35	40.26
11.9892	8.25	3.74	0	88.33	49.94	178.09	237.16	117.59	43.45	6.27	5.61	0	0	0	0	0	683.1	55.33
11.9992	6.16	3.74	0	81.95	47.74	175.78	241.78	122.21	57.2	10.45	9.46	4.95	0	0	0	0	679.36	82.06
12.0092	6.16	3.74	0	73.48	43.34	173.47	246.29	122.21	78.65	18.81	18.92	10.01	0	0	0	0	668.69	126.39
12.0192	6.16	3.74	0	67.1	41.25	168.96	250.91	124.52	104.94	31.35	32.23	27.72	0	4.95	0	0	662.64	201.19
12.0292	4.07	0	0	58.63	39.05	161.7	255.53	126.83	150.81	48.07	51.26	37.73	12.65	12.54	14.08	5.5	645.81	332.64
12.0392	4.07	3.74	0	48.07	36.85	156.97	257.84	129.03	180.73	56.43	63.8	40.26	12.65	17.6	20.13	8.36	636.57	399.96
12.0492	4.07	3.74	0	37.62	32.56	144.98	260.15	131.34	187.77	60.72	72.49	45.32	16.94	27.72	32.23	11.11	614.46	454.3
12.0592	0	3.74	0	29.26	30.36	132.99	260.15	131.34	197.12	69.19	83.38	50.38	16.94	42.79	40.37	13.86	587.84	514.03
12.0692	0	0	0	22.99	25.96	113.85	257.84	131.34	201.74	73.48	89.87	52.91	19.03	55.44	46.42	16.72	551.98	555.61
12.0792	0	0	0	16.72	25.96	90.31	246.29	129.03	211.09	75.57	98.56	57.97	21.12	67.54	54.45	22.33	508.31	608.63
12.0892	0	0	0	12.54	23.87	69.19	220.99	129.03	220.55	79.86	109.45	60.39	21.12	79.53	58.85	27.83	455.62	657.58
12.0992	0	0	0	10.45	23.87	50.82	174.46	122.21	227.48	84.04	116.05	65.45	23.21	86.68	63.69	36.19	381.81	702.79
12.1092	0	0	0	8.36	23.87	35.97	113.08	115.28	234.41	88.33	122.98	67.98	23.21	93.83	70.84	44.66	296.56	746.24
12.1192	0	0	0	6.27	21.67	27.5	58.63	106.48	241.34	90.42	132.22	72.93	25.41	103.4	73.26	50.16	220.55	789.14
12.1292	0	0	0	4.18	19.47	16.94	38.28	91.19	245.96	94.71	136.84	77.99	25.41	108.24	78.1	55.77	170.06	823.02
12.1392	0	0	0	0	17.27	10.56	24.75	73.81	252.89	98.89	139.15	82.94	27.5	118.03	80.41	58.63	126.39	858.44
12.1491	0	0	0	0	12.98	6.27	18.04	51.81	255.2	103.18	141.35	88	27.5	125.62	82.83	64.35	89.1	888.03
12.1591	0	0	0	0	6.49	6.27	13.53	20.24	255.2	107.47	141.35	95.48	29.59	133.21	85.25	67.32	46.53	914.87
12.1691	0	0	0	0	4.29	0	6.71	0	252.89	111.65	141.35	102.96	29.59	140.8	87.67	70.18	11	937.09
12.1791	0	0	0	0	4.29	0	4.51	0	250.58	113.85	139.15	110.55	29.59	150.81	87.67	73.15	8.8	955.35
12.1891	0	0	0	0	0	0	0	0	245.96	115.94	136.84	118.03	31.79	155.87	89.98	73.15	0	967.56
12.1991	0	0	0	0	0	0	0	0	239.03	115.94	132.22	125.51	31.79	163.46	92.4	76.01	0	976.36
12.2091	0	0	0	0	0	0	0	0	232.1	115.94	129.91	130.46	31.79	171.05	92.4	78.98	0	982.63
12.2191	0	0	0	0	0	0	0	0	222.86	113.85	125.29	137.94	33.88	175.67	94.82	81.84	0	986.15
12.2291	0	0	0	0	0	0	0	0	211.09	109.56	118.36	142.89	33.88	182.82	97.24	84.81	0	980.65
12.2391	0	0	0	0	0	0	0	0	199.43	105.27	113.85	147.84	33.88	187.44	99.66	84.81	0	972.18
12.2491	0	0	0	0	0	0	0	0	187.77	103.18	107.25	150.37	33.88	192.17	101.97	87.67	0	964.26
12.2591	0	0	0	0	0	0	0	0	173.69	96.8	98.56	155.32	35.97	196.9	106.81	90.53	0	954.58
12.2691	0	0	0	0	0	0	0	0	162.14	90.42	92.07	157.85	35.97	203.94	109.23	90.53	0	942.15
12.2791	0	0	0	0	0	0	0	0	150.81	86.13	85.47	160.27	35.97	206.36	113.96	93.5	0	932.47
12.2891	0	0	0	0	0	0	0	0	139.48	79.86	78.98	162.8	38.06	211.09	116.27	93.5	0	920.04
12.2991	0	0	0	0	0	0	0	0	130.35	75.57	74.69	167.97	38.06	215.82	118.58	96.36	0	917.4
12.3091	0	0	0	0	0	0	0	0	121.22	71.28	68.09	170.61	38.06	220.55	120.89	96.36	0	907.06
12.3191	0	0	0	0	0	0	0	0	112.09	64.9	61.6	173.25	38.06	225.39	120.89	99.33	0	895.51
12.3291	0	0	0	0	0	0	0	0	102.52	60.72	57.2	175.89	38.06	227.81	125.62	99.33	0	887.15
12.3391	0	0	0	0	0	0	0	0	92.95	56.43	53.13	178.53	38.06	235.18	127.93	102.19	0	884.4
12.3491	0	0	0	0	0	0	0	0	83.38	52.25	47.41	178.53	38.06	237.6	130.24	102.19	0	869.66
12.3591	0	0	0	0	0	0	0	0	76.23	48.07	43.67	181.17	40.26	242.55	134.86	105.16	0	871.97
12.3691	0	0	0	0	0	0	0	0	69.08	43.89	39.82	181.17	38.06	244.97	139.59	108.02	0	864.6
12.3791	0	0	0	0	0	0	0	0	64.35	41.8	36.08	181.17	40.26	249.92	141.9	108.02	0	863.5
12.3891	0	0	0	0	0	0	0	0	57.2	37.62	32.23	183.81	38.06	252.34	144.21	110.99	0	856.46
12.3991	0	0	0	0	0	0	0	0	50.27	35.53	28.49	181.17	38.06	257.18	148.83	113.52	0	853.05
12.4091	0	0	0	0	0	0	0	0	45.76	31.35	26.51	181.17	38.06	257.18	151.14	116.05	0	847.22
12.4191	0	0	0	0	0	0	0	0	38.83	29.26	22.77	181.17	38.06	262.13	153.56	118.58	0	844.36
12.4291	0	0	0	0	0	0	0	0	34.32	25.08	18.92	181.17	38.06	264.55	158.18	118.58	0	838.86
12.4391	0	0	0	0	0	0	0	0	27.39	20.9	15.18	181.17	38.06	264.55	160.49	121.11	0	828.85
12.4491	0	0	0	0	0	0	0	0	22.88	18.81	11.33	178.53	38.06	266.97	165.11	123.64	0	825.33
12.4591	0	0	0	0	0	0	0	0	20.57	16.72	11.33	178.53	35.97	269.5	169.95	126.17	0	828.74
12.4691	0	0	0	0	0	0	0	0	18.26	14.63	9.46	175.89	35.97	271.92	172.37	131.23	0	829.73
12.4791	0	0	0	0	0	0	0	0	15.95	12.54	7.59	173.25	33.88	271.92	174.79	131.23	0	821.15
12.4891	0	0	0	0	0	0	0	0	13.64	10.45	5.61	167.97	33.88	274.34	177.21	133.76	0	816.86
12.4991	0	0	0	0	0	0	0	0	13.64	8.36	5.61	162.8	31.79	274.34	179.63	136.29	0	812.46
12.5091	0	0	0	0	0	0	0	0	11.44	8.36	3.74	157.85	29.59	274.34	182.16	138.82	0	806.3
12.5191	4.07	0	0	0	0	0	0	0	11.44	6.27	3.74	150.37	25.41	274.34	184.58	138.82	4.07	794.97
12.5291	10.34	0	0	0	0	0	0	0	11.44	6.27	0	142.89	23.21	274.34	184.58	143.88	10.34	786.61
12.5391	16.5	5.61	0	0	0	0	0	0	11.44	6.27	0	135.41	19.03	274.34	187	143.88	22.11	777.37
12.5491	26.84	9.35	3.85	0	0	0	0	0	9.13	6.27	0	125.51	16.94	271.92	187	146.41	40.04	763.18
12.5591	45.54	16.94	9.79	0	0	0	0	0	9.13	6.27	0	118.03	14.74	269.5	189.42	148.94	72.27	756.03
12.5691	77.55	30.14	21.56	6.27	0	0	0	0	9.13	4.18	0	105.49	12.65	266.97	189.42	151.47	135.52	739.31
12.5791	112.42	43.34	35.42	22.99	4.29	0	6.71	0	6.82	4.18	0	95.48	10.56	264.55	189.42	154	225.17	725.01
12.5891	138.16	56.54	45.21	31.35	17.27	6.27	9.02	0	6.82	4.18	0	85.47	8.47	262.13	187	154	303.82	708.07
12.5991	150.15	62.48	51.15	35.53	17.27	8.47	11.22	0	6.82	4.18	0	72.93	8.47	254.76	189.42	156.53	336.27	693.11
12.6091	150.15	68.42	55.11	45.98	28.16	12.65	15.73	0	6.82	4.18	0	62.92	6.27	247.39	187	159.06	376.2	673.64
12.6191	152.13	76.34	61.71	54.34	28.16	21.12	20.24	0	6.82	4.18	0	50.38	6.27	237.6	187	161.59	414.04	653.84
12.6291	146.19	78.32	61.71	58.63	32.56	33.88	27.06	0	4.51	4.18	0	37.73	6.27	220.55	187	164.12	438.35	624.36
12.6391	146.19	82.28	66.22	65.01	34.65	46.53	33.77	4.51	4.51	0	0	27.72	6.27	201.63	187	164.12	479.16	591.25
12.6491	154.11	90.31	72.93	73.48	36.85	57.42	40.59	6.71	0	0	0	20.13	6.27	173.36	184.58	161.59	532.4	545.93
12.6591	166.1	98.23	84.04	79.75	39.05	69.19	51.81	9.02	0	0	0	17.6	6.27	135.74	174.79	161.59	597.19	495.99
12.6691	180.18	106.15	92.95	86.13	41.25	78.54	63.36	13.53	0	0	0	12.54	6.27	98.67	158.18	156.53	662.09	432.19
12.6791	190.3	110.22	101.86	88.33	41.25	85.58	72.82	15.73	0	0	0	10.01	6.27	69.85	127.93	148.94	706.09	363
12.6891	200.53	114.62	110.77	92.51	45.54	95.04	84.59	18.04	0	0	0	7.48	6.27	45.32	94.82	138.82	761.64	292.71
12.6991	208.56	116.82	117.48	94.6	47.74	99.66	94.05	20.24	0	0	0	4.95	6.27	27.72	63.69	123.64	799.15	226.27
12.7091	214.61	121.22	124.08	96.8	49.94	106.7	101.2	22.55	0	0	0	0	6.27	17.6	50.38	102.19	837.1	176.44
12.7191	220.77	123.42	128.48	98.89	52.03	111.43	110.66	24.75	0	0	0	0	4.18	12.54	40.37	61.49	870.43	118.58
12.7291	220.77	125.62	130.68	103.07	56.43	118.58	117.59	29.26	0	0	0	0	0	10.01	30.25	25.08	902	65.34
12.7391	218.68	125.62	130.68	107.36	56.43	125.73	122.1	31.57	0	0	0	0	0	10.01	20.13	16.72	918.17	46.86
12.7491	214.61	125.62	128.48	113.63	58.63	132.99	126.61	36.08	0	0	0	4.95	0	7.48	8.03	8.36	936.65	28.82
12.7591	210.65	125.62	126.28	117.81	60.72	140.14	131.23	38.28	0	0	0	4.95	0	4.95	0	0	950.73	9.9
12.7691	204.49	123.42	124.08	121.99	62.92	144.98	135.74	40.59	0	0	0	4.95	0	0	0	0	958.21	4.95
12.7791	198.44	121.22	119.68	126.06	62.92	149.71	140.25	45.1	0	0	0	4.95	0	0	0	0	963.38	4.95
12.7891	190.3	116.82	115.28	130.24	65.01	154.55	142.56	47.3	0	0	0	0	0	0	0	0	962.06	0
12.7991	182.27	112.42	110.77	132.33	65.01	156.97	147.07	49.61	0	0	0	0	0	0	0	0	956.45	0
12.8091	174.13	106.15	104.06	134.31	67.21	161.7	149.38	51.81	0	0	0	0	0	0	0	0	948.75	0
12.8191	162.03	100.21	97.46	136.4	69.3	164.12	153.89	51.81	0	0	0	0	0	0	0	0	935.22	0
12.8291	152.13	94.27	88.55	136.4	69.3	166.54	158.4	54.12	0	0	0	0	0	0	0	0	919.71	0
12.8391	140.25	86.35	81.84	138.49	71.5	168.96	160.71	56.32	0	0	0	0	0	0	0	0	904.42	0
12.8491	130.24	78.32	72.93	140.58	71.5	171.16	162.91	56.32	0	0	0	0	0	0	0	0	883.96	0
12.8591	118.36	72.38	66.22	140.58	73.59	175.78	165.22	58.63	0	0	0	0	0	0	0	0	870.76	0
12.8691	108.02	66.44	59.51	140.58	73.59	175.78	169.84	58.63	0	0	0	0	0	0	0	0	852.39	0
12.8791	97.13	58.52	53.13	142.67	73.59	178.09	172.15	60.72	0	0	0	0	0	0	0	0	836	0
12.8891	86.24	52.69	47.19	142.67	75.79	180.4	174.46	62.92	0	0	0	0	0	0	0	0	822.36	0
12.8991	77.55	47.08	43.23	142.67	73.59	182.71	176.77	62.92	0	0	0	0	0	0	0	0	806.52	0
12.9091	68.75	43.34	39.27	144.76	75.79	184.91	181.5	65.12	0	0	0	0	0	0	0	0	803.44	0
12.9191	62.26	39.49	35.42	142.67	77.88	184.91	183.81	67.32	0	0	0	0	0	0	0	0	793.76	0
12.9291	55.88	35.75	31.46	142.67	75.79	187.22	186.12	67.32	0	0	0	0	0	0	0	0	782.21	0
12.9391	49.61	32.01	29.48	142.67	77.88	187.22	188.43	69.41	0	0	0	0	0	0	0	0	776.71	0
12.9491	43.45	28.16	25.52	142.67	77.88	189.53	193.05	71.61	0	0	0	0	0	0	0	0	771.87	0
12.9591	39.27	26.29	21.56	142.67	77.88	189.53	195.47	73.81	0	0	0	0	0	0	0	0	766.48	0
12.9691	35.09	22.55	19.58	140.58	77.88	191.84	197.78	76.01	0	0	0	0	0	0	0	0	761.31	0
12.9791	31.02	20.68	17.71	140.58	77.88	191.84	202.4	76.01	0	0	0	0	0	0	0	0	758.12	0
12.9891	28.93	18.81	17.71	140.58	77.88	191.84	204.71	78.21	0	0	0	0	0	0	0	0	758.67	0
12.9991	26.84	16.94	15.73	140.58	77.88	194.15	207.02	78.21	0	0	0	0	0	0	0	0	757.35	0
13.0091	24.75	16.94	13.75	138.49	77.88	194.15	211.75	80.3	0	0	0	0	0	0	0	0	758.01	0
13.0191	22.77	15.07	13.75	138.49	75.79	194.15	214.06	82.5	0	0	0	0	0	0	0	0	756.58	0
13.0291	22.77	13.09	11.77	136.4	75.79	194.15	216.37	84.7	0	0	0	4.95	0	0	0	0	755.04	4.95
13.0391	20.68	11.22	9.79	134.31	75.79	194.15	220.99	84.7	0	0	0	7.48	0	0	0	0	751.63	7.48
13.0491	18.59	11.22	7.81	130.24	73.59	191.84	225.61	86.9	0	0	0	7.48	0	0	0	0	745.8	7.48
13.0591	16.5	9.35	7.81	126.06	71.5	191.84	227.92	89.1	0	0	0	4.95	0	0	0	0	740.08	4.95
13.0691	14.41	7.48	5.83	121.99	69.3	191.84	232.54	91.19	18.26	0	0	4.95	0	0	0	0	734.58	23.21
13.0791	12.32	5.61	5.83	115.72	67.21	189.53	239.47	91.19	34.32	4.18	3.74	4.95	0	0	0	0	726.88	47.19
13.0891	10.34	5.61	3.85	107.36	65.01	184.91	243.98	95.59	50.27	8.36	7.59	0	0	0	0	0	716.65	66.22
13.0991	10.34	5.61	3.85	98.89	62.92	182.71	248.6	95.59	78.65	14.63	13.2	4.95	0	0	0	0	708.51	111.43
13.1091	8.25	5.61	3.85	90.42	58.63	178.09	255.53	97.79	109.67	22.99	24.64	7.48	0	0	0	0	698.17	164.78
13.1191	8.25	3.74	0	81.95	54.23	175.78	260.15	99.99	130.35	31.35	34.1	12.54	0	0	0	0	684.09	208.34
13.1291	8.25	3.74	0	73.48	49.94	168.96	262.35	102.08	141.68	41.8	45.54	32.67	0	4.95	0	0	668.8	266.64
13.1391	6.16	3.74	0	62.81	45.54	161.7	264.66	102.08	176.11	56.43	59.4	40.26	6.27	10.01	6.05	8.36	646.69	362.89
13.1491	6.16	3.74	0	52.25	41.25	154.55	266.97	104.28	190.08	60.72	68.09	42.79	10.56	15.07	12.1	5.5	629.2	404.91
13.1591	4.07	3.74	0	39.71	36.85	142.56	269.28	104.28	192.39	67.1	74.69	45.32	14.74	22.66	22.11	11.11	600.49	450.12
13.1691	4.07	3.74	0	29.26	32.56	128.15	269.28	104.28	204.16	73.48	85.47	52.91	14.74	35.2	30.25	13.86	571.34	510.07
13.1791	0	3.74	0	22.99	28.16	111.43	264.66	104.28	208.78	77.66	92.07	57.97	16.94	47.85	36.3	16.72	535.26	554.29
13.1891	0	0	0	16.72	23.87	88	253.22	104.28	218.13	81.95	102.96	60.39	19.03	60.28	42.35	19.47	486.09	604.56
13.1991	0	0	0	12.54	21.67	66.77	227.92	102.08	227.48	86.13	111.65	65.45	19.03	69.85	46.42	25.08	430.98	651.09
13.2091	0	0	0	10.45	19.47	46.53	183.81	99.99	236.72	92.51	120.67	70.4	21.12	79.53	52.47	27.83	360.25	701.25
13.2191	0	0	0	8.36	19.47	31.79	126.61	93.39	243.65	96.8	127.6	72.93	21.12	86.68	56.54	36.19	279.62	741.51
13.2291	0	0	0	6.27	19.47	23.21	70.4	84.7	252.89	101.09	134.53	77.99	23.21	93.83	58.85	41.8	204.05	784.19
13.2391	0	0	0	4.18	17.27	14.74	40.59	73.81	259.82	107.47	141.35	82.94	25.41	101.09	61.27	44.66	150.59	824.01
13.2491	0	0	0	0	15.18	10.56	27.06	58.63	266.75	111.65	145.97	90.53	25.41	108.24	63.69	47.41	111.43	859.65
13.2591	0	0	0	0	12.98	6.27	20.24	38.28	271.37	118.14	148.28	98.01	25.41	115.5	66.11	53.02	77.77	895.84
13.2691	0	0	0	0	8.58	4.18	13.53	15.73	273.68	122.54	148.28	105.49	25.41	123.09	66.11	55.77	42.02	920.37
13.2791	0	0	0	0	4.29	0	6.71	0	273.68	126.83	150.59	113.08	27.5	130.68	68.42	55.77	11	946.55
13.2891	0	0	0	0	0	0	4.51	0	273.68	129.03	150.59	120.45	27.5	135.74	68.42	58.63	4.51	964.04
13.2991	0	0	0	0	0	0	0	0	271.37	133.32	148.28	127.93	27.5	143.22	68.42	61.49	0	981.53
13.3091	0	0	0	0	0	0	0	0	269.06	133.32	148.28	132.88	27.5	148.28	68.42	61.49	0	989.23
13.3191	0	0	0	0	0	0	0	0	264.44	135.52	145.97	137.94	29.59	153.34	70.84	61.49	0	999.13
13.3291	0	0	0	0	0	0	0	0	257.51	135.52	143.66	142.89	29.59	158.4	70.84	64.35	0	1002.76
13.3391	0	0	0	0	0	0	0	0	250.58	133.32	139.15	147.84	29.59	160.93	70.84	64.35	0	996.6
13.3491	0	0	0	0	0	0	0	0	243.65	131.23	136.84	150.37	29.59	165.99	73.26	67.32	0	998.25
13.3591	0	0	0	0	0	0	0	0	234.41	129.03	132.22	155.32	29.59	168.52	75.68	67.32	0	992.09
13.3691	0	0	0	0	0	0	0	0	225.17	124.63	127.6	157.85	29.59	173.36	75.68	67.32	0	981.2
13.3791	0	0	0	0	0	0	0	0	215.82	122.54	122.98	160.27	31.79	175.67	78.1	70.18	0	977.35
13.3891	0	0	0	0	0	0	0	0	208.78	118.14	116.05	162.8	31.79	178.09	80.41	70.18	0	966.24
13.3991	0	0	0	0	0	0	0	0	199.43	113.85	111.65	165.33	31.79	182.82	80.41	70.18	0	955.46
13.4091	0	0	0	0	0	0	0	0	190.08	109.56	107.25	167.97	31.79	185.13	82.83	73.15	0	947.76
13.4191	0	0	0	0	0	0	0	0	180.73	105.27	102.96	170.61	31.79	189.86	82.83	73.15	0	937.2
13.4291	0	0	0	0	0	0	0	0	171.38	101.09	98.56	173.25	33.88	192.17	82.83	76.01	0	929.17
13.4391	0	0	0	0	0	0	0	0	164.45	96.8	94.27	175.89	33.88	196.9	85.25	76.01	0	923.45
13.4491	0	0	0	0	0	0	0	0	155.32	92.51	89.87	178.53	33.88	201.63	87.67	76.01	0	915.42
13.4591	0	0	0	0	0	0	0	0	148.5	88.33	85.47	181.17	33.88	203.94	87.67	78.98	0	907.94
13.4691	0	0	0	0	0	0	0	0	141.68	84.04	83.38	183.81	33.88	208.67	89.98	78.98	0	904.42
13.4791	0	0	0	0	0	0	0	0	134.86	81.95	78.98	186.45	35.97	213.4	92.4	81.84	0	905.85
13.4891	0	0	0	0	0	0	0	0	128.04	77.66	76.78	189.09	35.97	215.82	92.4	84.81	0	900.57
13.4991	0	0	0	0	0	0	0	0	121.22	73.48	72.49	191.73	35.97	220.55	97.24	84.81	0	897.49
13.5091	0	0	0	0	0	0	0	0	114.51	71.28	68.09	197.12	35.97	225.39	97.24	87.67	0	897.27
13.5191	0	0	0	0	0	0	0	0	109.67	67.1	63.8	199.76	35.97	230.34	99.66	87.67	0	893.97
13.5291	0	0	0	0	0	0	0	0	102.52	64.9	61.6	202.4	38.06	235.18	101.97	90.53	0	897.16
13.5391	0	0	0	0	0	0	0	0	95.37	60.72	57.2	207.68	38.06	240.13	106.81	93.5	0	899.47
13.5491	0	0	0	0	0	0	0	0	88.22	56.43	53.13	210.32	38.06	244.97	109.23	93.5	0	893.86
13.5591	0	0	0	0	0	0	0	0	83.38	54.34	49.39	212.96	38.06	249.92	111.65	99.33	0	899.03
13.5691	0	0	0	4.18	0	0	0	0	78.65	50.16	45.54	215.6	38.06	257.18	113.96	102.19	4.18	901.34
13.5790	0	0	0	4.18	0	0	0	0	71.5	48.07	41.8	218.24	40.26	262.13	118.58	105.16	4.18	905.74
13.5890	0	0	0	0	0	0	0	0	64.35	43.89	37.95	218.24	40.26	264.55	123.2	108.02	0	900.46
13.5990	0	0	0	0	0	0	0	0	57.2	39.71	34.1	218.24	40.26	269.5	127.93	110.99	0	897.93
13.6090	0	0	0	0	0	0	0	0	50.27	35.53	28.49	218.24	38.06	274.34	132.55	116.05	0	893.53
13.6190	0	0	0	0	0	0	0	0	43.45	31.35	24.64	215.6	38.06	276.76	137.17	118.58	0	885.61
13.6290	0	0	0	0	0	0	0	0	36.52	27.17	18.92	210.32	38.06	279.29	141.9	123.64	0	875.82
13.6390	4.07	0	0	0	0	0	0	0	27.39	22.99	15.18	207.68	38.06	281.71	146.52	128.7	4.07	868.23
13.6490	6.16	0	0	0	0	0	0	0	22.88	18.81	11.33	202.4	35.97	281.71	151.14	131.23	6.16	855.47
13.6590	10.34	0	0	0	0	0	0	0	20.57	16.72	9.46	194.37	33.88	281.71	153.56	136.29	10.34	846.56
13.6690	14.41	3.74	0	0	0	0	0	0	15.95	12.54	5.61	186.45	31.79	281.71	158.18	138.82	18.15	831.05
13.6790	18.59	5.61	0	0	0	0	0	0	13.64	10.45	5.61	175.89	29.59	284.13	160.49	141.35	24.2	821.15
13.6890	28.93	9.35	5.83	0	0	0	0	0	13.64	8.36	3.74	167.97	25.41	281.71	162.8	141.35	44.11	804.98
13.6990	43.45	16.94	9.79	4.18	0	0	4.51	0	11.44	8.36	3.74	157.85	23.21	281.71	162.8	143.88	78.87	792.99
13.7090	73.15	30.14	19.58	10.45	4.29	0	4.51	0	11.44	8.36	3.74	145.42	19.03	279.29	162.8	143.88	142.12	773.96
13.7190	114.4	45.21	31.46	27.17	10.78	4.18	9.02	0	11.44	6.27	0	135.41	14.74	276.76	162.8	143.88	242.22	751.3
13.7290	146.19	58.52	45.21	31.35	15.18	8.47	11.22	0	9.13	6.27	0	120.45	10.56	271.92	162.8	143.88	316.14	725.01
13.7390	148.17	62.48	49.17	37.62	19.47	12.65	13.53	0	9.13	6.27	0	105.49	8.47	266.97	162.8	146.41	343.09	705.54
13.7490	144.21	66.44	51.15	43.89	23.87	16.94	15.73	0	9.13	6.27	0	88	6.27	259.71	162.8	146.41	362.23	678.59
13.7590	140.25	70.4	53.13	50.16	23.87	25.41	20.24	0	6.82	6.27	0	70.4	6.27	249.92	165.11	146.41	383.46	651.2
13.7690	142.23	74.36	57.31	54.34	23.87	35.97	22.55	0	6.82	4.18	0	55.44	6.27	237.6	167.53	148.94	410.63	626.78
13.7790	146.19	82.28	61.71	60.72	23.87	48.73	27.06	4.51	6.82	4.18	0	40.26	6.27	218.13	169.95	148.94	455.07	594.55
13.7890	152.13	88.33	66.22	69.19	25.96	59.73	33.77	6.71	4.51	4.18	0	27.72	6.27	194.59	172.37	148.94	502.04	558.58
13.7990	160.05	96.25	72.93	75.57	25.96	69.19	38.28	6.71	0	0	0	22.66	6.27	163.46	169.95	148.94	544.94	511.28
13.8090	168.08	102.19	79.53	81.95	28.16	78.54	42.79	9.02	0	0	0	15.07	6.27	123.09	160.49	146.41	590.26	451.33
13.8190	176.22	108.13	84.04	86.13	30.36	85.58	49.61	11.22	0	0	0	12.54	6.27	89.1	141.9	138.82	631.29	388.63
13.8290	182.27	112.42	90.75	90.42	32.56	92.62	56.32	13.53	0	0	0	10.01	6.27	60.28	113.96	133.76	670.89	324.28
13.8390	190.3	119.02	95.15	94.6	34.65	99.66	63.36	15.73	0	0	0	7.48	8.47	40.26	80.41	123.64	712.47	260.26
13.8490	198.44	123.42	101.86	100.98	36.85	109.12	70.4	18.04	0	0	0	4.95	6.27	25.19	58.85	108.02	759.11	203.28
13.8590	204.49	130.02	108.57	107.36	39.05	116.16	77.55	20.24	0	0	0	0	6.27	17.6	46.42	84.81	803.44	155.1
13.8690	208.56	134.42	110.77	113.63	41.25	123.42	82.28	24.75	0	0	0	0	4.18	12.54	38.28	50.16	839.08	105.16
13.8790	210.65	136.62	113.08	117.81	43.34	132.99	89.32	27.06	0	0	0	0	0	10.01	30.25	22.33	870.87	62.59
13.8890	210.65	136.62	113.08	123.97	45.54	140.14	96.47	29.26	0	0	0	0	0	7.48	20.13	13.86	895.73	41.47
13.8990	206.58	138.82	113.08	128.15	47.74	147.29	101.2	33.77	0	0	0	0	0	7.48	10.01	8.36	916.63	25.85
13.9090	204.49	136.62	113.08	132.33	49.94	154.55	108.24	38.28	0	0	0	0	0	4.95	3.96	0	937.53	8.91
13.9190	198.44	134.42	110.77	136.4	52.03	159.28	113.08	40.59	0	0	0	0	0	4.95	0	0	945.01	4.95
13.9290	194.37	130.02	108.57	140.58	54.23	166.54	117.59	42.79	0	0	0	0	0	0	0	0	954.69	0
13.9390	188.32	127.82	104.06	144.76	54.23	168.96	124.41	47.3	0	0	0	0	0	0	0	0	959.86	0
13.9490	180.18	121.22	99.66	146.74	56.43	173.47	128.92	47.3	0	0	0	0	0	0	0	0	953.92	0
13.9590	172.15	116.82	95.15	148.83	58.63	178.09	133.43	49.61	0	0	0	0	0	0	0	0	952.71	0
13.9690	164.01	110.22	90.75	150.92	60.72	180.4	137.94	51.81	0	0	0	0	0	0	0	0	946.77	0
13.9790	154.11	104.17	84.04	153.01	62.92	182.71	142.56	54.12	0	0	0	0	0	0	0	0	937.64	0
13.9890	146.19	98.23	79.53	153.01	62.92	187.22	147.07	58.63	0	0	0	0	0	0	0	0	932.8	0
13.9990	136.18	90.31	70.62	155.1	65.01	189.53	149.38	60.72	0	0	0	0	0	0	0	0	916.85	0
14.0090	126.28	84.37	64.02	155.1	65.01	191.84	153.89	62.92	0	0	0	0	0	0	0	0	903.43	0
14.0190	116.38	76.34	59.51	157.08	67.21	194.15	156.09	65.12	0	0	0	0	0	0	0	0	891.88	0
14.0290	105.82	70.4	53.13	157.08	67.21	196.46	158.4	67.32	0	0	0	0	0	0	0	0	875.82	0
14.0390	94.93	62.48	49.17	159.17	67.21	196.46	160.71	69.41	0	0	0	0	0	0	0	0	859.54	0
14.0490	86.24	56.54	43.23	159.17	67.21	198.66	160.71	71.61	0	0	0	0	0	0	0	0	843.37	0
14.0590	75.35	50.82	39.27	161.26	67.21	200.97	162.91	71.61	0	0	0	0	0	0	0	0	829.4	0
14.0690	66.66	45.21	35.42	161.26	67.21	200.97	162.91	73.81	0	0	0	0	0	0	0	0	813.45	0
14.0790	60.06	39.49	29.48	161.26	69.3	203.28	165.22	76.01	0	0	0	0	0	0	0	0	804.1	0
14.0890	51.7	35.75	27.5	161.26	69.3	203.28	165.22	76.01	0	0	0	0	0	0	0	0	790.02	0
14.0990	45.54	32.01	23.54	161.26	69.3	203.28	167.53	78.21	0	0	0	0	0	0	0	0	780.67	0
14.1090	39.27	28.16	19.58	161.26	67.21	203.28	167.53	78.21	0	0	0	0	0	0	0	0	764.5	0
14.1190	35.09	24.42	17.71	161.26	67.21	203.28	169.84	80.3	0	0	0	0	0	0	0	0	759.11	0
14.1290	31.02	22.55	17.71	161.26	67.21	203.28	172.15	82.5	0	0	0	0	0	0	0	0	757.68	0
14.1390	28.93	20.68	15.73	159.17	67.21	203.28	172.15	82.5	0	0	0	0	0	0	0	0	749.65	0
14.1490	26.84	18.81	13.75	157.08	67.21	203.28	174.46	84.7	0	0	0	0	0	0	0	0	746.13	0
14.1590	26.84	16.94	13.75	157.08	65.01	203.28	176.77	84.7	0	0	0	0	0	0	0	0	744.37	0
14.1690	24.75	15.07	11.77	155.1	65.01	203.28	179.08	86.9	0	0	0	0	0	0	0	0	740.96	0
14.1790	22.77	15.07	9.79	153.01	62.92	203.28	181.5	86.9	0	0	0	4.95	0	0	0	0	735.24	4.95
14.1890	20.68	13.09	9.79	150.92	62.92	203.28	183.81	89.1	0	0	0	4.95	0	0	0	0	733.59	4.95
14.1990	18.59	11.22	7.81	148.83	60.72	200.97	186.12	89.1	0	0	0	4.95	0	0	0	0	723.36	4.95
14.2090	16.5	9.35	7.81	146.74	60.72	200.97	188.43	91.19	0	0	0	0	0	0	0	0	721.71	0
14.2190	16.5	9.35	5.83	140.58	58.63	200.97	190.74	93.39	6.82	0	0	0	0	0	0	0	715.99	6.82
14.2290	14.41	7.48	5.83	138.49	56.43	198.66	195.47	93.39	13.64	0	0	0	0	0	0	0	710.16	13.64
14.2390	12.32	5.61	3.85	132.33	56.43	198.66	197.78	95.59	22.88	0	0	0	0	0	0	0	702.57	22.88
14.2490	10.34	5.61	3.85	126.06	54.23	198.66	202.4	97.79	32.01	0	0	0	0	0	0	0	698.94	32.01
14.2590	10.34	5.61	3.85	119.9	49.94	196.46	204.71	97.79	43.45	6.27	3.74	0	0	0	0	0	688.6	53.46
14.2690	10.34	5.61	3.85	113.63	47.74	194.15	209.44	102.08	59.51	10.45	7.59	4.95	0	0	0	0	686.84	82.5
14.2790	8.25	3.74	0	105.27	45.54	191.84	211.75	104.28	85.8	18.81	17.05	7.48	0	0	0	0	670.67	129.14
14.2890	8.25	3.74	0	96.8	43.34	189.53	216.37	106.48	123.53	31.35	32.23	20.13	0	0	0	0	664.51	207.24
14.2990	6.16	3.74	0	88.33	39.05	184.91	218.68	108.68	169.07	45.98	47.41	32.67	4.18	7.48	3.96	0	649.55	310.75
14.3090	6.16	3.74	0	77.66	36.85	180.4	223.41	110.88	194.81	54.34	59.4	35.2	6.27	10.01	8.03	0	639.1	368.06
14.3190	4.07	3.74	0	65.01	32.56	173.47	225.61	110.88	192.39	54.34	63.8	37.73	10.56	15.07	14.08	5.5	615.34	393.47
14.3290	4.07	3.74	0	50.16	30.36	161.7	227.92	113.08	204.16	58.63	72.49	42.79	10.56	25.19	22.11	8.36	591.03	444.29
14.3390	0	3.74	0	37.62	25.96	149.71	227.92	113.08	211.09	64.9	81.18	45.32	12.65	35.2	30.25	8.36	558.03	488.95
14.3490	0	0	0	29.26	25.96	132.99	225.61	113.08	220.55	69.19	89.87	47.85	12.65	45.32	34.32	11.11	526.9	530.86
14.3590	0	0	0	22.99	23.87	111.43	218.68	113.08	232.1	73.48	98.56	50.38	14.74	55.44	38.28	13.86	490.05	576.84
14.3690	0	0	0	18.81	23.87	88	197.78	113.08	243.65	79.86	107.25	55.44	14.74	65.12	42.35	16.72	441.54	625.13
14.3790	0	0	0	14.63	21.67	64.46	158.4	108.68	255.2	84.04	116.05	57.97	16.94	72.27	46.42	22.33	367.84	671.22
14.3890	0	0	0	12.54	21.67	44.44	105.93	104.28	266.75	88.33	122.98	62.92	16.94	77.11	50.38	27.83	288.86	713.24
14.3990	0	0	0	10.45	21.67	29.59	58.63	97.79	278.3	92.51	132.22	65.45	19.03	84.26	52.47	33.44	218.13	757.68
14.4090	0	0	0	6.27	19.47	19.03	36.08	82.5	290.29	96.8	139.15	70.4	19.03	89.1	54.45	36.19	163.35	795.41
14.4190	0	0	0	4.18	17.27	12.65	24.75	62.92	302.28	101.09	143.66	72.93	21.12	96.25	56.54	39.05	121.77	832.92
14.4290	0	0	0	0	12.98	8.47	20.24	42.79	309.54	107.47	148.28	77.99	21.12	101.09	56.54	41.8	84.48	863.83
14.4390	0	0	0	0	8.58	6.27	13.53	18.04	316.69	111.65	150.59	82.94	21.12	105.82	58.85	44.66	46.42	892.32
14.4490	0	0	0	0	4.29	4.18	6.71	0	319.11	115.94	152.9	90.53	21.12	110.66	58.85	47.41	15.18	916.52
14.4590	0	0	0	0	0	4.18	4.51	0	323.95	120.34	152.9	95.48	21.12	115.5	58.85	50.16	8.69	938.3
14.4690	0	0	0	0	0	4.18	0	0	323.95	122.54	152.9	100.54	23.21	120.56	58.85	50.16	4.18	952.71
14.4790	0	0	0	0	0	0	0	0	321.53	126.83	152.9	105.49	23.21	125.62	58.85	53.02	0	967.45
14.4890	0	0	0	0	0	0	0	0	316.69	126.83	152.9	110.55	23.21	128.15	58.85	53.02	0	970.2
14.4990	0	0	0	0	0	0	0	0	309.54	129.03	148.28	115.5	23.21	133.21	58.85	55.77	0	973.39
14.5090	0	0	0	0	0	0	0	0	302.28	129.03	143.66	120.45	25.41	135.74	58.85	55.77	0	971.19
14.5190	0	0	0	0	0	0	0	0	292.71	129.03	141.35	122.98	25.41	140.8	61.27	55.77	0	969.32
14.5290	0	0	0	0	0	0	0	0	285.45	126.83	136.84	125.51	25.41	143.22	63.69	58.63	0	965.58
14.5390	0	0	0	0	0	0	0	0	275.99	124.63	134.53	130.46	25.41	145.75	63.69	58.63	0	959.09
14.5490	0	0	0	0	0	0	0	0	269.06	124.63	129.91	132.88	27.5	148.28	63.69	58.63	0	954.58
14.5590	0	0	0	0	0	0	0	0	262.13	122.54	125.29	135.41	27.5	150.81	66.11	58.63	0	948.42
14.5690	0	0	0	0	0	0	0	0	252.89	120.34	122.98	140.36	27.5	155.87	68.42	58.63	0	946.99
14.5790	0	0	0	0	0	0	0	0	243.65	118.14	118.36	142.89	27.5	158.4	68.42	61.49	0	938.85
14.5890	0	0	0	0	0	0	0	0	236.72	115.94	116.05	147.84	27.5	163.46	70.84	61.49	0	939.84
14.5990	0	0	0	0	0	0	0	0	227.48	113.85	111.65	152.79	29.59	168.52	73.26	61.49	0	938.63
14.6090	0	0	0	0	0	0	0	0	218.13	111.65	107.25	157.85	29.59	173.36	73.26	64.35	0	935.44
14.6190	0	0	0	0	0	0	0	0	211.09	109.56	105.05	160.27	31.79	175.67	75.68	64.35	0	933.46
14.6290	0	0	0	0	0	0	0	0	201.74	107.47	100.76	165.33	31.79	182.82	78.1	67.32	0	935.33
14.6390	0	0	0	0	0	0	0	0	194.81	105.27	98.56	170.61	31.79	187.44	80.41	70.18	0	939.07
14.6490	0	0	0	0	0	0	0	0	185.46	103.18	94.27	175.89	31.79	192.17	82.83	70.18	0	935.77
14.6590	0	0	0	0	0	0	0	0	178.42	98.89	92.07	181.17	33.88	199.32	85.25	73.15	0	942.15
14.6690	0	0	0	0	0	0	0	0	169.07	94.71	87.67	186.45	33.88	203.94	87.67	76.01	0	939.4
14.6790	0	0	0	0	0	0	0	0	159.94	92.51	83.38	191.73	33.88	208.67	89.98	78.98	0	939.07
14.6890	0	0	0	0	0	0	0	0	153.12	88.33	78.98	197.12	35.97	215.82	92.4	81.84	0	943.58
14.6990	0	0	0	0	0	0	0	0	141.68	84.04	74.69	202.4	35.97	220.55	94.82	81.84	0	935.99
14.7090	0	0	0	0	0	0	0	0	134.86	79.86	70.29	207.68	35.97	227.81	99.66	84.81	0	940.94
14.7190	0	0	0	0	0	0	0	0	125.84	75.57	65.89	210.32	35.97	232.76	101.97	87.67	0	935.99
14.7290	0	0	0	0	0	0	0	0	116.71	69.19	61.6	215.6	38.06	237.6	104.39	87.67	0	930.82
14.7390	0	0	0	0	0	0	0	0	107.25	64.9	57.2	220.88	38.06	242.55	109.23	90.53	0	930.6
14.7490	0	0	0	0	0	0	0	0	100.1	60.72	53.13	223.52	38.06	247.39	111.65	93.5	0	928.07
14.7590	0	0	0	0	0	0	0	0	90.53	56.43	47.41	226.27	38.06	252.34	113.96	96.36	0	921.36
14.7690	0	0	0	0	0	0	0	0	78.65	50.16	41.8	228.69	38.06	257.18	116.27	99.33	0	910.14
14.7790	0	0	0	0	0	0	0	0	69.08	45.98	36.08	228.69	38.06	262.13	120.89	102.19	0	903.1
14.7890	0	0	0	0	0	0	0	0	59.51	39.71	30.36	228.69	38.06	264.55	125.62	105.16	0	891.66
14.7990	0	0	0	0	0	0	0	0	50.27	33.44	24.64	228.69	38.06	266.97	127.93	108.02	0	878.02
14.8090	0	0	0	0	0	0	0	0	38.83	29.26	18.92	226.27	35.97	269.5	132.55	110.99	0	862.29
14.8190	4.07	0	0	0	0	0	0	0	29.7	22.99	13.2	220.88	35.97	271.92	139.59	113.52	4.07	847.77
14.8290	10.34	0	0	0	0	0	0	0	25.08	18.81	11.33	215.6	35.97	271.92	141.9	116.05	10.34	836.66
14.8390	16.5	3.74	0	0	0	0	0	0	22.88	16.72	7.59	207.68	33.88	274.34	146.52	118.58	20.24	828.19
14.8490	28.93	9.35	5.83	0	0	0	0	0	18.26	12.54	5.61	197.12	31.79	274.34	151.14	121.11	44.11	811.91
14.8590	53.79	20.68	11.77	4.18	0	0	0	0	15.95	10.45	3.74	186.45	27.5	274.34	155.87	123.64	90.42	797.94
14.8690	92.73	35.75	25.52	14.63	4.29	0	4.51	0	15.95	8.36	3.74	173.25	23.21	274.34	155.87	126.17	177.43	780.89
14.8790	134.2	50.82	39.27	31.35	19.47	4.18	11.22	0	13.64	8.36	3.74	160.27	19.03	271.92	158.18	128.7	290.51	763.84
14.8890	156.09	60.5	49.17	31.35	15.18	8.47	13.53	0	13.64	8.36	0	145.42	16.94	269.5	158.18	131.23	334.29	743.27
14.8990	148.17	62.48	49.17	37.62	23.87	10.56	13.53	0	11.44	8.36	0	125.51	12.65	266.97	158.18	133.76	345.4	716.87
14.9090	146.19	66.44	51.15	43.89	23.87	16.94	18.04	0	11.44	6.27	0	105.49	10.56	259.71	158.18	136.29	366.52	687.94
14.9190	140.25	70.4	53.13	50.16	25.96	25.41	22.55	0	11.44	6.27	0	85.47	8.47	252.34	160.49	138.82	387.86	663.3
14.9290	138.16	74.36	55.11	54.34	25.96	35.97	27.06	0	9.13	6.27	0	67.98	6.27	240.13	160.49	141.35	410.96	631.62
14.9390	144.21	80.3	61.71	62.81	28.16	46.53	33.77	4.51	6.82	4.18	0	50.38	6.27	222.97	162.8	141.35	462	594.77
14.9490	152.13	88.33	68.42	71.28	28.16	57.42	38.28	6.71	4.51	4.18	0	35.2	6.27	201.63	165.11	143.88	510.73	560.78
14.9590	164.01	96.25	75.13	77.66	30.36	66.77	45.1	9.02	4.51	0	0	25.19	6.27	171.05	160.49	143.88	564.3	511.39
14.9690	174.13	104.17	84.04	81.95	32.56	76.23	51.81	11.22	0	0	0	20.13	6.27	130.68	153.56	141.35	616.11	451.99
14.9790	186.34	108.13	92.95	88.33	32.56	83.27	58.63	13.53	0	0	0	15.07	8.47	93.83	132.55	138.82	663.74	388.74
14.9890	194.37	114.62	99.66	92.51	34.65	92.62	68.09	15.73	0	0	0	12.54	8.47	65.12	106.81	131.23	712.25	324.17
14.9990	202.51	121.22	106.37	96.8	36.85	99.66	75.13	18.04	0	0	0	10.01	8.47	40.26	78.1	118.58	756.58	255.42
15.0089	210.65	125.62	110.77	103.07	39.05	106.7	79.86	20.24	0	0	0	7.48	8.47	25.19	56.54	102.19	795.96	199.87
15.0189	216.7	130.02	115.28	107.36	41.25	113.85	87.01	22.55	0	0	0	0	6.27	15.07	46.42	81.84	834.02	149.6
15.0289	218.68	134.42	119.68	111.65	43.34	121	91.74	27.06	0	0	0	0	4.18	12.54	38.28	44.66	867.57	99.66
15.0389	218.68	136.62	119.68	117.81	45.54	128.15	96.47	29.26	0	0	0	0	4.18	10.01	30.25	19.47	892.21	63.91
15.0489	216.7	136.62	119.68	123.97	47.74	135.41	101.2	31.57	0	0	0	0	0	7.48	20.13	11.11	912.89	38.72
15.0589	212.63	136.62	117.48	128.15	49.94	142.56	105.93	36.08	0	0	0	0	0	4.95	10.01	5.5	929.39	20.46
15.0689	208.56	134.42	115.28	134.31	49.94	147.29	113.08	38.28	0	0	0	4.95	0	0	6.05	0	941.16	11
15.0789	200.53	132.22	113.08	138.49	54.23	152.13	115.28	40.59	0	0	0	0	0	0	3.96	0	946.55	3.96
15.0889	194.37	127.82	108.57	140.58	54.23	156.97	122.1	42.79	0	0	0	0	0	0	0	0	947.43	0
15.0989	186.34	121.22	104.06	144.76	56.43	161.7	126.61	45.1	0	0	0	0	0	0	0	0	946.22	0
15.1089	178.2	116.82	99.66	146.74	58.63	166.54	131.23	47.3	0	0	0	0	0	0	0	0	945.12	0
15.1189	170.06	108.13	95.15	148.83	60.72	168.96	137.94	49.61	0	0	0	0	0	0	0	0	939.4	0
15.1289	160.05	104.17	88.55	148.83	60.72	171.16	142.56	51.81	0	0	0	0	0	0	0	0	927.85	0
15.1389	152.13	96.25	84.04	150.92	62.92	175.78	147.07	51.81	0	0	0	0	0	0	0	0	920.92	0
15.1489	142.23	90.31	77.33	150.92	65.01	175.78	149.38	54.12	0	0	0	0	0	0	0	0	905.08	0
15.1589	132.22	84.37	70.62	153.01	65.01	180.4	153.89	54.12	0	0	0	0	0	0	0	0	893.64	0
15.1689	122.32	76.34	64.02	153.01	67.21	180.4	158.4	56.32	0	0	0	0	0	0	0	0	878.02	0
15.1789	112.42	70.4	59.51	153.01	67.21	184.91	160.71	56.32	0	0	0	0	0	0	0	0	864.49	0
15.1889	103.62	64.46	53.13	155.1	69.3	187.22	162.91	60.72	0	0	0	0	0	0	0	0	856.46	0
15.1989	94.93	58.52	49.17	155.1	69.3	187.22	167.53	60.72	0	0	0	0	0	0	0	0	842.49	0
15.2089	84.04	52.69	45.21	155.1	71.5	189.53	169.84	62.92	0	0	0	0	0	0	0	0	830.83	0
15.2189	75.35	47.08	39.27	157.08	71.5	191.84	172.15	67.32	0	0	0	0	0	0	0	0	821.59	0
15.2289	66.66	43.34	35.42	157.08	71.5	191.84	174.46	67.32	0	0	0	0	0	0	0	0	807.62	0
15.2389	57.97	37.62	31.46	157.08	71.5	194.15	176.77	69.41	0	0	0	0	0	0	0	0	795.96	0
15.2489	51.7	33.88	27.5	159.17	71.5	194.15	179.08	71.61	0	0	0	0	0	0	0	0	788.59	0
15.2589	43.45	30.14	23.54	159.17	71.5	196.46	179.08	73.81	0	0	0	0	0	0	0	0	777.15	0
15.2689	39.27	26.29	19.58	159.17	71.5	196.46	183.81	76.01	0	0	0	0	0	0	0	0	772.09	0
15.2789	33.11	22.55	19.58	159.17	71.5	196.46	186.12	78.21	0	0	0	0	0	0	0	0	766.7	0
15.2889	31.02	20.68	17.71	159.17	71.5	196.46	188.43	78.21	0	0	0	0	0	0	0	0	763.18	0
15.2989	28.93	18.81	15.73	157.08	71.5	198.66	190.74	80.3	0	0	0	0	0	0	0	0	761.75	0
15.3089	26.84	18.81	13.75	157.08	71.5	198.66	195.47	82.5	0	0	0	0	0	0	0	0	764.61	0
15.3189	24.75	16.94	13.75	155.1	69.3	198.66	197.78	82.5	0	0	0	0	0	0	0	0	758.78	0
15.3289	22.77	15.07	11.77	153.01	69.3	196.46	200.09	84.7	0	0	0	0	0	0	0	0	753.17	0
15.3389	20.68	13.09	9.79	150.92	67.21	196.46	204.71	84.7	0	0	0	0	0	0	0	0	747.56	0
15.3489	18.59	11.22	9.79	146.74	67.21	196.46	207.02	86.9	0	0	0	0	0	0	0	0	743.93	0
15.3589	16.5	9.35	7.81	142.67	65.01	196.46	211.75	89.1	0	0	0	0	0	0	0	0	738.65	0
15.3689	14.41	7.48	5.83	138.49	62.92	194.15	216.37	91.19	4.51	0	0	0	0	0	0	0	730.84	4.51
15.3789	12.32	7.48	5.83	134.31	62.92	194.15	218.68	93.39	13.64	0	0	0	0	0	0	0	729.08	13.64
15.3889	12.32	5.61	3.85	128.15	60.72	191.84	223.41	93.39	20.57	0	0	0	0	0	0	0	719.29	20.57
15.3989	10.34	5.61	3.85	121.99	58.63	189.53	225.61	95.59	25.08	0	0	0	0	0	0	0	711.15	25.08
15.4089	10.34	5.61	3.85	113.63	56.43	187.22	230.23	99.99	29.7	0	0	0	0	0	0	0	707.3	29.7
15.4189	8.25	5.61	3.85	107.36	54.23	184.91	237.16	102.08	36.52	0	0	0	0	0	0	0	703.45	36.52
15.4289	8.25	3.74	0	98.89	49.94	182.71	241.78	104.28	47.96	4.18	3.74	0	0	0	0	0	689.59	55.88
15.4389	8.25	3.74	0	88.33	47.74	180.4	246.29	106.48	66.66	10.45	11.33	0	0	0	0	0	681.23	88.44
15.4489	6.16	3.74	0	79.75	43.34	175.78	250.91	108.68	88.22	18.81	20.9	7.48	0	0	0	0	668.36	135.41
15.4589	6.16	3.74	0	71.28	41.25	173.47	255.53	110.88	125.84	29.26	34.1	17.6	0	0	0	0	662.31	206.8
15.4689	4.07	3.74	0	60.72	36.85	168.96	260.15	113.08	164.45	41.8	45.54	27.72	4.18	4.95	6.05	0	647.57	294.69
15.4789	4.07	3.74	0	50.16	34.65	159.28	264.66	115.28	183.04	48.07	57.2	27.72	6.27	7.48	10.01	0	631.84	339.79
15.4889	0	3.74	0	37.62	32.56	149.71	269.28	117.59	183.04	48.07	63.8	30.14	8.47	12.54	16.06	0	610.5	362.12
15.4989	0	3.74	0	29.26	30.36	135.41	273.9	119.9	197.12	54.34	74.69	32.67	10.56	17.6	24.2	0	592.57	411.18
15.5089	0	0	0	20.9	28.16	118.58	273.9	119.9	206.47	56.43	83.38	35.2	12.65	25.19	30.25	0	561.44	449.57
15.5189	0	0	0	16.72	25.96	95.04	266.97	119.9	222.86	60.72	94.27	37.73	12.65	35.2	36.3	5.5	524.59	505.23
15.5289	0	0	0	14.63	25.96	69.19	248.6	117.59	234.41	64.9	105.05	37.73	14.74	42.79	42.35	8.36	475.97	550.33
15.5389	0	0	0	10.45	25.96	50.82	209.44	115.28	248.27	69.19	116.05	40.26	14.74	47.85	46.42	11.11	411.95	593.89
15.5489	0	0	0	8.36	25.96	38.06	147.07	110.88	262.13	71.28	125.29	40.26	16.94	55.44	50.38	13.86	330.33	635.58
15.5589	0	0	0	6.27	25.96	27.5	84.59	104.28	275.99	73.48	136.84	42.79	16.94	62.7	54.45	19.47	248.6	682.66
15.5689	0	0	0	4.18	23.87	19.03	47.3	93.39	290.29	79.86	145.97	45.32	19.03	67.54	56.54	25.08	187.77	729.63
15.5789	0	0	0	0	21.67	12.65	31.57	80.3	302.28	84.04	152.9	50.38	19.03	74.69	61.27	30.69	146.19	775.28
15.5889	0	0	0	0	17.27	6.27	22.55	60.72	311.96	90.42	159.83	52.91	21.12	81.84	63.69	36.19	106.81	817.96
15.5989	0	0	0	0	10.78	6.27	18.04	29.26	316.69	94.71	164.45	60.39	21.12	91.41	66.11	41.8	64.35	856.68
15.6089	0	0	0	0	6.49	4.18	11.22	4.51	319.11	101.09	166.76	65.45	21.12	98.67	68.42	44.66	26.4	885.28
15.6189	0	0	0	0	4.29	0	6.71	0	321.53	105.27	169.07	72.93	23.21	105.82	68.42	47.41	11	913.66
15.6289	0	0	0	0	0	0	4.51	0	319.11	111.65	169.07	80.41	23.21	115.5	68.42	53.02	4.51	940.39
15.6389	0	0	0	0	0	0	0	0	314.38	113.85	166.76	88	23.21	123.09	70.84	55.77	0	955.9
15.6489	0	0	0	0	0	0	0	0	309.54	118.14	164.45	92.95	25.41	130.68	70.84	58.63	0	970.64
15.6589	0	0	0	0	0	0	0	0	299.86	118.14	162.14	100.54	25.41	138.27	73.26	61.49	0	979.11
15.6689	0	0	0	0	0	0	0	0	290.29	118.14	157.52	108.02	25.41	145.75	73.26	64.35	0	982.74
15.6789	0	0	0	0	0	0	0	0	278.3	118.14	152.9	113.08	25.41	150.81	75.68	67.32	0	981.64
15.6889	0	0	0	0	0	0	0	0	266.75	118.14	148.28	118.03	27.5	158.4	78.1	67.32	0	982.52
15.6989	0	0	0	0	0	0	0	0	255.2	115.94	141.35	122.98	29.59	163.46	80.41	70.18	0	979.11
15.7089	0	0	0	0	0	0	0	0	243.65	113.85	136.84	127.93	29.59	168.52	80.41	73.15	0	973.94
15.7189	0	0	0	0	0	0	0	0	232.1	111.65	129.91	132.88	29.59	175.67	82.83	76.01	0	970.64
15.7289	0	0	0	0	0	0	0	0	220.55	109.56	122.98	137.94	29.59	180.4	85.25	76.01	0	962.28
15.7389	0	0	0	0	0	0	0	0	206.47	105.27	118.36	145.42	31.79	185.13	85.25	78.98	0	956.67
15.7489	0	0	0	0	0	0	0	0	194.81	103.18	111.65	150.37	31.79	189.86	87.67	78.98	0	948.31
15.7589	0	0	0	0	0	0	0	0	183.04	98.89	105.05	152.79	31.79	194.59	87.67	81.84	0	935.66
15.7689	0	0	0	0	0	0	0	0	173.69	94.71	98.56	157.85	31.79	199.32	89.98	81.84	0	927.74
15.7789	0	0	0	0	0	0	0	0	162.14	90.42	94.27	162.8	33.88	203.94	89.98	84.81	0	922.24
15.7889	0	0	0	0	0	0	0	0	153.12	86.13	87.67	167.97	33.88	208.67	92.4	84.81	0	914.65
15.7989	0	0	0	0	0	0	0	0	143.99	81.95	83.38	170.61	33.88	213.4	94.82	87.67	0	909.7
15.8089	0	0	0	0	0	0	0	0	134.86	77.66	78.98	175.89	33.88	218.13	97.24	87.67	0	904.31
15.8189	0	0	0	0	0	0	0	0	125.84	75.57	74.69	181.17	35.97	222.97	99.66	90.53	0	906.4
15.8289	0	0	0	0	0	0	0	0	121.22	71.28	70.29	183.81	35.97	227.81	99.66	90.53	0	900.57
15.8389	0	0	0	0	0	0	0	0	112.09	67.1	65.89	186.45	35.97	230.34	101.97	93.5	0	893.31
15.8489	0	0	0	0	0	0	0	0	107.25	64.9	61.6	191.73	35.97	235.18	104.39	93.5	0	894.52
15.8589	0	0	0	0	0	0	0	0	100.1	60.72	59.4	194.37	38.06	240.13	106.81	96.36	0	895.95
15.8689	0	0	0	0	0	0	0	0	95.37	58.63	55.11	199.76	38.06	244.97	109.23	96.36	0	897.49
15.8789	0	0	0	0	0	0	0	0	88.22	54.34	51.26	202.4	38.06	249.92	111.65	99.33	0	895.18
15.8889	0	0	0	0	0	0	0	0	81.07	52.25	47.41	207.68	38.06	252.34	113.96	99.33	0	892.1
15.8989	0	0	0	4.18	0	0	0	0	73.81	48.07	43.67	210.32	38.06	257.18	116.27	102.19	4.18	889.57
15.9089	0	0	0	6.27	0	0	0	0	66.66	43.89	37.95	212.96	40.26	259.71	120.89	105.16	6.27	887.48
15.9189	0	0	0	4.18	0	0	0	0	59.51	39.71	34.1	212.96	40.26	264.55	125.62	108.02	4.18	884.73
15.9289	0	0	0	0	0	0	0	0	52.58	35.53	30.36	215.6	40.26	266.97	127.93	110.99	0	880.22
15.9389	0	0	0	0	0	0	0	0	45.76	33.44	24.64	212.96	40.26	269.5	132.55	113.52	0	872.63
15.9489	0	0	0	0	0	0	0	0	38.83	27.17	20.9	210.32	38.06	269.5	137.17	116.05	0	858
15.9589	0	0	0	0	0	0	0	0	29.7	22.99	15.18	207.68	38.06	271.92	141.9	118.58	0	846.01
15.9689	4.07	0	0	0	0	0	0	0	25.08	18.81	11.33	202.4	38.06	271.92	146.52	121.11	4.07	835.23
15.9789	6.16	0	0	0	0	0	0	0	20.57	16.72	9.46	197.12	35.97	274.34	153.56	126.17	6.16	833.91
15.9889	12.32	3.74	0	0	0	0	0	0	18.26	12.54	7.59	189.09	33.88	274.34	155.87	128.7	16.06	820.27
15.9989	20.68	5.61	3.85	0	0	0	0	0	15.95	10.45	5.61	181.17	31.79	274.34	160.49	133.76	30.14	813.56
16.0089	33.11	13.09	5.83	0	0	0	0	0	13.64	10.45	3.74	170.61	27.5	274.34	162.8	136.29	52.03	799.37
16.0189	68.75	24.42	13.75	6.27	0	0	0	0	13.64	8.36	3.74	160.27	25.41	274.34	167.53	138.82	113.19	792.11
16.0289	118.36	43.34	31.46	14.63	0	0	0	0	13.64	8.36	3.74	150.37	21.12	271.92	169.95	141.35	207.79	780.45
16.0389	154.11	56.54	43.23	29.26	8.58	4.18	6.71	0	11.44	6.27	0	137.94	16.94	269.5	172.37	143.88	302.61	758.34
16.0489	168.08	62.48	47.19	31.35	8.58	6.27	9.02	0	11.44	6.27	0	122.98	14.74	266.97	172.37	143.88	332.97	738.65
16.0589	154.11	64.46	49.17	37.62	15.18	10.56	11.22	0	11.44	6.27	0	105.49	10.56	262.13	174.79	146.41	342.32	717.09
16.0689	152.13	70.4	53.13	43.89	19.47	14.74	15.73	0	9.13	6.27	0	85.47	8.47	254.76	174.79	148.94	369.49	687.83
16.0789	148.17	74.36	55.11	48.07	21.67	25.41	20.24	0	9.13	6.27	0	70.4	8.47	244.97	177.21	151.47	393.03	667.92
16.0889	150.15	78.32	59.51	52.25	23.87	38.06	24.75	0	6.82	4.18	0	52.91	8.47	227.81	179.63	154	426.91	633.82
16.0989	158.07	86.35	66.22	60.72	23.87	48.73	29.26	4.51	6.82	4.18	0	37.73	6.27	208.67	182.16	154	477.73	599.83
16.1089	172.15	96.25	77.33	65.01	25.96	57.42	36.08	6.71	4.51	4.18	0	27.72	8.47	182.82	182.16	154	536.91	563.86
16.1189	186.34	104.17	86.24	71.28	28.16	66.77	42.79	9.02	4.51	0	0	20.13	6.27	145.75	174.79	151.47	594.77	502.92
16.1289	198.44	112.42	95.15	75.57	30.36	73.81	49.61	11.22	0	0	0	15.07	6.27	108.24	160.49	148.94	646.58	439.01
16.1389	208.56	116.82	104.06	79.75	30.36	83.27	56.32	13.53	0	0	0	12.54	8.47	79.53	134.86	141.35	692.67	376.75
16.1489	214.61	121.22	108.57	81.95	32.56	90.31	63.36	15.73	0	0	0	10.01	8.47	55.44	104.39	131.23	728.31	309.54
16.1589	222.75	127.82	115.28	88.33	34.65	97.35	70.4	18.04	0	0	0	7.48	8.47	35.2	73.26	118.58	774.62	242.99
16.1689	228.8	132.22	119.68	92.51	36.85	104.39	75.13	20.24	0	0	0	4.95	8.47	22.66	56.54	99.33	809.82	191.95
16.1789	232.87	138.82	124.08	98.89	39.05	111.43	79.86	22.55	0	0	0	0	6.27	15.07	46.42	70.18	847.55	137.94
16.1889	234.85	141.02	126.28	105.27	39.05	118.58	82.28	24.75	0	0	0	0	4.18	12.54	38.28	30.69	872.08	85.69
16.1989	232.87	145.42	126.28	111.65	41.25	125.73	87.01	27.06	0	0	0	0	0	10.01	28.27	16.72	897.27	55
16.2089	228.8	145.42	124.08	117.81	43.34	135.41	89.32	31.57	0	0	0	0	0	7.48	18.15	8.36	915.75	33.99
16.2189	222.75	145.42	121.88	123.97	43.34	142.56	94.05	33.77	0	0	0	0	0	4.95	10.01	0	927.74	14.96
16.2289	216.7	143.22	119.68	130.24	45.54	147.29	98.78	36.08	0	0	0	0	0	4.95	6.05	0	937.53	11
16.2389	210.65	138.82	115.28	136.4	47.74	154.55	103.51	40.59	0	0	0	0	0	0	3.96	0	947.54	3.96
16.2489	202.51	134.42	110.77	140.58	49.94	159.28	108.24	42.79	0	0	0	0	0	0	0	0	948.53	0
16.2589	192.39	127.82	106.37	142.67	52.03	164.12	113.08	47.3	0	0	0	0	0	0	0	0	945.78	0
16.2689	180.18	121.22	101.86	146.74	54.23	168.96	119.79	49.61	0	0	0	0	0	0	0	0	942.59	0
16.2789	170.06	112.42	95.15	148.83	56.43	173.47	126.61	54.12	0	0	0	0	0	0	0	0	937.09	0
16.2889	160.05	104.17	88.55	150.92	58.63	178.09	131.23	58.63	0	0	0	0	0	0	0	0	930.27	0
16.2989	148.17	98.23	79.53	150.92	58.63	180.4	135.74	60.72	0	0	0	0	0	0	0	0	912.34	0
16.3089	138.16	90.31	75.13	153.01	60.72	184.91	140.25	65.12	0	0	0	0	0	0	0	0	907.61	0
16.3189	126.28	82.28	68.42	153.01	62.92	187.22	144.76	67.32	0	0	0	0	0	0	0	0	892.21	0
16.3289	116.38	74.36	61.71	155.1	62.92	189.53	149.38	71.61	0	0	0	0	0	0	0	0	880.99	0
16.3389	105.82	66.44	55.11	155.1	65.01	189.53	151.58	73.81	0	0	0	0	0	0	0	0	862.4	0
16.3489	94.93	60.5	49.17	155.1	65.01	191.84	156.09	76.01	0	0	0	0	0	0	0	0	848.65	0
16.3589	84.04	52.69	45.21	155.1	67.21	194.15	160.71	78.21	0	0	0	0	0	0	0	0	837.32	0
16.3689	75.35	47.08	39.27	155.1	67.21	194.15	162.91	80.3	0	0	0	0	0	0	0	0	821.37	0
16.3789	66.66	41.36	35.42	153.01	67.21	196.46	167.53	80.3	0	0	0	0	0	0	0	0	807.95	0
16.3889	55.88	37.62	31.46	153.01	67.21	196.46	169.84	82.5	0	0	0	0	0	0	0	0	793.98	0
16.3989	49.61	32.01	25.52	150.92	69.3	196.46	174.46	84.7	0	0	0	0	0	0	0	0	782.98	0
16.4089	41.36	28.16	21.56	150.92	69.3	196.46	176.77	84.7	0	0	0	0	0	0	0	0	769.23	0
16.4189	35.09	24.42	19.58	148.83	69.3	196.46	181.5	86.9	0	0	0	0	0	0	0	0	762.08	0
16.4288	31.02	20.68	17.71	146.74	67.21	194.15	183.81	89.1	0	0	0	0	0	0	0	0	750.42	0
16.4388	28.93	18.81	15.73	144.76	67.21	194.15	188.43	89.1	0	0	0	0	0	0	0	0	747.12	0
16.4488	26.84	16.94	13.75	142.67	67.21	191.84	193.05	91.19	0	0	0	0	0	0	0	0	743.49	0
16.4588	24.75	16.94	11.77	138.49	65.01	191.84	197.78	93.39	0	0	0	0	0	0	0	0	739.97	0
16.4688	22.77	13.09	11.77	136.4	65.01	191.84	200.09	95.59	0	0	0	0	0	0	0	0	736.56	0
16.4788	20.68	13.09	9.79	132.33	65.01	189.53	204.71	95.59	0	0	0	0	0	0	0	0	730.73	0
16.4888	18.59	11.22	7.81	130.24	62.92	189.53	207.02	97.79	0	0	0	0	0	0	0	0	725.12	0
16.4988	16.5	9.35	7.81	126.06	62.92	189.53	211.75	99.99	0	0	0	0	0	0	0	0	723.91	0
16.5088	14.41	7.48	5.83	123.97	60.72	189.53	214.06	99.99	0	0	0	0	0	0	0	0	715.99	0
16.5188	12.32	7.48	5.83	119.9	58.63	187.22	216.37	102.08	0	0	0	0	0	0	0	0	709.83	0
16.5288	12.32	5.61	3.85	115.72	58.63	187.22	220.99	104.28	0	0	0	0	0	0	0	0	708.62	0
16.5388	10.34	5.61	3.85	111.65	56.43	184.91	225.61	106.48	6.82	0	0	0	0	0	0	0	704.88	6.82
16.5488	10.34	5.61	3.85	107.36	54.23	184.91	227.92	108.68	15.95	0	0	0	0	0	0	0	702.9	15.95
16.5588	10.34	5.61	3.85	100.98	54.23	182.71	232.54	110.88	25.08	0	0	0	0	0	0	0	701.14	25.08
16.5688	10.34	5.61	0	94.6	49.94	180.4	237.16	113.08	32.01	0	0	0	0	0	0	0	691.13	32.01
16.5788	10.34	3.74	0	88.33	49.94	178.09	241.78	115.28	43.45	4.18	3.74	0	0	0	0	0	687.5	51.37
16.5888	8.25	5.61	0	81.95	47.74	175.78	248.6	117.59	61.93	10.45	9.46	4.95	0	0	0	0	685.52	86.79
16.5988	8.25	3.74	0	73.48	43.34	171.16	250.91	119.9	88.22	18.81	20.9	10.01	0	0	0	0	670.78	137.94
16.6088	6.16	3.74	0	67.1	41.25	168.96	255.53	122.21	121.22	31.35	36.08	27.72	0	4.95	0	0	664.95	221.32
16.6188	6.16	3.74	0	58.63	39.05	161.7	260.15	122.21	171.38	48.07	51.26	32.67	8.47	10.01	8.03	0	651.64	329.89
16.6288	4.07	3.74	0	50.16	36.85	154.55	264.66	124.52	187.77	52.25	59.4	35.2	10.56	12.54	12.1	0	638.55	369.82
16.6388	4.07	3.74	0	39.71	32.56	144.98	266.97	124.52	187.77	54.34	65.89	40.26	12.65	20.13	22.11	8.36	616.55	411.51
16.6488	0	3.74	0	29.26	30.36	130.57	271.59	124.52	199.43	62.81	76.78	45.32	12.65	32.67	28.27	8.36	590.04	466.29
16.6588	0	3.74	0	20.9	28.16	113.85	271.59	124.52	206.47	69.19	83.38	50.38	14.74	45.32	34.32	11.11	562.76	514.91
16.6688	0	0	0	16.72	23.87	92.62	266.97	124.52	218.13	75.57	92.07	55.44	16.94	55.44	38.28	13.86	524.7	565.73
16.6788	0	0	0	12.54	23.87	66.77	246.29	122.21	227.48	79.86	102.96	60.39	16.94	67.54	42.35	16.72	471.68	614.24
16.6888	0	0	0	10.45	21.67	50.82	207.02	115.28	239.03	86.13	109.45	65.45	19.03	77.11	46.42	22.33	405.24	664.95
16.6988	0	0	0	8.36	23.87	35.97	147.07	108.68	248.27	90.42	116.05	70.4	19.03	84.26	50.38	27.83	323.95	706.64
16.7088	0	0	0	6.27	23.87	25.41	84.59	97.79	255.2	94.71	122.98	75.46	21.12	91.41	54.45	33.44	237.93	748.77
16.7188	0	0	0	4.18	21.67	19.03	47.3	86.9	264.44	101.09	129.91	82.94	21.12	98.67	56.54	39.05	179.08	793.76
16.7288	0	0	0	0	19.47	10.56	31.57	71.61	271.37	107.47	132.22	90.53	23.21	105.82	58.85	41.8	133.21	831.27
16.7388	0	0	0	0	15.18	8.47	22.55	54.12	275.99	113.85	136.84	98.01	23.21	113.08	58.85	44.66	100.32	864.49
16.7488	0	0	0	0	10.78	4.18	15.73	24.75	278.3	120.34	136.84	108.02	25.41	123.09	58.85	47.41	55.44	898.26
16.7588	0	0	0	0	6.49	4.18	11.22	0	278.3	126.83	134.53	118.03	25.41	130.68	61.27	50.16	21.89	925.21
16.7688	0	0	0	0	4.29	0	6.71	0	273.68	131.23	134.53	130.46	25.41	140.8	58.85	53.02	11	947.98
16.7788	0	0	0	0	0	0	4.51	0	271.37	133.32	132.22	137.94	25.41	148.28	61.27	53.02	4.51	962.83
16.7888	0	0	0	0	0	0	0	0	264.44	135.52	129.91	147.84	25.41	153.34	61.27	55.77	0	973.5
16.7988	0	0	0	0	0	0	0	0	255.2	137.72	125.29	157.85	27.5	160.93	61.27	58.63	0	984.39
16.8088	0	0	0	0	0	0	0	0	245.96	135.52	120.67	167.97	27.5	168.52	63.69	58.63	0	988.46
16.8188	0	0	0	0	0	0	0	0	234.41	133.32	116.05	175.89	27.5	175.67	63.69	61.49	0	988.02
16.8288	0	0	0	0	0	0	0	0	220.55	129.03	111.65	183.81	27.5	180.4	66.11	61.49	0	980.54
16.8388	0	0	0	0	0	0	0	0	208.78	124.63	105.05	191.73	29.59	187.44	66.11	64.35	0	977.68
16.8488	0	0	0	0	0	0	0	0	194.81	120.34	98.56	199.76	29.59	192.17	68.42	67.32	0	970.97
16.8588	0	0	0	0	0	0	0	0	180.73	113.85	92.07	205.04	29.59	196.9	68.42	70.18	0	956.78
16.8688	0	0	0	0	0	0	0	0	166.76	107.47	85.47	212.96	31.79	203.94	70.84	70.18	0	949.41
16.8788	0	0	0	0	0	0	0	0	153.12	98.89	76.78	218.24	31.79	208.67	73.26	73.15	0	933.9
16.8888	0	0	0	0	0	0	0	0	141.68	92.51	72.49	226.27	31.79	215.82	75.68	73.15	0	929.39
16.8988	0	0	0	0	0	0	0	0	128.04	86.13	65.89	231.11	31.79	220.55	78.1	76.01	0	917.62
16.9088	0	0	0	0	0	0	0	0	119.02	79.86	59.4	235.95	31.79	227.81	80.41	76.01	0	910.25
16.9188	0	0	0	0	0	0	0	0	109.67	73.48	55.11	240.79	31.79	232.76	80.41	78.98	0	902.99
16.9288	0	0	0	0	0	0	0	0	100.1	67.1	49.39	243.21	33.88	237.6	82.83	81.84	0	895.95
16.9388	0	0	0	0	0	0	0	0	90.53	62.81	45.54	248.05	31.79	242.55	85.25	81.84	0	888.36
16.9488	0	0	0	0	0	0	0	0	81.07	56.43	41.8	250.47	31.79	247.39	87.67	84.81	0	881.43
16.9588	0	0	0	0	0	0	0	0	73.81	52.25	37.95	252.89	31.79	252.34	89.98	84.81	0	875.82
16.9688	0	0	0	0	0	0	0	0	66.66	48.07	34.1	252.89	33.88	257.18	89.98	87.67	0	870.43
16.9788	0	0	0	0	0	0	0	0	61.93	43.89	30.36	255.31	31.79	262.13	92.4	90.53	0	868.34
16.9888	0	0	0	0	0	0	0	0	54.89	41.8	28.49	255.31	31.79	264.55	94.82	93.5	0	865.15
16.9988	0	0	0	0	0	0	0	0	50.27	39.71	24.64	255.31	33.88	266.97	97.24	93.5	0	861.52
17.0088	0	0	0	0	0	0	0	0	45.76	35.53	20.9	255.31	33.88	271.92	99.66	96.36	0	859.32
17.0188	0	0	0	0	0	0	0	0	38.83	33.44	18.92	257.73	33.88	274.34	101.97	99.33	0	858.44
17.0288	0	0	0	0	0	0	0	0	32.01	29.26	15.18	257.73	31.79	276.76	104.39	99.33	0	846.45
17.0388	0	0	0	0	0	0	0	0	27.39	27.17	13.2	255.31	31.79	279.29	106.81	102.19	0	843.15
17.0488	0	0	0	0	0	0	0	0	25.08	22.99	11.33	255.31	31.79	284.13	109.23	105.16	0	845.02
17.0588	0	0	0	0	0	0	0	0	22.88	20.9	9.46	252.89	31.79	284.13	109.23	108.02	0	839.3
17.0688	0	0	0	0	0	0	0	0	20.57	18.81	9.46	250.47	29.59	286.55	111.65	110.99	0	838.09
17.0788	0	0	0	0	0	0	0	0	18.26	16.72	7.59	248.05	29.59	289.08	113.96	113.52	0	836.77
17.0888	0	0	0	0	0	0	0	0	15.95	14.63	5.61	245.63	29.59	291.5	113.96	113.52	0	830.39
17.0988	0	0	0	0	0	0	0	0	13.64	12.54	5.61	238.37	27.5	291.5	113.96	116.05	0	819.17
17.1088	0	0	0	0	0	0	0	0	13.64	10.45	3.74	233.53	25.41	293.92	116.27	116.05	0	813.01
17.1188	4.07	0	0	0	0	0	0	0	13.64	10.45	3.74	228.69	23.21	293.92	116.27	118.58	4.07	808.5
17.1288	6.16	0	0	0	0	0	0	0	11.44	8.36	3.74	220.88	21.12	296.34	116.27	121.11	6.16	799.26
17.1388	10.34	0	0	0	0	0	0	0	11.44	8.36	0	212.96	19.03	293.92	118.58	121.11	10.34	785.4
17.1488	16.5	5.61	0	0	0	0	0	0	11.44	8.36	0	202.4	16.94	293.92	116.27	123.64	22.11	772.97
17.1588	24.75	9.35	3.85	0	0	0	0	0	11.44	8.36	0	191.73	14.74	293.92	116.27	123.64	37.95	760.1
17.1688	43.45	18.81	7.81	4.18	0	0	0	0	11.44	6.27	0	181.17	12.65	293.92	116.27	126.17	74.25	747.89
17.1788	90.53	35.75	19.58	12.54	0	0	4.51	0	9.13	6.27	0	167.97	10.56	293.92	116.27	126.17	162.91	730.29
17.1888	156.09	58.52	39.27	29.26	6.49	0	6.71	0	9.13	6.27	0	155.32	10.56	291.5	116.27	128.7	296.34	717.75
17.1988	198.44	76.34	53.13	35.53	10.78	6.27	9.02	0	9.13	6.27	0	142.89	8.47	289.08	116.27	131.23	389.51	703.34
17.2088	188.32	76.34	57.31	39.71	12.98	8.47	9.02	0	9.13	6.27	0	125.51	8.47	284.13	116.27	131.23	392.15	681.01
17.2188	182.27	82.28	61.71	45.98	19.47	14.74	13.53	0	6.82	6.27	0	108.02	6.27	276.76	116.27	133.76	419.98	654.17
17.2288	176.22	84.37	64.02	50.16	23.87	23.21	15.73	0	6.82	4.18	0	88	6.27	266.97	118.58	138.82	437.58	629.64
17.2388	174.13	88.33	68.42	54.34	23.87	33.88	22.55	0	4.51	4.18	0	67.98	6.27	249.92	120.89	138.82	465.52	592.57
17.2488	180.18	96.25	75.13	60.72	23.87	44.44	29.26	4.51	4.51	4.18	0	52.91	6.27	227.81	123.2	141.35	514.36	560.23
17.2588	190.3	104.17	84.04	67.1	25.96	55.11	36.08	6.71	0	0	0	40.26	6.27	201.63	120.89	141.35	569.47	510.4
17.2688	202.51	112.42	92.95	73.48	28.16	64.46	42.79	9.02	0	0	0	30.14	8.47	165.99	116.27	138.82	625.79	459.69
17.2788	214.61	119.02	101.86	77.66	28.16	73.81	49.61	11.22	0	0	0	25.19	8.47	120.56	104.39	136.29	675.95	394.9
17.2888	222.75	125.62	106.37	81.95	30.36	83.27	56.32	15.73	0	0	0	22.66	8.47	79.53	87.67	128.7	722.37	327.03
17.2988	228.8	130.02	113.08	86.13	32.56	90.31	65.67	18.04	0	0	0	17.6	10.56	50.38	68.42	116.05	764.61	263.01
17.3088	234.85	134.42	119.68	90.42	34.65	97.35	72.82	22.55	0	0	0	12.54	8.47	30.14	54.45	96.36	806.74	201.96
17.3188	238.92	138.82	124.08	94.6	39.05	104.39	79.86	27.06	0	0	0	7.48	8.47	20.13	46.42	70.18	846.78	152.68
17.3288	242.99	141.02	126.28	100.98	39.05	113.85	84.59	29.26	0	0	0	4.95	6.27	15.07	38.28	36.19	878.02	100.76
17.3388	240.9	145.42	126.28	107.36	41.25	121	89.32	31.57	0	0	0	4.95	4.18	10.01	30.25	16.72	903.1	66.11
17.3488	238.92	145.42	126.28	111.65	43.34	128.15	91.74	36.08	0	0	0	4.95	0	10.01	22.11	11.11	921.58	48.18
17.3588	234.85	147.62	126.28	117.81	45.54	132.99	96.47	38.28	0	0	0	7.48	0	7.48	14.08	5.5	939.84	34.54
17.3688	230.89	145.42	124.08	123.97	47.74	140.14	101.2	42.79	0	0	0	7.48	0	4.95	8.03	0	956.23	20.46
17.3788	222.75	143.22	121.88	128.15	47.74	144.98	105.93	45.1	0	0	0	4.95	0	4.95	6.05	0	959.75	15.95
17.3888	216.7	138.82	117.48	132.33	49.94	152.13	110.66	47.3	0	0	0	4.95	0	4.95	3.96	0	965.36	13.86
17.3988	210.65	136.62	115.28	136.4	52.03	154.55	115.28	49.61	0	0	0	0	0	0	0	0	970.42	0
17.4088	202.51	130.02	110.77	138.49	54.23	159.28	122.1	51.81	0	0	0	0	0	0	0	0	969.21	0
17.4188	194.37	125.62	106.37	138.49	54.23	161.7	126.61	54.12	0	0	0	0	0	0	0	0	961.51	0
17.4288	186.34	119.02	101.86	140.58	56.43	164.12	131.23	54.12	0	0	0	0	0	0	0	0	953.7	0
17.4388	178.2	110.22	97.46	140.58	58.63	166.54	137.94	56.32	0	0	0	0	0	0	0	0	945.89	0
17.4488	170.06	104.17	92.95	140.58	60.72	168.96	142.56	58.63	0	0	0	0	0	0	0	0	938.63	0
17.4588	158.07	98.23	86.24	142.67	60.72	171.16	144.76	60.72	0	0	0	0	0	0	0	0	922.57	0
17.4688	150.15	92.29	81.84	142.67	62.92	173.47	149.38	60.72	0	0	0	0	0	0	0	0	913.44	0
17.4788	140.25	84.37	75.13	142.67	65.01	175.78	153.89	62.92	0	0	0	0	0	0	0	0	900.02	0
17.4888	128.26	78.32	68.42	142.67	65.01	178.09	158.4	65.12	0	0	0	0	0	0	0	0	884.29	0
17.4988	118.36	70.4	61.71	142.67	67.21	178.09	162.91	67.32	0	0	0	0	0	0	0	0	868.67	0
17.5088	110.22	62.48	55.11	142.67	67.21	180.4	167.53	71.61	0	0	0	0	0	0	0	0	857.23	0
17.5188	97.13	56.54	51.15	142.67	67.21	182.71	169.84	73.81	0	0	0	0	0	0	0	0	841.06	0
17.5288	86.24	48.95	45.21	142.67	69.3	182.71	172.15	76.01	0	0	0	0	0	0	0	0	823.24	0
17.5388	75.35	43.34	41.25	140.58	69.3	184.91	176.77	80.3	0	0	0	0	0	0	0	0	811.8	0
17.5488	64.46	39.49	35.42	142.67	71.5	184.91	179.08	82.5	0	0	0	0	0	0	0	0	800.03	0
17.5588	55.88	33.88	29.48	142.67	71.5	184.91	181.5	84.7	0	0	0	0	0	0	0	0	784.52	0
17.5688	47.52	30.14	25.52	142.67	71.5	184.91	186.12	84.7	0	0	0	0	0	0	0	0	773.08	0
17.5788	39.27	26.29	21.56	140.58	71.5	184.91	190.74	86.9	0	0	0	0	0	0	0	0	761.75	0
17.5888	35.09	22.55	17.71	140.58	73.59	184.91	193.05	89.1	0	0	0	0	0	0	0	0	756.58	0
17.5988	31.02	20.68	17.71	138.49	71.5	184.91	197.78	89.1	0	0	0	0	0	0	0	0	751.19	0
17.6088	28.93	18.81	15.73	138.49	71.5	184.91	200.09	91.19	0	0	0	0	0	0	0	0	749.65	0
17.6188	26.84	16.94	13.75	136.4	71.5	184.91	204.71	91.19	0	0	0	0	0	0	0	0	746.24	0
17.6288	24.75	15.07	11.77	134.31	69.3	184.91	209.44	93.39	0	0	0	0	0	0	0	0	742.94	0
17.6388	22.77	13.09	11.77	130.24	69.3	182.71	214.06	93.39	0	0	0	0	0	0	0	0	737.33	0
17.6488	20.68	11.22	9.79	128.15	67.21	182.71	216.37	95.59	0	0	0	0	0	0	0	0	731.72	0
17.6588	18.59	9.35	7.81	123.97	65.01	180.4	220.99	95.59	0	0	0	0	0	0	0	0	721.71	0
17.6688	16.5	9.35	5.83	119.9	65.01	180.4	225.61	97.79	0	0	0	4.95	0	0	0	0	720.39	4.95
17.6788	14.41	7.48	5.83	113.63	62.92	178.09	230.23	99.99	6.82	0	0	0	0	0	0	0	712.58	6.82
17.6888	12.32	5.61	3.85	109.45	60.72	175.78	237.16	102.08	25.08	0	0	4.95	0	0	0	0	706.97	30.03
17.6988	10.34	5.61	3.85	103.07	58.63	173.47	243.98	104.28	36.52	4.18	3.74	4.95	0	0	0	0	703.23	49.39
17.7088	10.34	5.61	3.85	94.6	54.23	171.16	248.6	106.48	54.89	10.45	7.59	4.95	0	0	0	0	694.87	77.88
17.7188	8.25	5.61	0	86.13	52.03	168.96	255.53	106.48	83.38	18.81	17.05	7.48	0	0	0	0	682.99	126.72
17.7288	8.25	5.61	0	79.75	49.94	164.12	262.35	108.68	112.09	27.17	28.49	12.54	0	0	0	0	678.7	180.29
17.7388	8.25	3.74	0	69.19	45.54	159.28	266.97	108.68	130.35	39.71	41.8	32.67	0	4.95	0	0	661.65	249.48
17.7488	6.16	3.74	0	60.72	41.25	154.55	273.9	110.88	166.76	54.34	55.11	40.26	8.47	10.01	6.05	0	651.2	341
17.7588	6.16	3.74	0	50.16	36.85	144.98	278.52	113.08	187.77	60.72	63.8	45.32	12.65	15.07	12.1	5.5	633.49	402.93
17.7688	4.07	3.74	0	37.62	34.65	135.41	283.03	113.08	192.39	67.1	72.49	50.38	14.74	25.19	22.11	8.36	611.6	452.76
17.7788	0	3.74	0	27.17	30.36	121	285.23	113.08	206.47	75.57	83.38	57.97	14.74	40.26	28.27	11.11	580.58	517.77
17.7888	0	3.74	0	20.9	25.96	104.39	283.03	110.88	213.51	81.95	89.87	65.45	16.94	52.91	34.32	13.86	548.9	568.81
17.7988	0	3.74	0	14.63	23.87	80.85	273.9	108.68	220.55	88.33	98.56	70.4	16.94	65.12	38.28	19.47	505.67	617.65
17.8088	0	0	0	12.54	21.67	59.73	248.6	106.48	229.79	92.51	107.25	75.46	19.03	74.69	40.37	22.33	449.02	661.43
17.8188	0	0	0	8.36	21.67	42.35	200.09	102.08	239.03	98.89	113.85	82.94	19.03	81.84	44.33	25.08	374.55	704.99
17.8288	0	0	0	8.36	21.67	29.59	135.74	93.39	248.27	105.27	120.67	88	21.12	89.1	48.4	30.69	288.75	751.52
17.8388	0	0	0	6.27	21.67	21.12	75.13	84.7	257.51	109.56	125.29	92.95	21.12	96.25	50.38	36.19	208.89	789.25
17.8488	0	0	0	4.18	19.47	12.65	42.79	73.81	266.75	118.14	129.91	100.54	21.12	103.4	50.38	39.05	152.9	829.29
17.8587	0	0	0	0	17.27	8.47	27.06	58.63	273.68	122.54	134.53	108.02	23.21	110.66	52.47	41.8	111.43	866.91
17.8687	0	0	0	0	12.98	4.18	20.24	40.59	278.3	129.03	136.84	115.5	23.21	115.5	52.47	44.66	77.99	895.51
17.8787	0	0	0	0	8.58	0	13.53	13.53	278.3	133.32	136.84	122.98	23.21	123.09	52.47	47.41	35.64	917.62
17.8887	0	0	0	0	4.29	0	6.71	0	278.3	139.92	136.84	132.88	25.41	130.68	52.47	50.16	11	946.66
17.8987	0	0	0	0	4.29	0	6.71	0	275.99	142.01	136.84	140.36	25.41	135.74	54.45	50.16	11	960.96
17.9087	0	0	0	0	0	0	0	0	269.06	144.21	134.53	150.37	25.41	143.22	54.45	50.16	0	971.41
17.9187	0	0	0	0	0	0	0	0	264.44	146.41	132.22	157.85	25.41	148.28	54.45	53.02	0	982.08
17.9287	0	0	0	0	0	0	0	0	255.2	144.21	129.91	165.33	25.41	153.34	54.45	55.77	0	983.62
17.9387	0	0	0	0	0	0	0	0	248.27	144.21	125.29	173.25	25.41	158.4	56.54	55.77	0	987.14
17.9487	0	0	0	0	0	0	0	0	236.72	139.92	120.67	178.53	25.41	163.46	56.54	58.63	0	979.88
17.9587	0	0	0	0	0	0	0	0	225.17	137.72	113.85	183.81	27.5	168.52	58.85	58.63	0	974.05
17.9687	0	0	0	0	0	0	0	0	215.82	133.32	109.45	191.73	27.5	173.36	58.85	61.49	0	971.52
17.9787	0	0	0	0	0	0	0	0	204.16	129.03	105.05	197.12	27.5	178.09	58.85	61.49	0	961.29
17.9887	0	0	0	0	0	0	0	0	194.81	124.63	100.76	202.4	27.5	180.4	58.85	61.49	0	950.84
17.9987	0	0	0	0	0	0	0	0	185.46	120.34	96.36	210.32	27.5	185.13	58.85	61.49	0	945.45
18.0087	0	0	0	0	0	0	0	0	178.42	115.94	89.87	215.6	27.5	189.86	58.85	64.35	0	940.39
18.0187	0	0	0	0	0	0	0	0	169.07	111.65	85.47	220.88	27.5	192.17	58.85	64.35	0	929.94
18.0287	0	0	0	0	0	0	0	0	159.94	107.47	81.18	226.27	29.59	196.9	61.27	64.35	0	926.97
18.0387	0	0	0	0	0	0	0	0	150.81	101.09	76.78	233.53	27.5	201.63	61.27	67.32	0	919.93
18.0487	0	0	0	0	0	0	0	0	141.68	98.89	72.49	238.37	29.59	206.36	63.69	67.32	0	918.39
18.0587	0	0	0	0	0	0	0	0	134.86	92.51	70.29	240.79	29.59	211.09	63.69	67.32	0	910.14
18.0687	0	0	0	0	0	0	0	0	128.04	88.33	68.09	245.63	29.59	215.82	66.11	70.18	0	911.79
18.0787	0	0	0	0	0	0	0	0	123.53	84.04	63.8	250.47	29.59	220.55	68.42	70.18	0	910.58
18.0887	0	0	0	0	0	0	0	0	116.71	81.95	61.6	252.89	29.59	225.39	70.84	73.15	0	912.12
18.0987	0	0	0	0	0	0	0	0	112.09	77.66	59.4	255.31	31.79	230.34	70.84	73.15	0	910.58
18.1087	0	0	0	0	0	0	0	0	107.25	75.57	57.2	260.15	31.79	235.18	73.26	76.01	0	916.41
18.1187	0	0	0	0	0	0	0	0	100.1	71.28	53.13	260.15	31.79	240.13	75.68	78.98	0	911.24
18.1287	0	0	0	0	0	0	0	0	95.37	67.1	51.26	262.57	31.79	244.97	80.41	81.84	0	915.31
18.1387	0	0	0	0	0	0	0	0	88.22	62.81	47.41	264.99	31.79	252.34	82.83	84.81	0	915.2
18.1487	0	0	0	0	0	0	0	0	83.38	58.63	45.54	264.99	31.79	254.76	85.25	87.67	0	912.01
18.1587	0	0	0	0	0	0	0	0	78.65	54.34	41.8	264.99	31.79	259.71	89.98	87.67	0	908.93
18.1687	0	0	0	0	0	0	0	0	71.5	52.25	39.82	267.41	31.79	264.55	92.4	90.53	0	910.25
18.1787	0	0	0	0	0	0	0	0	66.66	48.07	36.08	267.41	33.88	266.97	94.82	93.5	0	907.39
18.1887	0	0	0	0	0	0	0	0	61.93	45.98	32.23	267.41	33.88	271.92	99.66	96.36	0	909.37
18.1987	0	0	0	0	0	0	0	0	54.89	41.8	28.49	264.99	33.88	274.34	101.97	99.33	0	899.69
18.2087	0	0	0	0	0	0	0	0	47.96	37.62	24.64	262.57	33.88	276.76	106.81	102.19	0	892.43
18.2187	0	0	0	0	0	0	0	0	41.14	33.44	20.9	260.15	33.88	281.71	111.65	105.16	0	888.03
18.2287	0	0	0	0	0	0	0	0	34.32	29.26	17.05	255.31	31.79	284.13	113.96	108.02	0	873.84
18.2387	0	0	0	0	0	0	0	0	27.39	22.99	11.33	250.47	31.79	284.13	118.58	110.99	0	857.67
18.2487	0	0	0	0	0	0	0	0	22.88	20.9	9.46	245.63	29.59	286.55	123.2	113.52	0	851.73
18.2587	6.16	0	0	0	0	0	0	0	18.26	16.72	7.59	238.37	29.59	286.55	127.93	116.05	6.16	841.06
18.2687	10.34	0	0	0	0	0	0	0	18.26	12.54	5.61	231.11	27.5	286.55	130.24	118.58	10.34	830.39
18.2787	18.59	3.74	0	0	0	0	0	0	13.64	10.45	5.61	220.88	27.5	289.08	132.55	121.11	22.33	820.82
18.2887	28.93	7.48	3.85	0	0	0	0	0	13.64	10.45	3.74	212.96	23.21	289.08	134.86	121.11	40.26	809.05
18.2987	45.54	15.07	7.81	0	0	0	0	0	13.64	8.36	3.74	199.76	21.12	289.08	137.17	123.64	68.42	796.51
18.3087	79.64	24.42	17.71	6.27	0	0	4.51	0	11.44	8.36	0	186.45	16.94	286.55	137.17	123.64	132.55	770.55
18.3187	116.38	35.75	25.52	12.54	0	0	4.51	0	11.44	8.36	0	173.25	14.74	286.55	139.59	126.17	194.7	760.1
18.3287	142.23	43.34	33.44	25.08	8.58	0	6.71	0	11.44	8.36	0	157.85	10.56	284.13	139.59	128.7	259.38	740.63
18.3387	148.17	50.82	39.27	27.17	12.98	4.18	11.22	0	9.13	8.36	0	140.36	8.47	279.29	141.9	131.23	293.81	718.74
18.3487	144.21	52.69	43.23	31.35	17.27	8.47	13.53	0	9.13	6.27	0	122.98	8.47	274.34	141.9	131.23	310.75	694.32
18.3587	142.23	58.52	45.21	35.53	19.47	14.74	15.73	0	9.13	6.27	0	102.96	6.27	266.97	144.21	133.76	331.43	669.57
18.3687	142.23	62.48	49.17	41.8	21.67	21.12	20.24	0	6.82	4.18	0	85.47	6.27	257.18	146.52	136.29	358.71	642.73
18.3787	144.21	68.42	53.13	45.98	21.67	31.79	24.75	0	6.82	4.18	0	67.98	6.27	242.55	151.14	141.35	389.95	620.29
18.3887	154.11	76.34	59.51	54.34	21.67	44.44	29.26	4.51	4.51	4.18	0	52.91	6.27	222.97	153.56	141.35	444.18	585.75
18.3987	166.1	86.35	68.42	60.72	21.67	52.91	36.08	6.71	4.51	4.18	0	37.73	6.27	199.32	155.87	141.35	498.96	549.23
18.4087	180.18	94.27	77.33	67.1	23.87	64.46	42.79	9.02	0	4.18	0	27.72	6.27	168.52	153.56	143.88	559.02	504.13
18.4187	194.37	102.19	86.24	71.28	23.87	73.81	49.61	13.53	0	0	0	22.66	6.27	128.15	146.52	141.35	614.9	444.95
18.4287	202.51	106.15	92.95	75.57	25.96	80.85	56.32	15.73	0	0	0	17.6	6.27	93.83	125.62	138.82	656.04	382.14
18.4387	212.63	112.42	99.66	77.66	28.16	88	65.67	20.24	0	0	0	15.07	6.27	65.12	99.66	131.23	704.44	317.35
18.4487	222.75	116.82	106.37	81.95	30.36	95.04	72.82	24.75	0	0	0	12.54	8.47	40.26	73.26	118.58	750.86	253.11
18.4587	232.87	123.42	113.08	86.13	32.56	102.08	79.86	29.26	0	0	0	10.01	8.47	25.19	56.54	102.19	799.26	202.4
18.4687	242.99	127.82	119.68	90.42	34.65	109.12	87.01	31.57	0	0	0	4.95	6.27	17.6	46.42	78.98	843.26	154.22
18.4787	246.95	130.02	124.08	92.51	36.85	113.85	94.05	36.08	0	0	0	0	4.18	12.54	38.28	41.8	874.39	96.8
18.4887	249.04	132.22	126.28	96.8	39.05	118.58	98.78	40.59	0	0	0	4.95	0	10.01	28.27	19.47	901.34	62.7
18.4987	249.04	132.22	128.48	100.98	41.25	123.42	105.93	42.79	0	0	0	4.95	0	10.01	18.15	11.11	924.11	44.22
18.5087	246.95	132.22	128.48	103.07	43.34	128.15	113.08	47.3	0	0	0	4.95	0	7.48	10.01	5.5	942.59	27.94
18.5187	242.99	130.02	128.48	105.27	45.54	135.41	119.79	51.81	0	0	0	4.95	0	4.95	3.96	0	959.31	13.86
18.5287	236.94	127.82	128.48	107.36	47.74	137.72	126.61	56.32	0	0	0	4.95	0	4.95	0	0	968.99	9.9
18.5387	230.89	123.42	124.08	109.45	49.94	142.56	131.23	58.63	0	0	0	4.95	0	0	0	0	970.2	4.95
18.5487	224.84	119.02	121.88	109.45	49.94	144.98	137.94	62.92	0	0	0	0	0	0	0	0	970.97	0
18.5587	214.61	112.42	117.48	109.45	54.23	149.71	147.07	67.32	0	0	0	0	0	0	0	0	972.29	0
18.5687	206.58	108.13	113.08	109.45	54.23	152.13	151.58	69.41	0	0	0	0	0	0	0	0	964.59	0
18.5787	196.46	100.21	108.57	109.45	56.43	154.55	158.4	73.81	0	0	0	0	0	0	0	0	957.88	0
18.5887	186.34	96.25	104.06	109.45	58.63	154.55	162.91	76.01	0	0	0	0	0	0	0	0	948.2	0
18.5987	176.22	90.31	97.46	111.65	60.72	156.97	167.53	78.21	0	0	0	0	0	0	0	0	939.07	0
18.6087	166.1	84.37	90.75	111.65	60.72	159.28	172.15	80.3	0	0	0	0	0	0	0	0	925.32	0
18.6187	156.09	80.3	84.04	113.63	62.92	161.7	174.46	80.3	0	0	0	0	0	0	0	0	913.44	0
18.6287	144.21	74.36	79.53	113.63	65.01	164.12	179.08	82.5	0	0	0	0	0	0	0	0	902.44	0
18.6387	134.2	68.42	70.62	113.63	65.01	166.54	181.5	84.7	0	0	0	0	0	0	0	0	884.62	0
18.6487	124.3	62.48	64.02	115.72	67.21	168.96	183.81	86.9	0	0	0	0	0	0	0	0	873.4	0
18.6587	112.42	58.52	59.51	117.81	67.21	168.96	183.81	89.1	0	0	0	0	0	0	0	0	857.34	0
18.6687	101.42	52.69	53.13	119.9	69.3	171.16	186.12	89.1	0	0	0	0	0	0	0	0	842.82	0
18.6787	92.73	47.08	47.19	121.99	71.5	173.47	188.43	91.19	0	0	0	0	0	0	0	0	833.58	0
18.6887	81.84	43.34	43.23	123.97	71.5	173.47	190.74	93.39	0	0	0	0	0	0	0	0	821.48	0
18.6987	73.15	39.49	39.27	123.97	73.59	173.47	190.74	95.59	0	0	0	0	0	0	0	0	809.27	0
18.7087	64.46	35.75	35.42	123.97	73.59	175.78	193.05	95.59	0	0	0	0	0	0	0	0	797.61	0
18.7187	55.88	32.01	31.46	126.06	75.79	175.78	197.78	97.79	0	0	0	0	0	0	0	0	792.55	0
18.7287	49.61	28.16	27.5	126.06	75.79	175.78	200.09	97.79	0	0	0	0	0	0	0	0	780.78	0
18.7387	43.45	24.42	23.54	126.06	75.79	175.78	202.4	99.99	0	0	0	0	0	0	0	0	771.43	0
18.7487	37.18	20.68	19.58	126.06	75.79	175.78	204.71	99.99	0	0	0	0	0	0	0	0	759.77	0
18.7587	33.11	18.81	17.71	126.06	75.79	175.78	209.44	99.99	0	0	0	0	0	0	0	0	756.69	0
18.7687	31.02	16.94	17.71	123.97	75.79	175.78	211.75	102.08	0	0	0	0	0	0	0	0	755.04	0
18.7787	28.93	16.94	15.73	123.97	75.79	175.78	216.37	104.28	0	0	0	0	0	0	0	0	757.79	0
18.7887	26.84	15.07	13.75	121.99	75.79	175.78	218.68	104.28	0	0	0	0	0	0	0	0	752.18	0
18.7987	24.75	13.09	11.77	121.99	75.79	175.78	223.41	106.48	0	0	0	0	0	0	0	0	753.06	0
18.8087	22.77	11.22	11.77	119.9	73.59	173.47	227.92	106.48	0	0	0	0	0	0	0	0	747.12	0
18.8187	20.68	11.22	9.79	115.72	73.59	175.78	230.23	108.68	0	0	0	0	0	0	0	0	745.69	0
18.8287	18.59	9.35	7.81	113.63	71.5	173.47	234.85	110.88	0	0	0	0	0	0	0	0	740.08	0
18.8387	16.5	7.48	7.81	109.45	69.3	171.16	239.47	113.08	6.82	0	0	0	0	0	0	0	734.25	6.82
18.8487	14.41	7.48	5.83	105.27	67.21	171.16	243.98	115.28	15.95	0	0	0	0	0	0	0	730.62	15.95
18.8587	12.32	5.61	3.85	98.89	65.01	171.16	248.6	117.59	20.57	0	0	0	0	0	0	0	723.03	20.57
18.8687	12.32	5.61	5.83	94.6	62.92	168.96	255.53	119.9	27.39	0	0	0	0	0	0	0	725.67	27.39
18.8787	10.34	3.74	3.85	88.33	60.72	166.54	260.15	122.21	34.32	4.18	0	0	0	0	0	0	715.88	38.5
18.8887	10.34	3.74	3.85	81.95	56.43	164.12	262.35	124.52	45.76	6.27	5.61	0	0	0	0	0	707.3	57.64
18.8987	8.25	3.74	3.85	75.57	54.23	161.7	266.97	124.52	64.35	14.63	13.2	7.48	0	0	0	0	698.83	99.66
18.9087	8.25	3.74	0	67.1	52.03	159.28	271.59	129.03	95.37	22.99	24.64	17.6	0	0	0	0	691.02	160.6
18.9187	8.25	3.74	0	60.72	47.74	154.55	276.21	129.03	139.48	37.62	37.95	30.14	6.27	7.48	6.05	0	680.24	264.99
18.9287	6.16	3.74	0	52.25	43.34	149.71	278.52	129.03	173.69	45.98	49.39	30.14	8.47	10.01	10.01	0	662.75	327.69
18.9387	6.16	3.74	0	43.89	39.05	144.98	280.72	131.34	173.69	45.98	53.13	32.67	8.47	12.54	14.08	0	649.88	340.56
18.9487	4.07	3.74	0	33.44	34.65	135.41	283.03	129.03	185.46	52.25	61.6	35.2	10.56	20.13	20.13	5.5	623.37	390.83
18.9587	0	3.74	0	25.08	32.56	123.42	287.54	131.34	194.81	54.34	68.09	37.73	10.56	27.72	26.18	8.36	603.68	427.79
18.9687	0	3.74	0	18.81	28.16	109.12	287.54	129.03	201.74	58.63	74.69	40.26	12.65	32.67	30.25	8.36	576.4	459.25
18.9787	0	0	0	14.63	25.96	88	283.03	126.83	215.82	62.81	81.18	42.79	12.65	40.26	32.23	11.11	538.45	498.85
18.9887	0	0	0	10.45	23.87	66.77	266.97	124.52	227.48	67.1	87.67	45.32	12.65	45.32	36.3	11.11	492.58	532.95
18.9987	0	0	0	8.36	23.87	50.82	237.16	122.21	239.03	71.28	96.36	47.85	14.74	52.91	38.28	13.86	442.42	574.31
19.0087	0	0	0	6.27	23.87	38.06	188.43	115.28	252.89	77.66	102.96	50.38	14.74	57.97	42.35	19.47	371.91	618.42
19.0187	0	0	0	6.27	25.96	27.5	126.61	106.48	264.44	81.95	111.65	55.44	14.74	65.12	44.33	25.08	292.82	662.75
19.0287	0	0	0	4.18	25.96	21.12	70.4	97.79	278.3	86.13	118.36	57.97	16.94	72.27	46.42	27.83	219.45	704.22
19.0387	0	0	0	0	23.87	12.65	42.79	86.9	290.29	92.51	125.29	62.92	16.94	77.11	50.38	33.44	166.21	748.88
19.0487	0	0	0	0	21.67	8.47	29.26	73.81	302.28	96.8	132.22	67.98	19.03	84.26	52.47	36.19	133.21	791.23
19.0587	0	0	0	0	17.27	4.18	22.55	58.63	309.54	103.18	139.15	72.93	19.03	91.41	54.45	39.05	102.63	828.74
19.0687	0	0	0	0	12.98	0	18.04	31.57	316.69	109.56	141.35	80.41	19.03	98.67	54.45	44.66	62.59	864.82
19.0787	0	0	0	0	8.58	0	13.53	6.71	319.11	113.85	143.66	88	21.12	105.82	56.54	47.41	28.82	895.51
19.0887	0	0	0	0	6.49	0	6.71	0	319.11	118.14	145.97	95.48	21.12	113.08	58.85	50.16	13.2	921.91
19.0987	0	0	0	0	4.29	0	6.71	0	316.69	120.34	145.97	100.54	23.21	120.56	61.27	53.02	11	941.6
19.1087	0	0	0	0	0	0	4.51	0	314.38	124.63	145.97	108.02	23.21	125.62	63.69	53.02	4.51	958.54
19.1187	0	0	0	0	0	0	0	0	307.12	124.63	143.66	113.08	23.21	133.21	66.11	55.77	0	966.79
19.1287	0	0	0	0	0	0	0	0	297.55	124.63	141.35	120.45	23.21	140.8	68.42	58.63	0	975.04
19.1387	0	0	0	0	0	0	0	0	285.45	124.63	136.84	122.98	25.41	145.75	70.84	61.49	0	973.39
19.1487	0	0	0	0	0	0	0	0	273.68	122.54	132.22	130.46	27.5	153.34	75.68	64.35	0	979.77
19.1587	0	0	0	0	0	0	0	0	264.44	118.14	127.6	132.88	27.5	158.4	78.1	67.32	0	974.38
19.1687	0	0	0	0	0	0	0	0	252.89	115.94	122.98	137.94	27.5	165.99	82.83	70.18	0	976.25
19.1787	0	0	0	0	0	0	0	0	239.03	111.65	118.36	142.89	29.59	171.05	85.25	73.15	0	970.97
19.1887	0	0	0	0	0	0	0	0	227.48	109.56	113.85	145.42	29.59	175.67	87.67	76.01	0	965.25
19.1987	0	0	0	0	0	0	0	0	213.51	105.27	107.25	150.37	31.79	180.4	89.98	76.01	0	954.58
19.2087	0	0	0	0	0	0	0	0	199.43	101.09	100.76	155.32	31.79	187.44	94.82	78.98	0	949.63
19.2187	0	0	0	0	0	0	0	0	187.77	96.8	94.27	160.27	31.79	194.59	97.24	81.84	0	944.57
19.2287	0	0	0	0	0	0	0	0	173.69	92.51	87.67	165.33	33.88	199.32	99.66	84.81	0	936.87
19.2387	0	0	0	0	0	0	0	0	162.14	86.13	81.18	170.61	33.88	203.94	101.97	87.67	0	927.52
19.2487	0	0	0	0	0	0	0	0	148.5	81.95	74.69	175.89	33.88	211.09	104.39	90.53	0	920.92
19.2587	0	0	0	0	0	0	0	0	137.17	75.57	70.29	181.17	33.88	215.82	106.81	90.53	0	911.24
19.2687	0	0	0	0	0	0	0	0	125.84	71.28	63.8	186.45	35.97	220.55	109.23	93.5	0	906.62
19.2787	0	0	0	0	0	0	0	0	116.71	67.1	59.4	189.09	35.97	227.81	111.65	96.36	0	904.09
19.2886	0	0	0	0	0	0	0	0	107.25	62.81	53.13	194.37	35.97	232.76	116.27	99.33	0	901.89
19.2986	0	0	0	0	0	0	0	0	97.79	58.63	49.39	199.76	38.06	237.6	118.58	99.33	0	899.14
19.3086	0	0	0	0	0	0	0	0	90.53	54.34	45.54	202.4	38.06	242.55	120.89	102.19	0	896.5
19.3186	0	0	0	0	0	0	0	0	81.07	50.16	41.8	205.04	38.06	247.39	123.2	105.16	0	891.88
19.3286	0	0	0	0	0	0	0	0	73.81	45.98	37.95	207.68	38.06	249.92	125.62	105.16	0	884.18
19.3386	0	0	0	0	0	0	0	0	66.66	43.89	34.1	210.32	38.06	252.34	127.93	108.02	0	881.32
19.3486	0	0	0	0	0	0	0	0	61.93	39.71	30.36	212.96	38.06	254.76	130.24	108.02	0	876.04
19.3586	0	0	0	0	0	0	0	0	54.89	35.53	26.51	212.96	38.06	257.18	132.55	110.99	0	868.67
19.3686	0	0	0	0	0	0	0	0	47.96	33.44	24.64	212.96	38.06	259.71	137.17	113.52	0	867.46
19.3786	0	0	0	0	0	0	0	0	41.14	29.26	20.9	212.96	38.06	262.13	139.59	116.05	0	860.09
19.3886	0	0	0	0	0	0	0	0	34.32	27.17	17.05	212.96	38.06	264.55	144.21	116.05	0	854.37
19.3986	0	0	0	0	0	0	0	0	29.7	20.9	13.2	210.32	38.06	264.55	148.83	118.58	0	844.14
19.4086	0	0	0	0	0	0	0	0	25.08	18.81	11.33	207.68	35.97	266.97	151.14	121.11	0	838.09
19.4186	0	0	0	0	0	0	0	0	22.88	16.72	9.46	205.04	35.97	266.97	153.56	123.64	0	834.24
19.4286	0	0	0	0	0	0	0	0	18.26	14.63	7.59	199.76	33.88	269.5	155.87	126.17	0	825.66
19.4386	6.16	0	0	0	0	0	0	0	18.26	12.54	5.61	194.37	31.79	269.5	158.18	128.7	6.16	818.95
19.4486	10.34	0	0	0	0	0	0	0	15.95	10.45	5.61	189.09	29.59	269.5	160.49	128.7	10.34	809.38
19.4586	14.41	3.74	0	0	0	0	0	0	13.64	10.45	3.74	181.17	27.5	271.92	162.8	131.23	18.15	802.45
19.4686	20.68	5.61	3.85	0	0	0	0	0	13.64	8.36	3.74	173.25	25.41	269.5	162.8	131.23	30.14	787.93
19.4786	31.02	9.35	5.83	0	0	0	0	0	13.64	8.36	0	165.33	21.12	269.5	162.8	133.76	46.2	774.51
19.4886	51.7	18.81	9.79	0	0	0	4.51	0	11.44	8.36	0	155.32	19.03	269.5	165.11	133.76	84.81	762.52
19.4986	88.44	30.14	21.56	6.27	0	0	6.71	0	11.44	6.27	0	142.89	16.94	266.97	162.8	136.29	153.12	743.6
19.5086	132.22	43.34	33.44	20.9	8.58	0	9.02	0	11.44	6.27	0	132.88	12.65	266.97	162.8	138.82	247.5	731.83
19.5186	166.1	56.54	43.23	27.17	17.27	4.18	11.22	0	9.13	6.27	0	118.03	10.56	262.13	162.8	138.82	325.71	707.74
19.5286	166.1	58.52	49.17	29.26	17.27	6.27	15.73	0	9.13	6.27	0	105.49	8.47	259.71	162.8	141.35	342.32	693.22
19.5386	164.01	64.46	53.13	35.53	23.87	10.56	18.04	0	9.13	6.27	0	88	8.47	252.34	162.8	143.88	369.6	670.89
19.5486	164.01	68.42	57.31	39.71	25.96	19.03	22.55	0	6.82	4.18	0	70.4	6.27	242.55	165.11	148.94	396.99	644.27
19.5586	164.01	72.38	61.71	43.89	28.16	27.5	24.75	0	6.82	4.18	0	52.91	6.27	227.81	167.53	151.47	422.4	616.99
19.5686	172.15	80.3	70.62	50.16	28.16	38.06	33.77	0	4.51	4.18	0	40.26	6.27	208.67	167.53	151.47	473.22	582.89
19.5786	184.25	88.33	81.84	56.54	28.16	48.73	40.59	4.51	4.51	4.18	0	30.14	8.47	182.82	167.53	154	532.95	551.65
19.5886	198.44	96.25	90.75	62.81	30.36	59.73	51.81	9.02	0	0	0	22.66	6.27	150.81	160.49	151.47	599.17	491.7
19.5986	208.56	102.19	99.66	65.01	30.36	69.19	58.63	11.22	0	0	0	20.13	8.47	113.08	146.52	148.94	644.82	437.14
19.6086	218.68	106.15	108.57	69.19	32.56	78.54	68.09	13.53	0	0	0	17.6	8.47	84.26	120.89	143.88	695.31	375.1
19.6186	226.82	110.22	115.28	71.28	32.56	85.58	77.55	15.73	0	0	0	15.07	8.47	55.44	89.98	136.29	735.02	305.25
19.6286	232.87	112.42	121.88	73.48	34.65	92.62	87.01	20.24	0	0	0	10.01	8.47	32.67	63.69	121.11	775.17	235.95
19.6386	240.9	116.82	128.48	77.66	36.85	99.66	96.47	24.75	0	0	0	7.48	8.47	22.66	52.47	99.33	821.59	190.41
19.6486	244.97	116.82	132.88	79.75	39.05	106.7	103.51	31.57	0	0	0	0	6.27	15.07	44.33	64.35	855.25	130.02
19.6586	244.97	119.02	135.08	81.95	41.25	113.85	110.66	36.08	0	0	0	0	4.18	12.54	36.3	27.83	882.86	80.85
19.6686	244.97	119.02	137.28	86.13	43.34	121	117.59	40.59	0	0	0	0	0	10.01	28.27	16.72	909.92	55
19.6786	242.99	119.02	137.28	90.42	45.54	125.73	124.41	47.3	0	0	0	0	0	7.48	18.15	11.11	932.69	36.74
19.6886	238.92	119.02	137.28	92.51	47.74	130.57	128.92	49.61	0	0	0	4.95	0	4.95	8.03	0	944.57	17.93
19.6986	232.87	116.82	135.08	96.8	49.94	135.41	135.74	56.32	0	0	0	0	0	4.95	3.96	0	958.98	8.91
19.7086	224.84	114.62	132.88	98.89	52.03	140.14	142.56	60.72	0	0	0	0	0	0	3.96	0	966.68	3.96
19.7186	218.68	110.22	130.68	100.98	54.23	144.98	149.38	62.92	0	0	0	0	0	0	0	0	972.07	0
19.7286	210.65	104.17	126.28	100.98	56.43	147.29	153.89	67.32	0	0	0	0	0	0	0	0	967.01	0
19.7386	200.53	100.21	121.88	103.07	58.63	152.13	162.91	69.41	0	0	0	0	0	0	0	0	968.77	0
19.7486	192.39	96.25	115.28	103.07	60.72	154.55	167.53	71.61	0	0	0	0	0	0	0	0	961.4	0
19.7586	182.27	90.31	110.77	105.27	62.92	156.97	172.15	73.81	0	0	0	0	0	0	0	0	954.47	0
19.7686	172.15	84.37	104.06	105.27	65.01	159.28	176.77	76.01	0	0	0	0	0	0	0	0	942.92	0
19.7786	160.05	80.3	95.15	107.36	67.21	161.7	183.81	78.21	0	0	0	0	0	0	0	0	933.79	0
19.7886	148.17	74.36	88.55	107.36	69.3	164.12	186.12	80.3	0	0	0	0	0	0	0	0	918.28	0
19.7986	136.18	68.42	79.53	109.45	71.5	166.54	190.74	80.3	0	0	0	0	0	0	0	0	902.66	0
19.8086	124.3	62.48	70.62	109.45	71.5	168.96	193.05	84.7	0	0	0	0	0	0	0	0	885.06	0
19.8186	112.42	56.54	61.71	111.65	73.59	168.96	197.78	86.9	0	0	0	0	0	0	0	0	869.55	0
19.8286	99.33	50.82	55.11	113.63	75.79	171.16	200.09	89.1	0	0	0	0	0	0	0	0	855.03	0
19.8386	88.44	45.21	49.17	113.63	75.79	173.47	202.4	89.1	0	0	0	0	0	0	0	0	837.21	0
19.8486	77.55	39.49	43.23	115.72	75.79	173.47	204.71	91.19	0	0	0	0	0	0	0	0	821.15	0
19.8586	64.46	35.75	37.29	115.72	77.88	175.78	207.02	93.39	0	0	0	0	0	0	0	0	807.29	0
19.8686	55.88	30.14	33.44	115.72	77.88	175.78	209.44	95.59	0	0	0	0	0	0	0	0	793.87	0
19.8786	49.61	26.29	27.5	115.72	77.88	175.78	211.75	95.59	0	0	0	0	0	0	0	0	780.12	0
19.8886	41.36	22.55	23.54	113.63	77.88	175.78	216.37	95.59	0	0	0	0	0	0	0	0	766.7	0
19.8986	35.09	18.81	19.58	113.63	77.88	175.78	218.68	97.79	0	0	0	0	0	0	0	0	757.24	0
19.9086	31.02	16.94	17.71	113.63	77.88	175.78	220.99	97.79	0	0	0	0	0	0	0	0	751.74	0
19.9186	28.93	16.94	17.71	113.63	77.88	175.78	223.41	97.79	0	0	0	0	0	0	0	0	752.07	0
19.9286	26.84	15.07	15.73	111.65	77.88	175.78	225.61	99.99	0	0	0	0	0	0	0	0	748.55	0
19.9386	24.75	13.09	13.75	111.65	77.88	175.78	227.92	102.08	0	0	0	0	0	0	0	0	746.9	0
19.9486	22.77	11.22	11.77	109.45	75.79	175.78	232.54	102.08	0	0	0	0	0	0	0	0	741.4	0
19.9586	22.77	11.22	11.77	109.45	73.59	175.78	234.85	104.28	0	0	0	4.95	0	0	0	0	743.71	4.95
19.9686	20.68	9.35	9.79	107.36	73.59	175.78	237.16	104.28	0	0	0	4.95	0	0	0	0	737.99	4.95
19.9786	18.59	7.48	9.79	105.27	71.5	173.47	241.78	106.48	0	0	0	7.48	0	0	0	0	734.36	7.48
19.9886	16.5	7.48	7.81	103.07	71.5	173.47	246.29	108.68	0	0	0	4.95	0	0	0	0	734.8	4.95
19.9986	14.41	5.61	5.83	98.89	69.3	173.47	248.6	110.88	4.51	0	0	0	0	0	0	0	726.99	4.51
20.0086	12.32	5.61	5.83	96.8	67.21	173.47	253.22	113.08	11.44	0	0	0	0	0	0	0	727.54	11.44
20.0186	12.32	5.61	5.83	92.51	65.01	171.16	257.84	115.28	22.88	0	0	0	0	0	0	0	725.56	22.88
20.0286	12.32	5.61	3.85	86.13	62.92	168.96	262.35	115.28	25.08	0	0	0	0	0	0	0	717.42	25.08
20.0386	10.34	3.74	3.85	81.95	60.72	166.54	266.97	119.9	29.7	4.18	0	0	0	0	0	0	714.01	33.88
20.0486	10.34	3.74	3.85	75.57	56.43	164.12	271.59	122.21	36.52	4.18	3.74	0	0	0	0	0	707.85	44.44
20.0586	10.34	3.74	3.85	69.19	54.23	161.7	278.52	124.52	41.14	8.36	5.61	0	0	0	0	0	706.09	55.11
20.0686	8.25	3.74	0	62.81	49.94	159.28	283.03	124.52	50.27	12.54	9.46	4.95	0	0	0	0	691.57	77.22
20.0786	8.25	3.74	0	54.34	47.74	156.97	285.23	126.83	66.66	20.9	15.18	15.07	0	0	0	0	683.1	117.81
20.0886	6.16	3.74	0	50.16	43.34	152.13	289.85	126.83	100.1	31.35	30.36	27.72	4.18	10.01	3.96	0	672.21	207.68
20.0986	6.16	0	0	41.8	39.05	147.29	292.05	129.03	150.81	43.89	45.54	32.67	8.47	15.07	10.01	0	655.38	306.46
20.1086	4.07	3.74	0	33.44	36.85	140.14	294.36	129.03	178.42	52.25	57.2	35.2	10.56	17.6	14.08	0	641.63	365.31
20.1186	4.07	3.74	0	27.17	32.56	130.57	296.67	129.03	190.08	56.43	63.8	40.26	10.56	27.72	20.13	5.5	623.81	414.48
20.1286	0	0	0	20.9	30.36	118.58	294.36	126.83	199.43	60.72	72.49	40.26	10.56	37.73	26.18	5.5	591.03	452.87
20.1386	0	0	0	16.72	25.96	99.66	289.85	126.83	211.09	64.9	81.18	45.32	10.56	47.85	30.25	8.36	559.02	499.51
20.1486	0	0	0	12.54	23.87	78.54	278.52	124.52	222.86	69.19	87.67	47.85	12.65	57.97	34.32	11.11	517.99	543.62
20.1586	0	0	0	8.36	21.67	55.11	253.22	119.9	234.41	73.48	96.36	50.38	12.65	67.54	38.28	16.72	458.26	589.82
20.1686	0	0	0	6.27	21.67	40.26	209.44	113.08	245.96	79.86	105.05	55.44	14.74	72.27	44.33	22.33	390.72	639.98
20.1786	0	0	0	4.18	23.87	27.5	147.07	104.28	257.51	81.95	113.85	57.97	14.74	79.53	48.4	27.83	306.9	681.78
20.1886	0	0	0	4.18	25.96	19.03	87.01	93.39	271.37	86.13	122.98	60.39	16.94	86.68	50.38	33.44	229.57	728.31
20.1986	0	0	0	0	23.87	12.65	51.81	84.7	283.03	90.42	129.91	65.45	16.94	93.83	54.45	39.05	173.03	773.08
20.2086	0	0	0	0	21.67	6.27	33.77	71.61	295.13	96.8	136.84	67.98	19.03	98.67	56.54	41.8	133.32	812.79
20.2186	0	0	0	0	19.47	4.18	24.75	58.63	304.7	101.09	143.66	72.93	19.03	105.82	58.85	47.41	107.03	853.49
20.2286	0	0	0	0	12.98	0	20.24	31.57	309.54	105.27	145.97	77.99	19.03	113.08	61.27	47.41	64.79	879.56
20.2386	0	0	0	0	8.58	0	13.53	6.71	311.96	109.56	148.28	85.47	21.12	120.56	63.69	53.02	28.82	913.66
20.2486	0	0	0	0	6.49	0	9.02	0	311.96	113.85	148.28	92.95	21.12	128.15	63.69	53.02	15.51	933.02
20.2586	0	0	0	0	4.29	0	6.71	0	309.54	118.14	148.28	100.54	23.21	135.74	66.11	55.77	11	957.33
20.2686	0	0	0	0	4.29	0	4.51	0	304.7	120.34	145.97	108.02	23.21	140.8	66.11	58.63	8.8	967.78
20.2786	0	0	0	0	0	0	0	0	297.55	122.54	141.35	115.5	23.21	148.28	66.11	61.49	0	976.03
20.2886	0	0	0	0	0	0	0	0	287.87	122.54	139.15	122.98	23.21	155.87	66.11	61.49	0	979.22
20.2986	0	0	0	0	0	0	0	0	278.3	122.54	134.53	127.93	25.41	160.93	68.42	64.35	0	982.41
20.3086	0	0	0	0	0	0	0	0	269.06	122.54	129.91	135.41	25.41	168.52	68.42	67.32	0	986.59
20.3186	0	0	0	0	0	0	0	0	257.51	120.34	125.29	140.36	27.5	173.36	68.42	67.32	0	980.1
20.3286	0	0	0	0	0	0	0	0	245.96	120.34	118.36	147.84	27.5	178.09	70.84	70.18	0	979.11
20.3386	0	0	0	0	0	0	0	0	234.41	118.14	113.85	152.79	27.5	182.82	70.84	70.18	0	970.53
20.3486	0	0	0	0	0	0	0	0	222.86	115.94	107.25	160.27	27.5	187.44	70.84	73.15	0	965.25
20.3586	0	0	0	0	0	0	0	0	211.09	113.85	102.96	165.33	29.59	192.17	73.26	73.15	0	961.4
20.3686	0	0	0	0	0	0	0	0	201.74	109.56	96.36	170.61	29.59	196.9	73.26	76.01	0	954.03
20.3786	0	0	0	0	0	0	0	0	190.08	107.47	92.07	178.53	29.59	203.94	73.26	76.01	0	950.95
20.3886	0	0	0	0	0	0	0	0	180.73	103.18	87.67	183.81	29.59	206.36	75.68	78.98	0	946
20.3986	0	0	0	0	0	0	0	0	169.07	98.89	81.18	189.09	31.79	211.09	75.68	78.98	0	935.77
20.4086	0	0	0	0	0	0	0	0	159.94	94.71	76.78	197.12	31.79	215.82	78.1	78.98	0	933.24
20.4186	0	0	0	0	0	0	0	0	150.81	90.42	72.49	199.76	31.79	220.55	80.41	81.84	0	928.07
20.4286	0	0	0	0	0	0	0	0	141.68	86.13	68.09	205.04	31.79	225.39	82.83	81.84	0	922.79
20.4386	0	0	0	0	0	0	0	0	132.66	79.86	65.89	210.32	31.79	227.81	82.83	81.84	0	913
20.4486	0	0	0	0	0	0	0	0	125.84	77.66	61.6	215.6	33.88	232.76	85.25	84.81	0	917.4
20.4586	0	0	0	0	0	0	0	0	116.71	73.48	57.2	220.88	33.88	237.6	87.67	84.81	0	912.23
20.4686	0	0	0	0	0	0	0	0	109.67	69.19	53.13	223.52	33.88	240.13	87.67	84.81	0	902
20.4786	0	0	0	0	0	0	0	0	102.52	64.9	49.39	228.69	33.88	244.97	89.98	87.67	0	902
20.4886	0	0	0	0	0	0	0	0	95.37	60.72	47.41	231.11	33.88	249.92	92.4	87.67	0	898.48
20.4986	0	0	0	0	0	0	0	0	88.22	56.43	43.67	235.95	35.97	252.34	94.82	90.53	0	897.93
20.5086	0	0	0	0	0	0	0	0	81.07	52.25	39.82	238.37	33.88	257.18	94.82	90.53	0	887.92
20.5186	0	0	0	0	0	0	0	0	73.81	48.07	36.08	243.21	35.97	259.71	97.24	90.53	0	884.62
20.5286	0	0	0	0	0	0	0	0	66.66	45.98	32.23	245.63	35.97	262.13	101.97	93.5	0	884.07
20.5386	0	0	0	0	0	0	0	0	59.51	41.8	28.49	245.63	35.97	266.97	104.39	96.36	0	879.12
20.5486	0	0	0	0	0	0	0	0	52.58	37.62	24.64	248.05	35.97	269.5	106.81	96.36	0	871.53
20.5586	0	0	0	0	0	0	0	0	45.76	35.53	20.9	248.05	35.97	274.34	111.65	99.33	0	871.53
20.5686	0	0	0	0	0	0	0	0	38.83	31.35	18.92	248.05	35.97	276.76	113.96	102.19	0	866.03
20.5786	0	0	0	0	0	0	0	0	34.32	27.17	15.18	248.05	35.97	279.29	118.58	105.16	0	863.72
20.5886	0	0	0	0	0	0	0	0	27.39	22.99	11.33	245.63	35.97	281.71	123.2	108.02	0	856.24
20.5986	0	0	0	0	0	0	0	0	25.08	20.9	9.46	243.21	33.88	284.13	127.93	110.99	0	855.58
20.6086	0	0	0	0	0	0	0	0	20.57	16.72	7.59	238.37	33.88	286.55	130.24	113.52	0	847.44
20.6186	0	0	0	0	0	0	0	0	18.26	14.63	7.59	233.53	31