0.0000	257.07	98.34	149.49	48.18	40.15	67.54	50.38	24.64	0	0	0	0	0	37.95	86.35	74.69	735.79	198.99
0.0100	257.07	98.34	149.49	48.18	40.15	67.54	50.38	24.64	0	0	0	0	0	37.95	86.35	74.69	735.79	198.99
0.0200	264.88	102.74	156.97	51.7	42.35	74.25	53.46	28.27	0	0	0	0	0	30.8	74.36	59.95	774.62	165.11
0.0300	270.05	107.14	164.34	55.11	44.44	78.76	56.54	30.03	0	0	0	0	0	23.65	62.48	44.44	806.41	130.57
0.0400	277.86	111.54	169.29	58.63	46.53	85.47	60.06	33.55	0	0	0	0	0	18.92	51.37	33.88	842.93	104.17
0.0500	280.39	118.03	174.24	63.03	48.62	89.98	61.93	35.31	0	0	0	0	0	14.19	41.03	27.5	871.53	82.72
0.0600	285.45	120.12	179.3	67.43	48.62	96.69	63.69	37.07	0	0	0	0	0	11.88	30.8	19.03	898.37	61.71
0.0700	285.45	124.3	181.83	71.83	50.82	101.2	65.56	38.83	0	0	0	0	0	9.46	17.93	8.47	919.82	35.86
0.0800	285.45	126.39	179.3	76.23	50.82	105.6	67.32	40.59	0	0	0	0	0	4.73	10.23	4.18	931.7	19.14
0.0900	285.45	126.39	179.3	80.63	50.82	107.91	69.19	42.35	0	0	0	0	0	4.73	7.7	4.18	942.04	16.61
0.1000	280.39	128.48	174.24	85.03	50.82	112.42	69.19	42.35	0	0	0	0	0	0	5.06	0	942.92	5.06
0.1100	272.58	128.48	169.29	89.54	52.91	114.51	69.19	42.35	0	0	0	0	0	0	5.06	0	938.85	5.06
0.1200	264.88	126.39	161.92	91.74	50.82	116.6	69.19	42.35	0	0	0	0	0	0	0	0	923.89	0
0.1300	257.07	126.39	156.97	96.14	50.82	116.6	67.32	42.35	0	0	0	0	0	0	0	0	913.66	0
0.1400	249.26	124.3	149.49	100.54	50.82	118.69	67.32	40.59	0	0	0	0	0	0	0	0	901.01	0
0.1500	241.45	124.3	142.12	102.74	50.82	118.69	65.56	40.59	0	0	0	0	0	0	0	0	886.27	0
0.1600	233.75	122.21	137.17	107.14	50.82	118.69	65.56	38.83	0	0	0	0	0	0	0	0	874.17	0
0.1700	228.58	120.12	132.22	111.54	50.82	118.69	65.56	38.83	0	0	0	0	0	0	0	0	866.36	0
0.1800	220.88	118.03	127.27	111.54	50.82	120.78	65.56	38.83	0	0	0	0	0	0	0	0	853.71	0
0.1900	213.62	115.94	124.74	116.05	50.82	122.98	65.56	38.83	0	0	0	0	0	0	0	0	848.54	0
0.2000	206.36	115.94	119.79	120.56	50.82	125.07	65.56	38.83	0	0	0	0	0	0	0	0	842.93	0
0.2100	199.1	113.85	117.37	122.76	50.82	127.16	67.32	38.83	0	0	0	0	0	0	0	0	837.21	0
0.2200	194.15	111.54	114.84	127.27	50.82	129.25	67.32	38.83	0	0	0	0	0	0	0	0	834.02	0
0.2300	186.89	109.34	112.42	133.98	50.82	133.54	67.32	38.83	0	0	0	0	0	0	0	0	833.14	0
0.2400	179.63	107.14	110	138.38	50.82	137.72	69.19	40.59	0	0	0	0	0	0	0	0	833.47	0
0.2500	174.79	104.94	107.69	142.89	52.91	144.1	70.95	40.59	0	0	0	0	0	0	0	0	838.86	0
0.2600	167.53	102.74	105.27	149.6	52.91	148.39	72.82	42.35	0	0	0	0	0	0	0	0	841.61	0
0.2700	162.58	100.54	105.27	154.11	52.91	152.57	74.58	44.11	0	0	0	0	0	0	0	0	846.67	0
0.2800	155.21	96.14	102.96	158.51	55	158.95	78.21	44.11	0	0	0	0	0	0	0	0	849.09	0
0.2900	147.84	93.94	100.54	160.82	55	163.13	80.08	47.63	0	0	0	0	0	0	0	0	848.98	0
0.3000	140.47	89.54	95.81	165.33	55	169.73	83.71	49.39	0	0	0	0	0	0	0	0	848.98	0
0.3100	130.57	82.94	91.08	167.64	57.2	178.53	89.1	52.91	0	0	0	0	0	0	0	0	849.97	0
0.3200	120.78	78.54	84.04	169.95	57.2	185.13	92.73	56.54	0	0	0	0	0	0	0	0	844.91	0
0.3300	106.48	69.74	77	174.68	59.4	191.73	96.36	62.59	0	0	0	0	0	0	0	0	837.98	0
0.3400	93.28	60.94	69.85	177.1	59.4	196.24	101.75	66.55	0	0	0	0	0	0	0	0	825.11	0
0.3500	82.17	54.56	62.81	179.41	61.71	202.84	107.25	74.69	0	0	0	0	0	0	0	0	825.44	0
0.3600	68.97	46.75	53.24	181.83	64.02	207.24	112.64	78.65	0	0	0	0	0	0	0	0	813.34	0
0.3700	60.17	40.92	43.56	181.83	64.02	211.64	116.49	86.79	0	0	0	0	0	0	0	0	805.42	0
0.3800	48.73	33.11	36.3	181.83	66.33	216.04	124.52	92.84	0	0	0	0	0	0	0	0	799.7	0
0.3900	39.49	27.28	29.04	179.41	66.33	222.75	130.57	100.87	0	0	0	0	0	0	0	0	795.74	0
0.4000	37.18	21.34	26.62	177.1	64.02	227.15	136.62	109.01	0	0	0	0	0	0	0	0	799.04	0
0.4100	32.45	17.49	24.2	172.37	64.02	229.35	142.67	115.17	0	0	0	0	0	0	0	0	797.72	0
0.4200	27.83	15.51	21.78	167.64	61.71	233.75	148.72	123.53	0	0	0	0	0	0	0	0	800.47	0
0.4300	25.52	11.66	19.36	163.02	59.4	238.15	152.79	131.89	0	0	0	0	0	0	0	0	801.79	0
0.4400	23.21	11.66	16.94	154.11	57.2	240.35	156.75	140.25	0	0	0	0	0	0	0	0	800.47	0
0.4500	20.9	9.68	16.94	145.09	52.91	242.55	158.84	146.52	0	0	0	0	0	0	0	0	793.43	0
0.4600	20.9	9.68	16.94	133.98	48.62	246.95	160.82	150.7	0	0	0	0	0	0	0	0	788.59	0
0.4700	18.59	9.68	14.52	120.56	44.44	246.95	160.82	156.97	0	0	0	0	0	0	0	0	772.53	0
0.4800	18.59	7.7	14.52	104.94	40.15	249.15	160.82	161.15	3.41	4.62	0	0	0	0	0	0	757.02	8.03
0.4900	16.17	7.7	14.52	89.54	35.97	251.35	158.84	167.42	8.69	9.35	0	0	0	0	0	0	741.51	18.04
0.5000	16.17	5.83	12.1	76.23	29.59	251.35	156.75	174.13	13.97	16.39	0	0	0	0	0	0	722.15	30.36
0.5100	16.17	5.83	12.1	60.83	27.5	251.35	154.77	181.06	24.53	25.74	4.73	5.61	0	4.73	0	0	709.61	65.34
0.5200	13.86	5.83	12.1	49.94	21.12	249.15	150.7	187.99	71.28	56.21	7.15	14.08	0	7.04	5.06	0	690.69	160.82
0.5300	13.86	3.85	9.68	39.6	19.03	242.55	146.74	194.92	117.37	94.05	16.72	33.88	5.5	18.92	10.23	4.18	670.23	300.85
0.5400	11.55	3.85	9.68	29.26	14.74	229.35	142.67	199.43	146.96	130.57	26.29	48.07	8.25	35.64	7.7	6.27	640.53	409.75
0.5500	9.24	3.85	9.68	24.09	12.65	209.44	134.64	204.05	189.2	165.66	43.12	62.48	8.25	62.04	17.93	14.74	607.64	563.42
0.5600	6.93	0	7.26	18.92	10.56	176.33	122.54	201.74	221.65	185.13	57.75	68.75	13.75	72.93	33.33	21.12	544.28	674.41
0.5700	0	0	7.26	13.75	8.47	139.92	105.38	197.23	228.91	187.55	63.25	71.94	13.75	78.32	41.03	23.21	472.01	707.96
0.5800	0	0	4.84	10.34	8.47	105.6	85.47	185.68	214.72	185.13	60.5	71.94	13.75	83.82	46.2	25.41	400.4	701.47
0.5900	0	0	4.84	8.58	10.56	76.56	67.32	163.24	205.48	185.13	60.5	78.21	16.5	91.96	48.73	27.5	331.1	714.01
0.6000	0	0	4.84	3.41	8.47	56.65	55	115.17	203.17	192.39	66	81.29	16.5	102.74	53.9	29.59	243.54	745.58
0.6100	0	0	0	0	6.27	42.9	45.76	70.62	212.41	204.49	71.39	87.56	19.25	113.63	59.51	33.88	165.55	802.12
0.6200	0	0	0	0	4.18	31.24	38.17	45.87	226.49	216.59	79.64	93.94	19.25	121.88	68.42	38.06	119.46	864.27
0.6300	0	0	0	0	0	23.43	28.93	30.03	238.81	223.85	87.78	100.21	22	132.77	77.33	40.26	82.39	923.01
0.6400	0	0	0	0	0	15.62	21.34	17.6	243.76	231.11	90.53	106.48	22	140.91	83.27	44.44	54.56	962.5
0.6500	0	0	0	0	0	11.66	12.21	5.28	241.23	235.95	90.53	112.75	24.75	149.05	89.32	46.53	29.15	990.11
0.6600	0	0	0	0	0	7.81	6.05	0	231.44	235.95	90.53	122.21	24.75	154.55	89.32	48.73	13.86	997.48
0.6700	0	0	0	0	0	5.83	4.51	0	221.65	235.95	85.03	131.67	24.75	165.44	92.29	48.73	10.34	1005.51
0.6800	0	0	0	0	0	3.85	2.97	0	210.1	231.11	82.39	137.94	24.75	170.83	92.29	50.82	6.82	1000.23
0.6900	0	0	0	0	0	3.85	0	0	196.24	226.27	79.64	147.51	24.75	176.22	95.26	52.91	3.85	998.8
0.7000	0	0	0	0	0	0	0	0	186.89	221.43	74.14	153.78	24.75	181.61	95.26	55.11	0	992.97
0.7100	0	0	0	0	0	0	0	0	177.65	216.59	71.39	160.05	24.75	184.25	95.26	55.11	0	985.05
0.7199	0	0	0	0	0	0	0	0	166.1	209.33	68.75	166.43	24.75	187	95.26	55.11	0	972.73
0.7299	0	0	0	0	0	0	0	0	155.43	199.65	63.25	169.62	24.75	189.64	95.26	57.53	0	955.13
0.7399	0	0	0	0	0	0	0	0	146.96	192.39	60.5	176	24.75	189.64	95.26	57.53	0	943.03
0.7499	0	0	0	0	0	0	0	0	138.49	187.55	55.11	179.19	24.75	192.39	95.26	57.53	0	930.27
0.7599	0	0	0	0	0	0	0	0	130.02	177.87	52.69	182.38	24.75	192.39	95.26	57.53	0	912.89
0.7699	0	0	0	0	0	0	0	0	123.75	173.03	50.27	185.57	24.75	195.03	95.26	59.95	0	907.61
0.7799	0	0	0	0	0	0	0	0	117.37	168.19	47.85	188.76	24.75	197.67	95.26	57.53	0	897.38
0.7899	0	0	0	0	0	0	0	0	113.3	163.13	45.43	188.76	24.75	200.42	95.26	57.53	0	888.58
0.7999	0	0	0	0	0	0	0	0	109.45	160.6	45.43	191.95	27.5	200.42	98.23	59.95	0	893.53
0.8099	0	0	0	0	0	0	0	0	107.58	158.07	45.43	195.14	27.5	203.06	98.23	59.95	0	894.96
0.8199	0	0	0	0	0	0	0	0	105.71	155.65	43.12	198.44	27.5	205.81	101.2	59.95	0	897.38
0.8299	0	0	0	0	0	0	0	0	103.73	153.12	43.12	201.63	27.5	208.45	104.17	59.95	0	901.67
0.8399	0	0	0	0	0	0	0	0	99.99	148.06	40.7	204.82	27.5	213.84	107.14	62.37	0	904.42
0.8499	0	0	0	0	0	0	0	0	94.16	143.11	40.7	208.01	27.5	216.59	110.22	62.37	0	902.66
0.8599	0	0	0	0	0	0	0	0	90.42	138.05	38.28	211.2	30.25	221.98	113.08	64.9	0	908.16
0.8699	0	0	0	0	0	0	0	0	86.57	133.1	38.28	217.58	30.25	230.34	118.91	64.9	0	919.93
0.8799	0	0	0	0	0	0	0	0	80.85	128.04	35.86	220.77	30.25	235.95	124.63	64.9	0	921.25
0.8899	0	0	0	0	0	0	0	0	73.15	120.56	33.44	224.07	30.25	244.31	130.46	67.32	0	923.56
0.8999	0	0	0	0	0	0	0	0	65.56	110.66	31.13	229.79	33	249.92	136.29	69.74	0	926.09
0.9099	0	0	0	0	0	0	0	0	57.97	101.2	31.13	232.76	33	252.67	142.12	69.74	0	920.59
0.9199	0	0	0	0	0	0	0	0	52.69	91.74	28.71	235.62	33	258.28	150.81	72.16	0	923.01
0.9299	0	0	0	0	0	0	0	0	45.65	82.28	26.29	241.45	35.75	263.89	159.5	74.69	0	929.5
0.9399	0	0	0	0	0	0	0	0	40.37	72.82	23.87	241.45	35.75	269.39	165.33	74.69	0	923.67
0.9499	0	0	0	0	0	0	0	0	35.09	63.36	21.56	244.42	35.75	275	174.24	77.11	0	926.53
0.9599	0	0	0	0	0	0	0	0	29.81	56.21	19.14	247.28	38.5	277.86	183.15	77.11	0	929.06
0.9699	0	0	0	0	0	0	0	0	26.29	46.86	16.72	247.28	38.5	283.47	192.06	79.53	0	930.71
0.9799	0	0	0	0	0	0	0	0	24.53	39.82	14.3	247.28	38.5	289.08	198.11	81.95	0	933.57
0.9899	0	0	0	0	0	0	0	0	21.01	32.78	11.88	247.28	38.5	294.8	207.02	84.48	0	937.75
0.9999	0	0	0	0	0	0	0	0	19.25	25.74	11.88	244.42	38.5	297.55	212.96	86.9	0	937.2
1.0099	0	0	0	0	0	0	0	0	17.49	16.39	9.57	238.59	35.75	303.27	218.9	89.32	0	929.28
1.0199	0	0	0	0	0	0	0	0	13.97	11.66	7.15	229.79	33	308.88	221.98	89.32	0	915.75
1.0299	6.93	0	0	0	0	0	0	0	13.97	9.35	4.73	217.58	30.25	314.49	224.73	91.74	6.93	906.84
1.0399	13.86	0	0	0	0	0	0	0	12.21	6.93	4.73	204.82	27.5	320.21	221.98	96.69	13.86	895.07
1.0499	39.49	0	0	0	0	0	0	0	12.21	6.93	0	182.38	24.75	325.82	218.9	99.11	39.49	870.1
1.0599	137.94	7.7	9.68	0	0	0	0	0	10.45	4.62	0	160.05	19.25	328.68	218.9	104.06	155.32	846.01
1.0699	208.78	23.32	24.2	5.17	0	5.83	0	0	10.45	4.62	0	131.67	16.5	331.54	215.93	108.9	267.3	819.61
1.0799	236.28	46.75	45.98	11.99	4.18	5.83	0	0	10.45	4.62	0	106.48	13.75	328.68	212.96	116.05	351.01	792.99
1.0899	251.9	71.94	72.27	25.85	12.65	11.66	0	0	8.69	0	0	81.29	8.25	317.35	207.02	122.76	446.27	745.36
1.0999	264.88	96.14	91.08	44.77	16.94	21.45	6.05	0	8.69	0	0	56.54	8.25	297.55	201.08	127.16	541.31	699.27
1.1099	275.22	109.34	105.27	53.35	21.12	27.28	9.13	3.52	6.93	0	0	42.35	5.5	266.64	192.06	133.87	604.23	647.35
1.1199	270.05	109.34	112.42	58.63	21.12	31.24	12.21	7.04	5.17	0	0	31.02	5.5	219.23	177.21	136.18	622.05	574.31
1.1299	267.41	111.54	117.37	67.43	23.21	37.07	13.75	8.8	3.41	0	0	16.94	0	170.83	156.53	138.38	646.58	486.09
1.1399	264.88	113.85	124.74	69.63	25.41	42.9	18.26	10.56	0	0	0	11.22	0	130.02	130.46	133.87	670.23	405.57
1.1499	270.05	118.03	134.64	71.83	27.5	50.71	22.88	12.32	0	0	0	8.47	0	97.35	110.22	124.96	707.96	341
1.1599	280.39	122.21	147.07	74.03	31.68	58.63	27.5	15.84	0	0	0	5.61	0	72.93	92.29	106.48	757.35	277.31
1.1699	293.15	128.48	161.92	76.23	33.88	65.34	33.55	17.6	0	0	0	0	0	54.56	77.33	77.11	810.15	209
1.1799	305.91	132.66	174.24	76.23	35.97	69.74	38.17	21.12	0	0	0	0	0	40.37	65.45	59.95	854.04	165.77
1.1899	313.61	134.75	184.25	78.43	40.15	74.25	41.25	22.88	0	0	0	0	0	28.49	51.37	40.26	889.57	120.12
1.1999	318.67	138.93	191.84	80.63	40.15	76.56	42.68	24.64	0	0	0	0	0	21.34	43.67	33.88	914.1	98.89
1.2099	321.31	138.93	196.79	80.63	42.35	78.76	45.76	24.64	0	0	0	0	0	16.61	33.33	23.21	929.17	73.15
1.2199	321.31	138.93	199.32	80.63	42.35	80.96	47.3	26.4	0	0	0	0	0	9.46	17.93	12.65	937.2	40.04
1.2299	318.67	138.93	199.32	80.63	44.44	80.96	48.84	26.4	0	0	0	0	0	4.73	5.06	0	938.19	9.79
1.2399	316.14	136.84	199.32	80.63	46.53	83.27	51.92	28.27	0	0	0	0	0	0	0	0	942.92	0
1.2499	311.08	134.75	196.79	78.43	46.53	83.27	53.46	28.27	0	0	0	0	0	0	0	0	932.58	0
1.2599	305.91	130.57	196.79	76.23	46.53	83.27	55	30.03	0	0	0	0	0	0	0	0	924.33	0
1.2699	298.21	126.39	191.84	76.23	48.62	83.27	56.54	31.79	0	0	0	0	0	0	0	0	912.89	0
1.2799	290.62	122.21	189.31	74.03	48.62	83.27	58.3	31.79	0	0	0	0	0	0	0	0	898.15	0
1.2899	280.39	118.03	184.25	74.03	48.62	83.27	60.06	31.79	0	0	0	0	0	0	0	0	880.44	0
1.2999	272.58	113.85	179.3	71.83	50.82	85.47	61.93	33.55	0	0	0	0	0	0	0	0	869.33	0
1.3099	264.88	109.34	174.24	71.83	50.82	85.47	61.93	33.55	0	0	0	0	0	0	0	0	852.06	0
1.3199	257.07	107.14	169.29	71.83	50.82	85.47	63.69	33.55	0	0	0	0	0	0	0	0	838.86	0
1.3299	249.26	104.94	164.34	74.03	50.82	85.47	63.69	33.55	0	0	0	0	0	0	0	0	826.1	0
1.3399	241.45	102.74	161.92	74.03	52.91	87.67	65.56	33.55	0	0	0	0	0	0	0	0	819.83	0
1.3499	236.28	98.34	156.97	76.23	52.91	89.98	67.32	33.55	0	0	0	0	0	0	0	0	811.58	0
1.3599	228.58	96.14	154.44	76.23	52.91	92.18	69.19	35.31	0	0	0	0	0	0	0	0	804.98	0
1.3699	220.88	93.94	152.02	80.63	55	94.49	70.95	37.07	0	0	0	0	0	0	0	0	804.98	0
1.3799	213.62	91.74	152.02	82.83	55	98.89	74.58	37.07	0	0	0	0	0	0	0	0	805.75	0
1.3899	203.94	89.54	149.49	87.34	57.2	105.6	78.21	38.83	0	0	0	0	0	0	0	0	810.15	0
1.3999	196.68	87.34	147.07	91.74	57.2	112.42	81.84	40.59	0	0	0	0	0	0	0	0	814.88	0
1.4099	186.89	85.14	142.12	96.14	59.4	118.69	85.47	42.35	0	0	0	0	0	0	0	0	816.2	0
1.4199	177.21	82.94	139.59	100.54	61.71	125.07	89.1	45.87	0	0	0	0	0	0	0	0	822.03	0
1.4299	167.53	78.54	134.64	104.94	61.71	131.45	94.49	47.63	0	0	0	0	0	0	0	0	820.93	0
1.4399	155.21	74.14	127.27	109.34	64.02	137.72	98.12	51.15	0	0	0	0	0	0	0	0	816.97	0
1.4499	142.89	69.74	119.79	113.85	66.33	146.19	103.62	56.54	0	0	0	0	0	0	0	0	818.95	0
1.4599	128.15	65.34	110	120.56	68.64	154.66	109.01	62.59	0	0	0	0	0	0	0	0	818.95	0
1.4699	113.41	58.74	98.23	124.96	70.95	163.13	112.64	68.64	0	0	0	0	0	0	0	0	810.7	0
1.4799	99.88	52.58	86.35	129.47	70.95	171.93	120.45	76.67	0	0	0	0	0	0	0	0	808.28	0
1.4899	86.68	46.75	74.58	133.98	73.26	182.93	126.5	84.81	0	0	0	0	0	0	0	0	809.49	0
1.4999	73.37	38.94	62.81	138.38	73.26	191.73	134.64	96.91	0	0	0	0	0	0	0	0	810.04	0
1.5099	60.17	33.11	48.4	140.69	73.26	202.84	140.69	104.94	0	0	0	0	0	0	0	0	804.1	0
1.5199	46.42	27.28	36.3	140.69	73.26	211.64	148.72	115.17	0	0	0	0	0	0	0	0	799.48	0
1.5299	39.49	21.34	31.46	140.69	73.26	216.04	156.75	127.71	0	0	0	0	0	0	0	0	806.74	0
1.5399	34.76	17.49	26.62	138.38	70.95	222.75	164.89	138.16	0	0	0	0	0	0	0	0	814	0
1.5499	30.14	15.51	24.2	133.98	68.64	227.15	173.03	146.52	0	0	0	0	0	0	0	0	819.17	0
1.5599	27.83	11.66	19.36	127.27	66.33	229.35	179.3	154.88	0	0	0	0	0	0	0	0	815.98	0
1.5699	23.21	9.68	19.36	120.56	61.71	229.35	181.28	156.97	0	0	0	0	0	0	0	0	802.12	0
1.5799	23.21	9.68	16.94	109.34	55	231.55	183.37	163.24	0	6.93	0	0	0	0	0	0	792.33	6.93
1.5899	20.9	7.7	14.52	93.94	50.82	229.35	183.37	167.42	6.93	11.66	0	0	0	0	0	0	768.02	18.59
1.5999	20.9	7.7	14.52	80.63	44.44	229.35	181.28	171.82	12.21	13.97	0	0	0	0	0	0	750.64	26.18
1.6099	18.59	5.83	14.52	65.23	35.97	229.35	177.21	176.44	19.25	21.01	0	0	0	0	0	0	723.14	40.26
1.6199	16.17	5.83	12.1	53.35	29.59	227.15	173.03	183.37	57.97	46.86	7.15	14.08	0	4.73	0	0	700.59	130.79
1.6299	16.17	5.83	12.1	41.36	23.21	222.75	166.87	187.99	125.84	103.51	14.3	33.88	0	16.61	7.7	0	676.28	301.84
1.6399	13.86	3.85	12.1	31.02	19.03	213.84	158.84	192.61	163.9	158.07	28.71	75.02	8.25	35.64	15.4	10.56	645.15	495.55
1.6499	11.55	3.85	9.68	22.33	14.74	196.24	150.7	197.23	198.55	189.97	47.85	106.48	11	67.54	17.93	10.56	606.32	649.88
1.6599	6.93	0	9.68	15.51	10.56	163.13	136.62	197.23	221.65	199.65	60.5	112.75	13.75	81.07	28.27	19.03	539.66	736.67
1.6699	4.62	0	7.26	10.34	10.56	125.07	116.49	192.61	219.34	199.65	66	119.02	16.5	86.46	35.97	21.12	466.95	764.06
1.6799	0	0	7.26	6.82	8.47	89.98	90.86	181.06	207.79	194.81	66	122.21	16.5	91.96	43.67	23.21	384.45	766.15
1.6899	0	0	4.84	3.41	10.56	63.03	65.56	150.7	200.86	194.81	66	128.48	19.25	102.74	48.73	25.41	298.1	786.28
1.6999	0	0	0	0	8.47	44.88	51.92	94.82	205.48	202.07	71.39	134.86	19.25	113.63	56.54	29.59	200.09	832.81
1.7099	0	0	0	0	4.18	33.22	41.25	54.67	217.03	214.17	82.39	141.13	22	124.52	65.45	35.97	133.32	902.66
1.7199	0	0	0	0	0	23.43	33.55	31.79	233.86	223.85	93.28	150.59	24.75	132.77	74.36	40.26	88.77	973.72
1.7299	0	0	0	0	0	15.62	24.42	21.12	243.76	231.11	98.67	153.78	24.75	138.16	83.27	44.44	61.16	1017.94
1.7399	0	0	0	0	0	11.66	16.72	8.8	246.18	235.95	104.17	160.05	27.5	146.3	89.32	48.73	37.18	1058.2
1.7499	0	0	0	0	0	7.81	9.13	0	241.23	238.37	104.17	169.62	27.5	151.8	92.29	50.82	16.94	1075.8
1.7599	0	0	0	0	0	5.83	6.05	0	228.91	235.95	98.67	182.38	27.5	159.94	92.29	52.91	11.88	1078.55
1.7699	0	0	0	0	0	3.85	4.51	0	214.72	233.53	96.03	191.95	27.5	165.44	92.29	52.91	8.36	1074.37
1.7799	0	0	0	0	0	3.85	4.51	0	203.17	226.27	90.53	198.44	27.5	170.83	92.29	55.11	8.36	1064.14
1.7899	0	0	0	0	0	0	2.97	0	189.2	221.43	85.03	208.01	27.5	173.47	92.29	55.11	2.97	1052.04
1.7999	0	0	0	0	0	0	0	0	175.34	211.75	79.64	214.39	27.5	176.22	89.32	57.53	0	1031.69
1.8099	0	0	0	0	0	0	0	0	163.9	204.49	74.14	220.77	27.5	178.86	89.32	57.53	0	1016.51
1.8199	0	0	0	0	0	0	0	0	151.25	197.23	68.75	224.07	27.5	178.86	89.32	57.53	0	994.51
1.8299	0	0	0	0	0	0	0	0	142.78	187.55	63.25	226.93	27.5	181.61	86.35	57.53	0	973.5
1.8399	0	0	0	0	0	0	0	0	132.22	180.29	60.5	232.76	27.5	181.61	86.35	57.53	0	958.76
1.8499	0	0	0	0	0	0	0	0	125.84	173.03	55.11	232.76	27.5	181.61	83.27	55.11	0	934.23
1.8599	0	0	0	0	0	0	0	0	117.37	165.66	52.69	235.62	27.5	184.25	83.27	55.11	0	921.47
1.8699	0	0	0	0	0	0	0	0	109.45	158.07	47.85	238.59	27.5	184.25	80.3	57.53	0	903.54
1.8799	0	0	0	0	0	0	0	0	101.86	153.12	45.43	238.59	27.5	184.25	80.3	55.11	0	886.16
1.8899	0	0	0	0	0	0	0	0	98.01	145.64	43.12	241.45	27.5	187	80.3	57.53	0	880.55
1.8999	0	0	0	0	0	0	0	0	94.16	140.58	40.7	241.45	27.5	187	80.3	57.53	0	869.22
1.9099	0	0	0	0	0	0	0	0	92.29	138.05	40.7	244.42	27.5	189.64	80.3	57.53	0	870.43
1.9199	0	0	0	0	0	0	0	0	88.44	133.1	38.28	244.42	27.5	192.39	83.27	57.53	0	864.93
1.9299	0	0	0	0	0	0	0	0	84.7	130.57	38.28	247.28	27.5	195.03	86.35	57.53	0	867.24
1.9399	0	0	0	0	0	0	0	0	82.72	125.51	38.28	250.14	27.5	197.67	89.32	59.95	0	871.09
1.9499	0	0	0	0	0	0	0	0	80.85	123.09	38.28	250.14	30.25	203.06	95.26	59.95	0	880.88
1.9599	0	0	0	0	0	0	0	0	78.98	120.56	38.28	253.11	30.25	205.81	101.2	64.9	0	893.09
1.9699	0	0	0	0	0	0	0	0	77	118.03	40.7	255.97	33	211.2	107.14	67.32	0	910.36
1.9799	0	0	0	0	0	0	0	0	73.15	115.5	40.7	258.94	33	219.23	113.08	72.16	0	925.76
1.9899	0	0	0	0	0	0	0	0	69.41	108.24	38.28	264.77	35.75	227.48	118.91	74.69	0	937.53
1.9999	0	0	0	0	0	0	0	0	61.71	103.51	35.86	267.63	38.5	233.09	127.6	77.11	0	945.01
2.0099	0	0	0	0	0	0	0	0	56.21	94.05	33.44	273.46	38.5	241.45	133.32	81.95	0	952.38
2.0199	0	0	0	0	0	0	0	0	49.17	84.59	28.71	276.43	38.5	249.92	142.12	84.48	0	953.92
2.0299	0	0	0	0	0	0	0	0	42.13	77.55	26.29	279.51	38.5	255.42	150.81	86.9	0	957.11
2.0399	0	0	0	0	0	0	0	0	36.85	68.09	23.87	285.89	41.25	263.89	159.5	91.74	0	971.08
2.0499	0	0	0	0	0	0	0	0	31.57	58.63	21.56	288.97	41.25	269.39	165.33	96.69	0	973.39
2.0599	0	0	0	0	0	0	0	0	26.29	49.17	16.72	292.16	44	277.86	174.24	99.11	0	979.55
2.0699	0	0	0	0	0	0	0	0	22.77	39.82	14.3	292.16	44	283.47	180.18	101.53	0	978.23
2.0799	0	0	0	0	0	0	0	0	19.25	30.47	11.88	288.97	44	289.08	189.09	104.06	0	976.8
2.0899	0	0	0	0	0	0	0	0	17.49	23.43	9.57	282.7	41.25	294.8	195.14	108.9	0	973.28
2.0999	0	0	0	0	0	0	0	0	15.73	13.97	7.15	270.6	38.5	300.41	201.08	111.32	0	958.76
2.1099	0	0	0	0	0	0	0	0	13.97	9.35	4.73	253.11	35.75	303.27	207.02	113.85	0	941.05
2.1199	0	0	0	0	0	0	0	0	12.21	9.35	4.73	235.62	33	308.88	207.02	116.05	0	926.86
2.1299	13.86	0	0	0	0	0	0	0	12.21	6.93	4.73	214.39	27.5	311.74	207.02	118.25	13.86	902.77
2.1399	34.76	0	0	0	0	0	0	0	10.45	6.93	0	185.57	24.75	314.49	204.05	122.76	34.76	869
2.1498	157.63	19.47	14.52	3.41	0	0	0	0	10.45	6.93	0	156.97	19.25	317.35	201.08	127.16	195.03	839.19
2.1598	244.09	40.92	31.46	11.99	4.18	5.83	0	0	10.45	4.62	0	128.48	13.75	317.35	198.11	131.67	338.47	804.43
2.1698	249.26	65.34	53.24	27.5	10.56	9.68	0	0	8.69	4.62	0	97.02	11	308.88	195.14	136.18	415.58	761.53
2.1798	257.07	96.14	81.73	43.01	16.94	19.47	6.05	0	6.93	0	0	65.67	8.25	294.8	192.06	140.58	520.41	708.29
2.1898	259.6	115.94	98.23	58.63	21.12	29.26	9.13	5.28	6.93	0	0	45.21	5.5	263.89	189.09	145.09	597.19	655.71
2.1998	270.05	124.3	110	69.63	23.21	37.07	13.75	8.8	3.41	0	0	31.02	5.5	216.59	177.21	147.29	656.81	581.02
2.2098	270.05	126.39	117.37	74.03	23.21	44.88	16.72	10.56	0	0	0	19.8	0	168.19	162.36	147.29	683.21	497.64
2.2198	270.05	128.48	127.27	76.23	25.41	54.67	22.88	14.08	0	0	0	11.22	5.5	124.52	144.98	140.58	719.07	426.8
2.2298	270.05	132.66	134.64	78.43	29.59	60.83	27.5	15.84	0	0	0	8.47	0	94.6	118.91	124.96	749.54	346.94
2.2398	280.39	136.84	144.54	80.63	31.68	69.74	32.01	17.6	0	0	0	0	0	67.54	104.17	101.53	793.43	273.24
2.2498	293.15	143.11	156.97	85.03	35.97	74.25	36.63	19.36	0	0	0	0	0	54.56	80.3	67.32	844.47	202.18
2.2598	303.38	149.38	166.87	87.34	35.97	78.76	41.25	21.12	0	0	0	0	0	37.95	56.54	44.44	884.07	138.93
2.2698	313.61	153.56	174.24	89.54	40.15	83.27	42.68	24.64	0	0	0	0	0	23.65	41.03	25.41	921.69	90.09
2.2798	316.14	157.74	176.77	93.94	40.15	85.47	44.22	24.64	0	0	0	0	0	14.19	30.8	19.03	939.07	64.02
2.2898	313.61	159.83	174.24	98.34	42.35	89.98	45.76	26.4	0	0	0	0	0	11.88	20.46	10.56	950.51	42.9
2.2998	308.44	161.92	169.29	102.74	42.35	92.18	47.3	26.4	0	0	0	0	0	7.04	12.76	4.18	950.62	23.98
2.3098	300.85	161.92	164.34	107.14	42.35	94.49	47.3	28.27	0	0	0	0	0	0	0	0	946.66	0
2.3198	290.62	161.92	159.39	111.54	44.44	96.69	48.84	28.27	0	0	0	0	0	0	0	0	941.71	0
2.3298	280.39	159.83	154.44	116.05	44.44	101.2	48.84	30.03	0	0	0	0	0	0	0	0	935.22	0
2.3398	267.41	155.65	149.49	120.56	44.44	103.4	50.38	30.03	0	0	0	0	0	0	0	0	921.36	0
2.3498	257.07	151.47	142.12	120.56	46.53	105.6	53.46	31.79	0	0	0	0	0	0	0	0	908.6	0
2.3598	244.09	145.2	137.17	122.76	46.53	107.91	55	31.79	0	0	0	0	0	0	0	0	890.45	0
2.3698	231.11	138.93	132.22	122.76	48.62	110.11	58.3	31.79	0	0	0	0	0	0	0	0	873.84	0
2.3798	223.41	132.66	129.69	122.76	48.62	110.11	60.06	33.55	0	0	0	0	0	0	0	0	860.86	0
2.3898	216.04	128.48	124.74	120.56	50.82	112.42	63.69	33.55	0	0	0	0	0	0	0	0	850.3	0
2.3998	208.78	124.3	122.32	120.56	50.82	112.42	65.56	35.31	0	0	0	0	0	0	0	0	840.07	0
2.4098	201.52	120.12	117.37	120.56	52.91	112.42	67.32	37.07	0	0	0	0	0	0	0	0	829.29	0
2.4198	194.15	115.94	114.84	120.56	55	112.42	69.19	37.07	0	0	0	0	0	0	0	0	819.17	0
2.4298	186.89	111.54	112.42	120.56	55	114.51	70.95	38.83	0	0	0	0	0	0	0	0	810.7	0
2.4398	182.05	107.14	112.42	120.56	55	118.69	72.82	40.59	0	0	0	0	0	0	0	0	809.27	0
2.4498	174.79	104.94	110	124.96	55	120.78	76.45	42.35	0	0	0	0	0	0	0	0	809.27	0
2.4598	169.95	100.54	110	127.27	57.2	127.16	78.21	44.11	0	0	0	0	0	0	0	0	814.44	0
2.4698	162.58	98.34	107.69	131.67	57.2	131.45	81.84	45.87	0	0	0	0	0	0	0	0	816.64	0
2.4798	152.68	93.94	105.27	133.98	59.4	139.92	85.47	49.39	0	0	0	0	0	0	0	0	820.05	0
2.4898	145.31	89.54	102.96	138.38	59.4	146.19	87.23	51.15	0	0	0	0	0	0	0	0	820.16	0
2.4998	135.52	85.14	98.23	142.89	61.71	152.57	90.86	56.54	0	0	0	0	0	0	0	0	823.46	0
2.5098	125.73	78.54	93.5	147.4	61.71	161.04	94.49	60.5	0	0	0	0	0	0	0	0	822.91	0
2.5198	115.83	74.14	88.77	149.6	61.71	167.53	99.99	66.55	0	0	0	0	0	0	0	0	824.12	0
2.5298	104.28	67.54	81.73	151.8	64.02	174.13	103.62	72.6	0	0	0	0	0	0	0	0	819.72	0
2.5398	95.48	60.94	77	156.31	64.02	182.93	109.01	78.65	0	0	0	0	0	0	0	0	824.34	0
2.5498	84.48	54.56	67.54	158.51	64.02	191.73	114.51	88.77	0	0	0	0	0	0	0	0	824.12	0
2.5598	73.37	46.75	58.08	160.82	66.33	200.64	120.45	96.91	0	0	0	0	0	0	0	0	823.35	0
2.5698	62.37	38.94	45.98	163.02	66.33	209.44	128.59	104.94	0	0	0	0	0	0	0	0	819.61	0
2.5798	51.04	33.11	36.3	163.02	66.33	216.04	134.64	113.08	0	0	0	0	0	0	0	0	813.56	0
2.5898	41.8	25.3	29.04	163.02	66.33	222.75	142.67	121.44	0	0	0	0	0	0	0	0	812.35	0
2.5998	34.76	21.34	26.62	160.82	66.33	229.35	148.72	129.8	0	0	0	0	0	0	0	0	817.74	0
2.6098	32.45	17.49	21.78	158.51	64.02	233.75	156.75	140.25	0	0	0	0	0	0	0	0	825	0
2.6198	27.83	13.64	19.36	154.11	61.71	238.15	162.8	148.61	0	0	0	0	0	0	0	0	826.21	0
2.6298	23.21	11.66	16.94	147.4	59.4	238.15	166.87	152.79	0	0	0	0	0	0	0	0	816.42	0
2.6398	23.21	11.66	16.94	136.18	55	240.35	170.94	159.06	0	0	0	0	0	0	0	0	813.34	0
2.6498	20.9	9.68	14.52	122.76	48.62	242.55	173.03	163.24	0	0	0	0	0	0	0	0	795.3	0
2.6598	20.9	9.68	14.52	109.34	44.44	242.55	173.03	167.42	3.41	0	0	0	0	0	0	0	781.88	3.41
2.6698	18.59	7.7	12.1	93.94	40.15	244.75	173.03	174.13	6.93	4.62	0	0	0	0	0	0	764.39	11.55
2.6798	18.59	7.7	12.1	78.43	33.88	246.95	168.96	181.06	13.97	13.97	0	0	0	0	0	0	747.67	27.94
2.6898	16.17	7.7	12.1	63.03	27.5	246.95	164.89	190.3	36.85	32.78	4.73	8.47	0	0	0	0	728.64	82.83
2.6998	16.17	5.83	12.1	49.94	21.12	244.75	156.75	197.23	105.71	77.55	11.88	19.8	0	9.46	5.06	0	703.89	229.46
2.7098	13.86	5.83	9.68	37.84	16.94	238.15	146.74	206.36	142.78	123.09	23.87	50.82	0	30.8	10.23	6.27	675.4	387.86
2.7198	11.55	3.85	9.68	29.26	12.65	224.95	136.62	210.98	179.96	168.19	45.43	65.67	8.25	56.98	10.23	10.56	639.54	545.27
2.7298	6.93	3.85	7.26	22.33	10.56	194.04	122.54	213.29	219.34	202.07	71.39	81.29	11	72.93	20.46	16.94	580.8	695.42
2.7398	4.62	0	7.26	15.51	8.47	150.48	103.62	208.67	238.81	214.17	85.03	84.48	13.75	83.82	38.5	25.41	498.63	783.97
2.7498	0	0	4.84	10.34	8.47	107.91	81.84	192.61	231.44	209.33	85.03	84.48	16.5	89.21	46.2	27.5	406.01	789.69
2.7598	0	0	4.84	6.82	8.47	72.05	61.93	156.97	217.03	202.07	82.39	84.48	16.5	94.6	53.9	29.59	311.08	780.56
2.7698	0	0	0	0	6.27	48.84	48.84	100.87	207.79	199.65	85.03	87.56	19.25	105.49	62.48	33.88	204.82	801.13
2.7798	0	0	0	0	4.18	35.09	39.71	64.57	212.41	206.91	93.28	90.75	22	116.38	74.36	38.06	143.55	854.15
2.7898	0	0	0	0	0	25.3	32.01	38.83	224.07	214.17	104.17	93.94	24.75	127.27	89.32	42.35	96.14	920.04
2.7998	0	0	0	0	0	17.49	22.88	24.64	236.28	219.01	117.92	93.94	27.5	135.41	101.2	48.73	65.01	979.99
2.8098	0	0	0	0	0	11.66	13.75	8.8	246.18	221.43	126.28	97.02	30.25	140.91	110.22	52.91	34.21	1025.2
2.8198	0	0	0	0	0	7.81	6.05	0	248.6	223.85	131.89	100.21	30.25	146.3	118.91	57.53	13.86	1057.54
2.8298	0	0	0	0	0	5.83	4.51	0	243.76	221.43	131.89	103.29	33	154.55	127.6	59.95	10.34	1075.47
2.8398	0	0	0	0	0	3.85	2.97	0	231.44	216.59	129.14	106.48	33	159.94	133.32	64.9	6.82	1074.81
2.8498	0	0	0	0	0	3.85	0	0	217.03	209.33	123.53	109.56	33	165.44	139.15	67.32	3.85	1064.36
2.8598	0	0	0	0	0	0	0	0	203.17	199.65	120.78	109.56	35.75	170.83	144.98	69.74	0	1054.46
2.8698	0	0	0	0	0	0	0	0	189.2	189.97	115.17	112.75	35.75	170.83	150.81	74.69	0	1039.17
2.8798	0	0	0	0	0	0	0	0	177.65	180.29	109.67	112.75	35.75	176.22	156.53	74.69	0	1023.55
2.8898	0	0	0	0	0	0	0	0	166.1	170.61	104.17	112.75	35.75	176.22	159.5	77.11	0	1002.21
2.8998	0	0	0	0	0	0	0	0	155.43	160.6	98.67	112.75	35.75	176.22	162.36	77.11	0	978.89
2.9098	0	0	0	0	0	0	0	0	144.87	153.12	93.28	112.75	35.75	178.86	165.33	79.53	0	963.49
2.9198	0	0	0	0	0	0	0	0	134.31	143.11	87.78	112.75	38.5	178.86	168.3	81.95	0	945.56
2.9298	0	0	0	0	0	0	0	0	125.84	135.52	82.39	112.75	38.5	178.86	171.27	81.95	0	927.08
2.9398	0	0	0	0	0	0	0	0	119.46	128.04	79.64	112.75	38.5	178.86	171.27	81.95	0	910.47
2.9498	0	0	0	0	0	0	0	0	113.3	123.09	74.14	112.75	38.5	181.61	174.24	81.95	0	899.58
2.9598	0	0	0	0	0	0	0	0	107.58	118.03	71.39	112.75	38.5	181.61	177.21	81.95	0	889.02
2.9698	0	0	0	0	0	0	0	0	101.86	113.08	68.75	115.94	38.5	181.61	180.18	84.48	0	884.4
2.9798	0	0	0	0	0	0	0	0	98.01	108.24	68.75	115.94	41.25	184.25	183.15	84.48	0	884.07
2.9898	0	0	0	0	0	0	0	0	94.16	103.51	66	119.02	41.25	187	186.12	86.9	0	883.96
2.9998	0	0	0	0	0	0	0	0	90.42	101.2	63.25	119.02	41.25	189.64	192.06	89.32	0	886.16
3.0098	0	0	0	0	0	0	0	0	84.7	96.47	60.5	122.21	44	192.39	195.14	89.32	0	884.73
3.0198	0	0	0	0	0	0	0	0	80.85	94.05	57.75	125.4	44	197.67	204.05	91.74	0	895.51
3.0298	0	0	0	0	0	0	0	0	75.13	89.32	55.11	128.48	44	200.42	209.99	94.27	0	896.72
3.0398	0	0	0	0	0	0	0	0	69.41	82.28	50.27	128.48	46.75	205.81	215.93	99.11	0	898.04
3.0498	0	0	0	0	0	0	0	0	63.69	77.55	50.27	131.67	46.75	211.2	227.59	101.53	0	910.25
3.0598	0	0	0	0	0	0	0	0	57.97	72.82	45.43	134.86	49.5	216.59	236.06	104.06	0	917.29
3.0698	0	0	0	0	0	0	0	0	52.69	68.09	43.12	137.94	49.5	221.98	244.53	108.9	0	926.75
3.0798	0	0	0	0	0	0	0	0	45.65	60.94	38.28	141.13	52.25	227.48	253	111.32	0	930.05
3.0898	0	0	0	0	0	0	0	0	38.61	53.9	33.44	144.32	52.25	233.09	258.72	113.85	0	928.18
3.0998	0	0	0	0	0	0	0	0	33.33	46.86	28.71	147.51	55.11	238.7	264.33	116.05	0	930.6
3.1098	0	0	0	0	0	0	0	0	29.81	37.51	23.87	153.78	55.11	244.31	269.94	118.25	0	932.58
3.1198	0	0	0	0	0	0	0	0	24.53	30.47	19.14	156.97	52.25	252.67	278.52	122.76	0	937.31
3.1298	0	0	0	0	0	0	0	0	22.77	25.74	16.72	160.05	52.25	258.28	281.49	124.96	0	942.26
3.1398	0	0	0	0	0	0	0	0	19.25	18.7	14.3	160.05	49.5	266.64	281.49	127.16	0	937.09
3.1498	0	0	0	0	0	0	0	0	17.49	13.97	9.57	156.97	46.75	272.25	284.46	129.47	0	930.93
3.1598	0	0	0	0	0	0	0	0	13.97	6.93	7.15	147.51	44	275	284.46	131.67	0	910.69
3.1698	4.62	0	0	0	0	0	0	0	13.97	4.62	4.73	137.94	38.5	280.61	284.46	133.87	4.62	898.7
3.1798	9.24	0	0	0	0	0	0	0	12.21	0	4.73	125.4	33	286.33	281.49	138.38	9.24	881.54
3.1898	23.21	0	0	0	0	0	0	0	12.21	0	0	109.56	27.5	294.8	275.66	140.58	23.21	860.31
3.1998	60.17	7.7	0	0	0	0	0	0	10.45	0	0	93.94	22	297.55	269.94	145.09	67.87	838.97
3.2098	199.1	31.13	19.36	6.82	0	3.85	0	0	10.45	0	0	78.21	16.5	300.41	261.47	149.6	260.26	816.64
3.2198	231.11	46.75	31.46	11.99	6.27	3.85	0	0	10.45	0	0	62.48	11	300.41	253	154	331.43	791.34
3.2298	236.28	69.74	50.82	24.09	10.56	11.66	0	0	8.69	0	0	48.07	8.25	291.94	241.67	158.51	403.15	757.13
3.2398	246.73	96.14	74.58	39.6	14.74	19.47	2.97	0	6.93	0	0	33.88	5.5	275	224.73	163.02	494.23	709.06
3.2498	254.43	111.54	88.77	51.7	19.03	29.26	6.05	5.28	5.17	0	0	25.41	5.5	249.92	207.02	165.22	566.06	658.24
3.2598	267.41	120.12	100.54	58.63	21.12	35.09	10.67	10.56	3.41	0	0	16.94	0	208.45	183.15	165.22	624.14	577.17
3.2698	270.05	122.21	112.42	60.83	23.21	42.9	15.18	12.32	0	0	0	8.47	0	168.19	159.5	163.02	659.12	499.18
3.2798	270.05	122.21	119.79	63.03	25.41	52.69	21.34	15.84	0	0	0	5.61	0	130.02	136.29	154	690.36	425.92
3.2898	272.58	126.39	127.27	65.23	27.5	58.63	27.5	17.6	0	0	0	0	0	97.35	113.08	142.89	722.7	353.32
3.2998	280.39	128.48	137.17	67.43	31.68	65.34	32.01	21.12	0	0	0	0	0	70.18	95.26	120.45	763.62	285.89
3.3098	293.15	134.75	147.07	71.83	33.88	72.05	36.63	22.88	0	0	0	0	0	49.83	77.33	91.74	812.24	218.9
3.3198	303.38	141.02	156.97	76.23	35.97	76.56	39.71	24.64	0	0	0	0	0	35.64	65.45	67.32	854.48	168.41
3.3298	311.08	145.2	164.34	80.63	38.06	83.27	42.68	26.4	0	0	0	0	0	23.65	48.73	46.53	891.66	118.91
3.3398	311.08	151.47	164.34	87.34	38.06	87.67	44.22	28.27	0	0	0	0	0	18.92	41.03	33.88	912.45	93.83
3.3498	311.08	155.65	164.34	96.14	40.15	92.18	44.22	28.27	0	0	0	0	0	14.19	25.63	23.21	932.03	63.03
3.3598	303.38	159.83	159.39	107.14	40.15	96.69	44.22	30.03	0	0	0	0	0	7.04	12.76	10.56	940.83	30.36
3.3698	295.68	161.92	152.02	113.85	40.15	98.89	42.68	30.03	0	0	0	0	0	0	0	0	935.22	0
3.3798	287.98	164.01	147.07	122.76	40.15	101.2	42.68	30.03	0	0	0	0	0	0	0	0	935.88	0
3.3898	277.86	161.92	142.12	129.47	40.15	103.4	41.25	30.03	0	0	0	0	0	0	0	0	926.2	0
3.3998	267.41	161.92	137.17	136.18	40.15	105.6	41.25	31.79	0	0	0	0	0	0	0	0	921.47	0
3.4098	257.07	159.83	132.22	140.69	40.15	107.91	41.25	31.79	0	0	0	0	0	0	0	0	910.91	0
3.4198	241.45	155.65	124.74	145.09	40.15	107.91	39.71	31.79	0	0	0	0	0	0	0	0	886.49	0
3.4298	228.58	149.38	117.37	149.6	40.15	110.11	39.71	31.79	0	0	0	0	0	0	0	0	866.69	0
3.4398	216.04	145.2	112.42	154.11	40.15	112.42	39.71	33.55	0	0	0	0	0	0	0	0	853.6	0
3.4498	203.94	141.02	107.69	158.51	38.06	114.51	39.71	33.55	0	0	0	0	0	0	0	0	836.99	0
3.4598	191.73	136.84	100.54	165.33	40.15	118.69	41.25	33.55	0	0	0	0	0	0	0	0	828.08	0
3.4698	182.05	132.66	95.81	169.95	40.15	120.78	41.25	33.55	0	0	0	0	0	0	0	0	816.2	0
3.4798	172.37	128.48	93.5	177.1	40.15	125.07	41.25	35.31	0	0	0	0	0	0	0	0	813.23	0
3.4898	167.53	124.3	88.77	181.83	40.15	129.25	42.68	35.31	0	0	0	0	0	0	0	0	809.82	0
3.4998	157.63	122.21	86.35	188.87	42.35	133.54	44.22	37.07	0	0	0	0	0	0	0	0	812.24	0
3.5098	152.68	118.03	84.04	195.91	42.35	139.92	44.22	37.07	0	0	0	0	0	0	0	0	814.22	0
3.5198	145.31	115.94	79.31	203.06	42.35	144.1	45.76	37.07	0	0	0	0	0	0	0	0	812.9	0
3.5298	137.94	111.54	77	210.1	42.35	148.39	45.76	38.83	0	0	0	0	0	0	0	0	811.91	0
3.5398	128.15	104.94	72.27	219.56	42.35	154.66	47.3	38.83	0	0	0	0	0	0	0	0	808.06	0
3.5498	120.78	100.54	67.54	226.49	44.44	161.04	47.3	40.59	0	0	0	0	0	0	0	0	808.72	0
3.5598	108.68	91.74	62.81	233.31	44.44	167.53	48.84	40.59	0	0	0	0	0	0	0	0	797.94	0
3.5698	99.88	85.14	58.08	240.13	44.44	174.13	50.38	42.35	0	0	0	0	0	0	0	0	794.53	0
3.5797	91.08	76.34	50.82	244.64	44.44	182.93	51.92	44.11	0	0	0	0	0	0	0	0	786.28	0
3.5897	79.97	69.74	45.98	249.15	46.53	191.73	55	45.87	0	0	0	0	0	0	0	0	783.97	0
3.5997	71.17	60.94	38.72	255.97	46.53	200.64	56.54	49.39	0	0	0	0	0	0	0	0	779.9	0
3.6097	60.17	52.58	33.88	258.28	46.53	209.44	60.06	51.15	0	0	0	0	0	0	0	0	772.09	0
3.6197	51.04	42.79	29.04	262.79	46.53	218.24	63.69	56.54	0	0	0	0	0	0	0	0	770.66	0
3.6297	41.8	36.96	26.62	264.99	46.53	227.15	67.32	60.5	0	0	0	0	0	0	0	0	771.87	0
3.6397	37.18	31.13	24.2	264.99	46.53	235.95	70.95	66.55	0	0	0	0	0	0	0	0	777.48	0
3.6497	32.45	27.28	21.78	262.79	46.53	244.75	74.58	74.69	0	0	0	0	0	0	0	0	784.85	0
3.6597	30.14	21.34	19.36	260.48	44.44	253.55	80.08	82.72	0	0	0	0	0	0	0	0	792.11	0
3.6697	25.52	17.49	16.94	255.97	44.44	262.35	83.71	92.84	0	0	0	0	0	0	0	0	799.26	0
3.6797	25.52	17.49	14.52	251.46	44.44	271.15	89.1	106.92	0	0	0	0	0	0	0	0	820.6	0
3.6897	23.21	15.51	14.52	240.13	42.35	277.86	92.73	117.26	0	0	0	0	0	0	0	0	823.57	0
3.6997	20.9	13.64	14.52	228.69	40.15	283.91	96.36	129.8	0	0	0	0	0	0	0	0	827.97	0
3.7097	20.9	13.64	14.52	212.52	38.06	289.96	98.12	140.25	0	0	0	0	0	0	0	0	827.97	0
3.7197	20.9	13.64	12.1	191.29	35.97	293.92	98.12	150.7	0	0	0	0	0	0	0	0	816.64	0
3.7297	18.59	11.66	12.1	169.95	31.68	297.99	96.36	159.06	3.41	4.62	0	0	0	0	0	0	797.39	8.03
3.7397	18.59	11.66	12.1	147.4	27.5	299.97	94.49	167.42	6.93	11.66	0	0	0	0	0	0	779.13	18.59
3.7497	16.17	9.68	9.68	127.27	23.21	302.06	90.86	176.44	13.97	18.7	0	0	0	0	0	0	755.37	32.67
3.7597	16.17	9.68	9.68	104.94	21.12	302.06	87.23	185.68	31.57	35.09	0	11.22	0	4.73	0	0	736.56	82.61
3.7697	13.86	7.7	9.68	87.34	16.94	299.97	83.71	192.61	107.58	84.59	9.57	22.55	0	11.88	5.06	0	711.81	241.23
3.7797	11.55	7.7	9.68	67.43	12.65	289.96	80.08	197.23	153.34	135.52	21.56	50.82	5.5	26.07	5.06	4.18	676.28	402.05
3.7897	9.24	5.83	7.26	51.7	8.47	266.75	76.45	201.74	189.2	182.71	40.7	75.02	8.25	56.98	7.7	10.56	627.44	571.12
3.7997	6.93	5.83	7.26	41.36	8.47	224.95	72.82	199.43	228.91	216.59	63.25	90.75	11	78.32	17.93	16.94	567.05	723.69
3.8097	0	3.85	4.84	34.43	8.47	165.33	65.56	187.99	246.18	226.27	74.14	97.02	13.75	89.21	35.97	25.41	470.47	807.95
3.8197	0	0	4.84	27.5	8.47	110.11	58.3	163.24	236.28	221.43	76.89	97.02	13.75	94.6	41.03	25.41	372.46	806.41
3.8297	0	0	0	20.68	8.47	72.05	50.38	119.35	224.07	216.59	74.14	100.21	16.5	102.74	48.73	29.59	270.93	812.57
3.8397	0	0	0	11.99	6.27	50.71	42.68	70.62	217.03	219.01	76.89	106.48	16.5	113.63	53.9	33.88	182.27	837.32
3.8497	0	0	0	6.82	0	37.07	33.55	47.63	219.34	226.27	82.39	115.94	19.25	127.27	62.48	38.06	125.07	891
3.8597	0	0	0	0	0	25.3	25.96	31.79	228.91	233.53	90.53	122.21	22	138.16	71.39	42.35	83.05	949.08
3.8697	0	0	0	0	0	17.49	18.26	19.36	236.28	238.37	101.42	125.4	22	146.3	83.27	44.44	55.11	997.48
3.8797	0	0	0	0	0	11.66	7.59	5.28	243.76	243.21	106.92	131.67	24.75	154.55	89.32	50.82	24.53	1045
3.8897	0	0	0	3.41	0	7.81	0	0	241.23	245.63	106.92	137.94	24.75	159.94	95.26	52.91	11.22	1064.58
3.8997	0	0	0	3.41	0	5.83	0	0	233.86	243.21	104.17	147.51	27.5	168.19	98.23	55.11	9.24	1077.78
3.9097	0	0	0	0	0	3.85	0	0	219.34	238.37	98.67	153.78	27.5	173.47	98.23	57.53	3.85	1066.89
3.9197	0	0	0	0	0	3.85	0	0	205.48	231.11	93.28	160.05	27.5	176.22	98.23	57.53	3.85	1049.4
3.9297	0	0	0	0	0	0	0	0	191.51	221.43	87.78	163.24	27.5	181.61	101.2	57.53	0	1031.8
3.9397	0	0	0	0	0	0	0	0	175.34	211.75	85.03	169.62	27.5	184.25	101.2	59.95	0	1014.64
3.9497	0	0	0	0	0	0	0	0	161.81	202.07	76.89	176	27.5	187	101.2	59.95	0	992.42
3.9597	0	0	0	0	0	0	0	0	151.25	194.81	71.39	179.19	27.5	189.64	101.2	59.95	0	974.93
3.9697	0	0	0	0	0	0	0	0	140.69	182.71	66	182.38	27.5	192.39	104.17	59.95	0	955.79
3.9797	0	0	0	0	0	0	0	0	132.22	175.45	63.25	182.38	27.5	192.39	104.17	59.95	0	937.31
3.9897	0	0	0	0	0	0	0	0	123.75	165.66	57.75	182.38	27.5	192.39	107.14	62.37	0	918.94
3.9997	0	0	0	0	0	0	0	0	117.37	158.07	57.75	182.38	27.5	195.03	110.22	62.37	0	910.69
4.0097	0	0	0	0	0	0	0	0	113.3	153.12	55.11	182.38	30.25	195.03	115.94	62.37	0	907.5
4.0197	0	0	0	0	0	0	0	0	109.45	148.06	52.69	179.19	30.25	195.03	118.91	62.37	0	895.95
4.0297	0	0	0	0	0	0	0	0	107.58	143.11	52.69	179.19	30.25	192.39	121.77	64.9	0	891.88
4.0397	0	0	0	0	0	0	0	0	105.71	138.05	52.69	176	33	192.39	124.63	62.37	0	884.84
4.0497	0	0	0	0	0	0	0	0	103.73	135.52	52.69	176	33	195.03	130.46	64.9	0	891.33
4.0597	0	0	0	0	0	0	0	0	101.86	133.1	52.69	176	33	195.03	136.29	67.32	0	895.29
4.0697	0	0	0	0	0	0	0	0	99.99	128.04	52.69	176	35.75	197.67	139.15	67.32	0	896.61
4.0797	0	0	0	0	0	0	0	0	96.14	125.51	52.69	176	35.75	200.42	144.98	72.16	0	903.65
4.0897	0	0	0	0	0	0	0	0	94.16	120.56	52.69	179.19	38.5	203.06	153.67	72.16	0	913.99
4.0997	0	0	0	0	0	0	0	0	90.42	118.03	50.27	179.19	38.5	211.2	162.36	77.11	0	927.08
4.1097	0	0	0	0	0	0	0	0	84.7	113.08	47.85	185.57	41.25	216.59	171.27	79.53	0	939.84
4.1197	0	0	0	0	0	0	0	0	77	105.93	45.43	188.76	41.25	224.73	177.21	84.48	0	944.79
4.1297	0	0	0	0	0	0	0	0	69.41	101.2	43.12	195.14	44	233.09	186.12	86.9	0	958.98
4.1397	0	0	0	0	0	0	0	0	61.71	91.74	38.28	198.44	44	238.7	195.14	91.74	0	959.75
4.1497	0	0	0	0	0	0	0	0	54.45	84.59	35.86	204.82	46.75	247.06	204.05	96.69	0	974.27
4.1597	0	0	0	0	0	0	0	0	45.65	75.13	31.13	211.2	46.75	255.42	209.99	99.11	0	974.38
4.1697	0	0	0	0	0	0	0	0	38.61	65.67	23.87	217.58	46.75	263.89	218.9	104.06	0	979.33
4.1797	0	0	0	0	0	0	0	0	31.57	53.9	21.56	224.07	46.75	272.25	224.73	106.48	0	981.31
4.1897	0	0	0	0	0	0	0	0	26.29	42.13	16.72	226.93	46.75	280.61	230.45	111.32	0	981.2
4.1997	0	0	0	0	0	0	0	0	22.77	35.09	14.3	229.79	46.75	289.08	233.2	113.85	0	984.83
4.2097	0	0	0	0	0	0	0	0	19.25	23.43	11.88	226.93	46.75	294.8	238.92	118.25	0	980.21
4.2197	0	0	0	0	0	0	0	0	17.49	16.39	7.15	214.39	44	297.55	241.67	118.25	0	956.89
4.2297	0	0	0	0	0	0	0	0	13.97	6.93	4.73	198.44	38.5	297.55	241.67	122.76	0	924.55
4.2397	0	0	0	0	0	0	0	0	12.21	6.93	4.73	179.19	35.75	297.55	244.53	124.96	0	905.85
4.2497	6.93	0	0	0	0	0	0	0	12.21	4.62	0	156.97	30.25	300.41	247.39	127.16	6.93	879.01
4.2597	16.17	0	0	0	0	0	0	0	12.21	0	0	137.94	24.75	303.27	244.53	133.87	16.17	856.57
4.2697	41.8	3.85	0	0	0	0	0	0	10.45	0	0	115.94	19.25	306.02	244.53	138.38	45.65	834.57
4.2797	169.95	25.3	14.52	6.82	0	3.85	0	0	10.45	0	0	97.02	13.75	308.88	241.67	142.89	220.44	814.66
4.2897	236.28	44.77	29.04	15.51	6.27	5.83	0	0	8.69	0	0	75.02	11	306.02	236.06	149.6	337.7	786.39
4.2997	231.11	60.94	45.98	27.5	10.56	9.68	0	0	8.69	0	0	56.54	8.25	297.55	227.59	156.31	385.77	754.93
4.3097	238.92	87.34	69.85	37.84	14.74	15.62	0	0	6.93	0	0	42.35	5.5	280.61	218.9	163.02	464.31	717.31
4.3197	241.45	102.74	86.35	49.94	19.03	25.3	2.97	5.28	5.17	0	0	31.02	5.5	255.42	207.02	167.53	533.06	671.66
4.3297	254.43	111.54	100.54	60.83	21.12	31.24	9.13	8.8	3.41	0	0	22.55	5.5	216.59	186.12	169.73	597.63	603.9
4.3397	262.24	113.85	112.42	63.03	23.21	39.05	12.21	12.32	0	0	0	14.08	0	173.47	165.33	169.73	638.33	522.61
4.3497	264.88	113.85	122.32	63.03	25.41	48.84	19.8	15.84	0	0	0	8.47	0	135.41	144.98	163.02	673.97	451.88
4.3597	267.41	115.94	132.22	65.23	29.59	54.67	27.5	17.6	0	0	0	5.61	0	102.74	118.91	147.29	710.16	374.55
4.3697	272.58	118.03	142.12	65.23	33.88	60.83	35.09	21.12	0	0	0	0	0	75.68	98.23	127.16	748.88	301.07
4.3797	282.92	122.21	156.97	65.23	35.97	67.54	39.71	24.64	0	0	0	0	0	54.56	80.3	96.69	795.19	231.55
4.3897	293.15	126.39	169.29	69.63	40.15	72.05	44.22	26.4	0	0	0	0	0	40.37	65.45	72.16	841.28	177.98
4.3997	300.85	128.48	179.3	71.83	40.15	78.76	48.84	30.03	0	0	0	0	0	28.49	53.9	50.82	878.24	133.21
4.4097	303.38	132.66	184.25	76.23	42.35	83.27	51.92	31.79	0	0	0	0	0	21.34	46.2	40.26	905.85	107.8
4.4197	303.38	134.75	189.31	80.63	44.44	87.67	55	33.55	0	0	0	0	0	16.61	30.8	27.5	928.73	74.91
4.4297	298.21	136.84	189.31	85.03	46.53	94.49	56.54	35.31	0	0	0	0	0	9.46	17.93	12.65	942.26	40.04
4.4397	293.15	136.84	186.78	87.34	46.53	98.89	60.06	38.83	0	0	0	0	0	11.88	5.06	4.18	948.42	21.12
4.4497	285.45	136.84	181.83	91.74	48.62	103.4	61.93	38.83	0	0	0	0	0	0	0	0	948.64	0
4.4597	277.86	134.75	176.77	96.14	48.62	105.6	63.69	40.59	0	0	0	0	0	0	0	0	944.02	0
4.4697	267.41	132.66	171.82	98.34	48.62	110.11	63.69	42.35	0	0	0	0	0	0	0	0	935	0
4.4797	257.07	128.48	166.87	100.54	48.62	112.42	65.56	42.35	0	0	0	0	0	0	0	0	921.91	0
4.4897	244.09	124.3	161.92	102.74	50.82	114.51	67.32	44.11	0	0	0	0	0	0	0	0	909.81	0
4.4997	233.75	120.12	154.44	102.74	50.82	114.51	69.19	44.11	0	0	0	0	0	0	0	0	889.68	0
4.5097	220.88	115.94	147.07	104.94	50.82	116.6	70.95	45.87	0	0	0	0	0	0	0	0	873.07	0
4.5197	211.2	111.54	139.59	104.94	50.82	116.6	70.95	45.87	0	0	0	0	0	0	0	0	851.51	0
4.5297	203.94	107.14	134.64	107.14	52.91	118.69	72.82	47.63	0	0	0	0	0	0	0	0	844.91	0
4.5397	196.68	102.74	129.69	107.14	52.91	118.69	74.58	47.63	0	0	0	0	0	0	0	0	830.06	0
4.5497	189.31	100.54	127.27	107.14	52.91	120.78	76.45	47.63	0	0	0	0	0	0	0	0	822.03	0
4.5597	184.47	96.14	122.32	107.14	55	120.78	76.45	49.39	0	0	0	0	0	0	0	0	811.69	0
4.5697	177.21	93.94	119.79	109.34	55	122.98	78.21	51.15	0	0	0	0	0	0	0	0	807.62	0
4.5797	172.37	89.54	117.37	111.54	55	125.07	81.84	51.15	0	0	0	0	0	0	0	0	803.88	0
4.5897	165	87.34	112.42	111.54	57.2	129.25	83.71	54.67	0	0	0	0	0	0	0	0	801.13	0
4.5997	155.21	82.94	110	116.05	59.4	133.54	87.23	56.54	0	0	0	0	0	0	0	0	800.91	0
4.6097	145.31	78.54	105.27	118.25	59.4	139.92	90.86	60.5	0	0	0	0	0	0	0	0	798.05	0
4.6197	135.52	74.14	100.54	122.76	61.71	146.19	96.36	66.55	0	0	0	0	0	0	0	0	803.77	0
4.6297	125.73	67.54	93.5	124.96	64.02	152.57	99.99	72.6	0	0	0	0	0	0	0	0	800.91	0
4.6397	113.41	63.14	88.77	127.27	64.02	158.95	105.38	82.72	0	0	0	0	0	0	0	0	803.66	0
4.6497	104.28	58.74	81.73	131.67	66.33	167.53	110.88	90.86	0	0	0	0	0	0	0	0	812.02	0
4.6597	93.28	52.58	77	133.98	66.33	174.13	116.49	100.87	0	0	0	0	0	0	0	0	814.66	0
4.6697	86.68	46.75	69.85	136.18	68.64	182.93	122.54	109.01	0	0	0	0	0	0	0	0	822.58	0
4.6797	73.37	40.92	60.39	138.38	68.64	191.73	130.57	117.26	0	0	0	0	0	0	0	0	821.26	0
4.6897	64.57	35.09	50.82	140.69	68.64	198.44	134.64	123.53	0	0	0	0	0	0	0	0	816.42	0
4.6997	53.35	29.15	41.14	142.89	68.64	207.24	140.69	131.89	0	0	0	0	0	0	0	0	814.99	0
4.7097	41.8	25.3	31.46	142.89	68.64	211.64	148.72	142.34	0	0	0	0	0	0	0	0	812.79	0
4.7197	37.18	21.34	26.62	142.89	68.64	218.24	154.77	148.61	0	0	0	0	0	0	0	0	818.29	0
4.7297	32.45	17.49	24.2	142.89	68.64	222.75	162.8	154.88	0	0	0	0	0	0	0	0	826.1	0
4.7397	30.14	15.51	21.78	140.69	66.33	224.95	168.96	159.06	0	0	0	0	0	0	0	0	827.42	0
4.7497	25.52	13.64	19.36	136.18	64.02	229.35	177.21	165.33	0	0	0	0	0	0	0	0	830.61	0
4.7597	23.21	11.66	16.94	129.47	59.4	229.35	181.28	169.62	0	0	0	0	0	0	0	0	820.93	0
4.7697	20.9	9.68	14.52	118.25	55	231.55	185.46	171.82	0	0	0	0	0	0	0	0	807.18	0
4.7797	20.9	9.68	14.52	104.94	50.82	229.35	187.55	176.44	3.41	0	0	0	0	0	0	0	794.2	3.41
4.7897	18.59	9.68	14.52	89.54	44.44	229.35	189.64	178.75	10.45	4.62	0	0	0	0	0	0	774.51	15.07
4.7997	18.59	7.7	12.1	74.03	38.06	227.15	187.55	185.68	17.49	11.66	0	0	0	0	0	0	750.86	29.15
4.8097	16.17	5.83	12.1	58.63	31.68	227.15	185.46	187.99	43.89	32.78	4.73	5.61	0	0	0	0	725.01	87.01
4.8197	13.86	5.83	9.68	46.53	27.5	222.75	181.28	192.61	103.73	72.82	11.88	16.94	0	7.04	0	0	700.04	212.41
4.8297	13.86	3.85	9.68	36.19	21.12	216.04	177.21	197.23	134.31	115.5	21.56	48.07	5.5	28.49	10.23	8.47	675.18	372.13
4.8397	11.55	3.85	9.68	25.85	16.94	205.04	168.96	204.05	166.1	155.65	40.7	62.48	5.5	49.83	7.7	8.47	645.92	496.43
4.8497	9.24	3.85	7.26	18.92	12.65	187.33	158.84	206.36	198.55	175.45	60.5	75.02	11	67.54	20.46	14.74	604.45	623.26
4.8597	6.93	0	7.26	11.99	8.47	154.66	146.74	206.36	212.41	182.71	68.75	81.29	13.75	78.32	35.97	23.21	542.41	696.41
4.8697	0	0	7.26	8.58	8.47	118.69	124.52	201.74	207.79	180.29	71.39	81.29	13.75	81.07	41.03	23.21	469.26	699.82
4.8797	0	0	4.84	3.41	8.47	87.67	96.36	187.99	200.86	175.45	74.14	81.29	16.5	89.21	48.73	27.5	388.74	713.68
4.8897	0	0	0	0	8.47	60.83	70.95	163.24	200.86	180.29	79.64	84.48	16.5	97.35	53.9	29.59	303.49	742.61
4.8997	0	0	0	0	8.47	44.88	55	109.01	214.72	187.55	87.78	87.56	19.25	105.49	65.45	33.88	217.36	801.68
4.9097	0	0	0	0	6.27	35.09	45.76	68.64	231.44	197.23	101.42	90.75	22	116.38	77.33	38.06	155.76	874.61
4.9197	0	0	0	0	0	25.3	38.17	40.59	246.18	204.49	112.42	93.94	24.75	121.88	89.32	42.35	104.06	935.33
4.9297	0	0	0	0	0	19.47	30.47	30.03	256.08	211.75	120.78	97.02	27.5	130.02	101.2	44.44	79.97	988.79
4.9397	0	0	0	0	0	13.64	22.88	19.36	256.08	214.17	123.53	103.29	30.25	138.16	110.22	48.73	55.88	1024.43
4.9497	0	0	0	0	0	9.68	15.18	7.04	251.13	216.59	126.28	109.56	30.25	149.05	115.94	50.82	31.9	1049.62
4.9597	0	0	0	0	0	5.83	7.59	3.52	241.23	216.59	123.53	119.02	33	157.19	121.77	52.91	16.94	1065.24
4.9697	0	0	0	0	0	5.83	7.59	3.52	228.91	214.17	120.78	125.4	33	165.44	124.63	55.11	16.94	1067.44
4.9797	0	0	0	0	0	3.85	6.05	0	217.03	209.33	117.92	131.67	33	173.47	127.6	57.53	9.9	1067.55
4.9897	0	0	0	0	0	0	4.51	0	203.17	204.49	112.42	137.94	33	178.86	130.46	57.53	4.51	1057.87
4.9997	0	0	0	0	0	0	2.97	0	189.2	197.23	106.92	141.13	33	184.25	130.46	59.95	2.97	1042.14
5.0096	0	0	0	0	0	0	0	0	175.34	189.97	101.42	147.51	33	187	130.46	59.95	0	1024.65
5.0196	0	0	0	0	0	0	0	0	163.9	180.29	96.03	150.59	35.75	189.64	133.32	62.37	0	1011.89
5.0296	0	0	0	0	0	0	0	0	151.25	170.61	87.78	150.59	35.75	192.39	133.32	62.37	0	984.06
5.0396	0	0	0	0	0	0	0	0	140.69	160.6	82.39	150.59	35.75	192.39	136.29	64.9	0	963.6
5.0496	0	0	0	0	0	0	0	0	130.02	150.59	76.89	150.59	35.75	192.39	139.15	64.9	0	940.28
5.0596	0	0	0	0	0	0	0	0	121.55	143.11	74.14	150.59	35.75	192.39	139.15	64.9	0	921.58
5.0696	0	0	0	0	0	0	0	0	115.28	135.52	68.75	150.59	35.75	192.39	142.12	64.9	0	905.3
5.0796	0	0	0	0	0	0	0	0	109.45	130.57	66	150.59	35.75	195.03	142.12	64.9	0	894.41
5.0896	0	0	0	0	0	0	0	0	103.73	123.09	63.25	150.59	35.75	195.03	144.98	67.32	0	883.74
5.0996	0	0	0	0	0	0	0	0	99.99	118.03	60.5	153.78	38.5	195.03	147.84	67.32	0	880.99
5.1096	0	0	0	0	0	0	0	0	94.16	113.08	57.75	153.78	38.5	197.67	153.67	69.74	0	878.35
5.1196	0	0	0	0	0	0	0	0	90.42	108.24	55.11	153.78	41.25	197.67	159.5	69.74	0	875.71
5.1296	0	0	0	0	0	0	0	0	84.7	103.51	55.11	153.78	41.25	203.06	162.36	72.16	0	875.93
5.1396	0	0	0	0	0	0	0	0	80.85	98.78	52.69	156.97	44	205.81	171.27	74.69	0	885.06
5.1496	0	0	0	0	0	0	0	0	77	94.05	50.27	156.97	44	211.2	180.18	77.11	0	890.78
5.1596	0	0	0	0	0	0	0	0	71.28	91.74	47.85	160.05	44	216.59	189.09	79.53	0	900.13
5.1696	0	0	0	0	0	0	0	0	67.43	87.01	47.85	166.43	46.75	221.98	195.14	81.95	0	914.54
5.1796	0	0	0	0	0	0	0	0	63.69	82.28	45.43	169.62	49.5	227.48	204.05	86.9	0	928.95
5.1896	0	0	0	0	0	0	0	0	57.97	77.55	43.12	172.81	49.5	233.09	212.96	89.32	0	936.32
5.1996	0	0	0	0	0	0	0	0	50.93	72.82	38.28	176	52.25	238.7	224.73	94.27	0	947.98
5.2096	0	0	0	0	0	0	0	0	43.89	65.67	33.44	179.19	52.25	247.06	230.45	96.69	0	948.64
5.2196	0	0	0	0	0	0	0	0	36.85	56.21	28.71	182.38	55.11	252.67	238.92	99.11	0	949.96
5.2296	0	0	0	0	0	0	0	0	31.57	46.86	23.87	185.57	55.11	258.28	244.53	101.53	0	947.32
5.2396	0	0	0	0	0	0	0	0	26.29	37.51	19.14	188.76	55.11	263.89	250.14	106.48	0	947.32
5.2496	0	0	0	0	0	0	0	0	24.53	30.47	16.72	191.95	55.11	269.39	255.86	106.48	0	950.51
5.2596	0	0	0	0	0	0	0	0	21.01	23.43	14.3	191.95	52.25	275	261.47	108.9	0	948.31
5.2696	0	0	0	0	0	0	0	0	17.49	16.39	9.57	185.57	49.5	277.86	264.33	113.85	0	934.56
5.2796	0	0	0	0	0	0	0	0	13.97	9.35	7.15	179.19	46.75	280.61	267.19	116.05	0	920.26
5.2896	0	0	0	0	0	0	0	0	13.97	4.62	4.73	163.24	44	286.33	267.19	116.05	0	900.13
5.2996	0	0	0	0	0	0	0	0	12.21	4.62	4.73	147.51	35.75	289.08	267.19	120.45	0	881.54
5.3096	6.93	0	0	0	0	0	0	0	12.21	0	0	131.67	30.25	291.94	264.33	124.96	6.93	855.36
5.3196	18.59	0	0	0	0	0	0	0	10.45	0	0	112.75	27.5	297.55	261.47	129.47	18.59	839.19
5.3296	60.17	5.83	0	0	0	0	0	0	10.45	0	0	93.94	19.25	300.41	255.86	133.87	66	813.78
5.3396	236.28	40.92	21.78	11.99	4.18	5.83	0	0	10.45	0	0	75.02	13.75	300.41	247.39	140.58	320.98	787.6
5.3496	257.07	60.94	38.72	22.33	8.47	9.68	0	0	8.69	0	0	59.4	11	294.8	241.67	145.09	397.21	760.65
5.3596	259.6	91.74	65.12	37.84	14.74	17.49	0	0	8.69	0	0	42.35	8.25	283.47	227.59	149.6	486.53	719.95
5.3696	264.88	118.03	88.77	51.7	16.94	27.28	6.05	3.52	6.93	0	0	31.02	5.5	261.03	212.96	154	577.17	671.44
5.3796	270.05	130.57	102.96	69.63	19.03	35.09	10.67	8.8	5.17	0	0	22.55	0	224.73	195.14	156.31	646.8	603.9
5.3896	280.39	134.75	114.84	71.83	21.12	41.03	13.75	10.56	3.41	0	0	11.22	0	181.61	174.24	156.31	688.27	526.79
5.3996	277.86	132.66	122.32	76.23	23.21	50.71	19.8	14.08	0	0	0	5.61	0	140.91	147.84	151.8	716.87	446.16
5.4096	275.22	134.75	129.69	76.23	27.5	58.63	24.42	15.84	0	0	0	0	0	105.49	121.77	140.58	742.28	367.84
5.4196	277.86	134.75	137.17	78.43	29.59	65.34	30.47	17.6	0	0	0	0	0	75.68	98.23	120.45	771.21	294.36
5.4296	287.98	141.02	149.49	80.63	33.88	72.05	35.09	21.12	0	0	0	0	0	52.25	80.3	89.32	821.26	221.87
5.4396	300.85	145.2	161.92	82.83	35.97	78.76	39.71	22.88	0	0	0	0	0	37.95	68.42	67.32	868.12	173.69
5.4496	311.08	149.38	171.82	85.03	38.06	83.27	42.68	24.64	0	0	0	0	0	26.07	53.9	46.53	905.96	126.5
5.4596	313.61	153.56	179.3	89.54	38.06	87.67	45.76	26.4	0	0	0	0	0	18.92	43.67	35.97	933.9	98.56
5.4696	316.14	155.65	181.83	93.94	40.15	92.18	47.3	28.27	0	0	0	0	0	14.19	30.8	25.41	955.46	70.4
5.4796	311.08	157.74	181.83	100.54	40.15	96.69	48.84	28.27	0	0	0	0	0	9.46	15.4	10.56	965.14	35.42
5.4896	303.38	155.65	179.3	104.94	42.35	101.2	50.38	30.03	0	0	0	0	0	0	0	4.18	967.23	4.18
5.4996	293.15	155.65	176.77	109.34	42.35	105.6	51.92	31.79	0	0	0	0	0	0	0	10.56	966.57	10.56
5.5096	282.92	153.56	169.29	113.85	42.35	110.11	53.46	33.55	0	0	0	0	0	0	0	0	959.09	0
5.5196	270.05	149.38	164.34	118.25	44.44	114.51	55	35.31	0	0	0	0	0	0	0	0	951.28	0
5.5296	257.07	145.2	156.97	120.56	44.44	118.69	56.54	35.31	0	0	0	0	0	0	0	0	934.78	0
5.5396	244.09	141.02	149.49	124.96	44.44	118.69	56.54	35.31	0	0	0	0	0	0	0	0	914.54	0
5.5496	231.11	136.84	142.12	127.27	44.44	120.78	58.3	35.31	0	0	0	0	0	0	0	0	896.17	0
5.5596	218.46	130.57	134.64	129.47	46.53	122.98	58.3	37.07	0	0	0	0	0	0	0	0	878.02	0
5.5696	208.78	126.39	127.27	133.98	46.53	125.07	58.3	37.07	0	0	0	0	0	0	0	0	863.39	0
5.5796	199.1	122.21	122.32	136.18	46.53	125.07	58.3	37.07	0	0	0	0	0	0	0	0	846.78	0
5.5896	189.31	118.03	114.84	138.38	46.53	127.16	58.3	37.07	0	0	0	0	0	0	0	0	829.62	0
5.5996	182.05	115.94	110	142.89	46.53	127.16	58.3	38.83	0	0	0	0	0	0	0	0	821.7	0
5.6096	172.37	111.54	105.27	147.4	46.53	129.25	58.3	38.83	0	0	0	0	0	0	0	0	809.49	0
5.6196	165	109.34	100.54	151.8	46.53	133.54	58.3	38.83	0	0	0	0	0	0	0	0	803.88	0
5.6296	157.63	104.94	98.23	156.31	46.53	135.63	58.3	40.59	0	0	0	0	0	0	0	0	798.16	0
5.6396	150.26	102.74	93.5	163.02	46.53	139.92	58.3	42.35	0	0	0	0	0	0	0	0	796.62	0
5.6496	142.89	98.34	91.08	169.95	48.62	144.1	60.06	44.11	0	0	0	0	0	0	0	0	799.15	0
5.6596	133.1	96.14	86.35	177.1	46.53	150.48	60.06	45.87	0	0	0	0	0	0	0	0	795.63	0
5.6696	125.73	91.74	81.73	181.83	48.62	154.66	61.93	47.63	0	0	0	0	0	0	0	0	793.87	0
5.6796	118.36	87.34	77	188.87	48.62	161.04	61.93	49.39	0	0	0	0	0	0	0	0	792.55	0
5.6896	108.68	82.94	72.27	195.91	48.62	167.53	65.56	51.15	0	0	0	0	0	0	0	0	792.66	0
5.6996	102.08	76.34	69.85	203.06	50.82	176.33	67.32	52.91	0	0	0	0	0	0	0	0	798.71	0
5.7096	93.28	71.94	65.12	207.79	50.82	182.93	70.95	56.54	0	0	0	0	0	0	0	0	799.37	0
5.7196	84.48	63.14	58.08	210.1	50.82	191.73	76.45	60.5	0	0	0	0	0	0	0	0	795.3	0
5.7296	75.57	56.54	53.24	212.52	52.91	198.44	81.84	62.59	0	0	0	0	0	0	0	0	793.65	0
5.7396	66.77	50.6	45.98	217.25	52.91	207.24	85.47	68.64	0	0	0	0	0	0	0	0	794.86	0
5.7496	57.97	42.79	36.3	219.56	52.91	216.04	90.86	74.69	0	0	0	0	0	0	0	0	791.12	0
5.7596	46.42	35.09	31.46	221.98	55	222.75	96.36	80.74	0	0	0	0	0	0	0	0	789.8	0
5.7696	39.49	29.15	26.62	221.98	55	231.55	103.62	88.77	0	0	0	0	0	0	0	0	796.18	0
5.7796	34.76	25.3	24.2	219.56	55	238.15	109.01	102.96	0	0	0	0	0	0	0	0	808.94	0
5.7896	30.14	21.34	21.78	219.56	55	244.75	116.49	113.08	0	0	0	0	0	0	0	0	822.14	0
5.7996	27.83	17.49	19.36	214.83	52.91	253.55	120.45	123.53	0	0	0	0	0	0	0	0	829.95	0
5.8096	23.21	13.64	16.94	207.79	52.91	257.95	126.5	133.98	0	0	0	0	0	0	0	0	832.92	0
5.8196	23.21	13.64	14.52	200.64	48.62	262.35	130.57	144.43	0	0	0	0	0	0	0	0	837.98	0
5.8296	20.9	11.66	14.52	186.56	46.53	266.75	132.55	154.88	0	0	0	0	0	0	0	0	834.35	0
5.8396	20.9	11.66	14.52	169.95	42.35	268.95	130.57	161.15	0	0	0	0	0	0	0	0	820.05	0
5.8496	18.59	11.66	12.1	151.8	38.06	271.15	130.57	169.62	5.17	4.62	0	0	0	0	0	0	803.55	9.79
5.8596	18.59	9.68	12.1	131.67	33.88	273.35	126.5	176.44	8.69	9.35	0	0	0	0	0	0	782.21	18.04
5.8696	18.59	9.68	9.68	111.54	27.5	275.55	122.54	183.37	15.73	16.39	0	0	0	0	0	0	758.45	32.12
5.8796	16.17	7.7	9.68	93.94	23.21	273.35	118.47	192.61	43.89	37.51	4.73	11.22	0	0	0	0	735.13	97.35
5.8896	13.86	7.7	9.68	74.03	19.03	271.15	112.64	199.43	121.55	87.01	14.3	19.8	0	9.46	0	0	707.52	252.12
5.8996	13.86	5.83	9.68	55.11	12.65	262.35	107.25	206.36	161.81	143.11	28.71	53.68	5.5	33.22	10.23	8.47	673.09	444.73
5.9096	9.24	5.83	7.26	41.36	10.56	242.55	101.75	210.98	203.17	189.97	55.11	71.94	8.25	67.54	15.4	14.74	629.53	626.12
5.9196	6.93	3.85	7.26	31.02	8.47	205.04	92.73	210.98	236.28	211.75	76.89	84.48	11	81.07	30.8	19.03	566.28	751.3
5.9296	4.62	0	4.84	22.33	8.47	152.57	80.08	206.36	238.81	211.75	79.64	87.56	13.75	89.21	43.67	23.21	479.27	787.6
5.9396	0	0	4.84	17.16	6.27	103.4	65.56	185.68	221.65	204.49	76.89	87.56	13.75	94.6	48.73	25.41	382.91	773.08
5.9496	0	0	0	11.99	6.27	67.54	51.92	142.34	205.48	199.65	76.89	90.75	16.5	102.74	53.9	27.5	280.06	773.41
5.9596	0	0	0	6.82	4.18	48.84	44.22	84.81	205.48	204.49	82.39	97.02	16.5	116.38	62.48	31.79	188.87	816.53
5.9696	0	0	0	0	0	35.09	35.09	54.67	212.41	214.17	93.28	106.48	19.25	130.02	77.33	35.97	124.85	888.91
5.9796	0	0	0	0	0	25.3	27.5	33.55	221.65	221.43	101.42	109.56	22	140.91	86.35	40.26	86.35	943.58
5.9896	0	0	0	0	0	17.49	19.8	21.12	231.44	226.27	109.67	115.94	24.75	149.05	98.23	44.44	58.41	999.79
5.9996	0	0	0	0	0	11.66	10.67	8.8	238.81	231.11	117.92	122.21	24.75	157.19	107.14	46.53	31.13	1045.66
6.0096	0	0	0	0	0	7.81	2.97	3.52	233.86	231.11	117.92	128.48	27.5	165.44	113.08	50.82	14.3	1068.21
6.0196	0	0	0	0	0	5.83	0	3.52	224.07	228.69	115.17	137.94	27.5	173.47	115.94	52.91	9.35	1075.69
6.0296	0	0	0	0	0	3.85	0	0	210.1	226.27	109.67	147.51	27.5	178.86	115.94	52.91	3.85	1068.76
6.0396	0	0	0	0	0	0	0	0	196.24	219.01	104.17	153.78	27.5	184.25	115.94	55.11	0	1056
6.0496	0	0	0	0	0	0	0	0	182.27	209.33	98.67	160.05	27.5	189.64	118.91	57.53	0	1043.9
6.0596	0	0	0	0	0	0	0	0	168.41	202.07	93.28	166.43	27.5	195.03	118.91	57.53	0	1029.16
6.0696	0	0	0	0	0	0	0	0	155.43	192.39	85.03	172.81	27.5	197.67	118.91	57.53	0	1007.27
6.0796	0	0	0	0	0	0	0	0	144.87	182.71	79.64	176	27.5	197.67	115.94	59.95	0	984.28
6.0896	0	0	0	0	0	0	0	0	136.4	175.45	74.14	179.19	27.5	197.67	115.94	59.95	0	966.24
6.0996	0	0	0	0	0	0	0	0	125.84	168.19	68.75	182.38	27.5	200.42	115.94	59.95	0	948.97
6.1096	0	0	0	0	0	0	0	0	117.37	158.07	63.25	182.38	27.5	200.42	115.94	59.95	0	924.88
6.1196	0	0	0	0	0	0	0	0	111.43	150.59	60.5	182.38	30.25	200.42	115.94	59.95	0	911.46
6.1296	0	0	0	0	0	0	0	0	105.71	143.11	57.75	182.38	30.25	200.42	115.94	59.95	0	895.51
6.1396	0	0	0	0	0	0	0	0	101.86	138.05	55.11	182.38	30.25	200.42	115.94	59.95	0	883.96
6.1496	0	0	0	0	0	0	0	0	98.01	133.1	52.69	182.38	30.25	197.67	118.91	62.37	0	875.38
6.1596	0	0	0	0	0	0	0	0	96.14	128.04	52.69	179.19	30.25	197.67	118.91	62.37	0	865.26
6.1696	0	0	0	0	0	0	0	0	94.16	125.51	52.69	179.19	30.25	197.67	118.91	62.37	0	860.75
6.1796	0	0	0	0	0	0	0	0	92.29	125.51	52.69	179.19	30.25	197.67	121.77	62.37	0	861.74
6.1896	0	0	0	0	0	0	0	0	92.29	123.09	52.69	182.38	33	197.67	124.63	62.37	0	868.12
6.1996	0	0	0	0	0	0	0	0	90.42	120.56	52.69	182.38	33	203.06	130.46	64.9	0	877.47
6.2096	0	0	0	0	0	0	0	0	88.44	120.56	52.69	185.57	33	205.81	133.32	64.9	0	884.29
6.2196	0	0	0	0	0	0	0	0	84.7	115.5	50.27	191.95	35.75	213.84	139.15	67.32	0	898.48
6.2296	0	0	0	0	0	0	0	0	80.85	113.08	50.27	198.44	35.75	219.23	144.98	69.74	0	912.34
6.2396	0	0	0	0	0	0	0	0	75.13	108.24	47.85	201.63	38.5	227.48	153.67	72.16	0	924.66
6.2496	0	0	0	0	0	0	0	0	67.43	103.51	45.43	208.01	38.5	235.95	159.5	74.69	0	933.02
6.2596	0	0	0	0	0	0	0	0	61.71	96.47	40.7	214.39	38.5	244.31	168.3	77.11	0	941.49
6.2696	0	0	0	0	0	0	0	0	54.45	89.32	38.28	220.77	41.25	252.67	174.24	79.53	0	950.51
6.2796	0	0	0	0	0	0	0	0	47.41	79.86	33.44	226.93	41.25	261.03	183.15	84.48	0	957.55
6.2896	0	0	0	0	0	0	0	0	40.37	70.4	28.71	232.76	41.25	269.39	189.09	86.9	0	958.87
6.2996	0	0	0	0	0	0	0	0	33.33	58.63	23.87	235.62	44	275	195.14	89.32	0	954.91
6.3096	0	0	0	0	0	0	0	0	28.05	46.86	19.14	241.45	44	280.61	204.05	91.74	0	955.9
6.3196	0	0	0	0	0	0	0	0	24.53	37.51	16.72	241.45	44	289.08	209.99	94.27	0	957.55
6.3296	0	0	0	0	0	0	0	0	21.01	30.47	14.3	241.45	44	294.8	212.96	96.69	0	955.68
6.3396	0	0	0	0	0	0	0	0	17.49	21.01	9.57	238.59	41.25	300.41	218.9	99.11	0	946.33
6.3496	0	0	0	0	0	0	0	0	15.73	11.66	7.15	232.76	38.5	306.02	218.9	101.53	0	932.25
6.3596	0	0	0	0	0	0	0	0	13.97	6.93	4.73	220.77	35.75	311.74	218.9	104.06	0	916.85
6.3696	4.62	0	0	0	0	0	0	0	12.21	6.93	4.73	201.63	30.25	320.21	221.98	106.48	4.62	904.42
6.3796	16.17	0	0	0	0	0	0	0	12.21	4.62	0	179.19	24.75	322.96	221.98	111.32	16.17	877.03
6.3896	41.8	3.85	0	0	0	0	0	0	12.21	4.62	0	156.97	19.25	331.54	218.9	116.05	45.65	859.54
6.3996	174.79	25.3	14.52	6.82	0	3.85	0	0	10.45	0	0	131.67	16.5	334.29	215.93	122.76	225.28	831.6
6.4096	236.28	42.79	29.04	11.99	4.18	5.83	0	0	10.45	0	0	106.48	11	334.29	212.96	129.47	330.11	804.65
6.4196	241.45	65.34	53.24	27.5	10.56	13.64	0	0	8.69	0	0	81.29	11	331.54	209.99	138.38	411.73	780.89
6.4295	254.43	93.94	79.31	41.36	14.74	21.45	4.51	5.28	6.93	0	0	56.54	5.5	314.49	201.08	145.09	515.02	729.63
6.4395	257.07	107.14	98.23	56.87	19.03	31.24	9.13	10.56	5.17	0	0	42.35	5.5	289.08	192.06	149.6	589.27	683.76
6.4495	267.41	113.85	110	63.03	21.12	39.05	15.18	12.32	5.17	0	0	28.27	0	247.06	177.21	154	641.96	611.71
6.4595	267.41	111.54	114.84	63.03	23.21	46.86	19.8	14.08	0	0	0	19.8	0	197.67	159.5	156.31	660.77	533.28
6.4695	262.24	113.85	119.79	67.43	27.5	54.67	27.5	17.6	0	0	0	11.22	0	151.8	136.29	151.8	690.58	451.11
6.4795	262.24	115.94	127.27	69.63	29.59	63.03	32.01	19.36	0	0	0	5.61	0	113.63	113.08	140.58	719.07	372.9
6.4895	267.41	120.12	137.17	74.03	31.68	72.05	38.17	21.12	0	0	0	0	0	78.32	92.29	118.25	761.75	288.86
6.4995	277.86	126.39	149.49	78.43	35.97	78.76	42.68	24.64	0	0	0	0	0	56.98	80.3	89.32	814.22	226.6
6.5095	290.62	132.66	161.92	82.83	38.06	87.67	45.76	28.27	0	0	0	0	0	40.37	65.45	64.9	867.79	170.72
6.5195	295.68	136.84	171.82	87.34	40.15	94.49	48.84	30.03	0	0	0	0	0	28.49	53.9	44.44	905.19	126.83
6.5295	298.21	141.02	174.24	93.94	40.15	98.89	51.92	33.55	0	0	0	0	0	21.34	43.67	35.97	931.92	100.98
6.5395	295.68	143.11	174.24	98.34	42.35	105.6	53.46	35.31	0	0	0	0	0	16.61	30.8	25.41	948.09	72.82
6.5495	290.62	143.11	171.82	102.74	42.35	107.91	58.3	37.07	0	0	0	0	0	9.46	15.4	10.56	953.92	35.42
6.5595	282.92	143.11	169.29	107.14	44.44	112.42	60.06	38.83	0	0	0	0	0	4.73	5.06	4.18	958.21	13.97
6.5695	275.22	141.02	164.34	109.34	46.53	116.6	63.69	38.83	0	0	0	0	0	4.73	0	0	955.57	4.73
6.5795	267.41	136.84	161.92	111.54	46.53	116.6	67.32	40.59	0	0	0	0	0	0	0	0	948.75	0
6.5895	257.07	132.66	156.97	111.54	48.62	118.69	69.19	40.59	0	0	0	0	0	0	0	0	935.33	0
6.5995	246.73	126.39	152.02	111.54	48.62	118.69	72.82	42.35	0	0	0	0	0	0	0	0	919.16	0
6.6095	236.28	120.12	147.07	109.34	50.82	118.69	74.58	42.35	0	0	0	0	0	0	0	0	899.25	0
6.6195	225.94	113.85	142.12	107.14	50.82	118.69	76.45	42.35	0	0	0	0	0	0	0	0	877.36	0
6.6295	216.04	109.34	137.17	104.94	52.91	118.69	78.21	44.11	0	0	0	0	0	0	0	0	861.41	0
6.6395	206.36	102.74	132.22	102.74	52.91	118.69	80.08	44.11	0	0	0	0	0	0	0	0	839.85	0
6.6495	199.1	98.34	127.27	102.74	52.91	118.69	81.84	45.87	0	0	0	0	0	0	0	0	826.76	0
6.6595	189.31	93.94	122.32	104.94	55	120.78	83.71	47.63	0	0	0	0	0	0	0	0	817.63	0
6.6695	179.63	89.54	117.37	104.94	55	122.98	85.47	47.63	0	0	0	0	0	0	0	0	802.56	0
6.6795	172.37	87.34	112.42	107.14	57.2	125.07	87.23	49.39	0	0	0	0	0	0	0	0	798.16	0
6.6895	165	82.94	107.69	111.54	57.2	129.25	89.1	51.15	0	0	0	0	0	0	0	0	793.87	0
6.6995	155.21	80.74	102.96	116.05	57.2	133.54	90.86	52.91	0	0	0	0	0	0	0	0	789.47	0
6.7095	147.84	78.54	100.54	120.56	59.4	139.92	92.73	56.54	0	0	0	0	0	0	0	0	796.07	0
6.7195	137.94	74.14	95.81	124.96	59.4	146.19	96.36	60.5	0	0	0	0	0	0	0	0	795.3	0
6.7295	128.15	71.94	88.77	129.47	59.4	152.57	98.12	64.57	0	0	0	0	0	0	0	0	792.99	0
6.7395	118.36	67.54	84.04	136.18	61.71	158.95	101.75	68.64	0	0	0	0	0	0	0	0	797.17	0
6.7495	106.48	63.14	77	140.69	61.71	165.33	103.62	72.6	0	0	0	0	0	0	0	0	790.57	0
6.7595	97.68	56.54	72.27	145.09	61.71	174.13	107.25	78.65	0	0	0	0	0	0	0	0	793.32	0
6.7695	88.88	52.58	65.12	149.6	61.71	180.73	112.64	86.79	0	0	0	0	0	0	0	0	798.05	0
6.7795	77.77	46.75	55.77	154.11	64.02	189.53	116.49	94.82	0	0	0	0	0	0	0	0	799.26	0
6.7895	66.77	38.94	48.4	156.31	64.02	198.44	122.54	100.87	0	0	0	0	0	0	0	0	796.29	0
6.7995	53.35	33.11	38.72	158.51	64.02	207.24	128.59	109.01	0	0	0	0	0	0	0	0	792.55	0
6.8095	41.8	27.28	29.04	160.82	61.71	213.84	134.64	115.17	0	0	0	0	0	0	0	0	784.3	0
6.8195	37.18	23.32	24.2	158.51	61.71	220.55	140.69	123.53	0	0	0	0	0	0	0	0	789.69	0
6.8295	32.45	19.47	21.78	158.51	59.4	227.15	146.74	129.8	0	0	0	0	0	0	0	0	795.3	0
6.8395	27.83	15.51	19.36	154.11	59.4	231.55	150.7	138.16	0	0	0	0	0	0	0	0	796.62	0
6.8495	25.52	11.66	16.94	151.8	57.2	235.95	156.75	144.43	0	0	0	0	0	0	0	0	800.25	0
6.8595	23.21	11.66	14.52	147.4	55	240.35	160.82	152.79	0	0	0	0	0	0	0	0	805.75	0
6.8695	23.21	9.68	14.52	140.69	52.91	242.55	162.8	159.06	0	0	0	0	0	0	0	0	805.42	0
6.8795	20.9	9.68	14.52	131.67	48.62	244.75	162.8	167.42	0	0	0	0	0	0	0	0	800.36	0
6.8895	20.9	9.68	12.1	120.56	44.44	249.15	162.8	171.82	0	0	0	0	0	0	0	0	791.45	0
6.8995	18.59	7.7	12.1	109.34	40.15	251.35	160.82	178.75	0	0	0	0	0	0	0	0	778.8	0
6.9095	18.59	7.7	12.1	96.14	35.97	251.35	156.75	185.68	0	0	0	0	0	0	0	0	764.28	0
6.9195	18.59	7.7	9.68	82.83	29.59	253.55	150.7	192.61	0	0	0	0	0	0	0	0	745.25	0
6.9295	16.17	7.7	9.68	67.43	25.41	255.75	146.74	199.43	0	0	0	0	0	0	0	0	728.31	0
6.9395	13.86	5.83	9.68	55.11	21.12	253.55	140.69	204.05	5.17	6.93	0	0	0	0	0	0	703.89	12.1
6.9495	13.86	5.83	9.68	43.01	16.94	249.15	134.64	210.98	13.97	16.39	0	0	0	0	0	0	684.09	30.36
6.9595	11.55	3.85	7.26	34.43	12.65	240.35	128.59	215.6	54.45	46.86	4.73	14.08	0	7.04	0	0	654.28	127.16
6.9695	9.24	3.85	7.26	27.5	10.56	224.95	122.54	220.22	153.34	113.08	14.3	36.74	0	16.61	0	0	626.12	334.07
6.9795	6.93	0	7.26	20.68	8.47	198.44	114.51	222.53	189.2	165.66	33.44	65.67	5.5	37.95	0	6.27	578.82	503.69
6.9895	4.62	0	4.84	15.51	8.47	156.86	103.62	220.22	228.91	211.75	60.5	84.48	8.25	67.54	7.7	14.74	514.14	683.87
6.9995	0	0	4.84	11.99	8.47	118.69	89.1	210.98	265.87	233.53	82.39	93.94	11	83.82	23.1	21.12	444.07	814.77
7.0095	0	0	0	8.58	8.47	83.27	70.95	187.99	273.24	233.53	90.53	97.02	13.75	91.96	35.97	25.41	359.26	861.41
7.0195	0	0	0	5.17	8.47	58.63	56.54	144.43	256.08	226.27	87.78	97.02	13.75	100.1	43.67	29.59	273.24	854.26
7.0295	0	0	0	0	6.27	44.88	47.3	88.77	241.23	221.43	87.78	100.21	16.5	110.99	51.37	31.79	187.22	861.3
7.0395	0	0	0	0	4.18	33.22	39.71	60.5	236.28	223.85	93.28	106.48	16.5	124.52	62.48	35.97	137.61	899.36
7.0495	0	0	0	0	0	23.43	32.01	37.07	241.23	228.69	101.42	109.56	19.25	138.16	74.36	40.26	92.51	952.93
7.0595	0	0	0	0	0	17.49	24.42	26.4	248.6	235.95	109.67	115.94	22	149.05	86.35	44.44	68.31	1012
7.0695	0	0	0	0	0	11.66	15.18	12.32	256.08	238.37	117.92	122.21	24.75	157.19	98.23	48.73	39.16	1063.48
7.0795	0	0	0	0	0	7.81	7.59	5.28	256.08	240.79	120.78	128.48	27.5	165.44	107.14	50.82	20.68	1097.03
7.0895	0	0	0	0	0	5.83	6.05	3.52	248.6	238.37	120.78	134.86	27.5	173.47	113.08	52.91	15.4	1109.57
7.0995	0	0	0	0	0	5.83	4.51	3.52	236.28	235.95	115.17	144.32	27.5	178.86	115.94	55.11	13.86	1109.13
7.1095	0	0	0	0	0	3.85	2.97	3.52	217.03	228.69	106.92	153.78	27.5	187	118.91	57.53	10.34	1097.36
7.1195	0	0	0	0	0	0	2.97	0	198.55	219.01	101.42	160.05	27.5	192.39	118.91	57.53	2.97	1075.36
7.1295	0	0	0	0	0	0	0	0	179.96	206.91	93.28	166.43	27.5	195.03	115.94	59.95	0	1045
7.1395	0	0	0	0	0	0	0	0	163.9	197.23	85.03	176	27.5	200.42	115.94	59.95	0	1025.97
7.1495	0	0	0	0	0	0	0	0	149.16	187.55	76.89	182.38	27.5	203.06	115.94	59.95	0	1002.43
7.1595	0	0	0	0	0	0	0	0	134.31	175.45	68.75	188.76	27.5	203.06	113.08	59.95	0	970.86
7.1695	0	0	0	0	0	0	0	0	123.75	165.66	60.5	195.14	27.5	205.81	110.22	59.95	0	948.53
7.1795	0	0	0	0	0	0	0	0	111.43	153.12	55.11	198.44	27.5	205.81	107.14	62.37	0	920.92
7.1895	0	0	0	0	0	0	0	0	101.86	143.11	50.27	201.63	27.5	208.45	107.14	62.37	0	902.33
7.1995	0	0	0	0	0	0	0	0	94.16	133.1	45.43	201.63	27.5	208.45	107.14	59.95	0	877.36
7.2095	0	0	0	0	0	0	0	0	86.57	125.51	43.12	201.63	27.5	208.45	110.22	59.95	0	862.95
7.2195	0	0	0	0	0	0	0	0	80.85	118.03	40.7	201.63	27.5	211.2	110.22	59.95	0	850.08
7.2295	0	0	0	0	0	0	0	0	75.13	110.66	38.28	201.63	27.5	211.2	113.08	59.95	0	837.43
7.2395	0	0	0	0	0	0	0	0	71.28	108.24	35.86	204.82	30.25	213.84	115.94	62.37	0	842.6
7.2495	0	0	0	0	0	0	0	0	67.43	103.51	35.86	208.01	30.25	216.59	118.91	62.37	0	842.93
7.2595	0	0	0	0	0	0	0	0	63.69	98.78	33.44	208.01	30.25	219.23	121.77	64.9	0	840.07
7.2695	0	0	0	0	0	0	0	0	59.84	96.47	33.44	211.2	33	221.98	127.6	67.32	0	850.85
7.2795	0	0	0	0	0	0	0	0	56.21	91.74	31.13	214.39	33	227.48	133.32	67.32	0	854.59
7.2895	0	0	0	0	0	0	0	0	52.69	87.01	28.71	217.58	33	233.09	139.15	69.74	0	860.97
7.2995	0	0	0	0	0	0	0	0	47.41	79.86	26.29	220.77	35.75	238.7	144.98	69.74	0	863.5
7.3095	0	0	0	0	0	0	0	0	42.13	75.13	23.87	224.07	35.75	244.31	153.67	72.16	0	871.09
7.3195	0	0	0	0	0	0	0	0	38.61	68.09	23.87	224.07	35.75	252.67	162.36	74.69	0	880.11
7.3295	0	0	0	0	0	0	0	0	35.09	60.94	21.56	226.93	38.5	258.28	174.24	79.53	0	895.07
7.3395	0	0	0	0	0	0	0	0	31.57	53.9	19.14	229.79	38.5	263.89	183.15	81.95	0	901.89
7.3495	0	0	0	0	0	0	0	0	28.05	46.86	16.72	232.76	41.25	272.25	192.06	86.9	0	916.85
7.3595	0	0	0	0	0	0	0	0	24.53	39.82	16.72	238.59	41.25	280.61	198.11	89.32	0	928.95
7.3695	0	0	0	0	0	0	0	0	22.77	35.09	14.3	241.45	41.25	286.33	201.08	94.27	0	936.54
7.3795	0	0	0	0	0	0	0	0	21.01	30.47	11.88	244.42	41.25	294.8	207.02	96.69	0	947.54
7.3895	0	0	0	0	0	0	0	0	19.25	23.43	9.57	247.28	41.25	303.27	209.99	101.53	0	955.57
7.3995	0	0	0	0	0	0	0	0	17.49	18.7	7.15	247.28	38.5	308.88	209.99	104.06	0	952.05
7.4095	0	0	0	0	0	0	0	0	13.97	9.35	4.73	241.45	35.75	314.49	212.96	106.48	0	939.18
7.4195	0	0	0	0	0	0	0	0	13.97	6.93	4.73	229.79	33	322.96	212.96	111.32	0	935.66
7.4295	0	0	0	0	0	0	0	0	12.21	4.62	0	214.39	30.25	322.96	212.96	113.85	0	911.24
7.4395	4.62	0	0	0	0	0	0	0	12.21	4.62	0	191.95	24.75	328.68	212.96	118.25	4.62	893.42
7.4495	13.86	0	0	0	0	0	0	0	10.45	0	0	166.43	22	334.29	209.99	122.76	13.86	865.92
7.4595	34.76	0	0	0	0	0	0	0	10.45	0	0	144.32	16.5	340.01	207.02	129.47	34.76	847.77
7.4695	128.15	15.51	9.68	0	0	0	0	0	8.69	0	0	119.02	13.75	345.62	201.08	136.18	153.34	824.34
7.4795	228.58	35.09	24.2	10.34	4.18	5.83	0	0	8.69	0	0	100.21	11	348.48	198.11	142.89	308.22	809.38
7.4895	228.58	52.58	38.72	20.68	8.47	7.81	0	0	8.69	0	0	75.02	8.25	345.62	192.06	147.29	356.84	776.93
7.4995	238.92	78.54	65.12	32.67	12.65	15.62	2.97	5.28	6.93	0	0	53.68	5.5	331.54	183.15	156.31	451.77	737.11
7.5095	241.45	100.54	86.35	44.77	16.94	23.43	6.05	8.8	5.17	0	0	39.6	0	308.88	171.27	160.71	528.33	685.63
7.5195	251.9	111.54	100.54	58.63	21.12	31.24	12.21	14.08	3.41	0	0	31.02	0	266.64	159.5	165.22	601.26	625.79
7.5295	264.88	115.94	114.84	58.63	23.21	39.05	15.18	15.84	0	0	0	19.8	0	213.84	142.12	167.53	647.57	543.29
7.5395	267.41	118.03	124.74	63.03	25.41	48.84	22.88	19.36	0	0	0	14.08	0	165.44	124.63	163.02	689.7	467.17
7.5495	270.05	120.12	137.17	63.03	29.59	56.65	30.47	21.12	0	0	0	8.47	0	124.52	107.14	149.6	728.2	389.73
7.5595	277.86	122.21	147.07	63.03	33.88	63.03	38.17	22.88	0	0	0	5.61	0	86.46	92.29	129.47	768.13	313.83
7.5695	287.98	124.3	161.92	63.03	35.97	67.54	44.22	24.64	0	0	0	0	0	62.04	77.33	99.11	809.6	238.48
7.5795	300.85	128.48	174.24	63.03	40.15	72.05	48.84	26.4	0	0	0	0	0	45.1	65.45	72.16	854.04	182.71
7.5895	308.44	130.57	184.25	65.23	42.35	76.56	53.46	28.27	0	0	0	0	0	30.8	51.37	48.73	889.13	130.9
7.5995	313.61	132.66	191.84	67.43	44.44	83.27	56.54	28.27	0	0	0	0	0	21.34	41.03	38.06	918.06	100.43
7.6095	313.61	132.66	194.37	69.63	44.44	85.47	60.06	30.03	0	0	0	0	0	14.19	25.63	23.21	930.27	63.03
7.6195	311.08	134.75	196.79	74.03	46.53	89.98	63.69	30.03	0	0	0	0	0	9.46	7.7	6.27	946.88	23.43
7.6295	305.91	134.75	194.37	76.23	46.53	94.49	65.56	30.03	0	0	0	0	0	4.73	0	0	947.87	4.73
7.6395	300.85	134.75	191.84	78.43	48.62	96.69	67.32	31.79	0	0	0	0	0	0	0	0	950.29	0
7.6495	293.15	132.66	186.78	80.63	48.62	98.89	69.19	31.79	0	0	0	0	0	0	0	0	941.71	0
7.6595	282.92	130.57	181.83	82.83	48.62	101.2	70.95	31.79	0	0	0	0	0	0	0	0	930.71	0
7.6695	275.22	126.39	176.77	82.83	50.82	103.4	74.58	33.55	0	0	0	0	0	0	0	0	923.56	0
7.6795	264.88	122.21	171.82	82.83	50.82	103.4	74.58	33.55	0	0	0	0	0	0	0	0	904.09	0
7.6895	254.43	118.03	164.34	82.83	52.91	103.4	76.45	35.31	0	0	0	0	0	0	0	0	887.7	0
7.6995	244.09	111.54	159.39	80.63	52.91	103.4	78.21	35.31	0	0	0	0	0	0	0	0	865.48	0
7.7095	233.75	107.14	154.44	82.83	52.91	105.6	80.08	35.31	0	0	0	0	0	0	0	0	852.06	0
7.7195	225.94	104.94	149.49	82.83	55	105.6	81.84	37.07	0	0	0	0	0	0	0	0	842.71	0
7.7295	216.04	100.54	144.54	82.83	55	105.6	81.84	37.07	0	0	0	0	0	0	0	0	823.46	0
7.7395	208.78	96.14	137.17	82.83	55	107.91	83.71	38.83	0	0	0	0	0	0	0	0	810.37	0
7.7495	199.1	93.94	134.64	85.03	57.2	107.91	85.47	38.83	0	0	0	0	0	0	0	0	802.12	0
7.7595	191.73	89.54	129.69	85.03	57.2	110.11	87.23	40.59	0	0	0	0	0	0	0	0	791.12	0
7.7695	184.47	85.14	124.74	87.34	59.4	114.51	90.86	40.59	0	0	0	0	0	0	0	0	787.05	0
7.7795	177.21	82.94	122.32	89.54	59.4	118.69	92.73	42.35	0	0	0	0	0	0	0	0	785.18	0
7.7895	167.53	78.54	119.79	93.94	61.71	122.98	96.36	44.11	0	0	0	0	0	0	0	0	784.96	0
7.7995	155.21	74.14	114.84	98.34	64.02	131.45	101.75	47.63	0	0	0	0	0	0	0	0	787.38	0
7.8095	145.31	71.94	110	102.74	64.02	137.72	105.38	49.39	0	0	0	0	0	0	0	0	786.5	0
7.8195	135.52	67.54	102.96	107.14	66.33	146.19	110.88	54.67	0	0	0	0	0	0	0	0	791.23	0
7.8295	123.2	60.94	95.81	111.54	66.33	152.57	114.51	58.52	0	0	0	0	0	0	0	0	783.42	0
7.8395	110.99	56.54	88.77	116.05	66.33	161.04	120.45	66.55	0	0	0	0	0	0	0	0	786.72	0
7.8495	99.88	52.58	81.73	118.25	68.64	169.73	126.5	72.6	0	0	0	0	0	0	0	0	789.91	0
7.8594	88.88	46.75	72.27	122.76	68.64	176.33	132.55	82.72	0	0	0	0	0	0	0	0	790.9	0
7.8694	77.77	40.92	62.81	124.96	68.64	185.13	138.6	90.86	0	0	0	0	0	0	0	0	789.69	0
7.8794	64.57	35.09	53.24	129.47	68.64	194.04	142.67	96.91	0	0	0	0	0	0	0	0	784.63	0
7.8894	53.35	29.15	41.14	131.67	70.95	200.64	150.7	102.96	0	0	0	0	0	0	0	0	780.56	0
7.8994	41.8	23.32	29.04	133.98	68.64	207.24	154.77	110.99	0	0	0	0	0	0	0	0	769.78	0
7.9094	34.76	19.47	26.62	133.98	68.64	213.84	160.82	117.26	0	0	0	0	0	0	0	0	775.39	0
7.9194	30.14	15.51	21.78	133.98	66.33	218.24	166.87	125.62	0	0	0	0	0	0	0	0	778.47	0
7.9294	27.83	13.64	19.36	129.47	64.02	222.75	173.03	131.89	0	0	0	0	0	0	0	0	781.99	0
7.9394	25.52	11.66	16.94	124.96	61.71	224.95	177.21	144.43	0	0	0	0	0	0	0	0	787.38	0
7.9494	20.9	9.68	14.52	116.05	55	227.15	181.28	150.7	0	0	0	0	0	0	0	0	775.28	0
7.9594	20.9	7.7	14.52	104.94	50.82	227.15	185.46	159.06	0	0	0	0	0	0	0	0	770.55	0
7.9694	18.59	7.7	14.52	93.94	46.53	227.15	187.55	165.33	0	0	0	0	0	0	0	0	761.31	0
7.9794	18.59	7.7	12.1	80.63	40.15	227.15	185.46	174.13	0	0	0	0	0	0	0	0	745.91	0
7.9894	16.17	5.83	12.1	69.63	33.88	229.35	181.28	181.06	0	0	0	0	0	0	0	0	729.3	0
7.9994	16.17	5.83	9.68	58.63	29.59	229.35	175.12	187.99	10.45	4.62	0	0	0	0	0	0	712.36	15.07
8.0094	13.86	5.83	9.68	49.94	23.21	229.35	166.87	194.92	33.33	18.7	0	0	0	0	0	0	693.66	52.03
8.0194	13.86	5.83	9.68	43.01	19.03	227.15	156.75	201.74	121.55	65.67	7.15	14.08	0	9.46	0	0	677.05	217.91
8.0294	11.55	3.85	9.68	32.67	14.74	220.55	144.65	208.67	159.72	108.24	14.3	36.74	0	16.61	0	0	646.36	335.61
8.0394	9.24	3.85	9.68	25.85	10.56	205.04	134.64	210.98	193.82	163.13	33.44	62.48	5.5	40.37	0	8.47	609.84	507.21
8.0494	4.62	0	7.26	18.92	8.47	176.33	122.54	213.29	231.44	206.91	60.5	87.56	8.25	70.18	12.76	14.74	551.43	692.34
8.0594	0	0	7.26	13.75	8.47	133.54	105.38	208.67	258.5	223.85	74.14	97.02	11	83.82	30.8	23.21	477.07	802.34
8.0694	0	0	4.84	8.58	8.47	94.49	83.71	192.61	251.13	221.43	76.89	97.02	13.75	89.21	38.5	25.41	392.7	813.34
8.0794	0	0	0	5.17	8.47	65.34	63.69	156.97	236.28	214.17	76.89	97.02	13.75	100.1	48.73	27.5	299.64	814.44
8.0894	0	0	0	0	6.27	46.86	50.38	96.91	231.44	216.59	82.39	103.29	16.5	110.99	56.54	29.59	200.42	847.33
8.0994	0	0	0	0	4.18	33.22	41.25	58.52	238.81	226.27	93.28	109.56	19.25	124.52	68.42	35.97	137.17	916.08
8.1094	0	0	0	0	0	23.43	32.01	35.31	253.55	233.53	104.17	112.75	22	135.41	83.27	38.06	90.75	982.74
8.1194	0	0	0	0	0	17.49	24.42	24.64	265.87	240.79	115.17	115.94	24.75	146.3	95.26	42.35	66.55	1046.43
8.1294	0	0	0	0	0	11.66	16.72	10.56	275.77	245.63	123.53	119.02	24.75	151.8	104.17	46.53	38.94	1091.2
8.1394	0	0	0	0	0	7.81	9.13	3.52	275.77	248.05	126.28	122.21	27.5	157.19	110.22	48.73	20.46	1115.95
8.1494	0	0	0	0	0	3.85	4.51	3.52	268.4	248.05	126.28	128.48	24.75	162.69	110.22	48.73	11.88	1117.6
8.1594	0	0	0	0	0	3.85	4.51	3.52	258.5	243.21	120.78	131.67	27.5	165.44	110.22	50.82	11.88	1108.14
8.1694	0	0	0	0	0	0	2.97	0	243.76	238.37	115.17	134.86	27.5	168.19	110.22	50.82	2.97	1088.89
8.1794	0	0	0	0	0	0	2.97	0	226.49	228.69	109.67	137.94	27.5	170.83	110.22	50.82	2.97	1062.16
8.1894	0	0	0	0	0	0	0	0	210.1	219.01	101.42	137.94	27.5	170.83	110.22	50.82	0	1027.84
8.1994	0	0	0	0	0	0	0	0	193.82	209.33	93.28	141.13	24.75	173.47	107.14	50.82	0	993.74
8.2094	0	0	0	0	0	0	0	0	179.96	202.07	87.78	141.13	27.5	173.47	107.14	50.82	0	969.87
8.2194	0	0	0	0	0	0	0	0	166.1	189.97	82.39	144.32	27.5	173.47	104.17	52.91	0	940.83
8.2294	0	0	0	0	0	0	0	0	155.43	182.71	76.89	144.32	24.75	173.47	104.17	52.91	0	914.65
8.2394	0	0	0	0	0	0	0	0	146.96	175.45	74.14	144.32	27.5	170.83	104.17	52.91	0	896.28
8.2494	0	0	0	0	0	0	0	0	140.69	168.19	71.39	144.32	24.75	170.83	104.17	52.91	0	877.25
8.2594	0	0	0	0	0	0	0	0	136.4	163.13	68.75	141.13	27.5	170.83	104.17	52.91	0	864.82
8.2694	0	0	0	0	0	0	0	0	132.22	158.07	68.75	141.13	27.5	170.83	107.14	52.91	0	858.55
8.2794	0	0	0	0	0	0	0	0	130.02	153.12	66	141.13	27.5	170.83	110.22	52.91	0	851.73
8.2894	0	0	0	0	0	0	0	0	127.93	150.59	66	141.13	27.5	170.83	113.08	55.11	0	852.17
8.2994	0	0	0	0	0	0	0	0	127.93	148.06	66	141.13	27.5	173.47	115.94	55.11	0	855.14
8.3094	0	0	0	0	0	0	0	0	123.75	145.64	68.75	144.32	30.25	173.47	118.91	55.11	0	860.2
8.3194	0	0	0	0	0	0	0	0	121.55	143.11	68.75	144.32	30.25	178.86	124.63	57.53	0	869
8.3294	0	0	0	0	0	0	0	0	119.46	140.58	66	147.51	33	181.61	130.46	57.53	0	876.15
8.3394	0	0	0	0	0	0	0	0	115.28	138.05	66	150.59	33	187	136.29	59.95	0	886.16
8.3494	0	0	0	0	0	0	0	0	111.43	133.1	66	153.78	35.75	195.03	144.98	62.37	0	902.44
8.3594	0	0	0	0	0	0	0	0	105.71	128.04	66	160.05	35.75	203.06	153.67	64.9	0	917.18
8.3694	0	0	0	0	0	0	0	0	99.99	123.09	63.25	163.24	38.5	211.2	162.36	67.32	0	928.95
8.3794	0	0	0	0	0	0	0	0	92.29	118.03	57.75	169.62	38.5	219.23	174.24	72.16	0	941.82
8.3894	0	0	0	0	0	0	0	0	84.7	110.66	55.11	176	41.25	230.34	186.12	74.69	0	958.87
8.3994	0	0	0	0	0	0	0	0	77	103.51	50.27	182.38	44	238.7	195.14	77.11	0	968.11
8.4094	0	0	0	0	0	0	0	0	69.41	96.47	47.85	185.57	44	247.06	207.02	79.53	0	976.91
8.4194	0	0	0	0	0	0	0	0	61.71	87.01	43.12	191.95	46.75	255.42	215.93	81.95	0	983.84
8.4294	0	0	0	0	0	0	0	0	52.69	77.55	38.28	195.14	46.75	263.89	224.73	84.48	0	983.51
8.4394	0	0	0	0	0	0	0	0	43.89	65.67	31.13	198.44	46.75	269.39	236.06	86.9	0	978.23
8.4494	0	0	0	0	0	0	0	0	35.09	51.59	23.87	201.63	46.75	275	244.53	89.32	0	967.78
8.4594	0	0	0	0	0	0	0	0	28.05	37.51	19.14	198.44	46.75	280.61	253	89.32	0	952.82
8.4694	4.62	0	0	0	0	0	0	0	22.77	28.05	14.3	195.14	46.75	283.47	261.47	89.32	4.62	941.27
8.4794	11.55	0	0	0	0	0	0	0	19.25	18.7	11.88	188.76	44	286.33	272.8	91.74	11.55	933.46
8.4894	18.59	0	0	0	0	0	0	0	15.73	9.35	7.15	176	41.25	289.08	275.66	94.27	18.59	908.49
8.4994	66.77	3.85	0	0	0	0	0	0	13.97	4.62	4.73	156.97	38.5	289.08	278.52	96.69	70.62	883.08
8.5094	186.89	21.34	14.52	3.41	0	0	0	0	12.21	0	4.73	141.13	33	294.8	278.52	99.11	226.16	863.5
8.5194	220.88	40.92	29.04	11.99	4.18	5.83	0	0	12.21	0	0	119.02	24.75	294.8	275.66	106.48	312.84	832.92
8.5294	225.94	60.94	48.4	24.09	10.56	9.68	0	0	10.45	0	0	93.94	19.25	291.94	272.8	111.32	379.61	799.7
8.5394	233.75	87.34	69.85	34.43	14.74	17.49	6.05	0	10.45	0	0	71.94	13.75	286.33	264.33	118.25	463.65	765.05
8.5494	233.75	104.94	86.35	46.53	16.94	27.28	9.13	5.28	8.69	0	0	50.82	8.25	272.25	253	127.16	530.2	720.17
8.5594	238.92	113.85	95.81	56.87	21.12	35.09	13.75	8.8	6.93	0	0	33.88	5.5	247.06	238.92	131.67	584.21	663.96
8.5694	244.09	115.94	107.69	58.63	21.12	42.9	16.72	8.8	5.17	0	0	19.8	0	205.81	218.9	136.18	615.89	585.86
8.5794	246.73	118.03	117.37	60.83	25.41	52.69	22.88	12.32	3.41	0	0	11.22	0	159.94	192.06	136.18	656.26	502.81
8.5894	251.9	122.21	127.27	60.83	27.5	58.63	28.93	12.32	0	0	0	0	0	121.88	159.5	133.87	689.59	415.25
8.5994	262.24	124.3	139.59	60.83	31.68	65.34	35.09	15.84	0	0	0	0	0	89.21	124.63	124.96	734.91	338.8
8.6094	277.86	128.48	156.97	63.03	33.88	69.74	39.71	17.6	0	0	0	0	0	62.04	98.23	106.48	787.27	266.75
8.6194	293.15	132.66	171.82	63.03	35.97	74.25	44.22	19.36	0	0	0	0	0	45.1	77.33	77.11	834.46	199.54
8.6294	305.91	134.75	184.25	63.03	38.06	78.76	48.84	21.12	0	0	0	0	0	30.8	65.45	57.53	874.72	153.78
8.6394	313.61	136.84	194.37	65.23	40.15	80.96	51.92	21.12	0	0	0	0	0	23.65	53.9	40.26	904.2	117.81
8.6494	318.67	138.93	199.32	65.23	42.35	80.96	55	22.88	0	0	0	0	0	18.92	43.67	33.88	923.34	96.47
8.6594	321.31	141.02	201.85	65.23	42.35	83.27	56.54	22.88	0	0	0	0	0	14.19	28.27	21.12	934.45	63.58
8.6694	321.31	138.93	204.38	67.43	44.44	83.27	58.3	22.88	0	0	0	0	0	7.04	12.76	6.27	940.94	26.07
8.6794	318.67	138.93	201.85	67.43	44.44	80.96	58.3	22.88	0	0	0	0	0	0	5.06	0	933.46	5.06
8.6894	316.14	136.84	196.79	67.43	44.44	80.96	60.06	22.88	0	0	0	0	0	0	5.06	0	925.54	5.06
8.6994	311.08	134.75	194.37	65.23	46.53	80.96	60.06	24.64	0	0	0	0	0	0	0	0	917.62	0
8.7094	305.91	132.66	189.31	65.23	46.53	80.96	61.93	24.64	0	0	0	0	0	0	0	0	907.17	0
8.7194	300.85	128.48	184.25	63.03	46.53	78.76	61.93	24.64	0	0	0	0	0	0	0	0	888.47	0
8.7294	293.15	124.3	179.3	60.83	46.53	76.56	61.93	24.64	0	0	0	0	0	0	0	0	867.24	0
8.7394	285.45	118.03	174.24	58.63	46.53	76.56	61.93	24.64	0	0	0	0	0	0	0	0	846.01	0
8.7494	275.22	113.85	169.29	58.63	46.53	76.56	63.69	24.64	0	0	0	0	0	0	0	0	828.41	0
8.7594	270.05	111.54	166.87	56.87	48.62	76.56	63.69	26.4	0	0	0	0	0	0	0	0	820.6	0
8.7694	262.24	107.14	164.34	56.87	48.62	76.56	65.56	26.4	0	0	0	0	0	0	0	0	807.73	0
8.7794	257.07	104.94	159.39	58.63	48.62	76.56	65.56	28.27	0	0	0	0	0	0	0	0	799.04	0
8.7894	249.26	102.74	156.97	58.63	50.82	78.76	67.32	28.27	0	0	0	0	0	0	0	0	792.77	0
8.7994	241.45	100.54	154.44	60.83	50.82	80.96	69.19	30.03	0	0	0	0	0	0	0	0	788.26	0
8.8094	233.75	100.54	152.02	63.03	50.82	85.47	72.82	30.03	0	0	0	0	0	0	0	0	788.48	0
8.8194	225.94	98.34	152.02	67.43	52.91	89.98	76.45	31.79	0	0	0	0	0	0	0	0	794.86	0
8.8294	218.46	96.14	152.02	71.83	55	96.69	80.08	33.55	0	0	0	0	0	0	0	0	803.77	0
8.8394	208.78	93.94	152.02	78.43	57.2	103.4	85.47	35.31	0	0	0	0	0	0	0	0	814.55	0
8.8494	203.94	91.74	149.49	82.83	57.2	110.11	89.1	38.83	0	0	0	0	0	0	0	0	823.24	0
8.8594	194.15	89.54	147.07	85.03	59.4	118.69	94.49	40.59	0	0	0	0	0	0	0	0	828.96	0
8.8694	184.47	87.34	144.54	91.74	61.71	125.07	98.12	44.11	0	0	0	0	0	0	0	0	837.1	0
8.8794	172.37	82.94	139.59	96.14	61.71	131.45	103.62	47.63	0	0	0	0	0	0	0	0	835.45	0
8.8894	160.05	78.54	132.22	100.54	64.02	139.92	109.01	51.15	0	0	0	0	0	0	0	0	835.45	0
8.8994	147.84	74.14	122.32	107.14	66.33	148.39	112.64	54.67	0	0	0	0	0	0	0	0	833.47	0
8.9094	133.1	69.74	112.42	113.85	68.64	156.86	118.47	60.5	0	0	0	0	0	0	0	0	833.58	0
8.9194	115.83	63.14	100.54	118.25	70.95	167.53	126.5	66.55	0	0	0	0	0	0	0	0	829.29	0
8.9294	102.08	54.56	86.35	124.96	70.95	176.33	132.55	72.6	0	0	0	0	0	0	0	0	820.38	0
8.9394	86.68	48.73	74.58	131.67	70.95	187.33	140.69	80.74	0	0	0	0	0	0	0	0	821.37	0
8.9494	73.37	40.92	60.39	133.98	73.26	196.24	146.74	92.84	0	0	0	0	0	0	0	0	817.74	0
8.9594	57.97	33.11	45.98	136.18	73.26	202.84	154.77	102.96	0	0	0	0	0	0	0	0	807.07	0
8.9694	44.11	25.3	33.88	138.38	73.26	209.44	162.8	110.99	0	0	0	0	0	0	0	0	798.16	0
8.9794	37.18	21.34	29.04	136.18	70.95	216.04	170.94	121.44	0	0	0	0	0	0	0	0	803.11	0
8.9894	32.45	17.49	24.2	131.67	68.64	220.55	179.3	129.8	0	0	0	0	0	0	0	0	804.1	0
8.9994	27.83	13.64	21.78	124.96	66.33	220.55	185.46	138.16	0	0	0	0	0	0	0	0	798.71	0
9.0094	23.21	11.66	19.36	113.85	61.71	220.55	191.62	144.43	0	0	0	0	0	0	0	0	786.39	0
9.0194	20.9	9.68	16.94	100.54	55	218.24	195.8	152.79	0	0	0	0	0	0	0	0	769.89	0
9.0294	20.9	7.7	14.52	87.34	48.62	218.24	195.8	156.97	0	0	0	0	0	0	0	0	750.09	0
9.0394	18.59	7.7	14.52	74.03	42.35	216.04	193.71	163.24	6.93	4.62	0	0	0	0	0	0	730.18	11.55
9.0494	18.59	7.7	12.1	58.63	35.97	216.04	191.62	167.42	24.53	18.7	0	0	0	0	0	0	708.07	43.23
9.0594	16.17	5.83	12.1	48.18	29.59	211.64	185.46	174.13	109.45	70.4	7.15	16.94	0	9.46	0	0	683.1	213.4
9.0694	13.86	5.83	12.1	37.84	23.21	207.24	179.3	181.06	163.9	128.04	19.14	45.21	0	21.34	0	0	660.44	377.63
9.0794	11.55	3.85	9.68	25.85	16.94	194.04	170.94	185.68	203.17	187.55	38.28	84.48	5.5	54.56	0	8.47	618.53	582.01
9.0894	9.24	3.85	9.68	18.92	12.65	171.93	160.82	187.99	241.23	226.27	60.5	109.56	11	81.07	12.76	14.74	575.08	757.13
9.0994	4.62	0	7.26	11.99	8.47	137.72	144.65	185.68	260.92	238.37	71.39	115.94	11	89.21	20.46	21.12	500.39	828.41
9.1094	0	0	7.26	6.82	6.27	101.2	114.51	178.75	243.76	228.69	68.75	115.94	11	94.6	30.8	23.21	414.81	816.75
9.1194	0	0	4.84	0	8.47	67.54	81.84	161.15	224.07	219.01	66	115.94	13.75	100.1	35.97	25.41	323.84	800.25
9.1294	0	0	0	0	8.47	46.86	60.06	121.44	214.72	216.59	68.75	122.21	13.75	108.24	43.67	29.59	236.83	817.52
9.1394	0	0	0	0	4.18	35.09	47.3	68.64	219.34	223.85	74.14	128.48	13.75	116.38	51.37	31.79	155.21	859.1
9.1494	0	0	0	0	0	25.3	38.17	40.59	228.91	233.53	79.64	134.86	16.5	124.52	56.54	35.97	104.06	910.47
9.1594	0	0	0	0	0	17.49	30.47	24.64	241.23	243.21	87.78	144.32	19.25	132.77	62.48	38.06	72.6	969.1
9.1694	0	0	0	0	0	11.66	22.88	15.84	246.18	250.47	90.53	150.59	19.25	138.16	65.45	40.26	50.38	1000.89
9.1794	0	0	0	0	0	7.81	13.75	5.28	243.76	255.42	90.53	160.05	19.25	146.3	68.42	42.35	26.84	1026.08
9.1894	0	0	0	0	0	5.83	7.59	3.52	236.28	255.42	90.53	169.62	19.25	151.8	68.42	44.44	16.94	1035.76
9.1994	0	0	0	0	0	3.85	6.05	0	224.07	255.42	85.03	182.38	19.25	154.55	65.45	44.44	9.9	1030.59
9.2094	0	0	0	0	0	3.85	6.05	0	210.1	250.47	79.64	188.76	19.25	159.94	65.45	44.44	9.9	1018.05
9.2194	0	0	0	0	0	0	4.51	0	196.24	243.21	74.14	198.44	19.25	162.69	65.45	44.44	4.51	1003.86
9.2294	0	0	0	0	0	0	2.97	0	182.27	235.95	68.75	204.82	19.25	162.69	62.48	44.44	2.97	980.65
9.2394	0	0	0	0	0	0	0	0	170.72	226.27	63.25	214.39	19.25	165.44	59.51	44.44	0	963.27
9.2494	0	0	0	0	0	0	0	0	159.72	219.01	57.75	217.58	19.25	165.44	56.54	44.44	0	939.73
9.2594	0	0	0	0	0	0	0	0	151.25	214.17	55.11	224.07	19.25	165.44	53.9	46.53	0	929.72
9.2694	0	0	0	0	0	0	0	0	142.78	206.91	50.27	226.93	19.25	162.69	51.37	44.44	0	904.64
9.2794	0	0	0	0	0	0	0	0	134.31	202.07	47.85	229.79	19.25	162.69	48.73	44.44	0	889.13
9.2893	0	0	0	0	0	0	0	0	130.02	194.81	45.43	232.76	19.25	162.69	46.2	44.44	0	875.6
9.2993	0	0	0	0	0	0	0	0	121.55	189.97	43.12	232.76	16.5	159.94	46.2	44.44	0	854.48
9.3093	0	0	0	0	0	0	0	0	115.28	185.13	40.7	235.62	16.5	159.94	43.67	42.35	0	839.19
9.3193	0	0	0	0	0	0	0	0	111.43	180.29	38.28	238.59	16.5	159.94	43.67	42.35	0	831.05
9.3293	0	0	0	0	0	0	0	0	109.45	177.87	38.28	241.45	16.5	162.69	43.67	44.44	0	834.35
9.3393	0	0	0	0	0	0	0	0	107.58	173.03	35.86	244.42	16.5	165.44	43.67	42.35	0	828.85
9.3493	0	0	0	0	0	0	0	0	103.73	173.03	38.28	247.28	19.25	168.19	46.2	42.35	0	838.31
9.3593	0	0	0	0	0	0	0	0	101.86	168.19	35.86	253.11	19.25	170.83	48.73	44.44	0	842.27
9.3693	0	0	0	0	0	0	0	0	99.99	165.66	35.86	255.97	19.25	176.22	51.37	44.44	0	848.76
9.3793	0	0	0	0	0	0	0	0	94.16	160.6	35.86	264.77	19.25	181.61	53.9	44.44	0	854.59
9.3893	0	0	0	0	0	0	0	0	92.29	155.65	35.86	270.6	19.25	187	56.54	46.53	0	863.72
9.3993	0	0	0	0	0	0	0	0	86.57	150.59	33.44	276.43	22	195.03	62.48	48.73	0	875.27
9.4093	0	0	0	0	0	0	0	0	80.85	143.11	33.44	282.7	22	203.06	65.45	48.73	0	879.34
9.4193	0	0	0	0	0	0	0	0	73.15	135.52	31.13	288.97	22	213.84	68.42	48.73	0	881.76
9.4293	0	0	0	0	0	0	0	0	67.43	128.04	31.13	295.35	24.75	221.98	71.39	50.82	0	890.89
9.4393	0	0	0	0	0	0	0	0	59.84	120.56	28.71	304.81	24.75	233.09	77.33	52.91	0	902
9.4493	0	0	0	0	0	0	0	0	54.45	110.66	26.29	311.08	24.75	241.45	80.3	52.91	0	901.89
9.4593	0	0	0	0	0	0	0	0	47.41	101.2	26.29	317.46	27.5	252.67	86.35	55.11	0	913.99
9.4693	0	0	0	0	0	0	0	0	42.13	91.74	23.87	323.73	27.5	261.03	89.32	59.95	0	919.27
9.4793	0	0	0	0	0	0	0	0	35.09	79.86	21.56	326.92	27.5	272.25	95.26	62.37	0	920.81
9.4893	0	0	0	0	0	0	0	0	31.57	68.09	16.72	333.08	27.5	283.47	101.2	64.9	0	926.53
9.4993	0	0	0	0	0	0	0	0	28.05	58.63	14.3	336.05	30.25	294.8	107.14	69.74	0	938.96
9.5093	0	0	0	0	0	0	0	0	22.77	46.86	11.88	336.05	27.5	308.88	113.08	74.69	0	941.71
9.5193	0	0	0	0	0	0	0	0	21.01	39.82	9.57	336.05	30.25	320.21	121.77	79.53	0	958.21
9.5293	0	0	0	0	0	0	0	0	17.49	30.47	7.15	330.11	27.5	331.54	130.46	81.95	0	956.67
9.5393	0	0	0	0	0	0	0	0	15.73	21.01	4.73	320.54	27.5	342.76	139.15	89.32	0	960.74
9.5493	9.24	0	0	0	0	0	0	0	12.21	11.66	4.73	301.62	24.75	354.09	144.98	94.27	9.24	948.31
9.5593	18.59	0	0	0	0	0	0	0	12.21	11.66	0	276.43	22	359.7	147.84	99.11	18.59	928.95
9.5693	66.77	15.51	7.26	5.17	0	0	0	0	10.45	9.35	0	244.42	16.5	368.17	147.84	101.53	94.71	898.26
9.5793	179.63	38.94	24.2	13.75	8.47	5.83	2.97	0	10.45	6.93	0	208.01	13.75	371.03	147.84	108.9	273.79	866.91
9.5893	216.04	54.56	38.72	24.09	10.56	11.66	2.97	0	8.69	6.93	0	166.43	11	373.89	147.84	113.85	358.6	828.63
9.5993	220.88	74.14	60.39	32.67	12.65	17.49	6.05	5.28	8.69	4.62	0	128.48	8.25	371.03	147.84	120.45	429.55	789.36
9.6093	231.11	91.74	81.73	43.01	16.94	25.3	9.13	10.56	6.93	4.62	0	93.94	5.5	356.95	142.12	127.16	509.52	737.22
9.6193	236.28	102.74	93.5	51.7	21.12	37.07	15.18	14.08	5.17	0	0	62.48	0	331.54	136.29	133.87	571.67	669.35
9.6293	249.26	107.14	102.96	53.35	23.21	42.9	19.8	15.84	3.41	0	0	45.21	0	283.47	127.6	138.38	614.46	598.07
9.6393	249.26	109.34	107.69	53.35	25.41	50.71	25.96	19.36	0	0	0	31.02	0	216.59	115.94	142.89	641.08	506.44
9.6493	251.9	111.54	114.84	55.11	27.5	54.67	30.47	21.12	0	0	0	22.55	0	159.94	104.17	140.58	667.15	427.24
9.6593	259.6	118.03	124.74	56.87	29.59	60.83	35.09	22.88	0	0	0	16.94	0	116.38	86.35	127.16	707.63	346.83
9.6693	272.58	124.3	134.64	60.83	33.88	67.54	39.71	24.64	0	0	0	11.22	0	78.32	74.36	104.06	758.12	267.96
9.6793	287.98	132.66	147.07	65.23	35.97	74.25	42.68	28.27	0	0	0	8.47	0	54.56	62.48	77.11	814.11	202.62
9.6893	303.38	138.93	156.97	71.83	35.97	80.96	45.76	30.03	0	0	0	0	0	37.95	51.37	55.11	863.83	144.43
9.6993	311.08	147.29	161.92	78.43	38.06	85.47	45.76	31.79	0	0	0	0	0	26.07	41.03	38.06	899.8	105.16
9.7093	313.61	153.56	166.87	87.34	38.06	89.98	47.3	33.55	0	0	0	0	0	18.92	30.8	29.59	930.27	79.31
9.7193	313.61	157.74	164.34	93.94	38.06	94.49	47.3	35.31	0	0	0	0	0	11.88	17.93	16.94	944.79	46.75
9.7293	308.44	161.92	161.92	102.74	40.15	98.89	47.3	35.31	0	0	0	0	0	7.04	5.06	4.18	956.67	16.28
9.7393	303.38	164.01	156.97	109.34	40.15	101.2	47.3	35.31	0	0	0	0	0	4.73	0	0	957.66	4.73
9.7493	293.15	164.01	152.02	116.05	40.15	103.4	45.76	35.31	0	0	0	0	0	4.73	0	0	949.85	4.73
9.7593	282.92	164.01	147.07	122.76	40.15	105.6	45.76	35.31	0	0	0	0	0	0	0	0	943.58	0
9.7693	272.58	159.83	139.59	127.27	40.15	107.91	45.76	37.07	0	0	0	0	0	0	0	0	930.16	0
9.7793	259.6	155.65	132.22	131.67	40.15	110.11	45.76	37.07	0	0	0	0	0	0	0	0	912.23	0
9.7893	244.09	151.47	124.74	133.98	40.15	110.11	45.76	37.07	0	0	0	0	0	0	0	0	887.37	0
9.7993	231.11	145.2	119.79	138.38	40.15	112.42	45.76	37.07	0	0	0	0	0	0	0	0	869.88	0
9.8093	218.46	141.02	112.42	142.89	40.15	114.51	45.76	37.07	0	0	0	0	0	0	0	0	852.28	0
9.8193	208.78	136.84	107.69	147.4	40.15	116.6	45.76	37.07	0	0	0	0	0	0	0	0	840.29	0
9.8293	199.1	134.75	102.96	151.8	40.15	118.69	45.76	35.31	0	0	0	0	0	0	0	0	828.52	0
9.8393	189.31	130.57	98.23	156.31	40.15	120.78	45.76	37.07	0	0	0	0	0	0	0	0	818.18	0
9.8493	182.05	126.39	95.81	160.82	40.15	125.07	47.3	37.07	0	0	0	0	0	0	0	0	814.66	0
9.8593	174.79	124.3	93.5	165.33	42.35	129.25	47.3	37.07	0	0	0	0	0	0	0	0	813.89	0
9.8693	167.53	120.12	91.08	169.95	42.35	133.54	48.84	38.83	0	0	0	0	0	0	0	0	812.24	0
9.8793	160.05	118.03	88.77	177.1	42.35	137.72	50.38	38.83	0	0	0	0	0	0	0	0	813.23	0
9.8893	152.68	113.85	84.04	184.14	42.35	144.1	51.92	40.59	0	0	0	0	0	0	0	0	813.67	0
9.8993	145.31	109.34	81.73	191.29	44.44	150.48	53.46	40.59	0	0	0	0	0	0	0	0	816.64	0
9.9093	133.1	102.74	77	198.33	44.44	156.86	53.46	42.35	0	0	0	0	0	0	0	0	808.28	0
9.9193	125.73	98.34	72.27	207.79	44.44	163.13	55	42.35	0	0	0	0	0	0	0	0	809.05	0
9.9293	115.83	91.74	69.85	214.83	46.53	171.93	56.54	44.11	0	0	0	0	0	0	0	0	811.36	0
9.9393	106.48	85.14	62.81	221.98	46.53	178.53	60.06	45.87	0	0	0	0	0	0	0	0	807.4	0
9.9493	95.48	78.54	58.08	228.69	46.53	187.33	61.93	47.63	0	0	0	0	0	0	0	0	804.21	0
9.9593	84.48	69.74	50.82	235.51	46.53	196.24	65.56	49.39	0	0	0	0	0	0	0	0	798.27	0
9.9693	73.37	60.94	43.56	242.33	48.62	205.04	69.19	54.67	0	0	0	0	0	0	0	0	797.72	0
9.9793	62.37	50.6	36.3	246.84	48.62	213.84	76.45	58.52	0	0	0	0	0	0	0	0	793.54	0
9.9893	51.04	40.92	29.04	246.84	48.62	222.75	81.84	64.57	0	0	0	0	0	0	0	0	785.62	0
9.9993	39.49	33.11	26.62	246.84	50.82	231.55	89.1	74.69	0	0	0	0	0	0	0	0	792.22	0
10.0093	34.76	27.28	21.78	244.64	48.62	240.35	94.49	82.72	0	0	0	0	0	0	0	0	794.64	0
10.0193	30.14	23.32	19.36	240.13	50.82	249.15	101.75	96.91	0	0	0	0	0	0	0	0	811.58	0
10.0293	25.52	17.49	16.94	235.51	48.62	255.75	109.01	110.99	0	0	0	0	0	0	0	0	819.83	0
10.0393	23.21	15.51	14.52	228.69	48.62	260.15	114.51	121.44	0	0	0	0	0	0	0	0	826.65	0
10.0493	23.21	15.51	14.52	219.56	46.53	264.55	120.45	131.89	0	0	0	0	0	0	0	0	836.22	0
10.0593	20.9	13.64	14.52	205.37	44.44	271.15	122.54	142.34	0	0	0	0	0	0	0	0	834.9	0
10.0693	20.9	13.64	12.1	191.29	42.35	273.35	122.54	152.79	0	0	0	0	0	0	0	0	828.96	0
10.0793	18.59	13.64	12.1	169.95	38.06	275.55	122.54	161.15	0	0	0	0	0	0	0	0	811.58	0
10.0893	18.59	11.66	12.1	151.8	33.88	277.86	122.54	169.62	5.17	6.93	0	0	0	0	0	0	798.05	12.1
10.0993	18.59	11.66	9.68	131.67	27.5	279.84	118.47	174.13	10.45	11.66	0	0	0	0	0	0	771.54	22.11
10.1093	16.17	9.68	9.68	111.54	25.41	279.84	114.51	181.06	36.85	30.47	0	11.22	0	0	0	0	747.89	78.54
10.1193	13.86	7.7	9.68	91.74	21.12	277.86	112.64	187.99	132.22	82.28	9.57	19.8	0	9.46	0	0	722.59	253.33
10.1293	13.86	7.7	9.68	69.63	16.94	271.15	110.88	194.92	168.41	133.1	21.56	50.82	0	21.34	0	0	694.76	395.23
10.1393	11.55	5.83	7.26	51.7	12.65	255.75	107.25	194.92	193.82	173.03	35.86	84.48	8.25	45.1	0	4.18	646.91	544.72
10.1493	6.93	5.83	7.26	37.84	10.56	229.35	103.62	194.92	212.41	197.23	47.85	103.29	8.25	64.79	12.76	10.56	596.31	657.14
10.1593	4.62	3.85	7.26	29.26	10.56	185.13	96.36	192.61	217.03	202.07	52.69	109.56	11	78.32	20.46	16.94	529.65	708.07
10.1693	0	0	4.84	22.33	8.47	135.63	81.84	178.75	200.86	197.23	52.69	115.94	11	89.21	28.27	19.03	431.86	714.23
10.1793	0	0	0	18.92	8.47	92.18	65.56	152.79	191.51	199.65	55.11	125.4	13.75	100.1	38.5	23.21	337.92	747.23
10.1893	0	0	0	13.75	8.47	63.03	53.46	109.01	191.51	204.49	57.75	134.86	16.5	113.63	48.73	27.5	247.72	794.97
10.1993	0	0	0	8.58	6.27	46.86	45.76	62.59	200.86	216.59	66	144.32	19.25	124.52	56.54	31.79	170.06	859.87
10.2093	0	0	0	3.41	4.18	35.09	38.17	42.35	210.1	223.85	74.14	150.59	22	132.77	65.45	35.97	123.2	914.87
10.2193	0	0	0	0	0	25.3	32.01	30.03	217.03	231.11	82.39	156.97	22	140.91	71.39	40.26	87.34	962.06
10.2293	0	0	0	0	0	19.47	24.42	22.88	221.65	235.95	85.03	163.24	22	146.3	77.33	42.35	66.77	993.85
10.2393	0	0	0	0	0	13.64	15.18	12.32	219.34	240.79	85.03	172.81	24.75	154.55	77.33	44.44	41.14	1019.04
10.2493	0	0	0	0	0	7.81	6.05	5.28	214.72	240.79	82.39	179.19	24.75	157.19	77.33	44.44	19.14	1020.8
10.2593	0	0	0	0	0	5.83	0	3.52	207.79	240.79	79.64	185.57	24.75	162.69	77.33	44.44	9.35	1023
10.2693	0	0	0	0	0	3.85	0	3.52	198.55	238.37	76.89	191.95	24.75	165.44	77.33	46.53	7.37	1019.81
10.2793	0	0	0	0	0	3.85	0	0	191.51	235.95	74.14	195.14	24.75	168.19	77.33	46.53	3.85	1013.54
10.2893	0	0	0	0	0	0	0	0	182.27	231.11	71.39	198.44	24.75	168.19	74.36	46.53	0	997.04
10.2993	0	0	0	0	0	0	0	0	175.34	226.27	68.75	198.44	24.75	168.19	74.36	48.73	0	984.83
10.3093	0	0	0	0	0	0	0	0	166.1	221.43	63.25	201.63	24.75	168.19	71.39	48.73	0	965.47
10.3193	0	0	0	0	0	0	0	0	159.72	214.17	60.5	201.63	22	168.19	71.39	48.73	0	946.33
10.3293	0	0	0	0	0	0	0	0	151.25	206.91	57.75	201.63	22	165.44	71.39	46.53	0	922.9
10.3393	0	0	0	0	0	0	0	0	142.78	199.65	52.69	204.82	24.75	165.44	71.39	48.73	0	910.25
10.3493	0	0	0	0	0	0	0	0	134.31	192.39	52.69	204.82	24.75	168.19	71.39	48.73	0	897.27
10.3593	0	0	0	0	0	0	0	0	127.93	187.55	50.27	204.82	24.75	168.19	74.36	48.73	0	886.6
10.3693	0	0	0	0	0	0	0	0	123.75	182.71	47.85	201.63	24.75	168.19	77.33	48.73	0	874.94
10.3793	0	0	0	0	0	0	0	0	119.46	175.45	47.85	201.63	27.5	170.83	80.3	50.82	0	873.84
10.3893	0	0	0	0	0	0	0	0	117.37	170.61	50.27	198.44	27.5	173.47	86.35	50.82	0	874.83
10.3993	0	0	0	0	0	0	0	0	117.37	165.66	52.69	195.14	27.5	176.22	89.32	52.91	0	876.81
10.4093	0	0	0	0	0	0	0	0	117.37	163.13	55.11	191.95	30.25	178.86	95.26	52.91	0	884.84
10.4193	0	0	0	0	0	0	0	0	117.37	160.6	57.75	188.76	30.25	181.61	104.17	55.11	0	895.62
10.4293	0	0	0	0	0	0	0	0	117.37	158.07	60.5	188.76	35.75	187	113.08	59.95	0	920.48
10.4393	0	0	0	0	0	0	0	0	117.37	155.65	63.25	188.76	35.75	192.39	121.77	62.37	0	937.31
10.4493	0	0	0	0	0	0	0	0	113.3	150.59	63.25	191.95	38.5	200.42	127.6	64.9	0	950.51
10.4593	0	0	0	0	0	0	0	0	109.45	148.06	63.25	191.95	38.5	205.81	139.15	67.32	0	963.49
10.4693	0	0	0	0	0	0	0	0	103.73	140.58	60.5	195.14	41.25	213.84	147.84	69.74	0	972.62
10.4793	0	0	0	0	0	0	0	0	98.01	133.1	60.5	198.44	44	221.98	156.53	72.16	0	984.72
10.4893	0	0	0	0	0	0	0	0	92.29	128.04	55.11	201.63	44	227.48	168.3	74.69	0	991.54
10.4993	0	0	0	0	0	0	0	0	86.57	120.56	52.69	204.82	46.75	238.7	177.21	77.11	0	1004.41
10.5093	0	0	0	0	0	0	0	0	77	113.08	50.27	211.2	46.75	247.06	183.15	81.95	0	1010.46
10.5193	0	0	0	0	0	0	0	0	69.41	103.51	45.43	214.39	46.75	255.42	192.06	84.48	0	1011.45
10.5293	0	0	0	0	0	0	0	0	59.84	94.05	40.7	220.77	46.75	263.89	198.11	86.9	0	1011.01
10.5393	0	0	0	0	0	0	0	0	49.17	82.28	33.44	226.93	46.75	272.25	204.05	89.32	0	1004.19
10.5493	0	0	0	0	0	0	0	0	38.61	68.09	26.29	229.79	46.75	280.61	209.99	94.27	0	994.4
10.5593	0	0	0	0	0	0	0	0	31.57	51.59	19.14	232.76	46.75	283.47	215.93	94.27	0	975.48
10.5693	0	0	0	0	0	0	0	0	24.53	39.82	16.72	229.79	46.75	289.08	221.98	99.11	0	967.78
10.5793	0	0	0	0	0	0	0	0	21.01	28.05	11.88	224.07	44	291.94	227.59	101.53	0	950.07
10.5893	0	0	0	0	0	0	0	0	17.49	18.7	9.57	214.39	41.25	294.8	233.2	101.53	0	930.93
10.5993	0	0	0	0	0	0	0	0	13.97	9.35	4.73	198.44	38.5	297.55	238.92	104.06	0	905.52
10.6093	6.93	0	0	0	0	0	0	0	12.21	6.93	4.73	176	33	297.55	241.67	106.48	6.93	878.57
10.6193	16.17	0	0	0	0	0	0	0	12.21	4.62	0	156.97	30.25	300.41	244.53	106.48	16.17	855.47
10.6293	99.88	17.49	7.26	3.41	0	0	0	0	12.21	4.62	0	137.94	24.75	300.41	244.53	111.32	128.04	835.78
10.6393	241.45	46.75	26.62	15.51	6.27	7.81	0	0	10.45	0	0	115.94	19.25	300.41	241.67	116.05	344.41	803.77
10.6493	238.92	63.14	43.56	29.26	8.47	11.66	0	0	10.45	0	0	93.94	13.75	297.55	236.06	120.45	395.01	772.2
10.6593	244.09	93.94	69.85	43.01	14.74	19.47	2.97	0	8.69	0	0	75.02	11	289.08	227.59	127.16	488.07	738.54
10.6693	246.73	113.85	88.77	55.11	19.03	29.26	6.05	5.28	6.93	0	0	56.54	8.25	275	215.93	131.67	564.08	694.32
10.6793	259.6	122.21	102.96	67.43	21.12	35.09	10.67	10.56	5.17	0	0	42.35	5.5	252.67	198.11	136.18	629.64	639.98
10.6893	264.88	124.3	110	67.43	21.12	42.9	13.75	12.32	3.41	0	0	31.02	0	213.84	180.18	138.38	656.7	566.83
10.6993	264.88	124.3	117.37	69.63	23.21	50.71	19.8	14.08	0	0	0	16.94	0	170.83	153.67	140.58	683.98	482.02
10.7093	262.24	126.39	122.32	71.83	27.5	56.65	24.42	15.84	0	0	0	8.47	0	130.02	124.63	136.18	707.19	399.3
10.7192	264.88	128.48	127.27	71.83	29.59	63.03	28.93	17.6	0	0	0	5.61	0	97.35	101.2	122.76	731.61	326.92
10.7292	275.22	134.75	137.17	76.23	31.68	69.74	33.55	19.36	0	0	0	0	0	70.18	83.27	99.11	777.7	252.56
10.7392	285.45	138.93	147.07	78.43	33.88	74.25	38.17	21.12	0	0	0	0	0	49.83	71.39	74.69	817.3	195.91
10.7492	298.21	145.2	156.97	80.63	35.97	78.76	41.25	22.88	0	0	0	0	0	35.64	59.51	55.11	859.87	150.26
10.7592	305.91	149.38	164.34	85.03	38.06	80.96	44.22	24.64	0	0	0	0	0	26.07	48.73	40.26	892.54	115.06
10.7692	311.08	153.56	166.87	87.34	40.15	85.47	45.76	26.4	0	0	0	0	0	21.34	41.03	31.79	916.63	94.16
10.7792	311.08	155.65	169.29	91.74	40.15	87.67	47.3	28.27	0	0	0	0	0	16.61	30.8	23.21	931.15	70.62
10.7892	311.08	157.74	169.29	93.94	42.35	92.18	48.84	30.03	0	0	0	0	0	9.46	12.76	8.47	945.45	30.69
10.7992	308.44	157.74	169.29	96.14	42.35	92.18	50.38	30.03	0	0	0	0	0	4.73	0	0	946.55	4.73
10.8092	303.38	155.65	166.87	98.34	44.44	96.69	53.46	31.79	0	0	0	0	0	4.73	0	0	950.62	4.73
10.8192	295.68	153.56	166.87	98.34	44.44	96.69	55	31.79	0	0	0	0	0	0	0	0	942.37	0
10.8292	290.62	149.38	164.34	98.34	44.44	98.89	56.54	33.55	0	0	0	0	0	0	0	0	936.1	0
10.8392	280.39	143.11	161.92	96.14	46.53	98.89	58.3	35.31	0	0	0	0	0	0	0	0	920.59	0
10.8492	272.58	138.93	161.92	93.94	46.53	98.89	60.06	35.31	0	0	0	0	0	0	0	0	908.16	0
10.8592	264.88	132.66	159.39	91.74	46.53	98.89	61.93	35.31	0	0	0	0	0	0	0	0	891.33	0
10.8692	257.07	126.39	156.97	89.54	48.62	96.69	63.69	37.07	0	0	0	0	0	0	0	0	876.04	0
10.8792	251.9	122.21	154.44	87.34	48.62	96.69	63.69	37.07	0	0	0	0	0	0	0	0	861.96	0
10.8892	246.73	120.12	152.02	87.34	48.62	96.69	65.56	37.07	0	0	0	0	0	0	0	0	854.15	0
10.8992	244.09	115.94	152.02	87.34	50.82	96.69	65.56	37.07	0	0	0	0	0	0	0	0	849.53	0
10.9092	238.92	113.85	149.49	87.34	50.82	94.49	67.32	37.07	0	0	0	0	0	0	0	0	839.3	0
10.9192	233.75	109.34	147.07	85.03	50.82	96.69	69.19	38.83	0	0	0	0	0	0	0	0	830.72	0
10.9292	231.11	104.94	147.07	87.34	52.91	96.69	70.95	38.83	0	0	0	0	0	0	0	0	829.84	0
10.9392	223.41	102.74	144.54	87.34	52.91	96.69	72.82	38.83	0	0	0	0	0	0	0	0	819.28	0
10.9492	218.46	98.34	144.54	87.34	55	101.2	76.45	40.59	0	0	0	0	0	0	0	0	821.92	0
10.9592	211.2	96.14	142.12	89.54	55	103.4	80.08	40.59	0	0	0	0	0	0	0	0	818.07	0
10.9692	203.94	91.74	142.12	89.54	57.2	107.91	83.71	44.11	0	0	0	0	0	0	0	0	820.27	0
10.9792	196.68	89.54	139.59	91.74	59.4	112.42	87.23	44.11	0	0	0	0	0	0	0	0	820.71	0
10.9892	186.89	85.14	139.59	93.94	59.4	116.6	92.73	47.63	0	0	0	0	0	0	0	0	821.92	0
10.9992	179.63	82.94	134.64	98.34	61.71	122.98	96.36	49.39	0	0	0	0	0	0	0	0	825.99	0
11.0092	167.53	78.54	132.22	102.74	64.02	131.45	101.75	52.91	0	0	0	0	0	0	0	0	831.16	0
11.0192	155.21	74.14	127.27	107.14	66.33	139.92	109.01	56.54	0	0	0	0	0	0	0	0	835.56	0
11.0292	142.89	69.74	117.37	111.54	66.33	148.39	114.51	62.59	0	0	0	0	0	0	0	0	833.36	0
11.0392	130.57	65.34	110	118.25	68.64	158.95	120.45	68.64	0	0	0	0	0	0	0	0	840.84	0
11.0492	115.83	58.74	98.23	124.96	70.95	167.53	126.5	74.69	0	0	0	0	0	0	0	0	837.43	0
11.0592	102.08	52.58	88.77	129.47	70.95	178.53	134.64	86.79	0	0	0	0	0	0	0	0	843.81	0
11.0692	88.88	46.75	74.58	136.18	73.26	189.53	142.67	92.84	0	0	0	0	0	0	0	0	844.69	0
11.0792	73.37	38.94	62.81	140.69	73.26	200.64	150.7	100.87	0	0	0	0	0	0	0	0	841.28	0
11.0892	57.97	31.13	45.98	142.89	73.26	209.44	158.84	110.99	0	0	0	0	0	0	0	0	830.5	0
11.0992	44.11	25.3	33.88	145.09	73.26	216.04	166.87	119.35	0	0	0	0	0	0	0	0	823.9	0
11.1092	37.18	21.34	26.62	142.89	70.95	222.75	177.21	129.8	0	0	0	0	0	0	0	0	828.74	0
11.1192	32.45	17.49	24.2	138.38	68.64	227.15	183.37	140.25	0	0	0	0	0	0	0	0	831.93	0
11.1292	27.83	13.64	19.36	131.67	66.33	229.35	189.64	148.61	0	0	0	0	0	0	0	0	826.43	0
11.1392	23.21	9.68	16.94	122.76	59.4	229.35	193.71	154.88	0	0	0	0	0	0	0	0	809.93	0
11.1492	20.9	9.68	14.52	109.34	52.91	229.35	193.71	159.06	0	0	0	0	0	0	0	0	789.47	0
11.1592	18.59	9.68	14.52	96.14	46.53	231.55	191.62	165.33	0	0	0	0	0	0	0	0	773.96	0
11.1692	18.59	7.7	12.1	80.63	42.35	233.75	189.64	169.62	8.69	4.62	0	0	0	0	0	0	754.38	13.31
11.1792	18.59	7.7	12.1	67.43	33.88	233.75	181.28	176.44	24.53	16.39	0	0	0	0	0	0	731.17	40.92
11.1892	16.17	7.7	12.1	55.11	27.5	235.95	173.03	185.68	88.44	51.59	7.15	11.22	0	4.73	0	0	713.24	163.13
11.1992	16.17	5.83	9.68	44.77	21.12	231.55	162.8	192.61	138.49	89.32	16.72	31.02	0	14.19	5.06	0	684.53	294.8
11.2092	13.86	5.83	9.68	32.67	16.94	222.75	154.77	199.43	170.72	138.05	35.86	50.82	5.5	49.83	7.7	10.56	655.93	469.04
11.2192	9.24	3.85	9.68	24.09	10.56	202.84	144.65	204.05	217.03	182.71	63.25	68.75	8.25	70.18	25.63	16.94	608.96	652.74
11.2292	6.93	0	7.26	15.51	8.47	165.33	132.55	204.05	243.76	197.23	79.64	71.94	13.75	81.07	41.03	23.21	540.1	751.63
11.2392	0	0	7.26	8.58	6.27	122.98	110.88	201.74	238.81	194.81	79.64	71.94	13.75	83.82	48.73	25.41	457.71	756.91
11.2492	0	0	4.84	5.17	8.47	85.47	83.71	187.99	219.34	182.71	76.89	71.94	16.5	89.21	51.37	27.5	375.65	735.46
11.2592	0	0	0	0	8.47	58.63	63.69	154.88	207.79	177.87	76.89	71.94	16.5	94.6	59.51	29.59	285.67	734.69
11.2692	0	0	0	0	6.27	42.9	50.38	96.91	210.1	182.71	82.39	75.02	19.25	105.49	71.39	33.88	196.46	780.23
11.2792	0	0	0	0	4.18	31.24	41.25	60.5	224.07	192.39	93.28	78.21	22	116.38	83.27	38.06	137.17	847.66
11.2892	0	0	0	0	0	21.45	32.01	37.07	243.76	202.07	109.67	78.21	24.75	124.52	98.23	42.35	90.53	923.56
11.2992	0	0	0	0	0	15.62	24.42	26.4	265.87	209.33	120.78	81.29	27.5	130.02	110.22	46.53	66.44	991.54
11.3092	0	0	0	0	0	9.68	15.18	10.56	280.72	214.17	131.89	81.29	27.5	132.77	118.91	48.73	35.42	1035.98
11.3192	0	0	0	0	0	5.83	7.59	3.52	288.31	216.59	137.5	81.29	30.25	135.41	124.63	50.82	16.94	1064.8
11.3292	0	0	0	0	0	3.85	6.05	0	288.31	214.17	137.5	84.48	33	138.16	127.6	52.91	9.9	1076.13
11.3392	0	0	0	0	0	3.85	4.51	0	283.25	211.75	137.5	84.48	33	140.91	133.32	52.91	8.36	1077.12
11.3492	0	0	0	0	0	0	2.97	0	273.24	206.91	134.64	84.48	33	140.91	136.29	52.91	2.97	1062.38
11.3592	0	0	0	0	0	0	0	0	263.45	199.65	131.89	84.48	33	140.91	139.15	52.91	0	1045.44
11.3692	0	0	0	0	0	0	0	0	253.55	192.39	126.28	84.48	33	140.91	142.12	55.11	0	1027.84
11.3792	0	0	0	0	0	0	0	0	241.23	187.55	120.78	81.29	33	140.91	142.12	55.11	0	1001.99
11.3892	0	0	0	0	0	0	0	0	231.44	180.29	117.92	81.29	33	140.91	144.98	55.11	0	984.94
11.3992	0	0	0	0	0	0	0	0	217.03	173.03	112.42	81.29	35.75	140.91	147.84	57.53	0	965.8
11.4092	0	0	0	0	0	0	0	0	205.48	165.66	106.92	81.29	35.75	140.91	150.81	57.53	0	944.35
11.4192	0	0	0	0	0	0	0	0	193.82	158.07	104.17	84.48	35.75	140.91	150.81	57.53	0	925.54
11.4292	0	0	0	0	0	0	0	0	182.27	150.59	98.67	81.29	35.75	140.91	153.67	57.53	0	900.68
11.4392	0	0	0	0	0	0	0	0	173.03	145.64	96.03	84.48	38.5	143.66	159.5	59.95	0	900.79
11.4492	0	0	0	0	0	0	0	0	161.81	140.58	90.53	84.48	38.5	146.3	162.36	59.95	0	884.51
11.4592	0	0	0	0	0	0	0	0	155.43	133.1	87.78	87.56	38.5	149.05	168.3	62.37	0	882.09
11.4692	0	0	0	0	0	0	0	0	149.16	130.57	85.03	87.56	41.25	151.8	171.27	62.37	0	879.01
11.4792	0	0	0	0	0	0	0	0	142.78	125.51	85.03	87.56	41.25	154.55	177.21	64.9	0	878.79
11.4892	0	0	0	0	0	0	0	0	136.4	120.56	82.39	90.75	44	157.19	186.12	67.32	0	884.73
11.4992	0	0	0	0	0	0	0	0	130.02	118.03	79.64	93.94	46.75	162.69	195.14	69.74	0	895.95
11.5092	0	0	0	0	0	0	0	0	121.55	113.08	76.89	97.02	46.75	170.83	204.05	72.16	0	902.33
11.5192	0	0	0	0	0	0	0	0	113.3	108.24	74.14	103.29	49.5	176.22	212.96	74.69	0	912.34
11.5292	0	0	0	0	0	0	0	0	105.71	103.51	71.39	106.48	49.5	184.25	221.98	79.53	0	922.35
11.5392	0	0	0	0	0	0	0	0	98.01	98.78	68.75	112.75	52.25	192.39	230.45	84.48	0	937.86
11.5492	0	0	0	0	0	0	0	0	90.42	94.05	63.25	119.02	55.11	200.42	238.92	86.9	0	948.09
11.5592	0	0	0	0	0	0	0	0	82.72	89.32	57.75	122.21	55.11	208.45	247.39	91.74	0	954.69
11.5692	0	0	0	0	0	0	0	0	75.13	82.28	52.69	128.48	58.08	216.59	255.86	94.27	0	963.38
11.5792	0	0	0	0	0	0	0	0	65.56	77.55	47.85	134.86	58.08	221.98	261.47	96.69	0	964.04
11.5892	0	0	0	0	0	0	0	0	54.45	70.4	43.12	141.13	58.08	230.34	267.19	101.53	0	966.24
11.5992	0	0	0	0	0	0	0	0	45.65	60.94	35.86	147.51	58.08	238.7	272.8	104.06	0	963.6
11.6092	0	0	0	0	0	0	0	0	36.85	51.59	28.71	153.78	58.08	247.06	278.52	108.9	0	963.49
11.6192	0	0	0	0	0	0	0	0	29.81	39.82	21.56	160.05	58.08	255.42	281.49	111.32	0	957.55
11.6292	0	0	0	0	0	0	0	0	24.53	28.05	16.72	163.24	55.11	261.03	284.46	113.85	0	946.99
11.6392	0	0	0	0	0	0	0	0	21.01	21.01	11.88	160.05	52.25	266.64	287.43	116.05	0	936.32
11.6492	0	0	0	0	0	0	0	0	19.25	11.66	9.57	150.59	49.5	272.25	290.4	118.25	0	921.47
11.6592	0	0	0	0	0	0	0	0	15.73	4.62	7.15	141.13	44	275	293.37	120.45	0	901.45
11.6692	4.62	0	0	0	0	0	0	0	13.97	0	4.73	128.48	38.5	280.61	290.4	124.96	4.62	881.65
11.6792	13.86	0	0	0	0	0	0	0	12.21	0	4.73	112.75	33	283.47	287.43	129.47	13.86	863.06
11.6892	27.83	0	0	0	0	0	0	0	12.21	0	0	100.21	27.5	289.08	281.49	133.87	27.83	844.36
11.6992	118.36	19.47	9.68	5.17	0	3.85	0	0	10.45	0	0	87.56	22	294.8	272.8	138.38	156.53	825.99
11.7092	231.11	40.92	26.62	11.99	6.27	7.81	2.97	0	10.45	0	0	71.94	16.5	294.8	264.33	142.89	327.69	800.91
11.7192	233.75	56.54	41.14	22.33	8.47	9.68	0	0	8.69	0	0	53.68	11	294.8	253	149.6	371.91	770.77
11.7292	246.73	85.14	65.12	32.67	12.65	17.49	4.51	5.28	8.69	0	0	39.6	8.25	283.47	241.67	154	469.59	735.68
11.7392	249.26	104.94	84.04	44.77	16.94	25.3	6.05	8.8	6.93	0	0	31.02	5.5	263.89	227.59	158.51	540.1	693.44
11.7492	257.07	113.85	95.81	56.87	19.03	33.22	12.21	14.08	5.17	0	0	19.8	0	230.34	207.02	163.02	602.14	625.35
11.7592	264.88	115.94	107.69	56.87	21.12	37.07	15.18	15.84	3.41	0	0	11.22	0	189.64	183.15	163.02	634.59	550.44
11.7692	262.24	113.85	112.42	58.63	25.41	46.86	22.88	19.36	0	0	0	5.61	0	149.05	159.5	160.71	661.65	474.87
11.7792	259.6	113.85	119.79	56.87	27.5	52.69	30.47	21.12	0	0	0	0	0	113.63	133.32	149.6	681.89	396.55
11.7892	267.41	115.94	129.69	56.87	31.68	58.63	38.17	22.88	0	0	0	0	0	83.82	110.22	131.67	721.27	325.71
11.7992	277.86	118.03	144.54	55.11	35.97	63.03	44.22	26.4	0	0	0	0	0	59.4	89.32	106.48	765.16	255.2
11.8092	295.68	120.12	161.92	55.11	38.06	67.54	48.84	28.27	0	0	0	0	0	42.68	74.36	81.95	815.54	198.99
11.8192	311.08	122.21	179.3	55.11	40.15	69.74	53.46	31.79	0	0	0	0	0	30.8	56.54	57.53	862.84	144.87
11.8292	318.67	124.3	191.84	55.11	42.35	74.25	56.54	35.31	0	0	0	0	0	21.34	46.2	40.26	898.37	107.8
11.8392	323.84	124.3	199.32	56.87	44.44	76.56	60.06	37.07	0	0	0	0	0	16.61	33.33	29.59	922.46	79.53
11.8492	321.31	126.39	201.85	58.63	44.44	80.96	63.69	40.59	0	0	0	0	0	9.46	17.93	12.65	937.86	40.04
11.8592	316.14	126.39	201.85	60.83	46.53	83.27	67.32	40.59	0	0	0	0	0	7.04	7.7	8.47	942.92	23.21
11.8692	311.08	126.39	196.79	65.23	46.53	87.67	69.19	44.11	0	0	0	0	0	4.73	5.06	6.27	946.99	16.06
11.8792	300.85	126.39	191.84	69.63	48.62	92.18	72.82	44.11	0	0	0	0	0	0	5.06	4.18	946.44	9.24
11.8892	290.62	124.3	186.78	74.03	48.62	96.69	74.58	45.87	0	0	0	0	0	0	0	4.18	941.49	4.18
11.8992	277.86	122.21	179.3	78.43	50.82	101.2	76.45	49.39	0	0	0	0	0	0	0	0	935.66	0
11.9092	264.88	118.03	171.82	82.83	50.82	105.6	78.21	49.39	0	0	0	0	0	0	0	0	921.58	0
11.9192	249.26	115.94	164.34	85.03	50.82	107.91	78.21	51.15	0	0	0	0	0	0	0	0	902.66	0
11.9292	238.92	111.54	156.97	89.54	50.82	112.42	80.08	51.15	0	0	0	0	0	0	0	0	891.44	0
11.9392	225.94	107.14	149.49	93.94	50.82	116.6	81.84	52.91	0	0	0	0	0	0	0	0	878.68	0
11.9492	213.62	104.94	142.12	100.54	52.91	118.69	80.08	52.91	0	0	0	0	0	0	0	0	865.81	0
11.9592	199.1	102.74	134.64	107.14	50.82	122.98	80.08	54.67	0	0	0	0	0	0	0	0	852.17	0
11.9692	186.89	98.34	124.74	113.85	52.91	127.16	80.08	56.54	0	0	0	0	0	0	0	0	840.51	0
11.9792	174.79	93.94	117.37	120.56	50.82	131.45	80.08	56.54	0	0	0	0	0	0	0	0	825.55	0
11.9892	162.58	89.54	110	124.96	50.82	137.72	81.84	56.54	0	0	0	0	0	0	0	0	814	0
11.9992	152.68	85.14	102.96	129.47	50.82	142.01	81.84	58.52	0	0	0	0	0	0	0	0	803.44	0
12.0092	142.89	80.74	98.23	133.98	52.91	146.19	85.47	60.5	0	0	0	0	0	0	0	0	800.91	0
12.0192	130.57	76.34	91.08	138.38	52.91	152.57	87.23	62.59	0	0	0	0	0	0	0	0	791.67	0
12.0292	120.78	71.94	86.35	142.89	52.91	156.86	89.1	66.55	0	0	0	0	0	0	0	0	787.38	0
12.0392	110.99	65.34	79.31	145.09	55	163.13	92.73	68.64	0	0	0	0	0	0	0	0	780.23	0
12.0492	99.88	60.94	74.58	149.6	55	169.73	96.36	72.6	0	0	0	0	0	0	0	0	778.69	0
12.0592	93.28	54.56	67.54	151.8	57.2	174.13	99.99	76.67	0	0	0	0	0	0	0	0	775.17	0
12.0692	84.48	50.6	60.39	154.11	57.2	180.73	105.38	86.79	0	0	0	0	0	0	0	0	779.68	0
12.0792	73.37	44.77	55.77	156.31	59.4	185.13	109.01	92.84	0	0	0	0	0	0	0	0	776.6	0
12.0892	64.57	38.94	48.4	158.51	59.4	194.04	112.64	98.89	0	0	0	0	0	0	0	0	775.39	0
12.0992	53.35	33.11	38.72	158.51	59.4	198.44	118.47	109.01	0	0	0	0	0	0	0	0	769.01	0
12.1092	44.11	29.15	31.46	160.82	59.4	205.04	124.52	117.26	0	0	0	0	0	0	0	0	771.76	0
12.1192	37.18	23.32	26.62	160.82	59.4	211.64	132.55	125.62	0	0	0	0	0	0	0	0	777.15	0
12.1292	32.45	21.34	24.2	160.82	59.4	218.24	138.6	133.98	0	0	0	0	0	0	0	0	789.03	0
12.1392	30.14	17.49	21.78	158.51	59.4	222.75	144.65	146.52	0	0	0	0	0	0	0	0	801.24	0
12.1491	27.83	15.51	19.36	156.31	57.2	227.15	150.7	154.88	0	0	0	0	0	0	0	0	808.94	0
12.1591	25.52	11.66	16.94	154.11	57.2	231.55	154.77	163.24	0	0	0	0	0	0	0	0	814.99	0
12.1691	23.21	11.66	16.94	147.4	55	233.75	158.84	169.62	0	0	0	0	0	0	0	0	816.42	0
12.1791	20.9	9.68	14.52	138.38	50.82	235.95	160.82	176.44	0	0	0	0	0	0	0	0	807.51	0
12.1891	20.9	9.68	14.52	127.27	46.53	235.95	162.8	181.06	0	0	0	0	0	0	0	0	798.71	0
12.1991	18.59	9.68	12.1	113.85	42.35	235.95	162.8	187.99	0	0	0	0	0	0	0	0	783.31	0
12.2091	18.59	7.7	12.1	100.54	38.06	235.95	162.8	192.61	0	0	0	0	0	0	0	0	768.35	0
12.2191	16.17	7.7	12.1	85.03	33.88	235.95	162.8	197.23	0	0	0	0	0	0	0	0	750.86	0
12.2291	16.17	7.7	12.1	69.63	29.59	233.75	160.82	199.43	6.93	0	0	0	0	0	0	0	729.19	6.93
12.2391	13.86	5.83	9.68	56.87	25.41	231.55	158.84	204.05	19.25	13.97	0	0	0	0	0	0	706.09	33.22
12.2491	13.86	5.83	9.68	44.77	21.12	227.15	156.75	206.36	92.29	51.59	4.73	11.22	0	7.04	0	0	685.52	166.87
12.2591	11.55	3.85	9.68	34.43	16.94	218.24	154.77	210.98	161.81	105.93	14.3	25.41	0	14.19	0	0	660.44	321.64
12.2691	9.24	3.85	7.26	25.85	12.65	202.84	150.7	213.29	189.2	163.13	31.13	62.48	5.5	35.64	0	6.27	625.68	493.35
12.2791	6.93	0	7.26	18.92	10.56	174.13	140.69	213.29	228.91	211.75	55.11	84.48	8.25	67.54	10.23	12.65	571.78	678.92
12.2891	0	0	7.26	13.75	8.47	137.72	122.54	210.98	260.92	233.53	74.14	93.94	11	83.82	25.63	21.12	500.72	804.1
12.2991	0	0	4.84	8.58	8.47	101.2	96.36	199.43	258.5	231.11	76.89	93.94	13.75	89.21	35.97	23.21	418.88	822.58
12.3091	0	0	0	5.17	8.47	72.05	70.95	171.82	241.23	221.43	79.64	93.94	13.75	94.6	46.2	27.5	328.46	818.29
12.3191	0	0	0	0	8.47	50.71	55	119.35	233.86	219.01	79.64	93.94	16.5	102.74	51.37	29.59	233.53	826.65
12.3291	0	0	0	0	6.27	37.07	44.22	72.6	238.81	223.85	87.78	97.02	16.5	113.63	59.51	33.88	160.16	870.98
12.3391	0	0	0	0	0	27.28	36.63	49.39	253.55	233.53	98.67	100.21	19.25	121.88	71.39	35.97	113.3	934.45
12.3491	0	0	0	0	0	19.47	28.93	30.03	268.4	238.37	112.42	103.29	22	130.02	80.3	40.26	78.43	995.06
12.3591	0	0	0	0	0	13.64	21.34	17.6	280.72	240.79	120.78	103.29	22	135.41	89.32	42.35	52.58	1034.66
12.3691	0	0	0	0	0	9.68	12.21	7.04	283.25	240.79	126.28	103.29	24.75	138.16	95.26	46.53	28.93	1058.31
12.3791	0	0	0	0	0	5.83	7.59	3.52	278.19	240.79	129.14	106.48	27.5	143.66	101.2	48.73	16.94	1075.69
12.3891	0	0	0	0	0	5.83	6.05	3.52	273.24	238.37	129.14	109.56	27.5	149.05	107.14	50.82	15.4	1084.82
12.3991	0	0	0	0	0	3.85	6.05	3.52	260.92	231.11	126.28	109.56	27.5	151.8	110.22	50.82	13.42	1068.21
12.4091	0	0	0	0	0	3.85	4.51	3.52	246.18	223.85	120.78	109.56	27.5	154.55	115.94	52.91	11.88	1051.27
12.4191	0	0	0	0	0	0	2.97	0	231.44	214.17	117.92	109.56	27.5	154.55	118.91	55.11	2.97	1029.16
12.4291	0	0	0	0	0	0	0	0	219.34	206.91	112.42	109.56	30.25	157.19	121.77	55.11	0	1012.55
12.4391	0	0	0	0	0	0	0	0	205.48	197.23	109.67	109.56	30.25	157.19	121.77	57.53	0	988.68
12.4491	0	0	0	0	0	0	0	0	193.82	189.97	104.17	112.75	30.25	157.19	124.63	57.53	0	970.31
12.4591	0	0	0	0	0	0	0	0	182.27	180.29	98.67	112.75	33	157.19	127.6	57.53	0	949.3
12.4691	0	0	0	0	0	0	0	0	170.72	173.03	93.28	112.75	33	157.19	127.6	59.95	0	927.52
12.4791	0	0	0	0	0	0	0	0	159.72	165.66	87.78	112.75	33	159.94	130.46	59.95	0	909.26
12.4891	0	0	0	0	0	0	0	0	153.34	160.6	85.03	115.94	33	159.94	130.46	59.95	0	898.26
12.4991	0	0	0	0	0	0	0	0	144.87	153.12	82.39	115.94	33	162.69	133.32	59.95	0	885.28
12.5091	0	0	0	0	0	0	0	0	138.49	148.06	79.64	119.02	33	165.44	133.32	62.37	0	879.34
12.5191	0	0	0	0	0	0	0	0	132.22	143.11	76.89	122.21	35.75	168.19	136.29	62.37	0	877.03
12.5291	0	0	0	0	0	0	0	0	127.93	140.58	76.89	122.21	35.75	170.83	142.12	62.37	0	878.68
12.5391	0	0	0	0	0	0	0	0	121.55	135.52	74.14	125.4	38.5	173.47	144.98	64.9	0	878.46
12.5491	0	0	0	0	0	0	0	0	121.55	133.1	74.14	128.48	38.5	176.22	150.81	67.32	0	890.12
12.5591	0	0	0	0	0	0	0	0	115.28	130.57	74.14	131.67	41.25	181.61	156.53	69.74	0	900.79
12.5691	0	0	0	0	0	0	0	0	113.3	128.04	71.39	137.94	41.25	189.64	162.36	72.16	0	916.08
12.5791	0	0	0	0	0	0	0	0	107.58	125.51	68.75	144.32	44	195.03	171.27	74.69	0	931.15
12.5891	0	0	0	0	0	0	0	0	99.99	120.56	66	147.51	44	203.06	177.21	77.11	0	935.44
12.5991	0	0	0	0	0	0	0	0	94.16	115.5	60.5	153.78	46.75	211.2	186.12	79.53	0	947.54
12.6091	0	0	0	0	0	0	0	0	86.57	108.24	57.75	160.05	46.75	216.59	192.06	81.95	0	949.96
12.6191	0	0	0	0	0	0	0	0	78.98	101.2	52.69	166.43	46.75	224.73	198.11	84.48	0	953.37
12.6291	0	0	0	0	0	0	0	0	71.28	96.47	50.27	172.81	46.75	233.09	204.05	89.32	0	964.04
12.6391	0	0	0	0	0	0	0	0	63.69	89.32	45.43	179.19	49.5	241.45	209.99	91.74	0	970.31
12.6491	0	0	0	0	0	0	0	0	54.45	79.86	40.7	185.57	49.5	249.92	218.9	94.27	0	973.17
12.6591	0	0	0	0	0	0	0	0	45.65	70.4	33.44	188.76	49.5	255.42	227.59	96.69	0	967.45
12.6691	0	0	0	0	0	0	0	0	36.85	58.63	26.29	191.95	49.5	263.89	233.2	99.11	0	959.42
12.6791	0	0	0	0	0	0	0	0	31.57	46.86	21.56	198.44	52.25	269.39	241.67	101.53	0	963.27
12.6891	0	0	0	0	0	0	0	0	26.29	35.09	16.72	201.63	52.25	277.86	247.39	106.48	0	963.71
12.6991	0	0	0	0	0	0	0	0	22.77	28.05	14.3	201.63	49.5	283.47	253	106.48	0	959.2
12.7091	0	0	0	0	0	0	0	0	19.25	18.7	9.57	195.14	49.5	289.08	255.86	111.32	0	948.42
12.7191	0	0	0	0	0	0	0	0	15.73	9.35	7.15	185.57	44	291.94	258.72	113.85	0	926.31
12.7291	6.93	0	0	0	0	0	0	0	13.97	4.62	4.73	169.62	41.25	297.55	261.47	116.05	6.93	909.26
12.7391	18.59	0	0	0	0	0	0	0	12.21	4.62	0	150.59	35.75	300.41	261.47	120.45	18.59	885.5
12.7491	68.97	5.83	0	0	0	0	0	0	12.21	4.62	0	128.48	27.5	303.27	258.72	124.96	74.8	859.76
12.7591	203.94	33.11	21.78	8.58	4.18	5.83	0	0	12.21	0	0	106.48	22	306.02	255.86	131.67	277.42	834.24
12.7691	223.41	50.6	36.3	15.51	6.27	7.81	0	0	10.45	0	0	84.48	16.5	306.02	250.14	136.18	339.9	803.77
12.7791	233.75	80.74	62.81	32.67	12.65	15.62	2.97	0	8.69	0	0	62.48	11	297.55	241.67	142.89	441.21	764.28
12.7891	244.09	104.94	86.35	44.77	16.94	25.3	6.05	5.28	8.69	0	0	45.21	8.25	280.61	233.2	147.29	533.72	723.25
12.7991	249.26	118.03	100.54	60.83	19.03	33.22	10.67	10.56	6.93	0	0	31.02	5.5	255.42	221.98	151.8	602.14	672.65
12.8091	262.24	122.21	110	63.03	21.12	41.03	15.18	10.56	5.17	0	0	22.55	0	211.2	204.05	151.8	645.37	594.77
12.8191	259.6	122.21	117.37	63.03	23.21	48.84	19.8	12.32	0	0	0	11.22	0	168.19	177.21	151.8	666.38	508.42
12.8291	259.6	122.21	122.32	63.03	25.41	54.67	24.42	14.08	0	0	0	5.61	0	130.02	147.84	145.09	685.74	428.56
12.8391	262.24	126.39	129.69	65.23	27.5	60.83	28.93	15.84	0	0	0	0	0	97.35	118.91	131.67	716.65	347.93
12.8491	272.58	128.48	139.59	65.23	29.59	65.34	33.55	17.6	0	0	0	0	0	67.54	95.26	108.9	751.96	271.7
12.8591	285.45	134.75	152.02	67.43	31.68	69.74	38.17	19.36	0	0	0	0	0	49.83	77.33	81.95	798.6	209.11
12.8691	300.85	138.93	164.34	69.63	33.88	74.25	41.25	22.88	0	0	0	0	0	35.64	65.45	59.95	846.01	161.04
12.8791	311.08	143.11	174.24	71.83	35.97	78.76	42.68	24.64	0	0	0	0	0	23.65	53.9	40.26	882.31	117.81
12.8891	316.14	145.2	181.83	74.03	38.06	80.96	44.22	24.64	0	0	0	0	0	18.92	43.67	33.88	905.08	96.47
12.8991	316.14	147.29	184.25	78.43	38.06	85.47	45.76	26.4	0	0	0	0	0	14.19	28.27	21.12	921.8	63.58
12.9091	313.61	149.38	184.25	80.63	38.06	87.67	47.3	28.27	0	0	0	0	0	7.04	12.76	6.27	929.17	26.07
12.9191	311.08	149.38	184.25	85.03	40.15	89.98	50.38	28.27	0	0	0	0	0	4.73	5.06	4.18	938.52	13.97
12.9291	305.91	149.38	179.3	87.34	40.15	94.49	51.92	30.03	0	0	0	0	0	0	5.06	4.18	938.52	9.24
12.9391	295.68	149.38	174.24	91.74	42.35	96.69	53.46	31.79	0	0	0	0	0	0	0	0	935.33	0
12.9491	287.98	145.2	169.29	93.94	42.35	98.89	53.46	31.79	0	0	0	0	0	0	0	0	922.9	0
12.9591	277.86	143.11	164.34	96.14	42.35	101.2	55	33.55	0	0	0	0	0	0	0	0	913.55	0
12.9691	264.88	138.93	156.97	100.54	42.35	101.2	55	33.55	0	0	0	0	0	0	0	0	893.42	0
12.9791	254.43	134.75	149.49	100.54	44.44	103.4	56.54	33.55	0	0	0	0	0	0	0	0	877.14	0
12.9891	241.45	130.57	144.54	102.74	44.44	103.4	56.54	33.55	0	0	0	0	0	0	0	0	857.23	0
12.9991	231.11	126.39	137.17	104.94	44.44	105.6	58.3	35.31	0	0	0	0	0	0	0	0	843.26	0
13.0091	218.46	122.21	132.22	107.14	46.53	107.91	58.3	35.31	0	0	0	0	0	0	0	0	828.08	0
13.0191	208.78	118.03	127.27	109.34	46.53	110.11	60.06	35.31	0	0	0	0	0	0	0	0	815.43	0
13.0291	201.52	113.85	122.32	111.54	46.53	112.42	61.93	37.07	0	0	0	0	0	0	0	0	807.18	0
13.0391	191.73	111.54	119.79	116.05	48.62	114.51	63.69	37.07	0	0	0	0	0	0	0	0	803	0
13.0491	184.47	107.14	114.84	118.25	48.62	118.69	67.32	38.83	0	0	0	0	0	0	0	0	798.16	0
13.0591	174.79	102.74	112.42	120.56	48.62	120.78	69.19	38.83	0	0	0	0	0	0	0	0	787.93	0
13.0691	167.53	98.34	110	124.96	50.82	127.16	70.95	42.35	0	0	0	0	0	0	0	0	792.11	0
13.0791	157.63	93.94	107.69	129.47	50.82	133.54	74.58	44.11	0	0	0	0	0	0	0	0	791.78	0
13.0891	150.26	89.54	102.96	133.98	52.91	139.92	78.21	45.87	0	0	0	0	0	0	0	0	793.65	0
13.0991	140.47	85.14	100.54	138.38	52.91	146.19	83.71	49.39	0	0	0	0	0	0	0	0	796.73	0
13.1091	130.57	80.74	95.81	142.89	55	154.66	87.23	51.15	0	0	0	0	0	0	0	0	798.05	0
13.1191	120.78	76.34	91.08	147.4	57.2	161.04	92.73	56.54	0	0	0	0	0	0	0	0	803.11	0
13.1291	108.68	69.74	84.04	151.8	59.4	169.73	96.36	60.5	0	0	0	0	0	0	0	0	800.25	0
13.1391	99.88	63.14	77	156.31	59.4	178.53	101.75	66.55	0	0	0	0	0	0	0	0	802.56	0
13.1491	88.88	56.54	69.85	160.82	61.71	187.33	107.25	72.6	0	0	0	0	0	0	0	0	804.98	0
13.1591	77.77	50.6	60.39	165.33	61.71	196.24	112.64	78.65	0	0	0	0	0	0	0	0	803.33	0
13.1691	66.77	44.77	48.4	169.95	61.71	205.04	118.47	90.86	0	0	0	0	0	0	0	0	805.97	0
13.1791	55.77	36.96	38.72	174.68	64.02	213.84	126.5	98.89	0	0	0	0	0	0	0	0	809.38	0
13.1891	41.8	29.15	31.46	177.1	64.02	220.55	132.55	109.01	0	0	0	0	0	0	0	0	805.64	0
13.1991	37.18	25.3	26.62	179.41	64.02	229.35	140.69	117.26	0	0	0	0	0	0	0	0	819.83	0
13.2091	32.45	21.34	21.78	177.1	64.02	235.95	146.74	127.71	0	0	0	0	0	0	0	0	827.09	0
13.2191	30.14	17.49	19.36	174.68	61.71	240.35	152.79	136.07	0	0	0	0	0	0	0	0	832.59	0
13.2291	25.52	13.64	16.94	167.64	57.2	244.75	156.75	146.52	0	0	0	0	0	0	0	0	828.96	0
13.2391	23.21	11.66	14.52	156.31	55	246.95	158.84	154.88	0	0	0	0	0	0	0	0	821.37	0
13.2491	20.9	11.66	14.52	145.09	50.82	244.75	158.84	159.06	0	0	0	0	0	0	0	0	805.64	0
13.2591	20.9	9.68	12.1	127.27	44.44	246.95	158.84	165.33	0	0	0	0	0	0	0	0	785.51	0
13.2691	20.9	9.68	12.1	111.54	38.06	246.95	154.77	169.62	0	0	0	0	0	0	0	0	763.62	0
13.2791	18.59	9.68	12.1	93.94	33.88	246.95	150.7	171.82	3.41	0	0	0	0	0	0	0	737.66	3.41
13.2891	16.17	7.7	9.68	76.23	27.5	244.75	146.74	176.44	10.45	9.35	0	0	0	0	0	0	705.21	19.8
13.2991	16.17	7.7	9.68	63.03	23.21	244.75	140.69	183.37	29.81	23.43	0	8.47	0	0	0	0	688.6	61.71
13.3091	13.86	5.83	9.68	49.94	16.94	240.35	134.64	190.3	121.55	77.55	9.57	22.55	0	11.88	0	0	661.54	243.1
13.3191	11.55	5.83	9.68	37.84	12.65	229.35	128.59	194.92	175.34	130.57	23.87	56.54	5.5	33.22	0	4.18	630.41	429.22
13.3291	9.24	3.85	7.26	27.5	10.56	207.24	120.45	197.23	214.72	175.45	45.43	81.29	8.25	67.54	7.7	14.74	583.33	615.12
13.3391	6.93	3.85	7.26	20.68	8.47	169.73	110.88	197.23	248.6	204.49	68.75	93.94	11	83.82	25.63	21.12	525.03	757.35
13.3491	0	0	4.84	13.75	6.27	125.07	94.49	192.61	263.45	209.33	76.89	97.02	13.75	91.96	41.03	27.5	437.03	820.93
13.3591	0	0	4.84	8.58	6.27	87.67	74.58	176.44	256.08	204.49	79.64	93.94	13.75	97.35	48.73	27.5	358.38	821.48
13.3691	0	0	0	5.17	8.47	58.63	58.3	136.07	246.18	199.65	82.39	93.94	16.5	105.49	56.54	31.79	266.64	832.48
13.3791	0	0	0	0	6.27	42.9	47.3	84.81	248.6	204.49	90.53	93.94	19.25	113.63	68.42	35.97	181.28	874.83
13.3891	0	0	0	0	0	31.24	38.17	54.67	258.5	211.75	98.67	97.02	19.25	124.52	80.3	40.26	124.08	930.27
13.3991	0	0	0	0	0	23.43	30.47	33.55	273.24	219.01	109.67	100.21	22	132.77	92.29	42.35	87.45	991.54
13.4091	0	0	0	0	0	15.62	24.42	22.88	285.78	223.85	120.78	100.21	22	140.91	104.17	44.44	62.92	1042.14
13.4191	0	0	0	0	0	11.66	13.75	10.56	293.48	226.27	126.28	103.29	24.75	146.3	113.08	48.73	35.97	1082.18
13.4291	0	0	0	0	0	7.81	7.59	3.52	293.48	228.69	129.14	106.48	24.75	151.8	118.91	50.82	18.92	1104.07
13.4391	0	0	0	0	0	5.83	4.51	3.52	288.31	228.69	129.14	109.56	27.5	154.55	121.77	50.82	13.86	1110.34
13.4491	0	0	0	0	0	3.85	2.97	3.52	280.72	226.27	126.28	109.56	27.5	159.94	127.6	52.91	10.34	1110.78
13.4591	0	0	0	0	0	0	2.97	0	265.87	219.01	120.78	109.56	27.5	159.94	127.6	52.91	2.97	1083.17
13.4691	0	0	0	0	0	0	0	0	253.55	211.75	115.17	109.56	27.5	159.94	130.46	52.91	0	1060.84
13.4791	0	0	0	0	0	0	0	0	236.28	202.07	109.67	109.56	30.25	159.94	130.46	55.11	0	1033.34
13.4891	0	0	0	0	0	0	0	0	221.65	194.81	101.42	109.56	27.5	159.94	133.32	55.11	0	1003.31
13.4991	0	0	0	0	0	0	0	0	207.79	185.13	96.03	109.56	30.25	157.19	133.32	55.11	0	974.38
13.5091	0	0	0	0	0	0	0	0	193.82	175.45	90.53	109.56	30.25	157.19	133.32	55.11	0	945.23
13.5191	0	0	0	0	0	0	0	0	179.96	165.66	85.03	109.56	30.25	157.19	133.32	55.11	0	916.08
13.5291	0	0	0	0	0	0	0	0	168.41	158.07	82.39	109.56	30.25	154.55	136.29	55.11	0	894.63
13.5391	0	0	0	0	0	0	0	0	159.72	150.59	79.64	109.56	30.25	157.19	136.29	55.11	0	878.35
13.5491	0	0	0	0	0	0	0	0	151.25	143.11	74.14	109.56	33	157.19	139.15	55.11	0	862.51
13.5591	0	0	0	0	0	0	0	0	144.87	138.05	74.14	109.56	33	157.19	142.12	57.53	0	856.46
13.5691	0	0	0	0	0	0	0	0	140.69	135.52	74.14	109.56	33	159.94	144.98	57.53	0	855.36
13.5790	0	0	0	0	0	0	0	0	138.49	130.57	74.14	112.75	33	162.69	150.81	59.95	0	862.4
13.5890	0	0	0	0	0	0	0	0	136.4	128.04	74.14	112.75	35.75	165.44	153.67	59.95	0	866.14
13.5990	0	0	0	0	0	0	0	0	134.31	125.51	74.14	112.75	35.75	168.19	162.36	62.37	0	875.38
13.6090	0	0	0	0	0	0	0	0	132.22	123.09	76.89	115.94	38.5	170.83	168.3	64.9	0	890.67
13.6190	0	0	0	0	0	0	0	0	127.93	123.09	74.14	119.02	41.25	176.22	174.24	67.32	0	903.21
13.6290	0	0	0	0	0	0	0	0	123.75	120.56	74.14	122.21	41.25	181.61	180.18	69.74	0	913.44
13.6390	0	0	0	0	0	0	0	0	119.46	115.5	74.14	128.48	44	189.64	189.09	72.16	0	932.47
13.6490	0	0	0	0	0	0	0	0	113.3	113.08	71.39	131.67	46.75	195.03	198.11	74.69	0	944.02
13.6590	0	0	0	0	0	0	0	0	105.71	108.24	68.75	137.94	46.75	203.06	209.99	79.53	0	959.97
13.6690	0	0	0	0	0	0	0	0	99.99	103.51	63.25	141.13	49.5	211.2	218.9	81.95	0	969.43
13.6790	0	0	0	0	0	0	0	0	92.29	98.78	60.5	144.32	49.5	219.23	227.59	84.48	0	976.69
13.6890	0	0	0	0	0	0	0	0	84.7	91.74	55.11	150.59	52.25	227.48	238.92	86.9	0	987.69
13.6990	0	0	0	0	0	0	0	0	75.13	84.59	50.27	153.78	52.25	235.95	247.39	89.32	0	988.68
13.7090	0	0	0	0	0	0	0	0	63.69	75.13	45.43	160.05	55.11	241.45	255.86	94.27	0	990.99
13.7190	0	0	0	0	0	0	0	0	50.93	65.67	38.28	163.24	58.08	247.06	264.33	96.69	0	984.28
13.7290	0	0	0	0	0	0	0	0	38.61	51.59	28.71	166.43	58.08	252.67	269.94	99.11	0	965.14
13.7390	0	0	0	0	0	0	0	0	29.81	37.51	21.56	169.62	55.11	258.28	275.66	101.53	0	949.08
13.7490	0	0	0	0	0	0	0	0	26.29	28.05	16.72	169.62	55.11	266.64	278.52	106.48	0	947.43
13.7590	0	0	0	0	0	0	0	0	22.77	18.7	14.3	169.62	52.25	269.39	281.49	106.48	0	935
13.7690	0	0	0	0	0	0	0	0	19.25	11.66	9.57	160.05	49.5	275	281.49	108.9	0	915.42
13.7790	9.24	0	0	0	0	0	0	0	13.97	4.62	4.73	150.59	44	277.86	281.49	111.32	9.24	888.58
13.7890	23.21	0	0	0	0	0	0	0	13.97	4.62	4.73	134.86	38.5	280.61	281.49	113.85	23.21	872.63
13.7990	84.48	5.83	0	0	0	0	0	0	12.21	0	0	115.94	33	283.47	281.49	118.25	90.31	844.36
13.8090	233.75	27.28	19.36	8.58	0	5.83	0	0	12.21	0	0	97.02	24.75	283.47	278.52	122.76	294.8	818.73
13.8190	244.09	46.75	31.46	13.75	4.18	3.85	0	0	12.21	0	0	78.21	19.25	280.61	275.66	129.47	344.08	795.41
13.8290	257.07	80.74	58.08	29.26	10.56	13.64	0	0	10.45	0	0	56.54	13.75	272.25	267.19	133.87	449.35	754.05
13.8390	267.41	109.34	81.73	46.53	16.94	23.43	2.97	5.28	8.69	0	0	39.6	8.25	255.42	258.72	138.38	553.63	709.06
13.8490	272.58	124.3	98.23	60.83	19.03	29.26	9.13	10.56	6.93	0	0	25.41	5.5	227.48	247.39	140.58	623.92	653.29
13.8590	280.39	128.48	107.69	67.43	21.12	37.07	12.21	10.56	5.17	0	0	14.08	0	187	230.45	142.89	664.95	579.59
13.8690	275.22	128.48	112.42	71.83	23.21	44.88	16.72	14.08	3.41	0	0	5.61	0	146.3	204.05	140.58	686.84	499.95
13.8790	270.05	128.48	119.79	74.03	23.21	54.67	21.34	14.08	0	0	0	0	0	108.24	168.3	133.87	705.65	410.41
13.8890	272.58	130.57	127.27	74.03	27.5	63.03	27.5	15.84	0	0	0	0	0	81.07	130.46	120.45	738.32	331.98
13.8990	282.92	134.75	137.17	76.23	29.59	69.74	32.01	17.6	0	0	0	0	0	56.98	104.17	99.11	780.01	260.26
13.9090	295.68	141.02	149.49	78.43	31.68	76.56	36.63	19.36	0	0	0	0	0	42.68	83.27	74.69	828.85	200.64
13.9190	308.44	145.2	161.92	82.83	33.88	80.96	39.71	21.12	0	0	0	0	0	30.8	68.42	52.91	874.06	152.13
13.9290	316.14	151.47	169.29	87.34	35.97	85.47	41.25	22.88	0	0	0	0	0	21.34	53.9	38.06	909.81	113.3
13.9390	318.67	155.65	171.82	91.74	35.97	89.98	42.68	24.64	0	0	0	0	0	16.61	46.2	29.59	931.15	92.4
13.9490	318.67	159.83	174.24	96.14	38.06	94.49	44.22	24.64	0	0	0	0	0	11.88	30.8	16.94	950.29	59.62
13.9590	316.14	161.92	171.82	102.74	38.06	98.89	44.22	26.4	0	0	0	0	0	4.73	12.76	6.27	960.19	23.76
13.9690	308.44	164.01	169.29	107.14	38.06	103.4	44.22	28.27	0	0	0	0	0	4.73	7.7	4.18	962.83	16.61
13.9790	303.38	164.01	164.34	111.54	38.06	105.6	44.22	28.27	0	0	0	0	0	0	5.06	0	959.42	5.06
13.9890	293.15	164.01	159.39	116.05	38.06	107.91	44.22	30.03	0	0	0	0	0	0	0	0	952.82	0
13.9990	285.45	161.92	154.44	122.76	38.06	110.11	44.22	30.03	0	0	0	0	0	0	0	0	946.99	0
14.0090	272.58	159.83	147.07	127.27	38.06	112.42	44.22	31.79	0	0	0	0	0	0	0	0	933.24	0
14.0190	259.6	155.65	139.59	129.47	38.06	114.51	44.22	31.79	0	0	0	0	0	0	0	0	912.89	0
14.0290	246.73	151.47	134.64	133.98	40.15	116.6	44.22	31.79	0	0	0	0	0	0	0	0	899.58	0
14.0390	233.75	147.29	124.74	138.38	38.06	116.6	44.22	31.79	0	0	0	0	0	0	0	0	874.83	0
14.0490	220.88	143.11	117.37	142.89	40.15	118.69	44.22	31.79	0	0	0	0	0	0	0	0	859.1	0
14.0590	208.78	136.84	112.42	147.4	40.15	118.69	44.22	31.79	0	0	0	0	0	0	0	0	840.29	0
14.0690	199.1	132.66	105.27	149.6	40.15	120.78	44.22	33.55	0	0	0	0	0	0	0	0	825.33	0
14.0790	189.31	128.48	100.54	154.11	40.15	122.98	44.22	33.55	0	0	0	0	0	0	0	0	813.34	0
14.0890	182.05	124.3	98.23	156.31	40.15	122.98	45.76	33.55	0	0	0	0	0	0	0	0	803.33	0
14.0990	174.79	122.21	93.5	158.51	40.15	125.07	45.76	33.55	0	0	0	0	0	0	0	0	793.54	0
14.1090	167.53	118.03	91.08	163.02	40.15	127.16	47.3	33.55	0	0	0	0	0	0	0	0	787.82	0
14.1190	160.05	113.85	88.77	167.64	42.35	129.25	48.84	35.31	0	0	0	0	0	0	0	0	786.06	0
14.1290	152.68	111.54	84.04	174.68	42.35	135.63	48.84	35.31	0	0	0	0	0	0	0	0	785.07	0
14.1390	145.31	107.14	81.73	179.41	44.44	139.92	50.38	37.07	0	0	0	0	0	0	0	0	785.4	0
14.1490	137.94	102.74	79.31	184.14	44.44	144.1	51.92	37.07	0	0	0	0	0	0	0	0	781.66	0
14.1590	128.15	96.14	77	191.29	46.53	150.48	55	38.83	0	0	0	0	0	0	0	0	783.42	0
14.1690	120.78	91.74	72.27	198.33	46.53	158.95	58.3	38.83	0	0	0	0	0	0	0	0	785.73	0
14.1790	110.99	87.34	69.85	203.06	46.53	165.33	60.06	40.59	0	0	0	0	0	0	0	0	783.75	0
14.1890	102.08	80.74	65.12	210.1	48.62	174.13	63.69	42.35	0	0	0	0	0	0	0	0	786.83	0
14.1990	93.28	74.14	60.39	214.83	48.62	182.93	67.32	45.87	0	0	0	0	0	0	0	0	787.38	0
14.2090	84.48	67.54	53.24	221.98	50.82	191.73	72.82	49.39	0	0	0	0	0	0	0	0	792	0
14.2190	73.37	60.94	48.4	226.49	50.82	202.84	76.45	52.91	0	0	0	0	0	0	0	0	792.22	0
14.2290	64.57	52.58	41.14	233.31	50.82	213.84	81.84	58.52	0	0	0	0	0	0	0	0	796.62	0
14.2390	55.77	44.77	33.88	235.51	52.91	222.75	87.23	64.57	0	0	0	0	0	0	0	0	797.39	0
14.2490	46.42	36.96	29.04	240.13	52.91	231.55	92.73	72.6	0	0	0	0	0	0	0	0	802.34	0
14.2590	39.49	33.11	24.2	240.13	52.91	240.35	98.12	82.72	0	0	0	0	0	0	0	0	811.03	0
14.2690	34.76	29.15	21.78	240.13	52.91	246.95	103.62	90.86	0	0	0	0	0	0	0	0	820.16	0
14.2790	32.45	23.32	19.36	237.82	52.91	255.75	109.01	104.94	0	0	0	0	0	0	0	0	835.56	0
14.2890	27.83	19.47	16.94	231	50.82	260.15	114.51	115.17	0	0	0	0	0	0	0	0	835.89	0
14.2990	23.21	15.51	14.52	221.98	48.62	266.75	118.47	125.62	0	0	0	0	0	0	0	0	834.68	0
14.3090	23.21	15.51	14.52	210.1	46.53	268.95	120.45	133.98	0	0	0	0	0	0	0	0	833.25	0
14.3190	20.9	13.64	14.52	195.91	42.35	273.35	120.45	142.34	0	0	0	0	0	0	0	0	823.46	0
14.3290	20.9	13.64	12.1	177.1	38.06	275.55	118.47	148.61	6.93	6.93	0	0	0	0	0	0	804.43	13.86
14.3390	20.9	11.66	12.1	158.51	33.88	277.86	116.49	156.97	12.21	11.66	0	0	0	0	0	0	788.37	23.87
14.3490	18.59	11.66	12.1	136.18	29.59	279.84	112.64	165.33	24.53	18.7	0	0	0	0	0	0	765.93	43.23
14.3590	18.59	9.68	9.68	113.85	25.41	281.82	109.01	174.13	71.28	49.17	7.15	11.22	0	4.73	0	0	742.17	143.55
14.3690	16.17	7.7	9.68	91.74	21.12	279.84	107.25	181.06	125.84	89.32	16.72	33.88	0	14.19	5.06	0	714.56	285.01
14.3790	13.86	7.7	7.26	67.43	14.74	273.35	105.38	187.99	157.63	128.04	28.71	48.07	5.5	40.37	0	8.47	677.71	416.79
14.3890	11.55	5.83	7.26	48.18	10.56	255.75	101.75	194.92	191.51	155.65	52.69	59.4	5.5	54.56	7.7	12.65	635.8	539.66
14.3990	9.24	3.85	7.26	34.43	8.47	227.15	98.12	199.43	224.07	180.29	76.89	68.75	11	70.18	25.63	21.12	587.95	677.93
14.4090	6.93	3.85	4.84	24.09	6.27	178.53	90.86	199.43	241.23	182.71	85.03	68.75	13.75	78.32	38.5	27.5	514.8	735.79
14.4190	0	0	4.84	17.16	6.27	125.07	76.45	192.61	233.86	175.45	87.78	68.75	13.75	81.07	46.2	29.59	422.4	736.45
14.4290	0	0	0	13.75	6.27	83.27	60.06	167.42	228.91	173.03	90.53	68.75	16.5	89.21	51.37	31.79	330.77	750.09
14.4390	0	0	0	8.58	6.27	56.65	50.38	119.35	233.86	175.45	98.67	68.75	16.5	97.35	62.48	33.88	241.23	786.94
14.4490	0	0	0	3.41	4.18	42.9	41.25	74.69	248.6	180.29	109.67	68.75	19.25	105.49	77.33	40.26	166.43	849.64
14.4590	0	0	0	0	0	31.24	33.55	52.91	268.4	187.55	123.53	71.94	22	110.99	89.32	42.35	117.7	916.08
14.4690	0	0	0	0	0	21.45	24.42	31.79	288.31	194.81	134.64	71.94	24.75	116.38	101.2	46.53	77.66	978.56
14.4790	0	0	0	0	0	15.62	16.72	19.36	298.54	199.65	143	75.02	24.75	121.88	110.22	48.73	51.7	1021.79
14.4890	0	0	0	0	0	11.66	9.13	7.04	301.07	204.49	145.86	78.21	27.5	127.27	118.91	50.82	27.83	1054.13
14.4990	0	0	0	0	0	7.81	4.51	5.28	296.01	204.49	145.86	84.48	30.25	135.41	127.6	52.91	17.6	1077.01
14.5090	0	0	0	0	0	7.81	2.97	3.52	283.25	204.49	143	87.56	30.25	140.91	130.46	55.11	14.3	1075.03
14.5190	0	0	0	0	0	5.83	2.97	3.52	268.4	202.07	140.25	93.94	33	146.3	136.29	57.53	12.32	1077.78
14.5290	0	0	0	0	0	3.85	0	3.52	253.55	197.23	134.64	97.02	33	151.8	142.12	59.95	7.37	1069.31
14.5390	0	0	0	0	0	3.85	0	0	233.86	189.97	126.28	100.21	33	157.19	144.98	62.37	3.85	1047.86
14.5490	0	0	0	0	0	0	0	0	217.03	182.71	120.78	106.48	35.75	162.69	147.84	64.9	0	1038.18
14.5590	0	0	0	0	0	0	0	0	200.86	177.87	112.42	109.56	35.75	168.19	153.67	64.9	0	1023.22
14.5690	0	0	0	0	0	0	0	0	179.96	168.19	104.17	112.75	35.75	170.83	153.67	67.32	0	992.64
14.5790	0	0	0	0	0	0	0	0	163.9	155.65	96.03	119.02	38.5	173.47	156.53	69.74	0	972.84
14.5890	0	0	0	0	0	0	0	0	146.96	148.06	87.78	122.21	38.5	178.86	156.53	69.74	0	948.64
14.5990	0	0	0	0	0	0	0	0	132.22	138.05	79.64	125.4	35.75	181.61	159.5	72.16	0	924.33
14.6090	0	0	0	0	0	0	0	0	119.46	128.04	71.39	128.48	38.5	187	162.36	72.16	0	907.39
14.6190	0	0	0	0	0	0	0	0	107.58	118.03	66	131.67	38.5	192.39	162.36	72.16	0	888.69
14.6290	0	0	0	0	0	0	0	0	98.01	110.66	60.5	137.94	38.5	197.67	168.3	74.69	0	886.27
14.6390	0	0	0	0	0	0	0	0	88.44	103.51	55.11	141.13	38.5	200.42	171.27	77.11	0	875.49
14.6490	0	0	0	0	0	0	0	0	80.85	96.47	50.27	144.32	38.5	205.81	174.24	77.11	0	867.57
14.6590	0	0	0	0	0	0	0	0	73.15	91.74	45.43	147.51	41.25	211.2	180.18	79.53	0	869.99
14.6690	0	0	0	0	0	0	0	0	67.43	84.59	43.12	150.59	41.25	213.84	183.15	81.95	0	865.92
14.6790	0	0	0	0	0	0	0	0	59.84	79.86	40.7	153.78	41.25	221.98	189.09	84.48	0	870.98
14.6890	0	0	0	0	0	0	0	0	52.69	72.82	35.86	156.97	41.25	224.73	195.14	84.48	0	863.94
14.6990	0	0	0	0	0	0	0	0	47.41	68.09	31.13	160.05	41.25	233.09	198.11	86.9	0	866.03
14.7090	0	0	0	0	0	0	0	0	40.37	60.94	28.71	166.43	41.25	238.7	204.05	89.32	0	869.77
14.7190	0	0	0	0	0	0	0	0	35.09	53.9	23.87	169.62	41.25	244.31	207.02	91.74	0	866.8
14.7290	0	0	0	0	0	0	0	0	31.57	46.86	21.56	176	44	249.92	212.96	94.27	0	877.14
14.7390	0	0	0	0	0	0	0	0	28.05	42.13	19.14	179.19	44	255.42	218.9	96.69	0	883.52
14.7490	0	0	0	0	0	0	0	0	26.29	35.09	16.72	179.19	44	258.28	224.73	99.11	0	883.41
14.7590	0	0	0	0	0	0	0	0	24.53	30.47	14.3	179.19	44	263.89	230.45	99.11	0	885.94
14.7690	0	0	0	0	0	0	0	0	21.01	25.74	14.3	179.19	44	266.64	238.92	101.53	0	891.33
14.7790	0	0	0	0	0	0	0	0	19.25	21.01	11.88	179.19	44	269.39	241.67	106.48	0	892.87
14.7890	0	0	0	0	0	0	0	0	17.49	13.97	9.57	179.19	44	275	247.39	106.48	0	893.09
14.7990	0	0	0	0	0	0	0	0	15.73	9.35	9.57	172.81	41.25	277.86	250.14	108.9	0	885.61
14.8090	0	0	0	0	0	0	0	0	13.97	4.62	7.15	166.43	41.25	280.61	253	111.32	0	878.35
14.8190	0	0	0	0	0	0	0	0	12.21	4.62	4.73	156.97	38.5	283.47	255.86	113.85	0	870.21
14.8290	0	0	0	0	0	0	0	0	12.21	0	4.73	147.51	33	286.33	253	118.25	0	855.03
14.8390	0	0	0	0	0	0	0	0	12.21	0	4.73	134.86	30.25	289.08	255.86	120.45	0	847.44
14.8490	4.62	0	0	0	0	0	0	0	10.45	0	0	119.02	24.75	291.94	253	124.96	4.62	824.12
14.8590	13.86	0	0	0	0	0	0	0	10.45	0	0	106.48	22	294.8	253	129.47	13.86	816.2
14.8690	51.04	3.85	0	0	0	0	0	0	10.45	0	0	93.94	16.5	300.41	247.39	133.87	54.89	802.56
14.8790	220.88	25.3	14.52	5.17	0	5.83	0	0	10.45	0	0	78.21	11	303.27	241.67	138.38	271.7	782.98
14.8890	267.41	48.73	31.46	13.75	4.18	7.81	0	0	8.69	0	0	65.67	11	300.41	233.2	140.58	373.34	759.55
14.8990	277.86	85.14	58.08	34.43	10.56	15.62	0	0	6.93	0	0	50.82	8.25	294.8	218.9	145.09	481.69	724.79
14.9090	282.92	118.03	81.73	55.11	19.03	23.43	6.05	5.28	6.93	0	0	39.6	5.5	277.86	204.05	147.29	591.58	681.23
14.9190	287.98	132.66	95.81	71.83	21.12	31.24	9.13	10.56	5.17	0	0	28.27	5.5	252.67	189.09	149.6	660.33	630.3
14.9290	287.98	134.75	102.96	80.63	23.21	37.07	13.75	12.32	3.41	0	0	19.8	0	208.45	168.3	151.8	692.67	551.76
14.9390	277.86	136.84	110	89.54	23.21	48.84	18.26	14.08	0	0	0	11.22	0	159.94	144.98	149.6	718.63	465.74
14.9490	272.58	138.93	117.37	91.74	25.41	63.03	22.88	15.84	0	0	0	5.61	0	121.88	124.63	140.58	747.78	392.7
14.9590	275.22	141.02	124.74	96.14	29.59	72.05	30.47	17.6	0	0	0	0	0	91.96	101.2	124.96	786.83	318.12
14.9690	282.92	147.29	137.17	100.54	31.68	83.27	36.63	21.12	0	0	0	0	0	62.04	83.27	99.11	840.62	244.42
14.9790	293.15	151.47	149.49	104.94	35.97	89.98	41.25	22.88	0	0	0	0	0	45.1	71.39	74.69	889.13	191.18
14.9890	300.85	157.74	156.97	109.34	35.97	96.69	44.22	24.64	0	0	0	0	0	33.22	59.51	52.91	926.42	145.64
14.9990	305.91	161.92	164.34	116.05	38.06	103.4	45.76	24.64	0	0	0	0	0	23.65	48.73	38.06	960.08	110.44
15.0089	308.44	166.1	166.87	120.56	38.06	105.6	45.76	26.4	0	0	0	0	0	18.92	38.5	27.5	977.79	84.92
15.0189	305.91	168.3	164.34	127.27	40.15	110.11	45.76	26.4	0	0	0	0	0	11.88	23.1	14.74	988.24	49.72
15.0289	298.21	170.61	159.39	133.98	38.06	114.51	45.76	28.27	0	0	0	0	0	4.73	7.7	6.27	988.79	18.7
15.0389	287.98	170.61	152.02	140.69	38.06	116.6	45.76	28.27	0	0	0	0	0	0	0	4.18	979.99	4.18
15.0489	277.86	170.61	147.07	147.4	40.15	118.69	45.76	30.03	0	0	0	0	0	0	0	0	977.57	0
15.0589	264.88	166.1	139.59	151.8	40.15	122.98	45.76	30.03	0	0	0	0	0	0	0	0	961.29	0
15.0689	251.9	164.01	132.22	158.51	40.15	122.98	45.76	31.79	0	0	0	0	0	0	0	0	947.32	0
15.0789	236.28	157.74	124.74	163.02	40.15	125.07	45.76	31.79	0	0	0	0	0	0	0	0	924.55	0
15.0889	223.41	153.56	117.37	167.64	40.15	125.07	44.22	31.79	0	0	0	0	0	0	0	0	903.21	0
15.0989	211.2	147.29	112.42	169.95	40.15	127.16	44.22	31.79	0	0	0	0	0	0	0	0	884.18	0
15.1089	201.52	143.11	105.27	174.68	40.15	127.16	44.22	33.55	0	0	0	0	0	0	0	0	869.66	0
15.1189	189.31	138.93	100.54	177.1	40.15	129.25	44.22	33.55	0	0	0	0	0	0	0	0	853.05	0
15.1289	179.63	132.66	93.5	181.83	40.15	129.25	44.22	33.55	0	0	0	0	0	0	0	0	834.79	0
15.1389	167.53	128.48	88.77	186.56	40.15	131.45	44.22	33.55	0	0	0	0	0	0	0	0	820.71	0
15.1489	160.05	122.21	84.04	188.87	40.15	133.54	44.22	35.31	0	0	0	0	0	0	0	0	808.39	0
15.1589	152.68	118.03	79.31	191.29	40.15	135.63	45.76	35.31	0	0	0	0	0	0	0	0	798.16	0
15.1689	145.31	113.85	77	195.91	42.35	137.72	45.76	35.31	0	0	0	0	0	0	0	0	793.21	0
15.1789	137.94	109.34	72.27	198.33	42.35	139.92	47.3	37.07	0	0	0	0	0	0	0	0	784.52	0
15.1889	130.57	104.94	69.85	203.06	42.35	144.1	47.3	37.07	0	0	0	0	0	0	0	0	779.24	0
15.1989	123.2	100.54	67.54	210.1	42.35	150.48	48.84	38.83	0	0	0	0	0	0	0	0	781.88	0
15.2089	115.83	93.94	62.81	214.83	44.44	154.66	50.38	40.59	0	0	0	0	0	0	0	0	777.48	0
15.2189	106.48	89.54	60.39	219.56	44.44	158.95	51.92	42.35	0	0	0	0	0	0	0	0	773.63	0
15.2289	99.88	85.14	58.08	224.18	44.44	165.33	53.46	42.35	0	0	0	0	0	0	0	0	772.86	0
15.2389	93.28	80.74	53.24	231	44.44	174.13	55	44.11	0	0	0	0	0	0	0	0	775.94	0
15.2489	86.68	74.14	50.82	237.82	46.53	180.73	56.54	45.87	0	0	0	0	0	0	0	0	779.13	0
15.2589	79.97	67.54	45.98	242.33	46.53	187.33	60.06	47.63	0	0	0	0	0	0	0	0	777.37	0
15.2689	71.17	63.14	41.14	249.15	46.53	196.24	61.93	49.39	0	0	0	0	0	0	0	0	778.69	0
15.2789	64.57	56.54	36.3	253.66	46.53	205.04	65.56	54.67	0	0	0	0	0	0	0	0	782.87	0
15.2889	55.77	48.73	31.46	255.97	46.53	211.64	67.32	58.52	0	0	0	0	0	0	0	0	775.94	0
15.2989	48.73	42.79	29.04	260.48	48.62	222.75	72.82	62.59	0	0	0	0	0	0	0	0	787.82	0
15.3089	41.8	36.96	24.2	262.79	46.53	231.55	76.45	68.64	0	0	0	0	0	0	0	0	788.92	0
15.3189	37.18	33.11	21.78	262.79	46.53	240.35	80.08	76.67	0	0	0	0	0	0	0	0	798.49	0
15.3289	32.45	27.28	19.36	262.79	46.53	246.95	85.47	82.72	0	0	0	0	0	0	0	0	803.55	0
15.3389	30.14	23.32	16.94	260.48	46.53	255.75	89.1	90.86	0	0	0	0	0	0	0	0	813.12	0
15.3489	25.52	19.47	16.94	258.28	44.44	262.35	92.73	104.94	0	0	0	0	0	0	0	0	824.67	0
15.3589	23.21	17.49	14.52	251.46	44.44	268.95	96.36	115.17	0	0	0	0	0	0	0	0	831.6	0
15.3689	23.21	15.51	12.1	242.33	42.35	275.55	99.99	123.53	0	0	0	0	0	0	0	0	834.57	0
15.3789	20.9	15.51	12.1	231	40.15	279.84	101.75	133.98	0	0	0	0	0	0	0	0	835.23	0
15.3889	20.9	13.64	12.1	214.83	38.06	283.91	103.62	140.25	0	0	0	0	0	0	0	0	827.31	0
15.3989	18.59	13.64	12.1	195.91	33.88	285.89	99.99	146.52	0	0	0	0	0	0	0	0	806.52	0
15.4089	18.59	13.64	9.68	174.68	29.59	289.96	98.12	152.79	5.17	6.93	0	0	0	0	0	0	787.05	12.1
15.4189	16.17	11.66	9.68	154.11	25.41	291.94	94.49	161.15	8.69	11.66	0	0	0	0	0	0	764.61	20.35
15.4289	16.17	11.66	9.68	131.67	23.21	293.92	90.86	169.62	15.73	18.7	0	5.61	0	0	0	0	746.79	40.04
15.4389	16.17	9.68	7.26	109.34	19.03	293.92	89.1	176.44	59.84	46.86	4.73	14.08	0	4.73	0	0	720.94	130.24
15.4489	13.86	9.68	7.26	87.34	14.74	289.96	85.47	183.37	136.4	98.78	16.72	36.74	0	18.92	7.7	4.18	691.68	319.44
15.4589	11.55	7.7	7.26	63.03	12.65	277.86	83.71	190.3	175.34	135.52	33.44	53.68	8.25	52.25	12.76	14.74	654.06	485.98
15.4689	6.93	5.83	7.26	44.77	8.47	253.55	80.08	197.23	219.34	170.61	63.25	65.67	11	67.54	25.63	23.21	604.12	646.25
15.4789	4.62	3.85	4.84	34.43	6.27	207.24	76.45	197.23	248.6	185.13	82.39	75.02	16.5	83.82	46.2	31.79	534.93	769.45
15.4889	0	0	4.84	25.85	6.27	148.39	69.19	190.3	256.08	185.13	87.78	75.02	16.5	86.46	51.37	33.88	444.84	792.22
15.4989	0	0	0	20.68	6.27	98.89	58.3	167.42	243.76	180.29	87.78	75.02	16.5	94.6	56.54	35.97	351.56	790.46
15.5089	0	0	0	15.51	6.27	65.34	50.38	123.53	241.23	180.29	93.28	75.02	19.25	102.74	65.45	40.26	261.03	817.52
15.5189	0	0	0	8.58	4.18	48.84	42.68	74.69	248.6	187.55	101.42	78.21	22	113.63	77.33	44.44	178.97	873.18
15.5289	0	0	0	3.41	0	35.09	35.09	52.91	263.45	197.23	112.42	81.29	22	121.88	89.32	48.73	126.5	936.32
15.5389	0	0	0	0	0	25.3	27.5	33.55	283.25	206.91	126.28	84.48	24.75	130.02	101.2	52.91	86.35	1009.8
15.5489	0	0	0	0	0	19.47	21.34	22.88	301.07	214.17	134.64	87.56	27.5	135.41	110.22	57.53	63.69	1068.1
15.5589	0	0	0	0	0	13.64	12.21	10.56	306.24	216.59	140.25	90.75	30.25	140.91	118.91	59.95	36.41	1103.85
15.5689	0	0	0	0	0	7.81	2.97	5.28	303.71	219.01	140.25	97.02	30.25	146.3	124.63	62.37	16.06	1123.54
15.5789	0	0	0	0	0	5.83	0	3.52	296.01	219.01	137.5	100.21	30.25	151.8	127.6	64.9	9.35	1127.28
15.5889	0	0	0	0	0	5.83	0	3.52	283.25	216.59	134.64	106.48	33	154.55	130.46	64.9	9.35	1123.87
15.5989	0	0	0	0	0	3.85	0	0	265.87	211.75	129.14	106.48	33	157.19	133.32	67.32	3.85	1104.07
15.6089	0	0	0	0	0	0	0	0	246.18	204.49	120.78	109.56	33	159.94	136.29	67.32	0	1077.56
15.6189	0	0	0	0	0	0	0	0	228.91	194.81	115.17	112.75	33	165.44	139.15	67.32	0	1056.55
15.6289	0	0	0	0	0	0	0	0	210.1	185.13	106.92	115.94	35.75	165.44	139.15	69.74	0	1028.17
15.6389	0	0	0	0	0	0	0	0	191.51	177.87	98.67	115.94	35.75	168.19	142.12	69.74	0	999.79
15.6489	0	0	0	0	0	0	0	0	173.03	165.66	90.53	119.02	35.75	170.83	142.12	69.74	0	966.68
15.6589	0	0	0	0	0	0	0	0	157.63	155.65	82.39	125.4	35.75	173.47	144.98	72.16	0	947.43
15.6689	0	0	0	0	0	0	0	0	142.78	145.64	76.89	128.48	35.75	176.22	147.84	72.16	0	925.76
15.6789	0	0	0	0	0	0	0	0	132.22	138.05	71.39	131.67	38.5	178.86	150.81	74.69	0	916.19
15.6889	0	0	0	0	0	0	0	0	117.37	130.57	66	134.86	35.75	184.25	153.67	74.69	0	897.16
15.6989	0	0	0	0	0	0	0	0	109.45	123.09	60.5	137.94	38.5	187	156.53	77.11	0	890.12
15.7089	0	0	0	0	0	0	0	0	101.86	115.5	57.75	141.13	38.5	192.39	162.36	79.53	0	889.02
15.7189	0	0	0	0	0	0	0	0	96.14	110.66	55.11	144.32	41.25	197.67	168.3	79.53	0	892.98
15.7289	0	0	0	0	0	0	0	0	92.29	105.93	52.69	147.51	41.25	200.42	174.24	81.95	0	896.28
15.7389	0	0	0	0	0	0	0	0	86.57	101.2	50.27	147.51	41.25	205.81	180.18	84.48	0	897.27
15.7489	0	0	0	0	0	0	0	0	80.85	98.78	47.85	153.78	44	211.2	186.12	84.48	0	907.06
15.7589	0	0	0	0	0	0	0	0	77	94.05	45.43	153.78	44	213.84	192.06	89.32	0	909.48
15.7689	0	0	0	0	0	0	0	0	71.28	89.32	43.12	160.05	44	219.23	201.08	89.32	0	917.4
15.7789	0	0	0	0	0	0	0	0	63.69	82.28	40.7	160.05	46.75	227.48	207.02	94.27	0	922.24
15.7889	0	0	0	0	0	0	0	0	56.21	75.13	35.86	163.24	46.75	230.34	215.93	94.27	0	917.73
15.7989	0	0	0	0	0	0	0	0	49.17	68.09	33.44	169.62	49.5	235.95	224.73	96.69	0	927.19
15.8089	0	0	0	0	0	0	0	0	42.13	60.94	28.71	172.81	49.5	244.31	233.2	101.53	0	933.13
15.8189	0	0	0	0	0	0	0	0	35.09	51.59	23.87	172.81	49.5	247.06	241.67	104.06	0	925.65
15.8289	0	0	0	0	0	0	0	0	31.57	42.13	19.14	176	52.25	252.67	247.39	106.48	0	927.63
15.8389	0	0	0	0	0	0	0	0	26.29	35.09	19.14	176	52.25	258.28	258.72	108.9	0	934.67
15.8489	0	0	0	0	0	0	0	0	24.53	28.05	14.3	176	52.25	261.03	264.33	111.32	0	931.81
15.8589	0	0	0	0	0	0	0	0	21.01	21.01	14.3	172.81	52.25	263.89	269.94	113.85	0	929.06
15.8689	0	0	0	0	0	0	0	0	19.25	16.39	9.57	169.62	49.5	266.64	275.66	113.85	0	920.48
15.8789	0	0	0	0	0	0	0	0	17.49	9.35	9.57	166.43	49.5	269.39	278.52	116.05	0	916.3
15.8889	0	0	0	0	0	0	0	0	13.97	4.62	7.15	156.97	44	272.25	278.52	118.25	0	895.73
15.8989	0	0	0	0	0	0	0	0	13.97	0	4.73	147.51	41.25	275	278.52	118.25	0	879.23
15.9089	0	0	0	0	0	0	0	0	12.21	0	4.73	137.94	35.75	275	275.66	122.76	0	864.05
15.9189	0	0	0	0	0	0	0	0	12.21	0	0	125.4	33	280.61	272.8	124.96	0	848.98
15.9289	9.24	0	0	0	0	0	0	0	12.21	0	0	112.75	24.75	286.33	267.19	129.47	9.24	832.7
15.9389	30.14	3.85	0	0	0	0	0	0	12.21	0	0	97.02	19.25	289.08	258.72	133.87	33.99	810.15
15.9489	130.57	11.66	7.26	0	0	0	0	0	10.45	0	0	84.48	16.5	294.8	253	140.58	149.49	799.81
15.9589	254.43	36.96	24.2	10.34	0	7.81	0	0	10.45	0	0	68.75	11	291.94	244.53	145.09	333.74	771.76
15.9689	270.05	63.14	43.56	18.92	6.27	7.81	0	0	8.69	0	0	50.82	8.25	286.33	236.06	149.6	409.75	739.75
15.9789	282.92	102.74	72.27	39.6	14.74	19.47	0	3.52	6.93	0	0	39.6	5.5	272.25	224.73	151.8	535.26	700.81
15.9889	287.98	126.39	93.5	56.87	19.03	27.28	4.51	8.8	5.17	0	0	28.27	5.5	247.06	209.99	154	624.36	649.99
15.9989	293.15	136.84	105.27	69.63	21.12	31.24	10.67	10.56	3.41	0	0	16.94	0	208.45	192.06	156.31	678.48	577.17
16.0089	287.98	134.75	110	74.03	21.12	39.05	12.21	12.32	0	0	0	8.47	0	168.19	168.3	151.8	691.46	496.76
16.0189	277.86	132.66	114.84	78.43	23.21	50.71	16.72	14.08	0	0	0	0	0	130.02	144.98	145.09	708.51	420.09
16.0289	275.22	134.75	122.32	80.63	25.41	60.83	22.88	15.84	0	0	0	0	0	97.35	118.91	131.67	737.88	347.93
16.0389	280.39	138.93	134.64	82.83	29.59	72.05	30.47	19.36	0	0	0	0	0	70.18	98.23	108.9	788.26	277.31
16.0489	293.15	143.11	149.49	85.03	31.68	78.76	36.63	21.12	0	0	0	0	0	49.83	80.3	84.48	838.97	214.61
16.0589	305.91	149.38	161.92	89.54	35.97	87.67	41.25	22.88	0	0	0	0	0	35.64	68.42	59.95	894.52	164.01
16.0689	316.14	153.56	174.24	91.74	38.06	92.18	42.68	24.64	0	0	0	0	0	26.07	53.9	42.35	933.24	122.32
16.0789	318.67	157.74	176.77	98.34	38.06	98.89	44.22	26.4	0	0	0	0	0	21.34	48.73	33.88	959.09	103.95
16.0889	318.67	159.83	179.3	104.94	38.06	103.4	45.76	28.27	0	0	0	0	0	16.61	35.97	21.12	978.23	73.7
16.0989	313.61	164.01	176.77	111.54	38.06	107.91	45.76	28.27	0	0	0	0	0	9.46	20.46	10.56	985.93	40.48
16.1089	303.38	164.01	171.82	118.25	38.06	112.42	45.76	30.03	0	0	0	0	0	4.73	7.7	4.18	983.73	16.61
16.1189	293.15	164.01	166.87	124.96	40.15	116.6	47.3	30.03	0	0	0	0	0	4.73	7.7	4.18	983.07	16.61
16.1289	280.39	161.92	159.39	131.67	40.15	120.78	47.3	31.79	0	0	0	0	0	0	5.06	0	973.39	5.06
16.1389	267.41	159.83	152.02	138.38	40.15	122.98	47.3	31.79	0	0	0	0	0	0	0	0	959.86	0
16.1489	254.43	155.65	144.54	142.89	40.15	127.16	47.3	31.79	0	0	0	0	0	0	0	0	943.91	0
16.1589	241.45	151.47	137.17	147.4	40.15	127.16	47.3	33.55	0	0	0	0	0	0	0	0	925.65	0
16.1689	225.94	145.2	129.69	151.8	40.15	129.25	47.3	33.55	0	0	0	0	0	0	0	0	902.88	0
16.1789	216.04	141.02	122.32	154.11	42.35	131.45	48.84	33.55	0	0	0	0	0	0	0	0	889.68	0
16.1889	203.94	134.75	117.37	156.31	42.35	131.45	48.84	35.31	0	0	0	0	0	0	0	0	870.32	0
16.1989	194.15	128.48	110	158.51	42.35	133.54	48.84	35.31	0	0	0	0	0	0	0	0	851.18	0
16.2089	184.47	124.3	105.27	158.51	42.35	135.63	50.38	35.31	0	0	0	0	0	0	0	0	836.22	0
16.2189	177.21	120.12	100.54	160.82	42.35	135.63	51.92	35.31	0	0	0	0	0	0	0	0	823.9	0
16.2289	169.95	113.85	98.23	160.82	44.44	135.63	51.92	35.31	0	0	0	0	0	0	0	0	810.15	0
16.2389	162.58	109.34	95.81	163.02	44.44	137.72	53.46	35.31	0	0	0	0	0	0	0	0	801.68	0
16.2489	157.63	104.94	93.5	163.02	44.44	139.92	55	37.07	0	0	0	0	0	0	0	0	795.52	0
16.2589	150.26	102.74	91.08	163.02	46.53	142.01	56.54	37.07	0	0	0	0	0	0	0	0	789.25	0
16.2689	145.31	98.34	86.35	167.64	48.62	146.19	60.06	38.83	0	0	0	0	0	0	0	0	791.34	0
16.2789	137.94	93.94	84.04	169.95	48.62	148.39	63.69	40.59	0	0	0	0	0	0	0	0	787.16	0
16.2889	128.15	89.54	79.31	174.68	48.62	154.66	65.56	42.35	0	0	0	0	0	0	0	0	782.87	0
16.2989	120.78	82.94	77	179.41	50.82	161.04	67.32	44.11	0	0	0	0	0	0	0	0	783.42	0
16.3089	110.99	78.54	72.27	184.14	50.82	167.53	70.95	45.87	0	0	0	0	0	0	0	0	781.11	0
16.3189	102.08	74.14	67.54	188.87	52.91	176.33	74.58	49.39	0	0	0	0	0	0	0	0	785.84	0
16.3289	93.28	69.74	62.81	193.6	52.91	182.93	80.08	52.91	0	0	0	0	0	0	0	0	788.26	0
16.3389	86.68	63.14	58.08	198.33	55	191.73	81.84	56.54	0	0	0	0	0	0	0	0	791.34	0
16.3489	77.77	58.74	53.24	200.64	55	200.64	87.23	62.59	0	0	0	0	0	0	0	0	795.85	0
16.3589	66.77	50.6	45.98	205.37	55	207.24	90.86	68.64	0	0	0	0	0	0	0	0	790.46	0
16.3689	60.17	46.75	38.72	210.1	55	216.04	96.36	74.69	0	0	0	0	0	0	0	0	797.83	0
16.3789	51.04	38.94	31.46	212.52	57.2	222.75	101.75	82.72	0	0	0	0	0	0	0	0	798.38	0
16.3889	41.8	33.11	26.62	212.52	57.2	231.55	107.25	90.86	0	0	0	0	0	0	0	0	800.91	0
16.3989	37.18	29.15	24.2	212.52	57.2	238.15	112.64	102.96	0	0	0	0	0	0	0	0	814	0
16.4089	32.45	25.3	21.78	210.1	57.2	244.75	120.45	113.08	0	0	0	0	0	0	0	0	825.11	0
16.4189	30.14	19.47	19.36	207.79	55	251.35	126.5	123.53	0	0	0	0	0	0	0	0	833.14	0
16.4288	25.52	17.49	16.94	200.64	52.91	255.75	132.55	131.89	0	0	0	0	0	0	0	0	833.69	0
16.4388	23.21	15.51	14.52	191.29	50.82	260.15	136.62	142.34	0	0	0	0	0	0	0	0	834.46	0
16.4488	23.21	13.64	14.52	179.41	48.62	262.35	138.6	150.7	0	0	0	0	0	0	0	0	831.05	0
16.4588	23.21	13.64	12.1	163.02	44.44	264.55	138.6	159.06	0	0	0	0	0	0	0	0	818.62	0
16.4688	20.9	11.66	12.1	147.4	40.15	266.75	136.62	165.33	3.41	0	0	0	0	0	0	0	800.91	3.41
16.4788	20.9	9.68	9.68	127.27	33.88	268.95	132.55	171.82	6.93	4.62	0	0	0	0	0	0	774.73	11.55
16.4888	18.59	9.68	9.68	109.34	29.59	271.15	128.59	176.44	13.97	13.97	0	0	0	0	0	0	753.06	27.94
16.4988	16.17	9.68	9.68	87.34	23.21	271.15	122.54	183.37	43.89	32.78	4.73	8.47	0	4.73	0	0	723.14	94.6
16.5088	16.17	7.7	9.68	67.43	19.03	268.95	118.47	187.99	119.46	79.86	14.3	16.94	0	9.46	5.06	0	695.42	245.08
16.5188	13.86	5.83	7.26	49.94	14.74	257.95	114.51	197.23	157.63	120.56	28.71	45.21	0	30.8	5.06	6.27	661.32	394.24
16.5288	11.55	5.83	7.26	36.19	10.56	238.15	109.01	201.74	200.86	160.6	52.69	59.4	8.25	59.4	17.93	14.74	620.29	573.87
16.5388	6.93	3.85	4.84	25.85	8.47	200.64	101.75	201.74	243.76	189.97	79.64	68.75	11	75.68	35.97	21.12	554.07	725.89
16.5488	4.62	0	4.84	18.92	6.27	146.19	89.1	199.43	253.55	192.39	87.78	71.94	13.75	83.82	48.73	27.5	469.37	779.46
16.5588	0	0	4.84	11.99	6.27	98.89	70.95	183.37	243.76	187.55	87.78	71.94	16.5	91.96	53.9	29.59	376.31	782.98
16.5688	0	0	0	6.82	6.27	65.34	55	146.52	231.44	187.55	90.53	75.02	16.5	102.74	62.48	31.79	279.95	798.05
16.5788	0	0	0	3.41	4.18	46.86	45.76	92.84	233.86	192.39	96.03	81.29	19.25	116.38	74.36	35.97	193.05	849.53
16.5888	0	0	0	0	0	35.09	38.17	58.52	243.76	202.07	109.67	84.48	22	127.27	89.32	40.26	131.78	918.83
16.5988	0	0	0	0	0	25.3	28.93	35.31	256.08	209.33	120.78	90.75	22	138.16	101.2	44.44	89.54	982.74
16.6088	0	0	0	0	0	17.49	21.34	21.12	268.4	216.59	129.14	93.94	24.75	146.3	113.08	48.73	59.95	1040.93
16.6188	0	0	0	0	0	13.64	13.75	8.8	275.77	221.43	137.5	100.21	27.5	154.55	121.77	50.82	36.19	1089.55
16.6288	0	0	0	0	0	9.68	6.05	5.28	270.82	223.85	137.5	106.48	27.5	162.69	127.6	55.11	21.01	1111.55
16.6388	0	0	0	0	0	7.81	4.51	3.52	263.45	223.85	134.64	112.75	27.5	170.83	133.32	57.53	15.84	1123.87
16.6488	0	0	0	0	0	5.83	2.97	3.52	248.6	221.43	131.89	119.02	30.25	176.22	136.29	59.95	12.32	1123.65
16.6588	0	0	0	0	0	5.83	0	3.52	233.86	216.59	123.53	125.4	30.25	184.25	136.29	59.95	9.35	1110.12
16.6688	0	0	0	0	0	3.85	0	0	214.72	206.91	117.92	131.67	30.25	187	136.29	62.37	3.85	1087.13
16.6788	0	0	0	0	0	0	0	0	196.24	197.23	109.67	134.86	30.25	189.64	136.29	62.37	0	1056.55
16.6888	0	0	0	0	0	0	0	0	179.96	189.97	98.67	141.13	30.25	192.39	133.32	62.37	0	1028.06
16.6988	0	0	0	0	0	0	0	0	161.81	177.87	90.53	144.32	30.25	195.03	133.32	64.9	0	998.03
16.7088	0	0	0	0	0	0	0	0	146.96	168.19	82.39	147.51	30.25	195.03	133.32	64.9	0	968.55
16.7188	0	0	0	0	0	0	0	0	132.22	155.65	74.14	150.59	30.25	197.67	130.46	67.32	0	938.3
16.7288	0	0	0	0	0	0	0	0	119.46	145.64	66	153.78	30.25	197.67	130.46	67.32	0	910.58
16.7388	0	0	0	0	0	0	0	0	107.58	133.1	60.5	153.78	30.25	200.42	133.32	67.32	0	886.27
16.7488	0	0	0	0	0	0	0	0	98.01	123.09	55.11	153.78	30.25	200.42	133.32	67.32	0	861.3
16.7588	0	0	0	0	0	0	0	0	90.42	115.5	50.27	156.97	30.25	203.06	136.29	69.74	0	852.5
16.7688	0	0	0	0	0	0	0	0	82.72	108.24	47.85	156.97	33	205.81	139.15	72.16	0	845.9
16.7788	0	0	0	0	0	0	0	0	77	101.2	45.43	156.97	33	208.45	142.12	72.16	0	836.33
16.7888	0	0	0	0	0	0	0	0	71.28	96.47	43.12	160.05	33	211.2	147.84	72.16	0	835.12
16.7988	0	0	0	0	0	0	0	0	67.43	91.74	40.7	163.24	35.75	213.84	153.67	74.69	0	841.06
16.8088	0	0	0	0	0	0	0	0	63.69	89.32	38.28	163.24	35.75	219.23	159.5	77.11	0	846.12
16.8188	0	0	0	0	0	0	0	0	59.84	87.01	38.28	166.43	35.75	224.73	168.3	77.11	0	857.45
16.8288	0	0	0	0	0	0	0	0	56.21	82.28	35.86	169.62	38.5	230.34	174.24	81.95	0	869
16.8388	0	0	0	0	0	0	0	0	52.69	77.55	33.44	176	38.5	235.95	183.15	84.48	0	881.76
16.8488	0	0	0	0	0	0	0	0	49.17	72.82	31.13	179.19	41.25	241.45	192.06	86.9	0	893.97
16.8588	0	0	0	0	0	0	0	0	43.89	68.09	28.71	182.38	41.25	247.06	201.08	89.32	0	901.78
16.8688	0	0	0	0	0	0	0	0	38.61	60.94	26.29	185.57	44	255.42	209.99	91.74	0	912.56
16.8788	0	0	0	0	0	0	0	0	35.09	56.21	23.87	191.95	44	261.03	215.93	96.69	0	924.77
16.8888	0	0	0	0	0	0	0	0	31.57	49.17	21.56	195.14	46.75	266.64	224.73	99.11	0	934.67
16.8988	0	0	0	0	0	0	0	0	28.05	42.13	19.14	198.44	46.75	272.25	230.45	101.53	0	938.74
16.9088	0	0	0	0	0	0	0	0	24.53	35.09	16.72	201.63	46.75	277.86	236.06	104.06	0	942.7
16.9188	0	0	0	0	0	0	0	0	22.77	28.05	14.3	204.82	46.75	286.33	241.67	108.9	0	953.59
16.9288	0	0	0	0	0	0	0	0	19.25	23.43	11.88	201.63	46.75	289.08	244.53	111.32	0	947.87
16.9388	0	0	0	0	0	0	0	0	17.49	16.39	9.57	198.44	44	294.8	250.14	113.85	0	944.68
16.9488	0	0	0	0	0	0	0	0	13.97	9.35	7.15	191.95	41.25	300.41	250.14	116.05	0	930.27
16.9588	0	0	0	0	0	0	0	0	13.97	4.62	4.73	179.19	38.5	303.27	253	118.25	0	915.53
16.9688	0	0	0	0	0	0	0	0	12.21	4.62	4.73	163.24	33	303.27	253	122.76	0	896.83
16.9788	0	0	0	0	0	0	0	0	12.21	0	0	147.51	27.5	306.02	250.14	124.96	0	868.34
16.9888	4.62	0	0	0	0	0	0	0	10.45	0	0	128.48	22	311.74	247.39	131.67	4.62	851.73
16.9988	16.17	0	0	0	0	0	0	0	10.45	0	0	112.75	19.25	314.49	241.67	133.87	16.17	832.48
17.0088	41.8	3.85	0	0	0	0	0	0	10.45	0	0	97.02	13.75	317.35	238.92	138.38	45.65	815.87
17.0188	179.63	23.32	12.1	3.41	0	3.85	0	0	10.45	0	0	81.29	11	317.35	230.45	142.89	222.31	793.43
17.0288	251.9	44.77	26.62	11.99	0	7.81	0	0	8.69	0	0	62.48	8.25	314.49	221.98	147.29	343.09	763.18
17.0388	264.88	71.94	50.82	20.68	6.27	11.66	0	0	6.93	0	0	48.07	5.5	303.27	209.99	149.6	426.25	723.36
17.0488	280.39	107.14	79.31	39.6	12.65	21.45	0	3.52	5.17	0	0	36.74	5.5	283.47	198.11	151.8	544.06	680.79
17.0588	287.98	128.48	95.81	56.87	16.94	27.28	4.51	10.56	5.17	0	0	28.27	0	249.92	180.18	151.8	628.43	615.34
17.0688	295.68	134.75	107.69	67.43	19.03	33.22	9.13	10.56	0	0	0	19.8	0	205.81	162.36	154	677.49	541.97
17.0788	287.98	132.66	112.42	71.83	21.12	41.03	12.21	14.08	0	0	0	11.22	0	159.94	142.12	149.6	693.33	462.88
17.0888	282.92	132.66	119.79	76.23	23.21	50.71	18.26	15.84	0	0	0	5.61	0	121.88	121.77	140.58	719.62	389.84
17.0988	282.92	134.75	127.27	78.43	27.5	60.83	24.42	17.6	0	0	0	0	0	89.21	101.2	122.76	753.72	313.17
17.1088	290.62	138.93	139.59	80.63	29.59	69.74	30.47	21.12	0	0	0	0	0	64.79	83.27	94.27	800.69	242.33
17.1188	305.91	145.2	152.02	85.03	31.68	76.56	35.09	22.88	0	0	0	0	0	47.52	71.39	72.16	854.37	191.07
17.1288	318.67	149.38	164.34	89.54	33.88	83.27	39.71	26.4	0	0	0	0	0	33.22	59.51	50.82	905.19	143.55
17.1388	323.84	155.65	171.82	93.94	35.97	89.98	41.25	28.27	0	0	0	0	0	23.65	48.73	40.26	940.72	112.64
17.1488	326.37	159.83	174.24	100.54	38.06	94.49	42.68	30.03	0	0	0	0	0	18.92	35.97	29.59	966.24	84.48
17.1588	323.84	164.01	174.24	107.14	38.06	98.89	44.22	30.03	0	0	0	0	0	11.88	20.46	12.65	980.43	44.99
17.1688	318.67	164.01	171.82	113.85	38.06	103.4	44.22	31.79	0	0	0	0	0	4.73	7.7	6.27	985.82	18.7
17.1788	308.44	164.01	166.87	122.76	38.06	107.91	44.22	31.79	0	0	0	0	0	4.73	5.06	4.18	984.06	13.97
17.1888	295.68	164.01	159.39	127.27	38.06	112.42	44.22	33.55	0	0	0	0	0	0	0	4.18	974.6	4.18
17.1988	282.92	159.83	154.44	133.98	38.06	114.51	44.22	35.31	0	0	0	0	0	0	0	0	963.27	0
17.2088	270.05	157.74	147.07	136.18	38.06	116.6	44.22	35.31	0	0	0	0	0	0	0	0	945.23	0
17.2188	257.07	153.56	139.59	140.69	38.06	118.69	44.22	35.31	0	0	0	0	0	0	0	0	927.19	0
17.2288	244.09	147.29	132.22	142.89	38.06	118.69	44.22	37.07	0	0	0	0	0	0	0	0	904.53	0
17.2388	231.11	143.11	127.27	145.09	38.06	120.78	44.22	37.07	0	0	0	0	0	0	0	0	886.71	0
17.2488	220.88	138.93	122.32	147.4	40.15	120.78	44.22	35.31	0	0	0	0	0	0	0	0	869.99	0
17.2588	211.2	134.75	114.84	149.6	40.15	122.98	45.76	37.07	0	0	0	0	0	0	0	0	856.35	0
17.2688	201.52	130.57	110	154.11	40.15	122.98	45.76	37.07	0	0	0	0	0	0	0	0	842.16	0
17.2788	191.73	126.39	107.69	156.31	40.15	125.07	45.76	37.07	0	0	0	0	0	0	0	0	830.17	0
17.2888	184.47	122.21	102.96	158.51	40.15	127.16	47.3	37.07	0	0	0	0	0	0	0	0	819.83	0
17.2988	179.63	118.03	100.54	160.82	42.35	127.16	47.3	38.83	0	0	0	0	0	0	0	0	814.66	0
17.3088	172.37	115.94	95.81	160.82	42.35	131.45	48.84	38.83	0	0	0	0	0	0	0	0	806.41	0
17.3188	167.53	111.54	95.81	163.02	42.35	133.54	50.38	38.83	0	0	0	0	0	0	0	0	803	0
17.3288	162.58	109.34	95.81	165.33	44.44	135.63	53.46	40.59	0	0	0	0	0	0	0	0	807.18	0
17.3388	157.63	104.94	95.81	165.33	44.44	139.92	55	40.59	0	0	0	0	0	0	0	0	803.66	0
17.3488	152.68	102.74	93.5	167.64	44.44	144.1	56.54	42.35	0	0	0	0	0	0	0	0	803.99	0
17.3588	147.84	98.34	91.08	172.37	46.53	150.48	60.06	44.11	0	0	0	0	0	0	0	0	810.81	0
17.3688	140.47	93.94	88.77	177.1	48.62	154.66	63.69	45.87	0	0	0	0	0	0	0	0	813.12	0
17.3788	130.57	89.54	86.35	184.14	48.62	163.13	67.32	49.39	0	0	0	0	0	0	0	0	819.06	0
17.3888	120.78	85.14	79.31	188.87	50.82	169.73	70.95	51.15	0	0	0	0	0	0	0	0	816.75	0
17.3988	110.99	78.54	74.58	195.91	52.91	178.53	74.58	54.67	0	0	0	0	0	0	0	0	820.71	0
17.4088	102.08	71.94	67.54	200.64	52.91	187.33	80.08	60.5	0	0	0	0	0	0	0	0	823.02	0
17.4188	91.08	65.34	62.81	207.79	55	196.24	83.71	66.55	0	0	0	0	0	0	0	0	828.52	0
17.4288	82.17	58.74	55.77	212.52	55	205.04	89.1	70.62	0	0	0	0	0	0	0	0	828.96	0
17.4388	68.97	52.58	45.98	217.25	55	211.64	92.73	76.67	0	0	0	0	0	0	0	0	820.82	0
17.4488	60.17	44.77	38.72	221.98	57.2	220.55	98.12	82.72	0	0	0	0	0	0	0	0	824.23	0
17.4588	48.73	36.96	31.46	224.18	57.2	229.35	103.62	90.86	0	0	0	0	0	0	0	0	822.36	0
17.4688	39.49	31.13	26.62	224.18	57.2	233.75	109.01	100.87	0	0	0	0	0	0	0	0	822.25	0
17.4788	34.76	25.3	21.78	221.98	57.2	240.35	114.51	109.01	0	0	0	0	0	0	0	0	824.89	0
17.4888	30.14	21.34	19.36	217.25	55	246.95	118.47	117.26	0	0	0	0	0	0	0	0	825.77	0
17.4988	27.83	17.49	16.94	212.52	52.91	249.15	124.52	125.62	0	0	0	0	0	0	0	0	826.98	0
17.5088	25.52	15.51	14.52	200.64	50.82	253.55	128.59	131.89	0	0	0	0	0	0	0	0	821.04	0
17.5188	25.52	13.64	14.52	188.87	46.53	253.55	130.57	138.16	0	0	0	0	0	0	0	0	811.36	0
17.5288	23.21	13.64	12.1	172.37	42.35	257.95	130.57	144.43	0	0	0	0	0	0	0	0	796.62	0
17.5388	20.9	11.66	12.1	154.11	38.06	257.95	128.59	150.7	6.93	4.62	0	0	0	0	0	0	774.07	11.55
17.5488	20.9	9.68	12.1	133.98	33.88	260.15	126.5	159.06	12.21	11.66	0	0	0	0	0	0	756.25	23.87
17.5588	18.59	9.68	9.68	113.85	27.5	262.35	122.54	165.33	28.05	23.43	0	5.61	0	0	0	0	729.52	57.09
17.5688	16.17	7.7	9.68	91.74	23.21	262.35	120.45	174.13	92.29	60.94	9.57	14.08	0	7.04	0	0	705.43	183.92
17.5788	16.17	7.7	9.68	69.63	19.03	257.95	118.47	181.06	136.4	103.51	19.14	39.6	0	16.61	0	0	679.69	315.26
17.5888	13.86	5.83	7.26	49.94	14.74	244.75	116.49	190.3	166.1	140.58	35.86	53.68	5.5	47.52	0	10.56	643.17	459.8
17.5988	9.24	3.85	7.26	34.43	10.56	222.75	110.88	194.92	212.41	177.87	63.25	65.67	8.25	62.04	10.23	16.94	593.89	616.66
17.6088	6.93	3.85	7.26	25.85	8.47	178.53	103.62	194.92	248.6	194.81	85.03	71.94	11	78.32	30.8	25.41	529.43	745.91
17.6188	0	0	4.84	17.16	6.27	129.25	89.1	190.3	256.08	194.81	90.53	71.94	13.75	86.46	43.67	29.59	436.92	786.83
17.6288	0	0	4.84	11.99	6.27	89.98	69.19	169.62	243.76	187.55	90.53	71.94	13.75	91.96	46.2	29.59	351.89	775.28
17.6388	0	0	0	8.58	6.27	60.83	53.46	127.71	236.28	187.55	93.28	71.94	13.75	100.1	51.37	31.79	256.85	786.06
17.6488	0	0	0	3.41	4.18	44.88	44.22	74.69	241.23	192.39	101.42	78.21	16.5	110.99	62.48	38.06	171.38	841.28
17.6588	0	0	0	0	0	31.24	35.09	49.39	253.55	202.07	109.67	81.29	16.5	121.88	74.36	40.26	115.72	899.58
17.6688	0	0	0	0	0	23.43	27.5	30.03	270.82	209.33	120.78	84.48	19.25	130.02	86.35	44.44	80.96	965.47
17.6788	0	0	0	0	0	17.49	19.8	19.36	285.78	216.59	131.89	84.48	22	135.41	95.26	48.73	56.65	1020.14
17.6888	0	0	0	0	0	11.66	10.67	7.04	293.48	219.01	137.5	87.56	22	138.16	104.17	50.82	29.37	1052.7
17.6988	0	0	0	0	0	7.81	6.05	3.52	293.48	221.43	140.25	90.75	24.75	143.66	110.22	52.91	17.38	1077.45
17.7088	0	0	0	0	0	7.81	4.51	3.52	288.31	223.85	140.25	93.94	24.75	149.05	115.94	55.11	15.84	1091.2
17.7188	0	0	0	0	0	5.83	2.97	0	275.77	221.43	137.5	100.21	24.75	154.55	118.91	55.11	8.8	1088.23
17.7288	0	0	0	0	0	3.85	0	0	263.45	216.59	131.89	103.29	27.5	159.94	121.77	57.53	3.85	1081.96
17.7388	0	0	0	0	0	3.85	0	0	246.18	209.33	126.28	106.48	27.5	162.69	124.63	59.95	3.85	1063.04
17.7488	0	0	0	0	0	3.85	0	0	228.91	202.07	120.78	106.48	27.5	165.44	127.6	59.95	3.85	1038.73
17.7588	0	0	0	0	0	0	0	0	212.41	194.81	112.42	109.56	27.5	168.19	130.46	62.37	0	1017.72
17.7688	0	0	0	0	0	0	0	0	198.55	187.55	104.17	112.75	27.5	168.19	130.46	62.37	0	991.54
17.7788	0	0	0	0	0	0	0	0	182.27	180.29	98.67	115.94	27.5	170.83	130.46	64.9	0	970.86
17.7888	0	0	0	0	0	0	0	0	168.41	170.61	93.28	119.02	30.25	173.47	133.32	64.9	0	953.26
17.7988	0	0	0	0	0	0	0	0	155.43	163.13	87.78	122.21	30.25	176.22	133.32	64.9	0	933.24
17.8088	0	0	0	0	0	0	0	0	144.87	155.65	82.39	125.4	30.25	178.86	136.29	64.9	0	918.61
17.8188	0	0	0	0	0	0	0	0	134.31	148.06	76.89	128.48	30.25	181.61	136.29	67.32	0	903.21
17.8288	0	0	0	0	0	0	0	0	125.84	140.58	74.14	131.67	30.25	184.25	139.15	69.74	0	895.62
17.8388	0	0	0	0	0	0	0	0	117.37	135.52	68.75	131.67	33	187	142.12	69.74	0	885.17
17.8488	0	0	0	0	0	0	0	0	113.3	130.57	66	134.86	33	189.64	147.84	69.74	0	884.95
17.8587	0	0	0	0	0	0	0	0	107.58	125.51	66	137.94	33	192.39	150.81	72.16	0	885.39
17.8687	0	0	0	0	0	0	0	0	103.73	123.09	63.25	141.13	35.75	197.67	156.53	74.69	0	895.84
17.8787	0	0	0	0	0	0	0	0	99.99	118.03	60.5	144.32	35.75	200.42	159.5	77.11	0	895.62
17.8887	0	0	0	0	0	0	0	0	96.14	115.5	60.5	147.51	35.75	205.81	168.3	77.11	0	906.62
17.8987	0	0	0	0	0	0	0	0	92.29	113.08	57.75	150.59	38.5	211.2	171.27	79.53	0	914.21
17.9087	0	0	0	0	0	0	0	0	86.57	108.24	55.11	156.97	38.5	216.59	177.21	81.95	0	921.14
17.9187	0	0	0	0	0	0	0	0	80.85	103.51	52.69	160.05	41.25	224.73	183.15	84.48	0	930.71
17.9287	0	0	0	0	0	0	0	0	75.13	98.78	47.85	163.24	41.25	230.34	192.06	86.9	0	935.55
17.9387	0	0	0	0	0	0	0	0	67.43	94.05	45.43	166.43	41.25	235.95	198.11	89.32	0	937.97
17.9487	0	0	0	0	0	0	0	0	59.84	87.01	40.7	172.81	44	244.31	207.02	91.74	0	947.43
17.9587	0	0	0	0	0	0	0	0	54.45	79.86	38.28	179.19	44	249.92	209.99	94.27	0	949.96
17.9687	0	0	0	0	0	0	0	0	47.41	72.82	33.44	182.38	44	255.42	218.9	96.69	0	951.06
17.9787	0	0	0	0	0	0	0	0	40.37	63.36	28.71	188.76	46.75	261.03	224.73	99.11	0	952.82
17.9887	0	0	0	0	0	0	0	0	33.33	51.59	23.87	191.95	46.75	266.64	233.2	101.53	0	948.86
17.9987	0	0	0	0	0	0	0	0	28.05	42.13	19.14	195.14	46.75	272.25	238.92	104.06	0	946.44
18.0087	0	0	0	0	0	0	0	0	24.53	32.78	16.72	198.44	46.75	280.61	244.53	106.48	0	950.84
18.0187	0	0	0	0	0	0	0	0	22.77	25.74	14.3	198.44	46.75	286.33	247.39	108.9	0	950.62
18.0287	0	0	0	0	0	0	0	0	19.25	18.7	11.88	195.14	44	291.94	250.14	113.85	0	944.9
18.0387	0	0	0	0	0	0	0	0	15.73	9.35	7.15	188.76	41.25	297.55	250.14	116.05	0	925.98
18.0487	0	0	0	0	0	0	0	0	13.97	6.93	4.73	176	38.5	300.41	250.14	118.25	0	908.93
18.0587	0	0	0	0	0	0	0	0	12.21	4.62	4.73	160.05	33	303.27	250.14	120.45	0	888.47
18.0687	11.55	3.85	0	0	0	0	0	0	12.21	0	4.73	141.13	27.5	308.88	247.39	122.76	15.4	864.6
18.0787	32.45	3.85	0	0	0	0	0	0	12.21	0	0	125.4	22	311.74	244.53	127.16	36.3	843.04
18.0887	147.84	25.3	12.1	5.17	0	5.83	0	0	10.45	0	0	106.48	19.25	311.74	238.92	129.47	196.24	816.31
18.0987	251.9	48.73	26.62	13.75	4.18	9.68	0	0	10.45	0	0	87.56	13.75	311.74	233.2	133.87	354.86	790.57
18.1087	254.43	71.94	48.4	27.5	8.47	13.64	0	0	8.69	0	0	68.75	8.25	306.02	227.59	138.38	424.38	757.68
18.1187	267.41	107.14	77	43.01	14.74	23.43	4.51	0	8.69	0	0	50.82	8.25	291.94	215.93	140.58	537.24	716.21
18.1287	270.05	124.3	93.5	58.63	16.94	31.24	7.59	7.04	5.17	0	0	39.6	5.5	266.64	201.08	142.89	609.29	660.88
18.1387	285.45	132.66	105.27	67.43	21.12	37.07	12.21	8.8	5.17	0	0	28.27	0	230.34	186.12	145.09	670.01	594.99
18.1487	280.39	130.57	110	69.63	21.12	42.9	15.18	10.56	0	0	0	16.94	0	184.25	165.33	147.29	680.35	513.81
18.1587	275.22	130.57	112.42	71.83	23.21	50.71	18.26	12.32	0	0	0	8.47	0	143.66	142.12	142.89	694.54	437.14
18.1687	272.58	130.57	117.37	74.03	23.21	56.65	22.88	14.08	0	0	0	0	0	110.99	115.94	131.67	711.37	358.6
18.1787	280.39	134.75	124.74	74.03	27.5	63.03	27.5	15.84	0	0	0	0	0	81.07	95.26	113.85	747.78	290.18
18.1887	293.15	138.93	137.17	78.43	29.59	69.74	30.47	15.84	0	0	0	0	0	59.4	80.3	86.9	793.32	226.6
18.1987	308.44	145.2	149.49	80.63	31.68	74.25	35.09	19.36	0	0	0	0	0	42.68	68.42	67.32	844.14	178.42
18.2087	321.31	151.47	159.39	85.03	33.88	78.76	38.17	21.12	0	0	0	0	0	30.8	56.54	46.53	889.13	133.87
18.2187	326.37	155.65	164.34	89.54	33.88	83.27	38.17	21.12	0	0	0	0	0	23.65	46.2	38.06	912.34	107.91
18.2287	328.9	161.92	166.87	96.14	35.97	87.67	39.71	22.88	0	0	0	0	0	18.92	35.97	27.5	940.06	82.39
18.2387	326.37	164.01	166.87	102.74	35.97	92.18	39.71	24.64	0	0	0	0	0	9.46	15.4	12.65	952.49	37.51
18.2487	318.67	168.3	161.92	111.54	35.97	96.69	39.71	24.64	0	0	0	0	0	4.73	0	4.18	957.44	8.91
18.2587	308.44	168.3	156.97	120.56	35.97	101.2	41.25	26.4	0	0	0	0	0	0	0	4.18	959.09	4.18
18.2687	298.21	168.3	152.02	127.27	35.97	105.6	41.25	26.4	0	0	0	0	0	0	0	4.18	955.02	4.18
18.2787	287.98	168.3	147.07	133.98	38.06	110.11	41.25	26.4	0	0	0	0	0	0	0	0	953.15	0
18.2887	277.86	164.01	142.12	138.38	35.97	110.11	41.25	28.27	0	0	0	0	0	0	0	0	937.97	0
18.2987	264.88	161.92	137.17	142.89	38.06	112.42	41.25	28.27	0	0	0	0	0	0	0	0	926.86	0
18.3087	251.9	157.74	129.69	147.4	38.06	114.51	41.25	28.27	0	0	0	0	0	0	0	0	908.82	0
18.3187	241.45	153.56	124.74	151.8	38.06	114.51	39.71	28.27	0	0	0	0	0	0	0	0	892.1	0
18.3287	228.58	149.38	117.37	154.11	38.06	114.51	39.71	28.27	0	0	0	0	0	0	0	0	869.99	0
18.3387	218.46	145.2	112.42	158.51	38.06	116.6	39.71	30.03	0	0	0	0	0	0	0	0	858.99	0
18.3487	208.78	141.02	107.69	160.82	38.06	118.69	41.25	30.03	0	0	0	0	0	0	0	0	846.34	0
18.3587	199.1	138.93	102.96	165.33	38.06	118.69	39.71	30.03	0	0	0	0	0	0	0	0	832.81	0
18.3687	191.73	134.75	98.23	169.95	38.06	120.78	41.25	30.03	0	0	0	0	0	0	0	0	824.78	0
18.3787	182.05	130.57	95.81	172.37	38.06	122.98	41.25	30.03	0	0	0	0	0	0	0	0	813.12	0
18.3887	174.79	126.39	91.08	177.1	40.15	125.07	41.25	30.03	0	0	0	0	0	0	0	0	805.86	0
18.3987	167.53	122.21	88.77	181.83	40.15	129.25	42.68	31.79	0	0	0	0	0	0	0	0	804.21	0
18.4087	157.63	118.03	86.35	188.87	40.15	133.54	44.22	31.79	0	0	0	0	0	0	0	0	800.58	0
18.4187	150.26	113.85	84.04	193.6	42.35	139.92	45.76	31.79	0	0	0	0	0	0	0	0	801.57	0
18.4287	142.89	109.34	79.31	200.64	42.35	146.19	47.3	33.55	0	0	0	0	0	0	0	0	801.57	0
18.4387	135.52	102.74	77	205.37	42.35	150.48	48.84	35.31	0	0	0	0	0	0	0	0	797.61	0
18.4487	125.73	98.34	74.58	212.52	44.44	156.86	51.92	35.31	0	0	0	0	0	0	0	0	799.7	0
18.4587	115.83	91.74	69.85	217.25	44.44	163.13	53.46	37.07	0	0	0	0	0	0	0	0	792.77	0
18.4687	108.68	87.34	65.12	221.98	46.53	171.93	56.54	40.59	0	0	0	0	0	0	0	0	798.71	0
18.4787	99.88	80.74	62.81	226.49	46.53	178.53	60.06	42.35	0	0	0	0	0	0	0	0	797.39	0
18.4887	91.08	74.14	58.08	231	48.62	187.33	63.69	45.87	0	0	0	0	0	0	0	0	799.81	0
18.4987	82.17	67.54	53.24	233.31	48.62	196.24	69.19	47.63	0	0	0	0	0	0	0	0	797.94	0
18.5087	73.37	58.74	48.4	237.82	50.82	205.04	74.58	52.91	0	0	0	0	0	0	0	0	801.68	0
18.5187	64.57	52.58	41.14	240.13	50.82	213.84	80.08	56.54	0	0	0	0	0	0	0	0	799.7	0
18.5287	55.77	44.77	33.88	242.33	52.91	222.75	85.47	62.59	0	0	0	0	0	0	0	0	800.47	0
18.5387	46.42	38.94	29.04	242.33	52.91	233.75	92.73	70.62	0	0	0	0	0	0	0	0	806.74	0
18.5487	39.49	33.11	26.62	242.33	52.91	242.55	99.99	78.65	0	0	0	0	0	0	0	0	815.65	0
18.5587	37.18	27.28	21.78	240.13	52.91	249.15	107.25	88.77	0	0	0	0	0	0	0	0	824.45	0
18.5687	32.45	23.32	19.36	237.82	52.91	253.55	112.64	102.96	0	0	0	0	0	0	0	0	835.01	0
18.5787	27.83	19.47	16.94	228.69	52.91	260.15	118.47	113.08	0	0	0	0	0	0	0	0	837.54	0
18.5887	25.52	15.51	14.52	219.56	48.62	264.55	122.54	121.44	0	0	0	0	0	0	0	0	832.26	0
18.5987	23.21	15.51	14.52	207.79	46.53	266.75	124.52	129.8	0	0	0	0	0	0	0	0	828.63	0
18.6087	23.21	13.64	12.1	191.29	42.35	268.95	124.52	138.16	3.41	4.62	0	0	0	0	0	0	814.22	8.03
18.6187	20.9	13.64	12.1	172.37	38.06	271.15	124.52	144.43	6.93	9.35	0	0	0	0	0	0	797.17	16.28
18.6287	20.9	11.66	9.68	151.8	33.88	273.35	120.45	152.79	13.97	16.39	0	0	0	0	0	0	774.51	30.36
18.6387	18.59	11.66	9.68	129.47	27.5	273.35	118.47	161.15	40.37	35.09	4.73	8.47	0	0	0	0	749.87	88.66
18.6487	18.59	9.68	9.68	104.94	23.21	273.35	116.49	169.62	109.45	77.55	14.3	16.94	0	7.04	0	0	725.56	225.28
18.6587	16.17	7.7	9.68	80.63	19.03	268.95	112.64	176.44	146.96	118.03	26.29	45.21	5.5	28.49	5.06	8.47	691.24	384.01
18.6687	13.86	7.7	7.26	56.87	14.74	255.75	110.88	183.37	186.89	150.59	50.27	59.4	8.25	56.98	15.4	16.94	650.43	544.72
18.6787	9.24	5.83	7.26	39.6	10.56	229.35	107.25	190.3	226.49	173.03	74.14	65.67	11	70.18	35.97	21.12	599.39	677.6
18.6887	6.93	3.85	4.84	27.5	8.47	187.33	99.99	190.3	241.23	175.45	85.03	65.67	13.75	78.32	43.67	27.5	529.21	730.62
18.6987	0	0	4.84	18.92	6.27	135.63	85.47	187.99	233.86	168.19	87.78	65.67	16.5	81.07	48.73	29.59	439.12	731.39
18.7087	0	0	4.84	13.75	6.27	89.98	65.56	167.42	224.07	163.13	87.78	62.48	16.5	86.46	53.9	31.79	347.82	726.11
18.7187	0	0	0	8.58	4.18	60.83	51.92	127.71	226.49	163.13	96.03	65.67	19.25	94.6	65.45	35.97	253.22	766.59
18.7287	0	0	0	5.17	4.18	44.88	42.68	74.69	241.23	170.61	106.92	65.67	19.25	102.74	77.33	40.26	171.6	824.01
18.7387	0	0	0	0	0	31.24	33.55	49.39	260.92	180.29	120.78	68.75	22	110.99	92.29	44.44	114.18	900.46
18.7487	0	0	0	0	0	23.43	24.42	28.27	285.78	187.55	134.64	68.75	24.75	113.63	101.2	48.73	76.12	965.03
18.7587	0	0	0	0	0	15.62	16.72	15.84	301.07	194.81	145.86	71.94	27.5	119.13	113.08	52.91	48.18	1026.3
18.7687	0	0	0	0	0	9.68	7.59	3.52	306.24	199.65	151.36	75.02	30.25	124.52	121.77	55.11	20.79	1063.92
18.7787	0	0	0	0	0	7.81	2.97	0	303.71	202.07	151.36	78.21	30.25	130.02	130.46	57.53	10.78	1083.61
18.7887	0	0	0	0	0	5.83	0	0	298.54	202.07	151.36	81.29	33	135.41	136.29	59.95	5.83	1097.91
18.7987	0	0	0	0	0	3.85	0	0	288.31	199.65	148.61	84.48	35.75	140.91	142.12	59.95	3.85	1099.78
18.8087	0	0	0	0	0	3.85	0	0	273.24	194.81	145.86	87.56	35.75	143.66	147.84	62.37	3.85	1091.09
18.8187	0	0	0	0	0	0	0	0	260.92	189.97	140.25	87.56	35.75	146.3	153.67	64.9	0	1079.32
18.8287	0	0	0	0	0	0	0	0	246.18	182.71	134.64	87.56	35.75	149.05	159.5	64.9	0	1060.29
18.8387	0	0	0	0	0	0	0	0	231.44	175.45	129.14	90.75	38.5	151.8	159.5	64.9	0	1041.48
18.8487	0	0	0	0	0	0	0	0	214.72	168.19	120.78	90.75	38.5	151.8	162.36	67.32	0	1014.42
18.8587	0	0	0	0	0	0	0	0	200.86	160.6	115.17	93.94	38.5	154.55	165.33	67.32	0	996.27
18.8687	0	0	0	0	0	0	0	0	184.58	153.12	106.92	97.02	38.5	157.19	165.33	69.74	0	972.4
18.8787	0	0	0	0	0	0	0	0	170.72	145.64	101.42	97.02	38.5	157.19	168.3	69.74	0	948.53
18.8887	0	0	0	0	0	0	0	0	157.63	138.05	93.28	97.02	41.25	159.94	171.27	69.74	0	928.18
18.8987	0	0	0	0	0	0	0	0	144.87	130.57	90.53	100.21	41.25	162.69	171.27	72.16	0	913.55
18.9087	0	0	0	0	0	0	0	0	136.4	125.51	85.03	103.29	41.25	165.44	174.24	72.16	0	903.32
18.9187	0	0	0	0	0	0	0	0	125.84	120.56	79.64	106.48	41.25	170.83	177.21	74.69	0	896.5
18.9287	0	0	0	0	0	0	0	0	119.46	115.5	74.14	109.56	41.25	173.47	180.18	74.69	0	888.25
18.9387	0	0	0	0	0	0	0	0	111.43	110.66	71.39	112.75	44	176.22	186.12	77.11	0	889.68
18.9487	0	0	0	0	0	0	0	0	105.71	105.93	68.75	115.94	44	181.61	192.06	79.53	0	893.53
18.9587	0	0	0	0	0	0	0	0	98.01	101.2	63.25	122.21	46.75	184.25	198.11	79.53	0	893.31
18.9687	0	0	0	0	0	0	0	0	92.29	96.47	60.5	125.4	46.75	192.39	207.02	81.95	0	902.77
18.9787	0	0	0	0	0	0	0	0	86.57	91.74	57.75	128.48	49.5	197.67	212.96	84.48	0	909.15
18.9887	0	0	0	0	0	0	0	0	80.85	87.01	55.11	131.67	49.5	203.06	218.9	86.9	0	913
18.9987	0	0	0	0	0	0	0	0	73.15	84.59	50.27	134.86	49.5	208.45	227.59	89.32	0	917.73
19.0087	0	0	0	0	0	0	0	0	67.43	77.55	47.85	141.13	52.25	216.59	233.2	91.74	0	927.74
19.0187	0	0	0	0	0	0	0	0	59.84	72.82	43.12	144.32	52.25	221.98	241.67	94.27	0	930.27
19.0287	0	0	0	0	0	0	0	0	52.69	65.67	40.7	150.59	55.11	227.48	247.39	96.69	0	936.32
19.0387	0	0	0	0	0	0	0	0	45.65	58.63	33.44	156.97	55.11	235.95	255.86	99.11	0	940.72
19.0487	0	0	0	0	0	0	0	0	36.85	51.59	28.71	160.05	58.08	241.45	264.33	101.53	0	942.59
19.0587	0	0	0	0	0	0	0	0	31.57	42.13	23.87	166.43	58.08	249.92	269.94	104.06	0	946
19.0687	0	0	0	0	0	0	0	0	26.29	32.78	19.14	169.62	58.08	255.42	275.66	108.9	0	945.89
19.0787	0	0	0	0	0	0	0	0	24.53	25.74	16.72	169.62	55.11	263.89	284.46	111.32	0	951.39
19.0887	0	0	0	0	0	0	0	0	21.01	18.7	11.88	169.62	55.11	269.39	287.43	113.85	0	946.99
19.0987	0	0	0	0	0	0	0	0	17.49	9.35	9.57	163.24	52.25	275	290.4	116.05	0	933.35
19.1087	0	0	0	0	0	0	0	0	13.97	4.62	7.15	156.97	46.75	277.86	287.43	118.25	0	913
19.1187	0	3.85	0	0	0	0	0	0	13.97	0	4.73	144.32	41.25	280.61	287.43	120.45	3.85	892.76
19.1287	6.93	0	0	0	0	0	0	0	13.97	0	4.73	131.67	35.75	286.33	284.46	122.76	6.93	879.67
19.1387	16.17	3.85	0	0	0	0	0	0	12.21	0	0	119.02	30.25	291.94	278.52	127.16	20.02	859.1
19.1487	41.8	3.85	0	0	0	0	0	0	12.21	0	0	106.48	24.75	294.8	269.94	131.67	45.65	839.85
19.1587	162.58	21.34	12.1	3.41	0	3.85	0	0	10.45	0	0	90.75	19.25	300.41	258.72	136.18	203.28	815.76
19.1687	228.58	40.92	24.2	10.34	0	5.83	0	0	10.45	0	0	75.02	13.75	300.41	250.14	140.58	309.87	790.35
19.1787	236.28	60.94	43.56	20.68	6.27	9.68	0	0	8.69	0	0	56.54	8.25	297.55	236.06	145.09	377.41	752.18
19.1887	251.9	93.94	67.54	36.19	12.65	19.47	0	3.52	8.69	0	0	42.35	5.5	283.47	224.73	149.6	485.21	714.34
19.1987	257.07	111.54	84.04	51.7	16.94	25.3	6.05	8.8	6.93	0	0	31.02	5.5	261.03	207.02	154	561.44	665.5
19.2087	270.05	120.12	98.23	60.83	19.03	33.22	9.13	10.56	3.41	0	0	22.55	0	219.23	189.09	156.31	621.17	590.59
19.2187	270.05	120.12	105.27	63.03	19.03	41.03	12.21	12.32	0	0	0	11.22	0	176.22	165.33	154	643.06	506.77
19.2287	267.41	120.12	112.42	65.23	23.21	52.69	18.26	14.08	0	0	0	5.61	0	135.41	142.12	149.6	673.42	432.74
19.2387	270.05	122.21	119.79	67.43	25.41	60.83	24.42	17.6	0	0	0	0	0	102.74	118.91	136.18	707.74	357.83
19.2487	277.86	126.39	132.22	69.63	27.5	69.74	30.47	17.6	0	0	0	0	0	75.68	98.23	113.85	751.41	287.76
19.2587	293.15	132.66	147.07	71.83	29.59	76.56	35.09	21.12	0	0	0	0	0	54.56	83.27	84.48	807.07	222.31
19.2687	308.44	138.93	159.39	76.23	31.68	83.27	39.71	22.88	0	0	0	0	0	40.37	68.42	64.9	860.53	173.69
19.2787	321.31	143.11	171.82	78.43	33.88	87.67	41.25	26.4	0	0	0	0	0	28.49	56.54	44.44	903.87	129.47
19.2886	326.37	147.29	176.77	85.03	33.88	92.18	42.68	28.27	0	0	0	0	0	21.34	48.73	35.97	932.47	106.04
19.2986	326.37	151.47	179.3	89.54	33.88	98.89	44.22	30.03	0	0	0	0	0	16.61	35.97	25.41	953.7	77.99
19.3086	321.31	153.56	179.3	96.14	35.97	103.4	45.76	31.79	0	0	0	0	0	9.46	17.93	10.56	967.23	37.95
19.3186	316.14	155.65	174.24	102.74	35.97	110.11	45.76	33.55	0	0	0	0	0	4.73	5.06	6.27	974.16	16.06
19.3286	303.38	155.65	166.87	109.34	35.97	114.51	45.76	33.55	0	0	0	0	0	0	5.06	4.18	965.03	9.24
19.3386	290.62	153.56	161.92	116.05	35.97	116.6	47.3	35.31	0	0	0	0	0	0	0	4.18	957.33	4.18
19.3486	277.86	151.47	154.44	122.76	38.06	120.78	47.3	35.31	0	0	0	0	0	0	0	0	947.98	0
19.3586	264.88	149.38	147.07	127.27	38.06	122.98	47.3	35.31	0	0	0	0	0	0	0	0	932.25	0
19.3686	251.9	145.2	139.59	131.67	38.06	122.98	47.3	37.07	0	0	0	0	0	0	0	0	913.77	0
19.3786	238.92	141.02	132.22	133.98	38.06	125.07	48.84	37.07	0	0	0	0	0	0	0	0	895.18	0
19.3886	225.94	136.84	127.27	136.18	38.06	125.07	47.3	37.07	0	0	0	0	0	0	0	0	873.73	0
19.3986	216.04	132.66	119.79	138.38	38.06	125.07	48.84	37.07	0	0	0	0	0	0	0	0	855.91	0
19.4086	206.36	128.48	114.84	140.69	40.15	127.16	48.84	38.83	0	0	0	0	0	0	0	0	845.35	0
19.4186	199.1	124.3	110	142.89	40.15	127.16	50.38	37.07	0	0	0	0	0	0	0	0	831.05	0
19.4286	191.73	120.12	105.27	145.09	40.15	129.25	51.92	37.07	0	0	0	0	0	0	0	0	820.6	0
19.4386	184.47	115.94	102.96	145.09	40.15	129.25	51.92	38.83	0	0	0	0	0	0	0	0	808.61	0
19.4486	179.63	113.85	100.54	147.4	40.15	131.45	53.46	38.83	0	0	0	0	0	0	0	0	805.31	0
19.4586	174.79	111.54	98.23	149.6	42.35	131.45	53.46	38.83	0	0	0	0	0	0	0	0	800.25	0
19.4686	167.53	109.34	95.81	151.8	42.35	133.54	55	38.83	0	0	0	0	0	0	0	0	794.2	0
19.4786	162.58	104.94	93.5	156.31	42.35	135.63	55	40.59	0	0	0	0	0	0	0	0	790.9	0
19.4886	155.21	102.74	91.08	160.82	44.44	139.92	56.54	40.59	0	0	0	0	0	0	0	0	791.34	0
19.4986	147.84	98.34	86.35	165.33	44.44	144.1	58.3	42.35	0	0	0	0	0	0	0	0	787.05	0
19.5086	140.47	93.94	84.04	167.64	44.44	148.39	60.06	44.11	0	0	0	0	0	0	0	0	783.09	0
19.5186	133.1	89.54	81.73	172.37	46.53	154.66	63.69	45.87	0	0	0	0	0	0	0	0	787.49	0
19.5286	125.73	85.14	79.31	174.68	46.53	158.95	67.32	47.63	0	0	0	0	0	0	0	0	785.29	0
19.5386	118.36	80.74	77	179.41	48.62	167.53	70.95	51.15	0	0	0	0	0	0	0	0	793.76	0
19.5486	110.99	76.34	74.58	181.83	48.62	176.33	74.58	54.67	0	0	0	0	0	0	0	0	797.94	0
19.5586	102.08	69.74	69.85	186.56	50.82	185.13	80.08	58.52	0	0	0	0	0	0	0	0	802.78	0
19.5686	93.28	63.14	62.81	191.29	50.82	191.73	85.47	64.57	0	0	0	0	0	0	0	0	803.11	0
19.5786	82.17	56.54	55.77	195.91	52.91	202.84	90.86	70.62	0	0	0	0	0	0	0	0	807.62	0
19.5886	71.17	50.6	48.4	203.06	52.91	211.64	96.36	76.67	0	0	0	0	0	0	0	0	810.81	0
19.5986	60.17	42.79	38.72	207.79	55	220.55	101.75	84.81	0	0	0	0	0	0	0	0	811.58	0
19.6086	48.73	36.96	31.46	210.1	55	229.35	107.25	96.91	0	0	0	0	0	0	0	0	815.76	0
19.6186	41.8	31.13	26.62	212.52	57.2	235.95	114.51	104.94	0	0	0	0	0	0	0	0	824.67	0
19.6286	37.18	27.28	24.2	210.1	55	242.55	120.45	115.17	0	0	0	0	0	0	0	0	831.93	0
19.6386	32.45	21.34	19.36	207.79	55	249.15	126.5	121.44	0	0	0	0	0	0	0	0	833.03	0
19.6486	27.83	17.49	16.94	200.64	52.91	251.35	130.57	129.8	0	0	0	0	0	0	0	0	827.53	0
19.6586	25.52	15.51	14.52	193.6	50.82	255.75	134.64	136.07	0	0	0	0	0	0	0	0	826.43	0
19.6686	23.21	13.64	14.52	179.41	46.53	257.95	134.64	142.34	0	0	0	0	0	0	0	0	812.24	0
19.6786	23.21	13.64	14.52	165.33	42.35	260.15	134.64	148.61	3.41	0	0	0	0	0	0	0	802.45	3.41
19.6886	20.9	11.66	12.1	147.4	38.06	262.35	132.55	152.79	6.93	4.62	0	0	0	0	0	0	777.81	11.55
19.6986	20.9	11.66	12.1	129.47	33.88	262.35	128.59	156.97	15.73	13.97	0	0	0	0	0	0	755.92	29.7
19.7086	18.59	9.68	9.68	111.54	27.5	264.55	124.52	163.24	45.65	32.78	4.73	8.47	0	0	0	0	729.3	91.63
19.7186	18.59	9.68	9.68	91.74	23.21	264.55	120.45	169.62	111.43	72.82	11.88	16.94	0	7.04	5.06	0	707.52	225.17
19.7286	16.17	7.7	9.68	69.63	19.03	260.15	116.49	176.44	142.78	113.08	21.56	45.21	0	26.07	5.06	6.27	675.29	360.03
19.7386	13.86	5.83	9.68	51.7	14.74	246.95	110.88	183.37	184.58	155.65	43.12	59.4	5.5	54.56	5.06	12.65	637.01	520.52
19.7486	11.55	5.83	7.26	36.19	10.56	227.15	105.38	187.99	226.49	185.13	68.75	71.94	11	72.93	20.46	19.03	591.91	675.73
19.7586	6.93	3.85	7.26	27.5	8.47	189.53	96.36	187.99	246.18	194.81	79.64	75.02	13.75	81.07	35.97	25.41	527.89	751.85
19.7686	4.62	0	4.84	18.92	6.27	137.72	83.71	183.37	238.81	187.55	82.39	75.02	13.75	86.46	41.03	27.5	439.45	752.51
19.7786	0	0	4.84	13.75	6.27	94.49	65.56	165.33	226.49	180.29	82.39	75.02	13.75	91.96	46.2	27.5	350.24	743.6
19.7886	0	0	0	10.34	6.27	65.34	53.46	127.71	221.65	180.29	85.03	78.21	13.75	100.1	53.9	31.79	263.12	764.72
19.7986	0	0	0	5.17	4.18	46.86	44.22	76.67	231.44	189.97	93.28	81.29	16.5	113.63	62.48	35.97	177.1	824.56
19.8086	0	0	0	0	0	33.22	35.09	49.39	248.6	197.23	104.17	84.48	19.25	121.88	74.36	40.26	117.7	890.23
19.8186	0	0	0	0	0	23.43	27.5	28.27	265.87	206.91	117.92	87.56	19.25	130.02	86.35	42.35	79.2	956.23
19.8286	0	0	0	0	0	17.49	19.8	17.6	278.19	214.17	126.28	90.75	22	135.41	95.26	46.53	54.89	1008.59
19.8386	0	0	0	0	0	11.66	10.67	5.28	280.72	216.59	131.89	97.02	22	143.66	101.2	48.73	27.61	1041.81
19.8486	0	0	0	0	0	7.81	4.51	0	275.77	221.43	131.89	103.29	24.75	151.8	107.14	50.82	12.32	1066.89
19.8586	0	0	0	0	0	5.83	2.97	0	268.4	221.43	129.14	109.56	24.75	159.94	113.08	52.91	8.8	1079.21
19.8686	0	0	0	0	0	5.83	0	0	256.08	221.43	126.28	115.94	24.75	165.44	115.94	55.11	5.83	1080.97
19.8786	0	0	0	0	0	3.85	0	0	241.23	216.59	123.53	122.21	24.75	170.83	118.91	55.11	3.85	1073.16
19.8886	0	0	0	0	0	0	0	0	224.07	209.33	115.17	128.48	27.5	176.22	118.91	57.53	0	1057.21
19.8986	0	0	0	0	0	0	0	0	210.1	202.07	109.67	131.67	27.5	181.61	121.77	57.53	0	1041.92
19.9086	0	0	0	0	0	0	0	0	196.24	197.23	101.42	137.94	24.75	184.25	121.77	57.53	0	1021.13
19.9186	0	0	0	0	0	0	0	0	179.96	187.55	96.03	144.32	27.5	187	121.77	59.95	0	1004.08
19.9286	0	0	0	0	0	0	0	0	166.1	180.29	90.53	150.59	27.5	189.64	118.91	59.95	0	983.51
19.9386	0	0	0	0	0	0	0	0	153.34	173.03	82.39	153.78	27.5	189.64	118.91	59.95	0	958.54
19.9486	0	0	0	0	0	0	0	0	142.78	165.66	76.89	156.97	27.5	192.39	118.91	59.95	0	941.05
19.9586	0	0	0	0	0	0	0	0	132.22	155.65	71.39	163.24	27.5	195.03	115.94	62.37	0	923.34
19.9686	0	0	0	0	0	0	0	0	121.55	150.59	66	166.43	27.5	195.03	115.94	59.95	0	902.99
19.9786	0	0	0	0	0	0	0	0	113.3	145.64	60.5	169.62	27.5	197.67	113.08	62.37	0	889.68
19.9886	0	0	0	0	0	0	0	0	109.45	138.05	57.75	176	27.5	200.42	113.08	62.37	0	884.62
19.9986	0	0	0	0	0	0	0	0	103.73	133.1	55.11	176	27.5	203.06	113.08	62.37	0	873.95
20.0086	0	0	0	0	0	0	0	0	98.01	130.57	52.69	182.38	27.5	205.81	115.94	64.9	0	877.8
20.0186	0	0	0	0	0	0	0	0	96.14	125.51	50.27	185.57	30.25	208.45	115.94	64.9	0	877.03
20.0286	0	0	0	0	0	0	0	0	90.42	123.09	50.27	188.76	27.5	211.2	121.77	67.32	0	880.33
20.0386	0	0	0	0	0	0	0	0	86.57	118.03	47.85	191.95	30.25	216.59	121.77	67.32	0	880.33
20.0486	0	0	0	0	0	0	0	0	82.72	115.5	45.43	198.44	30.25	219.23	127.6	69.74	0	888.91
20.0586	0	0	0	0	0	0	0	0	78.98	110.66	45.43	201.63	30.25	224.73	130.46	69.74	0	891.88
20.0686	0	0	0	0	0	0	0	0	75.13	108.24	43.12	208.01	33	233.09	133.32	72.16	0	906.07
20.0786	0	0	0	0	0	0	0	0	69.41	103.51	40.7	211.2	33	238.7	139.15	72.16	0	907.83
20.0886	0	0	0	0	0	0	0	0	63.69	98.78	38.28	217.58	33	244.31	144.98	74.69	0	915.31
20.0986	0	0	0	0	0	0	0	0	57.97	91.74	35.86	220.77	35.75	249.92	150.81	77.11	0	919.93
20.1086	0	0	0	0	0	0	0	0	52.69	84.59	33.44	226.93	35.75	258.28	156.53	77.11	0	925.32
20.1186	0	0	0	0	0	0	0	0	45.65	77.55	28.71	232.76	35.75	263.89	162.36	79.53	0	926.2
20.1286	0	0	0	0	0	0	0	0	40.37	70.4	26.29	235.62	38.5	269.39	168.3	81.95	0	930.82
20.1386	0	0	0	0	0	0	0	0	35.09	60.94	21.56	241.45	38.5	275	174.24	84.48	0	931.26
20.1486	0	0	0	0	0	0	0	0	31.57	51.59	19.14	244.42	38.5	283.47	183.15	86.9	0	938.74
20.1586	0	0	0	0	0	0	0	0	28.05	42.13	16.72	247.28	38.5	291.94	189.09	89.32	0	943.03
20.1686	0	0	0	0	0	0	0	0	24.53	35.09	14.3	250.14	38.5	297.55	195.14	94.27	0	949.52
20.1786	0	0	0	0	0	0	0	0	21.01	28.05	11.88	250.14	38.5	303.27	201.08	96.69	0	950.62
20.1886	0	0	0	0	0	0	0	0	19.25	21.01	9.57	244.42	38.5	308.88	207.02	99.11	0	947.76
20.1986	0	0	0	0	0	0	0	0	15.73	11.66	7.15	235.62	35.75	314.49	209.99	104.06	0	934.45
20.2086	4.62	0	0	0	0	0	0	0	13.97	6.93	7.15	224.07	33	320.21	212.96	106.48	4.62	924.77
20.2186	11.55	0	0	0	0	0	0	0	13.97	6.93	4.73	204.82	30.25	325.82	212.96	111.32	11.55	910.8
20.2286	30.14	0	0	0	0	0	0	0	12.21	4.62	0	182.38	24.75	328.68	212.96	116.05	30.14	881.65
20.2386	118.36	19.47	9.68	3.41	0	5.83	0	0	12.21	0	0	163.24	19.25	331.54	212.96	120.45	156.75	859.65
20.2486	218.46	38.94	24.2	11.99	4.18	7.81	2.97	0	10.45	0	0	137.94	16.5	334.29	209.99	124.96	308.55	834.13
20.2586	216.04	56.54	38.72	22.33	8.47	9.68	0	0	10.45	0	0	115.94	11	334.29	207.02	129.47	351.78	808.17
20.2686	231.11	82.94	62.81	34.43	12.65	19.47	4.51	3.52	8.69	0	0	90.75	8.25	325.82	201.08	133.87	451.44	768.46
20.2786	238.92	100.54	84.04	48.18	16.94	27.28	7.59	7.04	6.93	0	0	65.67	5.5	311.74	195.14	138.38	530.53	723.36
20.2886	251.9	111.54	93.5	56.87	19.03	33.22	12.21	10.56	6.93	0	0	45.21	5.5	286.33	186.12	145.09	588.83	675.18
20.2986	257.07	111.54	102.96	56.87	21.12	41.03	15.18	10.56	5.17	0	0	33.88	0	244.31	174.24	147.29	616.33	604.89
20.3086	254.43	113.85	107.69	58.63	23.21	46.86	19.8	14.08	0	0	0	19.8	0	192.39	156.53	149.6	638.55	518.32
20.3186	257.07	113.85	112.42	58.63	25.41	52.69	24.42	15.84	0	0	0	11.22	0	146.3	133.32	145.09	660.33	435.93
20.3286	259.6	118.03	119.79	58.63	27.5	58.63	30.47	17.6	0	0	0	8.47	0	110.99	110.22	133.87	690.25	363.55
20.3386	272.58	122.21	132.22	60.83	29.59	63.03	33.55	19.36	0	0	0	5.61	0	81.07	92.29	113.85	733.37	292.82
20.3486	290.62	128.48	144.54	63.03	31.68	67.54	38.17	21.12	0	0	0	0	0	59.4	77.33	84.48	785.18	221.21
20.3586	305.91	134.75	156.97	65.23	33.88	72.05	41.25	24.64	0	0	0	0	0	42.68	65.45	62.37	834.68	170.5
20.3686	316.14	138.93	166.87	69.63	35.97	76.56	42.68	26.4	0	0	0	0	0	30.8	53.9	46.53	873.18	131.23
20.3786	323.84	145.2	171.82	74.03	35.97	80.96	44.22	28.27	0	0	0	0	0	23.65	46.2	38.06	904.31	107.91
20.3886	326.37	147.29	174.24	78.43	35.97	83.27	44.22	30.03	0	0	0	0	0	18.92	35.97	27.5	919.82	82.39
20.3986	328.9	151.47	174.24	82.83	38.06	85.47	44.22	30.03	0	0	0	0	0	11.88	17.93	12.65	935.22	42.46
20.4086	326.37	153.56	174.24	85.03	38.06	87.67	45.76	30.03	0	0	0	0	0	4.73	5.06	6.27	940.72	16.06
20.4186	321.31	153.56	171.82	91.74	38.06	89.98	45.76	31.79	0	0	0	0	0	4.73	5.06	4.18	944.02	13.97
20.4286	316.14	155.65	169.29	93.94	38.06	92.18	45.76	33.55	0	0	0	0	0	4.73	0	4.18	944.57	8.91
20.4386	311.08	153.56	166.87	98.34	40.15	94.49	45.76	33.55	0	0	0	0	0	0	0	0	943.8	0
20.4486	303.38	151.47	161.92	100.54	40.15	96.69	47.3	33.55	0	0	0	0	0	0	0	0	935	0
20.4586	295.68	149.38	156.97	102.74	40.15	96.69	47.3	33.55	0	0	0	0	0	0	0	0	922.46	0
20.4686	285.45	145.2	154.44	102.74	40.15	98.89	48.84	33.55	0	0	0	0	0	0	0	0	909.26	0
20.4786	277.86	143.11	149.49	104.94	42.35	98.89	48.84	33.55	0	0	0	0	0	0	0	0	899.03	0
20.4886	270.05	138.93	147.07	104.94	42.35	101.2	50.38	33.55	0	0	0	0	0	0	0	0	888.47	0
20.4986	262.24	134.75	142.12	107.14	42.35	101.2	51.92	35.31	0	0	0	0	0	0	0	0	877.03	0
20.5086	254.43	132.66	137.17	107.14	42.35	101.2	51.92	33.55	0	0	0	0	0	0	0	0	860.42	0
20.5186	249.26	130.57	134.64	109.34	44.44	101.2	53.46	33.55	0	0	0	0	0	0	0	0	856.46	0
20.5286	241.45	126.39	129.69	111.54	44.44	103.4	55	33.55	0	0	0	0	0	0	0	0	845.46	0
20.5386	233.75	124.3	127.27	113.85	46.53	105.6	55	35.31	0	0	0	0	0	0	0	0	841.61	0
20.5486	225.94	120.12	127.27	116.05	46.53	107.91	58.3	33.55	0	0	0	0	0	0	0	0	835.67	0
20.5586	218.46	118.03	124.74	118.25	46.53	110.11	60.06	35.31	0	0	0	0	0	0	0	0	831.49	0
20.5686	213.62	113.85	122.32	120.56	48.62	112.42	63.69	35.31	0	0	0	0	0	0	0	0	830.39	0
20.5786	206.36	111.54	122.32	122.76	48.62	116.6	65.56	37.07	0	0	0	0	0	0	0	0	830.83	0
20.5886	196.68	107.14	119.79	124.96	50.82	120.78	69.19	37.07	0	0	0	0	0	0	0	0	826.43	0
20.5986	191.73	104.94	119.79	127.27	50.82	125.07	70.95	37.07	0	0	0	0	0	0	0	0	827.64	0
20.6086	184.47	100.54	117.37	129.47	50.82	129.25	74.58	38.83	0	0	0	0	0	0	0	0	825.33	0
20.6186	177.21	98.34	117.37	133.98	52.91	135.63	78.21	40.59	0	0	0	0	0	0	0	0	834.24	0
20.6286	169.95	96.14	114.84	138.38	55	142.01	81.84	42.35	0	0	0	0	0	0	0	0	840.51	0
20.6386	160.05	91.74	107.69	145.09	55	148.39	85.47	44.11	0	0	0	0	0	0	0	0	837.54	0
20.6486	145.31	87.34	102.96	151.8	57.2	156.86	89.1	47.63	0	0	0	0	0	0	0	0	838.2	0
20.6586	133.1	80.74	95.81	158.51	57.2	167.53	94.49	51.15	0	0	0	0	0	0	0	0	838.53	0
20.6686	120.78	76.34	86.35	165.33	59.4	176.33	99.99	52.91	0	0	0	0	0	0	0	0	837.43	0
20.6786	106.48	69.74	77	172.37	61.71	187.33	103.62	58.52	0	0	0	0	0	0	0	0	836.77	0
20.6886	95.48	63.14	67.54	179.41	61.71	196.24	109.01	62.59	0	0	0	0	0	0	0	0	835.12	0
20.6986	79.97	54.56	58.08	186.56	64.02	205.04	116.49	70.62	0	0	0	0	0	0	0	0	835.34	0
20.7086	66.77	44.77	45.98	191.29	64.02	216.04	122.54	76.67	0	0	0	0	0	0	0	0	828.08	0
20.7185	53.35	36.96	36.3	193.6	64.02	224.95	130.57	84.81	0	0	0	0	0	0	0	0	824.56	0
20.7285	41.8	29.15	29.04	193.6	64.02	231.55	138.6	98.89	0	0	0	0	0	0	0	0	826.65	0
20.7385	37.18	25.3	24.2	188.87	61.71	235.95	144.65	106.92	0	0	0	0	0	0	0	0	824.78	0
20.7485	32.45	19.47	21.78	184.14	59.4	242.55	150.7	115.17	0	0	0	0	0	0	0	0	825.66	0
20.7585	27.83	15.51	16.94	174.68	57.2	242.55	152.79	121.44	0	0	0	0	0	0	0	0	808.94	0
20.7685	25.52	13.64	14.52	163.02	52.91	244.75	154.77	125.62	6.93	6.93	0	0	0	0	0	0	794.75	13.86
20.7785	25.52	13.64	14.52	151.8	46.53	244.75	152.79	129.8	13.97	16.39	0	0	0	0	0	0	779.35	30.36
20.7885	23.21	11.66	12.1	136.18	42.35	246.95	148.72	136.07	36.85	32.78	0	8.47	0	0	0	0	757.24	78.1
20.7985	20.9	11.66	12.1	118.25	35.97	246.95	144.65	142.34	109.45	77.55	9.57	19.8	0	7.04	0	0	732.82	223.41
20.8085	20.9	9.68	12.1	98.34	29.59	246.95	138.6	150.7	142.78	120.56	19.14	48.07	5.5	18.92	0	4.18	706.86	359.15
20.8185	18.59	9.68	9.68	76.23	23.21	242.55	132.55	156.97	175.34	163.13	35.86	68.75	5.5	40.37	0	6.27	669.46	495.22
20.8285	16.17	7.7	9.68	55.11	16.94	229.35	126.5	163.24	210.1	194.81	52.69	84.48	8.25	64.79	10.23	12.65	624.69	638
20.8385	11.55	5.83	9.68	37.84	12.65	209.44	118.47	167.42	228.91	204.49	63.25	90.75	8.25	75.68	17.93	21.12	572.88	710.38
20.8485	9.24	3.85	7.26	25.85	8.47	174.13	110.88	167.42	219.34	199.65	63.25	90.75	11	81.07	25.63	21.12	507.1	711.81
20.8585	4.62	3.85	7.26	17.16	8.47	127.16	94.49	163.24	205.48	192.39	63.25	90.75	11	83.82	33.33	23.21	426.25	703.23
20.8685	0	0	4.84	11.99	6.27	89.98	72.82	150.7	198.55	192.39	63.25	93.94	13.75	94.6	41.03	27.5	336.6	725.01
20.8785	0	0	4.84	8.58	6.27	60.83	56.54	117.26	205.48	197.23	71.39	100.21	13.75	102.74	43.67	29.59	254.32	764.06
20.8885	0	0	0	5.17	6.27	44.88	47.3	74.69	217.03	209.33	79.64	106.48	16.5	110.99	56.54	33.88	178.31	830.39
20.8985	0	0	0	0	4.18	35.09	39.71	42.35	233.86	219.01	87.78	109.56	16.5	121.88	65.45	35.97	121.33	890.01
20.9085	0	0	0	0	0	25.3	32.01	28.27	246.18	228.69	96.03	115.94	19.25	127.27	74.36	40.26	85.58	947.98
20.9185	0	0	0	0	0	19.47	25.96	21.12	253.55	235.95	101.42	122.21	22	135.41	80.3	42.35	66.55	993.19
20.9285	0	0	0	0	0	11.66	16.72	10.56	251.13	240.79	104.17	128.48	22	143.66	83.27	44.44	38.94	1017.94
20.9385	0	0	0	0	0	7.81	7.59	0	243.76	240.79	101.42	137.94	22	151.8	86.35	46.53	15.4	1030.59
20.9485	0	0	0	0	0	3.85	2.97	0	236.28	243.21	98.67	147.51	22	157.19	86.35	46.53	6.82	1037.74
20.9585	0	0	0	0	0	3.85	2.97	0	224.07	240.79	96.03	153.78	22	162.69	86.35	48.73	6.82	1034.44
20.9685	0	0	0	0	0	3.85	2.97	0	212.41	235.95	90.53	160.05	22	165.44	86.35	48.73	6.82	1021.46
20.9785	0	0	0	0	0	0	0	0	203.17	231.11	87.78	169.62	22	170.83	86.35	50.82	0	1021.68
20.9885	0	0	0	0	0	0	0	0	191.51	226.27	82.39	176	24.75	173.47	86.35	50.82	0	1011.56
20.9985	0	0	0	0	0	0	0	0	179.96	221.43	76.89	182.38	24.75	173.47	86.35	50.82	0	996.05
21.0085	0	0	0	0	0	0	0	0	168.41	211.75	71.39	188.76	24.75	173.47	83.27	50.82	0	972.62
21.0185	0	0	0	0	0	0	0	0	157.63	204.49	66	195.14	24.75	176.22	80.3	50.82	0	955.35
21.0285	0	0	0	0	0	0	0	0	144.87	197.23	60.5	201.63	22	176.22	80.3	50.82	0	933.57
21.0385	0	0	0	0	0	0	0	0	136.4	187.55	55.11	204.82	24.75	176.22	77.33	50.82	0	913
21.0485	0	0	0	0	0	0	0	0	127.93	180.29	50.27	211.2	22	178.86	77.33	50.82	0	898.7
21.0585	0	0	0	0	0	0	0	0	119.46	175.45	47.85	217.58	24.75	178.86	74.36	52.91	0	891.22
21.0685	0	0	0	0	0	0	0	0	113.3	168.19	45.43	224.07	22	181.61	74.36	52.91	0	881.87
21.0785	0	0	0	0	0	0	0	0	107.58	163.13	43.12	226.93	22	184.25	74.36	52.91	0	874.28
21.0885	0	0	0	0	0	0	0	0	103.73	158.07	40.7	232.76	24.75	187	77.33	52.91	0	877.25
21.0985	0	0	0	0	0	0	0	0	98.01	153.12	40.7	235.62	24.75	189.64	77.33	52.91	0	872.08
21.1085	0	0	0	0	0	0	0	0	94.16	148.06	38.28	241.45	24.75	192.39	80.3	55.11	0	874.5
21.1185	0	0	0	0	0	0	0	0	90.42	143.11	38.28	247.28	24.75	200.42	80.3	55.11	0	879.67
21.1285	0	0	0	0	0	0	0	0	86.57	138.05	35.86	250.14	24.75	205.81	86.35	57.53	0	885.06
21.1385	0	0	0	0	0	0	0	0	80.85	133.1	35.86	255.97	27.5	211.2	89.32	57.53	0	891.33
21.1485	0	0	0	0	0	0	0	0	75.13	128.04	35.86	261.8	27.5	219.23	92.29	59.95	0	899.8
21.1585	0	0	0	0	0	0	0	0	71.28	123.09	33.44	264.77	27.5	227.48	98.23	59.95	0	905.74
21.1685	0	0	0	0	0	0	0	0	65.56	118.03	31.13	270.6	27.5	233.09	101.2	62.37	0	909.48
21.1785	0	0	0	0	0	0	0	0	59.84	110.66	31.13	276.43	30.25	241.45	107.14	64.9	0	921.8
21.1885	0	0	0	0	0	0	0	0	57.97	105.93	28.71	282.7	30.25	247.06	113.08	64.9	0	930.6
21.1985	0	0	0	0	0	0	0	0	52.69	101.2	28.71	288.97	30.25	255.42	115.94	67.32	0	940.5
21.2085	0	0	0	0	0	0	0	0	47.41	94.05	26.29	295.35	30.25	263.89	121.77	69.74	0	948.75
21.2185	0	0	0	0	0	0	0	0	43.89	87.01	26.29	301.62	33	269.39	127.6	72.16	0	960.96
21.2285	0	0	0	0	0	0	0	0	38.61	79.86	23.87	308	33	277.86	133.32	74.69	0	969.21
21.2385	0	0	0	0	0	0	0	0	35.09	70.4	21.56	314.27	33	286.33	136.29	77.11	0	974.05
21.2485	0	0	0	0	0	0	0	0	29.81	60.94	19.14	320.54	35.75	294.8	139.15	79.53	0	979.66
21.2585	0	0	0	0	0	0	0	0	26.29	51.59	14.3	323.73	33	303.27	144.98	79.53	0	976.69
21.2685	0	0	0	0	0	0	0	0	22.77	42.13	11.88	323.73	33	311.74	147.84	81.95	0	975.04
21.2785	0	0	0	0	0	0	0	0	19.25	35.09	9.57	320.54	33	317.35	153.67	84.48	0	972.95
21.2885	0	0	0	0	0	0	0	0	17.49	25.74	7.15	314.27	30.25	322.96	153.67	86.9	0	958.43
21.2985	0	0	0	0	0	0	0	0	13.97	16.39	4.73	301.62	30.25	331.54	156.53	89.32	0	944.35
21.3085	9.24	3.85	0	0	0	0	0	0	12.21	9.35	4.73	285.89	27.5	337.15	159.5	91.74	13.09	928.07
21.3185	16.17	3.85	0	0	0	0	0	0	12.21	6.93	0	264.77	22	342.76	156.53	94.27	20.02	899.47
21.3285	39.49	7.7	0	0	0	0	0	0	12.21	6.93	0	241.45	19.25	348.48	156.53	99.11	47.19	883.96
21.3385	140.47	31.13	14.52	10.34	4.18	3.85	0	0	10.45	6.93	0	211.2	16.5	351.23	156.53	104.06	204.49	856.9
21.3485	218.46	50.6	26.62	18.92	6.27	9.68	0	0	10.45	6.93	0	179.19	11	354.09	153.67	108.9	330.55	824.23
21.3585	216.04	65.34	43.56	31.02	10.56	13.64	0	0	8.69	4.62	0	147.51	8.25	351.23	153.67	116.05	380.16	790.02
21.3685	228.58	89.54	67.54	43.01	16.94	23.43	6.05	3.52	6.93	0	0	115.94	5.5	342.76	150.81	120.45	478.61	742.39
21.3785	241.45	102.74	81.73	55.11	19.03	29.26	9.13	7.04	6.93	0	0	84.48	5.5	325.82	144.98	127.16	545.49	694.87
21.3885	257.07	111.54	91.08	60.83	19.03	37.07	13.75	8.8	5.17	0	0	59.4	0	297.55	139.15	133.87	599.17	635.14
21.3985	259.6	111.54	98.23	63.03	21.12	44.88	18.26	10.56	3.41	0	0	42.35	0	249.92	130.46	138.38	627.22	564.52
21.4085	259.6	113.85	102.96	63.03	23.21	52.69	21.34	12.32	0	0	0	31.02	0	192.39	115.94	140.58	649	479.93
21.4185	264.88	118.03	107.69	65.23	25.41	56.65	25.96	14.08	0	0	0	19.8	0	146.3	101.2	133.87	677.93	401.17
21.4285	272.58	122.21	114.84	69.63	27.5	63.03	28.93	15.84	0	0	0	14.08	0	105.49	86.35	122.76	714.56	328.68
21.4385	285.45	128.48	124.74	74.03	29.59	69.74	32.01	17.6	0	0	0	11.22	0	75.68	74.36	99.11	761.64	260.37
21.4485	303.38	136.84	134.64	76.23	31.68	74.25	35.09	19.36	0	0	0	8.47	0	54.56	65.45	72.16	811.47	200.64
21.4585	318.67	145.2	144.54	82.83	31.68	78.76	36.63	21.12	0	0	0	0	0	40.37	53.9	55.11	859.43	149.38
21.4685	328.9	151.47	152.02	87.34	33.88	83.27	38.17	21.12	0	0	0	0	0	28.49	46.2	40.26	896.17	114.95
21.4785	334.07	157.74	152.02	93.94	33.88	85.47	38.17	22.88	0	0	0	0	0	23.65	38.5	31.79	918.17	93.94
21.4885	336.71	161.92	154.44	98.34	33.88	89.98	39.71	22.88	0	0	0	0	0	16.61	25.63	21.12	937.86	63.36
21.4985	336.71	166.1	154.44	102.74	33.88	92.18	39.71	22.88	0	0	0	0	0	9.46	10.23	8.47	948.64	28.16
21.5085	334.07	168.3	152.02	107.14	35.97	92.18	39.71	24.64	0	0	0	0	0	7.04	5.06	4.18	954.03	16.28
21.5185	328.9	170.61	149.49	111.54	33.88	94.49	39.71	24.64	0	0	0	0	0	4.73	0	4.18	953.26	8.91
21.5285	326.37	170.61	149.49	113.85	35.97	94.49	38.17	24.64	0	0	0	0	0	4.73	0	0	953.59	4.73
21.5385	321.31	168.3	144.54	113.85	35.97	94.49	38.17	24.64	0	0	0	0	0	0	0	0	941.27	0
21.5485	313.61	164.01	142.12	113.85	35.97	94.49	38.17	24.64	0	0	0	0	0	0	0	0	926.86	0
21.5585	305.91	161.92	137.17	113.85	35.97	92.18	38.17	24.64	0	0	0	0	0	0	0	0	909.81	0
21.5685	298.21	157.74	134.64	113.85	35.97	92.18	38.17	24.64	0	0	0	0	0	0	0	0	895.4	0
21.5785	290.62	155.65	129.69	113.85	35.97	92.18	39.71	24.64	0	0	0	0	0	0	0	0	882.31	0
21.5885	287.98	151.47	127.27	113.85	35.97	89.98	39.71	24.64	0	0	0	0	0	0	0	0	870.87	0
21.5985	282.92	149.38	124.74	113.85	35.97	89.98	39.71	24.64	0	0	0	0	0	0	0	0	861.19	0
21.6085	280.39	147.29	124.74	111.54	38.06	89.98	41.25	24.64	0	0	0	0	0	0	0	0	857.89	0
21.6185	277.86	145.2	122.32	113.85	38.06	87.67	41.25	24.64	0	0	0	0	0	0	0	0	850.85	0
21.6285	272.58	141.02	122.32	113.85	38.06	87.67	42.68	24.64	0	0	0	0	0	0	0	0	842.82	0
21.6385	267.41	136.84	122.32	113.85	38.06	89.98	44.22	26.4	0	0	0	0	0	0	0	0	839.08	0
21.6485	259.6	134.75	122.32	113.85	40.15	92.18	45.76	26.4	0	0	0	0	0	0	0	0	835.01	0
21.6585	254.43	130.57	124.74	118.25	40.15	96.69	47.3	28.27	0	0	0	0	0	0	0	0	840.4	0
21.6685	249.26	128.48	127.27	120.56	42.35	101.2	48.84	28.27	0	0	0	0	0	0	0	0	846.23	0
21.6785	241.45	126.39	127.27	124.96	42.35	107.91	51.92	30.03	0	0	0	0	0	0	0	0	852.28	0
21.6885	233.75	124.3	129.69	129.47	44.44	114.51	53.46	31.79	0	0	0	0	0	0	0	0	861.41	0
21.6985	223.41	122.21	127.27	136.18	44.44	120.78	56.54	33.55	0	0	0	0	0	0	0	0	864.38	0
21.7085	213.62	120.12	124.74	142.89	46.53	129.25	60.06	35.31	0	0	0	0	0	0	0	0	872.52	0
21.7185	201.52	118.03	122.32	149.6	46.53	137.72	61.93	38.83	0	0	0	0	0	0	0	0	876.48	0
21.7285	189.31	113.85	117.37	158.51	48.62	146.19	65.56	40.59	0	0	0	0	0	0	0	0	880	0
21.7385	177.21	109.34	112.42	167.64	50.82	154.66	69.19	42.35	0	0	0	0	0	0	0	0	883.63	0
21.7485	165	104.94	105.27	174.68	50.82	163.13	72.82	45.87	0	0	0	0	0	0	0	0	882.53	0
21.7585	150.26	100.54	98.23	184.14	52.91	171.93	76.45	47.63	0	0	0	0	0	0	0	0	882.09	0
21.7685	135.52	91.74	88.77	193.6	52.91	180.73	80.08	51.15	0	0	0	0	0	0	0	0	874.5	0
21.7785	118.36	82.94	79.31	200.64	55	191.73	85.47	54.67	0	0	0	0	0	0	0	0	868.12	0
21.7885	104.28	74.14	69.85	210.1	55	202.84	90.86	60.5	0	0	0	0	0	0	0	0	867.57	0
21.7985	86.68	63.14	58.08	217.25	57.2	213.84	98.12	66.55	0	0	0	0	0	0	0	0	860.86	0
21.8085	68.97	52.58	45.98	221.98	59.4	222.75	103.62	74.69	0	0	0	0	0	0	0	0	849.97	0
21.8185	53.35	40.92	33.88	224.18	59.4	229.35	109.01	80.74	0	0	0	0	0	0	0	0	830.83	0
21.8285	44.11	33.11	26.62	224.18	59.4	240.35	116.49	90.86	0	0	0	0	0	0	0	0	835.12	0
21.8385	37.18	27.28	21.78	219.56	57.2	246.95	122.54	102.96	0	0	0	0	0	0	0	0	835.45	0
21.8485	32.45	19.47	19.36	212.52	55	251.35	126.5	110.99	0	0	0	0	0	0	0	0	827.64	0
21.8585	27.83	15.51	16.94	203.06	50.82	255.75	128.59	119.35	5.17	11.66	0	0	0	0	0	0	817.85	16.83
21.8685	25.52	15.51	14.52	191.29	46.53	260.15	128.59	123.53	10.45	16.39	0	0	0	0	0	0	805.64	26.84
21.8785	25.52	13.64	14.52	172.37	42.35	262.35	126.5	127.71	24.53	28.05	0	8.47	0	0	0	0	784.96	61.05
21.8885	23.21	13.64	12.1	151.8	38.06	262.35	124.52	133.98	88.44	68.09	9.57	19.8	0	7.04	0	0	759.66	192.94
21.8985	20.9	11.66	12.1	129.47	31.68	262.35	120.45	138.16	140.69	110.66	21.56	42.35	0	23.65	7.7	6.27	726.77	352.88
21.9085	18.59	11.66	9.68	102.74	25.41	257.95	116.49	146.52	177.65	148.06	40.7	59.4	8.25	54.56	10.23	12.65	689.04	511.5
21.9185	16.17	9.68	9.68	76.23	19.03	249.15	112.64	152.79	217.03	175.45	60.5	68.75	8.25	70.18	28.27	19.03	645.37	647.46
21.9285	13.86	7.7	9.68	49.94	14.74	231.55	107.25	156.97	231.44	182.71	68.75	71.94	11	78.32	38.5	23.21	591.69	705.87
21.9385	11.55	5.83	7.26	32.67	10.56	202.84	101.75	159.06	219.34	177.87	66	71.94	11	81.07	41.03	23.21	531.52	691.46
21.9485	6.93	3.85	7.26	22.33	8.47	154.66	92.73	156.97	196.24	168.19	63.25	75.02	11	86.46	43.67	27.5	453.2	671.33
21.9585	0	3.85	4.84	15.51	6.27	110.11	76.45	146.52	182.27	165.66	60.5	78.21	13.75	91.96	48.73	27.5	363.55	668.58
21.9685	0	0	4.84	10.34	6.27	74.25	58.3	125.62	179.96	168.19	63.25	81.29	13.75	102.74	56.54	31.79	279.62	697.51
21.9785	0	0	0	6.82	6.27	52.69	48.84	84.81	186.89	175.45	71.39	87.56	13.75	113.63	65.45	35.97	199.43	750.09
21.9885	0	0	0	3.41	4.18	39.05	39.71	49.39	200.86	185.13	79.64	93.94	16.5	121.88	77.33	40.26	135.74	815.54
21.9985	0	0	0	0	0	29.26	33.55	33.55	217.03	194.81	87.78	97.02	16.5	130.02	83.27	42.35	96.36	868.78
22.0085	0	0	0	0	0	21.45	25.96	19.36	228.91	204.49	96.03	103.29	19.25	138.16	92.29	44.44	66.77	926.86
22.0185	0	0	0	0	0	15.62	18.26	12.32	233.86	211.75	98.67	109.56	22	143.66	95.26	46.53	46.2	961.29
22.0285	0	0	0	0	0	9.68	10.67	3.52	231.44	216.59	98.67	115.94	22	151.8	98.23	48.73	23.87	983.4
22.0385	0	0	0	0	0	5.83	2.97	0	226.49	219.01	96.03	122.21	22	157.19	101.2	48.73	8.8	992.86
22.0485	0	0	0	0	0	3.85	2.97	0	219.34	219.01	96.03	131.67	22	162.69	101.2	50.82	6.82	1002.76
22.0585	0	0	0	0	0	3.85	0	0	212.41	219.01	93.28	137.94	22	170.83	104.17	50.82	3.85	1010.46
22.0685	0	0	0	0	0	3.85	0	0	203.17	216.59	90.53	144.32	22	176.22	104.17	52.91	3.85	1009.91
22.0785	0	0	0	0	0	0	0	0	193.82	214.17	85.03	153.78	22	178.86	104.17	55.11	0	1006.94
22.0885	0	0	0	0	0	0	0	0	182.27	206.91	82.39	156.97	22	181.61	104.17	55.11	0	991.43
22.0985	0	0	0	0	0	0	0	0	170.72	202.07	76.89	163.24	22	187	104.17	55.11	0	981.2
22.1085	0	0	0	0	0	0	0	0	159.72	192.39	71.39	169.62	24.75	189.64	107.14	57.53	0	972.18
22.1185	0	0	0	0	0	0	0	0	149.16	185.13	66	172.81	24.75	189.64	104.17	57.53	0	949.19
22.1285	0	0	0	0	0	0	0	0	138.49	177.87	63.25	179.19	24.75	192.39	107.14	57.53	0	940.61
22.1385	0	0	0	0	0	0	0	0	130.02	173.03	57.75	185.57	24.75	195.03	104.17	57.53	0	927.85
22.1484	0	0	0	0	0	0	0	0	121.55	165.66	55.11	191.95	24.75	200.42	104.17	59.95	0	923.56
22.1584	0	0	0	0	0	0	0	0	115.28	160.6	50.27	198.44	24.75	203.06	104.17	59.95	0	916.52
22.1684	0	0	0	0	0	0	0	0	107.58	153.12	47.85	201.63	24.75	205.81	104.17	59.95	0	904.86
22.1784	0	0	0	0	0	0	0	0	101.86	145.64	45.43	208.01	24.75	208.45	104.17	59.95	0	898.26
22.1884	0	0	0	0	0	0	0	0	96.14	140.58	43.12	211.2	24.75	211.2	104.17	59.95	0	891.11
22.1984	0	0	0	0	0	0	0	0	90.42	135.52	40.7	217.58	24.75	216.59	107.14	62.37	0	895.07
22.2084	0	0	0	0	0	0	0	0	84.7	128.04	38.28	224.07	24.75	221.98	110.22	62.37	0	894.41
22.2184	0	0	0	0	0	0	0	0	77	123.09	35.86	229.79	24.75	227.48	110.22	62.37	0	890.56
22.2284	0	0	0	0	0	0	0	0	71.28	115.5	33.44	235.62	24.75	233.09	113.08	64.9	0	891.66
22.2384	0	0	0	0	0	0	0	0	61.71	105.93	31.13	241.45	27.5	238.7	118.91	64.9	0	890.23
22.2484	0	0	0	0	0	0	0	0	56.21	98.78	28.71	244.42	27.5	244.31	121.77	67.32	0	889.02
22.2584	0	0	0	0	0	0	0	0	47.41	89.32	26.29	250.14	27.5	249.92	124.63	69.74	0	884.95
22.2684	0	0	0	0	0	0	0	0	42.13	79.86	23.87	255.97	27.5	255.42	130.46	69.74	0	884.95
22.2784	0	0	0	0	0	0	0	0	36.85	72.82	21.56	261.8	30.25	263.89	133.32	72.16	0	892.65
22.2884	0	0	0	0	0	0	0	0	33.33	68.09	21.56	264.77	30.25	266.64	139.15	72.16	0	895.95
22.2984	0	0	0	0	0	0	0	0	31.57	60.94	19.14	270.6	30.25	275	142.12	74.69	0	904.31
22.3084	0	0	0	0	0	0	0	0	28.05	56.21	16.72	276.43	30.25	280.61	147.84	74.69	0	910.8
22.3184	0	0	0	0	0	0	0	0	26.29	49.17	16.72	279.51	30.25	286.33	153.67	77.11	0	919.05
22.3284	0	0	0	0	0	0	0	0	24.53	42.13	14.3	285.89	33	294.8	156.53	79.53	0	930.71
22.3384	0	0	0	0	0	0	0	0	21.01	37.51	11.88	288.97	33	303.27	162.36	81.95	0	939.95
22.3484	0	0	0	0	0	0	0	0	21.01	32.78	9.57	292.16	33	311.74	165.33	86.9	0	952.49
22.3584	0	0	0	0	0	0	0	0	17.49	25.74	9.57	292.16	30.25	320.21	171.27	89.32	0	956.01
22.3684	0	0	0	0	0	0	0	0	15.73	18.7	7.15	285.89	30.25	325.82	174.24	94.27	0	952.05
22.3784	4.62	3.85	0	0	0	0	0	0	13.97	11.66	4.73	276.43	27.5	334.29	177.21	96.69	8.47	942.48
22.3884	6.93	3.85	0	0	0	0	0	0	12.21	9.35	4.73	258.94	24.75	340.01	177.21	101.53	10.78	928.73
22.3984	13.86	3.85	0	0	0	0	0	0	12.21	6.93	0	241.45	22	345.62	177.21	106.48	17.71	911.9
22.4084	25.52	7.7	0	0	0	0	0	0	10.45	6.93	0	217.58	16.5	351.23	174.24	108.9	33.22	885.83
22.4184	91.08	23.32	9.68	8.58	4.18	3.85	0	0	10.45	4.62	0	188.76	13.75	354.09	171.27	113.85	140.69	856.79
22.4284	211.2	48.73	26.62	17.16	8.47	9.68	2.97	0	10.45	4.62	0	163.24	11	356.95	168.3	120.45	324.83	835.01
22.4384	218.46	60.94	41.14	25.85	8.47	11.66	0	0	8.69	0	0	134.86	8.25	356.95	162.36	124.96	366.52	796.07
22.4484	231.11	87.34	65.12	37.84	14.74	21.45	4.51	3.52	8.69	0	0	103.29	5.5	348.48	159.5	129.47	465.63	754.93
22.4584	238.92	104.94	86.35	53.35	16.94	31.24	9.13	8.8	6.93	0	0	75.02	5.5	334.29	150.81	133.87	549.67	706.42
22.4684	254.43	113.85	98.23	58.63	21.12	42.9	16.72	14.08	5.17	0	0	53.68	0	306.02	142.12	140.58	619.96	647.57
22.4784	262.24	115.94	102.96	58.63	23.21	46.86	18.26	14.08	0	0	0	39.6	0	261.03	130.46	145.09	642.18	576.18
22.4884	257.07	115.94	105.27	58.63	25.41	52.69	24.42	15.84	0	0	0	25.41	0	205.81	118.91	147.29	655.27	497.42
22.4984	254.43	115.94	107.69	58.63	25.41	56.65	27.5	15.84	0	0	0	19.8	0	154.55	104.17	145.09	662.09	423.61
22.5084	259.6	118.03	112.42	60.83	27.5	60.83	30.47	17.6	0	0	0	14.08	0	116.38	92.29	131.67	687.28	354.42
22.5184	267.41	124.3	119.79	63.03	29.59	65.34	33.55	19.36	0	0	0	11.22	0	83.82	77.33	111.32	722.37	283.69
22.5284	282.92	130.57	129.69	67.43	29.59	69.74	35.09	21.12	0	0	0	5.61	0	59.4	68.42	81.95	766.15	215.38
22.5384	298.21	134.75	142.12	69.63	31.68	74.25	38.17	22.88	0	0	0	0	0	45.1	59.51	64.9	811.69	169.51
22.5484	311.08	141.02	152.02	76.23	33.88	78.76	39.71	22.88	0	0	0	0	0	33.22	51.37	46.53	855.58	131.12
22.5584	318.67	147.29	156.97	80.63	33.88	83.27	41.25	24.64	0	0	0	0	0	23.65	43.67	35.97	886.6	103.29
22.5684	321.31	151.47	159.39	87.34	33.88	87.67	41.25	24.64	0	0	0	0	0	18.92	33.33	27.5	906.95	79.75
22.5784	323.84	155.65	161.92	91.74	35.97	92.18	41.25	26.4	0	0	0	0	0	14.19	17.93	12.65	928.95	44.77
22.5884	321.31	157.74	161.92	98.34	35.97	94.49	42.68	26.4	0	0	0	0	0	7.04	7.7	6.27	938.85	21.01
22.5984	318.67	159.83	159.39	102.74	35.97	96.69	42.68	26.4	0	0	0	0	0	7.04	7.7	6.27	942.37	21.01
22.6084	313.61	159.83	159.39	107.14	35.97	101.2	42.68	28.27	0	0	0	0	0	4.73	5.06	4.18	948.09	13.97
22.6184	308.44	159.83	156.97	107.14	35.97	101.2	44.22	28.27	0	0	0	0	0	0	0	0	942.04	0
22.6284	300.85	155.65	154.44	109.34	38.06	103.4	44.22	28.27	0	0	0	0	0	0	0	0	934.23	0
22.6384	293.15	151.47	149.49	111.54	35.97	103.4	44.22	28.27	0	0	0	0	0	0	0	0	917.51	0
22.6484	282.92	147.29	147.07	111.54	38.06	103.4	44.22	30.03	0	0	0	0	0	0	0	0	904.53	0
22.6584	275.22	143.11	142.12	111.54	38.06	103.4	45.76	30.03	0	0	0	0	0	0	0	0	889.24	0
22.6684	264.88	141.02	139.59	111.54	38.06	105.6	45.76	30.03	0	0	0	0	0	0	0	0	876.48	0
22.6784	257.07	136.84	137.17	113.85	38.06	105.6	45.76	31.79	0	0	0	0	0	0	0	0	866.14	0
22.6884	246.73	134.75	132.22	116.05	40.15	110.11	47.3	31.79	0	0	0	0	0	0	0	0	859.1	0
22.6984	238.92	130.57	129.69	120.56	40.15	112.42	47.3	33.55	0	0	0	0	0	0	0	0	853.16	0
22.7084	228.58	128.48	127.27	122.76	40.15	114.51	48.84	33.55	0	0	0	0	0	0	0	0	844.14	0
22.7184	220.88	124.3	124.74	127.27	40.15	118.69	50.38	33.55	0	0	0	0	0	0	0	0	839.96	0
22.7284	213.62	122.21	122.32	131.67	40.15	120.78	50.38	35.31	0	0	0	0	0	0	0	0	836.44	0
22.7384	206.36	120.12	117.37	136.18	42.35	127.16	53.46	37.07	0	0	0	0	0	0	0	0	840.07	0
22.7484	196.68	115.94	117.37	140.69	42.35	131.45	55	38.83	0	0	0	0	0	0	0	0	838.31	0
22.7584	189.31	113.85	112.42	145.09	44.44	135.63	56.54	38.83	0	0	0	0	0	0	0	0	836.11	0
22.7684	182.05	111.54	110	149.6	44.44	139.92	58.3	40.59	0	0	0	0	0	0	0	0	836.44	0
22.7784	172.37	107.14	107.69	154.11	46.53	146.19	61.93	42.35	0	0	0	0	0	0	0	0	838.31	0
22.7884	162.58	102.74	105.27	158.51	46.53	152.57	65.56	44.11	0	0	0	0	0	0	0	0	837.87	0
22.7984	155.21	98.34	100.54	160.82	48.62	158.95	69.19	45.87	0	0	0	0	0	0	0	0	837.54	0
22.8084	145.31	91.74	95.81	167.64	48.62	165.33	72.82	49.39	0	0	0	0	0	0	0	0	836.66	0
22.8184	135.52	87.34	91.08	172.37	50.82	171.93	78.21	52.91	0	0	0	0	0	0	0	0	840.18	0
22.8284	123.2	80.74	84.04	177.1	52.91	180.73	81.84	56.54	0	0	0	0	0	0	0	0	837.1	0
22.8384	113.41	76.34	79.31	184.14	52.91	189.53	87.23	62.59	0	0	0	0	0	0	0	0	845.46	0
22.8484	102.08	67.54	72.27	191.29	55	198.44	90.86	66.55	0	0	0	0	0	0	0	0	844.03	0
22.8584	88.88	60.94	62.81	198.33	57.2	207.24	96.36	72.6	0	0	0	0	0	0	0	0	844.36	0
22.8684	73.37	52.58	50.82	205.37	57.2	216.04	101.75	80.74	0	0	0	0	0	0	0	0	837.87	0
22.8784	60.17	44.77	41.14	210.1	59.4	224.95	109.01	88.77	0	0	0	0	0	0	0	0	838.31	0
22.8884	48.73	36.96	31.46	212.52	59.4	231.55	116.49	100.87	0	0	0	0	0	0	0	0	837.98	0
22.8984	39.49	29.15	26.62	212.52	59.4	238.15	122.54	109.01	0	0	0	0	0	0	0	0	836.88	0
22.9084	34.76	25.3	21.78	210.1	59.4	244.75	128.59	119.35	0	0	0	0	0	0	0	0	844.03	0
22.9184	32.45	19.47	19.36	205.37	57.2	249.15	132.55	127.71	0	0	0	0	0	0	0	0	843.26	0
22.9284	27.83	15.51	16.94	195.91	55	251.35	136.62	133.98	0	0	0	0	0	0	0	0	833.14	0
22.9384	25.52	13.64	14.52	184.14	50.82	255.75	138.6	138.16	3.41	6.93	0	0	0	0	0	0	821.15	10.34
22.9484	23.21	13.64	14.52	169.95	46.53	255.75	136.62	144.43	8.69	11.66	0	0	0	0	0	0	804.65	20.35
22.9584	23.21	11.66	14.52	151.8	42.35	257.95	134.64	150.7	15.73	18.7	0	5.61	0	0	0	0	786.83	40.04
22.9684	20.9	11.66	12.1	131.67	35.97	257.95	130.57	154.88	57.97	46.86	7.15	14.08	0	0	0	0	755.7	126.06
22.9784	18.59	9.68	12.1	109.34	29.59	257.95	126.5	161.15	123.75	94.05	16.72	31.02	0	11.88	5.06	0	724.9	282.48
22.9884	18.59	9.68	9.68	85.03	23.21	253.55	124.52	169.62	155.43	135.52	33.44	53.68	5.5	40.37	7.7	10.56	693.88	442.2
22.9984	16.17	7.7	9.68	60.83	19.03	244.75	120.45	174.13	198.55	170.61	60.5	65.67	8.25	67.54	23.1	16.94	652.74	611.16
23.0084	13.86	5.83	9.68	39.6	12.65	224.95	116.49	178.75	228.91	185.13	76.89	71.94	11	78.32	41.03	21.12	601.81	714.34
23.0184	9.24	5.83	7.26	27.5	8.47	191.73	109.01	178.75	228.91	182.71	79.64	71.94	13.75	83.82	43.67	23.21	537.79	727.65
23.0284	4.62	3.85	4.84	17.16	8.47	144.1	98.12	176.44	212.41	175.45	76.89	71.94	13.75	89.21	46.2	25.41	457.6	711.26
23.0384	0	0	4.84	11.99	8.47	101.2	76.45	163.24	198.55	173.03	74.14	71.94	13.75	94.6	51.37	27.5	366.19	704.88
23.0484	0	0	0	8.58	6.27	67.54	58.3	136.07	196.24	175.45	79.64	78.21	13.75	108.24	59.51	31.79	276.76	742.83
23.0584	0	0	0	3.41	4.18	48.84	47.3	84.81	205.48	185.13	85.03	81.29	16.5	119.13	68.42	35.97	188.54	796.95
23.0684	0	0	0	0	0	35.09	38.17	49.39	219.34	194.81	96.03	87.56	19.25	127.27	83.27	40.26	122.65	867.79
23.0784	0	0	0	0	0	25.3	30.47	30.03	236.28	204.49	106.92	90.75	19.25	135.41	92.29	42.35	85.8	927.74
23.0884	0	0	0	0	0	17.49	21.34	17.6	246.18	211.75	115.17	93.94	22	140.91	101.2	46.53	56.43	977.68
23.0984	0	0	0	0	0	13.64	13.75	5.28	251.13	216.59	117.92	100.21	22	146.3	107.14	48.73	32.67	1010.02
23.1084	0	0	0	0	0	7.81	7.59	0	246.18	219.01	117.92	106.48	24.75	154.55	113.08	50.82	15.4	1032.79
23.1184	0	0	0	0	0	7.81	4.51	0	236.28	219.01	115.17	112.75	24.75	159.94	115.94	50.82	12.32	1034.66
23.1284	0	0	0	0	0	5.83	2.97	0	226.49	214.17	112.42	115.94	24.75	165.44	118.91	52.91	8.8	1031.03
23.1384	0	0	0	0	0	3.85	0	0	217.03	211.75	109.67	122.21	24.75	170.83	121.77	55.11	3.85	1033.12
23.1484	0	0	0	0	0	3.85	0	0	203.17	204.49	106.92	122.21	27.5	173.47	124.63	55.11	3.85	1017.5
23.1584	0	0	0	0	0	0	0	0	191.51	197.23	98.67	125.4	27.5	176.22	127.6	57.53	0	1001.66
23.1684	0	0	0	0	0	0	0	0	179.96	189.97	96.03	128.48	27.5	178.86	130.46	57.53	0	988.79
23.1784	0	0	0	0	0	0	0	0	168.41	182.71	90.53	131.67	30.25	178.86	133.32	57.53	0	973.28
23.1884	0	0	0	0	0	0	0	0	157.63	175.45	85.03	131.67	30.25	181.61	133.32	59.95	0	954.91
23.1984	0	0	0	0	0	0	0	0	149.16	168.19	82.39	134.86	30.25	184.25	133.32	59.95	0	942.37
23.2084	0	0	0	0	0	0	0	0	138.49	160.6	76.89	137.94	30.25	184.25	136.29	59.95	0	924.66
23.2184	0	0	0	0	0	0	0	0	130.02	153.12	74.14	137.94	30.25	187	139.15	62.37	0	913.99
23.2284	0	0	0	0	0	0	0	0	123.75	145.64	71.39	141.13	30.25	189.64	142.12	62.37	0	906.29
23.2384	0	0	0	0	0	0	0	0	117.37	140.58	68.75	141.13	33	189.64	144.98	64.9	0	900.35
23.2484	0	0	0	0	0	0	0	0	111.43	133.1	66	141.13	33	192.39	150.81	64.9	0	892.76
23.2584	0	0	0	0	0	0	0	0	107.58	128.04	66	144.32	33	195.03	153.67	67.32	0	894.96
23.2684	0	0	0	0	0	0	0	0	101.86	123.09	63.25	144.32	33	197.67	159.5	69.74	0	892.43
23.2784	0	0	0	0	0	0	0	0	99.99	120.56	60.5	144.32	35.75	203.06	165.33	69.74	0	899.25
23.2884	0	0	0	0	0	0	0	0	96.14	115.5	60.5	147.51	35.75	205.81	171.27	72.16	0	904.64
23.2984	0	0	0	0	0	0	0	0	90.42	110.66	57.75	150.59	38.5	211.2	180.18	74.69	0	913.99
23.3084	0	0	0	0	0	0	0	0	84.7	105.93	55.11	153.78	38.5	216.59	186.12	77.11	0	917.84
23.3184	0	0	0	0	0	0	0	0	80.85	101.2	52.69	153.78	41.25	221.98	192.06	79.53	0	923.34
23.3284	0	0	0	0	0	0	0	0	75.13	96.47	50.27	156.97	41.25	227.48	201.08	79.53	0	928.18
23.3384	0	0	0	0	0	0	0	0	69.41	91.74	47.85	160.05	44	233.09	209.99	81.95	0	938.08
23.3484	0	0	0	0	0	0	0	0	61.71	84.59	43.12	163.24	44	238.7	218.9	84.48	0	938.74
23.3584	0	0	0	0	0	0	0	0	54.45	77.55	40.7	166.43	46.75	244.31	227.59	86.9	0	944.68
23.3684	0	0	0	0	0	0	0	0	47.41	70.4	35.86	169.62	46.75	249.92	236.06	89.32	0	945.34
23.3784	0	0	0	0	0	0	0	0	40.37	63.36	33.44	172.81	46.75	255.42	241.67	91.74	0	945.56
23.3884	0	0	0	0	0	0	0	0	35.09	53.9	26.29	176	49.5	261.03	250.14	94.27	0	946.22
23.3984	0	0	0	0	0	0	0	0	29.81	44.55	23.87	179.19	49.5	263.89	258.72	94.27	0	943.8
23.4084	0	0	0	0	0	0	0	0	26.29	35.09	19.14	179.19	49.5	269.39	264.33	99.11	0	942.04
23.4184	0	0	0	0	0	0	0	0	22.77	28.05	16.72	179.19	49.5	272.25	269.94	99.11	0	937.53
23.4284	0	0	0	0	0	0	0	0	21.01	21.01	14.3	176	46.75	275	278.52	101.53	0	934.12
23.4384	0	0	0	0	0	0	0	0	17.49	13.97	9.57	169.62	46.75	277.86	281.49	101.53	0	918.28
23.4484	0	0	0	0	0	0	0	0	15.73	9.35	7.15	160.05	44	280.61	284.46	104.06	0	905.41
23.4584	4.62	0	0	0	0	0	0	0	13.97	4.62	4.73	147.51	41.25	283.47	284.46	106.48	4.62	886.49
23.4684	13.86	0	0	0	0	0	0	0	12.21	4.62	4.73	137.94	35.75	283.47	284.46	111.32	13.86	874.5
23.4784	55.77	3.85	0	0	0	0	0	0	12.21	0	4.73	122.21	30.25	286.33	281.49	116.05	59.62	853.27
23.4884	201.52	23.32	16.94	5.17	0	5.83	0	0	12.21	0	0	109.56	24.75	289.08	275.66	118.25	252.78	829.51
23.4984	241.45	42.79	29.04	10.34	4.18	5.83	0	0	10.45	0	0	93.94	19.25	291.94	267.19	122.76	333.63	805.53
23.5084	254.43	69.74	55.77	22.33	8.47	11.66	0	0	8.69	0	0	78.21	13.75	289.08	255.86	127.16	422.4	772.75
23.5184	262.24	100.54	77	39.6	14.74	21.45	4.51	0	8.69	0	0	59.4	8.25	280.61	244.53	131.67	520.08	733.15
23.5284	264.88	115.94	91.08	51.7	19.03	27.28	7.59	7.04	6.93	0	0	45.21	5.5	266.64	227.59	133.87	584.54	685.74
23.5384	267.41	120.12	98.23	58.63	19.03	33.22	12.21	7.04	5.17	0	0	31.02	5.5	235.95	209.99	136.18	615.89	623.81
23.5484	262.24	120.12	102.96	60.83	21.12	41.03	15.18	8.8	3.41	0	0	22.55	0	195.03	189.09	138.38	632.28	548.46
23.5584	259.6	120.12	110	63.03	23.21	50.71	21.34	10.56	0	0	0	11.22	0	149.05	162.36	136.18	658.57	458.81
23.5684	262.24	122.21	119.79	65.23	25.41	58.63	25.96	12.32	0	0	0	5.61	0	113.63	133.32	129.47	691.79	382.03
23.5783	270.05	126.39	129.69	67.43	29.59	67.54	32.01	14.08	0	0	0	0	0	86.46	107.14	113.85	736.78	307.45
23.5883	282.92	130.57	144.54	69.63	31.68	74.25	36.63	15.84	0	0	0	0	0	62.04	86.35	86.9	786.06	235.29
23.5983	298.21	136.84	156.97	74.03	33.88	80.96	41.25	19.36	0	0	0	0	0	47.52	74.36	67.32	841.5	189.2
23.6083	305.91	141.02	166.87	76.23	35.97	87.67	42.68	21.12	0	0	0	0	0	33.22	62.48	50.82	877.47	146.52
23.6183	311.08	147.29	171.82	82.83	35.97	92.18	44.22	22.88	0	0	0	0	0	26.07	53.9	35.97	908.27	115.94
23.6283	311.08	151.47	174.24	89.54	38.06	96.69	45.76	22.88	0	0	0	0	0	21.34	46.2	29.59	929.72	97.13
23.6383	305.91	153.56	174.24	96.14	38.06	103.4	47.3	24.64	0	0	0	0	0	16.61	33.33	21.12	943.25	71.06
23.6483	300.85	155.65	169.29	102.74	38.06	107.91	47.3	26.4	0	0	0	0	0	9.46	17.93	10.56	948.2	37.95
23.6583	293.15	157.74	169.29	109.34	38.06	112.42	47.3	26.4	0	0	0	0	0	4.73	7.7	4.18	953.7	16.61
23.6683	285.45	157.74	164.34	116.05	38.06	116.6	47.3	28.27	0	0	0	0	0	4.73	5.06	4.18	953.81	13.97
23.6783	277.86	157.74	159.39	120.56	38.06	120.78	48.84	28.27	0	0	0	0	0	0	5.06	0	951.5	5.06
23.6883	267.41	155.65	154.44	127.27	40.15	120.78	48.84	30.03	0	0	0	0	0	0	0	0	944.57	0
23.6983	259.6	151.47	149.49	129.47	40.15	122.98	48.84	30.03	0	0	0	0	0	0	0	0	932.03	0
23.7083	249.26	149.38	144.54	131.67	40.15	125.07	48.84	30.03	0	0	0	0	0	0	0	0	918.94	0
23.7183	238.92	145.2	139.59	133.98	40.15	125.07	48.84	30.03	0	0	0	0	0	0	0	0	901.78	0
23.7283	228.58	143.11	132.22	138.38	40.15	127.16	48.84	30.03	0	0	0	0	0	0	0	0	888.47	0
23.7383	218.46	136.84	127.27	140.69	40.15	127.16	48.84	31.79	0	0	0	0	0	0	0	0	871.2	0
23.7483	208.78	134.75	122.32	142.89	40.15	127.16	48.84	31.79	0	0	0	0	0	0	0	0	856.68	0
23.7583	201.52	130.57	117.37	145.09	40.15	129.25	48.84	31.79	0	0	0	0	0	0	0	0	844.58	0
23.7683	194.15	128.48	110	147.4	40.15	129.25	48.84	31.79	0	0	0	0	0	0	0	0	830.06	0
23.7783	186.89	124.3	107.69	149.6	40.15	129.25	48.84	31.79	0	0	0	0	0	0	0	0	818.51	0
23.7883	182.05	120.12	105.27	151.8	42.35	131.45	50.38	31.79	0	0	0	0	0	0	0	0	815.21	0
23.7983	174.79	118.03	102.96	154.11	42.35	131.45	51.92	33.55	0	0	0	0	0	0	0	0	809.16	0
23.8083	169.95	115.94	100.54	156.31	42.35	133.54	51.92	33.55	0	0	0	0	0	0	0	0	804.1	0
23.8183	165	111.54	98.23	158.51	44.44	137.72	53.46	33.55	0	0	0	0	0	0	0	0	802.45	0
23.8283	160.05	109.34	98.23	158.51	44.44	139.92	56.54	35.31	0	0	0	0	0	0	0	0	802.34	0
23.8383	155.21	104.94	98.23	160.82	44.44	144.1	58.3	35.31	0	0	0	0	0	0	0	0	801.35	0
23.8483	150.26	102.74	98.23	165.33	46.53	148.39	61.93	38.83	0	0	0	0	0	0	0	0	812.24	0
23.8583	145.31	100.54	95.81	169.95	48.62	154.66	65.56	38.83	0	0	0	0	0	0	0	0	819.28	0
23.8683	137.94	96.14	91.08	174.68	48.62	161.04	69.19	42.35	0	0	0	0	0	0	0	0	821.04	0
23.8783	128.15	91.74	86.35	181.83	50.82	167.53	72.82	44.11	0	0	0	0	0	0	0	0	823.35	0
23.8883	120.78	87.34	81.73	186.56	52.91	178.53	76.45	45.87	0	0	0	0	0	0	0	0	830.17	0
23.8983	110.99	80.74	77	193.6	52.91	187.33	81.84	49.39	0	0	0	0	0	0	0	0	833.8	0
23.9083	99.88	74.14	69.85	200.64	52.91	196.24	85.47	52.91	0	0	0	0	0	0	0	0	832.04	0
23.9183	91.08	67.54	62.81	207.79	55	205.04	89.1	56.54	0	0	0	0	0	0	0	0	834.9	0
23.9283	79.97	60.94	55.77	212.52	55	213.84	92.73	62.59	0	0	0	0	0	0	0	0	833.36	0
23.9383	68.97	52.58	45.98	217.25	55	224.95	98.12	68.64	0	0	0	0	0	0	0	0	831.49	0
23.9483	60.17	46.75	38.72	221.98	57.2	231.55	103.62	74.69	0	0	0	0	0	0	0	0	834.68	0
23.9583	48.73	36.96	31.46	221.98	57.2	238.15	109.01	80.74	0	0	0	0	0	0	0	0	824.23	0
23.9683	41.8	33.11	26.62	221.98	57.2	242.55	114.51	88.77	0	0	0	0	0	0	0	0	826.54	0
23.9783	37.18	27.28	21.78	219.56	55	246.95	118.47	100.87	0	0	0	0	0	0	0	0	827.09	0
23.9883	32.45	21.34	19.36	214.83	55	253.55	122.54	106.92	0	0	0	0	0	0	0	0	825.99	0
23.9983	27.83	17.49	16.94	207.79	50.82	255.75	124.52	113.08	0	0	0	0	0	0	0	0	814.22	0
24.0083	25.52	15.51	14.52	195.91	48.62	260.15	126.5	119.35	0	0	0	0	0	0	0	0	806.08	0
24.0183	25.52	13.64	14.52	184.14	44.44	262.35	124.52	123.53	0	4.62	0	0	0	0	0	0	792.66	4.62
24.0283	23.21	13.64	12.1	169.95	40.15	266.75	122.54	129.8	5.17	9.35	0	0	0	0	0	0	778.14	14.52
24.0383	20.9	11.66	12.1	149.6	35.97	268.95	120.45	133.98	12.21	13.97	0	0	0	0	0	0	753.61	26.18
24.0483	20.9	11.66	9.68	129.47	29.59	268.95	116.49	142.34	28.05	28.05	0	8.47	0	0	0	0	729.08	64.57
24.0583	18.59	9.68	9.68	109.34	25.41	268.95	112.64	150.7	92.29	68.09	9.57	16.94	0	4.73	0	0	704.99	191.62
24.0683	16.17	9.68	9.68	87.34	21.12	266.75	109.01	159.06	136.4	105.93	19.14	33.88	0	16.61	0	0	678.81	311.96
24.0783	16.17	7.7	9.68	65.23	16.94	260.15	105.38	167.42	163.9	138.05	35.86	48.07	5.5	45.1	0	12.65	648.67	449.13
24.0883	11.55	5.83	9.68	46.53	10.56	242.55	101.75	171.82	205.48	173.03	60.5	59.4	8.25	64.79	17.93	19.03	600.27	608.41
24.0983	9.24	5.83	7.26	32.67	8.47	211.64	94.49	176.44	228.91	185.13	74.14	65.67	11	75.68	33.33	25.41	546.04	699.27
24.1083	4.62	3.85	7.26	24.09	6.27	163.13	83.71	174.13	231.44	182.71	79.64	65.67	11	81.07	41.03	27.5	467.06	720.06
24.1183	0	3.85	4.84	17.16	6.27	114.51	69.19	163.24	219.34	177.87	76.89	65.67	13.75	89.21	46.2	29.59	379.06	718.52
24.1283	0	0	4.84	13.75	6.27	76.56	55	136.07	212.41	177.87	82.39	68.75	13.75	100.1	53.9	31.79	292.49	740.96
24.1383	0	0	0	8.58	4.18	52.69	45.76	88.77	214.72	185.13	87.78	71.94	13.75	110.99	65.45	35.97	199.98	785.73
24.1483	0	0	0	3.41	0	39.05	36.63	54.67	224.07	194.81	96.03	78.21	16.5	124.52	74.36	40.26	133.76	848.76
24.1583	0	0	0	0	0	27.28	28.93	33.55	233.86	204.49	106.92	84.48	19.25	135.41	89.32	44.44	89.76	918.17
24.1683	0	0	0	0	0	19.47	21.34	19.36	246.18	211.75	115.17	90.75	19.25	146.3	101.2	48.73	60.17	979.33
24.1783	0	0	0	0	0	13.64	13.75	7.04	248.6	216.59	120.78	97.02	22	157.19	110.22	50.82	34.43	1023.22
24.1883	0	0	0	0	0	9.68	7.59	0	246.18	221.43	123.53	106.48	22	168.19	118.91	52.91	17.27	1059.63
24.1983	0	0	0	0	0	7.81	2.97	0	238.81	221.43	123.53	115.94	24.75	176.22	121.77	55.11	10.78	1077.56
24.2083	0	0	0	0	0	5.83	2.97	0	231.44	219.01	120.78	122.21	24.75	184.25	127.6	57.53	8.8	1087.57
24.2183	0	0	0	0	0	5.83	0	0	219.34	214.17	117.92	128.48	24.75	189.64	130.46	57.53	5.83	1082.29
24.2283	0	0	0	0	0	3.85	0	0	205.48	209.33	109.67	131.67	24.75	195.03	133.32	59.95	3.85	1069.2
24.2383	0	0	0	0	0	0	0	0	191.51	202.07	106.92	137.94	24.75	200.42	133.32	62.37	0	1059.3
24.2483	0	0	0	0	0	0	0	0	177.65	194.81	98.67	141.13	27.5	203.06	133.32	62.37	0	1038.51
24.2583	0	0	0	0	0	0	0	0	163.9	185.13	93.28	147.51	27.5	205.81	133.32	62.37	0	1018.82
24.2683	0	0	0	0	0	0	0	0	153.34	177.87	85.03	150.59	27.5	205.81	133.32	62.37	0	995.83
24.2783	0	0	0	0	0	0	0	0	142.78	170.61	79.64	153.78	27.5	205.81	130.46	64.9	0	975.48
24.2883	0	0	0	0	0	0	0	0	132.22	163.13	74.14	156.97	27.5	205.81	127.6	62.37	0	949.74
24.2983	0	0	0	0	0	0	0	0	123.75	155.65	68.75	156.97	27.5	208.45	127.6	64.9	0	933.57
24.3083	0	0	0	0	0	0	0	0	117.37	148.06	63.25	163.24	27.5	208.45	124.63	64.9	0	917.4
24.3183	0	0	0	0	0	0	0	0	109.45	143.11	60.5	163.24	27.5	211.2	124.63	64.9	0	904.53
24.3283	0	0	0	0	0	0	0	0	103.73	138.05	57.75	166.43	27.5	213.84	124.63	64.9	0	896.83
24.3383	0	0	0	0	0	0	0	0	98.01	130.57	52.69	169.62	27.5	213.84	124.63	64.9	0	881.76
24.3483	0	0	0	0	0	0	0	0	92.29	125.51	50.27	172.81	27.5	216.59	124.63	64.9	0	874.5
24.3583	0	0	0	0	0	0	0	0	88.44	123.09	50.27	176	27.5	219.23	127.6	67.32	0	879.45
24.3683	0	0	0	0	0	0	0	0	84.7	118.03	47.85	179.19	27.5	221.98	133.32	67.32	0	879.89
24.3783	0	0	0	0	0	0	0	0	80.85	113.08	47.85	179.19	30.25	224.73	136.29	69.74	0	881.98
24.3883	0	0	0	0	0	0	0	0	77	110.66	45.43	179.19	30.25	230.34	142.12	69.74	0	884.73
24.3983	0	0	0	0	0	0	0	0	73.15	105.93	45.43	182.38	30.25	233.09	147.84	74.69	0	892.76
24.4083	0	0	0	0	0	0	0	0	69.41	101.2	43.12	185.57	33	238.7	156.53	74.69	0	902.22
24.4183	0	0	0	0	0	0	0	0	65.56	96.47	40.7	188.76	33	244.31	162.36	77.11	0	908.27
24.4283	0	0	0	0	0	0	0	0	59.84	91.74	38.28	195.14	33	249.92	168.3	79.53	0	915.75
24.4383	0	0	0	0	0	0	0	0	56.21	87.01	35.86	198.44	35.75	255.42	177.21	81.95	0	927.85
24.4483	0	0	0	0	0	0	0	0	49.17	79.86	33.44	201.63	35.75	261.03	183.15	84.48	0	928.51
24.4583	0	0	0	0	0	0	0	0	43.89	75.13	28.71	208.01	35.75	266.64	192.06	86.9	0	937.09
24.4683	0	0	0	0	0	0	0	0	38.61	65.67	26.29	211.2	38.5	272.25	198.11	89.32	0	939.95
24.4783	0	0	0	0	0	0	0	0	33.33	56.21	23.87	214.39	38.5	280.61	207.02	94.27	0	948.2
24.4883	0	0	0	0	0	0	0	0	28.05	46.86	19.14	214.39	41.25	283.47	215.93	96.69	0	945.78
24.4983	0	0	0	0	0	0	0	0	24.53	39.82	16.72	217.58	41.25	289.08	221.98	99.11	0	950.07
24.5083	0	0	0	0	0	0	0	0	22.77	32.78	14.3	217.58	41.25	294.8	227.59	101.53	0	952.6
24.5183	0	0	0	0	0	0	0	0	19.25	25.74	11.88	217.58	41.25	297.55	230.45	104.06	0	947.76
24.5283	0	0	0	0	0	0	0	0	17.49	18.7	9.57	214.39	38.5	303.27	230.45	106.48	0	938.85
24.5383	0	0	0	0	0	0	0	0	13.97	11.66	7.15	204.82	35.75	306.02	230.45	111.32	0	921.14
24.5483	0	0	0	0	0	0	0	0	13.97	6.93	4.73	195.14	33	311.74	224.73	113.85	0	904.09
24.5583	0	0	0	0	0	0	0	0	12.21	4.62	4.73	179.19	27.5	314.49	218.9	116.05	0	877.69
24.5683	4.62	3.85	0	0	0	0	0	0	12.21	4.62	4.73	163.24	22	317.35	212.96	120.45	8.47	857.56
24.5783	13.86	7.7	0	3.41	0	0	0	0	10.45	4.62	0	144.32	16.5	325.82	204.05	124.96	24.97	830.72
24.5883	34.76	13.64	4.84	10.34	0	3.85	0	0	10.45	0	0	125.4	11	328.68	192.06	129.47	67.43	797.06
24.5983	147.84	44.77	19.36	24.09	8.47	11.66	2.97	0	8.69	0	0	103.29	8.25	328.68	186.12	133.87	259.16	768.9
24.6083	241.45	71.94	33.88	36.19	12.65	17.49	2.97	0	8.69	0	0	81.29	8.25	322.96	177.21	138.38	416.57	736.78
24.6183	249.26	96.14	53.24	48.18	14.74	23.43	2.97	3.52	6.93	0	0	56.54	5.5	311.74	165.33	145.09	491.48	691.13
24.6283	259.6	115.94	74.58	60.83	19.03	31.24	6.05	7.04	5.17	0	0	42.35	0	280.61	150.81	149.6	574.31	628.54
24.6383	267.41	124.3	86.35	69.63	19.03	42.9	12.21	12.32	3.41	0	0	28.27	0	227.48	136.29	151.8	634.15	547.25
24.6483	270.05	126.39	91.08	71.83	21.12	52.69	18.26	15.84	0	0	0	19.8	0	173.47	121.77	151.8	667.26	466.84
24.6583	262.24	126.39	98.23	76.23	25.41	65.34	25.96	19.36	0	0	0	14.08	0	127.27	104.17	142.89	699.16	388.41
24.6683	262.24	130.57	107.69	80.63	29.59	78.76	33.55	22.88	0	0	0	11.22	0	91.96	86.35	122.76	745.91	312.29
24.6783	270.05	136.84	119.79	85.03	31.68	89.98	41.25	26.4	0	0	0	8.47	0	64.79	74.36	91.74	801.02	239.36
24.6883	282.92	145.2	137.17	89.54	35.97	101.2	45.76	31.79	0	0	0	0	0	47.52	65.45	69.74	869.55	182.71
24.6983	290.62	149.38	149.49	96.14	38.06	112.42	51.92	38.83	0	0	0	0	0	35.64	53.9	50.82	926.86	140.36
24.7083	295.68	153.56	159.39	100.54	38.06	122.98	56.54	44.11	0	0	0	0	0	26.07	46.2	40.26	970.86	112.53
24.7183	295.68	155.65	164.34	107.14	40.15	131.45	60.06	51.15	0	0	0	0	0	21.34	41.03	31.79	1005.62	94.16
24.7283	290.62	157.74	166.87	111.54	42.35	137.72	63.69	58.52	0	0	0	0	0	16.61	30.8	23.21	1029.05	70.62
24.7383	285.45	155.65	166.87	116.05	42.35	142.01	67.32	64.57	0	0	0	0	0	11.88	17.93	10.56	1040.27	40.37
24.7483	275.22	153.56	161.92	118.25	44.44	146.19	70.95	68.64	0	0	0	0	0	7.04	5.06	4.18	1039.17	16.28
24.7583	264.88	149.38	156.97	120.56	44.44	148.39	72.82	70.62	0	0	0	0	0	4.73	5.06	4.18	1028.06	13.97
24.7683	254.43	145.2	152.02	120.56	46.53	150.48	74.58	74.69	0	0	0	0	0	0	0	0	1018.49	0
24.7783	244.09	141.02	147.07	120.56	46.53	152.57	78.21	76.67	0	0	0	0	0	0	0	0	1006.72	0
24.7883	231.11	134.75	142.12	122.76	46.53	152.57	80.08	80.74	0	0	0	0	0	0	0	0	990.66	0
24.7983	220.88	128.48	137.17	122.76	48.62	154.66	83.71	86.79	0	0	0	0	0	0	0	0	983.07	0
24.8083	211.2	124.3	129.69	122.76	48.62	154.66	85.47	88.77	0	0	0	0	0	0	0	0	965.47	0
24.8183	201.52	120.12	127.27	120.56	50.82	154.66	87.23	90.86	0	0	0	0	0	0	0	0	953.04	0
24.8283	194.15	113.85	122.32	120.56	50.82	154.66	90.86	92.84	0	0	0	0	0	0	0	0	940.06	0
24.8383	186.89	111.54	117.37	120.56	52.91	156.86	92.73	94.82	0	0	0	0	0	0	0	0	933.68	0
24.8483	179.63	107.14	114.84	120.56	52.91	156.86	94.49	96.91	0	0	0	0	0	0	0	0	923.34	0
24.8583	172.37	102.74	110	120.56	55	158.95	96.36	98.89	0	0	0	0	0	0	0	0	914.87	0
24.8683	165	98.34	105.27	120.56	55	158.95	98.12	100.87	0	0	0	0	0	0	0	0	902.11	0
24.8783	160.05	96.14	100.54	120.56	55	161.04	98.12	102.96	0	0	0	0	0	0	0	0	894.41	0
24.8883	152.68	91.74	98.23	122.76	55	161.04	99.99	104.94	0	0	0	0	0	0	0	0	886.38	0
24.8983	147.84	89.54	95.81	122.76	57.2	163.13	99.99	106.92	0	0	0	0	0	0	0	0	883.19	0
24.9083	142.89	87.34	93.5	122.76	57.2	163.13	101.75	106.92	0	0	0	0	0	0	0	0	875.49	0
24.9183	140.47	85.14	91.08	124.96	57.2	163.13	101.75	109.01	0	0	0	0	0	0	0	0	872.74	0
24.9283	135.52	82.94	88.77	124.96	57.2	165.33	103.62	110.99	0	0	0	0	0	0	0	0	869.33	0
24.9383	130.57	80.74	86.35	127.27	59.4	167.53	105.38	110.99	0	0	0	0	0	0	0	0	868.23	0
24.9483	125.73	78.54	84.04	127.27	59.4	169.73	107.25	113.08	0	0	0	0	0	0	0	0	865.04	0
24.9583	123.2	76.34	81.73	129.47	59.4	171.93	109.01	117.26	0	0	0	0	0	0	0	0	868.34	0
24.9683	120.78	74.14	81.73	129.47	59.4	174.13	110.88	119.35	0	0	0	0	0	0	0	0	869.88	0
24.9783	115.83	71.94	79.31	131.67	61.71	176.33	112.64	121.44	0	0	0	0	0	0	0	0	870.87	0
24.9883	113.41	69.74	77	133.98	61.71	178.53	116.49	123.53	0	0	0	0	0	0	0	0	874.39	0
24.9983	108.68	67.54	77	136.18	61.71	182.93	118.47	127.71	0	0	0	0	0	0	0	0	880.22	0
25.0082	104.28	65.34	74.58	136.18	64.02	185.13	120.45	131.89	0	0	0	0	0	0	0	0	881.87	0
25.0182	102.08	63.14	72.27	138.38	64.02	189.53	122.54	133.98	0	0	0	0	0	0	0	0	885.94	0
25.0282	97.68	60.94	69.85	140.69	66.33	191.73	126.5	138.16	0	0	0	0	0	0	0	0	891.88	0
25.0382	91.08	56.54	65.12	140.69	64.02	196.24	128.59	142.34	0	0	0	0	0	0	0	0	884.62	0
25.0482	84.48	52.58	60.39	140.69	64.02	198.44	130.57	146.52	0	0	0	0	0	0	0	0	877.69	0
25.0582	79.97	48.73	58.08	140.69	64.02	200.64	132.55	152.79	0	0	0	0	0	0	0	0	877.47	0
25.0682	73.37	44.77	55.77	138.38	64.02	202.84	134.64	154.88	0	0	0	0	0	0	0	0	868.67	0
25.0782	68.97	40.92	50.82	136.18	64.02	200.64	136.62	154.88	0	0	0	0	0	0	0	0	853.05	0
25.0882	66.77	36.96	48.4	133.98	64.02	200.64	136.62	156.97	0	0	0	8.47	0	0	0	0	844.36	8.47
25.0982	62.37	35.09	48.4	131.67	61.71	196.24	136.62	156.97	0	6.93	0	28.27	0	35.64	20.46	14.74	829.07	106.04
25.1082	60.17	31.13	45.98	127.27	61.71	191.73	134.64	156.97	3.41	9.35	4.73	31.02	5.5	35.64	23.1	14.74	809.6	127.49
25.1182	55.77	29.15	43.56	120.56	61.71	185.13	134.64	156.97	15.73	25.74	11.88	50.82	8.25	47.52	30.8	21.12	787.49	211.86
25.1282	46.42	25.3	36.3	113.85	59.4	180.73	134.64	154.88	49.17	58.63	23.87	78.21	16.5	64.79	43.67	29.59	751.52	364.43
25.1382	37.18	19.47	26.62	102.74	55	174.13	136.62	152.79	115.28	110.66	47.85	100.21	19.25	89.21	51.37	29.59	704.55	563.42
25.1482	27.83	15.51	21.78	89.54	50.82	165.33	138.6	150.7	138.49	125.51	66	106.48	22	110.99	59.51	33.88	660.11	662.86
25.1582	23.21	11.66	16.94	71.83	44.44	156.86	134.64	146.52	125.84	115.5	66	106.48	22	121.88	68.42	38.06	606.1	664.18
25.1682	18.59	9.68	14.52	56.87	38.06	148.39	130.57	144.43	103.73	103.51	63.25	109.56	22	135.41	77.33	42.35	561.11	657.14
25.1782	16.17	7.7	12.1	46.53	33.88	137.72	126.5	140.25	90.42	94.05	60.5	112.75	22	146.3	89.32	44.44	520.85	659.78
25.1882	16.17	7.7	9.68	37.84	29.59	129.25	122.54	133.98	84.7	91.74	57.75	119.02	24.75	157.19	98.23	48.73	486.75	682.11
25.1982	13.86	5.83	9.68	31.02	25.41	120.78	118.47	133.98	80.85	89.32	57.75	125.4	24.75	170.83	107.14	50.82	459.03	706.86
25.2082	13.86	5.83	9.68	25.85	23.21	112.42	116.49	131.89	75.13	87.01	55.11	128.48	27.5	178.86	115.94	52.91	439.23	720.94
25.2182	13.86	5.83	7.26	22.33	21.12	103.4	112.64	131.89	69.41	82.28	52.69	131.67	27.5	187	121.77	55.11	418.33	727.43
25.2282	13.86	5.83	7.26	18.92	19.03	94.49	107.25	131.89	67.43	82.28	52.69	134.86	27.5	195.03	133.32	57.53	398.53	750.64
25.2382	11.55	3.85	7.26	17.16	16.94	87.67	103.62	131.89	65.56	79.86	50.27	134.86	30.25	200.42	144.98	62.37	379.94	768.57
25.2482	11.55	5.83	7.26	15.51	16.94	80.96	99.99	131.89	61.71	77.55	50.27	134.86	30.25	203.06	153.67	64.9	369.93	776.27
25.2582	11.55	3.85	7.26	15.51	16.94	74.25	94.49	131.89	57.97	72.82	45.43	134.86	33	205.81	162.36	67.32	355.74	779.57
25.2682	11.55	3.85	7.26	13.75	14.74	69.74	90.86	129.8	50.93	65.67	43.12	134.86	33	211.2	171.27	69.74	341.55	779.79
25.2782	11.55	3.85	7.26	13.75	14.74	65.34	87.23	125.62	42.13	58.63	35.86	134.86	35.75	211.2	180.18	69.74	329.34	768.35
25.2882	11.55	3.85	4.84	13.75	14.74	60.83	85.47	121.44	33.33	51.59	31.13	134.86	35.75	213.84	183.15	72.16	316.47	755.81
25.2982	9.24	3.85	4.84	11.99	14.74	58.63	83.71	119.35	28.05	42.13	23.87	134.86	35.75	213.84	186.12	69.74	306.35	734.36
25.3082	9.24	3.85	4.84	11.99	14.74	56.65	81.84	115.17	22.77	35.09	19.14	131.67	38.5	216.59	189.09	69.74	298.32	722.59
25.3182	9.24	3.85	4.84	11.99	14.74	54.67	81.84	113.08	19.25	28.05	14.3	128.48	38.5	219.23	189.09	69.74	294.25	706.64
25.3282	9.24	3.85	4.84	11.99	14.74	54.67	80.08	109.01	15.73	23.43	11.88	125.4	38.5	219.23	189.09	67.32	288.42	690.58
25.3382	9.24	3.85	4.84	11.99	14.74	52.69	80.08	104.94	15.73	21.01	11.88	119.02	35.75	219.23	189.09	67.32	282.37	679.03
25.3482	9.24	3.85	4.84	11.99	14.74	52.69	78.21	100.87	13.97	18.7	9.57	112.75	35.75	219.23	192.06	64.9	276.43	666.93
25.3582	9.24	3.85	4.84	11.99	14.74	50.71	76.45	98.89	12.21	13.97	7.15	106.48	33	221.98	195.14	64.9	270.71	654.83
25.3682	9.24	3.85	4.84	11.99	14.74	50.71	72.82	94.82	10.45	13.97	7.15	103.29	33	221.98	195.14	64.9	263.01	649.88
25.3782	9.24	3.85	4.84	13.75	16.94	52.69	70.95	90.86	10.45	9.35	4.73	100.21	30.25	221.98	195.14	64.9	263.12	637.01
25.3882	9.24	3.85	4.84	13.75	16.94	52.69	69.19	88.77	8.69	9.35	4.73	93.94	30.25	224.73	195.14	62.37	259.27	629.2
25.3982	9.24	3.85	4.84	13.75	19.03	52.69	67.32	84.81	8.69	6.93	0	93.94	27.5	230.34	195.14	62.37	255.53	624.91
25.4082	9.24	5.83	4.84	15.51	19.03	54.67	65.56	80.74	8.69	6.93	4.73	90.75	27.5	233.09	198.11	59.95	255.42	629.75
25.4182	9.24	5.83	4.84	17.16	19.03	54.67	65.56	74.69	8.69	6.93	0	87.56	24.75	238.7	195.14	59.95	251.02	621.72
25.4282	9.24	5.83	4.84	18.92	21.12	54.67	63.69	70.62	8.69	6.93	0	87.56	24.75	241.45	195.14	59.95	248.93	624.47
25.4382	9.24	5.83	7.26	20.68	21.12	56.65	60.06	64.57	8.69	6.93	0	87.56	22	247.06	195.14	57.53	245.41	624.91
25.4482	9.24	5.83	7.26	24.09	21.12	56.65	58.3	58.52	8.69	4.62	0	87.56	22	252.67	195.14	57.53	241.01	628.21
25.4582	9.24	5.83	7.26	25.85	23.21	56.65	56.54	52.91	6.93	4.62	0	90.75	22	255.42	195.14	57.53	237.49	632.39
25.4682	9.24	7.7	7.26	27.5	25.41	56.65	55	49.39	6.93	4.62	0	93.94	22	261.03	195.14	57.53	238.15	641.19
25.4782	9.24	9.68	9.68	29.26	27.5	58.63	51.92	45.87	8.69	4.62	0	97.02	22	263.89	195.14	57.53	241.78	648.89
25.4882	11.55	9.68	12.1	32.67	27.5	56.65	50.38	42.35	6.93	4.62	0	100.21	22	266.64	195.14	57.53	242.88	653.07
25.4982	18.59	11.66	16.94	34.43	29.59	56.65	48.84	38.83	6.93	4.62	0	103.29	24.75	272.25	195.14	57.53	255.53	664.51
25.5082	30.14	13.64	26.62	36.19	29.59	52.69	45.76	35.31	8.69	4.62	0	109.56	24.75	275	192.06	57.53	269.94	672.21
25.5182	41.8	17.49	33.88	36.19	29.59	50.71	42.68	33.55	6.93	6.93	0	115.94	24.75	277.86	192.06	57.53	285.89	682
25.5282	51.04	17.49	38.72	36.19	27.5	46.86	38.17	26.4	8.69	6.93	0	119.02	24.75	277.86	192.06	57.53	282.37	686.84
25.5382	60.17	19.47	41.14	34.43	27.5	44.88	33.55	24.64	8.69	6.93	0	125.4	27.5	280.61	189.09	57.53	285.78	695.75
25.5482	66.77	21.34	43.56	34.43	25.41	41.03	28.93	21.12	8.69	6.93	0	131.67	27.5	277.86	186.12	55.11	282.59	693.88
25.5582	71.17	21.34	43.56	34.43	21.12	35.09	22.88	19.36	8.69	6.93	0	141.13	27.5	277.86	180.18	57.53	268.95	699.82
25.5682	75.57	23.32	45.98	34.43	21.12	29.26	18.26	15.84	8.69	6.93	0	150.59	27.5	277.86	180.18	57.53	263.78	709.28
25.5782	79.97	23.32	45.98	32.67	19.03	23.43	15.18	12.32	8.69	6.93	0	160.05	30.25	280.61	177.21	57.53	251.9	721.27
25.5882	79.97	23.32	45.98	29.26	16.94	19.47	12.21	10.56	8.69	6.93	0	172.81	33	280.61	174.24	55.11	237.71	731.39
25.5982	82.17	21.34	43.56	25.85	16.94	17.49	9.13	7.04	8.69	6.93	4.73	182.38	33	280.61	174.24	57.53	223.52	748.11
25.6082	82.17	19.47	43.56	22.33	14.74	13.64	7.59	5.28	8.69	11.66	4.73	191.95	35.75	280.61	171.27	57.53	208.78	762.19
25.6182	84.48	17.49	43.56	17.16	12.65	11.66	6.05	3.52	10.45	13.97	4.73	204.82	38.5	280.61	171.27	57.53	196.57	781.88
25.6282	84.48	17.49	43.56	13.75	12.65	7.81	4.51	0	10.45	16.39	7.15	211.2	38.5	280.61	168.3	57.53	184.25	790.13
25.6382	88.88	15.51	43.56	11.99	10.56	5.83	2.97	0	12.21	18.7	9.57	220.77	41.25	277.86	168.3	57.53	179.3	806.19
25.6482	91.08	15.51	43.56	10.34	10.56	5.83	0	0	13.97	23.43	11.88	224.07	41.25	275	168.3	57.53	176.88	815.43
25.6582	93.28	13.64	41.14	8.58	8.47	3.85	0	0	13.97	25.74	11.88	229.79	44	272.25	165.33	57.53	168.96	820.49
25.6682	93.28	13.64	41.14	6.82	8.47	3.85	0	0	15.73	30.47	14.3	232.76	46.75	266.64	165.33	57.53	167.2	829.51
25.6782	95.48	11.66	38.72	6.82	8.47	0	0	0	19.25	37.51	16.72	235.62	46.75	261.03	162.36	57.53	161.15	836.77
25.6882	95.48	11.66	38.72	5.17	6.27	0	0	0	22.77	46.86	19.14	235.62	49.5	252.67	162.36	57.53	157.3	846.45
25.6982	95.48	9.68	38.72	5.17	6.27	0	0	0	29.81	58.63	23.87	238.59	52.25	244.31	162.36	57.53	155.32	867.35
25.7082	95.48	9.68	36.3	3.41	6.27	0	0	0	38.61	72.82	31.13	235.62	55.11	238.7	162.36	57.53	151.14	891.88
25.7182	97.68	9.68	36.3	3.41	6.27	0	0	0	47.41	84.59	38.28	235.62	55.11	235.95	162.36	57.53	153.34	916.85
25.7282	97.68	9.68	36.3	3.41	6.27	0	0	0	54.45	91.74	40.7	232.76	58.08	233.09	165.33	57.53	153.34	933.68
25.7382	99.88	9.68	38.72	3.41	6.27	0	0	0	56.21	94.05	43.12	232.76	58.08	230.34	168.3	57.53	157.96	940.39
25.7482	102.08	9.68	36.3	3.41	6.27	0	0	0	56.21	91.74	40.7	232.76	58.08	230.34	168.3	57.53	157.74	935.66
25.7582	104.28	9.68	38.72	3.41	6.27	0	0	0	52.69	89.32	40.7	229.79	58.08	230.34	171.27	57.53	162.36	929.72
25.7682	104.28	9.68	38.72	3.41	6.27	0	0	0	49.17	84.59	38.28	226.93	61.05	230.34	174.24	57.53	162.36	922.13
25.7782	106.48	9.68	38.72	3.41	6.27	0	0	0	47.41	79.86	35.86	224.07	61.05	230.34	177.21	59.95	164.56	915.75
25.7882	108.68	9.68	41.14	3.41	6.27	0	0	0	43.89	75.13	33.44	220.77	61.05	230.34	177.21	59.95	169.18	901.78
25.7982	110.99	11.66	41.14	3.41	6.27	0	0	0	40.37	70.4	31.13	214.39	61.05	230.34	183.15	57.53	173.47	888.36
25.8082	113.41	11.66	41.14	3.41	6.27	0	0	0	35.09	63.36	31.13	211.2	61.05	230.34	186.12	57.53	175.89	875.82
25.8182	115.83	13.64	43.56	3.41	6.27	0	0	0	33.33	58.63	26.29	208.01	61.05	230.34	183.15	57.53	182.71	858.33
25.8282	118.36	13.64	45.98	3.41	6.27	0	0	0	28.05	53.9	23.87	204.82	61.05	227.48	186.12	57.53	187.66	842.82
25.8382	120.78	13.64	48.4	5.17	6.27	0	0	0	26.29	46.86	21.56	198.44	58.08	227.48	186.12	55.11	194.26	819.94
25.8482	123.2	13.64	48.4	3.41	6.27	0	0	0	22.77	44.55	21.56	195.14	58.08	230.34	186.12	55.11	194.92	813.67
25.8582	123.2	13.64	48.4	5.17	6.27	0	0	0	21.01	39.82	19.14	191.95	55.11	227.48	183.15	55.11	196.68	792.77
25.8682	125.73	13.64	50.82	5.17	8.47	0	0	0	19.25	35.09	16.72	191.95	55.11	227.48	183.15	52.91	203.83	781.66
25.8782	130.57	15.51	53.24	5.17	8.47	0	2.97	0	17.49	32.78	16.72	188.76	55.11	230.34	183.15	52.91	215.93	777.26
25.8882	135.52	17.49	58.08	5.17	8.47	3.85	2.97	0	15.73	30.47	14.3	185.57	52.25	230.34	183.15	52.91	231.55	764.72
25.8982	140.47	21.34	60.39	6.82	8.47	3.85	4.51	0	15.73	25.74	11.88	182.38	52.25	230.34	183.15	50.82	245.85	752.29
25.9082	145.31	25.3	65.12	10.34	10.56	5.83	6.05	0	13.97	23.43	9.57	176	52.25	230.34	183.15	50.82	268.51	739.53
25.9182	152.68	31.13	69.85	15.51	12.65	9.68	9.13	0	12.21	18.7	7.15	169.62	49.5	233.09	186.12	50.82	300.63	727.21
25.9282	152.68	33.11	74.58	18.92	14.74	15.62	13.75	3.52	12.21	16.39	7.15	160.05	46.75	230.34	186.12	48.73	326.92	707.74
25.9382	152.68	36.96	77	20.68	16.94	19.47	18.26	5.28	10.45	13.97	4.73	147.51	44	230.34	189.09	48.73	347.27	688.82
25.9482	155.21	38.94	81.73	24.09	19.03	23.43	21.34	8.8	8.69	9.35	4.73	134.86	44	230.34	189.09	48.73	372.57	669.79
25.9582	160.05	40.92	84.04	25.85	21.12	27.28	25.96	10.56	8.69	9.35	0	122.21	38.5	227.48	189.09	48.73	395.78	644.05
25.9682	162.58	42.79	91.08	27.5	23.21	33.22	28.93	12.32	8.69	6.93	0	106.48	35.75	224.73	192.06	48.73	421.63	623.37
25.9782	169.95	46.75	95.81	31.02	25.41	37.07	32.01	15.84	6.93	6.93	0	93.94	33	221.98	192.06	48.73	453.86	603.57
25.9882	174.79	50.6	100.54	32.67	27.5	41.03	33.55	17.6	6.93	6.93	0	84.48	30.25	219.23	195.14	50.82	478.28	593.78
25.9982	179.63	52.58	105.27	34.43	27.5	44.88	35.09	17.6	6.93	4.62	0	68.75	24.75	216.59	195.14	50.82	496.98	567.6
26.0082	186.89	56.54	107.69	37.84	27.5	46.86	36.63	19.36	6.93	4.62	0	59.4	19.25	208.45	192.06	50.82	519.31	541.53
26.0182	194.15	63.14	112.42	41.36	29.59	50.71	36.63	21.12	6.93	4.62	0	48.07	16.5	200.42	192.06	52.91	549.12	521.51
26.0282	201.52	67.54	114.84	46.53	29.59	54.67	36.63	22.88	5.17	0	0	36.74	11	192.39	189.09	52.91	574.2	487.3
26.0382	208.78	74.14	117.37	51.7	29.59	58.63	36.63	22.88	5.17	0	0	28.27	8.25	181.61	186.12	55.11	599.72	464.53
26.0482	216.04	78.54	119.79	55.11	31.68	60.83	36.63	22.88	5.17	0	0	22.55	5.5	168.19	180.18	57.53	621.5	439.12
26.0582	223.41	82.94	119.79	58.63	31.68	63.03	36.63	24.64	3.41	0	0	14.08	5.5	151.8	171.27	59.95	640.75	406.01
26.0682	231.11	89.54	122.32	63.03	31.68	65.34	35.09	24.64	3.41	0	0	11.22	0	132.77	165.33	62.37	662.75	375.1
26.0782	238.92	93.94	124.74	67.43	31.68	65.34	35.09	24.64	3.41	0	0	5.61	0	113.63	153.67	64.9	681.78	341.22
26.0882	246.73	100.54	127.27	71.83	31.68	67.54	35.09	24.64	0	0	0	0	0	94.6	139.15	67.32	705.32	301.07
26.0982	257.07	104.94	129.69	74.03	31.68	69.74	35.09	24.64	0	0	0	0	0	78.32	127.6	67.32	726.88	273.24
26.1082	264.88	109.34	132.22	76.23	31.68	69.74	35.09	26.4	0	0	0	0	0	64.79	113.08	64.9	745.58	242.77
26.1182	272.58	111.54	137.17	76.23	31.68	69.74	36.63	26.4	0	0	0	0	0	52.25	104.17	59.95	761.97	216.37
26.1282	280.39	111.54	142.12	74.03	31.68	72.05	38.17	26.4	0	0	0	0	0	40.37	89.32	55.11	776.38	184.8
26.1382	290.62	111.54	147.07	74.03	33.88	72.05	39.71	28.27	0	0	0	0	0	33.22	80.3	48.73	797.17	162.25
26.1482	300.85	111.54	154.44	71.83	35.97	72.05	42.68	28.27	0	0	0	0	0	28.49	68.42	40.26	817.63	137.17
26.1582	311.08	111.54	161.92	69.63	35.97	72.05	44.22	30.03	0	0	0	0	0	23.65	59.51	31.79	836.44	114.95
26.1682	318.67	113.85	166.87	67.43	35.97	69.74	45.76	31.79	0	0	0	0	0	18.92	53.9	25.41	850.08	98.23
26.1782	328.9	111.54	171.82	65.23	35.97	69.74	47.3	31.79	0	0	0	0	0	16.61	46.2	19.03	862.29	81.84
26.1882	336.71	111.54	179.3	63.03	38.06	69.74	47.3	31.79	0	0	0	0	0	14.19	41.03	16.94	877.47	72.16
26.1982	341.99	111.54	184.25	60.83	38.06	69.74	48.84	33.55	0	0	0	0	0	14.19	30.8	10.56	888.8	55.55
26.2082	347.27	111.54	189.31	58.63	38.06	67.54	48.84	33.55	0	0	0	0	0	9.46	23.1	6.27	894.74	38.83
26.2182	352.44	111.54	194.37	56.87	40.15	67.54	50.38	35.31	0	0	0	0	0	9.46	17.93	4.18	908.6	31.57
26.2282	357.72	109.34	196.79	55.11	38.06	65.34	50.38	35.31	0	0	0	0	0	7.04	15.4	0	908.05	22.44
26.2382	360.36	109.34	199.32	55.11	38.06	65.34	50.38	35.31	0	0	0	0	0	7.04	12.76	0	913.22	19.8
26.2482	360.36	109.34	201.85	53.35	40.15	63.03	48.84	37.07	0	0	0	0	0	4.73	10.23	0	913.99	14.96
26.2582	363	109.34	201.85	53.35	38.06	60.83	48.84	37.07	0	0	0	0	0	4.73	10.23	0	912.34	14.96
26.2682	363	109.34	201.85	51.7	38.06	60.83	48.84	37.07	0	0	0	0	0	4.73	7.7	0	910.69	12.43
26.2782	363	107.14	199.32	51.7	38.06	60.83	48.84	35.31	0	0	0	0	0	4.73	7.7	0	904.2	12.43
26.2882	363	107.14	199.32	51.7	38.06	58.63	48.84	35.31	0	0	0	0	0	0	7.7	0	902	7.7
26.2982	360.36	107.14	196.79	51.7	38.06	58.63	48.84	35.31	0	0	0	0	0	0	5.06	0	896.83	5.06
26.3082	357.72	104.94	191.84	51.7	38.06	58.63	47.3	35.31	0	0	0	0	0	0	5.06	0	885.5	5.06
26.3182	352.44	104.94	189.31	51.7	38.06	58.63	47.3	35.31	0	0	0	0	0	0	5.06	0	877.69	5.06
26.3282	347.27	104.94	184.25	51.7	38.06	58.63	45.76	35.31	0	0	0	0	0	0	5.06	0	865.92	5.06
26.3382	344.63	102.74	179.3	53.35	38.06	58.63	45.76	33.55	0	0	0	0	0	0	0	0	856.02	0
26.3482	339.35	102.74	176.77	53.35	38.06	58.63	45.76	35.31	0	0	0	0	0	0	0	0	849.97	0
26.3582	334.07	102.74	174.24	55.11	38.06	60.83	47.3	35.31	0	0	0	0	0	0	0	0	847.66	0
26.3682	328.9	102.74	171.82	55.11	38.06	60.83	47.3	35.31	0	0	0	0	0	0	0	0	840.07	0
26.3782	323.84	102.74	169.29	56.87	40.15	63.03	48.84	33.55	0	0	0	0	0	0	0	0	838.31	0
26.3882	318.67	100.54	169.29	56.87	40.15	63.03	50.38	33.55	0	0	0	0	0	0	0	0	832.48	0
26.3982	316.14	100.54	169.29	58.63	40.15	67.54	51.92	33.55	0	0	0	0	0	0	0	0	837.76	0
26.4082	308.44	100.54	169.29	60.83	42.35	69.74	55	35.31	0	0	0	0	0	0	0	0	841.5	0
26.4182	303.38	100.54	169.29	65.23	44.44	74.25	58.3	35.31	0	0	0	0	0	0	0	0	850.74	0
26.4282	293.15	100.54	166.87	69.63	44.44	80.96	63.69	35.31	0	0	0	0	0	0	0	0	854.59	0
26.4381	285.45	100.54	166.87	76.23	46.53	89.98	67.32	37.07	0	0	0	0	0	0	0	0	869.99	0
26.4481	272.58	100.54	164.34	80.63	46.53	96.69	72.82	38.83	0	0	0	0	0	0	0	0	872.96	0
26.4581	262.24	100.54	161.92	87.34	48.62	105.6	76.45	38.83	0	0	0	0	0	0	0	0	881.54	0
26.4681	249.26	98.34	156.97	96.14	50.82	112.42	80.08	42.35	0	0	0	0	0	0	0	0	886.38	0
26.4781	233.75	96.14	149.49	102.74	50.82	122.98	85.47	44.11	0	0	0	0	0	0	0	0	885.5	0
26.4881	216.04	93.94	142.12	111.54	52.91	131.45	89.1	47.63	0	0	0	0	0	0	0	0	884.73	0
26.4981	199.1	89.54	132.22	120.56	55	142.01	94.49	51.15	0	0	0	0	0	0	0	0	884.07	0
26.5081	179.63	82.94	122.32	127.27	55	150.48	98.12	56.54	0	0	0	0	0	0	0	0	872.3	0
26.5181	160.05	76.34	112.42	133.98	57.2	156.86	103.62	62.59	0	0	0	0	0	0	0	0	863.06	0
26.5281	142.89	69.74	102.96	140.69	59.4	167.53	110.88	68.64	0	0	0	0	0	0	0	0	862.73	0
26.5381	123.2	63.14	91.08	149.6	64.02	174.13	116.49	76.67	0	0	0	0	0	0	0	0	858.33	0
26.5481	104.28	54.56	79.31	154.11	66.33	182.93	122.54	90.86	0	0	0	0	0	0	0	0	854.92	0
26.5581	86.68	46.75	65.12	158.51	68.64	189.53	130.57	100.87	0	0	0	0	0	0	0	0	846.67	0
26.5681	68.97	38.94	50.82	163.02	70.95	198.44	138.6	110.99	0	0	0	0	0	0	0	0	840.73	0
26.5781	53.35	31.13	38.72	163.02	70.95	205.04	144.65	119.35	0	0	0	0	0	0	0	0	826.21	0
26.5881	44.11	25.3	29.04	163.02	68.64	211.64	150.7	127.71	0	0	0	0	0	0	0	0	820.16	0
26.5981	37.18	19.47	24.2	158.51	66.33	213.84	156.75	133.98	3.41	4.62	0	0	0	0	0	0	810.26	8.03
26.6081	32.45	15.51	21.78	151.8	64.02	216.04	160.82	140.25	6.93	6.93	0	0	0	0	0	0	802.67	13.86
26.6181	27.83	13.64	16.94	142.89	59.4	218.24	162.8	146.52	13.97	13.97	0	0	0	0	0	0	788.26	27.94
26.6281	25.52	11.66	16.94	131.67	55	218.24	160.82	152.79	36.85	30.47	4.73	8.47	0	4.73	0	0	772.64	85.25
26.6381	25.52	11.66	14.52	116.05	48.62	218.24	160.82	154.88	90.42	63.36	11.88	14.08	0	4.73	5.06	0	750.31	189.53
26.6481	23.21	9.68	14.52	98.34	42.35	218.24	156.75	159.06	134.31	105.93	28.71	42.35	5.5	33.22	15.4	8.47	722.15	373.89
26.6581	20.9	7.7	12.1	78.43	33.88	213.84	152.79	161.15	170.72	133.1	50.27	53.68	8.25	54.56	20.46	8.47	680.79	499.51
26.6681	20.9	7.7	12.1	58.63	27.5	209.44	148.72	165.33	196.24	143.11	63.25	56.54	11	62.04	33.33	14.74	650.32	580.25
26.6781	18.59	5.83	12.1	44.77	21.12	200.64	140.69	167.42	200.86	143.11	66	59.4	13.75	70.18	43.67	19.03	611.16	616
26.6881	13.86	5.83	9.68	31.02	16.94	185.13	132.55	169.62	193.82	138.05	66	56.54	13.75	72.93	48.73	19.03	564.63	608.85
26.6981	11.55	3.85	9.68	22.33	12.65	163.13	120.45	167.42	189.2	138.05	68.75	59.4	13.75	78.32	51.37	21.12	511.06	619.96
26.7081	6.93	0	7.26	15.51	10.56	133.54	105.38	161.15	189.2	140.58	71.39	62.48	13.75	86.46	56.54	23.21	440.33	643.61
26.7181	4.62	0	7.26	10.34	8.47	101.2	87.23	152.79	198.55	148.06	76.89	62.48	16.5	91.96	62.48	27.5	371.91	684.42
26.7281	0	0	4.84	8.58	8.47	74.25	67.32	133.98	210.1	155.65	82.39	68.75	16.5	97.35	68.42	29.59	297.44	728.75
26.7381	0	0	0	5.17	6.27	54.67	53.46	104.94	226.49	168.19	93.28	71.94	19.25	102.74	74.36	33.88	224.51	790.13
26.7481	0	0	0	3.41	4.18	41.03	45.76	66.55	243.76	177.87	98.67	75.02	19.25	108.24	77.33	33.88	160.93	834.02
26.7581	0	0	0	0	0	31.24	38.17	40.59	256.08	185.13	104.17	81.29	22	110.99	80.3	35.97	110	875.93
26.7681	0	0	0	0	0	23.43	30.47	26.4	258.5	194.81	104.17	87.56	19.25	116.38	80.3	38.06	80.3	899.03
26.7781	0	0	0	0	0	17.49	24.42	17.6	260.92	202.07	104.17	90.75	22	121.88	80.3	38.06	59.51	920.15
26.7881	0	0	0	0	0	11.66	16.72	8.8	258.5	209.33	104.17	100.21	22	127.27	83.27	40.26	37.18	945.01
26.7981	0	0	0	0	0	7.81	9.13	3.52	256.08	211.75	104.17	103.29	22	132.77	83.27	40.26	20.46	953.59
26.8081	0	0	0	0	0	5.83	6.05	0	251.13	214.17	104.17	109.56	22	138.16	83.27	40.26	11.88	962.72
26.8181	0	0	0	0	0	3.85	4.51	0	246.18	214.17	104.17	115.94	24.75	140.91	86.35	42.35	8.36	974.82
26.8281	0	0	0	0	0	3.85	2.97	0	238.81	216.59	101.42	122.21	22	146.3	89.32	42.35	6.82	979
26.8381	0	0	0	0	0	0	0	0	231.44	214.17	101.42	125.4	24.75	149.05	89.32	44.44	0	979.99
26.8481	0	0	0	0	0	0	0	0	224.07	211.75	98.67	131.67	24.75	154.55	92.29	44.44	0	982.19
26.8581	0	0	0	0	0	0	0	0	214.72	206.91	96.03	134.86	24.75	157.19	95.26	46.53	0	976.25
26.8681	0	0	0	0	0	0	0	0	203.17	204.49	90.53	141.13	24.75	159.94	95.26	46.53	0	965.8
26.8781	0	0	0	0	0	0	0	0	193.82	199.65	87.78	144.32	24.75	159.94	95.26	46.53	0	952.05
26.8881	0	0	0	0	0	0	0	0	184.58	194.81	85.03	147.51	27.5	165.44	98.23	46.53	0	949.63
26.8981	0	0	0	0	0	0	0	0	177.65	189.97	82.39	150.59	27.5	168.19	98.23	48.73	0	943.25
26.9081	0	0	0	0	0	0	0	0	168.41	185.13	79.64	153.78	27.5	168.19	101.2	48.73	0	932.58
26.9181	0	0	0	0	0	0	0	0	161.81	182.71	76.89	156.97	27.5	170.83	101.2	48.73	0	926.64
26.9281	0	0	0	0	0	0	0	0	157.63	177.87	74.14	160.05	27.5	170.83	104.17	50.82	0	923.01
26.9381	0	0	0	0	0	0	0	0	151.25	175.45	71.39	160.05	30.25	173.47	107.14	50.82	0	919.82
26.9481	0	0	0	0	0	0	0	0	146.96	170.61	71.39	163.24	30.25	176.22	107.14	50.82	0	916.63
26.9581	0	0	0	0	0	0	0	0	140.69	165.66	68.75	166.43	30.25	178.86	110.22	52.91	0	913.77
26.9681	0	0	0	0	0	0	0	0	136.4	163.13	66	169.62	30.25	184.25	113.08	52.91	0	915.64
26.9781	0	0	0	0	0	0	0	0	130.02	158.07	66	176	30.25	187	115.94	52.91	0	916.19
26.9881	0	0	0	0	0	0	0	0	125.84	155.65	63.25	179.19	33	192.39	118.91	55.11	0	923.34
26.9981	0	0	0	0	0	0	0	0	121.55	150.59	63.25	182.38	33	197.67	124.63	55.11	0	928.18
27.0081	0	0	0	0	0	0	0	0	115.28	145.64	63.25	185.57	33	203.06	130.46	57.53	0	933.79
27.0181	0	0	0	0	0	0	0	0	111.43	140.58	60.5	188.76	35.75	205.81	136.29	57.53	0	936.65
27.0281	0	0	0	0	0	0	0	0	107.58	135.52	60.5	188.76	38.5	211.2	142.12	62.37	0	946.55
27.0381	0	0	0	0	0	0	0	0	103.73	130.57	57.75	191.95	38.5	216.59	150.81	62.37	0	952.27
27.0481	0	0	0	0	0	0	0	0	98.01	123.09	57.75	191.95	38.5	221.98	159.5	64.9	0	955.68
27.0581	0	0	0	0	0	0	0	0	94.16	118.03	57.75	195.14	41.25	227.48	168.3	67.32	0	969.43
27.0681	0	0	0	0	0	0	2.97	0	88.44	113.08	55.11	195.14	44	233.09	177.21	69.74	2.97	975.81
27.0781	0	0	0	0	0	0	2.97	0	80.85	105.93	52.69	198.44	44	238.7	186.12	72.16	2.97	978.89
27.0881	0	0	0	0	0	0	0	0	71.28	96.47	47.85	204.82	46.75	247.06	195.14	72.16	0	981.53
27.0981	0	0	0	0	0	0	0	0	59.84	87.01	43.12	211.2	49.5	252.67	204.05	77.11	0	984.5
27.1081	0	0	0	0	0	0	0	0	49.17	75.13	35.86	217.58	49.5	261.03	212.96	77.11	0	978.34
27.1181	0	0	0	0	0	0	0	0	38.61	58.63	28.71	220.77	52.25	266.64	218.9	79.53	0	964.04
27.1281	0	0	0	0	0	0	0	0	29.81	44.55	21.56	224.07	52.25	272.25	227.59	81.95	0	954.03
27.1381	0	0	0	0	0	0	0	0	26.29	35.09	19.14	224.07	52.25	277.86	236.06	84.48	0	955.24
27.1481	0	0	0	0	0	0	0	0	21.01	25.74	14.3	217.58	49.5	283.47	244.53	86.9	0	943.03
27.1581	6.93	0	0	0	0	0	0	0	19.25	18.7	11.88	211.2	46.75	286.33	247.39	89.32	6.93	930.82
27.1681	16.17	0	0	0	0	0	0	0	15.73	9.35	7.15	198.44	44	289.08	250.14	91.74	16.17	905.63
27.1781	53.35	3.85	0	0	0	0	0	0	13.97	6.93	7.15	182.38	41.25	291.94	250.14	94.27	57.2	888.03
27.1881	184.47	21.34	14.52	3.41	0	3.85	0	0	12.21	4.62	0	163.24	35.75	294.8	250.14	96.69	227.59	857.45
27.1981	228.58	40.92	29.04	10.34	0	5.83	0	0	12.21	0	0	141.13	30.25	294.8	247.39	99.11	314.71	824.89
27.2081	246.73	65.34	48.4	18.92	8.47	9.68	0	0	10.45	0	0	119.02	22	291.94	244.53	101.53	397.54	789.47
27.2181	259.6	96.14	72.27	36.19	14.74	19.47	4.51	0	8.69	0	0	93.94	16.5	286.33	236.06	106.48	502.92	748
27.2281	264.88	113.85	84.04	49.94	19.03	27.28	7.59	7.04	8.69	0	0	71.94	11	277.86	233.2	108.9	573.65	711.59
27.2381	270.05	122.21	93.5	56.87	19.03	31.24	10.67	7.04	6.93	0	0	48.07	8.25	258.28	215.93	113.85	610.61	651.31
27.2481	264.88	122.21	95.81	63.03	19.03	37.07	13.75	8.8	5.17	0	0	33.88	5.5	227.48	201.08	116.05	624.58	589.16
27.2581	262.24	124.3	100.54	65.23	21.12	46.86	18.26	10.56	3.41	0	0	19.8	0	184.25	180.18	116.05	649.11	503.69
27.2681	264.88	128.48	107.69	69.63	23.21	54.67	21.34	12.32	0	0	0	11.22	0	140.91	156.53	113.85	682.22	422.51
27.2781	275.22	132.66	114.84	71.83	25.41	63.03	25.96	12.32	0	0	0	0	0	105.49	127.6	111.32	721.27	344.41
27.2881	287.98	136.84	127.27	74.03	27.5	67.54	30.47	15.84	0	0	0	0	0	78.32	104.17	99.11	767.47	281.6
27.2981	303.38	143.11	137.17	76.23	29.59	72.05	33.55	17.6	0	0	0	0	0	56.98	83.27	74.69	812.68	214.94
27.3081	313.61	149.38	147.07	78.43	31.68	76.56	36.63	19.36	0	0	0	0	0	42.68	71.39	55.11	852.72	169.18
27.3181	323.84	155.65	154.44	82.83	31.68	80.96	38.17	19.36	0	0	0	0	0	30.8	62.48	42.35	886.93	135.63
27.3281	328.9	159.83	156.97	89.54	33.88	83.27	38.17	19.36	0	0	0	0	0	23.65	51.37	29.59	909.92	104.61
27.3381	331.54	164.01	156.97	93.94	33.88	85.47	38.17	19.36	0	0	0	0	0	18.92	43.67	23.21	923.34	85.8
27.3481	334.07	168.3	156.97	98.34	33.88	87.67	38.17	19.36	0	0	0	0	0	14.19	28.27	12.65	936.76	55.11
27.3581	331.54	170.61	154.44	102.74	33.88	87.67	38.17	21.12	0	0	0	0	0	9.46	12.76	4.18	940.17	26.4
27.3681	328.9	172.81	152.02	107.14	33.88	89.98	36.63	21.12	0	0	0	0	0	7.04	10.23	0	942.48	17.27
27.3781	323.84	172.81	149.49	109.34	33.88	89.98	36.63	21.12	0	0	0	0	0	7.04	7.7	0	937.09	14.74
27.3881	318.67	172.81	144.54	111.54	33.88	89.98	36.63	21.12	0	0	0	0	0	4.73	5.06	0	929.17	9.79
27.3981	311.08	170.61	142.12	111.54	33.88	87.67	36.63	21.12	0	0	0	0	0	0	5.06	0	914.65	5.06
27.4081	303.38	166.1	137.17	113.85	33.88	87.67	35.09	21.12	0	0	0	0	0	0	0	0	898.26	0
27.4181	295.68	164.01	132.22	113.85	33.88	87.67	35.09	21.12	0	0	0	0	0	0	0	0	883.52	0
27.4281	285.45	159.83	129.69	113.85	33.88	87.67	36.63	21.12	0	0	0	0	0	0	0	0	868.12	0
27.4381	275.22	155.65	124.74	116.05	33.88	87.67	35.09	21.12	0	0	0	0	0	0	0	0	849.42	0
27.4481	264.88	151.47	122.32	116.05	33.88	87.67	36.63	22.88	0	0	0	0	0	0	0	0	835.78	0
27.4581	257.07	147.29	119.79	118.25	35.97	89.98	36.63	22.88	0	0	0	0	0	0	0	0	827.86	0
27.4681	249.26	143.11	117.37	118.25	35.97	92.18	38.17	22.88	0	0	0	0	0	0	0	0	817.19	0
27.4781	241.45	141.02	114.84	118.25	35.97	92.18	39.71	22.88	0	0	0	0	0	0	0	0	806.3	0
27.4881	238.92	136.84	117.37	120.56	38.06	94.49	39.71	24.64	0	0	0	0	0	0	0	0	810.59	0
27.4981	233.75	136.84	117.37	122.76	38.06	98.89	41.25	24.64	0	0	0	0	0	0	0	0	813.56	0
27.5081	231.11	134.75	117.37	127.27	38.06	103.4	42.68	26.4	0	0	0	0	0	0	0	0	821.04	0
27.5181	225.94	132.66	117.37	131.67	38.06	107.91	44.22	28.27	0	0	0	0	0	0	0	0	826.1	0
27.5281	218.46	130.57	117.37	138.38	40.15	114.51	45.76	28.27	0	0	0	0	0	0	0	0	833.47	0
27.5381	208.78	128.48	114.84	145.09	40.15	120.78	47.3	30.03	0	0	0	0	0	0	0	0	835.45	0
27.5481	201.52	126.39	112.42	151.8	40.15	125.07	48.84	31.79	0	0	0	0	0	0	0	0	837.98	0
27.5581	194.15	124.3	110	158.51	42.35	131.45	50.38	33.55	0	0	0	0	0	0	0	0	844.69	0
27.5681	184.47	120.12	110	165.33	42.35	139.92	53.46	35.31	0	0	0	0	0	0	0	0	850.96	0
27.5781	172.37	115.94	105.27	174.68	44.44	148.39	55	37.07	0	0	0	0	0	0	0	0	853.16	0
27.5881	160.05	111.54	100.54	181.83	44.44	156.86	58.3	38.83	0	0	0	0	0	0	0	0	852.39	0
27.5981	147.84	104.94	93.5	188.87	46.53	165.33	61.93	42.35	0	0	0	0	0	0	0	0	851.29	0
27.6081	135.52	96.14	88.77	198.33	46.53	176.33	65.56	44.11	0	0	0	0	0	0	0	0	851.29	0
27.6181	120.78	89.54	79.31	205.37	48.62	185.13	70.95	47.63	0	0	0	0	0	0	0	0	847.33	0
27.6281	108.68	80.74	72.27	212.52	48.62	194.04	74.58	52.91	0	0	0	0	0	0	0	0	844.36	0
27.6381	95.48	71.94	62.81	221.98	50.82	205.04	80.08	56.54	0	0	0	0	0	0	0	0	844.69	0
27.6481	79.97	60.94	53.24	228.69	52.91	213.84	85.47	62.59	0	0	0	0	0	0	0	0	837.65	0
27.6581	64.57	50.6	41.14	235.51	52.91	224.95	92.73	68.64	0	0	0	0	0	0	0	0	831.05	0
27.6681	51.04	38.94	31.46	240.13	52.91	233.75	98.12	76.67	0	0	0	0	0	0	0	0	823.02	0
27.6781	41.8	33.11	26.62	240.13	52.91	242.55	105.38	86.79	0	0	0	0	0	0	0	0	829.29	0
27.6881	34.76	27.28	21.78	237.82	52.91	251.35	110.88	100.87	0	0	0	0	0	0	0	0	837.65	0
27.6981	30.14	19.47	19.36	231	50.82	257.95	116.49	109.01	0	0	0	0	0	0	0	0	834.24	0
27.7081	27.83	17.49	16.94	219.56	48.62	262.35	118.47	117.26	0	0	0	0	0	0	0	0	828.52	0
27.7181	25.52	15.51	14.52	207.79	44.44	264.55	120.45	123.53	5.17	4.62	0	0	0	0	0	0	816.31	9.79
27.7281	25.52	15.51	14.52	191.29	42.35	266.75	118.47	127.71	8.69	9.35	0	0	0	0	0	0	802.12	18.04
27.7381	23.21	13.64	12.1	172.37	35.97	268.95	116.49	133.98	15.73	16.39	0	0	0	0	0	0	776.71	32.12
27.7481	20.9	13.64	12.1	149.6	31.68	268.95	114.51	138.16	56.21	42.13	4.73	11.22	0	7.04	0	0	749.54	121.33
27.7581	20.9	11.66	12.1	124.96	25.41	266.75	110.88	146.52	130.02	96.47	14.3	28.27	0	14.19	5.06	0	719.18	288.31
27.7681	18.59	11.66	9.68	96.14	21.12	262.35	109.01	152.79	166.1	145.64	26.29	59.4	5.5	37.95	5.06	4.18	681.34	450.12
27.7781	16.17	9.68	9.68	69.63	16.94	251.35	107.25	156.97	203.17	187.55	47.85	81.29	8.25	67.54	10.23	10.56	637.67	616.44
27.7881	11.55	7.7	9.68	44.77	12.65	227.15	103.62	161.15	231.44	206.91	60.5	90.75	8.25	81.07	17.93	16.94	578.27	713.79
27.7981	9.24	5.83	7.26	31.02	8.47	187.33	98.12	161.15	233.86	206.91	66	93.94	11	86.46	30.8	19.03	508.42	748
27.8081	4.62	3.85	7.26	22.33	8.47	135.63	85.47	154.88	221.65	199.65	63.25	93.94	11	91.96	35.97	21.12	422.51	738.54
27.8181	0	0	4.84	15.51	6.27	94.49	67.32	138.16	214.72	199.65	66	93.94	13.75	94.6	46.2	25.41	326.59	754.27
27.8281	0	0	0	11.99	8.47	63.03	53.46	104.94	219.34	202.07	71.39	97.02	13.75	102.74	53.9	27.5	241.89	787.71
27.8381	0	0	0	6.82	4.18	44.88	45.76	62.59	233.86	211.75	79.64	97.02	16.5	110.99	59.51	29.59	164.23	838.86
27.8481	0	0	0	3.41	4.18	33.22	36.63	38.83	251.13	221.43	87.78	100.21	19.25	116.38	65.45	33.88	116.27	895.51
27.8580	0	0	0	0	0	23.43	28.93	22.88	265.87	228.69	96.03	103.29	19.25	121.88	71.39	35.97	75.24	942.37
27.8680	0	0	0	0	0	15.62	21.34	15.84	273.24	235.95	101.42	106.48	22	124.52	77.33	38.06	52.8	979
27.8780	0	0	0	0	0	11.66	12.21	5.28	275.77	240.79	104.17	112.75	22	132.77	80.3	40.26	29.15	1008.81
27.8880	0	0	0	0	0	7.81	4.51	0	268.4	245.63	104.17	119.02	22	138.16	83.27	40.26	12.32	1020.91
27.8980	0	0	0	0	0	3.85	0	0	258.5	245.63	101.42	125.4	22	143.66	83.27	42.35	3.85	1022.23
27.9080	0	0	0	0	0	3.85	0	0	246.18	245.63	96.03	134.86	22	149.05	83.27	42.35	3.85	1019.37
27.9180	0	0	0	0	0	0	0	0	233.86	240.79	93.28	141.13	22	151.8	83.27	44.44	0	1010.57
27.9280	0	0	0	0	0	0	0	0	217.03	235.95	87.78	147.51	22	157.19	83.27	44.44	0	995.17
27.9380	0	0	0	0	0	0	0	0	205.48	228.69	82.39	156.97	22	159.94	83.27	44.44	0	983.18
27.9480	0	0	0	0	0	0	0	0	191.51	221.43	76.89	163.24	24.75	162.69	83.27	46.53	0	970.31
27.9580	0	0	0	0	0	0	0	0	177.65	214.17	71.39	169.62	24.75	165.44	80.3	46.53	0	949.85
27.9680	0	0	0	0	0	0	0	0	163.9	206.91	66	176	22	168.19	80.3	46.53	0	929.83
27.9780	0	0	0	0	0	0	0	0	151.25	197.23	63.25	185.57	24.75	168.19	77.33	46.53	0	914.1
27.9880	0	0	0	0	0	0	0	0	140.69	189.97	57.75	191.95	24.75	170.83	77.33	48.73	0	902
27.9980	0	0	0	0	0	0	0	0	132.22	182.71	52.69	198.44	24.75	173.47	77.33	46.53	0	888.14
28.0080	0	0	0	0	0	0	0	0	121.55	175.45	50.27	204.82	22	176.22	77.33	48.73	0	876.37
28.0180	0	0	0	0	0	0	0	0	115.28	168.19	47.85	211.2	24.75	181.61	77.33	48.73	0	874.94
28.0280	0	0	0	0	0	0	0	0	109.45	163.13	45.43	217.58	24.75	187	77.33	48.73	0	873.4
28.0380	0	0	0	0	0	0	0	0	103.73	155.65	43.12	224.07	24.75	189.64	80.3	50.82	0	872.08
28.0480	0	0	0	0	0	0	0	0	98.01	148.06	40.7	229.79	24.75	195.03	83.27	50.82	0	870.43
28.0580	0	0	0	0	0	0	0	0	92.29	143.11	40.7	235.62	24.75	200.42	83.27	52.91	0	873.07
28.0680	0	0	0	0	0	0	0	0	86.57	138.05	38.28	241.45	27.5	208.45	86.35	52.91	0	879.56
28.0780	0	0	0	0	0	0	0	0	80.85	130.57	35.86	250.14	27.5	213.84	89.32	52.91	0	880.99
28.0880	0	0	0	0	0	0	0	0	73.15	125.51	33.44	255.97	27.5	221.98	95.26	55.11	0	887.92
28.0980	0	0	0	0	0	0	0	0	65.56	115.5	31.13	261.8	27.5	230.34	98.23	57.53	0	887.59
28.1080	0	0	0	0	0	0	0	0	57.97	105.93	28.71	267.63	27.5	238.7	101.2	57.53	0	885.17
28.1180	0	0	0	0	0	0	0	0	49.17	96.47	26.29	273.46	30.25	247.06	107.14	59.95	0	889.79
28.1280	0	0	0	0	0	0	0	0	42.13	82.28	23.87	279.51	30.25	252.67	110.22	62.37	0	883.3
28.1380	0	0	0	0	0	0	0	0	35.09	72.82	21.56	282.7	30.25	261.03	115.94	62.37	0	881.76
28.1480	0	0	0	0	0	0	0	0	31.57	63.36	19.14	285.89	33	266.64	124.63	62.37	0	886.6
28.1580	0	0	0	0	0	0	0	0	28.05	53.9	16.72	288.97	33	275	130.46	67.32	0	893.42
28.1680	0	0	0	0	0	0	0	0	24.53	46.86	14.3	288.97	33	283.47	139.15	69.74	0	900.02
28.1780	0	0	0	0	0	0	0	0	22.77	39.82	11.88	288.97	33	289.08	147.84	72.16	0	905.52
28.1880	0	0	0	0	0	0	0	0	21.01	32.78	11.88	285.89	33	297.55	159.5	74.69	0	916.3
28.1980	0	0	0	0	0	0	0	0	17.49	25.74	7.15	285.89	35.75	306.02	168.3	79.53	0	925.87
28.2080	0	0	0	0	0	0	0	0	15.73	18.7	7.15	279.51	33	311.74	177.21	84.48	0	927.52
28.2180	0	0	0	0	0	0	0	0	13.97	11.66	4.73	270.6	33	320.21	186.12	89.32	0	929.61
28.2280	0	0	0	0	0	0	0	0	12.21	9.35	4.73	255.97	30.25	322.96	192.06	91.74	0	919.27
28.2380	0	0	0	0	0	0	0	0	12.21	9.35	0	235.62	27.5	328.68	195.14	99.11	0	907.61
28.2480	4.62	0	0	0	0	0	0	0	10.45	6.93	0	211.2	22	334.29	195.14	101.53	4.62	881.54
28.2580	18.59	0	0	0	0	0	0	0	10.45	4.62	0	185.57	19.25	340.01	195.14	108.9	18.59	863.94
28.2680	55.77	5.83	0	0	0	0	0	0	10.45	4.62	0	156.97	13.75	345.62	195.14	113.85	61.6	840.4
28.2780	233.75	29.15	16.94	8.58	0	7.81	0	0	8.69	0	0	128.48	11	348.48	195.14	118.25	296.23	810.04
28.2880	257.07	50.6	31.46	15.51	4.18	7.81	0	0	8.69	0	0	100.21	8.25	345.62	189.09	124.96	366.63	776.82
28.2980	264.88	80.74	60.39	34.43	12.65	17.49	2.97	0	6.93	0	0	71.94	5.5	334.29	186.12	131.67	473.55	736.45
28.3080	275.22	111.54	86.35	51.7	19.03	27.28	7.59	3.52	5.17	0	0	50.82	5.5	306.02	177.21	136.18	582.23	680.9
28.3180	287.98	124.3	102.96	67.43	19.03	37.07	12.21	7.04	3.41	0	0	36.74	0	255.42	165.33	142.89	658.02	603.79
28.3280	293.15	126.39	112.42	69.63	21.12	44.88	16.72	8.8	0	0	0	22.55	0	197.67	150.81	145.09	693.11	516.12
28.3380	287.98	124.3	119.79	71.83	23.21	54.67	21.34	10.56	0	0	0	14.08	0	146.3	130.46	140.58	713.68	431.42
28.3480	290.62	126.39	127.27	71.83	25.41	63.03	27.5	12.32	0	0	0	11.22	0	105.49	107.14	124.96	744.37	348.81
28.3580	295.68	130.57	137.17	71.83	29.59	72.05	33.55	15.84	0	0	0	5.61	0	75.68	89.32	99.11	786.28	269.72
28.3680	308.44	136.84	152.02	74.03	31.68	78.76	38.17	17.6	0	0	0	0	0	54.56	74.36	74.69	837.54	203.61
28.3780	326.37	143.11	164.34	78.43	35.97	83.27	41.25	19.36	0	0	0	0	0	40.37	62.48	52.91	892.1	155.76
28.3880	339.35	147.29	176.77	80.63	35.97	87.67	44.22	22.88	0	0	0	0	0	30.8	53.9	38.06	934.78	122.76
28.3980	347.27	151.47	181.83	85.03	38.06	92.18	45.76	22.88	0	0	0	0	0	23.65	43.67	31.79	964.48	99.11
28.4080	352.44	155.65	184.25	89.54	38.06	94.49	45.76	24.64	0	0	0	0	0	16.61	28.27	19.03	984.83	63.91
28.4180	349.8	157.74	184.25	93.94	40.15	96.69	47.3	24.64	0	0	0	0	0	9.46	12.76	4.18	994.51	26.4
28.4280	344.63	157.74	179.3	96.14	40.15	98.89	47.3	26.4	0	0	0	0	0	7.04	7.7	0	990.55	14.74
28.4380	336.71	157.74	174.24	100.54	40.15	101.2	47.3	28.27	0	0	0	0	0	4.73	7.7	0	986.15	12.43
28.4480	326.37	155.65	169.29	104.94	40.15	101.2	48.84	28.27	0	0	0	0	0	0	0	0	974.71	0
28.4580	313.61	151.47	161.92	107.14	40.15	103.4	48.84	28.27	0	0	0	0	0	0	0	0	954.8	0
28.4680	303.38	147.29	156.97	109.34	40.15	103.4	48.84	30.03	0	0	0	0	0	0	0	0	939.4	0
28.4780	290.62	145.2	149.49	109.34	42.35	103.4	50.38	28.27	0	0	0	0	0	0	0	0	919.05	0
28.4880	277.86	138.93	144.54	111.54	42.35	105.6	50.38	30.03	0	0	0	0	0	0	0	0	901.23	0
28.4980	264.88	134.75	137.17	113.85	42.35	105.6	50.38	30.03	0	0	0	0	0	0	0	0	879.01	0
28.5080	251.9	128.48	132.22	113.85	42.35	105.6	51.92	30.03	0	0	0	0	0	0	0	0	856.35	0
28.5180	238.92	124.3	127.27	116.05	42.35	105.6	53.46	31.79	0	0	0	0	0	0	0	0	839.74	0
28.5280	228.58	120.12	122.32	118.25	44.44	107.91	53.46	31.79	0	0	0	0	0	0	0	0	826.87	0
28.5380	218.46	115.94	117.37	120.56	44.44	110.11	55	31.79	0	0	0	0	0	0	0	0	813.67	0
28.5480	206.36	111.54	112.42	122.76	46.53	112.42	56.54	33.55	0	0	0	0	0	0	0	0	802.12	0
28.5580	196.68	107.14	107.69	129.47	46.53	116.6	58.3	35.31	0	0	0	0	0	0	0	0	797.72	0
28.5680	184.47	102.74	102.96	133.98	48.62	122.98	60.06	37.07	0	0	0	0	0	0	0	0	792.88	0
28.5780	172.37	98.34	100.54	140.69	48.62	129.25	63.69	37.07	0	0	0	0	0	0	0	0	790.57	0
28.5880	160.05	93.94	93.5	147.4	48.62	137.72	67.32	38.83	0	0	0	0	0	0	0	0	787.38	0
28.5980	147.84	89.54	88.77	154.11	50.82	144.1	70.95	40.59	0	0	0	0	0	0	0	0	786.72	0
28.6080	135.52	85.14	84.04	158.51	52.91	152.57	74.58	44.11	0	0	0	0	0	0	0	0	787.38	0
28.6180	125.73	80.74	79.31	165.33	52.91	161.04	76.45	45.87	0	0	0	0	0	0	0	0	787.38	0
28.6280	115.83	76.34	74.58	172.37	55	167.53	80.08	49.39	0	0	0	0	0	0	0	0	791.12	0
28.6380	106.48	71.94	69.85	179.41	55	176.33	83.71	51.15	0	0	0	0	0	0	0	0	793.87	0
28.6480	97.68	65.34	62.81	188.87	55	185.13	85.47	54.67	0	0	0	0	0	0	0	0	794.97	0
28.6580	86.68	58.74	55.77	195.91	57.2	194.04	89.1	58.52	0	0	0	0	0	0	0	0	795.96	0
28.6680	75.57	52.58	48.4	203.06	57.2	202.84	94.49	64.57	0	0	0	0	0	0	0	0	798.71	0
28.6780	64.57	46.75	41.14	207.79	57.2	211.64	98.12	68.64	0	0	0	0	0	0	0	0	795.85	0
28.6880	53.35	38.94	31.46	212.52	57.2	220.55	103.62	76.67	0	0	0	0	0	0	0	0	794.31	0
28.6980	44.11	31.13	26.62	214.83	57.2	229.35	109.01	84.81	0	0	0	0	0	0	0	0	797.06	0
28.7080	39.49	27.28	24.2	217.25	57.2	238.15	114.51	96.91	0	0	0	0	0	0	0	0	814.99	0
28.7180	34.76	23.32	21.78	214.83	57.2	246.95	122.54	106.92	0	0	0	0	0	0	0	0	828.3	0
28.7280	30.14	19.47	16.94	212.52	55	253.55	126.5	117.26	0	0	0	0	0	0	0	0	831.38	0
28.7380	27.83	15.51	16.94	205.37	52.91	257.95	130.57	125.62	0	0	0	0	0	0	0	0	832.7	0
28.7480	25.52	15.51	14.52	193.6	48.62	262.35	132.55	133.98	0	0	0	0	0	0	0	0	826.65	0
28.7580	25.52	13.64	14.52	179.41	46.53	266.75	132.55	142.34	0	0	0	0	0	0	0	0	821.26	0
28.7680	23.21	11.66	12.1	160.82	40.15	268.95	132.55	150.7	0	0	0	0	0	0	0	0	800.14	0
28.7780	20.9	11.66	12.1	142.89	35.97	271.15	130.57	156.97	0	0	0	0	0	0	0	0	782.21	0
28.7880	20.9	11.66	12.1	122.76	31.68	273.35	126.5	165.33	3.41	4.62	0	0	0	0	0	0	764.28	8.03
28.7980	18.59	9.68	9.68	102.74	25.41	275.55	120.45	171.82	8.69	11.66	0	0	0	0	0	0	733.92	20.35
28.8080	18.59	7.7	9.68	85.03	21.12	275.55	116.49	178.75	21.01	21.01	0	5.61	0	0	0	0	712.91	47.63
28.8180	16.17	7.7	9.68	65.23	16.94	271.15	110.88	185.68	88.44	63.36	7.15	16.94	0	9.46	0	0	683.43	185.35
28.8280	13.86	5.83	7.26	49.94	12.65	262.35	105.38	192.61	146.96	113.08	16.72	36.74	0	18.92	0	0	649.88	332.42
28.8380	11.55	5.83	7.26	37.84	10.56	240.35	99.99	197.23	184.58	163.13	33.44	59.4	5.5	45.1	0	8.47	610.61	499.62
28.8480	6.93	3.85	7.26	27.5	8.47	198.44	90.86	201.74	228.91	206.91	60.5	78.21	8.25	72.93	10.23	14.74	545.05	680.68
28.8580	0	0	7.26	20.68	8.47	144.1	80.08	197.23	263.45	221.43	76.89	84.48	11	86.46	30.8	21.12	457.82	795.63
28.8680	0	0	4.84	17.16	8.47	98.89	65.56	178.75	265.87	219.01	82.39	84.48	13.75	94.6	43.67	25.41	373.67	829.18
28.8780	0	0	0	11.99	6.27	65.34	55	138.16	251.13	211.75	85.03	87.56	13.75	102.74	51.37	27.5	276.76	830.83
28.8880	0	0	0	5.17	4.18	46.86	45.76	84.81	246.18	214.17	90.53	87.56	16.5	113.63	62.48	31.79	186.78	862.84
28.8980	0	0	0	0	0	35.09	36.63	54.67	248.6	219.01	98.67	93.94	16.5	127.27	74.36	35.97	126.39	914.32
28.9080	0	0	0	0	0	23.43	27.5	33.55	260.92	226.27	106.92	100.21	19.25	138.16	86.35	40.26	84.48	978.34
28.9180	0	0	0	0	0	17.49	21.34	22.88	273.24	233.53	117.92	103.29	22	149.05	98.23	42.35	61.71	1039.61
28.9280	0	0	0	0	0	13.64	13.75	8.8	283.25	238.37	126.28	109.56	22	157.19	110.22	46.53	36.19	1093.4
28.9380	0	0	0	0	0	9.68	6.05	3.52	280.72	240.79	129.14	115.94	24.75	165.44	115.94	48.73	19.25	1121.45
28.9480	0	0	0	0	0	5.83	2.97	0	273.24	243.21	126.28	122.21	24.75	173.47	121.77	50.82	8.8	1135.75
28.9580	0	0	0	0	0	5.83	2.97	0	260.92	240.79	123.53	128.48	24.75	181.61	121.77	50.82	8.8	1132.67
28.9680	0	0	0	0	0	3.85	0	0	243.76	235.95	117.92	134.86	27.5	184.25	121.77	52.91	3.85	1118.92
28.9780	0	0	0	0	0	0	0	0	221.65	226.27	109.67	141.13	27.5	189.64	121.77	52.91	0	1090.54
28.9880	0	0	0	0	0	0	0	0	203.17	216.59	98.67	147.51	27.5	192.39	121.77	52.91	0	1060.51
28.9980	0	0	0	0	0	0	0	0	184.58	204.49	90.53	153.78	27.5	192.39	118.91	55.11	0	1027.29
29.0080	0	0	0	0	0	0	0	0	163.9	192.39	82.39	156.97	27.5	195.03	115.94	55.11	0	989.23
29.0180	0	0	0	0	0	0	0	0	149.16	180.29	74.14	163.24	27.5	195.03	115.94	55.11	0	960.41
29.0280	0	0	0	0	0	0	0	0	134.31	168.19	66	166.43	27.5	195.03	113.08	55.11	0	925.65
29.0380	0	0	0	0	0	0	0	0	121.55	158.07	57.75	169.62	27.5	195.03	110.22	55.11	0	894.85
29.0480	0	0	0	0	0	0	0	0	111.43	145.64	55.11	172.81	27.5	197.67	110.22	55.11	0	875.49
29.0580	0	0	0	0	0	0	0	0	101.86	135.52	50.27	172.81	27.5	197.67	113.08	55.11	0	853.82
29.0680	0	0	0	0	0	0	0	0	96.14	128.04	47.85	172.81	27.5	197.67	115.94	55.11	0	841.06
29.0780	0	0	0	0	0	0	0	0	90.42	120.56	45.43	172.81	27.5	200.42	115.94	57.53	0	830.61
29.0880	0	0	0	0	0	0	0	0	84.7	115.5	43.12	176	27.5	203.06	118.91	57.53	0	826.32
29.0980	0	0	0	0	0	0	0	0	82.72	113.08	43.12	176	27.5	203.06	121.77	57.53	0	824.78
29.1080	0	0	0	0	0	0	0	0	80.85	110.66	43.12	176	30.25	205.81	127.6	59.95	0	834.24
29.1180	0	0	0	0	0	0	0	0	78.98	108.24	43.12	179.19	30.25	208.45	133.32	59.95	0	841.5
29.1280	0	0	0	0	0	0	0	0	77	105.93	43.12	179.19	33	211.2	136.29	59.95	0	845.68
29.1380	0	0	0	0	0	0	0	0	77	105.93	43.12	182.38	33	213.84	142.12	62.37	0	859.76
29.1480	0	0	0	0	0	0	0	0	73.15	103.51	43.12	185.57	33	219.23	150.81	62.37	0	870.76
29.1580	0	0	0	0	0	0	0	0	71.28	98.78	40.7	188.76	35.75	227.48	159.5	64.9	0	887.15
29.1680	0	0	0	0	0	0	0	0	67.43	96.47	40.7	191.95	35.75	233.09	168.3	67.32	0	901.01
29.1780	0	0	0	0	0	0	0	0	61.71	89.32	38.28	198.44	38.5	241.45	177.21	72.16	0	917.07
29.1880	0	0	0	0	0	0	0	0	56.21	84.59	35.86	204.82	38.5	249.92	189.09	74.69	0	933.68
29.1980	0	0	0	0	0	0	0	0	49.17	77.55	31.13	208.01	41.25	258.28	201.08	77.11	0	943.58
29.2080	0	0	0	0	0	0	0	0	42.13	68.09	26.29	211.2	44	266.64	212.96	81.95	0	953.26
29.2180	0	0	0	0	0	0	0	0	35.09	56.21	21.56	214.39	44	272.25	221.98	86.9	0	952.38
29.2280	0	0	0	0	0	0	0	0	28.05	46.86	19.14	217.58	46.75	280.61	233.2	89.32	0	961.51
29.2380	0	0	0	0	0	0	0	0	24.53	35.09	14.3	220.77	46.75	286.33	241.67	94.27	0	963.71
29.2480	0	0	0	0	0	0	0	0	21.01	25.74	11.88	217.58	46.75	291.94	250.14	96.69	0	961.73
29.2580	0	0	0	0	0	0	0	0	17.49	18.7	9.57	214.39	44	294.8	255.86	99.11	0	953.92
29.2680	0	0	0	0	0	0	0	0	15.73	9.35	7.15	204.82	41.25	300.41	258.72	101.53	0	938.96
29.2780	0	0	0	0	0	0	0	0	13.97	6.93	4.73	185.57	38.5	300.41	261.47	104.06	0	915.64
29.2879	4.62	0	0	0	0	0	0	0	12.21	4.62	4.73	166.43	33	303.27	261.47	108.9	4.62	894.63
29.2979	9.24	0	0	0	0	0	0	0	12.21	0	0	144.32	27.5	306.02	261.47	113.85	9.24	865.37
29.3079	27.83	0	0	0	0	0	0	0	10.45	0	0	122.21	22	308.88	258.72	118.25	27.83	840.51
29.3179	125.73	17.49	9.68	0	0	0	0	0	10.45	0	0	103.29	16.5	308.88	253	122.76	152.9	814.88
29.3279	246.73	40.92	26.62	11.99	0	7.81	0	0	8.69	0	0	81.29	11	308.88	247.39	127.16	334.07	784.41
29.3379	254.43	63.14	45.98	22.33	6.27	9.68	0	0	8.69	0	0	59.4	8.25	303.27	238.92	133.87	401.83	752.4
29.3479	267.41	100.54	74.58	41.36	14.74	19.47	2.97	0	6.93	0	0	42.35	5.5	283.47	227.59	136.18	521.07	702.02
29.3579	270.05	120.12	91.08	56.87	19.03	27.28	6.05	7.04	5.17	0	0	31.02	5.5	252.67	212.96	138.38	597.52	645.7
29.3679	280.39	128.48	102.96	69.63	21.12	35.09	10.67	8.8	3.41	0	0	19.8	0	208.45	192.06	140.58	657.14	564.3
29.3779	277.86	128.48	110	71.83	21.12	42.9	13.75	10.56	0	0	0	11.22	0	159.94	168.3	138.38	676.5	477.84
29.3879	275.22	128.48	117.37	76.23	23.21	54.67	19.8	12.32	0	0	0	5.61	0	119.13	139.15	131.67	707.3	395.56
29.3979	277.86	132.66	127.27	78.43	25.41	63.03	25.96	14.08	0	0	0	0	0	89.21	113.08	113.85	744.7	316.14
29.4079	287.98	136.84	139.59	80.63	29.59	72.05	32.01	17.6	0	0	0	0	0	64.79	89.32	86.9	796.29	241.01
29.4179	300.85	141.02	154.44	80.63	31.68	78.76	38.17	19.36	0	0	0	0	0	47.52	77.33	64.9	844.91	189.75
29.4279	316.14	147.29	169.29	85.03	33.88	85.47	41.25	21.12	0	0	0	0	0	35.64	65.45	46.53	899.47	147.62
29.4379	326.37	151.47	179.3	87.34	35.97	89.98	42.68	22.88	0	0	0	0	0	26.07	53.9	35.97	935.99	115.94
29.4479	331.54	155.65	184.25	91.74	35.97	94.49	44.22	24.64	0	0	0	0	0	21.34	43.67	29.59	962.5	94.6
29.4579	334.07	157.74	186.78	96.14	38.06	98.89	45.76	26.4	0	0	0	0	0	14.19	30.8	16.94	983.84	61.93
29.4679	328.9	159.83	184.25	102.74	38.06	103.4	45.76	26.4	0	0	0	0	0	7.04	10.23	0	989.34	17.27
29.4779	323.84	159.83	181.83	104.94	38.06	105.6	47.3	28.27	0	0	0	0	0	0	0	0	989.67	0
29.4879	313.61	159.83	176.77	109.34	38.06	107.91	47.3	28.27	0	0	0	0	0	0	0	0	981.09	0
29.4979	303.38	157.74	171.82	113.85	38.06	110.11	48.84	28.27	0	0	0	0	0	0	0	0	972.07	0
29.5079	293.15	155.65	166.87	116.05	40.15	112.42	48.84	30.03	0	0	0	0	0	0	0	0	963.16	0
29.5179	282.92	151.47	159.39	118.25	40.15	112.42	48.84	30.03	0	0	0	0	0	0	0	0	943.47	0
29.5279	270.05	145.2	154.44	118.25	40.15	112.42	50.38	30.03	0	0	0	0	0	0	0	0	920.92	0
29.5379	259.6	138.93	149.49	116.05	40.15	112.42	51.92	31.79	0	0	0	0	0	0	0	0	900.35	0
29.5479	246.73	132.66	144.54	116.05	40.15	112.42	51.92	31.79	0	0	0	0	0	0	0	0	876.26	0
29.5579	236.28	126.39	139.59	116.05	42.35	112.42	53.46	31.79	0	0	0	0	0	0	0	0	858.33	0
29.5679	225.94	122.21	134.64	113.85	42.35	112.42	55	31.79	0	0	0	0	0	0	0	0	838.2	0
29.5779	218.46	118.03	132.22	113.85	42.35	112.42	56.54	33.55	0	0	0	0	0	0	0	0	827.42	0
29.5879	211.2	113.85	127.27	116.05	44.44	114.51	56.54	33.55	0	0	0	0	0	0	0	0	817.41	0
29.5979	201.52	109.34	124.74	118.25	44.44	116.6	58.3	33.55	0	0	0	0	0	0	0	0	806.74	0
29.6079	194.15	107.14	122.32	120.56	46.53	118.69	60.06	35.31	0	0	0	0	0	0	0	0	804.76	0
29.6179	186.89	102.74	117.37	122.76	46.53	120.78	61.93	37.07	0	0	0	0	0	0	0	0	796.07	0
29.6279	177.21	100.54	114.84	127.27	46.53	127.16	65.56	37.07	0	0	0	0	0	0	0	0	796.18	0
29.6379	167.53	96.14	110	133.98	48.62	133.54	69.19	38.83	0	0	0	0	0	0	0	0	797.83	0
29.6479	157.63	91.74	105.27	140.69	48.62	142.01	72.82	40.59	0	0	0	0	0	0	0	0	799.37	0
29.6579	145.31	87.34	100.54	145.09	50.82	150.48	78.21	44.11	0	0	0	0	0	0	0	0	801.9	0
29.6679	133.1	82.94	95.81	151.8	52.91	158.95	81.84	45.87	0	0	0	0	0	0	0	0	803.22	0
29.6779	123.2	78.54	88.77	158.51	52.91	167.53	87.23	49.39	0	0	0	0	0	0	0	0	806.08	0
29.6879	110.99	71.94	81.73	163.02	55	174.13	90.86	51.15	0	0	0	0	0	0	0	0	798.82	0
29.6979	99.88	65.34	74.58	169.95	57.2	182.93	96.36	54.67	0	0	0	0	0	0	0	0	800.91	0
29.7079	91.08	58.74	65.12	174.68	57.2	194.04	101.75	60.5	0	0	0	0	0	0	0	0	803.11	0
29.7179	77.77	52.58	58.08	181.83	57.2	202.84	107.25	66.55	0	0	0	0	0	0	0	0	804.1	0
29.7279	66.77	44.77	45.98	186.56	57.2	211.64	112.64	72.6	0	0	0	0	0	0	0	0	798.16	0
29.7379	55.77	38.94	36.3	191.29	59.4	220.55	118.47	78.65	0	0	0	0	0	0	0	0	799.37	0
29.7479	44.11	31.13	29.04	191.29	59.4	229.35	124.52	88.77	0	0	0	0	0	0	0	0	797.61	0
29.7579	39.49	27.28	24.2	193.6	59.4	235.95	130.57	100.87	0	0	0	0	0	0	0	0	811.36	0
29.7679	34.76	21.34	21.78	191.29	57.2	242.55	136.62	110.99	0	0	0	0	0	0	0	0	816.53	0
29.7779	30.14	17.49	19.36	188.87	55	246.95	140.69	119.35	0	0	0	0	0	0	0	0	817.85	0
29.7879	27.83	15.51	16.94	181.83	55	251.35	142.67	125.62	0	0	0	0	0	0	0	0	816.75	0
29.7979	25.52	13.64	14.52	172.37	50.82	253.55	146.74	131.89	0	0	0	0	0	0	0	0	809.05	0
29.8079	23.21	13.64	14.52	158.51	46.53	253.55	146.74	138.16	0	0	0	0	0	0	0	0	794.86	0
29.8179	23.21	11.66	12.1	142.89	42.35	257.95	146.74	146.52	0	0	0	0	0	0	0	0	783.42	0
29.8279	20.9	11.66	12.1	127.27	38.06	260.15	142.67	154.88	0	0	0	0	0	0	0	0	767.69	0
29.8379	20.9	9.68	9.68	109.34	31.68	262.35	138.6	161.15	6.93	9.35	0	0	0	0	0	0	743.38	16.28
29.8479	18.59	9.68	9.68	91.74	25.41	262.35	134.64	167.42	15.73	16.39	0	0	0	0	0	0	719.51	32.12
29.8579	16.17	7.7	9.68	74.03	21.12	262.35	128.59	176.44	49.17	39.82	4.73	11.22	0	4.73	0	0	696.08	109.67
29.8679	13.86	7.7	9.68	58.63	16.94	260.15	122.54	183.37	130.02	91.74	11.88	22.55	0	11.88	5.06	0	672.87	273.13
29.8779	13.86	5.83	9.68	43.01	12.65	249.15	114.51	190.3	163.9	135.52	26.29	50.82	5.5	33.22	0	6.27	638.99	421.52
29.8879	11.55	3.85	7.26	32.67	8.47	227.15	109.01	197.23	200.86	175.45	50.27	65.67	8.25	62.04	10.23	12.65	597.19	585.42
29.8979	6.93	3.85	7.26	24.09	8.47	185.13	96.36	197.23	241.23	199.65	74.14	78.21	11	78.32	28.27	21.12	529.32	731.94
29.9079	0	0	4.84	17.16	6.27	131.45	81.84	192.61	256.08	202.07	87.78	78.21	16.5	86.46	43.67	27.5	434.17	798.27
29.9179	0	0	4.84	11.99	6.27	87.67	65.56	169.62	243.76	192.39	87.78	78.21	16.5	91.96	53.9	29.59	345.95	794.09
29.9279	0	0	0	6.82	6.27	58.63	51.92	121.44	233.86	189.97	90.53	81.29	19.25	102.74	65.45	33.88	245.08	816.97
29.9379	0	0	0	0	4.18	42.9	41.25	76.67	238.81	194.81	101.42	81.29	22	116.38	80.3	38.06	165	873.07
29.9479	0	0	0	0	0	29.26	32.01	49.39	251.13	204.49	115.17	84.48	24.75	130.02	95.26	44.44	110.66	949.74
29.9579	0	0	0	0	0	21.45	22.88	26.4	263.45	209.33	126.28	87.56	27.5	138.16	113.08	48.73	70.73	1014.09
29.9679	0	0	0	0	0	15.62	13.75	10.56	278.19	214.17	140.25	90.75	30.25	146.3	127.6	55.11	39.93	1082.62
29.9779	0	0	0	0	0	11.66	7.59	3.52	283.25	216.59	148.61	93.94	33	151.8	139.15	59.95	22.77	1126.29
29.9879	0	0	0	0	0	7.81	4.51	0	280.72	219.01	148.61	100.21	35.75	157.19	147.84	62.37	12.32	1151.7
29.9979	0	0	0	0	0	7.81	2.97	0	273.24	216.59	148.61	103.29	35.75	165.44	153.67	62.37	10.78	1158.96
30.0079	0	0	0	0	0	5.83	0	0	260.92	214.17	145.86	109.56	38.5	168.19	159.5	64.9	5.83	1161.6
30.0179	0	0	0	0	0	3.85	0	0	246.18	206.91	137.5	112.75	38.5	173.47	162.36	67.32	3.85	1144.99
30.0279	0	0	0	0	0	3.85	0	0	226.49	197.23	131.89	115.94	38.5	176.22	165.33	67.32	3.85	1118.92
30.0379	0	0	0	0	0	0	0	0	210.1	189.97	120.78	119.02	38.5	178.86	165.33	67.32	0	1089.88
30.0479	0	0	0	0	0	0	0	0	191.51	180.29	112.42	122.21	38.5	181.61	165.33	69.74	0	1061.61
30.0579	0	0	0	0	0	0	0	0	173.03	170.61	104.17	125.4	38.5	181.61	165.33	69.74	0	1028.39
30.0679	0	0	0	0	0	0	0	0	157.63	160.6	96.03	125.4	38.5	184.25	162.36	69.74	0	994.51
30.0779	0	0	0	0	0	0	0	0	142.78	150.59	87.78	128.48	38.5	184.25	162.36	69.74	0	964.48
30.0879	0	0	0	0	0	0	0	0	132.22	140.58	79.64	131.67	38.5	184.25	162.36	67.32	0	936.54
30.0979	0	0	0	0	0	0	0	0	119.46	130.57	74.14	131.67	38.5	184.25	159.5	69.74	0	907.83
30.1079	0	0	0	0	0	0	0	0	111.43	123.09	68.75	131.67	38.5	184.25	159.5	69.74	0	886.93
30.1179	0	0	0	0	0	0	0	0	103.73	115.5	63.25	134.86	38.5	187	159.5	69.74	0	872.08
30.1279	0	0	0	0	0	0	0	0	96.14	110.66	60.5	134.86	38.5	187	159.5	69.74	0	856.9
30.1379	0	0	0	0	0	0	0	0	90.42	105.93	55.11	134.86	38.5	189.64	162.36	69.74	0	846.56
30.1479	0	0	0	0	0	0	0	0	84.7	101.2	52.69	137.94	38.5	189.64	165.33	69.74	0	839.74
30.1579	0	0	0	0	0	0	0	0	80.85	96.47	50.27	141.13	38.5	195.03	168.3	72.16	0	842.71
30.1679	0	0	0	0	0	0	0	0	75.13	91.74	47.85	144.32	41.25	197.67	174.24	72.16	0	844.36
30.1779	0	0	0	0	0	0	0	0	71.28	89.32	45.43	147.51	41.25	200.42	180.18	74.69	0	850.08
30.1879	0	0	0	0	0	0	0	0	65.56	84.59	43.12	147.51	41.25	205.81	186.12	77.11	0	851.07
30.1979	0	0	0	0	0	0	0	0	61.71	79.86	40.7	150.59	44	211.2	195.14	79.53	0	862.73
30.2079	0	0	0	0	0	0	0	0	56.21	75.13	38.28	156.97	44	216.59	204.05	81.95	0	873.18
30.2179	0	0	0	0	0	0	0	0	52.69	70.4	35.86	160.05	46.75	221.98	215.93	84.48	0	888.14
30.2279	0	0	0	0	0	0	0	0	47.41	65.67	35.86	163.24	49.5	230.34	224.73	89.32	0	906.07
30.2379	0	0	0	0	0	0	0	0	42.13	60.94	31.13	166.43	49.5	235.95	236.06	91.74	0	913.88
30.2479	0	0	0	0	0	0	0	0	36.85	53.9	28.71	169.62	52.25	241.45	247.39	94.27	0	924.44
30.2579	0	0	0	0	0	0	0	0	33.33	46.86	23.87	172.81	55.11	247.06	258.72	96.69	0	934.45
30.2679	0	0	0	0	0	0	0	0	28.05	37.51	21.56	176	55.11	252.67	269.94	99.11	0	939.95
30.2779	0	0	0	0	0	0	0	0	24.53	30.47	19.14	176	58.08	258.28	278.52	101.53	0	946.55
30.2879	0	0	0	0	0	0	0	0	22.77	23.43	14.3	176	58.08	263.89	290.4	104.06	0	952.93
30.2979	0	0	0	0	0	0	0	0	19.25	16.39	11.88	172.81	55.11	266.64	296.34	106.48	0	944.9
30.3079	0	0	0	0	0	0	0	0	15.73	9.35	9.57	163.24	52.25	269.39	305.25	108.9	0	933.68
30.3179	0	0	0	0	0	0	0	0	13.97	4.62	7.15	150.59	49.5	269.39	308.22	111.32	0	914.76
30.3279	0	0	0	0	0	0	0	0	12.21	0	4.73	137.94	44	272.25	311.19	113.85	0	896.17
30.3379	9.24	0	0	0	0	0	0	0	12.21	0	0	125.4	38.5	272.25	311.19	118.25	9.24	877.8
30.3479	18.59	0	0	0	0	0	0	0	10.45	0	0	109.56	33	275	308.22	120.45	18.59	856.68
30.3579	84.48	5.83	0	0	0	0	0	0	10.45	0	0	93.94	24.75	275	305.25	124.96	90.31	834.35
30.3679	233.75	27.28	19.36	6.82	0	5.83	0	0	8.69	0	0	78.21	19.25	275	296.34	129.47	293.04	806.96
30.3779	264.88	48.73	33.88	10.34	0	5.83	0	0	8.69	0	0	59.4	13.75	272.25	281.49	131.67	363.66	767.25
30.3879	275.22	80.74	60.39	25.85	8.47	13.64	0	0	6.93	0	0	45.21	11	263.89	267.19	136.18	464.31	730.4
30.3979	277.86	109.34	77	44.77	14.74	21.45	2.97	3.52	5.17	0	0	33.88	8.25	247.06	250.14	136.18	551.65	680.68
30.4079	282.92	128.48	88.77	56.87	19.03	27.28	7.59	5.28	5.17	0	0	25.41	5.5	213.84	230.45	138.38	616.22	618.75
30.4179	282.92	130.57	95.81	65.23	19.03	33.22	9.13	7.04	0	0	0	16.94	5.5	173.47	204.05	136.18	642.95	536.14
30.4279	277.86	132.66	102.96	76.23	21.12	41.03	13.75	8.8	0	0	0	5.61	0	135.41	171.27	133.87	674.41	446.16
30.4379	282.92	136.84	114.84	80.63	21.12	54.67	18.26	10.56	0	0	0	0	0	102.74	136.29	122.76	719.84	361.79
30.4479	290.62	141.02	127.27	82.83	25.41	65.34	22.88	14.08	0	0	0	0	0	75.68	110.22	104.06	769.45	289.96
30.4579	303.38	147.29	142.12	87.34	27.5	74.25	28.93	15.84	0	0	0	0	0	54.56	89.32	77.11	826.65	220.99
30.4679	318.67	151.47	154.44	89.54	31.68	83.27	35.09	17.6	0	0	0	0	0	40.37	77.33	57.53	881.76	175.23
30.4779	328.9	157.74	164.34	93.94	33.88	89.98	38.17	19.36	0	0	0	0	0	28.49	65.45	42.35	926.31	136.29
30.4879	334.07	161.92	169.29	98.34	33.88	94.49	39.71	19.36	0	0	0	0	0	23.65	53.9	33.88	951.06	111.43
30.4979	334.07	166.1	171.82	104.94	35.97	98.89	41.25	21.12	0	0	0	0	0	18.92	46.2	25.41	974.16	90.53
30.5079	334.07	168.3	171.82	109.34	35.97	103.4	42.68	22.88	0	0	0	0	0	11.88	28.27	14.74	988.46	54.89
30.5179	326.37	170.61	169.29	116.05	35.97	105.6	42.68	22.88	0	0	0	0	0	4.73	10.23	4.18	989.45	19.14
30.5279	318.67	170.61	164.34	120.56	35.97	110.11	42.68	24.64	0	0	0	0	0	0	5.06	0	987.58	5.06
30.5379	308.44	168.3	159.39	127.27	35.97	112.42	41.25	24.64	0	0	0	0	0	0	5.06	0	977.68	5.06
30.5479	298.21	168.3	152.02	131.67	35.97	112.42	41.25	24.64	0	0	0	0	0	0	5.06	0	964.48	5.06
30.5579	287.98	164.01	144.54	136.18	35.97	114.51	41.25	24.64	0	0	0	0	0	0	0	0	949.08	0
30.5679	275.22	161.92	139.59	138.38	35.97	114.51	41.25	24.64	0	0	0	0	0	0	0	0	931.48	0
30.5779	262.24	157.74	132.22	142.89	35.97	114.51	41.25	26.4	0	0	0	0	0	0	0	0	913.22	0
30.5879	249.26	153.56	124.74	145.09	35.97	114.51	41.25	26.4	0	0	0	0	0	0	0	0	890.78	0
30.5979	236.28	147.29	119.79	147.4	35.97	116.6	41.25	26.4	0	0	0	0	0	0	0	0	870.98	0
30.6079	225.94	143.11	114.84	149.6	35.97	116.6	41.25	26.4	0	0	0	0	0	0	0	0	853.71	0
30.6179	213.62	138.93	107.69	151.8	35.97	116.6	39.71	28.27	0	0	0	0	0	0	0	0	832.59	0
30.6279	203.94	134.75	102.96	156.31	35.97	118.69	39.71	28.27	0	0	0	0	0	0	0	0	820.6	0
30.6379	191.73	130.57	95.81	158.51	38.06	118.69	39.71	28.27	0	0	0	0	0	0	0	0	801.35	0
30.6479	184.47	126.39	91.08	163.02	38.06	120.78	41.25	28.27	0	0	0	0	0	0	0	0	793.32	0
30.6579	174.79	122.21	88.77	167.64	38.06	122.98	41.25	30.03	0	0	0	0	0	0	0	0	785.73	0
30.6679	167.53	118.03	84.04	172.37	38.06	127.16	41.25	30.03	0	0	0	0	0	0	0	0	778.47	0
30.6779	157.63	115.94	81.73	179.41	40.15	131.45	42.68	31.79	0	0	0	0	0	0	0	0	780.78	0
30.6879	150.26	111.54	79.31	186.56	40.15	137.72	44.22	31.79	0	0	0	0	0	0	0	0	781.55	0
30.6979	142.89	107.14	77	191.29	40.15	142.01	45.76	33.55	0	0	0	0	0	0	0	0	779.79	0
30.7079	133.1	102.74	72.27	200.64	42.35	148.39	47.3	35.31	0	0	0	0	0	0	0	0	782.1	0
30.7178	125.73	96.14	69.85	207.79	42.35	154.66	48.84	37.07	0	0	0	0	0	0	0	0	782.43	0
30.7278	115.83	91.74	67.54	214.83	44.44	163.13	51.92	38.83	0	0	0	0	0	0	0	0	788.26	0
30.7378	108.68	87.34	62.81	221.98	44.44	171.93	53.46	38.83	0	0	0	0	0	0	0	0	789.47	0
30.7478	97.68	80.74	58.08	231	46.53	180.73	55	42.35	0	0	0	0	0	0	0	0	792.11	0
30.7578	88.88	74.14	53.24	237.82	46.53	189.53	58.3	44.11	0	0	0	0	0	0	0	0	792.55	0
30.7678	77.77	65.34	45.98	246.84	46.53	198.44	61.93	45.87	0	0	0	0	0	0	0	0	788.7	0
30.7778	68.97	58.74	38.72	251.46	46.53	209.44	65.56	49.39	0	0	0	0	0	0	0	0	788.81	0
30.7878	57.97	50.6	33.88	255.97	48.62	218.24	70.95	52.91	0	0	0	0	0	0	0	0	789.14	0
30.7978	48.73	42.79	29.04	260.48	48.62	229.35	74.58	60.5	0	0	0	0	0	0	0	0	794.09	0
30.8078	41.8	36.96	24.2	260.48	48.62	238.15	80.08	66.55	0	0	0	0	0	0	0	0	796.84	0
30.8178	37.18	31.13	21.78	262.79	48.62	246.95	85.47	76.67	0	0	0	0	0	0	0	0	810.59	0
30.8278	34.76	27.28	19.36	260.48	48.62	255.75	89.1	84.81	0	0	0	0	0	0	0	0	820.16	0
30.8378	30.14	21.34	16.94	258.28	46.53	262.35	94.49	94.82	0	0	0	0	0	0	0	0	824.89	0
30.8478	27.83	17.49	14.52	251.46	44.44	268.95	96.36	109.01	0	0	0	0	0	0	0	0	830.06	0
30.8578	25.52	17.49	14.52	240.13	44.44	273.35	98.12	119.35	0	0	0	0	0	0	0	0	832.92	0
30.8678	23.21	15.51	12.1	226.49	40.15	277.86	99.99	125.62	0	0	0	0	0	0	0	0	820.93	0
30.8778	23.21	15.51	12.1	210.1	35.97	281.82	98.12	133.98	0	0	0	0	0	0	0	0	810.81	0
30.8878	23.21	13.64	12.1	191.29	31.68	285.89	96.36	140.25	0	0	0	0	0	0	0	0	794.42	0
30.8978	20.9	13.64	9.68	167.64	29.59	287.87	94.49	148.61	6.93	9.35	0	0	0	0	0	0	772.42	16.28
30.9078	20.9	11.66	9.68	145.09	25.41	289.96	90.86	159.06	15.73	18.7	0	0	0	0	0	0	752.62	34.43
30.9178	18.59	11.66	9.68	120.56	19.03	289.96	89.1	167.42	63.69	49.17	7.15	14.08	0	7.04	0	0	726	141.13
30.9278	16.17	9.68	7.26	96.14	16.94	285.89	85.47	176.44	151.25	113.08	16.72	33.88	0	16.61	5.06	0	693.99	336.6
30.9378	13.86	7.7	7.26	69.63	10.56	275.55	83.71	183.37	186.89	163.13	31.13	62.48	5.5	47.52	5.06	10.56	651.64	512.27
30.9478	11.55	5.83	7.26	48.18	8.47	251.35	81.84	190.3	226.49	204.49	55.11	81.29	8.25	75.68	12.76	14.74	604.78	678.81
30.9578	6.93	3.85	7.26	34.43	6.27	211.64	78.21	192.61	256.08	219.01	71.39	87.56	8.25	86.46	28.27	21.12	541.2	778.14
30.9678	4.62	3.85	4.84	25.85	6.27	150.48	69.19	187.99	253.55	211.75	76.89	84.48	11	89.21	38.5	23.21	453.09	788.59
30.9778	0	0	4.84	20.68	6.27	98.89	58.3	167.42	238.81	199.65	76.89	81.29	13.75	94.6	43.67	25.41	356.4	774.07
30.9878	0	0	0	15.51	6.27	65.34	50.38	127.71	231.44	197.23	79.64	84.48	13.75	102.74	51.37	27.5	265.21	788.15
30.9978	0	0	0	8.58	4.18	46.86	42.68	80.74	238.81	202.07	87.78	84.48	16.5	113.63	59.51	31.79	183.04	834.57
31.0078	0	0	0	3.41	0	35.09	33.55	54.67	256.08	209.33	98.67	87.56	16.5	121.88	71.39	35.97	126.72	897.38
31.0178	0	0	0	0	0	23.43	25.96	31.79	275.77	219.01	109.67	90.75	19.25	127.27	83.27	38.06	81.18	963.05
31.0278	0	0	0	0	0	17.49	18.26	19.36	296.01	226.27	120.78	90.75	19.25	132.77	92.29	42.35	55.11	1020.47
31.0378	0	0	0	0	0	13.64	12.21	5.28	303.71	231.11	126.28	93.94	22	138.16	98.23	44.44	31.13	1057.87
31.0478	0	0	0	0	0	9.68	6.05	0	301.07	233.53	129.14	100.21	22	143.66	101.2	46.53	15.73	1077.34
31.0578	0	0	0	0	0	7.81	4.51	0	293.48	235.95	126.28	106.48	22	149.05	104.17	46.53	12.32	1083.94
31.0678	0	0	0	0	0	5.83	2.97	0	280.72	235.95	123.53	112.75	24.75	157.19	104.17	48.73	8.8	1087.79
31.0778	0	0	0	0	0	3.85	0	0	263.45	231.11	117.92	119.02	24.75	159.94	107.14	48.73	3.85	1072.06
31.0878	0	0	0	0	0	3.85	0	0	243.76	226.27	112.42	122.21	24.75	165.44	107.14	50.82	3.85	1052.81
31.0978	0	0	0	0	0	0	0	0	226.49	219.01	104.17	128.48	24.75	168.19	104.17	50.82	0	1026.08
31.1078	0	0	0	0	0	0	0	0	210.1	209.33	98.67	131.67	24.75	170.83	107.14	50.82	0	1003.31
31.1178	0	0	0	0	0	0	0	0	193.82	202.07	90.53	134.86	24.75	173.47	107.14	52.91	0	979.55
31.1278	0	0	0	0	0	0	0	0	175.34	192.39	85.03	141.13	24.75	176.22	110.22	52.91	0	957.99
31.1378	0	0	0	0	0	0	0	0	161.81	182.71	76.89	141.13	27.5	176.22	110.22	52.91	0	929.39
31.1478	0	0	0	0	0	0	0	0	149.16	170.61	74.14	141.13	27.5	176.22	113.08	55.11	0	906.95
31.1578	0	0	0	0	0	0	0	0	138.49	160.6	68.75	144.32	27.5	178.86	118.91	55.11	0	892.54
31.1678	0	0	0	0	0	0	0	0	130.02	153.12	66	144.32	27.5	181.61	124.63	55.11	0	882.31
31.1778	0	0	0	0	0	0	0	0	123.75	145.64	63.25	144.32	30.25	181.61	127.6	57.53	0	873.95
31.1878	0	0	0	0	0	0	0	0	119.46	138.05	63.25	144.32	30.25	184.25	133.32	57.53	0	870.43
31.1978	0	0	0	0	0	0	0	0	115.28	135.52	63.25	144.32	33	184.25	139.15	59.95	0	874.72
31.2078	0	0	0	0	0	0	0	0	111.43	130.57	60.5	144.32	33	187	144.98	59.95	0	871.75
31.2178	0	0	0	0	0	0	0	0	107.58	128.04	60.5	144.32	35.75	192.39	150.81	62.37	0	881.76
31.2278	0	0	0	0	0	0	0	0	103.73	123.09	60.5	147.51	35.75	195.03	156.53	64.9	0	887.04
31.2378	0	0	0	0	0	0	0	0	99.99	118.03	57.75	153.78	38.5	200.42	162.36	67.32	0	898.15
31.2478	0	0	0	0	0	0	0	0	94.16	115.5	55.11	156.97	38.5	208.45	171.27	67.32	0	907.28
31.2578	0	0	0	0	0	0	0	0	86.57	108.24	50.27	163.24	41.25	213.84	177.21	72.16	0	912.78
31.2678	0	0	0	0	0	0	0	0	78.98	103.51	47.85	166.43	41.25	221.98	186.12	74.69	0	920.81
31.2778	0	0	0	0	0	0	0	0	71.28	96.47	43.12	172.81	41.25	227.48	195.14	77.11	0	924.66
31.2878	0	0	0	0	0	0	0	0	61.71	87.01	38.28	179.19	44	235.95	204.05	79.53	0	929.72
31.2978	0	0	0	0	0	0	0	0	52.69	77.55	33.44	185.57	46.75	241.45	209.99	81.95	0	929.39
31.3078	0	0	0	0	0	0	0	0	43.89	68.09	28.71	188.76	46.75	247.06	218.9	84.48	0	926.64
31.3178	0	0	0	0	0	0	0	0	35.09	56.21	23.87	195.14	46.75	252.67	224.73	86.9	0	921.36
31.3278	0	0	0	0	0	0	0	0	29.81	46.86	21.56	201.63	46.75	261.03	227.59	89.32	0	924.55
31.3378	0	0	0	0	0	0	0	0	26.29	37.51	16.72	204.82	46.75	266.64	230.45	91.74	0	920.92
31.3478	0	0	0	0	0	0	0	0	22.77	30.47	14.3	211.2	46.75	275	230.45	96.69	0	927.63
31.3578	0	0	0	0	0	0	0	0	21.01	23.43	11.88	214.39	46.75	280.61	233.2	99.11	0	930.38
31.3678	0	0	0	0	0	0	0	0	17.49	16.39	9.57	214.39	44	289.08	236.06	101.53	0	928.51
31.3778	0	0	0	0	0	0	0	0	15.73	9.35	7.15	208.01	41.25	294.8	236.06	104.06	0	916.41
31.3878	0	0	0	0	0	0	0	0	13.97	4.62	4.73	195.14	35.75	300.41	236.06	108.9	0	899.58
31.3978	0	0	0	0	0	0	0	0	12.21	4.62	4.73	179.19	33	303.27	236.06	111.32	0	884.4
31.4078	4.62	3.85	0	0	0	0	0	0	12.21	0	0	160.05	27.5	308.88	236.06	118.25	8.47	862.95
31.4178	11.55	3.85	0	0	0	0	0	0	12.21	0	0	137.94	22	314.49	233.2	122.76	15.4	842.6
31.4278	34.76	3.85	0	0	0	0	0	0	10.45	0	0	122.21	19.25	320.21	230.45	129.47	38.61	832.04
31.4378	150.26	21.34	9.68	3.41	0	3.85	0	0	10.45	0	0	103.29	13.75	322.96	224.73	133.87	188.54	809.05
31.4478	251.9	38.94	24.2	11.99	4.18	7.81	0	0	8.69	0	0	84.48	11	325.82	218.9	140.58	339.02	789.47
31.4578	249.26	58.74	41.14	20.68	6.27	11.66	0	0	8.69	0	0	62.48	8.25	320.21	209.99	147.29	387.75	756.91
31.4678	259.6	89.54	69.85	34.43	12.65	17.49	2.97	3.52	6.93	0	0	48.07	5.5	308.88	198.11	151.8	490.05	719.29
31.4778	259.6	109.34	88.77	48.18	16.94	25.3	7.59	8.8	5.17	0	0	33.88	5.5	280.61	183.15	156.31	564.52	664.62
31.4878	267.41	118.03	100.54	60.83	21.12	33.22	12.21	12.32	3.41	0	0	25.41	0	238.7	165.33	158.51	625.68	591.36
31.4978	267.41	118.03	110	60.83	21.12	39.05	15.18	14.08	0	0	0	16.94	0	189.64	144.98	158.51	645.7	510.07
31.5078	267.41	120.12	117.37	65.23	25.41	50.71	24.42	17.6	0	0	0	11.22	0	143.66	124.63	151.8	688.27	431.31
31.5178	270.05	122.21	129.69	67.43	29.59	58.63	30.47	19.36	0	0	0	8.47	5.5	108.24	110.22	136.18	727.43	368.61
31.5278	280.39	126.39	144.54	67.43	33.88	67.54	38.17	21.12	0	0	0	5.61	0	78.32	92.29	111.32	779.46	287.54
31.5378	298.21	132.66	161.92	69.63	35.97	74.25	44.22	24.64	0	0	0	0	0	56.98	77.33	86.9	841.5	221.21
31.5478	313.61	136.84	179.3	71.83	38.06	80.96	48.84	28.27	0	0	0	0	0	40.37	65.45	64.9	897.71	170.72
31.5578	326.37	138.93	191.84	74.03	40.15	85.47	53.46	30.03	0	0	0	0	0	28.49	48.73	44.44	940.28	121.66
31.5678	328.9	143.11	199.32	76.23	42.35	89.98	55	33.55	0	0	0	0	0	23.65	41.03	35.97	968.44	100.65
31.5778	328.9	145.2	204.38	80.63	42.35	94.49	58.3	35.31	0	0	0	0	0	16.61	25.63	19.03	989.56	61.27
31.5878	326.37	145.2	204.38	85.03	44.44	98.89	60.06	37.07	0	0	0	0	0	7.04	10.23	8.47	1001.44	25.74
31.5978	318.67	145.2	199.32	89.54	44.44	101.2	61.93	37.07	0	0	0	0	0	4.73	7.7	6.27	997.37	18.7
31.6078	308.44	145.2	191.84	93.94	44.44	105.6	61.93	38.83	0	0	0	0	0	4.73	5.06	4.18	990.22	13.97
31.6178	298.21	143.11	184.25	98.34	46.53	107.91	63.69	38.83	0	0	0	0	0	0	0	4.18	980.87	4.18
31.6278	282.92	141.02	176.77	104.94	46.53	110.11	63.69	40.59	0	0	0	0	0	0	0	0	966.57	0
31.6378	270.05	136.84	166.87	107.14	46.53	112.42	63.69	40.59	0	0	0	0	0	0	0	0	944.13	0
31.6478	254.43	130.57	159.39	107.14	46.53	112.42	65.56	40.59	0	0	0	0	0	0	0	0	916.63	0
31.6578	238.92	124.3	149.49	109.34	46.53	114.51	65.56	42.35	0	0	0	0	0	0	0	0	891	0
31.6678	223.41	118.03	142.12	109.34	48.62	114.51	67.32	42.35	0	0	0	0	0	0	0	0	865.7	0
31.6778	211.2	111.54	134.64	109.34	48.62	114.51	69.19	44.11	0	0	0	0	0	0	0	0	843.15	0
31.6878	201.52	107.14	129.69	111.54	48.62	116.6	69.19	44.11	0	0	0	0	0	0	0	0	828.41	0
31.6978	189.31	102.74	122.32	111.54	48.62	116.6	70.95	45.87	0	0	0	0	0	0	0	0	807.95	0
31.7078	179.63	98.34	114.84	113.85	50.82	118.69	70.95	45.87	0	0	0	0	0	0	0	0	792.99	0
31.7178	169.95	91.74	110	116.05	50.82	120.78	72.82	47.63	0	0	0	0	0	0	0	0	779.79	0
31.7278	157.63	87.34	102.96	120.56	52.91	125.07	74.58	49.39	0	0	0	0	0	0	0	0	770.44	0
31.7378	147.84	82.94	98.23	122.76	52.91	129.25	78.21	51.15	0	0	0	0	0	0	0	0	763.29	0
31.7478	137.94	78.54	93.5	127.27	55	135.63	81.84	52.91	0	0	0	0	0	0	0	0	762.63	0
31.7578	128.15	74.14	88.77	131.67	55	142.01	85.47	58.52	0	0	0	0	0	0	0	0	763.73	0
31.7678	118.36	69.74	84.04	136.18	55	148.39	89.1	62.59	0	0	0	0	0	0	0	0	763.4	0
31.7778	108.68	65.34	81.73	140.69	57.2	154.66	94.49	68.64	0	0	0	0	0	0	0	0	771.43	0
31.7878	102.08	60.94	74.58	145.09	59.4	161.04	98.12	74.69	0	0	0	0	0	0	0	0	775.94	0
31.7978	93.28	56.54	69.85	147.4	59.4	169.73	101.75	80.74	0	0	0	0	0	0	0	0	778.69	0
31.8078	84.48	52.58	65.12	151.8	61.71	176.33	107.25	92.84	0	0	0	0	0	0	0	0	792.11	0
31.8178	75.57	46.75	58.08	154.11	61.71	185.13	112.64	100.87	0	0	0	0	0	0	0	0	794.86	0
31.8278	66.77	40.92	48.4	158.51	61.71	194.04	116.49	106.92	0	0	0	0	0	0	0	0	793.76	0
31.8378	55.77	36.96	41.14	160.82	61.71	202.84	122.54	115.17	0	0	0	0	0	0	0	0	796.95	0
31.8478	46.42	31.13	31.46	163.02	61.71	209.44	128.59	123.53	0	0	0	0	0	0	0	0	795.3	0
31.8578	37.18	25.3	26.62	165.33	61.71	218.24	134.64	129.8	0	0	0	0	0	0	0	0	798.82	0
31.8678	34.76	21.34	21.78	165.33	61.71	222.75	140.69	140.25	0	0	0	0	0	0	0	0	808.61	0
31.8778	30.14	17.49	19.36	163.02	59.4	229.35	146.74	148.61	0	0	0	0	0	0	0	0	814.11	0
31.8878	27.83	15.51	19.36	158.51	59.4	233.75	152.79	154.88	0	0	0	0	0	0	0	0	822.03	0
31.8978	25.52	13.64	14.52	154.11	57.2	235.95	156.75	161.15	0	0	0	0	0	0	0	0	818.84	0
31.9078	23.21	11.66	14.52	147.4	52.91	238.15	158.84	165.33	0	0	0	0	0	0	0	0	812.02	0
31.9178	23.21	11.66	12.1	136.18	48.62	240.35	160.82	171.82	0	0	0	0	0	0	0	0	804.76	0
31.9278	20.9	11.66	12.1	124.96	44.44	242.55	160.82	176.44	0	0	0	0	0	0	0	0	793.87	0
31.9378	20.9	9.68	12.1	109.34	40.15	242.55	160.82	181.06	0	0	0	0	0	0	0	0	776.6	0
31.9478	18.59	9.68	12.1	96.14	33.88	244.75	156.75	187.99	3.41	0	0	0	0	0	0	0	759.88	3.41
31.9578	18.59	9.68	9.68	80.63	29.59	246.95	150.7	192.61	10.45	0	0	0	0	0	0	0	738.43	10.45
31.9678	16.17	7.7	9.68	69.63	25.41	246.95	142.67	197.23	31.57	16.39	0	0	0	0	0	0	715.44	47.96
31.9778	13.86	7.7	9.68	56.87	21.12	246.95	136.62	204.05	111.43	56.21	9.57	11.22	0	7.04	0	0	696.85	195.47
31.9878	13.86	5.83	7.26	44.77	14.74	242.55	126.5	206.36	155.43	105.93	19.14	31.02	0	16.61	0	0	661.87	328.13
31.9978	11.55	5.83	7.26	34.43	10.56	227.15	118.47	210.98	189.2	160.6	38.28	59.4	5.5	47.52	5.06	10.56	626.23	516.12
32.0078	9.24	3.85	7.26	25.85	8.47	198.44	109.01	215.6	231.44	197.23	68.75	75.02	8.25	75.68	17.93	16.94	577.72	691.24
32.0178	4.62	0	4.84	18.92	8.47	152.57	96.36	210.98	256.08	206.91	82.39	81.29	11	86.46	35.97	23.21	496.76	783.31
32.0278	0	0	4.84	13.75	8.47	107.91	80.08	197.23	251.13	199.65	85.03	78.21	13.75	91.96	46.2	25.41	412.28	791.34
32.0378	0	0	0	8.58	8.47	72.05	63.69	167.42	241.23	194.81	87.78	78.21	13.75	100.1	53.9	27.5	320.21	797.28
32.0478	0	0	0	3.41	6.27	50.71	51.92	110.99	246.18	197.23	96.03	81.29	16.5	110.99	56.54	31.79	223.3	836.55
32.0578	0	0	0	0	4.18	39.05	42.68	72.6	260.92	204.49	106.92	81.29	19.25	119.13	77.33	35.97	158.51	905.3
32.0678	0	0	0	0	0	27.28	35.09	49.39	280.72	214.17	120.78	81.29	22	127.27	89.32	38.06	111.76	973.61
32.0778	0	0	0	0	0	19.47	27.5	30.03	301.07	219.01	134.64	84.48	22	130.02	101.2	42.35	77	1034.77
32.0878	0	0	0	0	0	15.62	18.26	17.6	316.47	223.85	143	84.48	24.75	135.41	110.22	44.44	51.48	1082.62
32.0978	0	0	0	0	0	11.66	10.67	7.04	316.47	223.85	148.61	87.56	24.75	138.16	115.94	46.53	29.37	1101.87
32.1078	0	0	0	0	0	7.81	6.05	5.28	311.3	226.27	145.86	93.94	27.5	143.66	118.91	48.73	19.14	1116.17
32.1178	0	0	0	0	0	7.81	6.05	5.28	301.07	226.27	145.86	97.02	27.5	151.8	121.77	48.73	19.14	1120.02
32.1278	0	0	0	0	0	5.83	4.51	5.28	285.78	223.85	140.25	103.29	27.5	154.55	124.63	50.82	15.62	1110.67
32.1378	0	0	0	0	0	3.85	2.97	3.52	268.4	219.01	134.64	106.48	27.5	159.94	124.63	50.82	10.34	1091.42
32.1477	0	0	0	0	0	3.85	0	3.52	251.13	214.17	129.14	112.75	27.5	162.69	124.63	52.91	7.37	1074.92
32.1577	0	0	0	0	0	0	0	0	233.86	206.91	120.78	115.94	27.5	165.44	121.77	52.91	0	1045.11
32.1677	0	0	0	0	0	0	0	0	214.72	199.65	112.42	122.21	27.5	168.19	121.77	52.91	0	1019.37
32.1777	0	0	0	0	0	0	0	0	198.55	192.39	104.17	125.4	27.5	170.83	118.91	52.91	0	990.66
32.1877	0	0	0	0	0	0	0	0	182.27	182.71	96.03	131.67	27.5	173.47	115.94	52.91	0	962.5
32.1977	0	0	0	0	0	0	0	0	166.1	175.45	90.53	134.86	27.5	176.22	115.94	52.91	0	939.51
32.2077	0	0	0	0	0	0	0	0	155.43	165.66	85.03	134.86	27.5	176.22	115.94	55.11	0	915.75
32.2177	0	0	0	0	0	0	0	0	144.87	158.07	79.64	137.94	27.5	178.86	118.91	55.11	0	900.9
32.2277	0	0	0	0	0	0	0	0	136.4	150.59	74.14	137.94	27.5	178.86	118.91	55.11	0	879.45
32.2377	0	0	0	0	0	0	0	0	127.93	143.11	71.39	137.94	27.5	181.61	121.77	55.11	0	866.36
32.2477	0	0	0	0	0	0	0	0	119.46	138.05	68.75	141.13	27.5	181.61	124.63	55.11	0	856.24
32.2577	0	0	0	0	0	0	0	0	115.28	133.1	66	141.13	30.25	184.25	127.6	55.11	0	852.72
32.2677	0	0	0	0	0	0	0	0	111.43	128.04	66	144.32	30.25	187	130.46	57.53	0	855.03
32.2777	0	0	0	0	0	0	0	0	107.58	125.51	63.25	144.32	30.25	189.64	133.32	57.53	0	851.4
32.2877	0	0	0	0	0	0	0	0	105.71	123.09	63.25	147.51	33	192.39	139.15	59.95	0	864.05
32.2977	0	0	0	0	0	0	0	0	101.86	118.03	63.25	150.59	33	197.67	144.98	59.95	0	869.33
32.3077	0	0	0	0	0	0	0	0	98.01	118.03	60.5	156.97	35.75	203.06	150.81	62.37	0	885.5
32.3177	0	0	0	0	0	0	0	0	94.16	113.08	60.5	163.24	35.75	208.45	156.53	64.9	0	896.61
32.3277	0	0	0	0	0	0	0	0	88.44	108.24	57.75	169.62	38.5	216.59	162.36	67.32	0	908.82
32.3377	0	0	0	0	0	0	0	0	82.72	105.93	52.69	176	38.5	224.73	171.27	69.74	0	921.58
32.3477	0	0	0	0	0	0	0	0	75.13	98.78	50.27	182.38	38.5	233.09	177.21	72.16	0	927.52
32.3577	0	0	0	0	0	0	0	0	69.41	94.05	45.43	188.76	41.25	241.45	186.12	74.69	0	941.16
32.3677	0	0	0	0	0	0	0	0	59.84	84.59	40.7	195.14	41.25	249.92	195.14	77.11	0	943.69
32.3777	0	0	0	0	0	0	0	0	52.69	77.55	38.28	201.63	44	258.28	204.05	79.53	0	956.01
32.3877	0	0	0	0	0	0	0	0	43.89	65.67	31.13	208.01	46.75	266.64	212.96	84.48	0	959.53
32.3977	0	0	0	0	0	0	0	0	33.33	53.9	23.87	211.2	46.75	275	224.73	86.9	0	955.68
32.4077	0	0	0	0	0	0	0	0	28.05	39.82	19.14	214.39	46.75	280.61	233.2	89.32	0	951.28
32.4177	0	0	0	0	0	0	0	0	24.53	30.47	16.72	214.39	46.75	286.33	241.67	91.74	0	952.6
32.4277	0	0	0	0	0	0	0	0	21.01	23.43	11.88	211.2	46.75	291.94	247.39	96.69	0	950.29
32.4377	0	0	0	0	0	0	0	0	17.49	13.97	9.57	201.63	44	294.8	253	99.11	0	933.57
32.4477	6.93	0	0	0	0	0	0	0	15.73	6.93	7.15	188.76	41.25	297.55	258.72	101.53	6.93	917.62
32.4577	11.55	0	0	0	0	0	0	0	13.97	4.62	4.73	169.62	35.75	300.41	258.72	106.48	11.55	894.3
32.4677	23.21	0	0	0	0	0	0	0	12.21	4.62	4.73	150.59	30.25	303.27	258.72	111.32	23.21	875.71
32.4777	73.37	7.7	0	0	0	0	0	0	12.21	0	0	131.67	24.75	306.02	258.72	116.05	81.07	849.42
32.4877	213.62	31.13	19.36	6.82	0	3.85	0	0	12.21	0	0	109.56	19.25	308.88	253	120.45	274.78	823.35
32.4977	236.28	48.73	31.46	11.99	4.18	5.83	0	0	10.45	0	0	87.56	13.75	306.02	250.14	127.16	338.47	795.08
32.5077	244.09	78.54	55.77	27.5	10.56	13.64	0	0	8.69	0	0	65.67	11	297.55	244.53	131.67	430.1	759.11
32.5177	254.43	109.34	77	43.01	16.94	23.43	4.51	5.28	8.69	0	0	45.21	8.25	283.47	236.06	136.18	533.94	717.86
32.5277	259.6	122.21	93.5	58.63	19.03	31.24	9.13	8.8	5.17	0	0	31.02	5.5	255.42	224.73	140.58	602.14	662.42
32.5377	270.05	128.48	102.96	63.03	21.12	39.05	13.75	10.56	3.41	0	0	19.8	5.5	211.2	207.02	142.89	649	589.82
32.5477	267.41	128.48	112.42	65.23	23.21	50.71	18.26	12.32	0	0	0	11.22	0	162.69	180.18	140.58	678.04	494.67
32.5577	272.58	130.57	122.32	67.43	25.41	60.83	25.96	14.08	0	0	0	5.61	0	124.52	150.81	133.87	719.18	414.81
32.5677	277.86	134.75	129.69	69.63	29.59	67.54	30.47	17.6	0	0	0	0	0	91.96	121.77	120.45	757.13	334.18
32.5777	287.98	141.02	142.12	71.83	31.68	74.25	36.63	17.6	0	0	0	0	0	64.79	98.23	96.69	803.11	259.71
32.5877	298.21	147.29	154.44	76.23	33.88	80.96	39.71	21.12	0	0	0	0	0	47.52	80.3	72.16	851.84	199.98
32.5977	308.44	151.47	164.34	80.63	35.97	87.67	42.68	22.88	0	0	0	0	0	33.22	65.45	50.82	894.08	149.49
32.6077	313.61	157.74	169.29	87.34	35.97	94.49	44.22	22.88	0	0	0	0	0	26.07	53.9	35.97	925.54	115.94
32.6177	313.61	161.92	171.82	93.94	35.97	98.89	45.76	24.64	0	0	0	0	0	18.92	41.03	27.5	946.55	87.45
32.6277	311.08	166.1	169.29	100.54	38.06	105.6	45.76	26.4	0	0	0	0	0	11.88	23.1	14.74	962.83	49.72
32.6377	303.38	168.3	166.87	109.34	38.06	110.11	45.76	26.4	0	0	0	0	0	7.04	10.23	6.27	968.22	23.54
32.6477	298.21	168.3	161.92	116.05	38.06	112.42	45.76	26.4	0	0	0	0	0	4.73	7.7	4.18	967.12	16.61
32.6577	287.98	168.3	154.44	122.76	38.06	116.6	45.76	28.27	0	0	0	0	0	4.73	5.06	0	962.17	9.79
32.6677	275.22	166.1	149.49	127.27	38.06	118.69	45.76	28.27	0	0	0	0	0	0	0	0	948.86	0
32.6777	267.41	161.92	144.54	129.47	38.06	120.78	45.76	28.27	0	0	0	0	0	0	0	0	936.21	0
32.6877	254.43	157.74	139.59	131.67	38.06	120.78	47.3	28.27	0	0	0	0	0	0	0	0	917.84	0
32.6977	244.09	153.56	134.64	131.67	38.06	120.78	47.3	30.03	0	0	0	0	0	0	0	0	900.13	0
32.7077	236.28	147.29	129.69	131.67	40.15	120.78	48.84	30.03	0	0	0	0	0	0	0	0	884.73	0
32.7177	225.94	141.02	124.74	129.47	40.15	120.78	50.38	30.03	0	0	0	0	0	0	0	0	862.51	0
32.7277	220.88	134.75	122.32	127.27	40.15	118.69	51.92	30.03	0	0	0	0	0	0	0	0	846.01	0
32.7377	213.62	130.57	117.37	127.27	42.35	118.69	53.46	30.03	0	0	0	0	0	0	0	0	833.36	0
32.7477	208.78	124.3	117.37	124.96	42.35	118.69	55	30.03	0	0	0	0	0	0	0	0	821.48	0
32.7577	206.36	122.21	114.84	124.96	44.44	116.6	56.54	30.03	0	0	0	0	0	0	0	0	815.98	0
32.7677	201.52	118.03	114.84	122.76	44.44	116.6	58.3	30.03	0	0	0	0	0	0	0	0	806.52	0
32.7777	199.1	115.94	114.84	120.56	46.53	116.6	58.3	31.79	0	0	0	0	0	0	0	0	803.66	0
32.7877	196.68	111.54	114.84	120.56	46.53	116.6	60.06	31.79	0	0	0	0	0	0	0	0	798.6	0
32.7977	191.73	107.14	114.84	122.76	46.53	118.69	61.93	31.79	0	0	0	0	0	0	0	0	795.41	0
32.8077	186.89	104.94	112.42	122.76	48.62	120.78	65.56	33.55	0	0	0	0	0	0	0	0	795.52	0
32.8177	182.05	102.74	112.42	124.96	48.62	125.07	67.32	33.55	0	0	0	0	0	0	0	0	796.73	0
32.8277	174.79	98.34	112.42	129.47	50.82	131.45	70.95	35.31	0	0	0	0	0	0	0	0	803.55	0
32.8377	167.53	96.14	110	133.98	50.82	137.72	74.58	38.83	0	0	0	0	0	0	0	0	809.6	0
32.8477	157.63	93.94	107.69	138.38	52.91	146.19	78.21	40.59	0	0	0	0	0	0	0	0	815.54	0
32.8577	147.84	87.34	102.96	145.09	55	154.66	83.71	42.35	0	0	0	0	0	0	0	0	818.95	0
32.8677	135.52	85.14	98.23	151.8	55	163.13	89.1	47.63	0	0	0	0	0	0	0	0	825.55	0
32.8777	123.2	78.54	91.08	158.51	57.2	174.13	92.73	51.15	0	0	0	0	0	0	0	0	826.54	0
32.8877	110.99	71.94	81.73	165.33	59.4	185.13	99.99	56.54	0	0	0	0	0	0	0	0	831.05	0
32.8977	97.68	65.34	72.27	172.37	59.4	196.24	105.38	62.59	0	0	0	0	0	0	0	0	831.27	0
32.9077	84.48	56.54	62.81	179.41	61.71	207.24	110.88	68.64	0	0	0	0	0	0	0	0	831.71	0
32.9177	71.17	48.73	50.82	184.14	61.71	216.04	118.47	76.67	0	0	0	0	0	0	0	0	827.75	0
32.9277	57.97	40.92	38.72	188.87	64.02	224.95	126.5	86.79	0	0	0	0	0	0	0	0	828.74	0
32.9377	44.11	33.11	29.04	191.29	64.02	233.75	132.55	100.87	0	0	0	0	0	0	0	0	828.74	0
32.9477	37.18	27.28	24.2	193.6	61.71	240.35	138.6	110.99	0	0	0	0	0	0	0	0	833.91	0
32.9577	32.45	21.34	21.78	191.29	61.71	246.95	144.65	119.35	0	0	0	0	0	0	0	0	839.52	0
32.9677	27.83	17.49	16.94	184.14	59.4	251.35	148.72	127.71	0	0	0	0	0	0	0	0	833.58	0
32.9777	25.52	13.64	16.94	174.68	55	255.75	152.79	133.98	0	0	0	0	0	0	0	0	828.3	0
32.9877	23.21	13.64	14.52	163.02	50.82	257.95	152.79	140.25	0	0	0	0	0	0	0	0	816.2	0
32.9977	20.9	13.64	12.1	147.4	44.44	257.95	150.7	146.52	3.41	4.62	0	0	0	0	0	0	793.65	8.03
33.0077	20.9	11.66	12.1	127.27	38.06	260.15	148.72	152.79	8.69	9.35	0	0	0	0	0	0	771.65	18.04
33.0177	20.9	9.68	12.1	109.34	33.88	262.35	144.65	159.06	17.49	18.7	0	0	0	0	0	0	751.96	36.19
33.0277	18.59	9.68	9.68	89.54	27.5	260.15	140.69	167.42	69.41	46.86	7.15	11.22	0	4.73	0	0	723.25	139.37
33.0377	16.17	7.7	9.68	69.63	21.12	257.95	134.64	174.13	146.96	96.47	16.72	19.8	0	9.46	5.06	0	691.02	294.47
33.0477	16.17	7.7	9.68	51.7	16.94	251.35	130.57	181.06	170.72	145.64	31.13	53.68	5.5	33.22	7.7	12.65	665.17	460.24
33.0577	11.55	5.83	7.26	36.19	12.65	235.95	122.54	187.99	212.41	182.71	55.11	71.94	8.25	62.04	12.76	16.94	619.96	622.16
33.0677	9.24	3.85	7.26	25.85	8.47	205.04	114.51	190.3	243.76	199.65	76.89	78.21	11	78.32	28.27	21.12	564.52	737.22
33.0777	4.62	0	4.84	17.16	6.27	156.86	103.62	190.3	246.18	197.23	82.39	78.21	13.75	83.82	41.03	25.41	483.67	768.02
33.0877	0	0	4.84	11.99	6.27	110.11	83.71	181.06	228.91	187.55	79.64	78.21	13.75	86.46	46.2	25.41	397.98	746.13
33.0977	0	0	0	6.82	8.47	74.25	65.56	159.06	219.34	182.71	82.39	78.21	13.75	91.96	51.37	27.5	314.16	747.23
33.1077	0	0	0	3.41	6.27	52.69	51.92	109.01	221.65	187.55	87.78	78.21	16.5	102.74	62.48	31.79	223.3	788.7
33.1177	0	0	0	0	4.18	39.05	42.68	70.62	236.28	194.81	98.67	81.29	19.25	113.63	74.36	35.97	156.53	854.26
33.1277	0	0	0	0	0	27.28	35.09	45.87	256.08	202.07	112.42	84.48	22	121.88	86.35	40.26	108.24	925.54
33.1377	0	0	0	0	0	19.47	25.96	26.4	273.24	209.33	126.28	84.48	24.75	127.27	101.2	44.44	71.83	990.99
33.1477	0	0	0	0	0	13.64	16.72	12.32	285.78	211.75	137.5	87.56	24.75	132.77	113.08	46.53	42.68	1039.72
33.1577	0	0	0	0	0	9.68	9.13	3.52	285.78	214.17	140.25	93.94	27.5	138.16	118.91	48.73	22.33	1067.44
33.1677	0	0	0	0	0	7.81	6.05	0	278.19	216.59	140.25	97.02	30.25	146.3	124.63	50.82	13.86	1084.05
33.1777	0	0	0	0	0	7.81	4.51	0	270.82	214.17	137.5	100.21	30.25	149.05	130.46	52.91	12.32	1085.37
33.1877	0	0	0	0	0	3.85	2.97	0	256.08	209.33	134.64	103.29	30.25	154.55	133.32	52.91	6.82	1074.37
33.1977	0	0	0	0	0	3.85	0	0	241.23	204.49	129.14	106.48	30.25	157.19	139.15	55.11	3.85	1063.04
33.2077	0	0	0	0	0	0	0	0	228.91	197.23	123.53	109.56	33	162.69	142.12	55.11	0	1052.15
33.2177	0	0	0	0	0	0	0	0	212.41	189.97	117.92	112.75	33	165.44	144.98	55.11	0	1031.58
33.2277	0	0	0	0	0	0	0	0	198.55	182.71	112.42	115.94	33	168.19	144.98	57.53	0	1013.32
33.2377	0	0	0	0	0	0	0	0	184.58	173.03	104.17	119.02	33	168.19	147.84	57.53	0	987.36
33.2477	0	0	0	0	0	0	0	0	168.41	163.13	98.67	119.02	33	170.83	147.84	57.53	0	958.43
33.2577	0	0	0	0	0	0	0	0	155.43	155.65	93.28	122.21	35.75	170.83	150.81	59.95	0	943.91
33.2677	0	0	0	0	0	0	0	0	144.87	145.64	87.78	122.21	35.75	173.47	150.81	59.95	0	920.48
33.2777	0	0	0	0	0	0	0	0	134.31	138.05	82.39	122.21	35.75	173.47	156.53	59.95	0	902.66
33.2877	0	0	0	0	0	0	0	0	125.84	130.57	76.89	125.4	35.75	176.22	156.53	62.37	0	889.57
33.2977	0	0	0	0	0	0	0	0	117.37	125.51	74.14	125.4	38.5	178.86	159.5	62.37	0	881.65
33.3077	0	0	0	0	0	0	0	0	109.45	118.03	68.75	128.48	38.5	181.61	162.36	62.37	0	869.55
33.3177	0	0	0	0	0	0	0	0	103.73	113.08	68.75	128.48	38.5	184.25	168.3	64.9	0	869.99
33.3277	0	0	0	0	0	0	0	0	98.01	108.24	63.25	131.67	41.25	187	174.24	67.32	0	870.98
33.3377	0	0	0	0	0	0	0	0	92.29	103.51	60.5	134.86	41.25	189.64	177.21	67.32	0	866.58
33.3477	0	0	0	0	0	0	0	0	84.7	96.47	57.75	137.94	44	195.03	186.12	69.74	0	871.75
33.3577	0	0	0	0	0	0	0	0	78.98	91.74	55.11	141.13	44	200.42	192.06	69.74	0	873.18
33.3677	0	0	0	0	0	0	0	0	73.15	87.01	50.27	144.32	44	205.81	201.08	74.69	0	880.33
33.3777	0	0	0	0	0	0	0	0	65.56	79.86	45.43	144.32	46.75	211.2	209.99	77.11	0	880.22
33.3877	0	0	0	0	0	0	0	0	57.97	72.82	43.12	147.51	49.5	216.59	221.98	79.53	0	889.02
33.3977	0	0	0	0	0	0	0	0	50.93	65.67	40.7	150.59	49.5	221.98	233.2	81.95	0	894.52
33.4077	0	0	0	0	0	0	0	0	43.89	58.63	33.44	153.78	52.25	230.34	244.53	84.48	0	901.34
33.4177	0	0	0	0	0	0	0	0	36.85	49.17	28.71	153.78	52.25	235.95	255.86	86.9	0	899.47
33.4277	0	0	0	0	0	0	0	0	31.57	39.82	23.87	156.97	55.11	241.45	267.19	91.74	0	907.72
33.4377	0	0	0	0	0	0	0	0	28.05	32.78	21.56	156.97	55.11	244.31	278.52	94.27	0	911.57
33.4477	0	0	0	0	0	0	0	0	24.53	25.74	19.14	160.05	55.11	249.92	290.4	96.69	0	921.58
33.4577	0	0	0	0	0	0	0	0	22.77	21.01	16.72	160.05	58.08	252.67	299.31	99.11	0	929.72
33.4677	0	0	0	0	0	0	0	0	19.25	13.97	14.3	156.97	55.11	258.28	308.22	101.53	0	927.63
33.4777	0	0	0	0	0	0	0	0	17.49	9.35	9.57	150.59	52.25	261.03	314.16	104.06	0	918.5
33.4877	0	0	0	0	0	0	0	0	13.97	4.62	7.15	144.32	49.5	263.89	320.1	106.48	0	910.03
33.4977	0	0	0	0	0	0	0	0	13.97	0	7.15	131.67	46.75	266.64	320.1	111.32	0	897.6
33.5077	4.62	0	0	0	0	0	0	0	13.97	0	4.73	115.94	41.25	269.39	323.07	116.05	4.62	884.4
33.5177	13.86	0	0	0	0	0	0	0	12.21	0	0	103.29	35.75	272.25	320.1	120.45	13.86	864.05
33.5277	48.73	0	0	0	0	0	0	0	10.45	0	0	84.48	27.5	275	317.13	124.96	48.73	839.52
33.5377	213.62	23.32	14.52	5.17	0	3.85	0	0	10.45	0	0	68.75	22	275	311.19	129.47	260.48	816.86
33.5477	259.6	46.75	31.46	11.99	4.18	7.81	0	0	10.45	0	0	53.68	13.75	272.25	299.31	133.87	361.79	783.31
33.5577	264.88	76.34	53.24	27.5	8.47	13.64	0	0	8.69	0	0	39.6	11	263.89	284.46	138.38	444.07	746.02
33.5677	272.58	113.85	81.73	44.77	14.74	23.43	4.51	0	6.93	0	0	31.02	8.25	247.06	267.19	140.58	555.61	701.03
33.5776	272.58	130.57	95.81	63.03	19.03	31.24	9.13	7.04	5.17	0	0	19.8	5.5	216.59	247.39	142.89	628.43	637.34
33.5876	280.39	136.84	105.27	74.03	21.12	41.03	12.21	8.8	3.41	0	0	11.22	0	178.86	224.73	142.89	679.69	561.11
33.5976	275.22	136.84	112.42	76.23	21.12	52.69	16.72	10.56	0	0	0	0	0	138.16	195.14	138.38	701.8	471.68
33.6076	275.22	138.93	119.79	80.63	25.41	65.34	22.88	14.08	0	0	0	0	0	105.49	153.67	129.47	742.28	388.63
33.6176	277.86	141.02	127.27	82.83	27.5	72.05	28.93	14.08	0	0	0	0	0	78.32	121.77	111.32	771.54	311.41
33.6276	287.98	145.2	139.59	85.03	31.68	80.96	35.09	15.84	0	0	0	0	5.5	54.56	95.26	84.48	821.37	239.8
33.6376	300.85	149.38	154.44	87.34	31.68	87.67	39.71	19.36	0	0	0	0	0	37.95	77.33	59.95	870.43	175.23
33.6476	311.08	155.65	164.34	91.74	35.97	94.49	42.68	21.12	0	0	0	0	0	28.49	65.45	44.44	917.07	138.38
33.6576	316.14	159.83	171.82	96.14	35.97	98.89	44.22	22.88	0	0	0	0	0	21.34	53.9	33.88	945.89	109.12
33.6676	318.67	161.92	174.24	100.54	38.06	103.4	45.76	22.88	0	0	0	0	0	16.61	43.67	25.41	965.47	85.69
33.6776	316.14	164.01	171.82	107.14	38.06	107.91	45.76	24.64	0	0	0	0	0	11.88	28.27	12.65	975.48	52.8
33.6876	308.44	166.1	169.29	113.85	38.06	110.11	45.76	24.64	0	0	0	0	0	4.73	12.76	4.18	976.25	21.67
33.6976	300.85	166.1	161.92	120.56	38.06	112.42	45.76	26.4	0	0	0	0	0	4.73	7.7	0	972.07	12.43
33.7076	290.62	166.1	154.44	127.27	38.06	116.6	45.76	26.4	0	0	0	0	0	0	5.06	0	965.25	5.06
33.7176	277.86	164.01	149.49	131.67	38.06	118.69	45.76	26.4	0	0	0	0	0	0	5.06	0	951.94	5.06
33.7276	267.41	161.92	142.12	136.18	38.06	118.69	45.76	26.4	0	0	0	0	0	0	0	0	936.54	0
33.7376	254.43	155.65	137.17	138.38	38.06	120.78	45.76	28.27	0	0	0	0	0	0	0	0	918.5	0
33.7476	241.45	151.47	129.69	140.69	40.15	120.78	45.76	28.27	0	0	0	0	0	0	0	0	898.26	0
33.7576	231.11	145.2	124.74	140.69	40.15	120.78	47.3	28.27	0	0	0	0	0	0	0	0	878.24	0
33.7676	220.88	138.93	119.79	138.38	40.15	120.78	48.84	30.03	0	0	0	0	0	0	0	0	857.78	0
33.7776	211.2	132.66	117.37	138.38	42.35	120.78	50.38	30.03	0	0	0	0	0	0	0	0	843.15	0
33.7876	203.94	126.39	114.84	138.38	42.35	120.78	51.92	30.03	0	0	0	0	0	0	0	0	828.63	0
33.7976	199.1	122.21	112.42	136.18	42.35	122.98	53.46	30.03	0	0	0	0	0	0	0	0	818.73	0
33.8076	191.73	118.03	110	136.18	42.35	122.98	55	30.03	0	0	0	0	0	0	0	0	806.3	0
33.8176	186.89	113.85	107.69	136.18	44.44	122.98	56.54	30.03	0	0	0	0	0	0	0	0	798.6	0
33.8276	179.63	109.34	107.69	136.18	46.53	125.07	58.3	31.79	0	0	0	0	0	0	0	0	794.53	0
33.8376	174.79	102.74	107.69	136.18	46.53	129.25	61.93	33.55	0	0	0	0	0	0	0	0	792.66	0
33.8476	169.95	100.54	107.69	138.38	48.62	131.45	63.69	33.55	0	0	0	0	0	0	0	0	793.87	0
33.8576	162.58	96.14	105.27	140.69	48.62	137.72	65.56	35.31	0	0	0	0	0	0	0	0	791.89	0
33.8676	155.21	93.94	102.96	145.09	50.82	142.01	70.95	37.07	0	0	0	0	0	0	0	0	798.05	0
33.8776	145.31	89.54	98.23	149.6	52.91	150.48	72.82	38.83	0	0	0	0	0	0	0	0	797.72	0
33.8876	135.52	85.14	93.5	156.31	52.91	158.95	76.45	42.35	0	0	0	0	0	0	0	0	801.13	0
33.8976	125.73	80.74	88.77	163.02	52.91	165.33	81.84	44.11	0	0	0	0	0	0	0	0	802.45	0
33.9076	113.41	74.14	81.73	167.64	55	176.33	85.47	47.63	0	0	0	0	0	0	0	0	801.35	0
33.9176	102.08	69.74	74.58	174.68	57.2	185.13	90.86	51.15	0	0	0	0	0	0	0	0	805.42	0
33.9276	91.08	63.14	67.54	179.41	57.2	194.04	96.36	54.67	0	0	0	0	0	0	0	0	803.44	0
33.9376	79.97	54.56	58.08	186.56	57.2	205.04	99.99	60.5	0	0	0	0	0	0	0	0	801.9	0
33.9476	68.97	48.73	48.4	191.29	59.4	213.84	107.25	66.55	0	0	0	0	0	0	0	0	804.43	0
33.9576	55.77	40.92	38.72	195.91	59.4	222.75	112.64	74.69	0	0	0	0	0	0	0	0	800.8	0
33.9676	46.42	33.11	29.04	198.33	59.4	231.55	118.47	80.74	0	0	0	0	0	0	0	0	797.06	0
33.9776	37.18	27.28	24.2	198.33	57.2	238.15	126.5	94.82	0	0	0	0	0	0	0	0	803.66	0
33.9876	34.76	23.32	21.78	195.91	57.2	244.75	132.55	104.94	0	0	0	0	0	0	0	0	815.21	0
33.9976	30.14	19.47	19.36	193.6	57.2	249.15	138.6	115.17	0	0	0	0	0	0	0	0	822.69	0
34.0076	25.52	17.49	16.94	188.87	55	253.55	142.67	121.44	0	0	0	0	0	0	0	0	821.48	0
34.0176	25.52	13.64	14.52	179.41	50.82	255.75	144.65	129.8	0	0	0	0	0	0	0	0	814.11	0
34.0276	23.21	13.64	14.52	167.64	48.62	257.95	146.74	138.16	0	0	0	0	0	0	0	0	810.48	0
34.0376	20.9	11.66	12.1	154.11	44.44	262.35	144.65	146.52	3.41	0	0	0	0	0	0	0	796.73	3.41
34.0476	20.9	11.66	12.1	136.18	38.06	264.55	142.67	152.79	8.69	6.93	0	0	0	0	0	0	778.91	15.62
34.0576	20.9	11.66	9.68	120.56	33.88	266.75	138.6	159.06	15.73	13.97	0	0	0	0	0	0	761.09	29.7
34.0676	18.59	9.68	9.68	102.74	27.5	268.95	132.55	163.24	38.61	30.47	4.73	8.47	0	0	0	0	732.93	82.28
34.0776	18.59	9.68	9.68	87.34	21.12	271.15	126.5	171.82	119.46	79.86	11.88	16.94	0	9.46	5.06	0	715.88	242.66
34.0876	16.17	7.7	9.68	67.43	16.94	268.95	118.47	178.75	157.63	133.1	23.87	50.82	5.5	30.8	10.23	8.47	684.09	420.42
34.0976	13.86	5.83	7.26	49.94	12.65	257.95	112.64	183.37	193.82	177.87	47.85	68.75	8.25	62.04	12.76	12.65	643.5	583.99
34.1076	9.24	5.83	7.26	36.19	8.47	235.95	107.25	190.3	233.86	204.49	74.14	81.29	11	81.07	28.27	19.03	600.49	733.15
34.1176	6.93	3.85	7.26	25.85	6.27	194.04	98.12	192.61	248.6	209.33	85.03	84.48	13.75	89.21	46.2	25.41	534.93	802.01
34.1276	0	3.85	4.84	18.92	6.27	137.72	85.47	187.99	236.28	202.07	85.03	84.48	13.75	94.6	51.37	27.5	445.06	795.08
34.1376	0	0	4.84	13.75	8.47	94.49	70.95	169.62	224.07	197.23	85.03	84.48	13.75	100.1	56.54	29.59	362.12	790.79
34.1476	0	0	0	8.58	6.27	65.34	58.3	131.89	224.07	199.65	90.53	87.56	16.5	113.63	68.42	31.79	270.38	832.15
34.1576	0	0	0	5.17	4.18	46.86	47.3	80.74	236.28	206.91	101.42	90.75	19.25	124.52	80.3	35.97	184.25	895.4
34.1676	0	0	0	0	0	35.09	39.71	49.39	253.55	216.59	115.17	93.94	22	132.77	92.29	40.26	124.19	966.57
34.1776	0	0	0	0	0	25.3	30.47	30.03	270.82	221.43	126.28	97.02	24.75	135.41	104.17	44.44	85.8	1024.32
34.1876	0	0	0	0	0	17.49	22.88	19.36	278.19	226.27	134.64	100.21	24.75	143.66	113.08	46.53	59.73	1067.33
34.1976	0	0	0	0	0	11.66	13.75	7.04	278.19	228.69	137.5	103.29	27.5	149.05	118.91	48.73	32.45	1091.86
34.2076	0	0	0	0	0	7.81	6.05	3.52	270.82	231.11	134.64	112.75	27.5	154.55	121.77	50.82	17.38	1103.96
34.2176	0	0	0	0	0	5.83	4.51	0	256.08	228.69	131.89	119.02	27.5	162.69	124.63	52.91	10.34	1103.41
34.2276	0	0	0	0	0	5.83	2.97	0	241.23	223.85	126.28	128.48	27.5	168.19	124.63	52.91	8.8	1093.07
34.2376	0	0	0	0	0	3.85	0	0	224.07	219.01	117.92	134.86	30.25	173.47	127.6	55.11	3.85	1082.29
34.2476	0	0	0	0	0	3.85	0	0	205.48	211.75	109.67	141.13	27.5	178.86	127.6	55.11	3.85	1057.1
34.2576	0	0	0	0	0	0	0	0	186.89	202.07	101.42	147.51	30.25	184.25	127.6	57.53	0	1037.52
34.2676	0	0	0	0	0	0	0	0	168.41	192.39	93.28	156.97	30.25	187	124.63	57.53	0	1010.46
34.2776	0	0	0	0	0	0	0	0	153.34	180.29	85.03	163.24	30.25	189.64	121.77	59.95	0	983.51
34.2876	0	0	0	0	0	0	0	0	136.4	170.61	74.14	172.81	30.25	192.39	121.77	59.95	0	958.32
34.2976	0	0	0	0	0	0	0	0	123.75	158.07	68.75	179.19	30.25	195.03	118.91	59.95	0	933.9
34.3076	0	0	0	0	0	0	0	0	111.43	148.06	60.5	185.57	30.25	197.67	115.94	59.95	0	909.37
34.3176	0	0	0	0	0	0	0	0	101.86	138.05	55.11	188.76	30.25	200.42	113.08	59.95	0	887.48
34.3276	0	0	0	0	0	0	0	0	92.29	128.04	50.27	195.14	30.25	203.06	113.08	62.37	0	874.5
34.3376	0	0	0	0	0	0	0	0	82.72	120.56	45.43	201.63	27.5	208.45	113.08	59.95	0	859.32
34.3476	0	0	0	0	0	0	0	0	73.15	110.66	40.7	208.01	30.25	211.2	113.08	62.37	0	849.42
34.3576	0	0	0	0	0	0	0	0	65.56	103.51	35.86	211.2	27.5	213.84	113.08	62.37	0	832.92
34.3676	0	0	0	0	0	0	0	0	57.97	96.47	33.44	217.58	30.25	219.23	115.94	62.37	0	833.25
34.3776	0	0	0	0	0	0	0	0	52.69	89.32	31.13	224.07	30.25	224.73	118.91	64.9	0	836
34.3876	0	0	0	0	0	0	0	0	43.89	79.86	26.29	229.79	30.25	230.34	121.77	64.9	0	827.09
34.3976	0	0	0	0	0	0	0	0	38.61	70.4	23.87	232.76	30.25	238.7	124.63	67.32	0	826.54
34.4076	0	0	0	0	0	0	0	0	35.09	65.67	21.56	238.59	30.25	244.31	127.6	67.32	0	830.39
34.4176	0	0	0	0	0	0	0	0	31.57	58.63	21.56	244.42	30.25	249.92	133.32	67.32	0	836.99
34.4276	0	0	0	0	0	0	0	0	28.05	53.9	19.14	250.14	33	258.28	139.15	69.74	0	851.4
34.4376	0	0	0	0	0	0	0	0	26.29	46.86	16.72	253.11	33	263.89	144.98	72.16	0	857.01
34.4476	0	0	0	0	0	0	0	0	24.53	42.13	16.72	258.94	33	269.39	147.84	74.69	0	867.24
34.4576	0	0	0	0	0	0	0	0	22.77	37.51	14.3	261.8	33	277.86	156.53	77.11	0	880.88
34.4676	0	0	0	0	0	0	0	0	21.01	32.78	11.88	264.77	33	286.33	159.5	77.11	0	886.38
34.4776	0	0	0	0	0	0	0	0	19.25	28.05	11.88	267.63	33	291.94	165.33	81.95	0	899.03
34.4876	0	0	0	0	0	0	0	0	19.25	25.74	9.57	267.63	35.75	297.55	171.27	84.48	0	911.24
34.4976	0	0	0	0	0	0	0	0	17.49	18.7	9.57	267.63	33	303.27	177.21	86.9	0	913.77
34.5076	0	0	0	0	0	0	0	0	13.97	13.97	7.15	267.63	33	311.74	180.18	91.74	0	919.38
34.5176	0	0	0	0	0	0	0	0	13.97	9.35	7.15	264.77	33	317.35	186.12	94.27	0	925.98
34.5276	0	0	0	0	0	0	0	0	12.21	6.93	4.73	258.94	30.25	322.96	189.09	99.11	0	924.22
34.5376	0	0	0	0	0	0	0	0	12.21	6.93	4.73	244.42	27.5	328.68	192.06	104.06	0	920.59
34.5476	0	0	0	0	0	0	0	0	12.21	4.62	4.73	224.07	24.75	331.54	192.06	106.48	0	900.46
34.5576	0	0	0	0	0	0	0	0	10.45	0	0	198.44	19.25	337.15	195.14	111.32	0	871.75
34.5676	6.93	0	0	0	0	0	0	0	10.45	0	0	172.81	16.5	342.76	195.14	118.25	6.93	855.91
34.5776	18.59	0	0	0	0	0	0	0	10.45	0	0	150.59	13.75	348.48	192.06	122.76	18.59	838.09
34.5876	55.77	5.83	0	0	0	0	0	0	8.69	0	0	125.4	11	354.09	189.09	129.47	61.6	817.74
34.5976	228.58	35.09	16.94	10.34	0	5.83	0	0	8.69	0	0	103.29	8.25	356.95	186.12	133.87	296.78	797.17
34.6076	259.6	56.54	33.88	17.16	6.27	9.68	0	0	6.93	0	0	78.21	5.5	354.09	180.18	140.58	383.13	765.49
34.6176	264.88	89.54	60.39	36.19	12.65	19.47	2.97	0	5.17	0	0	59.4	5.5	340.01	171.27	145.09	486.09	726.44
34.6276	270.05	118.03	91.08	53.35	19.03	29.26	7.59	3.52	3.41	0	0	45.21	0	308.88	159.5	149.6	591.91	666.6
34.6376	277.86	130.57	107.69	71.83	21.12	39.05	13.75	10.56	3.41	0	0	33.88	0	258.28	147.84	151.8	672.43	595.21
34.6476	290.62	132.66	119.79	71.83	23.21	48.84	19.8	10.56	0	0	0	22.55	0	203.06	136.29	151.8	717.31	513.7
34.6576	287.98	132.66	129.69	71.83	27.5	60.83	25.96	14.08	0	0	0	16.94	0	154.55	118.91	145.09	750.53	435.49
34.6676	290.62	132.66	139.59	71.83	29.59	69.74	32.01	15.84	0	0	0	14.08	0	113.63	104.17	127.16	781.88	359.04
34.6776	295.68	134.75	152.02	71.83	33.88	76.56	38.17	17.6	0	0	0	8.47	0	78.32	89.32	99.11	820.49	275.22
34.6876	305.91	138.93	166.87	71.83	35.97	80.96	42.68	21.12	0	0	0	0	0	56.98	77.33	74.69	864.27	209
34.6976	318.67	143.11	179.3	74.03	38.06	87.67	45.76	22.88	0	0	0	0	0	42.68	62.48	55.11	909.48	160.27
34.7076	328.9	147.29	189.31	78.43	40.15	92.18	48.84	24.64	0	0	0	0	0	30.8	53.9	42.35	949.74	127.05
34.7176	331.54	151.47	194.37	82.83	40.15	96.69	50.38	26.4	0	0	0	0	0	23.65	41.03	33.88	973.83	98.56
34.7276	334.07	153.56	196.79	87.34	40.15	101.2	50.38	28.27	0	0	0	0	0	16.61	23.1	16.94	991.76	56.65
34.7376	331.54	155.65	196.79	91.74	42.35	105.6	51.92	30.03	0	0	0	0	0	7.04	7.7	4.18	1005.62	18.92
34.7476	323.84	155.65	191.84	98.34	42.35	107.91	53.46	30.03	0	0	0	0	0	7.04	5.06	4.18	1003.42	16.28
34.7576	313.61	155.65	186.78	102.74	42.35	112.42	53.46	31.79	0	0	0	0	0	7.04	5.06	0	998.8	12.1
34.7676	303.38	153.56	179.3	104.94	42.35	114.51	53.46	31.79	0	0	0	0	0	4.73	0	0	983.29	4.73
34.7776	290.62	149.38	171.82	107.14	42.35	114.51	55	33.55	0	0	0	0	0	0	0	0	964.37	0
34.7876	277.86	143.11	166.87	109.34	44.44	114.51	56.54	33.55	0	0	0	0	0	0	0	0	946.22	0
34.7976	267.41	136.84	159.39	107.14	44.44	114.51	58.3	33.55	0	0	0	0	0	0	0	0	921.58	0
34.8076	254.43	130.57	154.44	107.14	46.53	114.51	60.06	35.31	0	0	0	0	0	0	0	0	902.99	0
34.8176	241.45	124.3	149.49	104.94	46.53	114.51	61.93	35.31	0	0	0	0	0	0	0	0	878.46	0
34.8276	231.11	118.03	144.54	104.94	46.53	114.51	63.69	35.31	0	0	0	0	0	0	0	0	858.66	0
34.8376	223.41	113.85	139.59	104.94	46.53	114.51	63.69	37.07	0	0	0	0	0	0	0	0	843.59	0
34.8476	213.62	109.34	134.64	104.94	48.62	114.51	65.56	37.07	0	0	0	0	0	0	0	0	828.3	0
34.8576	206.36	104.94	129.69	104.94	48.62	114.51	67.32	37.07	0	0	0	0	0	0	0	0	813.45	0
34.8676	196.68	100.54	124.74	104.94	48.62	116.6	69.19	38.83	0	0	0	0	0	0	0	0	800.14	0
34.8776	189.31	98.34	122.32	107.14	50.82	118.69	70.95	38.83	0	0	0	0	0	0	0	0	796.4	0
34.8876	182.05	93.94	119.79	109.34	50.82	120.78	72.82	40.59	0	0	0	0	0	0	0	0	790.13	0
34.8976	174.79	91.74	117.37	111.54	52.91	125.07	76.45	40.59	0	0	0	0	0	0	0	0	790.46	0
34.9076	167.53	89.54	114.84	113.85	52.91	129.25	78.21	42.35	0	0	0	0	0	0	0	0	788.48	0
34.9176	160.05	85.14	110	118.25	55	135.63	81.84	44.11	0	0	0	0	0	0	0	0	790.02	0
34.9276	150.26	82.94	107.69	122.76	55	142.01	85.47	47.63	0	0	0	0	0	0	0	0	793.76	0
34.9376	140.47	78.54	102.96	129.47	57.2	148.39	89.1	49.39	0	0	0	0	0	0	0	0	795.52	0
34.9476	130.57	74.14	98.23	133.98	59.4	154.66	92.73	52.91	0	0	0	0	0	0	0	0	796.62	0
34.9576	118.36	69.74	91.08	138.38	59.4	163.13	98.12	56.54	0	0	0	0	0	0	0	0	794.75	0
34.9676	108.68	63.14	84.04	145.09	61.71	171.93	103.62	60.5	0	0	0	0	0	0	0	0	798.71	0
34.9776	99.88	58.74	77	149.6	61.71	182.93	109.01	66.55	0	0	0	0	0	0	0	0	805.42	0
34.9876	86.68	52.58	67.54	156.31	64.02	191.73	114.51	72.6	0	0	0	0	0	0	0	0	805.97	0
34.9976	75.57	46.75	58.08	160.82	64.02	200.64	122.54	78.65	0	0	0	0	0	0	0	0	807.07	0
35.0075	62.37	38.94	45.98	165.33	64.02	211.64	128.59	84.81	0	0	0	0	0	0	0	0	801.68	0
35.0175	51.04	33.11	36.3	169.95	64.02	220.55	136.62	98.89	0	0	0	0	0	0	0	0	810.48	0
35.0275	39.49	27.28	29.04	172.37	64.02	229.35	144.65	106.92	0	0	0	0	0	0	0	0	813.12	0
35.0375	37.18	23.32	24.2	169.95	64.02	233.75	152.79	115.17	0	0	0	0	0	0	0	0	820.38	0
35.0475	32.45	19.47	21.78	167.64	61.71	240.35	158.84	123.53	0	0	0	0	0	0	0	0	825.77	0
35.0575	27.83	15.51	19.36	163.02	59.4	242.55	164.89	127.71	0	0	0	0	0	0	0	0	820.27	0
35.0675	25.52	11.66	16.94	156.31	57.2	244.75	166.87	136.07	0	0	0	0	0	0	0	0	815.32	0
35.0775	23.21	11.66	14.52	145.09	52.91	246.95	168.96	142.34	0	0	0	0	0	0	0	0	805.64	0
35.0875	23.21	11.66	12.1	131.67	48.62	246.95	166.87	148.61	0	0	0	0	0	0	0	0	789.69	0
35.0975	20.9	9.68	12.1	116.05	42.35	249.15	162.8	154.88	5.17	4.62	0	0	0	0	0	0	767.91	9.79
35.1075	20.9	9.68	12.1	100.54	35.97	251.35	158.84	163.24	13.97	11.66	0	0	0	0	0	0	752.62	25.63
35.1175	18.59	7.7	9.68	85.03	29.59	253.55	152.79	169.62	35.09	28.05	0	5.61	0	0	0	0	726.55	68.75
35.1275	16.17	7.7	9.68	69.63	23.21	253.55	144.65	176.44	113.3	70.4	9.57	16.94	0	9.46	0	0	701.03	219.67
35.1375	13.86	5.83	9.68	53.35	19.03	249.15	138.6	185.68	144.87	115.5	19.14	39.6	0	18.92	0	0	675.18	338.03
35.1475	13.86	5.83	7.26	39.6	14.74	238.15	130.57	192.61	179.96	158.07	38.28	56.54	5.5	37.95	0	6.27	642.62	482.57
35.1575	9.24	3.85	7.26	27.5	10.56	213.84	122.54	197.23	221.65	192.39	66	75.02	8.25	62.04	10.23	14.74	592.02	650.32
35.1675	6.93	3.85	7.26	18.92	8.47	174.13	110.88	199.43	253.55	204.49	82.39	81.29	11	78.32	30.8	23.21	529.87	765.05
35.1775	0	0	4.84	13.75	6.27	127.16	92.73	194.92	248.6	197.23	87.78	78.21	13.75	81.07	41.03	25.41	439.67	773.08
35.1875	0	0	0	8.58	6.27	85.47	72.82	174.13	231.44	187.55	87.78	78.21	16.5	86.46	46.2	29.59	347.27	763.73
35.1975	0	0	0	5.17	6.27	58.63	56.54	131.89	226.49	185.13	90.53	78.21	16.5	97.35	56.54	31.79	258.5	782.54
35.2075	0	0	0	0	4.18	42.9	45.76	80.74	236.28	192.39	101.42	81.29	19.25	108.24	71.39	35.97	173.58	846.23
35.2175	0	0	0	0	0	31.24	36.63	52.91	253.55	199.65	115.17	84.48	22	116.38	86.35	42.35	120.78	919.93
35.2275	0	0	0	0	0	21.45	27.5	30.03	273.24	206.91	129.14	84.48	24.75	124.52	101.2	44.44	78.98	988.68
35.2375	0	0	0	0	0	15.62	19.8	17.6	288.31	211.75	140.25	87.56	27.5	127.27	113.08	48.73	53.02	1044.45
35.2475	0	0	0	0	0	11.66	10.67	5.28	296.01	216.59	148.61	90.75	30.25	132.77	121.77	50.82	27.61	1087.57
35.2575	0	0	0	0	0	7.81	4.51	3.52	296.01	216.59	148.61	93.94	33	138.16	130.46	52.91	15.84	1109.68
35.2675	0	0	0	0	0	5.83	4.51	3.52	288.31	219.01	148.61	97.02	33	146.3	136.29	55.11	13.86	1123.65
35.2775	0	0	0	0	0	5.83	2.97	0	275.77	216.59	143	103.29	33	151.8	142.12	55.11	8.8	1120.68
35.2875	0	0	0	0	0	3.85	0	0	260.92	211.75	137.5	106.48	35.75	154.55	144.98	57.53	3.85	1109.46
35.2975	0	0	0	0	0	0	0	0	243.76	206.91	131.89	112.75	35.75	159.94	147.84	57.53	0	1096.37
35.3075	0	0	0	0	0	0	0	0	226.49	199.65	126.28	115.94	35.75	162.69	147.84	59.95	0	1074.59
35.3175	0	0	0	0	0	0	0	0	212.41	192.39	117.92	119.02	35.75	165.44	147.84	59.95	0	1050.72
35.3275	0	0	0	0	0	0	0	0	196.24	185.13	109.67	122.21	35.75	168.19	147.84	59.95	0	1024.98
35.3375	0	0	0	0	0	0	0	0	182.27	177.87	104.17	125.4	35.75	170.83	147.84	59.95	0	1004.08
35.3475	0	0	0	0	0	0	0	0	166.1	168.19	96.03	125.4	35.75	170.83	147.84	59.95	0	970.09
35.3575	0	0	0	0	0	0	0	0	153.34	160.6	90.53	128.48	38.5	170.83	147.84	62.37	0	952.49
35.3675	0	0	0	0	0	0	0	0	142.78	150.59	82.39	131.67	38.5	173.47	147.84	62.37	0	929.61
35.3775	0	0	0	0	0	0	0	0	132.22	143.11	76.89	134.86	35.75	173.47	147.84	62.37	0	906.51
35.3875	0	0	0	0	0	0	0	0	121.55	135.52	74.14	134.86	35.75	176.22	147.84	62.37	0	888.25
35.3975	0	0	0	0	0	0	0	0	113.3	128.04	68.75	137.94	38.5	178.86	150.81	62.37	0	878.57
35.4075	0	0	0	0	0	0	0	0	107.58	123.09	66	141.13	38.5	181.61	153.67	64.9	0	876.48
35.4175	0	0	0	0	0	0	0	0	99.99	115.5	63.25	141.13	38.5	184.25	156.53	64.9	0	864.05
35.4275	0	0	0	0	0	0	0	0	94.16	110.66	57.75	144.32	41.25	187	159.5	67.32	0	861.96
35.4375	0	0	0	0	0	0	0	0	88.44	105.93	55.11	147.51	41.25	189.64	165.33	67.32	0	860.53
35.4475	0	0	0	0	0	0	0	0	82.72	101.2	52.69	153.78	41.25	195.03	168.3	69.74	0	864.71
35.4575	0	0	0	0	0	0	0	0	75.13	96.47	50.27	156.97	41.25	203.06	177.21	72.16	0	872.52
35.4675	0	0	0	0	0	0	0	0	69.41	89.32	47.85	163.24	44	211.2	186.12	74.69	0	885.83
35.4775	0	0	0	0	0	0	0	0	63.69	84.59	43.12	166.43	46.75	216.59	192.06	77.11	0	890.34
35.4875	0	0	0	0	0	0	0	0	56.21	77.55	40.7	172.81	46.75	224.73	204.05	79.53	0	902.33
35.4975	0	0	0	0	0	0	0	0	50.93	72.82	35.86	179.19	46.75	233.09	209.99	81.95	0	910.58
35.5075	0	0	0	0	0	0	0	0	43.89	65.67	31.13	182.38	49.5	238.7	221.98	84.48	0	917.73
35.5175	0	0	0	0	0	0	0	0	38.61	56.21	28.71	188.76	49.5	247.06	230.45	89.32	0	928.62
35.5275	0	0	0	0	0	0	0	0	31.57	49.17	23.87	191.95	49.5	255.42	238.92	91.74	0	932.14
35.5375	0	0	0	0	0	0	0	0	28.05	39.82	19.14	198.44	52.25	261.03	247.39	94.27	0	940.39
35.5475	0	0	0	0	0	0	0	0	24.53	32.78	16.72	201.63	52.25	269.39	255.86	99.11	0	952.27
35.5575	0	0	0	0	0	0	0	0	22.77	25.74	14.3	204.82	52.25	275	261.47	101.53	0	957.88
35.5675	0	0	0	0	0	0	0	0	19.25	18.7	11.88	204.82	49.5	280.61	264.33	104.06	0	953.15
35.5775	0	0	0	0	0	0	0	0	17.49	11.66	9.57	201.63	46.75	289.08	264.33	108.9	0	949.41
35.5875	0	0	0	0	0	0	0	0	13.97	6.93	7.15	191.95	44	291.94	264.33	111.32	0	931.59
35.5975	0	0	0	0	0	0	0	0	13.97	4.62	4.73	179.19	38.5	300.41	261.47	116.05	0	918.94
35.6075	6.93	0	0	0	0	0	0	0	12.21	0	4.73	163.24	33	303.27	258.72	120.45	6.93	895.62
35.6175	18.59	0	0	0	0	0	0	0	12.21	0	0	144.32	27.5	308.88	253	124.96	18.59	870.87
35.6275	44.11	3.85	0	0	0	0	0	0	10.45	0	0	122.21	22	314.49	247.39	131.67	47.96	848.21
35.6375	179.63	23.32	14.52	5.17	0	3.85	0	0	10.45	0	0	103.29	16.5	317.35	241.67	136.18	226.49	825.44
35.6475	238.92	40.92	26.62	8.58	4.18	5.83	0	0	8.69	0	0	81.29	11	317.35	233.2	140.58	325.05	792.11
35.6575	244.09	60.94	45.98	18.92	6.27	9.68	0	0	8.69	0	0	59.4	8.25	311.74	221.98	147.29	385.88	757.35
35.6675	257.07	91.74	74.58	32.67	12.65	17.49	0	7.04	6.93	0	0	45.21	5.5	294.8	209.99	149.6	493.24	712.03
35.6775	257.07	109.34	91.08	46.53	16.94	25.3	4.51	12.32	5.17	0	0	31.02	5.5	266.64	192.06	154	563.09	654.39
35.6875	267.41	118.03	105.27	55.11	19.03	33.22	12.21	15.84	3.41	0	0	19.8	0	219.23	171.27	156.31	626.12	570.02
35.6975	270.05	115.94	114.84	55.11	21.12	41.03	16.72	17.6	0	0	0	11.22	0	173.47	150.81	154	652.41	489.5
35.7075	267.41	115.94	122.32	56.87	25.41	50.71	25.96	19.36	0	0	0	8.47	0	132.77	127.6	145.09	683.98	413.93
35.7175	272.58	118.03	134.64	56.87	27.5	58.63	32.01	21.12	0	0	0	5.61	0	97.35	110.22	129.47	721.38	342.65
35.7275	282.92	122.21	149.49	58.63	31.68	65.34	39.71	22.88	0	0	0	0	0	70.18	89.32	101.53	772.86	261.03
35.7375	300.85	126.39	169.29	60.83	35.97	72.05	45.76	26.4	0	0	0	0	0	52.25	77.33	77.11	837.54	206.69
35.7475	316.14	130.57	186.78	63.03	38.06	76.56	50.38	30.03	0	0	0	0	0	37.95	65.45	55.11	891.55	158.51
35.7575	326.37	134.75	201.85	65.23	40.15	83.27	53.46	31.79	0	0	0	0	0	28.49	53.9	42.35	936.87	124.74
35.7675	328.9	138.93	206.91	71.83	40.15	89.98	56.54	33.55	0	0	0	0	0	21.34	43.67	31.79	966.79	96.8
35.7775	328.9	141.02	211.86	76.23	42.35	96.69	58.3	35.31	0	0	0	0	0	14.19	25.63	16.94	990.66	56.76
35.7875	323.84	145.2	209.33	82.83	42.35	103.4	61.93	38.83	0	0	0	0	0	7.04	12.76	8.47	1007.71	28.27
35.7975	316.14	147.29	206.91	89.54	44.44	107.91	63.69	38.83	0	0	0	0	0	7.04	7.7	6.27	1014.75	21.01
35.8075	305.91	145.2	199.32	96.14	44.44	114.51	63.69	40.59	0	0	0	0	0	4.73	7.7	4.18	1009.8	16.61
35.8175	293.15	143.11	189.31	100.54	44.44	116.6	65.56	42.35	0	0	0	0	0	0	0	0	995.06	0
35.8275	280.39	141.02	181.83	104.94	44.44	120.78	65.56	42.35	0	0	0	0	0	0	0	0	981.31	0
35.8375	264.88	136.84	171.82	109.34	44.44	122.98	65.56	42.35	0	0	0	0	0	0	0	0	958.21	0
35.8475	249.26	130.57	161.92	111.54	44.44	122.98	65.56	42.35	0	0	0	0	0	0	0	0	928.62	0
35.8575	236.28	126.39	152.02	113.85	46.53	122.98	67.32	42.35	0	0	0	0	0	0	0	0	907.72	0
35.8675	220.88	120.12	142.12	113.85	46.53	122.98	67.32	42.35	0	0	0	0	0	0	0	0	876.15	0
35.8775	208.78	113.85	134.64	113.85	46.53	122.98	67.32	42.35	0	0	0	0	0	0	0	0	850.3	0
35.8875	199.1	109.34	127.27	116.05	46.53	125.07	69.19	44.11	0	0	0	0	0	0	0	0	836.66	0
35.8975	189.31	102.74	119.79	116.05	48.62	125.07	70.95	44.11	0	0	0	0	0	0	0	0	816.64	0
35.9075	179.63	98.34	114.84	118.25	48.62	125.07	70.95	44.11	0	0	0	0	0	0	0	0	799.81	0
35.9175	169.95	93.94	107.69	118.25	48.62	127.16	72.82	44.11	0	0	0	0	0	0	0	0	782.54	0
35.9275	162.58	89.54	105.27	120.56	50.82	129.25	72.82	45.87	0	0	0	0	0	0	0	0	776.71	0
35.9375	155.21	87.34	100.54	124.96	50.82	131.45	74.58	45.87	0	0	0	0	0	0	0	0	770.77	0
35.9475	147.84	85.14	95.81	129.47	50.82	135.63	78.21	47.63	0	0	0	0	0	0	0	0	770.55	0
35.9575	140.47	80.74	93.5	133.98	52.91	139.92	80.08	49.39	0	0	0	0	0	0	0	0	770.99	0
35.9675	130.57	76.34	88.77	138.38	52.91	146.19	83.71	51.15	0	0	0	0	0	0	0	0	768.02	0
35.9775	120.78	71.94	84.04	142.89	55	152.57	87.23	54.67	0	0	0	0	0	0	0	0	769.12	0
35.9875	113.41	67.54	79.31	147.4	57.2	158.95	90.86	58.52	0	0	0	0	0	0	0	0	773.19	0
35.9975	104.28	65.34	74.58	151.8	57.2	165.33	94.49	62.59	0	0	0	0	0	0	0	0	775.61	0
36.0075	95.48	58.74	69.85	158.51	57.2	174.13	98.12	66.55	0	0	0	0	0	0	0	0	778.58	0
36.0175	86.68	54.56	62.81	163.02	57.2	180.73	101.75	70.62	0	0	0	0	0	0	0	0	777.37	0
36.0275	77.77	50.6	55.77	167.64	59.4	191.73	105.38	76.67	0	0	0	0	0	0	0	0	784.96	0
36.0375	66.77	44.77	48.4	174.68	59.4	200.64	110.88	82.72	0	0	0	0	0	0	0	0	788.26	0
36.0475	57.97	38.94	41.14	179.41	59.4	209.44	116.49	94.82	0	0	0	0	0	0	0	0	797.61	0
36.0575	46.42	33.11	31.46	181.83	61.71	218.24	122.54	102.96	0	0	0	0	0	0	0	0	798.27	0
36.0675	39.49	27.28	26.62	184.14	59.4	224.95	128.59	113.08	0	0	0	0	0	0	0	0	803.55	0
36.0775	34.76	23.32	24.2	184.14	59.4	231.55	134.64	121.44	0	0	0	0	0	0	0	0	813.45	0
36.0875	32.45	19.47	21.78	184.14	59.4	238.15	140.69	129.8	0	0	0	0	0	0	0	0	825.88	0
36.0975	27.83	15.51	19.36	181.83	57.2	244.75	146.74	138.16	0	0	0	0	0	0	0	0	831.38	0
36.1075	25.52	13.64	16.94	177.1	55	246.95	148.72	146.52	0	0	0	0	0	0	0	0	830.39	0
36.1175	23.21	13.64	14.52	165.33	52.91	251.35	150.7	154.88	0	0	0	0	0	0	0	0	826.54	0
36.1275	23.21	11.66	14.52	154.11	48.62	253.55	150.7	161.15	0	0	0	0	0	0	0	0	817.52	0
36.1375	20.9	11.66	12.1	140.69	42.35	255.75	150.7	165.33	0	0	0	0	0	0	0	0	799.48	0
36.1475	20.9	9.68	12.1	122.76	38.06	255.75	146.74	169.62	6.93	6.93	0	0	0	0	0	0	775.61	13.86
36.1575	18.59	9.68	12.1	107.14	31.68	257.95	142.67	176.44	13.97	13.97	0	0	0	0	0	0	756.25	27.94
36.1675	18.59	7.7	9.68	91.74	27.5	260.15	136.62	183.37	31.57	28.05	0	8.47	0	0	0	0	735.35	68.09
36.1775	16.17	7.7	9.68	76.23	23.21	262.35	130.57	187.99	107.58	72.82	9.57	16.94	0	7.04	0	0	713.9	213.95
36.1875	13.86	5.83	9.68	58.63	16.94	260.15	122.54	192.61	149.16	113.08	19.14	39.6	0	18.92	5.06	6.27	680.24	351.23
36.1975	11.55	5.83	7.26	44.77	12.65	249.15	114.51	197.23	182.27	153.12	38.28	56.54	5.5	45.1	5.06	10.56	642.95	496.43
36.2075	9.24	3.85	7.26	32.67	10.56	227.15	105.38	201.74	228.91	185.13	68.75	71.94	8.25	67.54	17.93	19.03	597.85	667.48
36.2175	6.93	3.85	7.26	24.09	6.27	187.33	94.49	201.74	251.13	192.39	82.39	75.02	13.75	81.07	38.5	27.5	531.96	761.75
36.2275	0	0	4.84	17.16	6.27	133.54	80.08	194.92	246.18	185.13	87.78	75.02	13.75	86.46	46.2	29.59	436.81	770.11
36.2375	0	0	0	11.99	6.27	89.98	63.69	171.82	231.44	177.87	87.78	75.02	16.5	91.96	51.37	31.79	343.75	763.73
36.2475	0	0	0	6.82	6.27	58.63	51.92	127.71	228.91	177.87	90.53	75.02	16.5	102.74	62.48	35.97	251.35	790.02
36.2575	0	0	0	0	0	44.88	44.22	82.72	246.18	187.55	104.17	78.21	19.25	113.63	77.33	40.26	171.82	866.58
36.2675	0	0	0	0	0	33.22	35.09	54.67	268.4	197.23	120.78	81.29	22	119.13	89.32	44.44	122.98	942.59
36.2775	0	0	0	0	0	23.43	27.5	30.03	290.84	204.49	134.64	84.48	24.75	124.52	98.23	46.53	80.96	1008.48
36.2875	0	0	0	0	0	15.62	18.26	19.36	306.24	211.75	145.86	87.56	27.5	132.77	107.14	50.82	53.24	1069.64
36.2975	0	0	0	0	0	11.66	10.67	7.04	308.77	216.59	148.61	90.75	27.5	138.16	115.94	52.91	29.37	1099.23
36.3075	0	0	0	0	0	7.81	4.51	3.52	303.71	219.01	148.61	97.02	27.5	143.66	121.77	55.11	15.84	1116.39
36.3175	0	0	0	0	0	5.83	2.97	3.52	296.01	219.01	148.61	103.29	30.25	151.8	124.63	55.11	12.32	1128.71
36.3275	0	0	0	0	0	5.83	0	3.52	280.72	219.01	143	106.48	30.25	154.55	127.6	57.53	9.35	1119.14
36.3375	0	0	0	0	0	3.85	0	0	265.87	214.17	137.5	109.56	30.25	159.94	127.6	57.53	3.85	1102.42
36.3475	0	0	0	0	0	3.85	0	0	248.6	206.91	131.89	115.94	30.25	162.69	130.46	59.95	3.85	1086.69
36.3575	0	0	0	0	0	0	0	0	231.44	202.07	123.53	119.02	30.25	165.44	130.46	59.95	0	1062.16
36.3675	0	0	0	0	0	0	0	0	214.72	194.81	115.17	122.21	30.25	168.19	130.46	59.95	0	1035.76
36.3775	0	0	0	0	0	0	0	0	196.24	185.13	106.92	125.4	30.25	170.83	130.46	62.37	0	1007.6
36.3875	0	0	0	0	0	0	0	0	179.96	175.45	98.67	131.67	33	173.47	127.6	62.37	0	982.19
36.3975	0	0	0	0	0	0	0	0	163.9	165.66	90.53	134.86	33	173.47	127.6	62.37	0	951.39
36.4075	0	0	0	0	0	0	0	0	149.16	155.65	82.39	137.94	33	176.22	127.6	62.37	0	924.33
36.4175	0	0	0	0	0	0	0	0	134.31	145.64	76.89	144.32	33	178.86	127.6	64.9	0	905.52
36.4275	0	0	0	0	0	0	0	0	121.55	138.05	68.75	147.51	33	184.25	130.46	64.9	0	888.47
36.4374	0	0	0	0	0	0	0	0	111.43	130.57	63.25	150.59	33	187	130.46	64.9	0	871.2
36.4474	0	0	0	0	0	0	0	0	103.73	123.09	57.75	156.97	33	192.39	133.32	64.9	0	865.15
36.4574	0	0	0	0	0	0	0	0	94.16	115.5	55.11	163.24	33	197.67	133.32	67.32	0	859.32
36.4674	0	0	0	0	0	0	0	0	86.57	108.24	50.27	166.43	33	200.42	136.29	67.32	0	848.54
36.4774	0	0	0	0	0	0	0	0	80.85	103.51	47.85	172.81	33	208.45	139.15	69.74	0	855.36
36.4874	0	0	0	0	0	0	0	0	75.13	98.78	45.43	179.19	35.75	213.84	142.12	69.74	0	859.98
36.4974	0	0	0	0	0	0	0	0	69.41	94.05	43.12	185.57	35.75	219.23	144.98	69.74	0	861.85
36.5074	0	0	0	0	0	0	0	0	63.69	89.32	38.28	191.95	35.75	227.48	147.84	72.16	0	866.47
36.5174	0	0	0	0	0	0	0	0	56.21	84.59	35.86	198.44	35.75	235.95	153.67	74.69	0	875.16
36.5274	0	0	0	0	0	0	0	0	49.17	77.55	31.13	208.01	35.75	244.31	156.53	74.69	0	877.14
36.5374	0	0	0	0	0	0	0	0	42.13	70.4	28.71	214.39	35.75	249.92	162.36	77.11	0	880.77
36.5474	0	0	0	0	0	0	0	0	36.85	63.36	26.29	220.77	38.5	258.28	168.3	79.53	0	891.88
36.5574	0	0	0	0	0	0	0	0	33.33	56.21	21.56	226.93	38.5	266.64	174.24	81.95	0	899.36
36.5674	0	0	0	0	0	0	0	0	29.81	49.17	21.56	232.76	38.5	272.25	180.18	84.48	0	908.71
36.5774	0	0	0	0	0	0	0	0	26.29	42.13	19.14	238.59	38.5	280.61	189.09	86.9	0	921.25
36.5874	0	0	0	0	0	0	0	0	24.53	35.09	14.3	241.45	41.25	289.08	195.14	91.74	0	932.58
36.5974	0	0	0	0	0	0	0	0	22.77	30.47	14.3	244.42	41.25	294.8	201.08	94.27	0	943.36
36.6074	0	0	0	0	0	0	0	0	19.25	23.43	11.88	244.42	41.25	303.27	204.05	96.69	0	944.24
36.6174	0	0	0	0	0	0	0	0	17.49	16.39	9.57	244.42	38.5	308.88	207.02	99.11	0	941.38
36.6274	0	0	0	0	0	0	0	0	15.73	9.35	7.15	238.59	35.75	314.49	209.99	104.06	0	935.11
36.6374	0	0	0	0	0	0	0	0	13.97	6.93	4.73	226.93	33	320.21	207.02	106.48	0	919.27
36.6474	0	0	0	0	0	0	0	0	12.21	4.62	4.73	208.01	30.25	322.96	207.02	108.9	0	898.7
36.6574	0	0	0	0	0	0	0	0	12.21	4.62	4.73	188.76	24.75	325.82	204.05	113.85	0	878.79
36.6674	9.24	0	0	0	0	0	0	0	12.21	4.62	0	166.43	19.25	331.54	201.08	118.25	9.24	853.38
36.6774	23.21	3.85	0	0	0	0	0	0	10.45	0	0	141.13	16.5	337.15	198.11	124.96	27.06	828.3
36.6874	97.68	15.51	7.26	0	0	0	0	0	10.45	0	0	119.02	11	340.01	195.14	129.47	120.45	805.09
36.6974	264.88	44.77	24.2	11.99	0	7.81	0	0	8.69	0	0	97.02	8.25	340.01	189.09	133.87	353.65	776.93
36.7074	270.05	69.74	43.56	22.33	6.27	11.66	0	0	6.93	0	0	75.02	5.5	334.29	183.15	138.38	423.61	743.27
36.7174	277.86	111.54	77	43.01	14.74	23.43	2.97	0	5.17	0	0	53.68	5.5	314.49	174.24	142.89	550.55	695.97
36.7274	282.92	134.75	98.23	60.83	19.03	31.24	7.59	5.28	5.17	0	0	39.6	0	277.86	162.36	147.29	639.87	632.28
36.7374	293.15	143.11	110	71.83	21.12	41.03	13.75	8.8	5.17	0	0	28.27	0	221.98	147.84	147.29	702.79	550.55
36.7474	290.62	141.02	117.37	74.03	21.12	50.71	18.26	10.56	0	0	0	16.94	0	170.83	133.32	145.09	723.69	466.18
36.7574	282.92	141.02	124.74	76.23	25.41	63.03	24.42	12.32	0	0	0	11.22	0	127.27	113.08	133.87	750.09	385.44
36.7674	285.45	143.11	132.22	76.23	27.5	72.05	32.01	14.08	0	0	0	8.47	0	91.96	95.26	116.05	782.65	311.74
36.7774	293.15	147.29	144.54	78.43	31.68	80.96	38.17	15.84	0	0	0	5.61	0	64.79	83.27	84.48	830.06	238.15
36.7874	305.91	153.56	159.39	82.83	33.88	87.67	41.25	19.36	0	0	0	0	0	47.52	71.39	62.37	883.85	181.28
36.7974	316.14	157.74	169.29	87.34	35.97	94.49	45.76	21.12	0	0	0	0	0	35.64	59.51	44.44	927.85	139.59
36.8074	323.84	161.92	176.77	91.74	38.06	101.2	47.3	22.88	0	0	0	0	0	26.07	51.37	35.97	963.71	113.41
36.8174	326.37	168.3	181.83	98.34	38.06	105.6	48.84	22.88	0	0	0	0	0	21.34	41.03	27.5	990.22	89.87
36.8274	323.84	172.81	181.83	107.14	38.06	110.11	48.84	24.64	0	0	0	0	0	11.88	23.1	12.65	1007.27	47.63
36.8374	316.14	175.12	174.24	113.85	40.15	114.51	48.84	24.64	0	0	0	0	0	7.04	10.23	6.27	1007.49	23.54
36.8474	303.38	172.81	166.87	122.76	38.06	118.69	48.84	26.4	0	0	0	0	0	7.04	7.7	4.18	997.81	18.92
36.8574	287.98	172.81	159.39	129.47	40.15	120.78	48.84	26.4	0	0	0	0	0	4.73	5.06	0	985.82	9.79
36.8674	272.58	168.3	149.49	136.18	38.06	125.07	47.3	28.27	0	0	0	0	0	0	0	0	965.25	0
36.8774	257.07	164.01	139.59	142.89	38.06	125.07	47.3	28.27	0	0	0	0	0	0	0	0	942.26	0
36.8874	238.92	157.74	129.69	147.4	38.06	127.16	47.3	28.27	0	0	0	0	0	0	0	0	914.54	0
36.8974	225.94	151.47	122.32	151.8	38.06	127.16	47.3	28.27	0	0	0	0	0	0	0	0	892.32	0
36.9074	211.2	145.2	114.84	154.11	38.06	129.25	47.3	30.03	0	0	0	0	0	0	0	0	869.99	0
36.9174	199.1	138.93	110	156.31	40.15	129.25	47.3	30.03	0	0	0	0	0	0	0	0	851.07	0
36.9274	189.31	134.75	102.96	156.31	40.15	129.25	48.84	30.03	0	0	0	0	0	0	0	0	831.6	0
36.9374	179.63	128.48	100.54	158.51	40.15	131.45	48.84	30.03	0	0	0	0	0	0	0	0	817.63	0
36.9474	172.37	122.21	95.81	160.82	42.35	131.45	50.38	31.79	0	0	0	0	0	0	0	0	807.18	0
36.9574	162.58	118.03	88.77	163.02	42.35	133.54	51.92	31.79	0	0	0	0	0	0	0	0	792	0
36.9674	155.21	113.85	86.35	163.02	42.35	135.63	53.46	31.79	0	0	0	0	0	0	0	0	781.66	0
36.9774	150.26	109.34	84.04	165.33	42.35	137.72	53.46	33.55	0	0	0	0	0	0	0	0	776.05	0
36.9874	142.89	104.94	81.73	169.95	44.44	142.01	55	33.55	0	0	0	0	0	0	0	0	774.51	0
36.9974	135.52	100.54	79.31	172.37	44.44	144.1	56.54	35.31	0	0	0	0	0	0	0	0	768.13	0
37.0074	130.57	96.14	77	174.68	44.44	148.39	58.3	35.31	0	0	0	0	0	0	0	0	764.83	0
37.0174	123.2	91.74	74.58	179.41	46.53	154.66	60.06	37.07	0	0	0	0	0	0	0	0	767.25	0
37.0274	115.83	87.34	72.27	181.83	46.53	161.04	63.69	38.83	0	0	0	0	0	0	0	0	767.36	0
37.0374	108.68	82.94	69.85	188.87	48.62	167.53	67.32	42.35	0	0	0	0	0	0	0	0	776.16	0
37.0474	104.28	78.54	67.54	191.29	48.62	174.13	70.95	44.11	0	0	0	0	0	0	0	0	779.46	0
37.0574	95.48	74.14	62.81	198.33	48.62	182.93	74.58	45.87	0	0	0	0	0	0	0	0	782.76	0
37.0674	88.88	67.54	58.08	203.06	50.82	191.73	78.21	51.15	0	0	0	0	0	0	0	0	789.47	0
37.0774	79.97	63.14	53.24	210.1	50.82	200.64	81.84	54.67	0	0	0	0	0	0	0	0	794.42	0
37.0874	71.17	56.54	45.98	214.83	52.91	211.64	87.23	60.5	0	0	0	0	0	0	0	0	800.8	0
37.0974	62.37	48.73	38.72	221.98	52.91	220.55	92.73	68.64	0	0	0	0	0	0	0	0	806.63	0
37.1074	48.73	40.92	31.46	224.18	52.91	229.35	98.12	74.69	0	0	0	0	0	0	0	0	800.36	0
37.1174	41.8	33.11	26.62	226.49	52.91	238.15	105.38	84.81	0	0	0	0	0	0	0	0	809.27	0
37.1274	37.18	29.15	24.2	226.49	52.91	246.95	110.88	94.82	0	0	0	0	0	0	0	0	822.58	0
37.1374	32.45	25.3	19.36	226.49	52.91	253.55	116.49	109.01	0	0	0	0	0	0	0	0	835.56	0
37.1474	27.83	19.47	16.94	221.98	52.91	260.15	120.45	119.35	0	0	0	0	0	0	0	0	839.08	0
37.1574	25.52	15.51	14.52	214.83	50.82	264.55	124.52	129.8	0	0	0	0	0	0	0	0	840.07	0
37.1674	23.21	15.51	14.52	205.37	46.53	268.95	126.5	138.16	0	0	0	0	0	0	0	0	838.75	0
37.1774	23.21	13.64	12.1	188.87	42.35	271.15	126.5	146.52	0	0	0	0	0	0	0	0	824.34	0
37.1874	20.9	13.64	12.1	172.37	40.15	273.35	124.52	154.88	0	0	0	0	0	0	0	0	811.91	0
37.1974	20.9	11.66	12.1	151.8	33.88	275.55	122.54	163.24	0	0	0	0	0	0	0	0	791.67	0
37.2074	18.59	11.66	9.68	131.67	29.59	275.55	118.47	169.62	5.17	6.93	0	0	0	0	0	0	764.83	12.1
37.2174	18.59	9.68	9.68	111.54	25.41	277.86	114.51	178.75	12.21	13.97	0	0	0	0	0	0	746.02	26.18
37.2274	16.17	7.7	9.68	91.74	19.03	277.86	110.88	185.68	33.33	32.78	0	11.22	0	0	0	0	718.74	77.33
37.2374	13.86	7.7	7.26	71.83	16.94	275.55	107.25	190.3	115.28	84.59	9.57	19.8	0	9.46	5.06	0	690.69	243.76
37.2474	13.86	5.83	7.26	53.35	12.65	266.75	103.62	197.23	153.34	128.04	19.14	42.35	0	16.61	0	4.18	660.55	363.66
37.2574	9.24	5.83	7.26	39.6	8.47	244.75	99.99	204.05	186.89	163.13	38.28	59.4	5.5	45.1	0	12.65	619.19	510.95
37.2674	6.93	3.85	7.26	29.26	6.27	211.64	92.73	206.36	224.07	192.39	63.25	71.94	8.25	62.04	10.23	19.03	564.3	651.2
37.2774	0	0	4.84	22.33	6.27	158.95	83.71	201.74	248.6	199.65	76.89	78.21	11	75.68	33.33	25.41	477.84	748.77
37.2874	0	0	4.84	17.16	6.27	110.11	69.19	185.68	246.18	194.81	85.03	75.02	13.75	81.07	41.03	27.5	393.25	764.39
37.2974	0	0	0	11.99	6.27	74.25	56.54	150.7	241.23	189.97	90.53	75.02	16.5	89.21	48.73	29.59	299.75	780.78
37.3074	0	0	0	6.82	4.18	52.69	47.3	96.91	243.76	189.97	98.67	78.21	19.25	100.1	62.48	35.97	207.9	828.41
37.3174	0	0	0	0	0	39.05	38.17	66.55	258.5	197.23	112.42	81.29	19.25	110.99	77.33	40.26	143.77	897.27
37.3274	0	0	0	0	0	27.28	30.47	44.11	275.77	204.49	126.28	84.48	24.75	119.13	92.29	44.44	101.86	971.63
37.3374	0	0	0	0	0	19.47	21.34	24.64	293.48	211.75	137.5	84.48	24.75	127.27	104.17	48.73	65.45	1032.13
37.3474	0	0	0	0	0	15.62	12.21	8.8	301.07	216.59	145.86	87.56	27.5	132.77	115.94	50.82	36.63	1078.11
37.3574	0	0	0	0	0	11.66	4.51	3.52	301.07	219.01	148.61	93.94	30.25	138.16	124.63	52.91	19.69	1108.58
37.3674	0	0	0	0	0	9.68	2.97	3.52	296.01	221.43	148.61	97.02	30.25	146.3	133.32	55.11	16.17	1128.05
37.3774	0	0	0	0	0	7.81	2.97	0	285.78	221.43	145.86	103.29	33	151.8	136.29	57.53	10.78	1134.98
37.3874	0	0	0	0	0	7.81	0	0	268.4	216.59	140.25	109.56	33	157.19	139.15	57.53	7.81	1121.67
37.3974	0	0	0	0	0	5.83	0	0	251.13	211.75	134.64	115.94	33	162.69	142.12	59.95	5.83	1111.22
37.4074	0	0	0	0	0	5.83	0	0	231.44	204.49	126.28	119.02	33	168.19	142.12	59.95	5.83	1084.49
37.4174	0	0	0	0	0	3.85	0	0	212.41	194.81	115.17	125.4	33	170.83	142.12	59.95	3.85	1053.69
37.4274	0	0	0	0	0	3.85	0	0	191.51	187.55	106.92	128.48	33	173.47	142.12	62.37	3.85	1025.42
37.4374	0	0	0	0	0	0	0	0	175.34	177.87	98.67	134.86	33	178.86	142.12	62.37	0	1003.09
37.4474	0	0	0	0	0	0	0	0	157.63	168.19	90.53	141.13	33	178.86	139.15	62.37	0	970.86
37.4574	0	0	0	0	0	0	0	0	142.78	158.07	82.39	144.32	33	184.25	139.15	62.37	0	946.33
37.4674	0	0	0	0	0	0	0	0	127.93	148.06	74.14	147.51	33	187	139.15	62.37	0	919.16
37.4774	0	0	0	0	0	0	0	0	117.37	138.05	68.75	150.59	35.75	189.64	139.15	62.37	0	901.67
37.4874	0	0	0	0	0	0	0	0	107.58	130.57	60.5	153.78	33	189.64	139.15	62.37	0	876.59
37.4974	0	0	0	0	0	0	0	0	99.99	123.09	57.75	153.78	33	192.39	142.12	64.9	0	867.02
37.5074	0	0	0	0	0	0	0	0	94.16	115.5	55.11	156.97	35.75	195.03	144.98	64.9	0	862.4
37.5174	0	0	0	0	0	0	0	0	86.57	108.24	50.27	160.05	35.75	197.67	147.84	64.9	0	851.29
37.5274	0	0	0	0	0	0	0	0	80.85	103.51	47.85	166.43	35.75	203.06	150.81	67.32	0	855.58
37.5374	0	0	0	0	0	0	0	0	73.15	98.78	43.12	169.62	35.75	205.81	153.67	69.74	0	849.64
37.5474	0	0	0	0	0	0	0	0	67.43	94.05	40.7	172.81	38.5	211.2	159.5	69.74	0	853.93
37.5574	0	0	0	0	0	0	0	0	61.71	87.01	38.28	176	38.5	216.59	165.33	72.16	0	855.58
37.5674	0	0	0	0	0	0	0	0	52.69	79.86	33.44	182.38	38.5	224.73	174.24	74.69	0	860.53
37.5774	0	0	0	0	0	0	0	0	47.41	72.82	31.13	185.57	41.25	230.34	180.18	74.69	0	863.39
37.5874	0	0	0	0	0	0	0	0	40.37	65.67	26.29	188.76	41.25	235.95	189.09	77.11	0	864.49
37.5974	0	0	0	0	0	0	0	0	33.33	56.21	23.87	191.95	41.25	244.31	198.11	81.95	0	870.98
37.6074	0	0	0	0	0	0	0	0	29.81	49.17	21.56	195.14	44	249.92	209.99	84.48	0	884.07
37.6174	0	0	0	0	0	0	0	0	28.05	39.82	19.14	198.44	44	255.42	221.98	86.9	0	893.75
37.6274	0	0	0	0	0	0	0	0	24.53	32.78	16.72	198.44	46.75	261.03	230.45	89.32	0	900.02
37.6374	0	0	0	0	0	0	0	0	22.77	28.05	14.3	201.63	46.75	269.39	238.92	94.27	0	916.08
37.6474	0	0	0	0	0	0	0	0	21.01	23.43	11.88	198.44	46.75	272.25	247.39	96.69	0	917.84
37.6574	0	0	0	0	0	0	0	0	19.25	16.39	9.57	198.44	46.75	277.86	255.86	99.11	0	923.23
37.6674	0	0	0	0	0	0	0	0	15.73	11.66	9.57	191.95	46.75	280.61	261.47	101.53	0	919.27
37.6774	0	0	0	0	0	0	0	0	13.97	6.93	7.15	185.57	44	283.47	264.33	104.06	0	909.48
37.6874	0	0	0	0	0	0	0	0	13.97	4.62	4.73	169.62	41.25	286.33	267.19	106.48	0	894.19
37.6974	0	0	0	0	0	0	0	0	12.21	0	4.73	156.97	35.75	289.08	269.94	111.32	0	880
37.7074	4.62	0	0	0	0	0	0	0	12.21	0	0	141.13	33	289.08	267.19	113.85	4.62	856.46
37.7174	9.24	0	0	0	0	0	0	0	12.21	0	0	122.21	27.5	291.94	264.33	118.25	9.24	836.44
37.7274	32.45	0	0	0	0	0	0	0	10.45	0	0	106.48	22	291.94	261.47	122.76	32.45	815.1
37.7374	162.58	11.66	7.26	0	0	0	0	0	10.45	0	0	87.56	16.5	294.8	255.86	129.47	181.5	794.64
37.7474	264.88	36.96	26.62	8.58	0	5.83	0	0	8.69	0	0	68.75	11	291.94	247.39	133.87	342.87	761.64
37.7574	285.45	67.54	50.82	15.51	4.18	7.81	0	0	8.69	0	0	53.68	8.25	283.47	236.06	136.18	431.31	726.33
37.7674	295.68	107.14	81.73	39.6	12.65	21.45	0	0	6.93	0	0	36.74	5.5	263.89	221.98	140.58	558.25	675.62
37.7774	293.15	130.57	98.23	58.63	19.03	29.26	6.05	7.04	5.17	0	0	28.27	5.5	230.34	204.05	142.89	641.96	616.22
37.7874	295.68	134.75	110	69.63	19.03	35.09	10.67	7.04	0	0	0	16.94	5.5	184.25	183.15	142.89	681.89	532.73
37.7974	285.45	134.75	114.84	74.03	21.12	44.88	13.75	10.56	0	0	0	8.47	0	140.91	156.53	138.38	699.38	444.29
37.8074	282.92	134.75	124.74	78.43	23.21	58.63	19.8	12.32	0	0	0	0	0	108.24	127.6	127.16	734.8	363
37.8174	285.45	138.93	137.17	78.43	25.41	69.74	27.5	14.08	0	0	0	0	0	78.32	104.17	106.48	776.71	288.97
37.8274	300.85	143.11	154.44	80.63	29.59	78.76	35.09	15.84	0	0	0	0	0	54.56	86.35	79.53	838.31	220.44
37.8374	318.67	147.29	174.24	82.83	31.68	85.47	39.71	19.36	0	0	0	0	0	40.37	74.36	59.95	899.25	174.68
37.8474	331.54	151.47	189.31	85.03	33.88	92.18	44.22	21.12	0	0	0	0	0	28.49	62.48	42.35	948.75	133.32
37.8573	339.35	153.56	199.32	87.34	35.97	96.69	45.76	22.88	0	0	0	0	0	23.65	53.9	33.88	980.87	111.43
37.8673	341.99	155.65	201.85	89.54	35.97	101.2	47.3	24.64	0	0	0	0	0	18.92	41.03	25.41	998.14	85.36
37.8773	339.35	157.74	201.85	93.94	35.97	103.4	47.3	24.64	0	0	0	0	0	11.88	23.1	12.65	1004.19	47.63
37.8873	334.07	159.83	199.32	98.34	38.06	107.91	48.84	26.4	0	0	0	0	0	4.73	7.7	4.18	1012.77	16.61
37.8973	323.84	157.74	194.37	104.94	38.06	110.11	48.84	26.4	0	0	0	0	0	4.73	5.06	0	1004.3	9.79
37.9073	313.61	157.74	184.25	109.34	38.06	114.51	47.3	26.4	0	0	0	0	0	0	5.06	0	991.21	5.06
37.9173	298.21	155.65	176.77	116.05	38.06	116.6	48.84	28.27	0	0	0	0	0	0	0	0	978.45	0
37.9273	285.45	151.47	166.87	120.56	38.06	118.69	47.3	28.27	0	0	0	0	0	0	0	0	956.67	0
37.9373	270.05	149.38	156.97	124.96	38.06	120.78	47.3	30.03	0	0	0	0	0	0	0	0	937.53	0
37.9473	254.43	145.2	147.07	129.47	38.06	120.78	47.3	30.03	0	0	0	0	0	0	0	0	912.34	0
37.9573	238.92	138.93	139.59	131.67	38.06	120.78	45.76	30.03	0	0	0	0	0	0	0	0	883.74	0
37.9673	228.58	134.75	132.22	133.98	38.06	120.78	45.76	30.03	0	0	0	0	0	0	0	0	864.16	0
37.9773	216.04	130.57	124.74	136.18	38.06	120.78	45.76	30.03	0	0	0	0	0	0	0	0	842.16	0
37.9873	203.94	126.39	117.37	140.69	38.06	122.98	47.3	30.03	0	0	0	0	0	0	0	0	826.76	0
37.9973	194.15	122.21	112.42	142.89	38.06	122.98	45.76	30.03	0	0	0	0	0	0	0	0	808.5	0
38.0073	184.47	118.03	107.69	145.09	38.06	122.98	47.3	30.03	0	0	0	0	0	0	0	0	793.65	0
38.0173	177.21	113.85	102.96	149.6	40.15	127.16	47.3	31.79	0	0	0	0	0	0	0	0	790.02	0
38.0273	167.53	109.34	98.23	151.8	40.15	129.25	48.84	31.79	0	0	0	0	0	0	0	0	776.93	0
38.0373	160.05	107.14	95.81	156.31	40.15	131.45	50.38	31.79	0	0	0	0	0	0	0	0	773.08	0
38.0473	152.68	102.74	91.08	160.82	40.15	135.63	50.38	33.55	0	0	0	0	0	0	0	0	767.03	0
38.0573	145.31	98.34	88.77	167.64	42.35	142.01	51.92	35.31	0	0	0	0	0	0	0	0	771.65	0
38.0673	135.52	96.14	86.35	174.68	44.44	146.19	55	35.31	0	0	0	0	0	0	0	0	773.63	0
38.0773	130.57	91.74	81.73	179.41	44.44	152.57	56.54	37.07	0	0	0	0	0	0	0	0	774.07	0
38.0873	123.2	87.34	79.31	186.56	44.44	158.95	60.06	38.83	0	0	0	0	0	0	0	0	778.69	0
38.0973	113.41	82.94	74.58	191.29	46.53	165.33	61.93	40.59	0	0	0	0	0	0	0	0	776.6	0
38.1073	106.48	78.54	72.27	198.33	46.53	174.13	65.56	42.35	0	0	0	0	0	0	0	0	784.19	0
38.1173	99.88	74.14	67.54	205.37	48.62	182.93	69.19	45.87	0	0	0	0	0	0	0	0	793.54	0
38.1273	93.28	69.74	62.81	212.52	48.62	189.53	70.95	47.63	0	0	0	0	0	0	0	0	795.08	0
38.1373	82.17	63.14	55.77	219.56	50.82	198.44	76.45	49.39	0	0	0	0	0	0	0	0	795.74	0
38.1473	73.37	56.54	48.4	226.49	50.82	207.24	80.08	54.67	0	0	0	0	0	0	0	0	797.61	0
38.1573	64.57	50.6	43.56	233.31	50.82	216.04	83.71	60.5	0	0	0	0	0	0	0	0	803.11	0
38.1673	53.35	42.79	33.88	237.82	52.91	224.95	89.1	66.55	0	0	0	0	0	0	0	0	801.35	0
38.1773	44.11	36.96	26.62	240.13	52.91	233.75	94.49	74.69	0	0	0	0	0	0	0	0	803.66	0
38.1873	39.49	31.13	24.2	240.13	52.91	242.55	101.75	82.72	0	0	0	0	0	0	0	0	814.88	0
38.1973	34.76	25.3	21.78	240.13	52.91	249.15	107.25	92.84	0	0	0	0	0	0	0	0	824.12	0
38.2073	30.14	21.34	19.36	235.51	50.82	255.75	112.64	109.01	0	0	0	0	0	0	0	0	834.57	0
38.2173	25.52	15.51	16.94	228.69	48.62	262.35	116.49	119.35	0	0	0	0	0	0	0	0	833.47	0
38.2273	25.52	15.51	14.52	217.25	46.53	266.75	118.47	127.71	0	0	0	0	0	0	0	0	832.26	0
38.2373	23.21	13.64	14.52	203.06	42.35	271.15	118.47	133.98	3.41	4.62	0	0	0	0	0	0	820.38	8.03
38.2473	23.21	13.64	12.1	184.14	38.06	275.55	116.49	142.34	8.69	9.35	0	0	0	0	0	0	805.53	18.04
38.2573	20.9	11.66	12.1	165.33	33.88	277.86	114.51	152.79	13.97	16.39	0	0	0	0	0	0	789.03	30.36
38.2673	18.59	11.66	9.68	142.89	27.5	281.82	110.88	161.15	28.05	28.05	0	5.61	0	0	0	0	764.17	61.71
38.2773	18.59	9.68	9.68	118.25	23.21	283.91	107.25	169.62	90.42	65.67	9.57	14.08	0	4.73	0	0	740.19	184.47
38.2873	16.17	9.68	9.68	93.94	19.03	281.82	103.62	178.75	136.4	113.08	19.14	42.35	0	21.34	5.06	6.27	712.69	343.64
38.2973	13.86	7.7	7.26	67.43	14.74	271.15	101.75	185.68	173.03	153.12	38.28	59.4	5.5	49.83	0	10.56	669.57	489.72
38.3073	11.55	5.83	7.26	44.77	10.56	251.35	98.12	192.61	219.34	187.55	68.75	71.94	8.25	67.54	15.4	16.94	622.05	655.71
38.3173	9.24	3.85	7.26	31.02	6.27	213.84	92.73	197.23	243.76	199.65	82.39	78.21	11	83.82	35.97	23.21	561.44	758.01
38.3273	4.62	3.85	4.84	20.68	6.27	154.66	81.84	192.61	243.76	197.23	85.03	81.29	13.75	86.46	43.67	25.41	469.37	776.6
38.3373	0	0	4.84	15.51	6.27	103.4	67.32	176.44	231.44	192.39	85.03	81.29	13.75	94.6	48.73	27.5	373.78	774.73
38.3473	0	0	0	10.34	6.27	67.54	53.46	138.16	226.49	192.39	87.78	84.48	16.5	105.49	56.54	29.59	275.77	799.26
38.3573	0	0	0	5.17	4.18	46.86	44.22	84.81	233.86	202.07	96.03	87.56	19.25	116.38	68.42	33.88	185.24	857.45
38.3673	0	0	0	0	0	35.09	35.09	54.67	251.13	211.75	106.92	93.94	19.25	124.52	77.33	35.97	124.85	920.81
38.3773	0	0	0	0	0	23.43	27.5	31.79	268.4	219.01	120.78	97.02	22	132.77	89.32	40.26	82.72	989.56
38.3873	0	0	0	0	0	17.49	18.26	19.36	283.25	226.27	129.14	100.21	24.75	138.16	98.23	44.44	55.11	1044.45
38.3973	0	0	0	0	0	11.66	10.67	7.04	285.78	228.69	134.64	106.48	24.75	143.66	104.17	44.44	29.37	1072.61
38.4073	0	0	0	0	0	7.81	4.51	3.52	280.72	231.11	134.64	112.75	24.75	149.05	110.22	46.53	15.84	1089.77
38.4173	0	0	0	0	0	7.81	2.97	3.52	268.4	231.11	129.14	119.02	27.5	154.55	113.08	48.73	14.3	1091.53
38.4273	0	0	0	0	0	5.83	0	0	253.55	228.69	123.53	125.4	27.5	159.94	113.08	50.82	5.83	1082.51
38.4373	0	0	0	0	0	3.85	0	0	233.86	221.43	117.92	134.86	27.5	165.44	113.08	50.82	3.85	1064.91
38.4473	0	0	0	0	0	3.85	0	0	217.03	214.17	109.67	141.13	27.5	168.19	115.94	50.82	3.85	1044.45
38.4573	0	0	0	0	0	0	0	0	200.86	206.91	101.42	147.51	27.5	173.47	113.08	52.91	0	1023.66
38.4673	0	0	0	0	0	0	0	0	182.27	197.23	93.28	153.78	27.5	176.22	113.08	52.91	0	996.27
38.4773	0	0	0	0	0	0	0	0	163.9	187.55	85.03	160.05	27.5	178.86	110.22	52.91	0	966.02
38.4873	0	0	0	0	0	0	0	0	149.16	177.87	79.64	166.43	27.5	181.61	110.22	52.91	0	945.34
38.4973	0	0	0	0	0	0	0	0	136.4	165.66	71.39	172.81	27.5	184.25	107.14	55.11	0	920.26
38.5073	0	0	0	0	0	0	0	0	125.84	155.65	66	179.19	30.25	187	107.14	55.11	0	906.18
38.5173	0	0	0	0	0	0	0	0	113.3	145.64	57.75	182.38	30.25	187	107.14	55.11	0	878.57
38.5273	0	0	0	0	0	0	0	0	103.73	138.05	52.69	188.76	30.25	192.39	107.14	55.11	0	868.12
38.5373	0	0	0	0	0	0	0	0	96.14	130.57	50.27	195.14	27.5	195.03	107.14	57.53	0	859.32
38.5473	0	0	0	0	0	0	0	0	88.44	123.09	47.85	201.63	30.25	197.67	107.14	57.53	0	853.6
38.5573	0	0	0	0	0	0	0	0	82.72	115.5	45.43	204.82	30.25	205.81	110.22	59.95	0	854.7
38.5673	0	0	0	0	0	0	0	0	75.13	110.66	43.12	211.2	30.25	208.45	113.08	59.95	0	851.84
38.5773	0	0	0	0	0	0	0	0	69.41	105.93	40.7	214.39	30.25	213.84	118.91	62.37	0	855.8
38.5873	0	0	0	0	0	0	0	0	65.56	101.2	38.28	220.77	33	221.98	121.77	62.37	0	864.93
38.5973	0	0	0	0	0	0	0	0	61.71	96.47	35.86	224.07	33	227.48	127.6	64.9	0	871.09
38.6073	0	0	0	0	0	0	0	0	56.21	89.32	33.44	226.93	33	233.09	133.32	67.32	0	872.63
38.6173	0	0	0	0	0	0	0	0	50.93	84.59	31.13	232.76	35.75	241.45	139.15	67.32	0	883.08
38.6273	0	0	0	0	0	0	0	0	43.89	75.13	28.71	235.62	35.75	247.06	147.84	69.74	0	883.74
38.6373	0	0	0	0	0	0	0	0	38.61	68.09	26.29	238.59	38.5	255.42	156.53	72.16	0	894.19
38.6473	0	0	0	0	0	0	0	0	33.33	60.94	23.87	241.45	38.5	261.03	165.33	74.69	0	899.14
38.6573	0	0	0	0	0	0	0	0	29.81	51.59	21.56	244.42	41.25	266.64	174.24	77.11	0	906.62
38.6673	0	0	0	0	0	0	0	0	26.29	44.55	19.14	247.28	41.25	275	186.12	81.95	0	921.58
38.6773	0	0	0	0	0	0	0	0	24.53	37.51	16.72	250.14	41.25	283.47	195.14	84.48	0	933.24
38.6873	0	0	0	0	0	0	0	0	21.01	30.47	14.3	250.14	41.25	289.08	204.05	89.32	0	939.62
38.6973	0	0	0	0	0	0	0	0	19.25	25.74	11.88	247.28	44	294.8	212.96	91.74	0	947.65
38.7073	0	0	0	0	0	0	0	0	17.49	18.7	9.57	244.42	41.25	300.41	218.9	96.69	0	947.43
38.7173	0	0	0	0	0	0	0	0	15.73	11.66	7.15	235.62	41.25	306.02	227.59	99.11	0	944.13
38.7273	0	0	0	0	0	0	0	0	13.97	6.93	7.15	224.07	38.5	308.88	230.45	101.53	0	931.48
38.7373	0	0	0	0	0	0	0	0	13.97	4.62	4.73	208.01	35.75	308.88	230.45	106.48	0	912.89
38.7473	0	0	0	0	0	0	0	0	12.21	4.62	4.73	185.57	30.25	311.74	230.45	108.9	0	888.47
38.7573	4.62	0	0	0	0	0	0	0	12.21	0	0	163.24	24.75	314.49	230.45	113.85	4.62	858.99
38.7673	13.86	0	0	0	0	0	0	0	10.45	0	0	144.32	19.25	317.35	227.59	118.25	13.86	837.21
38.7773	48.73	0	0	0	0	0	0	0	10.45	0	0	122.21	16.5	320.21	224.73	122.76	48.73	816.86
38.7873	213.62	21.34	14.52	0	0	3.85	0	0	10.45	0	0	100.21	13.75	320.21	218.9	127.16	253.33	790.68
38.7973	267.41	44.77	31.46	11.99	0	7.81	0	0	8.69	0	0	81.29	8.25	320.21	215.93	131.67	363.44	766.04
38.8073	282.92	78.54	58.08	25.85	8.47	15.62	0	0	6.93	0	0	59.4	8.25	308.88	204.05	136.18	469.48	723.69
38.8173	287.98	111.54	86.35	48.18	16.94	25.3	4.51	0	6.93	0	0	45.21	5.5	289.08	195.14	140.58	580.8	682.44
38.8273	290.62	128.48	100.54	65.23	19.03	33.22	10.67	5.28	5.17	0	0	33.88	5.5	249.92	180.18	142.89	653.07	617.54
38.8373	287.98	128.48	107.69	71.83	21.12	41.03	13.75	7.04	0	0	0	22.55	5.5	200.42	162.36	145.09	678.92	535.92
38.8473	280.39	128.48	112.42	76.23	23.21	54.67	19.8	8.8	0	0	0	14.08	0	157.19	139.15	142.89	704	453.31
38.8573	275.22	130.57	122.32	80.63	25.41	67.54	25.96	12.32	0	0	0	8.47	0	116.38	115.94	129.47	739.97	370.26
38.8673	280.39	132.66	134.64	82.83	29.59	76.56	33.55	14.08	0	0	0	5.61	0	83.82	95.26	104.06	784.3	288.75
38.8773	293.15	138.93	147.07	85.03	33.88	87.67	39.71	17.6	0	0	0	0	0	59.4	80.3	79.53	843.04	219.23
38.8873	305.91	143.11	161.92	87.34	35.97	94.49	44.22	19.36	0	0	0	0	0	42.68	68.42	57.53	892.32	168.63
38.8973	313.61	147.29	174.24	91.74	35.97	101.2	47.3	21.12	0	0	0	0	0	33.22	59.51	42.35	932.47	135.08
38.9073	318.67	151.47	179.3	96.14	38.06	107.91	48.84	22.88	0	0	0	0	0	23.65	51.37	33.88	963.27	108.9
38.9173	318.67	153.56	181.83	102.74	40.15	112.42	50.38	24.64	0	0	0	0	0	18.92	38.5	25.41	984.39	82.83
38.9273	313.61	155.65	181.83	109.34	40.15	118.69	50.38	26.4	0	0	0	0	0	11.88	17.93	10.56	996.05	40.37
38.9373	305.91	157.74	176.77	116.05	40.15	122.98	51.92	26.4	0	0	0	0	0	4.73	5.06	4.18	997.92	13.97
38.9473	295.68	157.74	169.29	124.96	40.15	127.16	51.92	28.27	0	0	0	0	0	4.73	5.06	4.18	995.17	13.97
38.9573	282.92	155.65	161.92	131.67	40.15	131.45	51.92	28.27	0	0	0	0	0	0	0	0	983.95	0
38.9673	267.41	153.56	154.44	136.18	40.15	133.54	51.92	30.03	0	0	0	0	0	0	0	0	967.23	0
38.9773	254.43	149.38	147.07	142.89	40.15	135.63	50.38	30.03	0	0	0	0	0	0	0	0	949.96	0
38.9873	241.45	143.11	139.59	145.09	40.15	135.63	50.38	30.03	0	0	0	0	0	0	0	0	925.43	0
38.9973	225.94	138.93	132.22	147.4	40.15	135.63	50.38	30.03	0	0	0	0	0	0	0	0	900.68	0
39.0073	216.04	132.66	124.74	149.6	40.15	137.72	50.38	30.03	0	0	0	0	0	0	0	0	881.32	0
39.0173	203.94	128.48	117.37	149.6	40.15	135.63	51.92	30.03	0	0	0	0	0	0	0	0	857.12	0
39.0273	194.15	122.21	112.42	149.6	42.35	135.63	53.46	31.79	0	0	0	0	0	0	0	0	841.61	0
39.0373	186.89	115.94	107.69	149.6	42.35	135.63	53.46	31.79	0	0	0	0	0	0	0	0	823.35	0
39.0473	179.63	111.54	102.96	149.6	42.35	135.63	55	31.79	0	0	0	0	0	0	0	0	808.5	0
39.0573	172.37	107.14	100.54	149.6	42.35	135.63	56.54	31.79	0	0	0	0	0	0	0	0	795.96	0
39.0673	167.53	102.74	98.23	147.4	44.44	135.63	58.3	31.79	0	0	0	0	0	0	0	0	786.06	0
39.0773	160.05	98.34	95.81	147.4	44.44	135.63	58.3	33.55	0	0	0	0	0	0	0	0	773.52	0
39.0873	157.63	93.94	95.81	147.4	46.53	137.72	60.06	33.55	0	0	0	0	0	0	0	0	772.64	0
39.0973	150.26	91.74	93.5	147.4	46.53	139.92	63.69	33.55	0	0	0	0	0	0	0	0	766.59	0
39.1073	145.31	87.34	91.08	149.6	48.62	142.01	65.56	35.31	0	0	0	0	0	0	0	0	764.83	0
39.1173	137.94	82.94	91.08	149.6	48.62	146.19	69.19	37.07	0	0	0	0	0	0	0	0	762.63	0
39.1273	133.1	78.54	88.77	151.8	50.82	150.48	74.58	38.83	0	0	0	0	0	0	0	0	766.92	0
39.1373	125.73	76.34	86.35	154.11	50.82	156.86	78.21	42.35	0	0	0	0	0	0	0	0	770.77	0
39.1473	118.36	71.94	84.04	156.31	52.91	163.13	83.71	45.87	0	0	0	0	0	0	0	0	776.27	0
39.1573	110.99	67.54	81.73	160.82	55	171.93	89.1	49.39	0	0	0	0	0	0	0	0	786.5	0
39.1673	104.28	63.14	77	163.02	57.2	180.73	96.36	52.91	0	0	0	0	0	0	0	0	794.64	0
39.1773	95.48	56.54	69.85	167.64	57.2	187.33	101.75	58.52	0	0	0	0	0	0	0	0	794.31	0
39.1873	86.68	50.6	65.12	172.37	59.4	196.24	107.25	64.57	0	0	0	0	0	0	0	0	802.23	0
39.1973	75.57	46.75	58.08	177.1	61.71	207.24	114.51	70.62	0	0	0	0	0	0	0	0	811.58	0
39.2073	64.57	40.92	45.98	179.41	61.71	213.84	120.45	78.65	0	0	0	0	0	0	0	0	805.53	0
39.2173	53.35	35.09	38.72	181.83	61.71	222.75	128.59	86.79	0	0	0	0	0	0	0	0	808.83	0
39.2273	41.8	29.15	29.04	184.14	64.02	229.35	136.62	102.96	0	0	0	0	0	0	0	0	817.08	0
39.2373	37.18	23.32	24.2	184.14	64.02	238.15	144.65	113.08	0	0	0	0	0	0	0	0	828.74	0
39.2473	32.45	19.47	21.78	181.83	61.71	242.55	150.7	121.44	0	0	0	0	0	0	0	0	831.93	0
39.2573	30.14	17.49	19.36	174.68	59.4	244.75	156.75	129.8	0	0	0	0	0	0	0	0	832.37	0
39.2673	25.52	13.64	16.94	165.33	57.2	246.95	158.84	138.16	0	0	0	0	0	0	0	0	822.58	0
39.2773	23.21	11.66	14.52	154.11	52.91	249.15	160.82	146.52	0	0	0	0	0	0	0	0	812.9	0
39.2872	23.21	11.66	12.1	136.18	46.53	249.15	160.82	152.79	0	0	0	0	0	0	0	0	792.44	0
39.2972	20.9	9.68	12.1	118.25	40.15	249.15	158.84	159.06	6.93	4.62	0	0	0	0	0	0	768.13	11.55
39.3072	20.9	9.68	12.1	100.54	35.97	251.35	154.77	165.33	15.73	9.35	0	0	0	0	0	0	750.64	25.08
39.3172	18.59	7.7	9.68	82.83	29.59	249.15	150.7	171.82	42.13	28.05	4.73	5.61	0	0	0	0	720.06	80.52
39.3272	16.17	7.7	9.68	65.23	23.21	249.15	144.65	176.44	130.02	79.86	11.88	19.8	0	9.46	0	0	692.23	251.02
39.3372	16.17	5.83	9.68	49.94	19.03	242.55	140.69	181.06	170.72	138.05	23.87	50.82	0	23.65	7.7	6.27	664.95	421.08
39.3472	13.86	3.85	7.26	36.19	12.65	229.35	134.64	187.99	203.17	187.55	45.43	81.29	8.25	47.52	5.06	10.56	625.79	588.83
39.3572	11.55	3.85	7.26	24.09	10.56	202.84	128.59	192.61	231.44	206.91	66	97.02	8.25	70.18	12.76	14.74	581.35	707.3
39.3672	6.93	0	7.26	15.51	6.27	158.95	116.49	194.92	241.23	209.33	74.14	100.21	11	81.07	25.63	21.12	506.33	763.73
39.3772	0	0	4.84	8.58	6.27	114.51	96.36	187.99	231.44	202.07	76.89	100.21	13.75	86.46	38.5	23.21	418.55	772.53
39.3872	0	0	4.84	5.17	6.27	78.76	72.82	169.62	226.49	199.65	82.39	100.21	16.5	97.35	48.73	27.5	337.48	798.82
39.3972	0	0	0	0	6.27	52.69	56.54	125.62	231.44	204.49	87.78	106.48	16.5	108.24	59.51	31.79	241.12	846.23
39.4072	0	0	0	0	4.18	39.05	44.22	74.69	243.76	211.75	98.67	109.56	19.25	116.38	71.39	35.97	162.14	906.73
39.4172	0	0	0	0	0	29.26	36.63	45.87	260.92	219.01	112.42	109.56	22	124.52	80.3	38.06	111.76	966.79
39.4272	0	0	0	0	0	19.47	27.5	26.4	275.77	226.27	123.53	115.94	24.75	132.77	92.29	42.35	73.37	1033.67
39.4372	0	0	0	0	0	13.64	19.8	15.84	278.19	231.11	129.14	119.02	24.75	140.91	101.2	44.44	49.28	1068.76
39.4472	0	0	0	0	0	9.68	10.67	5.28	275.77	231.11	129.14	125.4	27.5	149.05	107.14	46.53	25.63	1091.64
39.4572	0	0	0	0	0	5.83	4.51	5.28	265.87	233.53	129.14	134.86	27.5	154.55	110.22	48.73	15.62	1104.4
39.4672	0	0	0	0	0	5.83	2.97	3.52	253.55	233.53	123.53	144.32	27.5	162.69	110.22	48.73	12.32	1104.07
39.4772	0	0	0	0	0	3.85	2.97	3.52	238.81	231.11	117.92	153.78	27.5	168.19	110.22	50.82	10.34	1098.35
39.4872	0	0	0	0	0	0	0	0	221.65	223.85	112.42	163.24	27.5	173.47	110.22	50.82	0	1083.17
39.4972	0	0	0	0	0	0	0	0	205.48	219.01	104.17	172.81	27.5	176.22	107.14	52.91	0	1065.24
39.5072	0	0	0	0	0	0	0	0	189.2	209.33	96.03	179.19	27.5	178.86	104.17	52.91	0	1037.19
39.5172	0	0	0	0	0	0	0	0	173.03	202.07	87.78	185.57	27.5	181.61	101.2	52.91	0	1011.67
39.5272	0	0	0	0	0	0	0	0	159.72	192.39	82.39	191.95	27.5	184.25	98.23	52.91	0	989.34
39.5372	0	0	0	0	0	0	0	0	146.96	182.71	74.14	198.44	27.5	184.25	95.26	52.91	0	962.17
39.5472	0	0	0	0	0	0	0	0	134.31	173.03	68.75	204.82	27.5	184.25	95.26	52.91	0	940.83
39.5572	0	0	0	0	0	0	0	0	123.75	163.13	63.25	208.01	27.5	187	92.29	52.91	0	917.84
39.5672	0	0	0	0	0	0	0	0	115.28	155.65	57.75	211.2	27.5	187	92.29	52.91	0	899.58
39.5772	0	0	0	0	0	0	0	0	107.58	145.64	52.69	214.39	27.5	187	92.29	52.91	0	880
39.5872	0	0	0	0	0	0	0	0	101.86	140.58	50.27	217.58	27.5	189.64	92.29	55.11	0	874.83
39.5972	0	0	0	0	0	0	0	0	96.14	135.52	47.85	217.58	27.5	192.39	92.29	55.11	0	864.38
39.6072	0	0	0	0	0	0	0	0	92.29	130.57	47.85	220.77	27.5	195.03	92.29	55.11	0	861.41
39.6172	0	0	0	0	0	0	0	0	88.44	128.04	45.43	220.77	27.5	195.03	95.26	55.11	0	855.58
39.6272	0	0	0	0	0	0	0	0	86.57	125.51	45.43	224.07	27.5	197.67	98.23	55.11	0	860.09
39.6372	0	0	0	0	0	0	0	0	84.7	123.09	45.43	226.93	27.5	200.42	101.2	57.53	0	866.8
39.6472	0	0	0	0	0	0	0	0	80.85	118.03	43.12	232.76	30.25	205.81	104.17	57.53	0	872.52
39.6572	0	0	0	0	0	0	0	0	77	115.5	43.12	232.76	30.25	211.2	107.14	57.53	0	874.5
39.6672	0	0	0	0	0	0	0	0	73.15	110.66	43.12	238.59	30.25	219.23	113.08	59.95	0	888.03
39.6772	0	0	0	0	0	0	0	0	69.41	105.93	40.7	241.45	33	224.73	118.91	62.37	0	896.5
39.6872	0	0	0	0	0	0	0	0	63.69	101.2	40.7	244.42	33	233.09	127.6	64.9	0	908.6
39.6972	0	0	0	0	0	0	0	0	59.84	96.47	38.28	247.28	35.75	238.7	133.32	67.32	0	916.96
39.7072	0	0	0	0	0	0	0	0	54.45	89.32	35.86	253.11	38.5	247.06	142.12	69.74	0	930.16
39.7172	0	0	0	0	0	0	0	0	49.17	82.28	31.13	255.97	38.5	258.28	150.81	72.16	0	938.3
39.7272	0	0	0	0	0	0	0	0	42.13	72.82	28.71	261.8	38.5	263.89	159.5	77.11	0	944.46
39.7372	0	0	0	0	0	0	0	0	35.09	60.94	23.87	264.77	38.5	275	171.27	79.53	0	948.97
39.7472	0	0	0	0	0	0	0	0	29.81	51.59	21.56	267.63	41.25	280.61	177.21	81.95	0	951.61
39.7572	0	0	0	0	0	0	0	0	26.29	39.82	16.72	270.6	41.25	289.08	189.09	84.48	0	957.33
39.7672	0	0	0	0	0	0	0	0	22.77	35.09	14.3	270.6	41.25	297.55	195.14	89.32	0	966.02
39.7772	0	0	0	0	0	0	0	0	21.01	28.05	11.88	267.63	41.25	303.27	204.05	94.27	0	971.41
39.7872	0	0	0	0	0	0	0	0	17.49	18.7	9.57	261.8	38.5	311.74	207.02	96.69	0	961.51
39.7972	0	0	0	0	0	0	0	0	15.73	9.35	7.15	250.14	38.5	314.49	212.96	99.11	0	947.43
39.8072	0	0	0	0	0	0	0	0	13.97	9.35	7.15	235.62	33	317.35	212.96	101.53	0	930.93
39.8172	6.93	0	0	0	0	0	0	0	13.97	6.93	4.73	217.58	30.25	322.96	212.96	106.48	6.93	915.86
39.8272	20.9	0	0	0	0	0	0	0	12.21	4.62	4.73	191.95	24.75	328.68	212.96	111.32	20.9	891.22
39.8372	79.97	7.7	4.84	0	0	0	0	0	10.45	4.62	0	166.43	19.25	331.54	209.99	116.05	92.51	858.33
39.8472	244.09	38.94	24.2	10.34	4.18	7.81	2.97	0	10.45	4.62	0	141.13	13.75	334.29	207.02	120.45	332.53	831.71
39.8572	259.6	60.94	41.14	18.92	6.27	11.66	0	0	8.69	0	0	112.75	11	334.29	204.05	127.16	398.53	797.94
39.8672	262.24	93.94	65.12	36.19	12.65	19.47	4.51	0	8.69	0	0	84.48	8.25	325.82	198.11	129.47	494.12	754.82
39.8772	262.24	115.94	84.04	49.94	16.94	27.28	9.13	5.28	6.93	0	0	59.4	5.5	306.02	189.09	136.18	570.79	703.12
39.8872	267.41	126.39	95.81	65.23	19.03	35.09	13.75	8.8	5.17	0	0	42.35	5.5	272.25	180.18	140.58	631.51	646.03
39.8972	270.05	128.48	102.96	69.63	21.12	41.03	16.72	8.8	3.41	0	0	28.27	0	219.23	165.33	142.89	658.79	559.13
39.9072	264.88	128.48	107.69	71.83	23.21	50.71	19.8	10.56	0	0	0	16.94	0	168.19	144.98	140.58	677.16	470.69
39.9172	267.41	130.57	114.84	76.23	25.41	60.83	25.96	14.08	0	0	0	8.47	0	127.27	118.91	131.67	715.33	386.32
39.9272	272.58	134.75	122.32	78.43	29.59	67.54	30.47	14.08	0	0	0	5.61	0	91.96	98.23	113.85	749.76	309.65
39.9372	285.45	141.02	134.64	82.83	31.68	76.56	35.09	17.6	0	0	0	0	0	64.79	83.27	84.48	804.87	232.54
39.9472	298.21	149.38	144.54	87.34	33.88	83.27	38.17	19.36	0	0	0	0	0	47.52	71.39	64.9	854.15	183.81
39.9572	305.91	155.65	154.44	93.94	35.97	89.98	41.25	21.12	0	0	0	0	0	35.64	59.51	46.53	898.26	141.68
39.9672	308.44	161.92	159.39	100.54	35.97	96.69	42.68	21.12	0	0	0	0	0	26.07	51.37	35.97	926.75	113.41
39.9772	308.44	166.1	159.39	109.34	38.06	101.2	44.22	22.88	0	0	0	0	0	21.34	41.03	27.5	949.63	89.87
39.9872	305.91	170.61	159.39	118.25	38.06	107.91	45.76	24.64	0	0	0	0	0	14.19	25.63	14.74	970.53	54.56
39.9972	298.21	170.61	154.44	124.96	38.06	110.11	45.76	24.64	0	0	0	0	0	9.46	10.23	8.47	966.79	28.16
40.0072	287.98	170.61	149.49	131.67	38.06	114.51	45.76	26.4	0	0	0	0	0	7.04	7.7	6.27	964.48	21.01
40.0172	277.86	168.3	144.54	138.38	38.06	118.69	45.76	28.27	0	0	0	0	0	4.73	5.06	4.18	959.86	13.97
40.0272	267.41	166.1	139.59	142.89	40.15	120.78	45.76	28.27	0	0	0	0	0	0	0	0	950.95	0
40.0372	254.43	161.92	132.22	147.4	40.15	120.78	45.76	28.27	0	0	0	0	0	0	0	0	930.93	0
40.0472	241.45	157.74	127.27	151.8	40.15	122.98	45.76	28.27	0	0	0	0	0	0	0	0	915.42	0
40.0572	228.58	153.56	119.79	154.11	40.15	122.98	45.76	28.27	0	0	0	0	0	0	0	0	893.2	0
40.0672	216.04	147.29	112.42	158.51	40.15	122.98	45.76	30.03	0	0	0	0	0	0	0	0	873.18	0
40.0772	203.94	143.11	105.27	163.02	40.15	125.07	45.76	30.03	0	0	0	0	0	0	0	0	856.35	0
40.0872	194.15	138.93	100.54	165.33	40.15	125.07	45.76	30.03	0	0	0	0	0	0	0	0	839.96	0
40.0972	184.47	134.75	95.81	169.95	40.15	127.16	45.76	30.03	0	0	0	0	0	0	0	0	828.08	0
40.1072	174.79	130.57	91.08	174.68	40.15	129.25	45.76	30.03	0	0	0	0	0	0	0	0	816.31	0
40.1172	167.53	126.39	86.35	179.41	40.15	129.25	45.76	30.03	0	0	0	0	0	0	0	0	804.87	0
40.1272	160.05	122.21	84.04	181.83	42.35	131.45	45.76	30.03	0	0	0	0	0	0	0	0	797.72	0
40.1372	155.21	120.12	81.73	186.56	42.35	133.54	45.76	31.79	0	0	0	0	0	0	0	0	797.06	0
40.1472	150.26	115.94	77	188.87	42.35	135.63	47.3	31.79	0	0	0	0	0	0	0	0	789.14	0
40.1572	142.89	111.54	77	193.6	42.35	139.92	47.3	33.55	0	0	0	0	0	0	0	0	788.15	0
40.1672	137.94	107.14	72.27	198.33	42.35	142.01	48.84	33.55	0	0	0	0	0	0	0	0	782.43	0
40.1772	130.57	104.94	69.85	205.37	44.44	146.19	50.38	33.55	0	0	0	0	0	0	0	0	785.29	0
40.1872	125.73	98.34	67.54	207.79	44.44	152.57	51.92	35.31	0	0	0	0	0	0	0	0	783.64	0
40.1972	115.83	91.74	65.12	212.52	46.53	156.86	53.46	35.31	0	0	0	0	0	0	0	0	777.37	0
40.2072	106.48	87.34	62.81	217.25	46.53	163.13	56.54	37.07	0	0	0	0	0	0	0	0	777.15	0
40.2172	99.88	80.74	58.08	219.56	48.62	171.93	61.93	38.83	0	0	0	0	0	0	0	0	779.57	0
40.2272	93.28	74.14	55.77	224.18	50.82	180.73	65.56	40.59	0	0	0	0	0	0	0	0	785.07	0
40.2372	84.48	67.54	50.82	228.69	50.82	189.53	70.95	44.11	0	0	0	0	0	0	0	0	786.94	0
40.2472	73.37	58.74	43.56	231	52.91	200.64	78.21	47.63	0	0	0	0	0	0	0	0	786.06	0
40.2572	64.57	52.58	38.72	235.51	52.91	211.64	83.71	52.91	0	0	0	0	0	0	0	0	792.55	0
40.2672	53.35	44.77	31.46	237.82	52.91	222.75	90.86	58.52	0	0	0	0	0	0	0	0	792.44	0
40.2772	44.11	36.96	24.2	240.13	55	233.75	98.12	66.55	0	0	0	0	0	0	0	0	798.82	0
40.2872	37.18	31.13	21.78	240.13	55	242.55	105.38	76.67	0	0	0	0	0	0	0	0	809.82	0
40.2972	34.76	25.3	19.36	237.82	52.91	251.35	110.88	86.79	0	0	0	0	0	0	0	0	819.17	0
40.3072	30.14	21.34	16.94	233.31	52.91	257.95	116.49	102.96	0	0	0	0	0	0	0	0	832.04	0
40.3172	25.52	17.49	14.52	228.69	50.82	264.55	120.45	113.08	0	0	0	0	0	0	0	0	835.12	0
40.3272	25.52	15.51	14.52	217.25	48.62	268.95	122.54	123.53	0	0	0	0	0	0	0	0	836.44	0
40.3372	23.21	15.51	12.1	203.06	44.44	271.15	124.52	129.8	0	0	0	0	0	0	0	0	823.79	0
40.3472	20.9	13.64	12.1	186.56	40.15	271.15	122.54	138.16	0	0	0	0	0	0	0	0	805.2	0
40.3572	20.9	11.66	12.1	165.33	35.97	273.35	120.45	144.43	0	0	0	0	0	0	0	0	784.19	0
40.3672	20.9	11.66	9.68	142.89	31.68	273.35	118.47	152.79	3.41	0	0	0	0	0	0	0	761.42	3.41
40.3772	18.59	11.66	9.68	122.76	27.5	273.35	116.49	161.15	10.45	9.35	0	0	0	0	0	0	741.18	19.8
40.3872	16.17	9.68	9.68	100.54	23.21	273.35	112.64	165.33	33.33	25.74	0	8.47	0	4.73	0	0	710.6	72.27
40.3972	16.17	7.7	7.26	80.63	19.03	268.95	110.88	171.82	136.4	79.86	9.57	19.8	0	11.88	5.06	0	682.44	262.57
40.4072	13.86	7.7	7.26	58.63	14.74	260.15	107.25	178.75	179.96	143.11	21.56	50.82	0	26.07	0	4.18	648.34	425.7
40.4172	9.24	5.83	7.26	43.01	10.56	240.35	103.62	181.06	214.72	197.23	43.12	75.02	5.5	59.4	0	12.65	600.93	607.64
40.4272	6.93	5.83	7.26	32.67	8.47	205.04	98.12	183.37	256.08	233.53	68.75	93.94	8.25	83.82	10.23	16.94	547.69	771.54
40.4372	0	3.85	4.84	24.09	8.47	152.57	85.47	178.75	275.77	240.79	76.89	97.02	8.25	91.96	23.1	23.21	458.04	836.99
40.4472	0	0	4.84	18.92	8.47	105.6	70.95	161.15	258.5	231.11	76.89	97.02	11	100.1	33.33	25.41	369.93	833.36
40.4572	0	0	0	13.75	6.27	69.74	56.54	123.53	238.81	221.43	76.89	97.02	13.75	105.49	41.03	29.59	269.83	824.01
40.4672	0	0	0	8.58	4.18	48.84	47.3	76.67	228.91	221.43	76.89	100.21	13.75	116.38	48.73	31.79	185.57	838.09
40.4772	0	0	0	3.41	0	37.07	38.17	51.15	233.86	228.69	85.03	106.48	16.5	127.27	59.51	35.97	129.8	893.31
40.4872	0	0	0	0	0	27.28	30.47	31.79	243.76	235.95	93.28	112.75	19.25	138.16	68.42	38.06	89.54	949.63
40.4972	0	0	0	0	0	19.47	22.88	22.88	256.08	240.79	104.17	115.94	22	146.3	80.3	42.35	65.23	1007.93
40.5072	0	0	0	0	0	13.64	15.18	10.56	260.92	245.63	109.67	122.21	22	154.55	89.32	44.44	39.38	1048.74
40.5172	0	0	0	0	0	7.81	6.05	5.28	260.92	245.63	112.42	128.48	22	159.94	92.29	46.53	19.14	1068.21
40.5272	0	0	0	0	0	5.83	0	5.28	253.55	248.05	112.42	134.86	24.75	168.19	95.26	48.73	11.11	1085.81
40.5372	0	0	0	0	0	5.83	0	3.52	241.23	243.21	106.92	144.32	24.75	173.47	98.23	48.73	9.35	1080.86
40.5472	0	0	0	0	0	3.85	0	3.52	224.07	238.37	101.42	150.59	24.75	178.86	98.23	50.82	7.37	1067.11
40.5572	0	0	0	0	0	3.85	0	0	207.79	231.11	96.03	156.97	24.75	181.61	98.23	50.82	3.85	1047.31
40.5672	0	0	0	0	0	0	0	0	193.82	221.43	87.78	160.05	24.75	184.25	98.23	50.82	0	1021.13
40.5772	0	0	0	0	0	0	0	0	177.65	211.75	82.39	166.43	24.75	187	95.26	50.82	0	996.05
40.5872	0	0	0	0	0	0	0	0	163.9	204.49	74.14	169.62	24.75	187	95.26	50.82	0	969.98
40.5972	0	0	0	0	0	0	0	0	153.34	194.81	68.75	172.81	24.75	187	95.26	50.82	0	947.54
40.6072	0	0	0	0	0	0	0	0	142.78	185.13	63.25	176	24.75	187	95.26	50.82	0	924.99
40.6172	0	0	0	0	0	0	0	0	134.31	175.45	60.5	176	27.5	187	95.26	52.91	0	908.93
40.6272	0	0	0	0	0	0	0	0	125.84	165.66	55.11	176	27.5	187	98.23	52.91	0	888.25
40.6372	0	0	0	0	0	0	0	0	119.46	158.07	52.69	176	27.5	187	98.23	52.91	0	871.86
40.6472	0	0	0	0	0	0	0	0	113.3	153.12	52.69	176	27.5	187	101.2	52.91	0	863.72
40.6572	0	0	0	0	0	0	0	0	107.58	145.64	50.27	176	30.25	189.64	104.17	52.91	0	856.46
40.6672	0	0	0	0	0	0	0	0	103.73	140.58	50.27	176	30.25	189.64	107.14	55.11	0	852.72
40.6772	0	0	0	0	0	0	0	0	101.86	135.52	50.27	176	30.25	192.39	110.22	55.11	0	851.62
40.6872	0	0	0	0	0	0	0	0	99.99	133.1	52.69	176	30.25	195.03	115.94	57.53	0	860.53
40.6972	0	0	0	0	0	0	0	0	98.01	130.57	52.69	176	33	197.67	121.77	57.53	0	867.24
40.7072	0	0	0	0	0	0	0	0	98.01	128.04	52.69	176	33	203.06	127.6	59.95	0	878.35
40.7171	0	0	0	0	0	0	0	0	96.14	125.51	55.11	179.19	35.75	208.45	136.29	62.37	0	898.81
40.7271	0	0	0	0	0	0	0	0	94.16	123.09	55.11	182.38	35.75	213.84	142.12	64.9	0	911.35
40.7371	0	0	0	0	0	0	0	0	90.42	120.56	52.69	188.76	38.5	224.73	150.81	67.32	0	933.79
40.7471	0	0	0	0	0	0	0	0	82.72	115.5	50.27	195.14	41.25	235.95	159.5	72.16	0	952.49
40.7571	0	0	0	0	0	0	0	0	75.13	108.24	47.85	201.63	41.25	244.31	168.3	74.69	0	961.4
40.7671	0	0	0	0	0	0	0	0	65.56	98.78	43.12	208.01	41.25	255.42	174.24	77.11	0	963.49
40.7771	0	0	0	0	0	0	0	0	57.97	89.32	38.28	214.39	41.25	263.89	183.15	81.95	0	970.2
40.7871	0	0	0	0	0	0	0	0	47.41	79.86	31.13	220.77	44	272.25	189.09	84.48	0	968.99
40.7971	0	0	0	0	0	0	0	0	38.61	65.67	26.29	226.93	44	277.86	195.14	89.32	0	963.82
40.8071	0	0	0	0	0	0	0	0	31.57	53.9	21.56	229.79	44	286.33	201.08	91.74	0	959.97
40.8171	0	0	0	0	0	0	0	0	26.29	39.82	16.72	232.76	44	294.8	207.02	96.69	0	958.1
40.8271	0	0	0	0	0	0	0	0	24.53	32.78	14.3	235.62	44	300.41	212.96	101.53	0	966.13
40.8371	0	0	0	0	0	0	0	0	19.25	23.43	11.88	232.76	44	308.88	215.93	104.06	0	960.19
40.8471	0	0	0	0	0	0	0	0	17.49	13.97	7.15	226.93	41.25	314.49	218.9	106.48	0	946.66
40.8571	0	0	0	0	0	0	0	0	13.97	6.93	4.73	214.39	38.5	320.21	218.9	111.32	0	928.95
40.8671	4.62	0	0	0	0	0	0	0	13.97	6.93	4.73	195.14	33	322.96	215.93	113.85	4.62	906.51
40.8771	11.55	3.85	0	0	0	0	0	0	12.21	4.62	0	172.81	27.5	328.68	212.96	118.25	15.4	877.03
40.8871	25.52	3.85	0	0	0	0	0	0	12.21	4.62	0	150.59	22	334.29	209.99	122.76	29.37	856.46
40.8971	95.48	15.51	4.84	0	0	0	0	0	12.21	4.62	0	125.4	16.5	340.01	207.02	127.16	115.83	832.92
40.9071	225.94	40.92	24.2	13.75	4.18	7.81	0	0	10.45	0	0	103.29	11	340.01	201.08	131.67	316.8	797.5
40.9171	238.92	58.74	36.3	22.33	8.47	9.68	0	0	8.69	0	0	81.29	8.25	340.01	195.14	138.38	374.44	771.76
40.9271	249.26	89.54	62.81	36.19	12.65	15.62	0	5.28	6.93	0	0	56.54	5.5	325.82	186.12	145.09	471.35	726
40.9371	254.43	111.54	86.35	46.53	16.94	23.43	2.97	8.8	5.17	0	0	42.35	5.5	297.55	177.21	149.6	550.99	677.38
40.9471	259.6	120.12	100.54	60.83	19.03	31.24	9.13	15.84	5.17	0	0	28.27	0	249.92	162.36	154	616.33	599.72
40.9571	267.41	124.3	110	63.03	21.12	41.03	13.75	15.84	0	0	0	16.94	0	195.03	144.98	156.31	656.48	513.26
40.9671	264.88	122.21	119.79	63.03	25.41	50.71	21.34	19.36	0	0	0	11.22	0	149.05	124.63	151.8	686.73	436.7
40.9771	270.05	124.3	129.69	65.23	27.5	58.63	28.93	21.12	0	0	0	8.47	0	108.24	104.17	136.18	725.45	357.06
40.9871	277.86	128.48	144.54	65.23	31.68	65.34	36.63	24.64	0	0	0	5.61	0	75.68	86.35	108.9	774.4	276.54
40.9971	295.68	132.66	161.92	67.43	33.88	72.05	42.68	26.4	0	0	0	0	0	54.56	74.36	81.95	832.7	210.87
41.0071	311.08	138.93	179.3	69.63	38.06	78.76	47.3	28.27	0	0	0	0	0	37.95	62.48	59.95	891.33	160.38
41.0171	321.31	143.11	191.84	74.03	40.15	87.67	51.92	31.79	0	0	0	0	0	28.49	51.37	42.35	941.82	122.21
41.0271	323.84	147.29	199.32	78.43	40.15	92.18	55	33.55	0	0	0	0	0	23.65	43.67	33.88	969.76	101.2
41.0371	323.84	149.38	204.38	82.83	42.35	98.89	56.54	37.07	0	0	0	0	0	16.61	28.27	21.12	995.28	66
41.0471	321.31	149.38	204.38	87.34	44.44	101.2	60.06	38.83	0	0	0	0	0	9.46	10.23	8.47	1006.94	28.16
41.0571	316.14	149.38	201.85	89.54	44.44	105.6	63.69	40.59	0	0	0	0	0	7.04	7.7	6.27	1011.23	21.01
41.0671	308.44	147.29	196.79	91.74	46.53	107.91	65.56	40.59	0	0	0	0	0	4.73	5.06	6.27	1004.85	16.06
41.0771	295.68	143.11	191.84	91.74	46.53	110.11	67.32	42.35	0	0	0	0	0	4.73	0	4.18	988.68	8.91
41.0871	285.45	136.84	186.78	91.74	46.53	110.11	69.19	42.35	0	0	0	0	0	0	0	0	968.99	0
41.0971	275.22	132.66	179.3	89.54	48.62	110.11	72.82	44.11	0	0	0	0	0	0	0	0	952.38	0
41.1071	264.88	124.3	171.82	87.34	48.62	107.91	74.58	44.11	0	0	0	0	0	0	0	0	923.56	0
41.1171	251.9	118.03	164.34	85.03	48.62	107.91	76.45	44.11	0	0	0	0	0	0	0	0	896.39	0
41.1271	241.45	111.54	159.39	82.83	50.82	105.6	76.45	44.11	0	0	0	0	0	0	0	0	872.19	0
41.1371	233.75	104.94	152.02	80.63	50.82	103.4	78.21	42.35	0	0	0	0	0	0	0	0	846.12	0
41.1471	223.41	98.34	147.07	78.43	50.82	101.2	78.21	42.35	0	0	0	0	0	0	0	0	819.83	0
41.1571	218.46	93.94	142.12	78.43	52.91	101.2	80.08	42.35	0	0	0	0	0	0	0	0	809.49	0
41.1671	208.78	89.54	137.17	78.43	52.91	101.2	81.84	42.35	0	0	0	0	0	0	0	0	792.22	0
41.1771	203.94	87.34	132.22	76.23	52.91	101.2	81.84	42.35	0	0	0	0	0	0	0	0	778.03	0
41.1871	196.68	82.94	129.69	78.43	55	101.2	85.47	42.35	0	0	0	0	0	0	0	0	771.76	0
41.1971	189.31	80.74	127.27	78.43	55	103.4	87.23	44.11	0	0	0	0	0	0	0	0	765.49	0
41.2071	184.47	76.34	124.74	80.63	57.2	105.6	90.86	45.87	0	0	0	0	0	0	0	0	765.71	0
41.2171	174.79	74.14	122.32	82.83	57.2	112.42	94.49	45.87	0	0	0	0	0	0	0	0	764.06	0
41.2271	167.53	69.74	119.79	87.34	59.4	116.6	99.99	47.63	0	0	0	0	0	0	0	0	768.02	0
41.2371	157.63	67.54	117.37	89.54	61.71	122.98	105.38	49.39	0	0	0	0	0	0	0	0	771.54	0
41.2471	147.84	65.34	112.42	93.94	61.71	131.45	109.01	52.91	0	0	0	0	0	0	0	0	774.62	0
41.2571	135.52	60.94	107.69	100.54	64.02	139.92	116.49	56.54	0	0	0	0	0	0	0	0	781.66	0
41.2671	125.73	58.74	102.96	104.94	66.33	148.39	122.54	60.5	0	0	0	0	0	0	0	0	790.13	0
41.2771	113.41	52.58	95.81	109.34	66.33	158.95	130.57	64.57	0	0	0	0	0	0	0	0	791.56	0
41.2871	104.28	48.73	86.35	116.05	66.33	167.53	138.6	72.6	0	0	0	0	0	0	0	0	800.47	0
41.2971	93.28	44.77	77	120.56	68.64	178.53	146.74	78.65	0	0	0	0	0	0	0	0	808.17	0
41.3071	79.97	38.94	67.54	124.96	70.95	187.33	154.77	88.77	0	0	0	0	0	0	0	0	813.23	0
41.3171	66.77	35.09	55.77	129.47	70.95	198.44	160.82	96.91	0	0	0	0	0	0	0	0	814.22	0
41.3271	53.35	29.15	43.56	133.98	73.26	207.24	170.94	106.92	0	0	0	0	0	0	0	0	818.4	0
41.3371	41.8	23.32	31.46	136.18	73.26	216.04	179.3	115.17	0	0	0	0	0	0	0	0	816.53	0
41.3471	37.18	19.47	26.62	136.18	70.95	220.55	187.55	123.53	0	0	0	0	0	0	0	0	822.03	0
41.3571	32.45	17.49	21.78	131.67	70.95	224.95	195.8	127.71	0	0	0	0	0	0	0	0	822.8	0
41.3671	27.83	13.64	19.36	124.96	66.33	227.15	199.98	136.07	0	0	0	0	0	0	0	0	815.32	0
41.3771	25.52	9.68	14.52	116.05	61.71	229.35	202.07	144.43	0	0	0	0	0	0	0	0	803.33	0
41.3871	23.21	9.68	14.52	102.74	55	231.55	199.98	152.79	3.41	0	0	0	0	0	0	0	789.47	3.41
41.3971	20.9	7.7	12.1	89.54	48.62	231.55	195.8	159.06	10.45	6.93	0	0	0	0	0	0	765.27	17.38
41.4071	20.9	7.7	12.1	76.23	40.15	233.75	187.55	167.42	19.25	13.97	0	0	0	0	0	0	745.8	33.22
41.4171	18.59	7.7	12.1	63.03	31.68	233.75	179.3	174.13	57.97	37.51	4.73	8.47	0	0	0	0	720.28	108.68
41.4271	16.17	5.83	9.68	51.7	25.41	233.75	166.87	183.37	127.93	82.28	14.3	19.8	0	7.04	0	0	692.78	251.35
41.4371	16.17	5.83	9.68	37.84	19.03	227.15	158.84	190.3	159.72	128.04	26.29	50.82	0	28.49	5.06	8.47	664.84	406.89
41.4471	13.86	3.85	7.26	25.85	12.65	213.84	150.7	194.92	203.17	173.03	52.69	68.75	5.5	56.98	7.7	12.65	622.93	580.47
41.4571	9.24	3.85	7.26	17.16	8.47	185.13	140.69	197.23	238.81	197.23	76.89	81.29	11	75.68	25.63	21.12	569.03	727.65
41.4671	4.62	0	7.26	10.34	6.27	142.01	124.52	197.23	248.6	199.65	82.39	84.48	13.75	83.82	38.5	25.41	492.25	776.6
41.4771	0	0	4.84	5.17	6.27	101.2	98.12	187.99	233.86	189.97	82.39	84.48	13.75	89.21	46.2	27.5	403.59	767.36
41.4871	0	0	0	0	6.27	67.54	72.82	165.33	221.65	187.55	82.39	84.48	16.5	94.6	51.37	29.59	311.96	768.13
41.4971	0	0	0	0	6.27	46.86	55	117.26	224.07	189.97	90.53	90.75	19.25	108.24	62.48	33.88	225.39	819.17
41.5071	0	0	0	0	4.18	35.09	44.22	72.6	238.81	199.65	101.42	93.94	22	119.13	77.33	38.06	156.09	890.34
41.5171	0	0	0	0	0	25.3	35.09	45.87	253.55	206.91	115.17	97.02	24.75	127.27	92.29	42.35	106.26	959.31
41.5271	0	0	0	0	0	17.49	27.5	26.4	268.4	211.75	126.28	97.02	27.5	132.77	104.17	46.53	71.39	1014.42
41.5371	0	0	0	0	0	11.66	18.26	12.32	275.77	216.59	134.64	100.21	27.5	140.91	115.94	48.73	42.24	1060.29
41.5471	0	0	0	0	0	7.81	10.67	3.52	273.24	216.59	137.5	106.48	30.25	149.05	124.63	52.91	22	1090.65
41.5571	0	0	0	0	0	5.83	7.59	3.52	268.4	216.59	137.5	109.56	33	154.55	133.32	55.11	16.94	1108.03
41.5671	0	0	0	0	0	3.85	6.05	3.52	256.08	214.17	134.64	115.94	35.75	162.69	139.15	57.53	13.42	1115.95
41.5771	0	0	0	0	0	3.85	4.51	0	241.23	209.33	131.89	119.02	35.75	168.19	144.98	59.95	8.36	1110.34
41.5871	0	0	0	0	0	0	2.97	0	226.49	202.07	126.28	122.21	35.75	170.83	147.84	59.95	2.97	1091.42
41.5971	0	0	0	0	0	0	0	0	212.41	192.39	120.78	125.4	35.75	173.47	153.67	62.37	0	1076.24
41.6071	0	0	0	0	0	0	0	0	196.24	182.71	115.17	128.48	38.5	176.22	153.67	62.37	0	1053.36
41.6171	0	0	0	0	0	0	0	0	179.96	175.45	106.92	128.48	38.5	178.86	156.53	64.9	0	1029.6
41.6271	0	0	0	0	0	0	0	0	163.9	163.13	101.42	131.67	38.5	181.61	156.53	64.9	0	1001.66
41.6371	0	0	0	0	0	0	0	0	151.25	153.12	93.28	131.67	38.5	181.61	159.5	64.9	0	973.83
41.6471	0	0	0	0	0	0	0	0	138.49	143.11	85.03	134.86	38.5	184.25	162.36	67.32	0	953.92
41.6571	0	0	0	0	0	0	0	0	125.84	135.52	79.64	134.86	38.5	184.25	162.36	67.32	0	928.29
41.6671	0	0	0	0	0	0	0	0	115.28	125.51	74.14	137.94	38.5	187	162.36	67.32	0	908.05
41.6771	0	0	0	0	0	0	0	0	105.71	118.03	68.75	137.94	38.5	187	165.33	67.32	0	888.58
41.6871	0	0	0	0	0	0	0	0	96.14	108.24	63.25	137.94	41.25	189.64	168.3	67.32	0	872.08
41.6971	0	0	0	0	0	0	0	0	86.57	101.2	57.75	141.13	41.25	192.39	168.3	69.74	0	858.33
41.7071	0	0	0	0	0	0	0	0	78.98	94.05	52.69	144.32	41.25	197.67	174.24	72.16	0	855.36
41.7171	0	0	0	0	0	0	0	0	71.28	89.32	45.43	147.51	41.25	200.42	177.21	72.16	0	844.58
41.7271	0	0	0	0	0	0	0	0	63.69	82.28	43.12	150.59	41.25	205.81	183.15	74.69	0	844.58
41.7371	0	0	0	0	0	0	0	0	56.21	75.13	38.28	153.78	41.25	211.2	189.09	74.69	0	839.63
41.7471	0	0	0	0	0	0	0	0	50.93	68.09	35.86	156.97	41.25	216.59	195.14	79.53	0	844.36
41.7571	0	0	0	0	0	0	0	0	43.89	63.36	31.13	160.05	44	224.73	201.08	81.95	0	850.19
41.7671	0	0	0	0	0	0	0	0	38.61	56.21	26.29	166.43	44	230.34	207.02	84.48	0	853.38
41.7771	0	0	0	0	0	0	0	0	33.33	49.17	23.87	172.81	44	235.95	212.96	86.9	0	858.99
41.7871	0	0	0	0	0	0	0	0	28.05	42.13	21.56	176	46.75	241.45	218.9	89.32	0	864.16
41.7971	0	0	0	0	0	0	0	0	26.29	35.09	19.14	179.19	46.75	249.92	224.73	91.74	0	872.85
41.8071	0	0	0	0	0	0	0	0	24.53	30.47	16.72	185.57	46.75	255.42	230.45	94.27	0	884.18
41.8171	0	0	0	0	0	0	0	0	21.01	25.74	14.3	188.76	46.75	261.03	236.06	96.69	0	890.34
41.8271	0	0	0	0	0	0	0	0	19.25	21.01	11.88	188.76	46.75	266.64	238.92	99.11	0	892.32
41.8371	0	0	0	0	0	0	0	0	17.49	16.39	9.57	191.95	46.75	272.25	244.53	101.53	0	900.46
41.8471	0	0	0	0	0	0	0	0	15.73	9.35	9.57	191.95	44	280.61	244.53	106.48	0	902.22
41.8571	0	0	0	0	0	0	0	0	13.97	4.62	7.15	188.76	41.25	286.33	244.53	108.9	0	895.51
41.8671	0	0	0	0	0	0	0	0	13.97	4.62	4.73	179.19	38.5	291.94	247.39	113.85	0	894.19
41.8771	0	0	0	0	0	0	0	0	12.21	0	4.73	166.43	35.75	297.55	247.39	116.05	0	880.11
41.8871	0	0	0	0	0	0	0	0	12.21	0	0	150.59	30.25	303.27	247.39	120.45	0	864.16
41.8971	0	0	0	0	0	0	0	0	10.45	0	0	131.67	24.75	308.88	244.53	124.96	0	845.24
41.9071	0	0	0	0	0	0	0	0	10.45	0	0	112.75	19.25	314.49	241.67	131.67	0	830.28
41.9171	6.93	0	0	0	0	0	0	0	10.45	0	0	93.94	13.75	317.35	238.92	136.18	6.93	810.59
41.9271	20.9	0	0	0	0	0	0	0	10.45	0	0	78.21	11	320.21	233.2	140.58	20.9	793.65
41.9371	110.99	19.47	7.26	0	0	3.85	0	0	8.69	0	0	59.4	8.25	320.21	227.59	145.09	141.57	769.23
41.9471	293.15	56.54	29.04	17.16	6.27	9.68	0	0	6.93	0	0	45.21	5.5	314.49	218.9	149.6	411.84	740.63
41.9571	290.62	89.54	55.77	34.43	10.56	15.62	0	0	5.17	0	0	33.88	5.5	294.8	207.02	151.8	496.54	698.17
41.9671	298.21	130.57	91.08	53.35	16.94	27.28	6.05	3.52	3.41	0	0	22.55	0	258.28	186.12	154	627	624.36
41.9771	298.21	147.29	110	76.23	19.03	37.07	9.13	8.8	0	0	0	16.94	0	211.2	168.3	154	705.76	550.44
41.9871	308.44	151.47	122.32	82.83	21.12	46.86	16.72	12.32	0	0	0	8.47	0	165.44	147.84	149.6	762.08	471.35
41.9971	298.21	147.29	127.27	85.03	23.21	60.83	21.34	14.08	0	0	0	5.61	0	121.88	124.63	133.87	777.26	385.99
42.0071	293.15	149.38	134.64	91.74	27.5	76.56	28.93	15.84	0	0	0	0	0	86.46	104.17	111.32	817.74	301.95
42.0171	295.68	153.56	142.12	96.14	31.68	85.47	35.09	19.36	0	0	0	0	0	59.4	86.35	79.53	859.1	225.28
42.0271	303.38	159.83	156.97	102.74	33.88	96.69	41.25	21.12	0	0	0	0	0	42.68	71.39	57.53	915.86	171.6
42.0371	308.44	164.01	169.29	109.34	38.06	107.91	45.76	22.88	0	0	0	0	0	30.8	56.54	38.06	965.69	125.4
42.0471	311.08	166.1	176.77	116.05	38.06	114.51	48.84	26.4	0	0	0	0	0	21.34	46.2	31.79	997.81	99.33
42.0571	311.08	170.61	179.3	122.76	40.15	122.98	50.38	28.27	0	0	0	0	0	16.61	30.8	19.03	1025.53	66.44
42.0671	305.91	170.61	176.77	131.67	40.15	129.25	51.92	30.03	0	0	0	0	0	9.46	15.4	8.47	1036.31	33.33
42.0771	295.68	172.81	171.82	140.69	42.35	133.54	51.92	30.03	0	0	0	0	0	4.73	7.7	4.18	1038.84	16.61
42.0871	282.92	168.3	164.34	149.6	42.35	137.72	53.46	31.79	0	0	0	0	0	4.73	5.06	4.18	1030.48	13.97
42.0971	267.41	164.01	154.44	154.11	42.35	142.01	51.92	31.79	0	0	0	0	0	0	0	0	1008.04	0
42.1071	249.26	159.83	144.54	160.82	42.35	144.1	51.92	31.79	0	0	0	0	0	0	0	0	984.61	0
42.1171	231.11	151.47	132.22	165.33	42.35	144.1	51.92	33.55	0	0	0	0	0	0	0	0	952.05	0
42.1271	216.04	145.2	122.32	167.64	42.35	146.19	51.92	33.55	0	0	0	0	0	0	0	0	925.21	0
42.1371	201.52	136.84	114.84	169.95	42.35	144.1	53.46	33.55	0	0	0	0	0	0	0	0	896.61	0
42.1470	189.31	128.48	107.69	167.64	42.35	144.1	53.46	33.55	0	0	0	0	0	0	0	0	866.58	0
42.1570	182.05	122.21	102.96	167.64	44.44	144.1	56.54	33.55	0	0	0	0	0	0	0	0	853.49	0
42.1670	174.79	115.94	100.54	163.02	44.44	142.01	58.3	33.55	0	0	0	0	0	0	0	0	832.59	0
42.1770	169.95	109.34	95.81	160.82	44.44	142.01	60.06	33.55	0	0	0	0	0	0	0	0	815.98	0
42.1870	162.58	104.94	93.5	158.51	46.53	139.92	61.93	33.55	0	0	0	0	0	0	0	0	801.46	0
42.1970	160.05	100.54	91.08	156.31	46.53	137.72	63.69	35.31	0	0	0	0	0	0	0	0	791.23	0
42.2070	155.21	96.14	88.77	154.11	48.62	137.72	65.56	35.31	0	0	0	0	0	0	0	0	781.44	0
42.2170	150.26	91.74	86.35	151.8	48.62	135.63	65.56	37.07	0	0	0	0	0	0	0	0	767.03	0
42.2270	145.31	87.34	86.35	149.6	50.82	137.72	67.32	37.07	0	0	0	0	0	0	0	0	761.53	0
42.2370	140.47	82.94	81.73	151.8	50.82	137.72	70.95	38.83	0	0	0	0	0	0	0	0	755.26	0
42.2470	130.57	78.54	79.31	151.8	52.91	142.01	74.58	40.59	0	0	0	0	0	0	0	0	750.31	0
42.2570	123.2	74.14	77	154.11	55	146.19	78.21	44.11	0	0	0	0	0	0	0	0	751.96	0
42.2670	113.41	69.74	74.58	156.31	55	154.66	83.71	45.87	0	0	0	0	0	0	0	0	753.28	0
42.2770	104.28	63.14	69.85	160.82	57.2	161.04	89.1	49.39	0	0	0	0	0	0	0	0	754.82	0
42.2870	95.48	58.74	65.12	163.02	59.4	169.73	96.36	54.67	0	0	0	0	0	0	0	0	762.52	0
42.2970	86.68	52.58	60.39	165.33	59.4	180.73	103.62	60.5	0	0	0	0	0	0	0	0	769.23	0
42.3070	75.57	46.75	53.24	169.95	61.71	191.73	110.88	68.64	0	0	0	0	0	0	0	0	778.47	0
42.3170	66.77	40.92	45.98	172.37	61.71	200.64	118.47	78.65	0	0	0	0	0	0	0	0	785.51	0
42.3270	55.77	35.09	36.3	174.68	64.02	211.64	126.5	92.84	0	0	0	0	0	0	0	0	796.84	0
42.3370	46.42	29.15	29.04	174.68	64.02	220.55	134.64	104.94	0	0	0	0	0	0	0	0	803.44	0
42.3470	37.18	23.32	24.2	174.68	64.02	227.15	142.67	115.17	0	0	0	0	0	0	0	0	808.39	0
42.3570	34.76	21.34	21.78	174.68	64.02	233.75	150.7	125.62	0	0	0	0	0	0	0	0	826.65	0
42.3670	32.45	17.49	19.36	172.37	64.02	238.15	156.75	133.98	0	0	0	0	0	0	0	0	834.57	0
42.3770	27.83	15.51	16.94	169.95	61.71	240.35	160.82	142.34	0	0	0	0	0	0	0	0	835.45	0
42.3870	25.52	11.66	14.52	163.02	59.4	244.75	162.8	150.7	0	0	0	0	0	0	0	0	832.37	0
42.3970	23.21	11.66	12.1	154.11	55	246.95	162.8	156.97	0	0	0	0	0	0	0	0	822.8	0
42.4070	23.21	9.68	12.1	138.38	50.82	249.15	162.8	163.24	0	0	0	0	0	0	0	0	809.38	0
42.4170	20.9	9.68	9.68	122.76	44.44	249.15	162.8	169.62	0	0	0	0	0	0	0	0	789.03	0
42.4270	20.9	9.68	9.68	104.94	38.06	249.15	160.82	176.44	5.17	0	0	0	0	0	0	0	769.67	5.17
42.4370	18.59	7.7	9.68	85.03	33.88	249.15	156.75	181.06	12.21	9.35	0	0	0	0	0	0	741.84	21.56
42.4470	18.59	7.7	9.68	69.63	27.5	249.15	150.7	190.3	22.77	18.7	0	0	0	0	0	0	723.25	41.47
42.4570	16.17	5.83	9.68	56.87	21.12	246.95	144.65	194.92	90.42	56.21	7.15	14.08	0	7.04	0	0	696.19	174.9
42.4670	13.86	5.83	7.26	44.77	16.94	242.55	134.64	201.74	159.72	120.56	19.14	28.27	0	14.19	7.7	0	667.59	349.58
42.4770	11.55	5.83	7.26	34.43	12.65	229.35	122.54	206.36	189.2	185.13	38.28	65.67	5.5	37.95	7.7	12.65	629.97	542.08
42.4870	9.24	3.85	7.26	25.85	8.47	205.04	112.64	206.36	224.07	226.27	66	87.56	8.25	70.18	12.76	16.94	578.71	712.03
42.4970	4.62	3.85	4.84	18.92	6.27	161.04	98.12	206.36	251.13	240.79	85.03	97.02	11	86.46	25.63	21.12	504.02	818.18
42.5070	0	0	4.84	13.75	6.27	114.51	80.08	194.92	248.6	235.95	87.78	100.21	13.75	94.6	38.5	23.21	414.37	842.6
42.5170	0	0	0	10.34	6.27	76.56	63.69	163.24	233.86	228.69	90.53	103.29	13.75	102.74	48.73	25.41	320.1	847
42.5270	0	0	0	5.17	6.27	52.69	51.92	109.01	226.49	228.69	93.28	106.48	16.5	113.63	56.54	29.59	225.06	871.2
42.5370	0	0	0	0	4.18	39.05	42.68	66.55	231.44	233.53	101.42	112.75	19.25	127.27	68.42	33.88	152.46	927.96
42.5470	0	0	0	0	0	27.28	33.55	44.11	243.76	238.37	112.42	115.94	22	135.41	80.3	38.06	104.94	986.26
42.5570	0	0	0	0	0	19.47	25.96	24.64	253.55	243.21	123.53	119.02	24.75	143.66	89.32	42.35	70.07	1039.39
42.5670	0	0	0	0	0	13.64	18.26	12.32	258.5	245.63	131.89	122.21	24.75	151.8	101.2	44.44	44.22	1080.42
42.5770	0	0	0	0	0	9.68	9.13	3.52	258.5	243.21	134.64	128.48	27.5	157.19	107.14	46.53	22.33	1103.19
42.5870	0	0	0	0	0	5.83	2.97	3.52	251.13	243.21	131.89	134.86	27.5	162.69	113.08	48.73	12.32	1113.09
42.5970	0	0	0	0	0	5.83	2.97	3.52	238.81	240.79	129.14	141.13	30.25	168.19	115.94	50.82	12.32	1115.07
42.6070	0	0	0	0	0	3.85	2.97	0	224.07	233.53	123.53	144.32	30.25	173.47	118.91	50.82	6.82	1098.9
42.6170	0	0	0	0	0	3.85	0	0	210.1	226.27	117.92	147.51	30.25	176.22	121.77	52.91	3.85	1082.95
42.6270	0	0	0	0	0	0	0	0	193.82	214.17	112.42	150.59	30.25	178.86	124.63	52.91	0	1057.65
42.6370	0	0	0	0	0	0	0	0	179.96	204.49	104.17	150.59	30.25	181.61	127.6	55.11	0	1033.78
42.6470	0	0	0	0	0	0	0	0	166.1	192.39	98.67	150.59	33	178.86	130.46	55.11	0	1005.18
42.6570	0	0	0	0	0	0	0	0	155.43	180.29	90.53	150.59	33	178.86	130.46	55.11	0	974.27
42.6670	0	0	0	0	0	0	0	0	144.87	170.61	85.03	147.51	33	176.22	130.46	55.11	0	942.81
42.6770	0	0	0	0	0	0	0	0	136.4	160.6	79.64	147.51	33	176.22	133.32	55.11	0	921.8
42.6870	0	0	0	0	0	0	0	0	127.93	150.59	76.89	147.51	33	176.22	133.32	55.11	0	900.57
42.6970	0	0	0	0	0	0	0	0	121.55	143.11	74.14	144.32	33	173.47	133.32	55.11	0	878.02
42.7070	0	0	0	0	0	0	0	0	115.28	138.05	71.39	141.13	33	173.47	136.29	55.11	0	863.72
42.7170	0	0	0	0	0	0	0	0	109.45	133.1	68.75	141.13	35.75	173.47	136.29	55.11	0	853.05
42.7270	0	0	0	0	0	0	0	0	107.58	128.04	68.75	141.13	35.75	173.47	142.12	55.11	0	851.95
42.7370	0	0	0	0	0	0	0	0	105.71	123.09	68.75	141.13	35.75	176.22	144.98	55.11	0	850.74
42.7470	0	0	0	0	0	0	0	0	103.73	123.09	68.75	141.13	35.75	178.86	147.84	57.53	0	856.68
42.7570	0	0	0	0	0	0	0	0	101.86	120.56	68.75	144.32	38.5	181.61	153.67	59.95	0	869.22
42.7670	0	0	0	0	0	0	0	0	99.99	118.03	68.75	147.51	38.5	184.25	159.5	62.37	0	878.9
42.7770	0	0	0	0	0	0	0	0	96.14	115.5	68.75	150.59	41.25	189.64	165.33	62.37	0	889.57
42.7870	0	0	0	0	0	0	0	0	92.29	110.66	66	156.97	44	197.67	174.24	67.32	0	909.15
42.7970	0	0	0	0	0	0	0	0	86.57	105.93	63.25	160.05	44	205.81	186.12	69.74	0	921.47
42.8070	0	0	0	0	0	0	0	0	77	98.78	57.75	163.24	46.75	213.84	195.14	72.16	0	924.66
42.8170	0	0	0	0	0	0	0	0	69.41	91.74	52.69	169.62	49.5	224.73	207.02	77.11	0	941.82
42.8270	0	0	0	0	0	0	0	0	59.84	84.59	47.85	172.81	49.5	233.09	218.9	81.95	0	948.53
42.8370	0	0	0	0	0	0	0	0	50.93	72.82	43.12	179.19	49.5	241.45	230.45	84.48	0	951.94
42.8470	0	0	0	0	0	0	0	0	42.13	63.36	35.86	179.19	52.25	249.92	238.92	89.32	0	950.95
42.8570	0	0	0	0	0	0	0	0	33.33	51.59	28.71	182.38	52.25	255.42	250.14	94.27	0	948.09
42.8670	0	0	0	0	0	0	0	0	28.05	39.82	23.87	185.57	52.25	261.03	258.72	96.69	0	946
42.8770	0	0	0	0	0	0	0	0	24.53	32.78	19.14	185.57	52.25	266.64	267.19	99.11	0	947.21
42.8870	0	0	0	0	0	0	0	0	21.01	23.43	14.3	185.57	52.25	272.25	272.8	104.06	0	945.67
42.8970	0	0	0	0	0	0	0	0	19.25	16.39	11.88	179.19	49.5	275	278.52	106.48	0	936.21
42.9070	0	0	0	0	0	0	0	0	15.73	9.35	9.57	169.62	46.75	280.61	281.49	108.9	0	922.02
42.9170	0	0	0	0	0	0	0	0	13.97	4.62	7.15	153.78	41.25	280.61	281.49	111.32	0	894.19
42.9270	6.93	0	0	0	0	0	0	0	12.21	4.62	4.73	137.94	35.75	283.47	278.52	116.05	6.93	873.29
42.9370	16.17	0	0	0	0	0	0	0	12.21	0	4.73	119.02	30.25	286.33	275.66	120.45	16.17	848.65
42.9470	51.04	0	0	0	0	0	0	0	10.45	0	0	103.29	22	289.08	269.94	122.76	51.04	817.52
42.9570	201.52	21.34	12.1	0	0	3.85	0	0	10.45	0	0	87.56	16.5	294.8	264.33	127.16	238.81	800.8
42.9670	259.6	44.77	29.04	10.34	0	5.83	0	0	10.45	0	0	68.75	13.75	294.8	253	131.67	349.58	772.42
42.9770	270.05	76.34	53.24	22.33	8.47	11.66	0	0	8.69	0	0	50.82	8.25	291.94	236.06	136.18	442.09	731.94
42.9870	277.86	109.34	84.04	43.01	14.74	23.43	4.51	3.52	6.93	0	0	39.6	8.25	275	221.98	140.58	560.45	692.34
42.9970	275.22	126.39	100.54	60.83	19.03	33.22	9.13	8.8	5.17	0	0	28.27	5.5	241.45	201.08	142.89	633.16	624.36
43.0070	282.92	132.66	112.42	67.43	21.12	44.88	15.18	10.56	3.41	0	0	16.94	0	195.03	177.21	145.09	687.17	537.68
43.0170	280.39	132.66	124.74	69.63	23.21	56.65	21.34	14.08	0	0	0	8.47	0	146.3	150.81	142.89	722.7	448.47
43.0270	285.45	134.75	139.59	69.63	29.59	67.54	30.47	15.84	0	0	0	0	0	108.24	121.77	131.67	772.86	361.68
43.0370	293.15	138.93	154.44	69.63	31.68	76.56	38.17	19.36	0	0	0	0	0	75.68	101.2	108.9	821.92	285.78
43.0470	305.91	141.02	171.82	69.63	33.88	83.27	44.22	21.12	0	0	0	0	0	54.56	83.27	81.95	870.87	219.78
43.0570	318.67	145.2	189.31	71.83	35.97	87.67	48.84	24.64	0	0	0	0	0	37.95	68.42	59.95	922.13	166.32
43.0670	328.9	147.29	201.85	71.83	40.15	92.18	51.92	24.64	0	0	0	0	0	28.49	59.51	42.35	958.76	130.35
43.0770	331.54	149.38	209.33	76.23	40.15	96.69	55	28.27	0	0	0	0	0	21.34	48.73	35.97	986.59	106.04
43.0870	328.9	149.38	211.86	80.63	42.35	103.4	56.54	28.27	0	0	0	0	0	16.61	38.5	25.41	1001.33	80.52
43.0970	323.84	151.47	211.86	85.03	42.35	107.91	58.3	31.79	0	0	0	0	0	11.88	23.1	10.56	1012.55	45.54
43.1070	316.14	151.47	209.33	91.74	42.35	112.42	60.06	31.79	0	0	0	0	0	7.04	15.4	8.47	1015.3	30.91
43.1170	303.38	151.47	199.32	98.34	44.44	116.6	60.06	33.55	0	0	0	0	0	7.04	12.76	6.27	1007.16	26.07
43.1270	290.62	149.38	189.31	102.74	44.44	122.98	61.93	35.31	0	0	0	0	0	4.73	10.23	4.18	996.71	19.14
43.1370	275.22	145.2	179.3	109.34	44.44	125.07	61.93	35.31	0	0	0	0	0	0	7.7	0	975.81	7.7
43.1470	257.07	141.02	166.87	113.85	44.44	127.16	61.93	37.07	0	0	0	0	0	0	0	0	949.41	0
43.1570	241.45	136.84	156.97	118.25	44.44	129.25	61.93	37.07	0	0	0	0	0	0	0	0	926.2	0
43.1670	223.41	130.57	147.07	122.76	44.44	131.45	60.06	37.07	0	0	0	0	0	0	0	0	896.83	0
43.1770	208.78	124.3	137.17	124.96	44.44	131.45	60.06	38.83	0	0	0	0	0	0	0	0	869.99	0
43.1870	196.68	120.12	127.27	129.47	44.44	133.54	60.06	38.83	0	0	0	0	0	0	0	0	850.41	0
43.1970	184.47	113.85	119.79	131.67	44.44	135.63	61.93	38.83	0	0	0	0	0	0	0	0	830.61	0
43.2070	174.79	109.34	112.42	133.98	44.44	137.72	61.93	38.83	0	0	0	0	0	0	0	0	813.45	0
43.2170	165	104.94	107.69	136.18	44.44	137.72	61.93	40.59	0	0	0	0	0	0	0	0	798.49	0
43.2270	155.21	100.54	100.54	140.69	46.53	139.92	61.93	40.59	0	0	0	0	0	0	0	0	785.95	0
43.2370	147.84	93.94	95.81	142.89	44.44	144.1	63.69	42.35	0	0	0	0	0	0	0	0	775.06	0
43.2470	140.47	91.74	91.08	145.09	46.53	146.19	63.69	42.35	0	0	0	0	0	0	0	0	767.14	0
43.2570	133.1	89.54	88.77	149.6	46.53	150.48	65.56	44.11	0	0	0	0	0	0	0	0	767.69	0
43.2670	125.73	85.14	86.35	154.11	46.53	152.57	67.32	44.11	0	0	0	0	0	0	0	0	761.86	0
43.2770	120.78	82.94	81.73	158.51	46.53	158.95	69.19	45.87	0	0	0	0	0	0	0	0	764.5	0
43.2870	113.41	78.54	79.31	165.33	48.62	163.13	69.19	45.87	0	0	0	0	0	0	0	0	763.4	0
43.2970	106.48	76.34	74.58	169.95	48.62	169.73	72.82	47.63	0	0	0	0	0	0	0	0	766.15	0
43.3070	102.08	74.14	72.27	177.1	48.62	174.13	74.58	49.39	0	0	0	0	0	0	0	0	772.31	0
43.3170	95.48	69.74	67.54	181.83	50.82	182.93	78.21	52.91	0	0	0	0	0	0	0	0	779.46	0
43.3270	88.88	63.14	62.81	186.56	50.82	189.53	81.84	54.67	0	0	0	0	0	0	0	0	778.25	0
43.3370	79.97	58.74	58.08	191.29	50.82	196.24	85.47	60.5	0	0	0	0	0	0	0	0	781.11	0
43.3470	71.17	54.56	50.82	195.91	52.91	205.04	90.86	64.57	0	0	0	0	0	0	0	0	785.84	0
43.3570	64.57	46.75	43.56	200.64	52.91	213.84	96.36	70.62	0	0	0	0	0	0	0	0	789.25	0
43.3670	53.35	40.92	36.3	205.37	52.91	222.75	99.99	76.67	0	0	0	0	0	0	0	0	788.26	0
43.3770	46.42	35.09	29.04	210.1	52.91	231.55	107.25	82.72	0	0	0	0	0	0	0	0	795.08	0
43.3870	39.49	29.15	26.62	210.1	52.91	238.15	112.64	94.82	0	0	0	0	0	0	0	0	803.88	0
43.3970	34.76	25.3	21.78	210.1	52.91	244.75	120.45	106.92	0	0	0	0	0	0	0	0	816.97	0
43.4070	30.14	21.34	19.36	210.1	52.91	253.55	126.5	117.26	0	0	0	0	0	0	0	0	831.16	0
43.4170	25.52	15.51	16.94	203.06	50.82	257.95	130.57	125.62	0	0	0	0	0	0	0	0	825.99	0
43.4270	23.21	15.51	14.52	195.91	48.62	262.35	132.55	131.89	0	0	0	0	0	0	0	0	824.56	0
43.4370	23.21	13.64	14.52	184.14	46.53	264.55	134.64	138.16	0	0	0	0	0	0	0	0	819.39	0
43.4470	20.9	11.66	12.1	169.95	40.15	268.95	132.55	146.52	0	0	0	0	0	0	0	0	802.78	0
43.4570	20.9	11.66	12.1	151.8	35.97	271.15	130.57	152.79	5.17	4.62	0	0	0	0	0	0	786.94	9.79
43.4670	18.59	11.66	12.1	133.98	31.68	273.35	126.5	161.15	8.69	9.35	0	0	0	0	0	0	769.01	18.04
43.4770	18.59	9.68	9.68	113.85	27.5	275.55	122.54	167.42	17.49	18.7	0	0	0	0	0	0	744.81	36.19
43.4870	16.17	7.7	9.68	93.94	23.21	275.55	120.45	174.13	67.43	46.86	4.73	11.22	0	4.73	0	0	720.83	134.97
43.4970	16.17	7.7	9.68	74.03	19.03	271.15	114.51	183.37	142.78	101.2	16.72	22.55	0	11.88	0	0	695.64	295.13
43.5070	11.55	5.83	9.68	53.35	14.74	257.95	112.64	187.99	173.03	148.06	31.13	53.68	5.5	26.07	0	8.47	653.73	445.94
43.5170	9.24	3.85	7.26	37.84	10.56	235.95	109.01	192.61	214.72	192.39	55.11	71.94	8.25	56.98	10.23	14.74	606.32	624.36
43.5270	6.93	3.85	7.26	27.5	8.47	196.24	101.75	194.92	246.18	214.17	76.89	84.48	11	75.68	28.27	23.21	546.92	759.88
43.5370	0	0	7.26	18.92	6.27	142.01	89.1	190.3	253.55	211.75	85.03	84.48	13.75	81.07	43.67	27.5	453.86	800.8
43.5470	0	0	4.84	13.75	6.27	96.69	70.95	169.62	238.81	202.07	85.03	84.48	16.5	86.46	51.37	29.59	362.12	794.31
43.5570	0	0	0	10.34	6.27	63.03	56.54	127.71	231.44	197.23	87.78	84.48	16.5	97.35	59.51	31.79	263.89	806.08
43.5670	0	0	0	6.82	6.27	46.86	47.3	78.65	236.28	202.07	96.03	87.56	19.25	108.24	74.36	35.97	185.9	859.76
43.5769	0	0	0	0	0	33.22	38.17	51.15	248.6	211.75	109.67	90.75	22	116.38	86.35	40.26	122.54	925.76
43.5869	0	0	0	0	0	23.43	28.93	30.03	268.4	219.01	123.53	93.94	24.75	124.52	98.23	44.44	82.39	996.82
43.5969	0	0	0	0	0	15.62	21.34	19.36	283.25	226.27	134.64	97.02	27.5	130.02	110.22	48.73	56.32	1057.65
43.6069	0	0	0	0	0	11.66	12.21	7.04	290.84	231.11	143	100.21	27.5	135.41	118.91	50.82	30.91	1097.8
43.6169	0	0	0	0	0	5.83	4.51	3.52	290.84	233.53	145.86	106.48	30.25	143.66	124.63	50.82	13.86	1126.07
43.6269	0	0	0	0	0	5.83	2.97	3.52	285.78	235.95	145.86	112.75	30.25	149.05	127.6	52.91	12.32	1140.15
43.6369	0	0	0	0	0	5.83	0	0	273.24	235.95	143	119.02	30.25	154.55	130.46	55.11	5.83	1141.58
43.6469	0	0	0	0	0	3.85	0	0	258.5	231.11	134.64	125.4	30.25	159.94	130.46	55.11	3.85	1125.41
43.6569	0	0	0	0	0	0	0	0	241.23	223.85	129.14	131.67	30.25	165.44	130.46	57.53	0	1109.57
43.6669	0	0	0	0	0	0	0	0	224.07	216.59	120.78	134.86	30.25	168.19	130.46	57.53	0	1082.73
43.6769	0	0	0	0	0	0	0	0	207.79	209.33	112.42	137.94	30.25	170.83	130.46	57.53	0	1056.55
43.6869	0	0	0	0	0	0	0	0	191.51	199.65	104.17	144.32	30.25	170.83	127.6	57.53	0	1025.86
43.6969	0	0	0	0	0	0	0	0	175.34	189.97	96.03	147.51	30.25	170.83	127.6	57.53	0	995.06
43.7069	0	0	0	0	0	0	0	0	159.72	180.29	90.53	147.51	33	173.47	127.6	59.95	0	972.07
43.7169	0	0	0	0	0	0	0	0	149.16	170.61	82.39	147.51	33	173.47	127.6	59.95	0	943.69
43.7269	0	0	0	0	0	0	0	0	138.49	160.6	79.64	150.59	33	173.47	130.46	59.95	0	926.2
43.7369	0	0	0	0	0	0	0	0	130.02	150.59	74.14	150.59	33	173.47	130.46	59.95	0	902.22
43.7469	0	0	0	0	0	0	0	0	121.55	143.11	71.39	150.59	33	173.47	133.32	59.95	0	886.38
43.7569	0	0	0	0	0	0	0	0	115.28	135.52	66	150.59	35.75	176.22	136.29	59.95	0	875.6
43.7669	0	0	0	0	0	0	0	0	109.45	130.57	66	150.59	35.75	176.22	142.12	59.95	0	870.65
43.7769	0	0	0	0	0	0	0	0	105.71	125.51	63.25	150.59	35.75	178.86	144.98	62.37	0	867.02
43.7869	0	0	0	0	0	0	0	0	101.86	123.09	60.5	153.78	38.5	181.61	150.81	64.9	0	875.05
43.7969	0	0	0	0	0	0	0	0	98.01	118.03	60.5	156.97	38.5	184.25	156.53	67.32	0	880.11
43.8069	0	0	0	0	0	0	0	0	94.16	115.5	57.75	160.05	41.25	189.64	162.36	69.74	0	890.45
43.8169	0	0	0	0	0	0	0	0	88.44	110.66	57.75	166.43	41.25	197.67	168.3	69.74	0	900.24
43.8269	0	0	0	0	0	0	0	0	84.7	108.24	52.69	169.62	44	203.06	177.21	72.16	0	911.68
43.8369	0	0	0	0	0	0	0	0	77	101.2	52.69	176	44	211.2	183.15	74.69	0	919.93
43.8469	0	0	0	0	0	0	0	0	71.28	96.47	47.85	182.38	46.75	219.23	192.06	77.11	0	933.13
43.8569	0	0	0	0	0	0	0	0	63.69	91.74	45.43	188.76	46.75	224.73	201.08	81.95	0	944.13
43.8669	0	0	0	0	0	0	0	0	57.97	84.59	40.7	195.14	49.5	235.95	209.99	84.48	0	958.32
43.8769	0	0	0	0	0	0	0	0	50.93	77.55	35.86	201.63	49.5	244.31	218.9	89.32	0	968
43.8869	0	0	0	0	0	0	0	0	42.13	68.09	31.13	208.01	49.5	252.67	224.73	91.74	0	968
43.8969	0	0	0	0	0	0	0	0	35.09	56.21	26.29	214.39	49.5	261.03	233.2	94.27	0	969.98
43.9069	0	0	0	0	0	0	0	0	29.81	44.55	21.56	217.58	49.5	269.39	238.92	96.69	0	968
43.9169	0	0	0	0	0	0	0	0	26.29	35.09	16.72	220.77	49.5	275	247.39	101.53	0	972.29
43.9269	0	0	0	0	0	0	0	0	22.77	28.05	14.3	220.77	49.5	280.61	253	104.06	0	973.06
43.9369	0	0	0	0	0	0	0	0	19.25	18.7	11.88	214.39	46.75	286.33	258.72	106.48	0	962.5
43.9469	0	0	0	0	0	0	0	0	15.73	9.35	7.15	201.63	44	289.08	261.47	108.9	0	937.31
43.9569	0	0	0	0	0	0	0	0	13.97	6.93	4.73	185.57	38.5	289.08	264.33	111.32	0	914.43
43.9669	0	0	0	0	0	0	0	0	13.97	4.62	4.73	166.43	33	291.94	261.47	116.05	0	892.21
43.9769	11.55	0	0	0	0	0	0	0	12.21	4.62	4.73	147.51	30.25	294.8	258.72	120.45	11.55	873.29
43.9869	27.83	3.85	0	0	0	0	0	0	12.21	0	0	125.4	22	297.55	255.86	124.96	31.68	837.98
43.9969	128.15	21.34	9.68	3.41	0	5.83	0	0	10.45	0	0	106.48	16.5	297.55	250.14	129.47	168.41	810.59
44.0069	257.07	46.75	26.62	13.75	4.18	9.68	0	0	10.45	0	0	87.56	13.75	297.55	241.67	136.18	358.05	787.16
44.0169	257.07	67.54	43.56	22.33	8.47	11.66	0	0	8.69	0	0	65.67	8.25	294.8	233.2	140.58	410.63	751.19
44.0269	264.88	100.54	74.58	39.6	14.74	21.45	4.51	0	6.93	0	0	48.07	8.25	280.61	221.98	142.89	520.3	708.73
44.0369	264.88	118.03	91.08	53.35	16.94	29.26	7.59	7.04	5.17	0	0	33.88	5.5	252.67	204.05	147.29	588.17	648.56
44.0469	277.86	128.48	105.27	65.23	21.12	37.07	13.75	8.8	3.41	0	0	22.55	0	211.2	180.18	151.8	657.58	569.14
44.0569	277.86	126.39	114.84	67.43	21.12	46.86	16.72	12.32	0	0	0	14.08	0	168.19	156.53	149.6	683.54	488.4
44.0669	275.22	128.48	124.74	69.63	25.41	58.63	24.42	14.08	0	0	0	5.61	0	127.27	130.46	142.89	720.61	406.23
44.0769	280.39	128.48	134.64	69.63	29.59	65.34	32.01	15.84	0	0	0	0	0	94.6	107.14	122.76	755.92	324.5
44.0869	287.98	132.66	147.07	69.63	31.68	74.25	38.17	19.36	0	0	0	0	0	64.79	89.32	96.69	800.8	250.8
44.0969	303.38	138.93	164.34	74.03	35.97	80.96	42.68	21.12	0	0	0	0	0	47.52	74.36	72.16	861.41	194.04
44.1069	316.14	143.11	176.77	76.23	38.06	85.47	45.76	24.64	0	0	0	0	0	35.64	62.48	50.82	906.18	148.94
44.1169	326.37	147.29	186.78	78.43	38.06	89.98	47.3	26.4	0	0	0	0	0	26.07	53.9	40.26	940.61	120.23
44.1269	328.9	149.38	191.84	82.83	38.06	92.18	50.38	28.27	0	0	0	0	0	21.34	43.67	33.88	961.84	98.89
44.1369	331.54	151.47	194.37	87.34	40.15	96.69	50.38	30.03	0	0	0	0	0	14.19	30.8	21.12	981.97	66.11
44.1469	328.9	153.56	194.37	89.54	40.15	101.2	51.92	31.79	0	0	0	0	0	9.46	15.4	6.27	991.43	31.13
44.1569	321.31	153.56	189.31	93.94	42.35	103.4	53.46	31.79	0	0	0	0	0	7.04	10.23	4.18	989.12	21.45
44.1669	311.08	151.47	184.25	98.34	42.35	105.6	53.46	33.55	0	0	0	0	0	4.73	10.23	4.18	980.1	19.14
44.1769	300.85	149.38	176.77	102.74	42.35	110.11	53.46	33.55	0	0	0	0	0	4.73	7.7	0	969.21	12.43
44.1869	287.98	147.29	169.29	107.14	42.35	110.11	55	33.55	0	0	0	0	0	0	5.06	0	952.71	5.06
44.1969	275.22	143.11	161.92	109.34	42.35	112.42	55	33.55	0	0	0	0	0	0	0	0	932.91	0
44.2069	264.88	138.93	154.44	111.54	42.35	112.42	55	35.31	0	0	0	0	0	0	0	0	914.87	0
44.2169	254.43	134.75	149.49	113.85	44.44	114.51	56.54	35.31	0	0	0	0	0	0	0	0	903.32	0
44.2269	241.45	130.57	142.12	113.85	44.44	114.51	56.54	35.31	0	0	0	0	0	0	0	0	878.79	0
44.2369	231.11	126.39	137.17	116.05	44.44	114.51	56.54	35.31	0	0	0	0	0	0	0	0	861.52	0
44.2469	223.41	122.21	129.69	118.25	44.44	116.6	58.3	35.31	0	0	0	0	0	0	0	0	848.21	0
44.2569	213.62	118.03	124.74	118.25	44.44	116.6	58.3	35.31	0	0	0	0	0	0	0	0	829.29	0
44.2669	206.36	115.94	122.32	120.56	46.53	116.6	60.06	35.31	0	0	0	0	0	0	0	0	823.68	0
44.2769	201.52	113.85	117.37	122.76	46.53	118.69	61.93	35.31	0	0	0	0	0	0	0	0	817.96	0
44.2869	194.15	109.34	114.84	124.96	46.53	118.69	61.93	35.31	0	0	0	0	0	0	0	0	805.75	0
44.2969	186.89	107.14	110	127.27	46.53	122.98	63.69	35.31	0	0	0	0	0	0	0	0	799.81	0
44.3069	179.63	102.74	107.69	131.67	48.62	125.07	65.56	35.31	0	0	0	0	0	0	0	0	796.29	0
44.3169	172.37	100.54	105.27	136.18	48.62	129.25	67.32	37.07	0	0	0	0	0	0	0	0	796.62	0
44.3269	162.58	98.34	102.96	140.69	48.62	135.63	70.95	37.07	0	0	0	0	0	0	0	0	796.84	0
44.3369	155.21	93.94	98.23	145.09	50.82	139.92	72.82	38.83	0	0	0	0	0	0	0	0	794.86	0
44.3469	147.84	91.74	95.81	151.8	52.91	146.19	76.45	38.83	0	0	0	0	0	0	0	0	801.57	0
44.3569	140.47	87.34	93.5	156.31	52.91	152.57	80.08	40.59	0	0	0	0	0	0	0	0	803.77	0
44.3669	128.15	82.94	88.77	163.02	55	161.04	83.71	42.35	0	0	0	0	0	0	0	0	804.98	0
44.3769	118.36	78.54	81.73	169.95	55	169.73	87.23	44.11	0	0	0	0	0	0	0	0	804.65	0
44.3869	108.68	74.14	77	177.1	57.2	178.53	90.86	47.63	0	0	0	0	0	0	0	0	811.14	0
44.3969	97.68	67.54	69.85	184.14	57.2	189.53	94.49	51.15	0	0	0	0	0	0	0	0	811.58	0
44.4069	86.68	60.94	62.81	193.6	57.2	200.64	98.12	54.67	0	0	0	0	0	0	0	0	814.66	0
44.4169	75.57	54.56	53.24	200.64	59.4	209.44	103.62	62.59	0	0	0	0	0	0	0	0	819.06	0
44.4269	64.57	46.75	43.56	205.37	59.4	220.55	109.01	66.55	0	0	0	0	0	0	0	0	815.76	0
44.4369	51.04	38.94	33.88	210.1	59.4	229.35	114.51	74.69	0	0	0	0	0	0	0	0	811.91	0
44.4469	41.8	31.13	26.62	210.1	59.4	238.15	122.54	82.72	0	0	0	0	0	0	0	0	812.46	0
44.4569	37.18	25.3	21.78	207.79	57.2	246.95	128.59	90.86	0	0	0	0	0	0	0	0	815.65	0
44.4669	32.45	21.34	19.36	203.06	57.2	251.35	134.64	106.92	0	0	0	0	0	0	0	0	826.32	0
44.4769	27.83	15.51	16.94	195.91	52.91	255.75	138.6	115.17	0	0	0	0	0	0	0	0	818.62	0
44.4869	25.52	15.51	14.52	186.56	50.82	257.95	140.69	123.53	0	0	0	0	0	0	0	0	815.1	0
44.4969	25.52	13.64	14.52	172.37	46.53	260.15	140.69	129.8	0	0	0	0	0	0	0	0	803.22	0
44.5069	23.21	11.66	12.1	158.51	42.35	262.35	140.69	136.07	0	0	0	0	0	0	0	0	786.94	0
44.5169	23.21	11.66	12.1	142.89	38.06	264.55	138.6	142.34	6.93	6.93	0	0	0	0	0	0	773.41	13.86
44.5269	20.9	9.68	9.68	122.76	31.68	268.95	134.64	152.79	13.97	13.97	0	0	0	0	0	0	751.08	27.94
44.5369	18.59	9.68	9.68	104.94	27.5	268.95	130.57	161.15	42.13	35.09	4.73	8.47	0	0	0	0	731.06	90.42
44.5469	18.59	7.7	9.68	82.83	23.21	268.95	126.5	169.62	123.75	84.59	11.88	19.8	0	9.46	0	0	707.08	249.48
44.5569	16.17	7.7	7.26	63.03	16.94	264.55	120.45	178.75	157.63	125.51	21.56	45.21	0	18.92	0	0	674.85	368.83
44.5669	11.55	5.83	7.26	46.53	12.65	249.15	116.49	185.68	189.2	165.66	40.7	62.48	5.5	47.52	0	10.56	635.14	521.62
44.5769	9.24	3.85	7.26	32.67	10.56	224.95	109.01	190.3	221.65	192.39	63.25	75.02	8.25	67.54	12.76	14.74	587.84	655.6
44.5869	6.93	3.85	7.26	22.33	8.47	178.53	98.12	192.61	238.81	197.23	74.14	78.21	11	75.68	30.8	23.21	518.1	729.08
44.5969	0	0	4.84	15.51	6.27	127.16	81.84	185.68	233.86	192.39	76.89	78.21	13.75	83.82	41.03	23.21	421.3	743.16
44.6069	0	0	4.84	11.99	6.27	85.47	63.69	163.24	226.49	187.55	79.64	78.21	13.75	89.21	48.73	27.5	335.5	751.08
44.6169	0	0	0	6.82	6.27	56.65	51.92	121.44	224.07	189.97	85.03	81.29	16.5	100.1	59.51	31.79	243.1	788.26
44.6269	0	0	0	0	4.18	41.03	44.22	74.69	233.86	197.23	93.28	87.56	19.25	110.99	71.39	35.97	164.12	849.53
44.6369	0	0	0	0	0	29.26	35.09	49.39	248.6	206.91	106.92	90.75	19.25	121.88	83.27	40.26	113.74	917.84
44.6469	0	0	0	0	0	21.45	27.5	28.27	263.45	214.17	117.92	93.94	22	130.02	98.23	42.35	77.22	982.08
44.6569	0	0	0	0	0	15.62	19.8	17.6	275.77	221.43	126.28	97.02	24.75	135.41	107.14	46.53	53.02	1034.33
44.6669	0	0	0	0	0	9.68	12.21	5.28	280.72	226.27	131.89	103.29	24.75	143.66	113.08	48.73	27.17	1072.39
44.6769	0	0	0	0	0	7.81	6.05	3.52	278.19	228.69	134.64	109.56	27.5	151.8	118.91	48.73	17.38	1098.02
44.6869	0	0	0	0	0	5.83	4.51	0	270.82	228.69	131.89	115.94	27.5	157.19	121.77	50.82	10.34	1104.62
44.6969	0	0	0	0	0	5.83	2.97	0	258.5	228.69	126.28	119.02	27.5	162.69	124.63	50.82	8.8	1098.13
44.7069	0	0	0	0	0	3.85	2.97	0	243.76	221.43	123.53	125.4	27.5	168.19	124.63	52.91	6.82	1087.35
44.7169	0	0	0	0	0	0	0	0	226.49	216.59	115.17	128.48	27.5	170.83	124.63	55.11	0	1064.8
44.7269	0	0	0	0	0	0	0	0	210.1	209.33	109.67	134.86	27.5	176.22	124.63	55.11	0	1047.42
44.7369	0	0	0	0	0	0	0	0	193.82	199.65	101.42	141.13	30.25	178.86	124.63	55.11	0	1024.87
44.7469	0	0	0	0	0	0	0	0	177.65	192.39	93.28	144.32	27.5	178.86	124.63	57.53	0	996.16
44.7569	0	0	0	0	0	0	0	0	161.81	182.71	87.78	150.59	30.25	181.61	121.77	55.11	0	971.63
44.7669	0	0	0	0	0	0	0	0	149.16	173.03	79.64	153.78	30.25	184.25	118.91	57.53	0	946.55
44.7769	0	0	0	0	0	0	0	0	136.4	163.13	71.39	160.05	30.25	184.25	118.91	57.53	0	921.91
44.7869	0	0	0	0	0	0	0	0	125.84	153.12	66	163.24	30.25	187	118.91	57.53	0	901.89
44.7969	0	0	0	0	0	0	0	0	115.28	145.64	60.5	166.43	30.25	189.64	118.91	57.53	0	884.18
44.8069	0	0	0	0	0	0	0	0	107.58	138.05	55.11	172.81	30.25	192.39	118.91	59.95	0	875.05
44.8169	0	0	0	0	0	0	0	0	99.99	133.1	52.69	172.81	30.25	197.67	121.77	59.95	0	868.23
44.8269	0	0	0	0	0	0	0	0	94.16	125.51	50.27	176	30.25	200.42	124.63	59.95	0	861.19
44.8369	0	0	0	0	0	0	0	0	88.44	120.56	50.27	179.19	33	203.06	127.6	59.95	0	862.07
44.8469	0	0	0	0	0	0	0	0	82.72	115.5	47.85	182.38	33	208.45	133.32	62.37	0	865.59
44.8569	0	0	0	0	0	0	0	0	78.98	110.66	45.43	188.76	33	213.84	139.15	64.9	0	874.72
44.8669	0	0	0	0	0	0	0	0	73.15	105.93	45.43	191.95	35.75	219.23	142.12	67.32	0	880.88
44.8769	0	0	0	0	0	0	0	0	67.43	101.2	40.7	198.44	35.75	227.48	147.84	69.74	0	888.58
44.8869	0	0	0	0	0	0	0	0	59.84	94.05	38.28	201.63	35.75	235.95	156.53	69.74	0	891.77
44.8969	0	0	0	0	0	0	0	0	54.45	84.59	33.44	208.01	35.75	244.31	165.33	74.69	0	900.57
44.9069	0	0	0	0	0	0	0	0	45.65	77.55	28.71	214.39	38.5	252.67	171.27	77.11	0	905.85
44.9169	0	0	0	0	0	0	0	0	38.61	68.09	23.87	217.58	38.5	258.28	180.18	79.53	0	904.64
44.9269	0	0	0	0	0	0	0	0	33.33	58.63	21.56	220.77	41.25	266.64	189.09	81.95	0	913.22
44.9369	0	0	0	0	0	0	0	0	28.05	49.17	19.14	224.07	41.25	272.25	198.11	84.48	0	916.52
44.9469	0	0	0	0	0	0	0	0	24.53	39.82	16.72	226.93	41.25	280.61	204.05	89.32	0	923.23
44.9569	0	0	0	0	0	0	0	0	22.77	32.78	14.3	229.79	41.25	286.33	209.99	91.74	0	928.95
44.9669	0	0	0	0	0	0	0	0	21.01	28.05	11.88	229.79	41.25	291.94	215.93	94.27	0	934.12
44.9769	0	0	0	0	0	0	0	0	19.25	21.01	9.57	226.93	41.25	297.55	218.9	96.69	0	931.15
44.9869	0	0	0	0	0	0	0	0	15.73	13.97	9.57	224.07	38.5	300.41	224.73	99.11	0	926.09
44.9969	0	0	0	0	0	0	0	0	13.97	6.93	7.15	214.39	38.5	306.02	227.59	104.06	0	918.61
45.0068	0	0	0	0	0	0	0	0	13.97	4.62	4.73	198.44	35.75	308.88	227.59	106.48	0	900.46
45.0168	0	0	0	0	0	0	0	0	12.21	4.62	4.73	182.38	30.25	311.74	230.45	108.9	0	885.28
45.0268	0	0	0	0	0	0	0	0	12.21	4.62	0	163.24	24.75	314.49	230.45	113.85	0	863.61
45.0368	9.24	0	0	0	0	0	0	0	12.21	0	0	141.13	22	320.21	230.45	120.45	9.24	846.45
45.0468	23.21	3.85	0	0	0	0	0	0	10.45	0	0	122.21	16.5	322.96	227.59	124.96	27.06	824.67
45.0568	95.48	11.66	4.84	0	0	0	0	0	10.45	0	0	103.29	13.75	325.82	224.73	129.47	111.98	807.51
45.0668	249.26	42.79	24.2	11.99	0	7.81	0	0	8.69	0	0	84.48	11	325.82	218.9	136.18	336.05	785.07
45.0768	262.24	65.34	38.72	20.68	6.27	9.68	0	0	6.93	0	0	62.48	8.25	317.35	212.96	140.58	402.93	748.55
45.0868	264.88	98.34	65.12	37.84	14.74	19.47	2.97	0	6.93	0	0	45.21	5.5	303.27	204.05	142.89	503.36	707.85
45.0968	267.41	118.03	84.04	51.7	19.03	27.28	6.05	3.52	5.17	0	0	33.88	5.5	272.25	192.06	147.29	577.06	656.15
45.1068	272.58	130.57	98.23	65.23	19.03	37.07	12.21	8.8	3.41	0	0	22.55	0	224.73	174.24	149.6	643.72	574.53
45.1168	275.22	130.57	105.27	67.43	21.12	46.86	15.18	8.8	0	0	0	14.08	0	176.22	153.67	147.29	670.45	491.26
45.1268	272.58	132.66	114.84	71.83	23.21	60.83	21.34	10.56	0	0	0	8.47	0	135.41	130.46	138.38	707.85	412.72
45.1368	280.39	136.84	124.74	74.03	27.5	69.74	28.93	12.32	0	0	0	0	0	97.35	110.22	120.45	754.49	328.02
45.1468	290.62	141.02	137.17	76.23	29.59	78.76	35.09	15.84	0	0	0	0	0	67.54	89.32	91.74	804.32	248.6
45.1568	305.91	149.38	152.02	78.43	31.68	87.67	39.71	17.6	0	0	0	0	0	49.83	74.36	67.32	862.4	191.51
45.1668	318.67	153.56	166.87	82.83	33.88	92.18	42.68	19.36	0	0	0	0	0	35.64	62.48	50.82	910.03	148.94
45.1768	328.9	159.83	174.24	87.34	35.97	98.89	44.22	21.12	0	0	0	0	0	26.07	53.9	38.06	950.51	118.03
45.1868	331.54	164.01	179.3	91.74	35.97	103.4	47.3	22.88	0	0	0	0	0	21.34	43.67	31.79	976.14	96.8
45.1968	331.54	166.1	179.3	98.34	35.97	107.91	47.3	22.88	0	0	0	0	0	14.19	28.27	16.94	989.34	59.4
45.2068	328.9	168.3	179.3	102.74	35.97	112.42	47.3	24.64	0	0	0	0	0	7.04	12.76	6.27	999.57	26.07
45.2168	318.67	168.3	174.24	107.14	35.97	114.51	47.3	26.4	0	0	0	0	0	7.04	10.23	6.27	992.53	23.54
45.2268	311.08	166.1	169.29	111.54	35.97	116.6	47.3	26.4	0	0	0	0	0	4.73	7.7	6.27	984.28	18.7
45.2368	300.85	164.01	161.92	116.05	38.06	118.69	47.3	26.4	0	0	0	0	0	0	5.06	4.18	973.28	9.24
45.2468	287.98	161.92	156.97	118.25	38.06	118.69	48.84	28.27	0	0	0	0	0	0	0	0	958.98	0
45.2568	277.86	157.74	149.49	120.56	38.06	120.78	48.84	28.27	0	0	0	0	0	0	0	0	941.6	0
45.2668	264.88	151.47	144.54	120.56	38.06	120.78	50.38	30.03	0	0	0	0	0	0	0	0	920.7	0
45.2768	254.43	145.2	139.59	120.56	38.06	118.69	50.38	30.03	0	0	0	0	0	0	0	0	896.94	0
45.2868	244.09	141.02	134.64	118.25	40.15	118.69	51.92	30.03	0	0	0	0	0	0	0	0	878.79	0
45.2968	236.28	134.75	129.69	116.05	40.15	116.6	53.46	30.03	0	0	0	0	0	0	0	0	857.01	0
45.3068	228.58	128.48	127.27	116.05	40.15	116.6	53.46	30.03	0	0	0	0	0	0	0	0	840.62	0
45.3168	220.88	126.39	124.74	116.05	42.35	116.6	55	31.79	0	0	0	0	0	0	0	0	833.8	0
45.3268	213.62	122.21	122.32	116.05	42.35	116.6	55	31.79	0	0	0	0	0	0	0	0	819.94	0
45.3368	208.78	118.03	119.79	116.05	42.35	116.6	56.54	31.79	0	0	0	0	0	0	0	0	809.93	0
45.3468	201.52	115.94	117.37	116.05	42.35	118.69	56.54	33.55	0	0	0	0	0	0	0	0	802.01	0
45.3568	199.1	111.54	114.84	118.25	44.44	120.78	58.3	33.55	0	0	0	0	0	0	0	0	800.8	0
45.3668	191.73	109.34	114.84	120.56	44.44	122.98	61.93	35.31	0	0	0	0	0	0	0	0	801.13	0
45.3768	186.89	107.14	112.42	122.76	46.53	127.16	63.69	35.31	0	0	0	0	0	0	0	0	801.9	0
45.3868	179.63	104.94	110	127.27	46.53	133.54	65.56	38.83	0	0	0	0	0	0	0	0	806.3	0
45.3968	172.37	102.74	110	131.67	48.62	137.72	69.19	38.83	0	0	0	0	0	0	0	0	811.14	0
45.4068	165	98.34	105.27	136.18	48.62	144.1	72.82	40.59	0	0	0	0	0	0	0	0	810.92	0
45.4168	155.21	96.14	102.96	140.69	50.82	152.57	76.45	44.11	0	0	0	0	0	0	0	0	818.95	0
45.4268	145.31	91.74	98.23	147.4	50.82	161.04	80.08	45.87	0	0	0	0	0	0	0	0	820.49	0
45.4368	135.52	87.34	91.08	154.11	52.91	167.53	83.71	49.39	0	0	0	0	0	0	0	0	821.59	0
45.4468	125.73	80.74	86.35	160.82	55	176.33	89.1	52.91	0	0	0	0	0	0	0	0	826.98	0
45.4568	113.41	76.34	79.31	165.33	55	185.13	92.73	56.54	0	0	0	0	0	0	0	0	823.79	0
45.4668	102.08	69.74	72.27	174.68	57.2	194.04	98.12	62.59	0	0	0	0	0	0	0	0	830.72	0
45.4768	91.08	65.34	62.81	179.41	57.2	202.84	101.75	66.55	0	0	0	0	0	0	0	0	826.98	0
45.4868	79.97	56.54	55.77	184.14	57.2	211.64	107.25	72.6	0	0	0	0	0	0	0	0	825.11	0
45.4968	68.97	48.73	45.98	191.29	59.4	220.55	110.88	80.74	0	0	0	0	0	0	0	0	826.54	0
45.5068	55.77	40.92	36.3	193.6	59.4	229.35	116.49	86.79	0	0	0	0	0	0	0	0	818.62	0
45.5168	44.11	33.11	29.04	198.33	59.4	235.95	122.54	100.87	0	0	0	0	0	0	0	0	823.35	0
45.5268	39.49	29.15	24.2	198.33	59.4	242.55	126.5	109.01	0	0	0	0	0	0	0	0	828.63	0
45.5368	34.76	23.32	21.78	195.91	59.4	249.15	130.57	117.26	0	0	0	0	0	0	0	0	832.15	0
45.5468	30.14	19.47	16.94	191.29	55	253.55	132.55	123.53	0	0	0	0	0	0	0	0	822.47	0
45.5568	27.83	15.51	14.52	181.83	52.91	255.75	134.64	131.89	0	0	0	0	0	0	0	0	814.88	0
45.5668	25.52	13.64	14.52	169.95	48.62	260.15	132.55	136.07	0	0	0	0	0	0	0	0	801.02	0
45.5768	23.21	13.64	12.1	156.31	44.44	262.35	130.57	142.34	5.17	4.62	0	0	0	0	0	0	784.96	9.79
45.5868	23.21	11.66	12.1	140.69	38.06	266.75	126.5	148.61	10.45	11.66	0	0	0	0	0	0	767.58	22.11
45.5968	20.9	11.66	9.68	122.76	33.88	268.95	124.52	154.88	22.77	18.7	0	0	0	0	0	0	747.23	41.47
45.6068	18.59	9.68	9.68	104.94	27.5	268.95	120.45	163.24	82.72	56.21	7.15	14.08	0	4.73	0	0	723.03	164.89
45.6168	18.59	9.68	9.68	85.03	23.21	266.75	116.49	171.82	140.69	101.2	16.72	28.27	0	11.88	0	0	701.25	298.76
45.6268	16.17	7.7	9.68	63.03	16.94	260.15	112.64	178.75	166.1	140.58	31.13	50.82	5.5	30.8	0	8.47	665.06	433.4
45.6368	13.86	5.83	7.26	46.53	12.65	246.95	109.01	185.68	207.79	177.87	57.75	65.67	8.25	56.98	7.7	16.94	627.77	598.95
45.6468	11.55	5.83	7.26	32.67	10.56	218.24	103.62	190.3	236.28	194.81	74.14	75.02	11	75.68	25.63	25.41	580.03	717.97
45.6568	6.93	3.85	7.26	22.33	8.47	174.13	96.36	192.61	241.23	192.39	79.64	75.02	13.75	78.32	35.97	27.5	511.94	743.82
45.6668	0	0	4.84	15.51	6.27	125.07	81.84	185.68	224.07	182.71	79.64	75.02	16.5	83.82	43.67	29.59	419.21	735.02
45.6768	0	0	4.84	10.34	6.27	85.47	65.56	165.33	212.41	175.45	79.64	75.02	16.5	91.96	48.73	31.79	337.81	731.5
45.6868	0	0	0	6.82	6.27	58.63	53.46	121.44	212.41	177.87	85.03	78.21	19.25	102.74	62.48	35.97	246.62	773.96
45.6968	0	0	0	0	4.18	42.9	44.22	76.67	224.07	187.55	98.67	84.48	22	113.63	74.36	40.26	167.97	845.02
45.7068	0	0	0	0	0	31.24	36.63	51.15	241.23	197.23	109.67	87.56	24.75	121.88	86.35	46.53	119.02	915.2
45.7168	0	0	0	0	0	23.43	30.47	30.03	258.5	204.49	123.53	90.75	27.5	130.02	101.2	48.73	83.93	984.72
45.7268	0	0	0	0	0	17.49	22.88	21.12	268.4	211.75	131.89	97.02	30.25	138.16	113.08	52.91	61.49	1043.46
45.7368	0	0	0	0	0	13.64	15.18	8.8	268.4	216.59	137.5	103.29	33	146.3	121.77	55.11	37.62	1081.96
45.7468	0	0	0	0	0	9.68	7.59	3.52	263.45	221.43	134.64	112.75	33	157.19	127.6	57.53	20.79	1107.59
45.7568	0	0	0	0	0	7.81	4.51	0	253.55	221.43	134.64	119.02	35.75	165.44	133.32	59.95	12.32	1123.1
45.7668	0	0	0	0	0	5.83	4.51	0	243.76	219.01	131.89	125.4	35.75	170.83	136.29	62.37	10.34	1125.3
45.7768	0	0	0	0	0	3.85	2.97	0	226.49	214.17	123.53	131.67	35.75	178.86	139.15	62.37	6.82	1111.99
45.7868	0	0	0	0	0	0	0	0	210.1	206.91	117.92	137.94	35.75	184.25	142.12	64.9	0	1099.89
45.7968	0	0	0	0	0	0	0	0	193.82	199.65	109.67	144.32	38.5	189.64	142.12	64.9	0	1082.62
45.8068	0	0	0	0	0	0	0	0	177.65	189.97	104.17	150.59	38.5	192.39	142.12	67.32	0	1062.71
45.8168	0	0	0	0	0	0	0	0	163.9	180.29	96.03	153.78	38.5	195.03	142.12	67.32	0	1036.97
45.8268	0	0	0	0	0	0	0	0	149.16	170.61	87.78	156.97	38.5	197.67	142.12	67.32	0	1010.13
45.8368	0	0	0	0	0	0	0	0	136.4	160.6	79.64	163.24	38.5	197.67	139.15	67.32	0	982.52
45.8468	0	0	0	0	0	0	0	0	125.84	150.59	74.14	166.43	35.75	200.42	139.15	67.32	0	959.64
45.8568	0	0	0	0	0	0	0	0	113.3	143.11	68.75	169.62	35.75	203.06	136.29	69.74	0	939.62
45.8668	0	0	0	0	0	0	0	0	105.71	133.1	60.5	172.81	35.75	205.81	136.29	69.74	0	919.71
45.8768	0	0	0	0	0	0	0	0	96.14	125.51	55.11	176	35.75	208.45	139.15	69.74	0	905.85
45.8868	0	0	0	0	0	0	0	0	86.57	118.03	52.69	179.19	35.75	211.2	139.15	69.74	0	892.32
45.8968	0	0	0	0	0	0	0	0	80.85	110.66	47.85	182.38	35.75	213.84	139.15	69.74	0	880.22
45.9068	0	0	0	0	0	0	0	0	73.15	105.93	45.43	185.57	35.75	216.59	142.12	69.74	0	874.28
45.9168	0	0	0	0	0	0	0	0	67.43	98.78	43.12	185.57	35.75	219.23	142.12	72.16	0	864.16
45.9268	0	0	0	0	0	0	0	0	61.71	94.05	38.28	188.76	38.5	221.98	147.84	74.69	0	865.81
45.9368	0	0	0	0	0	0	0	0	57.97	89.32	35.86	188.76	38.5	224.73	150.81	74.69	0	860.64
45.9468	0	0	0	0	0	0	0	0	54.45	84.59	35.86	191.95	38.5	230.34	153.67	74.69	0	864.05
45.9568	0	0	0	0	0	0	0	0	50.93	79.86	33.44	195.14	38.5	233.09	159.5	77.11	0	867.57
45.9668	0	0	0	0	0	0	0	0	47.41	75.13	31.13	198.44	41.25	238.7	165.33	77.11	0	874.5
45.9768	0	0	0	0	0	0	0	0	43.89	72.82	28.71	201.63	41.25	241.45	171.27	79.53	0	880.55
45.9868	0	0	0	0	0	0	0	0	40.37	68.09	26.29	204.82	41.25	247.06	177.21	81.95	0	887.04
45.9968	0	0	0	0	0	0	0	0	35.09	60.94	23.87	208.01	44	252.67	183.15	84.48	0	892.21
46.0068	0	0	0	0	0	0	0	0	33.33	56.21	23.87	211.2	44	258.28	192.06	84.48	0	903.43
46.0168	0	0	0	0	0	0	0	0	29.81	51.59	21.56	214.39	46.75	263.89	201.08	86.9	0	915.97
46.0268	0	0	0	0	0	0	0	0	26.29	44.55	19.14	217.58	46.75	269.39	209.99	91.74	0	925.43
46.0368	0	0	0	0	0	0	0	0	24.53	37.51	16.72	220.77	46.75	275	218.9	94.27	0	934.45
46.0468	0	0	0	0	0	0	0	0	22.77	32.78	14.3	220.77	49.5	280.61	227.59	96.69	0	945.01
46.0568	0	0	0	0	0	0	0	0	21.01	28.05	11.88	220.77	49.5	286.33	236.06	99.11	0	952.71
46.0668	0	0	0	0	0	0	0	0	19.25	21.01	11.88	217.58	49.5	291.94	241.67	101.53	0	954.36
46.0768	0	0	0	0	0	0	0	0	15.73	13.97	9.57	211.2	46.75	294.8	247.39	104.06	0	943.47
46.0868	6.93	0	0	0	0	0	0	0	13.97	6.93	7.15	201.63	44	297.55	250.14	106.48	6.93	927.85
46.0968	11.55	0	0	0	0	0	0	0	12.21	4.62	4.73	185.57	41.25	297.55	253	111.32	11.55	910.25
46.1068	18.59	0	0	0	0	0	0	0	12.21	4.62	4.73	169.62	35.75	300.41	255.86	113.85	18.59	897.05
46.1168	55.77	3.85	0	0	0	0	0	0	12.21	0	4.73	153.78	33	303.27	255.86	118.25	59.62	881.1
46.1268	150.26	19.47	14.52	0	0	3.85	0	0	12.21	0	0	134.86	27.5	308.88	253	124.96	188.1	861.41
46.1368	203.94	38.94	26.62	10.34	4.18	3.85	0	0	10.45	0	0	115.94	22	308.88	250.14	129.47	287.87	836.88
46.1468	213.62	58.74	43.56	24.09	10.56	9.68	0	0	10.45	0	0	97.02	16.5	308.88	241.67	133.87	360.25	808.39
46.1568	223.41	82.94	65.12	32.67	14.74	17.49	4.51	3.52	8.69	0	0	75.02	13.75	303.27	236.06	138.38	444.4	775.17
46.1668	228.58	96.14	79.31	44.77	16.94	25.3	9.13	7.04	6.93	0	0	53.68	8.25	291.94	224.73	142.89	507.21	728.42
46.1768	228.58	100.54	86.35	49.94	19.03	35.09	13.75	10.56	6.93	0	0	39.6	5.5	269.39	212.96	145.09	543.84	679.47
46.1868	228.58	102.74	91.08	51.7	21.12	42.9	16.72	12.32	5.17	0	0	28.27	5.5	233.09	198.11	147.29	567.16	617.43
46.1968	223.41	102.74	95.81	51.7	23.21	48.84	22.88	12.32	0	0	0	16.94	0	187	174.24	147.29	580.91	525.47
46.2068	228.58	104.94	102.96	51.7	25.41	54.67	27.5	15.84	0	0	0	8.47	0	149.05	150.81	145.09	611.6	453.42
46.2168	236.28	109.34	114.84	53.35	27.5	60.83	33.55	17.6	0	0	0	5.61	0	116.38	121.77	133.87	653.29	377.63
46.2268	251.9	113.85	129.69	53.35	29.59	67.54	38.17	19.36	0	0	0	0	0	83.82	104.17	116.05	703.45	304.04
46.2368	270.05	120.12	147.07	53.35	31.68	72.05	41.25	22.88	0	0	0	0	0	62.04	86.35	91.74	758.45	240.13
46.2468	285.45	124.3	161.92	56.87	33.88	76.56	44.22	26.4	0	0	0	0	0	45.1	74.36	69.74	809.6	189.2
46.2568	295.68	130.57	174.24	58.63	35.97	83.27	47.3	28.27	0	0	0	0	0	33.22	62.48	50.82	853.93	146.52
46.2668	300.85	132.66	181.83	63.03	38.06	87.67	50.38	30.03	0	0	0	0	0	26.07	53.9	38.06	884.51	118.03
46.2768	303.38	136.84	184.25	67.43	38.06	92.18	51.92	33.55	0	0	0	0	0	21.34	43.67	31.79	907.61	96.8
46.2868	303.38	138.93	189.31	71.83	40.15	96.69	53.46	35.31	0	0	0	0	0	16.61	33.33	21.12	929.06	71.06
46.2968	303.38	141.02	189.31	76.23	40.15	101.2	56.54	37.07	0	0	0	0	0	11.88	17.93	10.56	944.9	40.37
46.3068	300.85	141.02	189.31	78.43	40.15	103.4	58.3	38.83	0	0	0	0	0	7.04	12.76	8.47	950.29	28.27
46.3168	298.21	141.02	186.78	80.63	42.35	105.6	60.06	40.59	0	0	0	0	0	4.73	10.23	8.47	955.24	23.43
46.3268	293.15	141.02	186.78	82.83	42.35	107.91	61.93	42.35	0	0	0	0	0	0	7.7	4.18	958.32	11.88
46.3368	287.98	138.93	184.25	82.83	44.44	110.11	63.69	44.11	0	0	0	0	0	0	5.06	0	956.34	5.06
46.3468	277.86	134.75	179.3	85.03	44.44	110.11	65.56	45.87	0	0	0	0	0	0	0	0	942.92	0
46.3568	270.05	132.66	174.24	87.34	44.44	112.42	65.56	45.87	0	0	0	0	0	0	0	0	932.58	0
46.3668	259.6	128.48	169.29	87.34	46.53	112.42	67.32	47.63	0	0	0	0	0	0	0	0	918.61	0
46.3768	249.26	124.3	161.92	89.54	46.53	114.51	69.19	49.39	0	0	0	0	0	0	0	0	904.64	0
46.3868	241.45	122.21	156.97	91.74	46.53	114.51	70.95	49.39	0	0	0	0	0	0	0	0	893.75	0
46.3968	231.11	118.03	152.02	91.74	48.62	116.6	70.95	49.39	0	0	0	0	0	0	0	0	878.46	0
46.4068	223.41	115.94	147.07	93.94	48.62	118.69	72.82	51.15	0	0	0	0	0	0	0	0	871.64	0
46.4168	213.62	111.54	142.12	93.94	48.62	118.69	74.58	52.91	0	0	0	0	0	0	0	0	856.02	0
46.4268	206.36	107.14	137.17	96.14	50.82	120.78	76.45	52.91	0	0	0	0	0	0	0	0	847.77	0
46.4367	201.52	104.94	132.22	98.34	50.82	120.78	78.21	56.54	0	0	0	0	0	0	0	0	843.37	0
46.4467	194.15	100.54	129.69	98.34	52.91	122.98	80.08	58.52	0	0	0	0	0	0	0	0	837.21	0
46.4567	186.89	98.34	127.27	102.74	52.91	125.07	81.84	60.5	0	0	0	0	0	0	0	0	835.56	0
46.4667	182.05	96.14	124.74	104.94	55	129.25	85.47	64.57	0	0	0	0	0	0	0	0	842.16	0
46.4767	174.79	91.74	122.32	107.14	57.2	131.45	87.23	68.64	0	0	0	0	0	0	0	0	840.51	0
46.4867	167.53	89.54	119.79	109.34	57.2	135.63	90.86	70.62	0	0	0	0	0	0	0	0	840.51	0
46.4967	160.05	87.34	117.37	113.85	59.4	139.92	94.49	74.69	0	0	0	0	0	0	0	0	847.11	0
46.5067	155.21	85.14	114.84	116.05	61.71	146.19	98.12	84.81	0	0	0	0	0	0	0	0	862.07	0
46.5167	147.84	80.74	112.42	120.56	61.71	150.48	101.75	88.77	0	0	0	0	0	0	0	0	864.27	0
46.5267	137.94	78.54	107.69	124.96	64.02	156.86	105.38	94.82	0	0	0	0	0	0	0	0	870.21	0
46.5367	130.57	74.14	100.54	129.47	64.02	163.13	109.01	98.89	0	0	0	0	0	0	0	0	869.77	0
46.5467	118.36	69.74	93.5	136.18	66.33	169.73	112.64	102.96	0	0	0	0	0	0	0	0	869.44	0
46.5567	108.68	63.14	86.35	140.69	66.33	176.33	116.49	106.92	0	0	0	0	0	0	0	0	864.93	0
46.5667	97.68	58.74	79.31	145.09	66.33	182.93	122.54	110.99	0	0	0	0	0	0	0	0	863.61	0
46.5767	88.88	52.58	69.85	149.6	66.33	191.73	126.5	115.17	0	0	0	0	0	0	0	0	860.64	0
46.5867	75.57	46.75	60.39	156.31	68.64	198.44	134.64	119.35	0	0	0	0	0	0	0	0	860.09	0
46.5967	62.37	38.94	45.98	160.82	70.95	205.04	140.69	123.53	0	0	0	0	0	0	0	0	848.32	0
46.6067	48.73	31.13	36.3	163.02	70.95	211.64	148.72	125.62	0	0	0	0	0	0	0	0	836.11	0
46.6167	39.49	25.3	29.04	163.02	68.64	218.24	154.77	131.89	0	0	0	0	0	0	0	0	830.39	0
46.6267	34.76	21.34	24.2	158.51	66.33	222.75	160.82	136.07	5.17	6.93	0	0	0	0	0	0	824.78	12.1
46.6367	30.14	17.49	21.78	151.8	64.02	227.15	166.87	138.16	8.69	9.35	0	0	0	0	0	0	817.41	18.04
46.6467	25.52	13.64	16.94	142.89	59.4	229.35	168.96	144.43	13.97	13.97	0	0	0	0	0	0	801.13	27.94
46.6567	23.21	11.66	14.52	129.47	52.91	229.35	170.94	148.61	31.57	25.74	4.73	5.61	0	0	0	0	780.67	67.65
46.6667	20.9	11.66	14.52	113.85	48.62	229.35	170.94	150.7	78.98	56.21	11.88	14.08	0	0	0	0	760.54	161.15
46.6767	18.59	9.68	12.1	93.94	40.15	229.35	168.96	156.97	138.49	118.03	31.13	45.21	0	18.92	7.7	4.18	729.74	363.66
46.6867	18.59	7.7	12.1	76.23	33.88	227.15	164.89	163.24	184.58	175.45	52.69	75.02	8.25	49.83	20.46	16.94	703.78	583.22
46.6967	16.17	7.7	9.68	56.87	27.5	220.55	156.75	167.42	205.48	187.55	68.75	84.48	11	62.04	20.46	14.74	662.64	654.5
46.7067	13.86	7.7	9.68	39.6	21.12	209.44	148.72	171.82	200.86	180.29	71.39	84.48	13.75	67.54	33.33	21.12	621.94	672.76
46.7167	13.86	3.85	9.68	25.85	14.74	191.73	138.6	174.13	186.89	168.19	71.39	84.48	13.75	72.93	41.03	21.12	572.44	659.78
46.7267	9.24	3.85	7.26	17.16	10.56	158.95	126.5	174.13	175.34	163.13	71.39	84.48	16.5	78.32	48.73	23.21	507.65	661.1
46.7367	4.62	0	7.26	10.34	8.47	120.78	107.25	169.62	179.96	168.19	76.89	90.75	16.5	89.21	53.9	27.5	428.34	702.9
46.7467	0	0	4.84	3.41	6.27	85.47	81.84	156.97	193.82	177.87	85.03	93.94	19.25	97.35	62.48	31.79	338.8	761.53
46.7567	0	0	0	0	6.27	58.63	61.93	129.8	214.72	187.55	96.03	97.02	22	102.74	71.39	33.88	256.63	825.33
46.7667	0	0	0	0	6.27	42.9	48.84	82.72	236.28	194.81	109.67	97.02	22	105.49	80.3	38.06	180.73	883.63
46.7767	0	0	0	0	0	33.22	41.25	49.39	251.13	204.49	117.92	100.21	24.75	110.99	86.35	38.06	123.86	933.9
46.7867	0	0	0	0	0	23.43	33.55	33.55	258.5	209.33	123.53	103.29	27.5	116.38	92.29	40.26	90.53	971.08
46.7967	0	0	0	0	0	17.49	25.96	21.12	256.08	211.75	123.53	106.48	27.5	119.13	95.26	42.35	64.57	982.08
46.8067	0	0	0	0	0	11.66	18.26	10.56	251.13	214.17	123.53	112.75	27.5	124.52	98.23	44.44	40.48	996.27
46.8167	0	0	0	0	0	7.81	10.67	3.52	246.18	216.59	120.78	119.02	30.25	130.02	101.2	46.53	22	1010.57
46.8267	0	0	0	0	0	5.83	6.05	3.52	238.81	216.59	120.78	125.4	30.25	135.41	104.17	46.53	15.4	1017.94
46.8367	0	0	0	0	0	3.85	4.51	0	233.86	216.59	120.78	128.48	30.25	140.91	104.17	48.73	8.36	1023.77
46.8467	0	0	0	0	0	0	2.97	0	226.49	216.59	120.78	134.86	30.25	143.66	107.14	48.73	2.97	1028.5
46.8567	0	0	0	0	0	0	0	0	219.34	214.17	117.92	137.94	30.25	146.3	107.14	48.73	0	1021.79
46.8667	0	0	0	0	0	0	0	0	214.72	209.33	115.17	141.13	33	149.05	110.22	50.82	0	1023.44
46.8767	0	0	0	0	0	0	0	0	205.48	204.49	115.17	141.13	33	151.8	110.22	50.82	0	1012.11
46.8867	0	0	0	0	0	0	0	0	200.86	202.07	112.42	144.32	33	151.8	113.08	50.82	0	1008.37
46.8967	0	0	0	0	0	0	0	0	193.82	194.81	109.67	144.32	33	151.8	113.08	50.82	0	991.32
46.9067	0	0	0	0	0	0	0	0	186.89	189.97	106.92	144.32	33	151.8	113.08	52.91	0	978.89
46.9167	0	0	0	0	0	0	0	0	179.96	185.13	104.17	144.32	33	154.55	113.08	52.91	0	967.12
46.9267	0	0	0	0	0	0	0	0	173.03	180.29	101.42	147.51	33	154.55	113.08	52.91	0	955.79
46.9367	0	0	0	0	0	0	0	0	166.1	175.45	98.67	147.51	33	154.55	113.08	52.91	0	941.27
46.9467	0	0	0	0	0	0	0	0	157.63	173.03	96.03	150.59	33	157.19	113.08	52.91	0	933.46
46.9567	0	0	0	0	0	0	0	0	151.25	168.19	90.53	156.97	33	159.94	115.94	52.91	0	928.73
46.9667	0	0	0	0	0	0	0	0	142.78	163.13	87.78	160.05	35.75	165.44	115.94	55.11	0	925.98
46.9767	0	0	0	0	0	0	0	0	136.4	155.65	85.03	163.24	35.75	168.19	118.91	55.11	0	918.28
46.9867	0	0	0	0	0	0	0	0	127.93	153.12	82.39	169.62	35.75	173.47	121.77	57.53	0	921.58
46.9967	0	0	0	0	0	0	0	0	121.55	148.06	79.64	176	38.5	178.86	124.63	57.53	0	924.77
47.0067	0	0	0	0	0	0	0	0	115.28	143.11	76.89	182.38	38.5	184.25	127.6	57.53	0	925.54
47.0167	0	0	0	0	0	0	0	0	109.45	138.05	74.14	188.76	38.5	192.39	133.32	59.95	0	934.56
47.0267	0	0	0	0	0	0	0	0	101.86	130.57	71.39	195.14	38.5	197.67	139.15	62.37	0	936.65
47.0367	0	0	0	0	0	0	0	0	96.14	125.51	66	201.63	41.25	205.81	144.98	64.9	0	946.22
47.0467	0	0	0	0	0	0	0	0	88.44	120.56	63.25	211.2	41.25	213.84	150.81	67.32	0	956.67
47.0567	0	0	0	0	0	0	0	0	80.85	113.08	57.75	217.58	44	221.98	153.67	69.74	0	958.65
47.0667	0	0	0	0	0	0	0	0	73.15	105.93	52.69	226.93	44	233.09	162.36	72.16	0	970.31
47.0767	0	0	0	0	0	0	0	0	65.56	96.47	47.85	232.76	44	241.45	168.3	74.69	0	971.08
47.0867	0	0	0	0	0	0	2.97	0	56.21	87.01	43.12	238.59	46.75	252.67	174.24	77.11	2.97	975.7
47.0967	0	0	0	0	0	0	2.97	0	47.41	75.13	35.86	247.28	46.75	261.03	183.15	79.53	2.97	976.14
47.1067	0	0	0	0	0	0	2.97	0	36.85	63.36	28.71	253.11	46.75	269.39	189.09	84.48	2.97	971.74
47.1167	0	0	0	0	0	0	2.97	0	29.81	49.17	23.87	255.97	46.75	280.61	195.14	86.9	2.97	968.22
47.1267	0	0	0	0	0	0	0	0	26.29	39.82	19.14	255.97	46.75	286.33	201.08	89.32	0	964.7
47.1367	0	0	0	0	0	0	0	0	22.77	32.78	16.72	255.97	44	294.8	207.02	91.74	0	965.8
47.1467	0	0	0	0	0	0	0	0	19.25	23.43	11.88	247.28	44	300.41	212.96	94.27	0	953.48
47.1567	0	0	0	0	0	0	0	0	15.73	13.97	9.57	238.59	38.5	303.27	218.9	96.69	0	935.22
47.1667	0	0	0	0	0	0	0	0	15.73	9.35	7.15	220.77	35.75	308.88	218.9	99.11	0	915.64
47.1767	6.93	0	0	0	0	0	0	0	13.97	6.93	7.15	201.63	30.25	308.88	218.9	104.06	6.93	891.77
47.1867	23.21	0	0	0	0	0	0	0	12.21	6.93	4.73	179.19	24.75	314.49	215.93	106.48	23.21	864.71
47.1967	95.48	9.68	7.26	0	0	0	0	0	12.21	6.93	4.73	160.05	19.25	320.21	215.93	111.32	112.42	850.63
47.2067	251.9	38.94	26.62	10.34	4.18	5.83	0	0	12.21	4.62	0	134.86	16.5	320.21	212.96	118.25	337.81	819.61
47.2167	264.88	58.74	41.14	18.92	6.27	9.68	0	0	10.45	4.62	0	109.56	11	320.21	207.02	122.76	399.63	785.62
47.2267	264.88	87.34	67.54	34.43	12.65	17.49	2.97	0	8.69	0	0	81.29	8.25	314.49	201.08	127.16	487.3	740.96
47.2367	264.88	109.34	86.35	46.53	16.94	27.28	7.59	5.28	6.93	0	0	56.54	5.5	297.55	195.14	131.67	564.19	693.33
47.2467	267.41	118.03	95.81	58.63	19.03	33.22	12.21	8.8	5.17	0	0	39.6	5.5	266.64	183.15	138.38	613.14	638.44
47.2567	270.05	120.12	105.27	60.83	21.12	42.9	16.72	10.56	3.41	0	0	25.41	0	216.59	168.3	142.89	647.57	556.6
47.2667	267.41	120.12	114.84	63.03	23.21	52.69	21.34	12.32	0	0	0	14.08	0	168.19	144.98	142.89	674.96	470.14
47.2767	272.58	122.21	124.74	63.03	25.41	60.83	27.5	14.08	0	0	0	8.47	0	127.27	121.77	133.87	710.38	391.38
47.2867	280.39	126.39	137.17	65.23	29.59	67.54	33.55	15.84	0	0	0	5.61	0	91.96	101.2	118.25	755.7	317.02
47.2967	295.68	130.57	154.44	65.23	31.68	74.25	39.71	19.36	0	0	0	0	0	64.79	83.27	89.32	810.92	237.38
47.3067	313.61	136.84	169.29	67.43	33.88	80.96	42.68	21.12	0	0	0	0	0	47.52	71.39	67.32	865.81	186.23
47.3167	326.37	141.02	184.25	69.63	35.97	85.47	45.76	22.88	0	0	0	0	0	35.64	59.51	48.73	911.35	143.88
47.3267	334.07	143.11	191.84	71.83	35.97	89.98	48.84	24.64	0	0	0	0	0	26.07	48.73	38.06	940.28	112.86
47.3367	339.35	145.2	199.32	76.23	38.06	92.18	48.84	26.4	0	0	0	0	0	21.34	41.03	29.59	965.58	91.96
47.3467	339.35	147.29	201.85	76.23	38.06	94.49	50.38	26.4	0	0	0	0	0	14.19	28.27	16.94	974.05	59.4
47.3567	339.35	147.29	201.85	78.43	40.15	94.49	51.92	28.27	0	0	0	0	0	9.46	15.4	8.47	981.75	33.33
47.3667	336.71	145.2	199.32	78.43	40.15	96.69	53.46	28.27	0	0	0	0	0	7.04	10.23	8.47	978.23	25.74
47.3767	331.54	143.11	196.79	80.63	40.15	96.69	55	28.27	0	0	0	0	0	7.04	7.7	6.27	972.18	21.01
47.3867	326.37	141.02	194.37	78.43	42.35	94.49	55	30.03	0	0	0	0	0	4.73	5.06	4.18	962.06	13.97
47.3967	321.31	136.84	191.84	78.43	42.35	94.49	56.54	30.03	0	0	0	0	0	0	0	0	951.83	0
47.4067	313.61	132.66	184.25	76.23	42.35	94.49	58.3	30.03	0	0	0	0	0	0	0	0	931.92	0
47.4167	303.38	128.48	181.83	76.23	42.35	92.18	58.3	30.03	0	0	0	0	0	0	0	0	912.78	0
47.4267	293.15	122.21	176.77	76.23	42.35	92.18	60.06	30.03	0	0	0	0	0	0	0	0	892.98	0
47.4367	280.39	118.03	169.29	76.23	44.44	94.49	61.93	31.79	0	0	0	0	0	0	0	0	876.59	0
47.4467	270.05	113.85	164.34	76.23	46.53	94.49	63.69	31.79	0	0	0	0	0	0	0	0	860.97	0
47.4567	257.07	109.34	159.39	78.43	46.53	96.69	65.56	33.55	0	0	0	0	0	0	0	0	846.56	0
47.4667	244.09	107.14	152.02	82.83	46.53	101.2	67.32	33.55	0	0	0	0	0	0	0	0	834.68	0
47.4767	231.11	104.94	147.07	85.03	48.62	105.6	69.19	35.31	0	0	0	0	0	0	0	0	826.87	0
47.4867	218.46	100.54	139.59	89.54	48.62	110.11	72.82	35.31	0	0	0	0	0	0	0	0	814.99	0
47.4967	208.78	98.34	134.64	96.14	50.82	114.51	74.58	37.07	0	0	0	0	0	0	0	0	814.88	0
47.5067	194.15	93.94	127.27	102.74	50.82	120.78	78.21	40.59	0	0	0	0	0	0	0	0	808.5	0
47.5167	182.05	91.74	122.32	107.14	52.91	127.16	80.08	40.59	0	0	0	0	0	0	0	0	803.99	0
47.5267	169.95	87.34	114.84	113.85	55	135.63	83.71	44.11	0	0	0	0	0	0	0	0	804.43	0
47.5367	157.63	85.14	107.69	122.76	55	142.01	87.23	45.87	0	0	0	0	0	0	0	0	803.33	0
47.5467	145.31	80.74	100.54	129.47	55	150.48	90.86	49.39	0	0	0	0	0	0	0	0	801.79	0
47.5567	133.1	76.34	93.5	136.18	57.2	158.95	94.49	51.15	0	0	0	0	0	0	0	0	800.91	0
47.5667	120.78	71.94	86.35	142.89	57.2	167.53	98.12	54.67	0	0	0	0	0	0	0	0	799.48	0
47.5767	108.68	67.54	77	151.8	59.4	178.53	101.75	60.5	0	0	0	0	0	0	0	0	805.2	0
47.5867	97.68	60.94	69.85	158.51	59.4	185.13	105.38	66.55	0	0	0	0	0	0	0	0	803.44	0
47.5967	86.68	54.56	62.81	165.33	61.71	194.04	109.01	70.62	0	0	0	0	0	0	0	0	804.76	0
47.6067	75.57	48.73	53.24	172.37	61.71	202.84	110.88	76.67	0	0	0	0	0	0	0	0	802.01	0
47.6167	64.57	42.79	43.56	181.83	59.4	211.64	114.51	84.81	0	0	0	0	0	0	0	0	803.11	0
47.6267	53.35	36.96	33.88	186.56	61.71	220.55	116.49	90.86	0	0	0	0	0	0	0	0	800.36	0
47.6367	41.8	31.13	29.04	193.6	61.71	229.35	122.54	102.96	0	0	0	0	0	0	0	0	812.13	0
47.6467	37.18	27.28	24.2	193.6	59.4	238.15	126.5	110.99	0	0	0	0	0	0	0	0	817.3	0
47.6567	32.45	21.34	21.78	193.6	59.4	244.75	130.57	119.35	0	0	0	0	0	0	0	0	823.24	0
47.6667	30.14	17.49	19.36	191.29	57.2	251.35	134.64	127.71	0	0	0	0	0	0	0	0	829.18	0
47.6767	25.52	15.51	16.94	186.56	55	253.55	136.62	133.98	0	0	0	0	0	0	0	0	823.68	0
47.6867	25.52	13.64	14.52	174.68	50.82	257.95	136.62	142.34	0	0	0	0	0	0	0	0	816.09	0
47.6967	23.21	13.64	14.52	163.02	46.53	262.35	134.64	146.52	0	0	0	0	0	0	0	0	804.43	0
47.7067	23.21	11.66	12.1	149.6	42.35	264.55	132.55	154.88	0	4.62	0	0	0	0	0	0	790.9	4.62
47.7167	20.9	11.66	12.1	133.98	35.97	268.95	126.5	161.15	6.93	9.35	0	0	0	0	0	0	771.21	16.28
47.7267	18.59	9.68	9.68	118.25	31.68	271.15	120.45	165.33	10.45	16.39	0	0	0	0	0	0	744.81	26.84
47.7367	18.59	9.68	9.68	100.54	25.41	273.35	114.51	174.13	17.49	23.43	0	5.61	0	0	0	0	725.89	46.53
47.7467	16.17	7.7	9.68	85.03	21.12	275.55	109.01	181.06	54.45	51.59	7.15	14.08	0	4.73	0	0	705.32	132
47.7567	13.86	7.7	7.26	67.43	14.74	273.35	101.75	185.68	125.84	103.51	16.72	33.88	0	14.19	5.06	4.18	671.77	303.38
47.7667	11.55	5.83	7.26	49.94	10.56	262.35	96.36	192.61	159.72	140.58	33.44	50.82	5.5	37.95	0	10.56	636.46	438.57
47.7767	9.24	3.85	7.26	36.19	8.47	240.35	90.86	199.43	203.17	175.45	57.75	65.67	8.25	59.4	10.23	19.03	595.65	598.95
47.7867	6.93	3.85	7.26	27.5	6.27	200.64	83.71	199.43	236.28	194.81	82.39	75.02	11	75.68	33.33	25.41	535.59	733.92
47.7967	0	0	4.84	20.68	6.27	146.19	72.82	192.61	243.76	194.81	87.78	75.02	16.5	83.82	46.2	29.59	443.41	777.48
47.8067	0	0	0	15.51	6.27	98.89	61.93	169.62	228.91	187.55	87.78	75.02	16.5	91.96	51.37	31.79	352.22	770.88
47.8167	0	0	0	10.34	6.27	67.54	51.92	127.71	221.65	185.13	90.53	75.02	19.25	102.74	62.48	35.97	263.78	792.77
47.8267	0	0	0	5.17	4.18	46.86	44.22	78.65	226.49	192.39	101.42	81.29	19.25	116.38	77.33	40.26	179.08	854.81
47.8367	0	0	0	0	0	35.09	36.63	52.91	238.81	202.07	112.42	87.56	22	130.02	92.29	46.53	124.63	931.7
47.8467	0	0	0	0	0	25.3	27.5	30.03	256.08	211.75	129.14	90.75	24.75	138.16	107.14	48.73	82.83	1006.5
47.8567	0	0	0	0	0	17.49	19.8	17.6	273.24	219.01	140.25	93.94	27.5	146.3	121.77	52.91	54.89	1074.92
47.8666	0	0	0	0	0	11.66	10.67	5.28	280.72	223.85	148.61	100.21	27.5	151.8	130.46	57.53	27.61	1120.68
47.8766	0	0	0	0	0	7.81	4.51	0	278.19	226.27	151.36	106.48	30.25	162.69	139.15	59.95	12.32	1154.34
47.8866	0	0	0	0	0	7.81	4.51	0	270.82	228.69	151.36	112.75	33	168.19	144.98	62.37	12.32	1172.16
47.8966	0	0	0	0	0	5.83	2.97	0	258.5	226.27	145.86	119.02	33	176.22	147.84	64.9	8.8	1171.61
47.9066	0	0	0	0	0	3.85	0	0	243.76	219.01	140.25	125.4	33	181.61	153.67	64.9	3.85	1161.6
47.9166	0	0	0	0	0	0	0	0	226.49	211.75	131.89	128.48	35.75	187	156.53	67.32	0	1145.21
47.9266	0	0	0	0	0	0	0	0	207.79	202.07	123.53	131.67	35.75	189.64	159.5	69.74	0	1119.69
47.9366	0	0	0	0	0	0	0	0	189.2	192.39	115.17	134.86	35.75	192.39	159.5	69.74	0	1089
47.9466	0	0	0	0	0	0	0	0	170.72	180.29	106.92	141.13	35.75	195.03	159.5	69.74	0	1059.08
47.9566	0	0	0	0	0	0	0	0	155.43	170.61	96.03	144.32	35.75	195.03	159.5	72.16	0	1028.83
47.9666	0	0	0	0	0	0	0	0	142.78	160.6	87.78	144.32	35.75	197.67	159.5	72.16	0	1000.56
47.9766	0	0	0	0	0	0	0	0	130.02	148.06	82.39	147.51	35.75	197.67	159.5	72.16	0	973.06
47.9866	0	0	0	0	0	0	0	0	117.37	138.05	74.14	147.51	35.75	197.67	159.5	72.16	0	942.15
47.9966	0	0	0	0	0	0	0	0	107.58	130.57	68.75	150.59	35.75	197.67	159.5	72.16	0	922.57
48.0066	0	0	0	0	0	0	0	0	99.99	120.56	63.25	150.59	35.75	200.42	159.5	72.16	0	902.22
48.0166	0	0	0	0	0	0	0	0	90.42	113.08	57.75	150.59	35.75	200.42	162.36	72.16	0	882.53
48.0266	0	0	0	0	0	0	0	0	82.72	105.93	52.69	150.59	35.75	200.42	162.36	72.16	0	862.62
48.0366	0	0	0	0	0	0	0	0	77	98.78	50.27	150.59	38.5	203.06	162.36	72.16	0	852.72
48.0466	0	0	0	0	0	0	0	0	71.28	94.05	47.85	153.78	38.5	205.81	165.33	72.16	0	848.76
48.0566	0	0	0	0	0	0	0	0	67.43	89.32	45.43	153.78	38.5	208.45	171.27	74.69	0	848.87
48.0666	0	0	0	0	0	0	0	0	61.71	84.59	43.12	156.97	38.5	211.2	174.24	77.11	0	847.44
48.0766	0	0	0	0	0	0	0	0	57.97	82.28	40.7	160.05	38.5	216.59	183.15	77.11	0	856.35
48.0866	0	0	0	0	0	0	0	0	54.45	77.55	38.28	163.24	41.25	219.23	189.09	79.53	0	862.62
48.0966	0	0	0	0	0	0	0	0	49.17	72.82	35.86	166.43	41.25	224.73	195.14	81.95	0	867.35
48.1066	0	0	0	0	0	0	0	0	45.65	68.09	33.44	169.62	44	230.34	204.05	84.48	0	879.67
48.1166	0	0	0	0	0	0	0	0	42.13	63.36	31.13	172.81	44	235.95	209.99	86.9	0	886.27
48.1266	0	0	0	0	0	0	0	0	38.61	58.63	28.71	176	46.75	241.45	221.98	89.32	0	901.45
48.1366	0	0	0	0	0	0	0	0	33.33	53.9	26.29	179.19	49.5	247.06	227.59	91.74	0	908.6
48.1466	0	0	0	0	0	0	0	0	31.57	46.86	21.56	182.38	49.5	252.67	238.92	94.27	0	917.73
48.1566	0	0	0	0	0	0	0	0	28.05	39.82	21.56	185.57	49.5	258.28	247.39	96.69	0	926.86
48.1666	0	0	0	0	0	0	0	0	24.53	32.78	19.14	188.76	52.25	266.64	255.86	101.53	0	941.49
48.1766	0	0	0	0	0	0	0	0	22.77	28.05	16.72	188.76	52.25	269.39	264.33	104.06	0	946.33
48.1866	0	0	0	0	0	0	0	0	21.01	21.01	14.3	185.57	52.25	272.25	269.94	106.48	0	942.81
48.1966	0	0	0	0	0	0	0	0	19.25	16.39	11.88	182.38	49.5	275	275.66	108.9	0	938.96
48.2066	0	0	0	0	0	0	0	0	15.73	9.35	9.57	176	46.75	277.86	278.52	111.32	0	925.1
48.2166	0	0	0	0	0	0	0	0	13.97	4.62	7.15	163.24	44	277.86	281.49	113.85	0	906.18
48.2266	0	0	0	0	0	0	0	0	13.97	4.62	7.15	150.59	41.25	280.61	284.46	116.05	0	898.7
48.2366	6.93	0	0	0	0	0	0	0	12.21	0	4.73	137.94	35.75	280.61	284.46	120.45	6.93	876.15
48.2466	16.17	0	0	0	0	0	0	0	12.21	0	4.73	122.21	30.25	283.47	281.49	124.96	16.17	859.32
48.2566	66.77	0	0	0	0	0	0	0	10.45	0	0	103.29	24.75	283.47	278.52	129.47	66.77	829.95
48.2666	201.52	15.51	14.52	0	0	0	0	0	10.45	0	0	87.56	19.25	283.47	272.8	133.87	231.55	807.4
48.2766	223.41	35.09	26.62	8.58	0	3.85	0	0	8.69	0	0	71.94	13.75	283.47	267.19	138.38	297.55	783.42
48.2866	241.45	58.74	45.98	20.68	8.47	9.68	0	0	8.69	0	0	56.54	11	275	255.86	142.89	385	749.98
48.2966	254.43	89.54	69.85	37.84	14.74	17.49	2.97	0	6.93	0	0	42.35	8.25	263.89	244.53	145.09	486.86	711.04
48.3066	259.6	104.94	84.04	49.94	19.03	23.43	7.59	7.04	5.17	0	0	31.02	5.5	244.31	230.45	147.29	555.61	663.74
48.3166	262.24	109.34	93.5	58.63	19.03	31.24	10.67	7.04	3.41	0	0	19.8	5.5	208.45	209.99	149.6	591.69	596.75
48.3266	257.07	111.54	100.54	60.83	21.12	41.03	15.18	8.8	0	0	0	11.22	0	170.83	183.15	147.29	616.11	512.49
48.3366	257.07	113.85	107.69	63.03	23.21	50.71	19.8	10.56	0	0	0	5.61	0	135.41	156.53	140.58	645.92	438.13
48.3466	262.24	115.94	119.79	65.23	27.5	58.63	27.5	12.32	0	0	0	0	0	105.49	130.46	129.47	689.15	365.42
48.3566	275.22	118.03	134.64	65.23	29.59	67.54	33.55	15.84	0	0	0	0	5.5	75.68	107.14	108.9	739.64	297.22
48.3666	293.15	124.3	152.02	67.43	31.68	74.25	38.17	17.6	0	0	0	0	0	56.98	89.32	81.95	798.6	228.25
48.3766	308.44	128.48	169.29	69.63	35.97	80.96	42.68	19.36	0	0	0	0	0	42.68	74.36	62.37	854.81	179.41
48.3866	318.67	130.57	184.25	69.63	35.97	85.47	45.76	22.88	0	0	0	0	0	30.8	62.48	44.44	893.2	137.72
48.3966	323.84	134.75	194.37	74.03	38.06	89.98	48.84	24.64	0	0	0	0	0	23.65	53.9	35.97	928.51	113.52
48.4066	326.37	134.75	201.85	76.23	40.15	94.49	51.92	26.4	0	0	0	0	0	16.61	38.5	25.41	952.16	80.52
48.4166	326.37	136.84	204.38	78.43	40.15	98.89	53.46	28.27	0	0	0	0	0	9.46	20.46	10.56	966.79	40.48
48.4266	321.31	136.84	204.38	80.63	40.15	103.4	55	30.03	0	0	0	0	0	4.73	12.76	6.27	971.74	23.76
48.4366	316.14	134.75	201.85	82.83	42.35	105.6	56.54	31.79	0	0	0	0	0	4.73	10.23	6.27	971.85	21.23
48.4466	308.44	134.75	199.32	85.03	42.35	107.91	58.3	31.79	0	0	0	0	0	4.73	7.7	4.18	967.89	16.61
48.4566	300.85	132.66	194.37	89.54	42.35	110.11	58.3	33.55	0	0	0	0	0	0	5.06	0	961.73	5.06
48.4666	290.62	130.57	189.31	91.74	42.35	112.42	60.06	33.55	0	0	0	0	0	0	0	0	950.62	0
48.4766	282.92	128.48	181.83	91.74	42.35	112.42	60.06	35.31	0	0	0	0	0	0	0	0	935.11	0
48.4866	272.58	124.3	176.77	93.94	42.35	112.42	60.06	35.31	0	0	0	0	0	0	0	0	917.73	0
48.4966	262.24	120.12	169.29	93.94	44.44	114.51	61.93	35.31	0	0	0	0	0	0	0	0	901.78	0
48.5066	251.9	115.94	161.92	96.14	44.44	112.42	61.93	35.31	0	0	0	0	0	0	0	0	880	0
48.5166	241.45	111.54	154.44	98.34	44.44	114.51	61.93	35.31	0	0	0	0	0	0	0	0	861.96	0
48.5266	231.11	109.34	149.49	98.34	44.44	114.51	61.93	35.31	0	0	0	0	0	0	0	0	844.47	0
48.5366	223.41	107.14	144.54	100.54	44.44	114.51	63.69	35.31	0	0	0	0	0	0	0	0	833.58	0
48.5466	216.04	102.74	139.59	100.54	46.53	114.51	63.69	37.07	0	0	0	0	0	0	0	0	820.71	0
48.5566	208.78	100.54	134.64	102.74	46.53	114.51	63.69	37.07	0	0	0	0	0	0	0	0	808.5	0
48.5666	203.94	98.34	132.22	102.74	46.53	116.6	65.56	37.07	0	0	0	0	0	0	0	0	803	0
48.5766	199.1	93.94	129.69	104.94	48.62	116.6	67.32	37.07	0	0	0	0	0	0	0	0	797.28	0
48.5866	194.15	93.94	127.27	107.14	48.62	118.69	69.19	38.83	0	0	0	0	0	0	0	0	797.83	0
48.5966	189.31	91.74	124.74	109.34	48.62	120.78	70.95	38.83	0	0	0	0	0	0	0	0	794.31	0
48.6066	184.47	89.54	124.74	113.85	50.82	125.07	72.82	40.59	0	0	0	0	0	0	0	0	801.9	0
48.6166	179.63	87.34	122.32	116.05	50.82	129.25	76.45	42.35	0	0	0	0	0	0	0	0	804.21	0
48.6266	172.37	85.14	119.79	120.56	52.91	133.54	78.21	42.35	0	0	0	0	0	0	0	0	804.87	0
48.6366	165	82.94	117.37	124.96	55	139.92	81.84	44.11	0	0	0	0	0	0	0	0	811.14	0
48.6466	157.63	80.74	114.84	129.47	55	144.1	85.47	45.87	0	0	0	0	0	0	0	0	813.12	0
48.6566	150.26	76.34	110	136.18	57.2	150.48	90.86	47.63	0	0	0	0	0	0	0	0	818.95	0
48.6666	140.47	74.14	105.27	140.69	59.4	158.95	96.36	49.39	0	0	0	0	0	0	0	0	824.67	0
48.6766	130.57	69.74	100.54	147.4	59.4	167.53	99.99	52.91	0	0	0	0	0	0	0	0	828.08	0
48.6866	118.36	65.34	93.5	151.8	61.71	174.13	105.38	56.54	0	0	0	0	0	0	0	0	826.76	0
48.6966	108.68	60.94	86.35	156.31	61.71	182.93	110.88	60.5	0	0	0	0	0	0	0	0	828.3	0
48.7066	97.68	54.56	79.31	160.82	64.02	194.04	118.47	64.57	0	0	0	0	0	0	0	0	833.47	0
48.7166	86.68	48.73	67.54	165.33	66.33	202.84	126.5	70.62	0	0	0	0	0	0	0	0	834.57	0
48.7266	71.17	40.92	55.77	169.95	66.33	209.44	134.64	76.67	0	0	0	0	0	0	0	0	824.89	0
48.7366	55.77	33.11	43.56	169.95	68.64	218.24	140.69	84.81	0	0	0	0	0	0	0	0	814.77	0
48.7466	41.8	27.28	31.46	172.37	68.64	222.75	150.7	96.91	0	0	0	0	0	0	0	0	811.91	0
48.7566	37.18	21.34	26.62	167.64	66.33	227.15	158.84	104.94	0	0	0	0	0	0	0	0	810.04	0
48.7666	32.45	19.47	21.78	163.02	64.02	231.55	164.89	110.99	0	0	0	0	0	0	0	0	808.17	0
48.7766	30.14	15.51	19.36	154.11	61.71	233.75	168.96	117.26	0	0	0	0	0	0	0	0	800.8	0
48.7866	25.52	11.66	16.94	142.89	57.2	233.75	170.94	121.44	0	0	0	0	0	0	0	0	780.34	0
48.7966	23.21	9.68	14.52	129.47	52.91	235.95	168.96	125.62	3.41	0	0	0	0	0	0	0	760.32	3.41
48.8066	23.21	9.68	14.52	113.85	46.53	233.75	168.96	129.8	12.21	6.93	0	0	0	0	0	0	740.3	19.14
48.8166	20.9	9.68	12.1	96.14	40.15	235.95	164.89	138.16	35.09	23.43	0	0	0	0	0	0	717.97	58.52
48.8266	18.59	7.7	12.1	78.43	33.88	233.75	162.8	146.52	115.28	68.09	9.57	16.94	0	9.46	5.06	0	693.77	224.4
48.8366	18.59	5.83	9.68	60.83	27.5	227.15	158.84	154.88	153.34	115.5	21.56	42.35	0	21.34	5.06	0	663.3	359.15
48.8466	16.17	5.83	9.68	44.77	21.12	218.24	154.77	163.24	184.58	165.66	38.28	68.75	5.5	52.25	0	10.56	633.82	525.58
48.8566	13.86	3.85	9.68	31.02	14.74	200.64	148.72	167.42	221.65	194.81	57.75	84.48	8.25	75.68	10.23	16.94	589.93	669.79
48.8666	9.24	3.85	9.68	18.92	10.56	171.93	142.67	171.82	241.23	202.07	66	87.56	8.25	83.82	23.1	21.12	538.67	733.15
48.8766	6.93	0	7.26	10.34	8.47	131.45	128.59	171.82	228.91	194.81	66	87.56	11	89.21	33.33	25.41	464.86	736.23
48.8866	0	0	4.84	5.17	6.27	94.49	105.38	165.33	217.03	189.97	66	87.56	11	94.6	38.5	27.5	381.48	732.16
48.8966	0	0	4.84	0	6.27	67.54	78.21	148.61	214.72	189.97	71.39	90.75	13.75	102.74	46.2	29.59	305.47	759.11
48.9066	0	0	0	0	6.27	48.84	60.06	113.08	226.49	197.23	76.89	93.94	13.75	110.99	53.9	31.79	228.25	804.98
48.9166	0	0	0	0	4.18	37.07	48.84	66.55	241.23	209.33	85.03	100.21	16.5	116.38	59.51	33.88	156.64	862.07
48.9266	0	0	0	0	0	27.28	39.71	38.83	258.5	219.01	96.03	103.29	19.25	124.52	68.42	38.06	105.82	927.08
48.9366	0	0	0	0	0	19.47	33.55	22.88	270.82	228.69	104.17	109.56	19.25	132.77	74.36	40.26	75.9	979.88
48.9466	0	0	0	0	0	15.62	25.96	17.6	270.82	233.53	106.92	119.02	19.25	140.91	77.33	42.35	59.18	1010.13
48.9566	0	0	0	0	0	9.68	16.72	7.04	268.4	238.37	106.92	128.48	22	146.3	80.3	42.35	33.44	1033.12
48.9666	0	0	0	0	0	5.83	9.13	0	260.92	240.79	106.92	137.94	22	157.19	83.27	44.44	14.96	1053.47
48.9766	0	0	0	0	0	3.85	6.05	0	251.13	240.79	104.17	147.51	22	162.69	86.35	46.53	9.9	1061.17
48.9866	0	0	0	0	0	3.85	6.05	0	238.81	238.37	98.67	153.78	22	168.19	86.35	46.53	9.9	1052.7
48.9966	0	0	0	0	0	3.85	4.51	0	226.49	233.53	96.03	163.24	24.75	173.47	86.35	48.73	8.36	1052.59
49.0066	0	0	0	0	0	0	4.51	0	210.1	228.69	90.53	172.81	24.75	176.22	86.35	48.73	4.51	1038.18
49.0166	0	0	0	0	0	0	2.97	0	196.24	221.43	82.39	182.38	24.75	178.86	83.27	50.82	2.97	1020.14
49.0266	0	0	0	0	0	0	0	0	182.27	214.17	76.89	188.76	24.75	181.61	83.27	50.82	0	1002.54
49.0366	0	0	0	0	0	0	0	0	168.41	206.91	71.39	198.44	24.75	184.25	80.3	50.82	0	985.27
49.0466	0	0	0	0	0	0	0	0	155.43	197.23	66	204.82	24.75	184.25	77.33	50.82	0	960.63
49.0566	0	0	0	0	0	0	0	0	142.78	189.97	60.5	211.2	24.75	187	77.33	50.82	0	944.35
49.0666	0	0	0	0	0	0	0	0	132.22	180.29	55.11	220.77	24.75	189.64	77.33	50.82	0	930.93
49.0766	0	0	0	0	0	0	0	0	123.75	170.61	52.69	226.93	22	189.64	74.36	52.91	0	912.89
49.0866	0	0	0	0	0	0	0	0	113.3	163.13	47.85	232.76	24.75	192.39	74.36	52.91	0	901.45
49.0966	0	0	0	0	0	0	0	0	105.71	155.65	45.43	238.59	24.75	195.03	74.36	52.91	0	892.43
49.1066	0	0	0	0	0	0	0	0	98.01	148.06	40.7	244.42	22	197.67	74.36	52.91	0	878.13
49.1166	0	0	0	0	0	0	0	0	92.29	140.58	38.28	247.28	24.75	203.06	74.36	52.91	0	873.51
49.1266	0	0	0	0	0	0	0	0	86.57	135.52	38.28	253.11	24.75	205.81	77.33	52.91	0	874.28
49.1366	0	0	0	0	0	0	0	0	80.85	128.04	35.86	255.97	24.75	208.45	77.33	55.11	0	866.36
49.1466	0	0	0	0	0	0	0	0	75.13	125.51	35.86	258.94	24.75	213.84	80.3	55.11	0	869.44
49.1566	0	0	0	0	0	0	0	0	71.28	120.56	33.44	264.77	24.75	219.23	83.27	55.11	0	872.41
49.1666	0	0	0	0	0	0	0	0	65.56	113.08	33.44	267.63	24.75	224.73	86.35	57.53	0	873.07
49.1766	0	0	0	0	0	0	0	0	61.71	108.24	31.13	270.6	24.75	230.34	89.32	57.53	0	873.62
49.1866	0	0	0	0	0	0	0	0	57.97	103.51	28.71	276.43	27.5	235.95	92.29	59.95	0	882.31
49.1966	0	0	0	0	0	0	0	0	54.45	98.78	28.71	276.43	27.5	241.45	98.23	62.37	0	887.92
49.2066	0	0	0	0	0	0	0	0	49.17	91.74	28.71	279.51	27.5	247.06	104.17	64.9	0	892.76
49.2166	0	0	0	0	0	0	0	0	47.41	87.01	26.29	282.7	30.25	252.67	110.22	64.9	0	901.45
49.2266	0	0	0	0	0	0	0	0	43.89	82.28	23.87	285.89	30.25	258.28	115.94	67.32	0	907.72
49.2366	0	0	0	0	0	0	0	0	40.37	75.13	23.87	285.89	33	266.64	124.63	69.74	0	919.27
49.2466	0	0	0	0	0	0	0	0	36.85	68.09	21.56	288.97	33	272.25	133.32	72.16	0	926.2
49.2566	0	0	0	0	0	0	0	0	33.33	60.94	19.14	288.97	35.75	280.61	142.12	77.11	0	937.97
49.2666	0	0	0	0	0	0	0	0	29.81	53.9	19.14	292.16	35.75	286.33	153.67	79.53	0	950.29
49.2766	0	0	0	0	0	0	0	0	26.29	44.55	16.72	292.16	38.5	294.8	162.36	84.48	0	959.86
49.2865	0	0	0	0	0	0	0	0	24.53	39.82	14.3	292.16	38.5	300.41	171.27	89.32	0	970.31
49.2965	0	0	0	0	0	0	0	0	21.01	30.47	11.88	288.97	38.5	308.88	177.21	91.74	0	968.66
49.3065	0	0	0	0	0	0	0	0	19.25	23.43	9.57	285.89	38.5	317.35	186.12	99.11	0	979.22
49.3165	0	0	0	0	0	0	0	0	15.73	16.39	9.57	279.51	35.75	320.21	189.09	104.06	0	970.31
49.3265	0	0	0	0	0	0	0	0	13.97	9.35	4.73	264.77	33	325.82	192.06	108.9	0	952.6
49.3365	0	0	0	0	0	0	0	0	13.97	6.93	4.73	250.14	30.25	331.54	189.09	113.85	0	940.5
49.3465	4.62	0	0	0	0	0	0	0	12.21	6.93	4.73	229.79	24.75	334.29	186.12	118.25	4.62	917.07
49.3565	13.86	3.85	0	0	0	0	0	0	12.21	4.62	0	204.82	19.25	340.01	180.18	120.45	17.71	881.54
49.3665	25.52	5.83	0	0	0	0	0	0	10.45	4.62	0	179.19	16.5	348.48	174.24	127.16	31.35	860.64
49.3765	97.68	23.32	7.26	6.82	0	0	0	0	10.45	4.62	0	153.78	11	351.23	165.33	133.87	135.08	830.28
49.3865	216.04	44.77	21.78	13.75	4.18	5.83	0	0	8.69	0	0	128.48	8.25	354.09	156.53	138.38	306.35	794.42
49.3965	228.58	65.34	36.3	24.09	8.47	9.68	0	0	6.93	0	0	100.21	5.5	348.48	150.81	147.29	372.46	759.22
49.4065	246.73	93.94	60.39	39.6	14.74	17.49	0	3.52	5.17	0	0	71.94	5.5	331.54	139.15	151.8	476.41	705.1
49.4165	259.6	113.85	77	51.7	16.94	25.3	4.51	8.8	5.17	0	0	50.82	0	297.55	127.6	158.51	557.7	639.65
49.4265	275.22	122.21	88.77	58.63	19.03	31.24	9.13	10.56	0	0	0	39.6	0	241.45	115.94	163.02	614.79	560.01
49.4365	275.22	122.21	95.81	60.83	19.03	42.9	12.21	12.32	0	0	0	28.27	0	184.25	107.14	160.71	640.53	480.37
49.4465	275.22	124.3	105.27	63.03	21.12	54.67	18.26	15.84	0	0	0	22.55	0	138.16	95.26	147.29	677.71	403.26
49.4565	282.92	128.48	114.84	65.23	25.41	63.03	25.96	17.6	0	0	0	19.8	0	100.1	89.32	127.16	723.47	336.38
49.4665	293.15	132.66	129.69	67.43	27.5	72.05	33.55	21.12	0	0	0	14.08	0	72.93	80.3	96.69	777.15	264
49.4765	308.44	138.93	147.07	69.63	29.59	78.76	38.17	24.64	0	0	0	11.22	0	54.56	71.39	74.69	835.23	211.86
49.4865	323.84	145.2	159.39	74.03	31.68	87.67	42.68	26.4	0	0	0	5.61	0	42.68	62.48	57.53	890.89	168.3
49.4965	328.9	149.38	169.29	78.43	33.88	94.49	45.76	30.03	0	0	0	0	0	33.22	51.37	46.53	930.16	131.12
49.5065	334.07	151.47	176.77	82.83	35.97	101.2	48.84	31.79	0	0	0	0	0	26.07	43.67	40.26	962.94	110
49.5165	331.54	153.56	181.83	87.34	38.06	107.91	50.38	35.31	0	0	0	0	0	18.92	30.8	27.5	985.93	77.22
49.5265	326.37	155.65	181.83	91.74	38.06	112.42	53.46	38.83	0	0	0	0	0	11.88	15.4	12.65	998.36	39.93
49.5365	316.14	153.56	179.3	93.94	40.15	118.69	56.54	40.59	0	0	0	0	0	7.04	7.7	6.27	998.91	21.01
49.5465	305.91	151.47	176.77	98.34	40.15	122.98	58.3	44.11	0	0	0	0	0	4.73	5.06	4.18	998.03	13.97
49.5565	293.15	147.29	171.82	102.74	42.35	127.16	61.93	47.63	0	0	0	0	0	0	0	0	994.07	0
49.5665	282.92	145.2	166.87	104.94	42.35	131.45	65.56	49.39	0	0	0	0	0	0	0	0	988.68	0
49.5765	267.41	138.93	159.39	107.14	44.44	133.54	67.32	52.91	0	0	0	0	0	0	0	0	971.08	0
49.5865	257.07	134.75	154.44	109.34	44.44	135.63	70.95	54.67	0	0	0	0	0	0	0	0	961.29	0
49.5965	244.09	130.57	149.49	109.34	46.53	137.72	74.58	58.52	0	0	0	0	0	0	0	0	950.84	0
49.6065	236.28	126.39	147.07	109.34	46.53	139.92	76.45	60.5	0	0	0	0	0	0	0	0	942.48	0
49.6165	225.94	122.21	142.12	109.34	48.62	142.01	80.08	62.59	0	0	0	0	0	0	0	0	932.91	0
49.6265	216.04	118.03	137.17	111.54	50.82	142.01	83.71	66.55	0	0	0	0	0	0	0	0	925.87	0
49.6365	206.36	111.54	132.22	109.34	50.82	144.1	85.47	68.64	0	0	0	0	0	0	0	0	908.49	0
49.6465	196.68	107.14	124.74	111.54	52.91	144.1	87.23	70.62	0	0	0	0	0	0	0	0	894.96	0
49.6565	186.89	102.74	117.37	113.85	52.91	148.39	90.86	74.69	0	0	0	0	0	0	0	0	887.7	0
49.6665	174.79	98.34	110	116.05	55	150.48	92.73	76.67	0	0	0	0	0	0	0	0	874.06	0
49.6765	165	91.74	105.27	116.05	55	152.57	94.49	84.81	0	0	0	0	0	0	0	0	864.93	0
49.6865	155.21	87.34	98.23	118.25	57.2	156.86	98.12	88.77	0	0	0	0	0	0	0	0	859.98	0
49.6965	145.31	82.94	93.5	120.56	57.2	158.95	99.99	92.84	0	0	0	0	0	0	0	0	851.29	0
49.7065	135.52	78.54	88.77	120.56	59.4	161.04	103.62	96.91	0	0	0	0	0	0	0	0	844.36	0
49.7165	128.15	76.34	84.04	122.76	59.4	163.13	105.38	102.96	0	0	0	0	0	0	0	0	842.16	0
49.7265	120.78	71.94	79.31	124.96	61.71	167.53	109.01	106.92	0	0	0	0	0	0	0	0	842.16	0
49.7365	113.41	67.54	74.58	127.27	61.71	169.73	112.64	110.99	0	0	0	0	0	0	0	0	837.87	0
49.7465	108.68	63.14	72.27	129.47	61.71	174.13	114.51	115.17	0	0	0	0	0	0	0	0	839.08	0
49.7565	102.08	60.94	67.54	131.67	64.02	176.33	118.47	121.44	0	0	0	0	0	0	0	0	842.49	0
49.7665	95.48	56.54	62.81	131.67	66.33	180.73	122.54	125.62	0	0	0	0	0	0	0	0	841.72	0
49.7765	88.88	52.58	58.08	133.98	66.33	182.93	124.52	131.89	0	0	0	0	0	0	0	0	839.19	0
49.7865	82.17	50.6	53.24	136.18	66.33	187.33	128.59	136.07	0	0	0	0	0	0	0	0	840.51	0
49.7965	75.57	46.75	50.82	138.38	68.64	191.73	130.57	142.34	0	0	0	0	0	0	0	0	844.8	0
49.8065	71.17	42.79	45.98	140.69	68.64	196.24	132.55	148.61	0	0	0	0	0	0	0	0	846.67	0
49.8165	64.57	40.92	41.14	142.89	68.64	198.44	134.64	152.79	0	0	0	0	0	0	0	0	844.03	0
49.8265	60.17	35.09	36.3	145.09	68.64	202.84	138.6	156.97	0	0	0	0	0	0	0	0	843.7	0
49.8365	53.35	33.11	33.88	145.09	70.95	205.04	142.67	163.24	0	0	0	0	0	0	0	0	847.33	0
49.8465	46.42	29.15	29.04	145.09	70.95	207.24	144.65	169.62	0	0	0	0	0	0	0	0	842.16	0
49.8565	41.8	25.3	26.62	145.09	70.95	209.44	148.72	176.44	0	0	0	0	0	0	0	0	844.36	0
49.8665	37.18	23.32	21.78	142.89	70.95	211.64	150.7	181.06	0	0	0	0	0	0	0	0	839.52	0
49.8765	34.76	21.34	21.78	140.69	68.64	211.64	152.79	187.99	0	0	0	0	0	0	0	0	839.63	0
49.8865	32.45	17.49	19.36	136.18	68.64	211.64	154.77	190.3	0	0	0	0	0	0	0	0	830.83	0
49.8965	30.14	15.51	19.36	129.47	66.33	209.44	156.75	194.92	3.41	0	0	0	0	0	0	0	821.92	3.41
49.9065	27.83	13.64	16.94	122.76	64.02	205.04	156.75	194.92	8.69	0	0	0	0	0	0	0	801.9	8.69
49.9165	27.83	13.64	16.94	111.54	59.4	198.44	154.77	197.23	26.29	6.93	0	0	0	0	0	0	779.79	33.22
49.9265	23.21	11.66	14.52	100.54	55	191.73	152.79	197.23	78.98	39.82	11.88	11.22	0	0	0	0	746.68	141.9
49.9365	20.9	9.68	12.1	87.34	50.82	180.73	152.79	197.23	144.87	87.01	23.87	19.8	0	7.04	0	0	711.59	282.59
49.9465	18.59	7.7	12.1	69.63	44.44	171.93	150.7	199.43	163.9	133.1	35.86	50.82	5.5	26.07	10.23	14.74	674.52	440.22
49.9565	18.59	7.7	12.1	55.11	38.06	163.13	150.7	201.74	193.82	173.03	55.11	68.75	8.25	45.1	10.23	12.65	647.13	566.94
49.9665	16.17	7.7	9.68	44.77	33.88	150.48	150.7	201.74	210.1	177.87	71.39	78.21	11	62.04	17.93	19.03	615.12	647.57
49.9765	13.86	7.7	9.68	36.19	29.59	139.92	148.72	199.43	207.79	175.45	74.14	81.29	13.75	70.18	28.27	21.12	585.09	671.99
49.9865	11.55	5.83	9.68	29.26	23.21	129.25	140.69	197.23	191.51	165.66	74.14	84.48	13.75	78.32	35.97	23.21	546.7	667.04
49.9965	11.55	5.83	7.26	24.09	19.03	118.69	130.57	190.3	170.72	155.65	71.39	90.75	16.5	89.21	43.67	25.41	507.32	663.3
50.0065	11.55	5.83	7.26	20.68	16.94	105.6	116.49	185.68	157.63	150.59	71.39	97.02	19.25	100.1	51.37	27.5	470.03	674.85
50.0165	9.24	3.85	7.26	17.16	14.74	92.18	103.62	178.75	149.16	150.59	74.14	106.48	19.25	113.63	59.51	31.79	426.8	704.55
50.0265	9.24	3.85	7.26	15.51	12.65	80.96	90.86	169.62	144.87	148.06	76.89	112.75	22	124.52	68.42	35.97	389.95	733.48
50.0365	6.93	3.85	4.84	11.99	10.56	69.74	74.58	159.06	144.87	148.06	79.64	119.02	24.75	135.41	83.27	40.26	341.55	775.28
50.0465	6.93	0	4.84	10.34	8.47	58.63	60.06	148.61	142.78	148.06	85.03	122.21	27.5	146.3	95.26	44.44	297.88	811.58
50.0565	6.93	0	4.84	8.58	8.47	50.71	48.84	138.16	138.49	148.06	85.03	128.48	30.25	157.19	107.14	46.53	266.53	841.17
50.0665	6.93	0	4.84	6.82	6.27	42.9	39.71	123.53	134.31	145.64	85.03	134.86	30.25	165.44	113.08	48.73	231	857.34
50.0765	4.62	0	0	5.17	4.18	37.07	32.01	113.08	127.93	140.58	82.39	141.13	33	173.47	121.77	52.91	196.13	873.18
50.0865	4.62	0	0	3.41	4.18	31.24	27.5	102.96	117.37	133.1	79.64	144.32	33	181.61	130.46	55.11	173.91	874.61
50.0965	6.93	0	0	3.41	4.18	25.3	22.88	98.89	109.45	128.04	74.14	147.51	35.75	189.64	136.29	57.53	161.59	878.35
50.1065	6.93	0	0	0	0	23.43	21.34	94.82	101.86	123.09	68.75	153.78	35.75	195.03	144.98	57.53	146.52	880.77
50.1165	4.62	0	0	0	0	19.47	19.8	90.86	94.16	115.5	66	156.97	38.5	200.42	147.84	62.37	134.75	881.76
50.1265	6.93	0	0	0	0	15.62	18.26	88.77	86.57	110.66	60.5	160.05	38.5	205.81	156.53	62.37	129.58	880.99
50.1365	4.62	0	0	0	0	13.64	16.72	84.81	78.98	103.51	55.11	163.24	38.5	211.2	159.5	64.9	119.79	874.94
50.1465	4.62	0	0	0	0	13.64	16.72	84.81	71.28	96.47	50.27	166.43	38.5	216.59	165.33	64.9	119.79	869.77
50.1565	6.93	0	0	0	0	11.66	18.26	84.81	63.69	89.32	47.85	166.43	41.25	219.23	174.24	67.32	121.66	869.33
50.1665	6.93	0	0	0	0	11.66	19.8	86.79	56.21	82.28	43.12	169.62	41.25	224.73	180.18	69.74	125.18	867.13
50.1765	4.62	0	0	0	0	13.64	22.88	88.77	50.93	75.13	38.28	169.62	41.25	227.48	183.15	69.74	129.91	855.58
50.1865	4.62	0	0	0	0	13.64	25.96	88.77	45.65	70.4	33.44	169.62	41.25	230.34	192.06	72.16	132.99	854.92
50.1965	4.62	0	0	0	4.18	13.64	28.93	88.77	38.61	63.36	28.71	169.62	44	233.09	195.14	72.16	140.14	844.69
50.2065	4.62	0	0	0	4.18	15.62	32.01	88.77	33.33	56.21	23.87	169.62	44	235.95	201.08	72.16	145.2	836.22
50.2165	4.62	0	0	0	4.18	15.62	35.09	86.79	28.05	49.17	21.56	166.43	44	238.7	204.05	72.16	146.3	824.12
50.2265	4.62	0	0	0	6.27	15.62	38.17	84.81	24.53	42.13	19.14	166.43	46.75	241.45	207.02	72.16	149.49	819.61
50.2365	4.62	0	0	0	6.27	15.62	39.71	82.72	21.01	37.51	16.72	160.05	46.75	244.31	209.99	72.16	148.94	808.5
50.2465	4.62	0	0	0	6.27	15.62	41.25	78.65	19.25	32.78	14.3	156.97	46.75	247.06	215.93	72.16	146.41	805.2
50.2565	6.93	0	0	0	8.47	15.62	42.68	76.67	17.49	28.05	14.3	150.59	44	249.92	218.9	72.16	150.37	795.41
50.2665	6.93	0	0	0	8.47	15.62	42.68	74.69	15.73	25.74	11.88	144.32	44	249.92	221.98	72.16	148.39	785.73
50.2765	6.93	0	0	0	10.56	15.62	42.68	70.62	15.73	23.43	9.57	137.94	44	252.67	224.73	69.74	146.41	777.81
50.2865	6.93	0	0	0	8.47	15.62	42.68	68.64	13.97	18.7	9.57	131.67	44	255.42	227.59	69.74	142.34	770.66
50.2965	4.62	0	4.84	0	8.47	15.62	42.68	66.55	13.97	16.39	7.15	128.48	41.25	258.28	227.59	69.74	142.78	762.85
50.3065	6.93	0	0	3.41	10.56	15.62	41.25	64.57	12.21	13.97	7.15	122.21	38.5	261.03	227.59	69.74	142.34	752.4
50.3165	6.93	0	0	3.41	10.56	15.62	41.25	60.5	12.21	13.97	4.73	119.02	38.5	263.89	227.59	69.74	138.27	749.65
50.3265	6.93	0	0	3.41	10.56	15.62	39.71	58.52	10.45	11.66	4.73	115.94	35.75	266.64	224.73	69.74	134.75	739.64
50.3365	4.62	0	0	3.41	10.56	15.62	39.71	54.67	10.45	9.35	4.73	112.75	35.75	269.39	224.73	69.74	128.59	736.89
50.3465	4.62	0	0	3.41	10.56	17.49	39.71	51.15	10.45	9.35	4.73	112.75	33	272.25	221.98	69.74	126.94	734.25
50.3565	4.62	0	0	3.41	10.56	19.47	39.71	51.15	8.69	9.35	0	109.56	33	275	218.9	67.32	128.92	721.82
50.3665	6.93	3.85	0	5.17	10.56	19.47	39.71	49.39	10.45	9.35	0	109.56	33	277.86	215.93	69.74	135.08	725.89
50.3765	4.62	3.85	0	5.17	10.56	21.45	39.71	47.63	8.69	9.35	0	109.56	30.25	277.86	212.96	67.32	132.99	715.99
50.3865	4.62	3.85	0	6.82	12.65	23.43	39.71	47.63	8.69	9.35	0	109.56	30.25	280.61	209.99	67.32	138.71	715.77
50.3965	4.62	3.85	4.84	6.82	12.65	23.43	39.71	45.87	8.69	9.35	0	109.56	27.5	283.47	207.02	67.32	141.79	712.91
50.4065	4.62	3.85	0	8.58	12.65	25.3	39.71	44.11	8.69	9.35	0	109.56	27.5	286.33	207.02	67.32	138.82	715.77
50.4165	4.62	3.85	0	8.58	14.74	25.3	38.17	44.11	8.69	6.93	0	109.56	27.5	291.94	207.02	67.32	139.37	718.96
50.4265	4.62	3.85	4.84	8.58	14.74	27.28	38.17	42.35	8.69	9.35	0	109.56	27.5	294.8	207.02	67.32	144.43	724.24
50.4365	4.62	3.85	4.84	10.34	14.74	27.28	38.17	40.59	8.69	6.93	0	109.56	27.5	297.55	207.02	67.32	144.43	724.57
50.4465	4.62	3.85	4.84	10.34	16.94	27.28	38.17	38.83	8.69	6.93	0	109.56	27.5	303.27	207.02	67.32	144.87	730.29
50.4565	4.62	3.85	4.84	11.99	14.74	27.28	36.63	37.07	8.69	6.93	0	109.56	24.75	306.02	207.02	67.32	141.02	730.29
50.4665	4.62	3.85	4.84	11.99	16.94	27.28	36.63	37.07	8.69	6.93	0	109.56	24.75	308.88	204.05	67.32	143.22	730.18
50.4765	4.62	3.85	4.84	11.99	16.94	27.28	36.63	37.07	8.69	6.93	0	112.75	24.75	314.49	204.05	67.32	143.22	738.98
50.4865	4.62	3.85	4.84	13.75	16.94	29.26	35.09	37.07	8.69	6.93	0	109.56	22	317.35	204.05	69.74	145.42	738.32
50.4965	4.62	3.85	4.84	13.75	16.94	29.26	35.09	35.31	8.69	4.62	0	109.56	22	320.21	204.05	69.74	143.66	738.87
50.5065	4.62	3.85	4.84	13.75	16.94	29.26	33.55	35.31	8.69	4.62	0	109.56	22	322.96	204.05	72.16	142.12	744.04
50.5165	4.62	5.83	4.84	13.75	16.94	29.26	33.55	33.55	8.69	4.62	0	106.48	22	325.82	204.05	72.16	142.34	743.82
50.5265	4.62	3.85	4.84	11.99	16.94	27.28	32.01	31.79	8.69	4.62	0	103.29	22	325.82	204.05	74.69	133.32	743.16
50.5365	4.62	3.85	4.84	11.99	16.94	27.28	30.47	31.79	6.93	4.62	0	103.29	19.25	328.68	204.05	77.11	131.78	743.93
50.5465	4.62	3.85	4.84	11.99	14.74	25.3	28.93	30.03	6.93	0	0	100.21	19.25	328.68	201.08	79.53	124.3	735.68
50.5565	4.62	5.83	0	11.99	14.74	23.43	27.5	28.27	6.93	0	0	100.21	19.25	331.54	201.08	79.53	116.38	738.54
50.5665	4.62	3.85	4.84	10.34	14.74	23.43	25.96	28.27	6.93	0	0	97.02	19.25	331.54	201.08	79.53	116.05	735.35
50.5765	0	3.85	0	10.34	14.74	23.43	24.42	26.4	6.93	0	0	97.02	19.25	334.29	201.08	79.53	103.18	738.1
50.5865	0	3.85	0	10.34	12.65	21.45	22.88	26.4	6.93	0	0	100.21	19.25	334.29	201.08	79.53	97.57	741.29
50.5965	0	3.85	0	10.34	12.65	21.45	21.34	24.64	6.93	0	0	100.21	19.25	334.29	198.11	79.53	94.27	738.32
50.6065	0	3.85	0	11.99	12.65	21.45	21.34	24.64	6.93	0	0	103.29	16.5	334.29	198.11	79.53	95.92	738.65
50.6165	0	3.85	0	11.99	12.65	23.43	19.8	24.64	6.93	0	0	103.29	19.25	337.15	195.14	79.53	96.36	741.29
50.6265	0	3.85	0	11.99	12.65	23.43	19.8	24.64	6.93	0	0	106.48	19.25	337.15	195.14	79.53	96.36	744.48
50.6365	0	3.85	0	11.99	12.65	23.43	18.26	22.88	6.93	0	0	106.48	19.25	340.01	192.06	79.53	93.06	744.26
50.6465	0	5.83	0	13.75	12.65	23.43	16.72	22.88	6.93	0	0	106.48	16.5	340.01	192.06	79.53	95.26	741.51
50.6565	4.62	5.83	0	13.75	12.65	21.45	15.18	21.12	6.93	0	0	109.56	16.5	340.01	189.09	79.53	94.6	741.62
50.6665	4.62	5.83	0	13.75	12.65	19.47	10.67	19.36	6.93	0	0	112.75	16.5	342.76	186.12	77.11	86.35	742.17
50.6765	4.62	5.83	0	15.51	12.65	17.49	7.59	17.6	6.93	0	0	115.94	19.25	340.01	186.12	77.11	81.29	745.36
50.6865	11.55	7.7	4.84	13.75	10.56	15.62	4.51	14.08	8.69	4.62	0	119.02	19.25	340.01	180.18	77.11	82.61	748.88
50.6965	18.59	7.7	4.84	13.75	10.56	11.66	2.97	7.04	6.93	4.62	0	125.4	19.25	337.15	177.21	74.69	77.11	745.25
50.7065	27.83	9.68	7.26	13.75	10.56	9.68	0	5.28	8.69	4.62	0	131.67	19.25	331.54	174.24	72.16	84.04	742.17
50.7164	37.18	13.64	9.68	11.99	10.56	7.81	0	3.52	8.69	4.62	0	137.94	22	325.82	171.27	69.74	94.38	740.08
50.7264	44.11	15.51	12.1	11.99	10.56	7.81	0	3.52	8.69	4.62	0	144.32	24.75	314.49	165.33	67.32	105.6	729.52
50.7364	53.35	15.51	14.52	11.99	8.47	5.83	0	0	8.69	6.93	0	153.78	24.75	303.27	159.5	67.32	109.67	724.24
50.7464	62.37	17.49	14.52	10.34	8.47	3.85	0	0	8.69	6.93	0	169.62	30.25	294.8	156.53	64.9	117.04	731.72
50.7564	71.17	19.47	16.94	10.34	8.47	0	0	0	10.45	11.66	4.73	185.57	33	283.47	153.67	64.9	126.39	747.45
50.7664	77.77	19.47	19.36	6.82	8.47	0	0	0	12.21	21.01	9.57	201.63	38.5	275	156.53	62.37	131.89	776.82
50.7764	82.17	19.47	19.36	6.82	8.47	0	0	0	17.49	32.78	14.3	214.39	44	263.89	159.5	64.9	136.29	811.25
50.7864	84.48	17.49	19.36	5.17	6.27	0	0	0	33.33	63.36	28.71	220.77	49.5	252.67	165.33	67.32	132.77	880.99
50.7964	82.17	15.51	19.36	3.41	6.27	0	0	0	71.28	103.51	50.27	220.77	58.08	241.45	168.3	67.32	126.72	980.98
50.8064	77.77	11.66	16.94	0	4.18	0	0	0	107.58	138.05	74.14	214.39	61.05	230.34	171.27	67.32	110.55	1064.14
50.8164	71.17	7.7	14.52	0	4.18	0	0	0	127.93	155.65	87.78	211.2	64.02	224.73	171.27	67.32	97.57	1109.9
50.8264	64.57	5.83	12.1	0	4.18	0	0	0	132.22	155.65	90.53	204.82	64.02	224.73	174.24	67.32	86.68	1113.53
50.8364	57.97	3.85	9.68	0	4.18	0	0	0	127.93	150.59	90.53	201.63	64.02	224.73	180.18	67.32	75.68	1106.93
50.8464	51.04	3.85	7.26	0	4.18	0	0	0	125.84	143.11	87.78	195.14	64.02	221.98	183.15	64.9	66.33	1085.92
50.8564	48.73	3.85	7.26	0	4.18	0	0	0	123.75	140.58	90.53	188.76	66.99	221.98	186.12	64.9	64.02	1083.61
50.8664	48.73	3.85	7.26	0	4.18	0	0	0	123.75	135.52	90.53	182.38	66.99	219.23	189.09	64.9	64.02	1072.39
50.8764	51.04	3.85	7.26	0	4.18	0	0	0	125.84	133.1	93.28	176	66.99	216.59	192.06	64.9	66.33	1068.76
50.8864	53.35	3.85	9.68	0	4.18	0	0	0	125.84	130.57	93.28	172.81	66.99	213.84	192.06	64.9	71.06	1060.29
50.8964	60.17	3.85	9.68	0	4.18	0	0	0	125.84	130.57	93.28	169.62	66.99	211.2	192.06	64.9	77.88	1054.46
50.9064	64.57	5.83	12.1	0	4.18	0	0	0	123.75	128.04	93.28	166.43	66.99	208.45	189.09	64.9	86.68	1040.93
50.9164	71.17	5.83	14.52	0	4.18	0	0	0	121.55	125.51	90.53	163.24	64.02	205.81	186.12	62.37	95.7	1019.15
50.9264	73.37	5.83	14.52	0	4.18	0	0	0	121.55	125.51	87.78	163.24	64.02	205.81	186.12	62.37	97.9	1016.4
50.9364	75.57	5.83	14.52	0	4.18	0	0	0	119.46	123.09	87.78	160.05	64.02	203.06	183.15	62.37	100.1	1002.98
50.9464	75.57	5.83	14.52	0	4.18	0	0	0	119.46	123.09	87.78	156.97	64.02	200.42	183.15	59.95	100.1	994.84
50.9564	75.57	5.83	14.52	0	4.18	0	0	0	117.37	120.56	87.78	156.97	64.02	200.42	183.15	59.95	100.1	990.22
50.9664	75.57	5.83	14.52	0	4.18	0	0	0	115.28	118.03	87.78	153.78	64.02	197.67	183.15	62.37	100.1	982.08
50.9764	77.77	7.7	14.52	0	4.18	0	0	0	111.43	115.5	85.03	153.78	64.02	200.42	183.15	62.37	104.17	975.7
50.9864	77.77	7.7	16.94	0	4.18	0	0	0	107.58	110.66	82.39	156.97	64.02	200.42	186.12	62.37	106.59	970.53
50.9964	82.17	9.68	16.94	0	4.18	0	0	0	101.86	108.24	76.89	156.97	66.99	203.06	192.06	62.37	112.97	968.44
51.0064	86.68	11.66	19.36	0	6.27	0	0	0	94.16	101.2	74.14	156.97	66.99	205.81	192.06	64.9	123.97	956.23
51.0164	91.08	15.51	24.2	0	6.27	0	0	0	84.7	94.05	68.75	156.97	66.99	211.2	198.11	64.9	137.06	945.67
51.0264	95.48	19.47	26.62	3.41	6.27	0	0	0	77	87.01	63.25	156.97	66.99	213.84	204.05	64.9	151.25	934.01
51.0364	99.88	23.32	31.46	5.17	8.47	0	2.97	0	69.41	79.86	57.75	156.97	66.99	216.59	207.02	67.32	171.27	921.91
51.0464	106.48	25.3	33.88	8.58	8.47	3.85	2.97	0	61.71	72.82	52.69	153.78	66.99	219.23	212.96	67.32	189.53	907.5
51.0564	113.41	29.15	38.72	10.34	10.56	5.83	4.51	0	52.69	65.67	45.43	150.59	66.99	219.23	218.9	69.74	212.52	889.24
51.0664	118.36	31.13	45.98	11.99	12.65	9.68	9.13	3.52	45.65	56.21	40.7	147.51	66.99	221.98	224.73	69.74	242.44	873.51
51.0764	125.73	35.09	50.82	15.51	14.74	15.62	13.75	7.04	36.85	46.86	33.44	141.13	66.99	221.98	227.59	72.16	278.3	847
51.0864	135.52	38.94	55.77	17.16	16.94	19.47	18.26	8.8	29.81	37.51	26.29	134.86	64.02	221.98	230.45	69.74	310.86	814.66
51.0964	142.89	40.92	62.81	18.92	19.03	25.3	22.88	10.56	24.53	30.47	21.56	128.48	64.02	221.98	233.2	72.16	343.31	796.4
51.1064	152.68	44.77	67.54	20.68	21.12	29.26	25.96	12.32	21.01	23.43	16.72	115.94	58.08	219.23	236.06	72.16	374.33	762.63
51.1164	162.58	48.73	74.58	24.09	23.21	35.09	28.93	14.08	19.25	18.7	11.88	103.29	55.11	216.59	236.06	72.16	411.29	733.04
51.1264	174.79	54.56	79.31	25.85	23.21	39.05	32.01	15.84	17.49	13.97	9.57	90.75	49.5	211.2	236.06	69.74	444.62	698.28
51.1364	184.47	58.74	86.35	29.26	25.41	41.03	33.55	15.84	13.97	11.66	7.15	75.02	44	205.81	236.06	69.74	474.65	663.41
51.1464	194.15	63.14	91.08	31.02	25.41	46.86	35.09	17.6	12.21	6.93	4.73	62.48	38.5	197.67	236.06	69.74	504.35	628.32
51.1564	201.52	67.54	95.81	34.43	27.5	48.84	38.17	19.36	10.45	4.62	4.73	48.07	33	187	233.2	69.74	533.17	590.81
51.1664	211.2	71.94	100.54	36.19	27.5	52.69	39.71	21.12	10.45	4.62	0	36.74	24.75	173.47	230.45	69.74	560.89	550.22
51.1764	216.04	74.14	105.27	37.84	29.59	56.65	42.68	22.88	8.69	4.62	0	25.41	16.5	159.94	221.98	72.16	585.09	509.3
51.1864	223.41	76.34	110	37.84	29.59	58.63	45.76	24.64	8.69	0	0	16.94	11	138.16	212.96	72.16	606.21	459.91
51.1964	231.11	80.74	117.37	39.6	31.68	60.83	48.84	26.4	6.93	0	0	8.47	8.25	113.63	201.08	72.16	636.57	410.52
51.2064	238.92	82.94	122.32	39.6	33.88	65.34	50.38	30.03	6.93	0	0	5.61	5.5	89.21	180.18	72.16	663.41	359.59
51.2164	246.73	85.14	129.69	39.6	33.88	67.54	53.46	31.79	5.17	0	0	0	0	67.54	156.53	69.74	687.83	298.98
51.2264	254.43	87.34	134.64	39.6	35.97	69.74	55	33.55	3.41	0	0	0	0	49.83	130.46	64.9	710.27	248.6
51.2364	267.41	89.54	139.59	41.36	35.97	72.05	58.3	35.31	0	0	0	0	0	35.64	104.17	57.53	739.53	197.34
51.2464	277.86	93.94	147.07	41.36	38.06	72.05	58.3	37.07	0	0	0	0	0	26.07	80.3	44.44	765.71	150.81
51.2564	285.45	98.34	152.02	41.36	38.06	72.05	60.06	37.07	0	0	0	0	0	21.34	65.45	33.88	784.41	120.67
51.2664	295.68	100.54	159.39	43.01	38.06	74.25	61.93	38.83	0	0	0	0	0	16.61	51.37	23.21	811.69	91.19
51.2764	305.91	104.94	164.34	44.77	40.15	76.56	61.93	40.59	0	0	0	0	0	14.19	41.03	19.03	839.19	74.25
51.2864	311.08	107.14	169.29	46.53	40.15	78.76	63.69	42.35	0	0	0	0	0	11.88	30.8	14.74	858.99	57.42
51.2964	318.67	111.54	171.82	48.18	42.35	80.96	65.56	44.11	0	0	0	0	0	11.88	23.1	10.56	883.19	45.54
51.3064	323.84	113.85	174.24	49.94	42.35	83.27	65.56	45.87	0	0	0	0	0	9.46	15.4	4.18	898.92	29.04
51.3164	326.37	118.03	176.77	53.35	42.35	85.47	65.56	45.87	0	0	0	0	0	7.04	12.76	4.18	913.77	23.98
51.3264	326.37	120.12	176.77	55.11	42.35	87.67	67.32	45.87	0	0	0	0	0	7.04	10.23	0	921.58	17.27
51.3364	326.37	122.21	176.77	56.87	42.35	89.98	67.32	47.63	0	0	0	0	0	4.73	10.23	0	929.5	14.96
51.3464	326.37	122.21	174.24	58.63	42.35	89.98	65.56	45.87	0	0	0	0	0	4.73	7.7	0	925.21	12.43
51.3564	326.37	124.3	171.82	63.03	42.35	92.18	65.56	45.87	0	0	0	0	0	4.73	7.7	0	931.48	12.43
51.3664	323.84	124.3	169.29	65.23	42.35	92.18	65.56	45.87	0	0	0	0	0	4.73	7.7	0	928.62	12.43
51.3764	321.31	126.39	164.34	67.43	44.44	92.18	63.69	45.87	0	0	0	0	0	4.73	7.7	0	925.65	12.43
51.3864	318.67	126.39	161.92	71.83	42.35	94.49	61.93	44.11	0	0	0	0	0	4.73	5.06	0	921.69	9.79
51.3964	313.61	128.48	156.97	74.03	42.35	94.49	60.06	44.11	0	0	0	0	0	0	5.06	0	914.1	5.06
51.4064	311.08	130.57	152.02	78.43	42.35	94.49	58.3	42.35	0	0	0	0	0	0	5.06	0	909.59	5.06
51.4164	305.91	130.57	149.49	82.83	42.35	96.69	56.54	42.35	0	0	0	0	0	0	5.06	0	906.73	5.06
51.4264	300.85	132.66	144.54	89.54	40.15	98.89	55	40.59	0	0	0	0	0	0	0	0	902.22	0
51.4364	295.68	134.75	139.59	93.94	40.15	98.89	53.46	40.59	0	0	0	0	0	0	0	0	897.05	0
51.4464	290.62	136.84	134.64	98.34	40.15	98.89	50.38	38.83	0	0	0	0	0	0	0	0	888.69	0
51.4564	285.45	138.93	132.22	104.94	38.06	101.2	48.84	38.83	0	0	0	0	0	0	0	0	888.47	0
51.4664	282.92	141.02	127.27	111.54	38.06	103.4	48.84	38.83	0	0	0	0	0	0	0	0	891.88	0
51.4764	277.86	143.11	124.74	118.25	38.06	105.6	47.3	37.07	0	0	0	0	0	0	0	0	891.99	0
51.4864	272.58	145.2	119.79	124.96	38.06	107.91	45.76	37.07	0	0	0	0	0	0	0	0	891.33	0
51.4964	267.41	145.2	119.79	131.67	38.06	110.11	45.76	37.07	0	0	0	0	0	0	0	0	895.07	0
51.5064	262.24	147.29	117.37	138.38	38.06	114.51	45.76	37.07	0	0	0	0	0	0	0	0	900.68	0
51.5164	254.43	147.29	114.84	147.4	38.06	118.69	45.76	35.31	0	0	0	0	0	0	0	0	901.78	0
51.5264	249.26	149.38	112.42	156.31	38.06	120.78	45.76	35.31	0	0	0	0	0	0	0	0	907.28	0
51.5364	241.45	149.38	110	165.33	38.06	125.07	45.76	35.31	0	0	0	0	0	0	0	0	910.36	0
51.5464	233.75	149.38	105.27	174.68	38.06	129.25	45.76	35.31	0	0	0	0	0	0	0	0	911.46	0
51.5564	223.41	147.29	102.96	186.56	38.06	133.54	45.76	35.31	0	0	0	0	0	0	0	0	912.89	0
51.5664	213.62	145.2	98.23	195.91	38.06	139.92	45.76	35.31	0	0	0	0	0	0	0	0	912.01	0
51.5764	201.52	143.11	93.5	205.37	40.15	144.1	47.3	33.55	0	0	0	0	0	0	0	0	908.6	0
51.5864	189.31	138.93	88.77	214.83	40.15	148.39	47.3	33.55	0	0	0	0	0	0	0	0	901.23	0
51.5964	177.21	132.66	84.04	224.18	40.15	152.57	48.84	33.55	0	0	0	0	0	0	0	0	893.2	0
51.6064	165	126.39	79.31	233.31	40.15	158.95	48.84	35.31	0	0	0	0	0	0	0	0	887.26	0
51.6164	147.84	118.03	72.27	244.64	40.15	165.33	50.38	35.31	0	0	0	0	0	0	0	0	873.95	0
51.6264	125.73	107.14	62.81	255.97	42.35	167.53	51.92	37.07	0	0	0	0	0	0	0	0	850.52	0
51.6364	108.68	96.14	58.08	264.99	44.44	171.93	53.46	38.83	0	0	0	0	0	0	0	0	836.55	0
51.6464	95.48	85.14	50.82	271.81	44.44	178.53	55	40.59	0	0	0	0	0	0	0	0	821.81	0
51.6564	84.48	74.14	43.56	278.74	46.53	185.13	58.3	42.35	0	0	0	0	0	0	0	0	813.23	0
51.6664	73.37	63.14	36.3	283.47	46.53	191.73	63.69	44.11	0	0	0	0	0	0	0	0	802.34	0
51.6764	60.17	52.58	31.46	288.2	48.62	200.64	69.19	45.87	0	0	0	0	0	0	0	0	796.73	0
51.6864	48.73	40.92	26.62	288.2	48.62	209.44	74.58	49.39	0	0	0	0	0	0	0	0	786.5	0
51.6964	44.11	35.09	24.2	285.78	48.62	220.55	81.84	52.91	0	0	0	0	0	0	0	0	793.1	0
51.7064	37.18	29.15	21.78	283.47	48.62	229.35	89.1	58.52	0	0	0	0	0	0	0	0	797.17	0
51.7164	32.45	23.32	19.36	278.74	48.62	238.15	94.49	68.64	0	0	0	0	0	0	0	0	803.77	0
51.7264	27.83	19.47	16.94	274.12	48.62	249.15	99.99	76.67	0	0	0	0	0	0	0	0	812.79	0
51.7364	27.83	17.49	14.52	267.3	46.53	255.75	103.62	88.77	0	0	0	0	0	0	0	0	821.81	0
51.7464	25.52	17.49	14.52	258.28	44.44	262.35	105.38	104.94	0	4.62	0	0	0	0	0	0	832.92	4.62
51.7564	23.21	17.49	14.52	249.15	42.35	268.95	105.38	115.17	3.41	9.35	0	0	0	0	0	0	836.22	12.76
51.7664	23.21	15.51	14.52	240.13	40.15	273.35	105.38	125.62	6.93	13.97	0	0	0	0	0	0	837.87	20.9
51.7764	20.9	15.51	12.1	226.49	38.06	277.86	103.62	133.98	10.45	18.7	0	0	0	0	0	0	828.52	29.15
51.7864	20.9	15.51	12.1	207.79	33.88	279.84	99.99	140.25	19.25	25.74	0	8.47	0	4.73	5.06	0	810.26	63.25
51.7964	18.59	13.64	12.1	186.56	31.68	283.91	96.36	148.61	73.15	56.21	7.15	14.08	0	7.04	7.7	0	791.45	165.33
51.8064	16.17	13.64	9.68	160.82	27.5	281.82	92.73	156.97	134.31	96.47	16.72	33.88	0	16.61	10.23	0	759.33	308.22
51.8164	13.86	11.66	9.68	136.18	23.21	279.84	89.1	167.42	159.72	130.57	26.29	48.07	5.5	37.95	7.7	6.27	730.95	422.07
51.8264	11.55	9.68	9.68	109.34	21.12	273.35	83.71	174.13	200.86	165.66	43.12	59.4	8.25	59.4	12.76	12.65	692.56	562.1
51.8364	9.24	9.68	7.26	85.03	16.94	260.15	76.45	178.75	226.49	180.29	52.69	65.67	8.25	72.93	23.1	16.94	643.5	646.36
51.8464	6.93	7.7	7.26	65.23	14.74	235.95	70.95	178.75	224.07	180.29	55.11	68.75	8.25	81.07	33.33	19.03	587.51	669.9
51.8564	4.62	5.83	7.26	53.35	12.65	196.24	63.69	169.62	207.79	177.87	55.11	71.94	11	86.46	35.97	21.12	513.26	667.26
51.8664	0	3.85	4.84	46.53	12.65	148.39	58.3	156.97	196.24	175.45	52.69	75.02	11	94.6	38.5	23.21	431.53	666.71
51.8764	0	0	4.84	39.6	10.56	103.4	51.92	129.8	191.51	180.29	55.11	81.29	11	102.74	43.67	25.41	340.12	691.02
51.8864	0	0	0	31.02	8.47	72.05	45.76	90.86	203.17	189.97	63.25	84.48	13.75	113.63	51.37	27.5	248.16	747.12
51.8964	0	0	0	22.33	6.27	52.69	38.17	66.55	219.34	202.07	71.39	90.75	13.75	121.88	59.51	29.59	186.01	808.28
51.9064	0	0	0	13.75	0	39.05	30.47	49.39	236.28	211.75	79.64	93.94	16.5	127.27	68.42	33.88	132.66	867.68
51.9164	0	0	0	8.58	0	27.28	22.88	31.79	248.6	219.01	85.03	97.02	16.5	132.77	74.36	35.97	90.53	909.26
51.9264	0	0	0	6.82	0	19.47	15.18	21.12	248.6	223.85	85.03	103.29	19.25	138.16	77.33	38.06	62.59	933.57
51.9364	0	0	0	5.17	0	13.64	9.13	12.32	241.23	228.69	85.03	112.75	19.25	143.66	77.33	38.06	40.26	946
51.9464	0	0	0	5.17	0	7.81	0	3.52	231.44	228.69	79.64	119.02	19.25	151.8	74.36	40.26	16.5	944.46
51.9564	0	0	0	5.17	0	3.85	0	0	221.65	231.11	76.89	128.48	19.25	157.19	74.36	40.26	9.02	949.19
51.9664	0	0	0	5.17	0	0	0	0	212.41	231.11	74.14	137.94	19.25	162.69	74.36	42.35	5.17	954.25
51.9764	0	0	0	3.41	0	0	0	0	205.48	231.11	71.39	150.59	19.25	168.19	74.36	42.35	3.41	962.72
51.9864	0	0	0	3.41	0	0	0	0	196.24	226.27	66	160.05	19.25	173.47	74.36	44.44	3.41	960.08
51.9964	0	0	0	3.41	0	0	0	0	184.58	223.85	63.25	169.62	19.25	176.22	74.36	44.44	3.41	955.57
52.0064	0	0	0	3.41	0	0	0	0	170.72	216.59	60.5	176	22	178.86	74.36	46.53	3.41	945.56
52.0164	0	0	0	3.41	0	0	0	0	159.72	209.33	55.11	185.57	22	181.61	74.36	46.53	3.41	934.23
52.0264	0	0	0	3.41	0	0	0	0	151.25	199.65	52.69	188.76	19.25	184.25	74.36	48.73	3.41	918.94
52.0364	0	0	0	0	0	0	0	0	140.69	192.39	47.85	198.44	22	187	77.33	48.73	0	914.43
52.0464	0	0	0	0	0	0	0	0	132.22	185.13	45.43	204.82	22	189.64	77.33	48.73	0	905.3
52.0564	0	0	0	0	0	0	0	0	123.75	180.29	43.12	211.2	22	195.03	77.33	50.82	0	903.54
52.0664	0	0	0	0	0	0	0	0	117.37	173.03	40.7	214.39	22	197.67	77.33	50.82	0	893.31
52.0764	0	0	0	0	0	0	0	0	111.43	168.19	40.7	220.77	22	203.06	80.3	50.82	0	897.27
52.0864	0	0	0	0	0	0	0	0	107.58	163.13	38.28	226.93	22	208.45	83.27	50.82	0	900.46
52.0964	0	0	0	0	0	0	0	0	103.73	158.07	38.28	229.79	22	211.2	83.27	52.91	0	899.25
52.1064	0	0	0	0	0	0	0	0	99.99	153.12	35.86	235.62	22	216.59	86.35	52.91	0	902.44
52.1164	0	0	0	0	0	0	0	0	96.14	150.59	35.86	238.59	24.75	221.98	89.32	55.11	0	912.34
52.1264	0	0	0	0	0	0	0	0	92.29	145.64	35.86	244.42	24.75	224.73	92.29	55.11	0	915.09
52.1364	0	0	0	0	0	0	0	0	86.57	140.58	33.44	250.14	24.75	233.09	95.26	57.53	0	921.36
52.1463	0	0	0	0	0	0	0	0	82.72	135.52	33.44	253.11	24.75	238.7	98.23	57.53	0	924
52.1563	0	0	0	0	0	0	0	0	75.13	128.04	31.13	255.97	27.5	244.31	101.2	59.95	0	923.23
52.1663	0	0	0	0	0	0	0	0	69.41	120.56	31.13	261.8	27.5	249.92	104.17	59.95	0	924.44
52.1763	0	0	0	0	0	0	0	0	59.84	113.08	28.71	267.63	27.5	252.67	107.14	62.37	0	918.94
52.1863	0	0	0	0	0	0	0	0	52.69	103.51	26.29	273.46	30.25	258.28	110.22	64.9	0	919.6
52.1963	0	0	0	0	0	0	0	0	45.65	94.05	23.87	279.51	30.25	263.89	113.08	67.32	0	917.62
52.2063	0	0	0	0	0	0	0	0	40.37	84.59	21.56	282.7	30.25	266.64	115.94	64.9	0	906.95
52.2163	0	0	0	0	0	0	0	0	36.85	75.13	19.14	288.97	30.25	272.25	118.91	67.32	0	908.82
52.2263	0	0	0	0	0	0	0	0	31.57	68.09	19.14	295.35	30.25	277.86	121.77	67.32	0	911.35
52.2363	0	0	0	0	0	0	0	0	28.05	60.94	16.72	301.62	30.25	283.47	124.63	67.32	0	913
52.2463	0	0	0	0	0	0	0	0	24.53	53.9	14.3	304.81	30.25	289.08	127.6	67.32	0	911.79
52.2563	0	0	0	0	0	0	0	0	22.77	44.55	11.88	311.08	30.25	294.8	127.6	67.32	0	910.25
52.2663	0	0	0	0	0	0	0	0	21.01	39.82	11.88	314.27	30.25	300.41	130.46	69.74	0	917.84
52.2763	0	0	0	0	0	0	0	0	19.25	35.09	9.57	314.27	30.25	308.88	133.32	69.74	0	920.37
52.2863	0	0	0	0	0	0	0	0	17.49	28.05	7.15	314.27	30.25	314.49	136.29	72.16	0	920.15
52.2963	0	0	0	0	0	0	0	0	13.97	21.01	7.15	308	30.25	322.96	139.15	72.16	0	914.65
52.3063	0	0	0	0	0	0	0	0	12.21	13.97	4.73	298.43	27.5	331.54	142.12	77.11	0	907.61
52.3163	0	0	0	0	0	0	0	0	12.21	9.35	0	285.89	24.75	340.01	144.98	81.95	0	899.14
52.3263	0	0	0	0	0	0	0	0	10.45	9.35	0	264.77	22	345.62	147.84	86.9	0	886.93
52.3363	6.93	0	0	0	0	0	0	0	10.45	6.93	0	244.42	19.25	354.09	150.81	91.74	6.93	877.69
52.3463	18.59	3.85	0	0	0	0	0	0	10.45	6.93	0	217.58	16.5	359.7	150.81	96.69	22.44	858.66
52.3563	60.17	7.7	0	0	0	0	0	0	8.69	4.62	0	188.76	13.75	368.17	153.67	104.06	67.87	841.72
52.3663	186.89	25.3	14.52	10.34	0	3.85	0	0	8.69	4.62	0	160.05	11	371.03	153.67	111.32	240.9	820.38
52.3763	218.46	38.94	26.62	13.75	4.18	3.85	0	0	8.69	0	0	134.86	8.25	371.03	153.67	116.05	305.8	792.55
52.3863	238.92	58.74	45.98	20.68	6.27	7.81	0	0	6.93	0	0	103.29	8.25	365.42	153.67	122.76	378.4	760.32
52.3963	257.07	82.94	69.85	31.02	12.65	11.66	0	3.52	5.17	0	0	75.02	5.5	354.09	147.84	127.16	468.71	714.78
52.4063	264.88	102.74	84.04	44.77	14.74	19.47	0	8.8	3.41	0	0	53.68	0	328.68	144.98	133.87	539.44	664.62
52.4163	272.58	113.85	93.5	49.94	16.94	25.3	4.51	10.56	0	0	0	39.6	0	286.33	136.29	138.38	587.18	600.6
52.4263	270.05	115.94	98.23	56.87	19.03	29.26	6.05	10.56	0	0	0	28.27	0	233.09	124.63	140.58	605.99	526.57
52.4363	270.05	120.12	105.27	63.03	21.12	37.07	12.21	14.08	0	0	0	19.8	0	178.86	113.08	140.58	642.95	452.32
52.4463	275.22	124.3	114.84	67.43	23.21	44.88	16.72	15.84	0	0	0	16.94	0	132.77	101.2	131.67	682.44	382.58
52.4563	285.45	130.57	127.27	69.63	27.5	52.69	24.42	17.6	0	0	0	14.08	0	100.1	92.29	113.85	735.13	320.32
52.4663	298.21	134.75	139.59	74.03	29.59	58.63	28.93	19.36	0	0	0	11.22	0	72.93	80.3	89.32	783.09	253.77
52.4763	311.08	141.02	154.44	76.23	31.68	65.34	35.09	21.12	0	0	0	5.61	0	54.56	71.39	69.74	836	201.3
52.4863	326.37	145.2	166.87	76.23	33.88	72.05	39.71	22.88	0	0	0	0	0	40.37	62.48	50.82	883.19	153.67
52.4963	336.71	149.38	174.24	80.63	35.97	74.25	41.25	22.88	0	0	0	0	0	30.8	53.9	40.26	915.31	124.96
52.5063	341.99	151.47	181.83	80.63	35.97	76.56	42.68	24.64	0	0	0	0	0	23.65	43.67	33.88	935.77	101.2
52.5163	344.63	151.47	184.25	80.63	38.06	78.76	44.22	24.64	0	0	0	0	0	18.92	33.33	21.12	946.66	73.37
52.5263	344.63	151.47	184.25	80.63	38.06	78.76	45.76	24.64	0	0	0	0	0	11.88	17.93	8.47	948.2	38.28
52.5363	344.63	151.47	184.25	82.83	40.15	78.76	47.3	26.4	0	0	0	0	0	7.04	7.7	0	955.79	14.74
52.5463	344.63	151.47	181.83	82.83	40.15	78.76	47.3	26.4	0	0	0	0	0	7.04	7.7	0	953.37	14.74
52.5563	339.35	149.38	181.83	82.83	40.15	78.76	47.3	26.4	0	0	0	0	0	4.73	0	0	946	4.73
52.5663	336.71	147.29	179.3	82.83	40.15	78.76	47.3	26.4	0	0	0	0	0	0	0	0	938.74	0
52.5763	328.9	145.2	174.24	85.03	40.15	78.76	48.84	26.4	0	0	0	0	0	0	0	0	927.52	0
52.5863	323.84	141.02	169.29	82.83	40.15	78.76	47.3	26.4	0	0	0	0	0	0	0	0	909.59	0
52.5963	313.61	136.84	166.87	82.83	42.35	78.76	48.84	26.4	0	0	0	0	0	0	0	0	896.5	0
52.6063	305.91	134.75	161.92	82.83	42.35	78.76	48.84	28.27	0	0	0	0	0	0	0	0	883.63	0
52.6163	298.21	130.57	159.39	85.03	42.35	78.76	50.38	28.27	0	0	0	0	0	0	0	0	872.96	0
52.6263	290.62	128.48	154.44	85.03	44.44	78.76	51.92	28.27	0	0	0	0	0	0	0	0	861.96	0
52.6363	282.92	126.39	152.02	85.03	44.44	80.96	53.46	28.27	0	0	0	0	0	0	0	0	853.49	0
52.6463	275.22	122.21	149.49	87.34	44.44	80.96	53.46	28.27	0	0	0	0	0	0	0	0	841.39	0
52.6563	267.41	120.12	147.07	87.34	44.44	83.27	55	30.03	0	0	0	0	0	0	0	0	834.68	0
52.6663	259.6	115.94	144.54	89.54	46.53	85.47	56.54	30.03	0	0	0	0	0	0	0	0	828.19	0
52.6763	251.9	113.85	144.54	91.74	46.53	87.67	58.3	30.03	0	0	0	0	0	0	0	0	824.56	0
52.6863	246.73	111.54	144.54	93.94	48.62	92.18	61.93	30.03	0	0	0	0	0	0	0	0	829.51	0
52.6963	238.92	109.34	142.12	96.14	48.62	94.49	65.56	31.79	0	0	0	0	0	0	0	0	826.98	0
52.7063	231.11	104.94	142.12	98.34	50.82	98.89	67.32	31.79	0	0	0	0	0	0	0	0	825.33	0
52.7163	223.41	102.74	144.54	102.74	50.82	105.6	70.95	33.55	0	0	0	0	0	0	0	0	834.35	0
52.7263	213.62	100.54	142.12	107.14	52.91	110.11	74.58	35.31	0	0	0	0	0	0	0	0	836.33	0
52.7363	203.94	96.14	139.59	113.85	52.91	118.69	80.08