0.0000	253	143.22	128.48	130.24	41.25	147.29	119.79	31.57	4.51	0	3.74	0	0	0	0	0	994.84	8.25
0.0100	253	143.22	128.48	130.24	41.25	147.29	119.79	31.57	4.51	0	3.74	0	0	0	0	0	994.84	8.25
0.0200	244.97	141.02	126.28	132.33	41.25	152.13	122.1	33.77	4.51	0	3.74	0	0	0	0	0	993.85	8.25
0.0300	238.92	138.82	124.08	134.31	43.34	156.97	126.61	33.77	0	0	3.74	0	0	0	0	0	996.82	3.74
0.0400	232.87	134.42	121.88	134.31	43.34	161.7	131.23	36.08	4.51	0	3.74	0	0	0	0	0	995.83	8.25
0.0500	224.84	130.02	117.48	136.4	43.34	164.12	135.74	36.08	4.51	0	3.74	0	0	0	0	0	988.02	8.25
0.0600	216.7	123.42	115.28	136.4	45.54	168.96	140.25	38.28	4.51	0	3.74	0	0	0	0	0	984.83	8.25
0.0700	208.56	119.02	113.08	138.49	45.54	173.47	147.07	40.59	4.51	0	3.74	0	0	0	0	0	985.82	8.25
0.0800	198.44	112.42	108.57	140.58	45.54	178.09	151.58	45.1	4.51	0	3.74	0	0	0	0	0	980.32	8.25
0.0900	188.32	108.13	101.86	140.58	45.54	180.4	156.09	45.1	0	0	3.74	0	0	0	0	0	966.02	3.74
0.1000	178.2	100.21	97.46	142.67	47.74	184.91	160.71	49.61	4.51	0	3.74	0	0	0	0	0	961.51	8.25
0.1100	166.1	94.27	92.95	142.67	47.74	189.53	167.53	51.81	4.51	0	3.74	0	0	0	0	0	952.6	8.25
0.1200	156.09	88.33	86.24	144.76	47.74	194.15	172.15	56.32	0	0	3.74	0	0	0	0	0	945.78	3.74
0.1300	146.19	80.3	79.53	146.74	49.94	198.66	176.77	58.63	0	0	3.74	0	0	0	0	0	936.76	3.74
0.1400	126.28	70.4	68.42	150.92	52.03	203.28	181.5	62.92	0	0	3.74	0	0	0	0	0	915.75	3.74
0.1500	110.22	60.5	57.31	155.1	56.43	203.28	186.12	65.12	0	0	3.74	0	0	0	0	0	894.08	3.74
0.1600	97.13	54.56	51.15	159.17	56.43	207.9	190.74	69.41	4.51	0	3.74	0	0	0	0	0	886.49	8.25
0.1700	81.84	47.08	43.23	161.26	56.43	210.21	195.47	73.81	4.51	0	3.74	0	0	0	0	0	869.33	8.25
0.1800	68.75	39.49	35.42	161.26	56.43	212.41	200.09	78.21	4.51	0	0	0	0	0	0	0	852.06	4.51
0.1900	55.88	32.01	29.48	161.26	58.63	214.72	207.02	82.5	6.82	0	0	0	0	0	0	0	841.5	6.82
0.2000	45.54	28.16	23.54	159.17	56.43	217.03	209.44	84.7	6.82	0	0	0	0	0	0	0	824.01	6.82
0.2100	41.36	24.42	19.58	155.1	54.23	217.03	216.37	89.1	13.64	0	0	0	0	0	0	0	817.19	13.64
0.2200	35.09	20.68	17.71	150.92	52.03	217.03	218.68	89.1	27.39	0	0	0	0	0	0	0	801.24	27.39
0.2300	31.02	16.94	13.75	142.67	47.74	214.72	223.41	91.19	52.58	0	5.61	0	0	0	0	0	781.44	58.19
0.2400	26.84	13.09	9.79	134.31	45.54	214.72	227.92	93.39	104.94	4.18	15.18	0	4.18	0	0	0	765.6	128.48
0.2500	24.75	9.35	7.81	123.97	41.25	212.41	232.54	95.59	153.12	10.45	32.23	4.95	4.18	0	3.96	0	747.67	208.89
0.2600	22.77	9.35	7.81	111.65	36.85	210.21	234.85	97.79	166.76	18.81	43.67	10.01	4.18	0	3.96	0	731.28	247.39
0.2700	20.68	7.48	5.83	96.8	30.36	205.59	237.16	99.99	169.07	20.9	51.26	12.54	0	4.95	3.96	0	703.89	262.68
0.2800	18.59	7.48	5.83	84.04	28.16	200.97	239.47	104.28	173.69	25.08	59.4	17.6	4.18	4.95	3.96	5.5	688.82	294.36
0.2900	16.5	7.48	3.85	71.28	23.87	194.15	241.78	106.48	176.11	27.17	65.89	20.13	6.27	4.95	6.05	5.5	665.39	312.07
0.3000	16.5	7.48	3.85	56.54	19.47	187.22	243.98	108.68	176.11	31.35	72.49	25.19	8.47	10.01	8.03	8.36	643.72	340.01
0.3100	14.41	5.61	3.85	45.98	15.18	180.4	243.98	110.88	178.42	33.44	78.98	30.14	10.56	10.01	12.1	8.36	620.29	362.01
0.3200	12.32	5.61	3.85	33.44	12.98	168.96	243.98	115.28	180.73	33.44	83.38	30.14	12.65	12.54	14.08	8.36	596.42	375.32
0.3300	12.32	5.61	3.85	27.17	10.78	156.97	243.98	117.59	187.77	37.62	89.87	32.67	14.74	15.07	20.13	11.11	578.27	408.98
0.3400	10.34	5.61	0	20.9	10.78	142.56	243.98	119.9	199.43	39.71	98.56	32.67	14.74	20.13	24.2	13.86	554.07	443.3
0.3500	8.25	5.61	0	16.72	8.58	121	239.47	124.52	208.78	41.8	107.25	35.2	16.94	22.66	30.25	16.72	524.15	479.6
0.3600	8.25	3.74	0	14.63	8.58	97.35	232.54	124.52	218.13	43.89	118.36	37.73	19.03	25.19	34.32	19.47	489.61	516.12
0.3700	6.16	3.74	0	10.45	8.58	73.81	216.37	126.83	229.79	45.98	127.6	37.73	19.03	30.14	38.28	22.33	445.94	550.88
0.3800	6.16	3.74	0	8.36	8.58	52.91	193.05	126.83	236.72	45.98	136.84	37.73	19.03	35.2	42.35	22.33	399.63	576.18
0.3900	4.07	3.74	0	6.27	6.49	38.06	158.4	124.52	245.96	48.07	145.97	40.26	21.12	40.26	44.33	25.08	341.55	611.05
0.4000	0	0	0	4.18	8.58	31.79	119.79	124.52	252.89	50.16	152.9	42.79	21.12	45.32	48.4	27.83	288.86	641.41
0.4100	0	0	0	4.18	8.58	23.21	84.59	117.59	262.13	54.34	162.14	45.32	23.21	52.91	52.47	33.44	238.15	685.96
0.4200	0	0	0	0	8.58	19.03	60.94	106.48	269.06	56.43	169.07	47.85	23.21	60.28	54.45	36.19	195.03	716.54
0.4300	0	0	0	0	6.49	14.74	45.1	91.19	275.99	58.63	176.11	50.38	23.21	67.54	58.85	41.8	157.52	752.51
0.4400	0	0	0	0	6.49	10.56	36.08	76.01	278.3	62.81	180.73	52.91	25.41	74.69	63.69	47.41	129.14	785.95
0.4500	0	0	0	0	4.29	8.47	27.06	58.63	283.03	64.9	185.46	55.44	25.41	81.84	68.42	53.02	98.45	817.52
0.4600	0	0	0	0	4.29	6.27	20.24	33.77	283.03	69.19	187.77	60.39	27.5	89.1	70.84	58.63	64.57	846.45
0.4700	4.07	0	0	0	0	6.27	11.22	15.73	283.03	71.28	192.39	62.92	27.5	96.25	75.68	64.35	37.29	873.4
0.4800	4.07	0	0	0	0	4.18	0	6.71	280.72	73.48	192.39	67.98	27.5	103.4	80.41	70.18	14.96	896.06
0.4900	4.07	0	0	0	0	0	0	0	278.3	73.48	194.81	70.4	29.59	110.66	85.25	76.01	4.07	918.5
0.5000	4.07	0	0	0	0	0	0	0	275.99	75.57	194.81	75.46	29.59	120.56	89.98	78.98	4.07	940.94
0.5100	4.07	0	0	0	0	0	0	0	273.68	77.66	192.39	77.99	31.79	125.62	92.4	81.84	4.07	953.37
0.5200	4.07	0	0	0	0	0	0	0	266.75	77.66	187.77	82.94	31.79	133.21	97.24	84.81	4.07	962.17
0.5300	4.07	0	0	0	0	0	0	0	259.82	79.86	185.46	88	31.79	140.8	99.66	87.67	4.07	973.06
0.5400	4.07	0	0	0	0	0	0	0	250.58	79.86	178.42	90.53	33.88	148.28	104.39	90.53	4.07	976.47
0.5500	4.07	0	0	0	0	0	0	0	243.65	79.86	173.69	95.48	33.88	153.34	106.81	93.5	4.07	980.21
0.5600	4.07	0	0	0	0	0	0	0	234.41	77.66	169.07	98.01	33.88	160.93	109.23	96.36	4.07	979.55
0.5700	4.07	0	0	0	0	0	0	0	225.17	77.66	162.14	102.96	33.88	165.99	111.65	99.33	4.07	978.78
0.5800	4.07	0	0	0	0	0	0	0	215.82	77.66	155.21	105.49	35.97	173.36	116.27	99.33	4.07	979.11
0.5900	4.07	0	0	0	0	0	0	0	208.78	75.57	148.28	110.55	35.97	178.09	118.58	102.19	4.07	978.01
0.6000	4.07	0	0	0	0	0	0	0	199.43	75.57	143.66	113.08	38.06	182.82	120.89	105.16	4.07	978.67
0.6100	4.07	0	0	0	0	0	0	0	192.39	73.48	136.84	115.5	38.06	189.86	123.2	105.16	4.07	974.49
0.6200	4.07	0	0	0	0	0	0	0	183.04	71.28	132.22	120.45	38.06	196.9	127.93	108.02	4.07	977.9
0.6300	4.07	0	0	0	0	0	0	0	173.69	69.19	125.29	122.98	38.06	201.63	130.24	108.02	4.07	969.1
0.6400	4.07	0	0	0	0	0	0	0	164.45	67.1	118.36	127.93	40.26	206.36	134.86	110.99	4.07	970.31
0.6500	4.07	0	0	0	0	0	0	0	155.32	64.9	111.65	130.46	40.26	213.4	137.17	113.52	4.07	966.68
0.6600	4.07	0	0	0	0	0	0	0	146.3	60.72	105.05	132.88	40.26	220.55	141.9	116.05	4.07	963.71
0.6700	4.07	0	0	0	0	0	0	0	137.17	58.63	98.56	135.41	40.26	225.39	146.52	116.05	4.07	957.99
0.6800	4.07	0	0	0	0	0	0	0	128.04	54.34	92.07	137.94	42.35	232.76	151.14	118.58	4.07	957.22
0.6900	4.07	0	0	0	0	0	0	0	119.02	52.25	85.47	140.36	42.35	240.13	155.87	123.64	4.07	959.09
0.7000	4.07	0	0	0	0	0	0	0	112.09	48.07	78.98	142.89	42.35	244.97	160.49	126.17	4.07	956.01
0.7100	4.07	0	0	0	0	0	0	0	102.52	45.98	72.49	145.42	44.44	252.34	165.11	126.17	4.07	954.47
0.7199	4.07	0	0	0	0	0	0	0	95.37	41.8	68.09	147.84	44.44	257.18	169.95	131.23	4.07	955.9
0.7299	0	0	0	0	0	0	0	0	88.22	39.71	61.6	150.37	44.44	262.13	172.37	133.76	0	952.6
0.7399	4.07	0	0	0	0	0	0	0	78.65	35.53	55.11	152.79	44.44	266.97	174.79	136.29	4.07	944.57
0.7499	0	0	0	0	0	0	0	0	71.5	31.35	49.39	152.79	44.44	274.34	177.21	136.29	0	937.31
0.7599	0	0	0	0	0	0	0	0	64.35	29.26	45.54	155.32	44.44	279.29	179.63	138.82	0	936.65
0.7699	4.07	0	0	0	0	0	0	0	54.89	27.17	39.82	157.85	44.44	284.13	182.16	141.35	4.07	931.81
0.7799	0	0	0	0	0	0	0	0	47.96	22.99	34.1	160.27	44.44	286.55	184.58	143.88	0	924.77
0.7899	4.07	0	0	0	0	0	0	0	38.83	20.9	28.49	160.27	44.44	291.5	187	146.41	4.07	917.84
0.7999	4.07	0	0	0	0	0	0	0	32.01	18.81	22.77	162.8	42.35	293.92	189.42	151.47	4.07	913.55
0.8099	4.07	0	0	0	0	0	0	0	27.39	16.72	18.92	160.27	42.35	293.92	191.84	154	4.07	905.41
0.8199	4.07	0	0	0	0	0	0	0	25.08	14.63	17.05	157.85	40.26	296.34	194.37	156.53	4.07	902.11
0.8299	4.07	0	0	0	0	0	0	0	22.88	12.54	13.2	157.85	40.26	298.87	196.79	159.06	4.07	901.45
0.8399	4.07	0	0	0	0	0	0	0	20.57	10.45	11.33	152.79	38.06	298.87	199.21	161.59	4.07	892.87
0.8499	4.07	0	0	0	0	0	0	0	18.26	8.36	9.46	147.84	33.88	298.87	199.21	164.12	4.07	880
0.8599	8.25	0	0	0	0	0	0	0	15.95	8.36	7.59	142.89	31.79	301.29	196.79	166.76	8.25	871.42
0.8699	12.32	0	0	0	0	0	0	0	15.95	6.27	7.59	137.94	27.5	301.29	196.79	169.18	12.32	862.51
0.8799	16.5	0	0	0	0	0	0	0	15.95	6.27	5.61	127.93	23.21	298.87	194.37	171.71	16.5	843.92
0.8899	22.77	3.74	0	0	0	0	0	0	13.64	6.27	5.61	118.03	19.03	301.29	191.84	174.24	26.51	829.95
0.8999	35.09	9.35	3.85	0	0	0	0	0	13.64	6.27	5.61	108.02	16.94	298.87	191.84	176.77	48.29	817.96
0.9099	81.84	22.55	15.73	0	0	0	0	0	13.64	6.27	5.61	95.48	12.65	298.87	189.42	179.19	120.12	801.13
0.9199	150.15	39.49	35.42	6.27	0	0	0	0	13.64	4.18	3.74	80.41	10.56	296.34	189.42	181.72	231.33	780.01
0.9299	198.44	52.69	47.19	14.63	0	0	0	0	11.44	4.18	3.74	67.98	8.47	291.5	187	186.78	312.95	761.09
0.9399	206.58	62.48	55.11	27.17	4.29	6.27	6.71	0	11.44	4.18	3.74	55.44	8.47	284.13	187	189.31	368.61	743.71
0.9499	198.44	70.4	64.02	35.53	4.29	12.65	9.02	0	9.13	4.18	3.74	42.79	6.27	271.92	187	191.73	394.35	716.76
0.9599	194.37	78.32	70.62	43.89	12.98	19.03	15.73	0	9.13	4.18	3.74	32.67	6.27	254.76	187	194.26	434.94	692.01
0.9699	194.37	86.35	77.33	50.16	15.18	29.59	22.55	0	9.13	0	0	22.66	6.27	230.34	187	196.79	475.53	652.19
0.9799	198.44	94.27	84.04	58.63	19.47	40.26	31.57	0	6.82	0	0	17.6	6.27	199.32	184.58	196.79	526.68	611.38
0.9899	212.63	106.15	97.46	65.01	19.47	55.11	40.59	4.51	4.51	0	0	12.54	6.27	160.93	179.63	196.79	600.93	560.67
0.9999	226.82	116.82	108.57	71.28	23.87	66.77	49.61	6.71	4.51	0	0	10.01	6.27	120.56	165.11	191.73	670.45	498.19
1.0099	240.9	125.62	121.88	75.57	23.87	76.23	58.63	11.22	0	0	0	7.48	6.27	89.1	144.21	186.78	733.92	433.84
1.0199	251.02	130.02	130.68	79.75	25.96	85.58	68.09	13.53	0	0	0	4.95	6.27	62.7	113.96	174.24	784.63	362.12
1.0299	257.07	134.42	139.48	81.95	28.16	92.62	77.55	15.73	0	0	0	0	6.27	42.79	87.67	161.59	826.98	298.32
1.0399	261.14	136.62	146.08	86.13	30.36	102.08	84.59	20.24	0	0	0	0	6.27	27.72	68.42	133.76	867.24	236.17
1.0499	265.21	138.82	152.68	88.33	30.36	111.43	94.05	22.55	0	0	0	0	6.27	17.6	58.85	99.33	903.43	182.05
1.0599	265.21	141.02	154.88	92.51	30.36	121	101.2	27.06	0	0	0	0	4.18	12.54	46.42	50.16	933.24	113.3
1.0699	263.12	143.22	157.08	96.8	32.56	128.15	108.24	31.57	0	0	0	0	0	10.01	34.32	30.69	960.74	75.02
1.0799	259.16	143.22	157.08	100.98	32.56	137.72	115.28	36.08	0	0	0	0	0	7.48	22.11	22.33	982.08	51.92
1.0899	255.09	141.02	152.68	105.27	34.65	144.98	119.79	38.28	0	0	0	0	0	4.95	12.1	13.86	991.76	30.91
1.0999	246.95	138.82	150.48	109.45	34.65	154.55	124.41	42.79	0	0	0	0	0	4.95	10.01	8.36	1002.1	23.32
1.1099	238.92	136.62	146.08	113.63	36.85	161.7	128.92	47.3	0	0	0	0	0	0	6.05	8.36	1010.02	14.41
1.1199	226.82	132.22	139.48	117.81	36.85	168.96	133.43	49.61	0	0	0	0	0	0	3.96	8.36	1005.18	12.32
1.1299	214.61	123.42	132.88	121.99	36.85	173.47	140.25	54.12	0	0	0	0	0	0	0	5.5	997.59	5.5
1.1399	200.53	116.82	124.08	123.97	39.05	178.09	147.07	56.32	0	0	0	0	0	0	0	0	985.93	0
1.1499	186.34	108.13	115.28	126.06	41.25	182.71	151.58	60.72	0	0	0	0	0	0	0	0	972.07	0
1.1599	172.15	100.21	104.06	126.06	41.25	187.22	158.4	62.92	0	0	0	0	0	0	0	0	952.27	0
1.1699	156.09	90.31	95.15	128.15	41.25	189.53	162.91	65.12	0	0	0	0	0	0	0	0	928.51	0
1.1799	142.23	80.3	84.04	128.15	43.34	191.84	169.84	69.41	0	0	0	0	0	0	0	0	909.15	0
1.1899	126.28	72.38	75.13	130.24	43.34	196.46	176.77	71.61	0	0	0	0	0	0	0	0	892.21	0
1.1999	112.42	62.48	64.02	130.24	43.34	198.66	181.5	76.01	0	0	0	0	0	0	0	0	868.67	0
1.2099	97.13	54.56	55.11	130.24	43.34	203.28	188.43	76.01	0	0	0	0	0	0	0	0	848.1	0
1.2199	84.04	47.08	49.17	130.24	43.34	205.59	195.47	80.3	0	0	0	0	0	0	0	0	835.23	0
1.2299	70.95	39.49	43.23	128.15	45.54	205.59	202.4	82.5	0	0	0	0	0	0	0	0	817.85	0
1.2399	60.06	33.88	35.42	128.15	45.54	207.9	209.44	84.7	0	0	0	0	0	0	0	0	805.09	0
1.2499	51.7	30.14	31.46	126.06	45.54	207.9	216.37	86.9	0	0	0	0	0	0	0	0	796.07	0
1.2599	43.45	26.29	27.5	126.06	45.54	207.9	225.61	91.19	0	0	0	0	0	0	0	0	793.54	0
1.2699	39.27	22.55	23.54	123.97	47.74	207.9	232.54	93.39	0	0	0	0	0	0	0	0	790.9	0
1.2799	35.09	20.68	21.56	121.99	45.54	207.9	239.47	95.59	0	0	0	0	0	0	0	0	787.82	0
1.2899	33.11	20.68	19.58	119.9	45.54	207.9	248.6	97.79	0	0	0	0	0	0	0	0	793.1	0
1.2999	31.02	18.81	19.58	117.81	47.74	207.9	255.53	99.99	0	0	0	0	0	0	0	0	798.38	0
1.3099	28.93	16.94	17.71	115.72	45.54	207.9	260.15	102.08	0	0	0	0	0	0	0	0	794.97	0
1.3199	26.84	16.94	15.73	115.72	45.54	207.9	264.66	104.28	0	0	0	0	0	0	0	0	797.61	0
1.3299	24.75	15.07	13.75	113.63	45.54	207.9	266.97	106.48	0	0	0	0	0	0	0	0	794.09	0
1.3399	22.77	13.09	13.75	113.63	43.34	207.9	269.28	106.48	0	0	0	0	0	0	0	0	790.24	0
1.3499	22.77	13.09	11.77	111.65	43.34	210.21	273.9	108.68	0	0	0	0	0	0	0	0	795.41	0
1.3599	20.68	11.22	9.79	111.65	41.25	210.21	276.21	110.88	0	0	0	0	0	0	0	0	791.89	0
1.3699	18.59	9.35	7.81	107.36	39.05	210.21	278.52	110.88	0	0	0	0	0	0	0	0	781.77	0
1.3799	16.5	9.35	7.81	105.27	39.05	207.9	283.03	113.08	0	0	0	0	0	0	0	0	781.99	0
1.3899	14.41	7.48	5.83	100.98	34.65	207.9	285.23	115.28	0	0	0	0	0	0	0	0	771.76	0
1.3999	14.41	7.48	5.83	96.8	34.65	207.9	292.05	117.59	0	0	0	0	0	0	0	0	776.71	0
1.4099	12.32	7.48	5.83	92.51	32.56	205.59	296.67	119.9	6.82	0	0	0	0	0	0	0	772.86	6.82
1.4199	12.32	5.61	3.85	86.13	28.16	203.28	303.38	122.21	11.44	0	0	0	0	0	0	0	764.94	11.44
1.4299	12.32	5.61	3.85	79.75	25.96	200.97	310.2	124.52	15.95	0	0	0	0	0	0	0	763.18	15.95
1.4399	12.32	5.61	3.85	71.28	23.87	196.46	314.82	129.03	20.57	0	0	0	0	0	0	0	757.24	20.57
1.4499	10.34	5.61	3.85	65.01	21.67	191.84	321.53	131.34	25.08	0	0	0	0	0	0	0	751.19	25.08
1.4599	10.34	5.61	3.85	58.63	19.47	187.22	328.35	133.65	29.7	0	0	0	0	0	0	0	747.12	29.7
1.4699	10.34	5.61	0	50.16	17.27	182.71	332.97	135.96	38.83	0	0	0	0	0	0	0	735.02	38.83
1.4799	8.25	5.61	0	43.89	15.18	178.09	337.48	140.58	61.93	0	5.61	0	0	0	0	0	729.08	67.54
1.4899	8.25	3.74	0	37.62	12.98	171.16	339.68	142.78	109.67	6.27	20.9	0	0	0	0	0	716.21	136.84
1.4999	6.16	3.74	0	31.35	10.78	164.12	344.19	142.78	173.69	18.81	41.8	10.01	0	0	3.96	0	703.12	248.27
1.5099	6.16	5.61	0	27.17	10.78	152.13	344.19	142.78	201.74	29.26	59.4	17.6	0	0	3.96	0	688.82	311.96
1.5199	4.07	3.74	0	20.9	10.78	140.14	339.68	142.78	206.47	41.8	81.18	27.72	6.27	7.48	8.03	5.5	662.09	384.45
1.5299	4.07	3.74	0	18.81	8.58	123.42	335.17	142.78	218.13	50.16	100.76	37.73	12.65	12.54	16.06	8.36	636.57	456.39
1.5399	0	3.74	0	16.72	8.58	102.08	321.53	142.78	227.48	56.43	118.36	42.79	14.74	17.6	26.18	11.11	595.43	514.69
1.5499	0	3.74	0	14.63	6.49	78.54	301.18	140.58	232.1	60.72	129.91	47.85	16.94	25.19	34.32	13.86	545.16	560.89
1.5599	0	3.74	0	12.54	6.49	57.42	266.97	138.27	239.03	64.9	143.66	50.38	19.03	35.2	42.35	19.47	485.43	614.02
1.5699	0	0	0	10.45	6.49	42.35	220.99	131.34	245.96	71.28	155.21	52.91	21.12	47.85	50.38	22.33	411.62	667.04
1.5799	0	0	0	8.36	8.58	31.79	165.22	124.52	252.89	77.66	166.76	57.97	23.21	60.28	54.45	25.08	338.47	718.3
1.5899	0	0	0	6.27	8.58	25.41	113.08	117.59	259.82	81.95	176.11	62.92	23.21	72.27	58.85	30.69	270.93	765.82
1.5999	0	0	0	4.18	10.78	21.12	72.82	104.28	269.06	88.33	183.04	67.98	23.21	79.53	61.27	36.19	213.18	808.61
1.6099	0	0	0	4.18	8.58	14.74	51.81	84.7	271.37	92.51	190.08	72.93	25.41	89.1	63.69	41.8	164.01	846.89
1.6199	0	0	0	0	8.58	10.56	42.79	65.12	273.68	96.8	192.39	80.41	25.41	98.67	66.11	47.41	127.05	880.88
1.6299	0	0	0	0	6.49	8.47	33.77	42.79	273.68	103.18	192.39	88	25.41	105.82	68.42	53.02	91.52	909.92
1.6399	0	0	0	0	4.29	6.27	27.06	18.04	273.68	107.47	192.39	95.48	27.5	115.5	68.42	55.77	55.66	936.21
1.6499	0	0	0	0	0	4.18	15.73	6.71	273.68	113.85	192.39	105.49	27.5	125.62	68.42	61.49	26.62	968.44
1.6599	0	0	0	0	0	0	9.02	0	271.37	118.14	187.77	115.5	27.5	133.21	68.42	64.35	9.02	986.26
1.6699	0	0	0	0	0	0	4.51	0	266.75	120.34	183.04	125.51	27.5	140.8	66.11	67.32	4.51	997.37
1.6799	0	0	0	0	0	0	0	0	259.82	122.54	178.42	132.88	29.59	148.28	66.11	67.32	0	1004.96
1.6899	0	0	0	0	0	0	0	0	250.58	124.63	171.38	142.89	29.59	155.87	66.11	70.18	0	1011.23
1.6999	0	0	0	0	0	0	0	0	241.34	124.63	164.45	152.79	29.59	163.46	66.11	73.15	0	1015.52
1.7099	0	0	0	0	0	0	0	0	229.79	122.54	157.52	160.27	29.59	168.52	66.11	73.15	0	1007.49
1.7199	0	0	0	0	0	0	0	0	218.13	120.34	148.28	170.61	29.59	175.67	66.11	76.01	0	1004.74
1.7299	0	0	0	0	0	0	0	0	208.78	118.14	141.35	178.53	29.59	180.4	66.11	76.01	0	998.91
1.7399	0	0	0	0	0	0	0	0	197.12	115.94	132.22	186.45	31.79	185.13	66.11	76.01	0	990.77
1.7499	0	0	0	0	0	0	0	0	185.46	111.65	125.29	197.12	29.59	189.86	66.11	78.98	0	984.06
1.7599	0	0	0	0	0	0	0	0	176.11	107.47	116.05	205.04	31.79	196.9	66.11	78.98	0	978.45
1.7699	0	0	0	0	0	0	0	0	164.45	103.18	107.25	215.6	31.79	201.63	66.11	78.98	0	968.99
1.7799	0	0	0	0	0	0	0	0	153.12	98.89	100.76	226.27	31.79	208.67	66.11	81.84	0	967.45
1.7899	0	0	0	0	0	0	0	0	143.99	92.51	92.07	235.95	31.79	215.82	66.11	81.84	0	960.08
1.7999	0	0	0	0	0	0	0	0	134.86	86.13	85.47	243.21	31.79	222.97	66.11	84.81	0	955.35
1.8099	0	0	0	0	0	0	0	0	123.53	81.95	78.98	250.47	31.79	227.81	68.42	84.81	0	947.76
1.8199	0	0	0	0	0	0	0	0	116.71	77.66	72.49	257.73	31.79	232.76	68.42	87.67	0	945.23
1.8299	0	0	0	0	0	0	0	0	107.25	71.28	68.09	262.57	31.79	240.13	68.42	87.67	0	937.2
1.8399	0	0	0	0	0	0	0	0	100.1	67.1	63.8	269.83	31.79	244.97	70.84	90.53	0	938.96
1.8499	0	0	0	0	0	0	0	0	92.95	62.81	57.2	277.09	31.79	252.34	70.84	93.5	0	938.52
1.8599	0	0	0	0	0	0	0	0	88.22	60.72	55.11	282.15	31.79	257.18	70.84	93.5	0	939.51
1.8699	0	0	0	0	0	0	0	0	81.07	54.34	51.26	287.32	31.79	264.55	70.84	96.36	0	937.53
1.8799	0	0	0	0	0	0	0	0	73.81	52.25	47.41	295.02	31.79	269.5	73.26	96.36	0	939.4
1.8899	0	0	0	0	0	0	0	0	69.08	50.16	43.67	300.19	31.79	276.76	73.26	99.33	0	944.24
1.8999	0	0	0	0	0	0	0	0	64.35	45.98	37.95	305.36	31.79	281.71	73.26	99.33	0	939.73
1.9099	0	0	0	0	0	0	0	0	59.51	43.89	36.08	310.42	31.79	286.55	73.26	102.19	0	943.69
1.9199	0	0	0	0	0	0	0	0	54.89	39.71	32.23	313.06	31.79	291.5	75.68	102.19	0	941.05
1.9299	0	0	0	0	0	0	0	0	50.27	39.71	30.36	318.12	31.79	293.92	73.26	105.16	0	942.59
1.9399	0	0	0	0	0	0	0	0	47.96	35.53	28.49	323.29	31.79	298.87	73.26	105.16	0	944.35
1.9499	0	0	0	0	0	0	0	0	41.14	33.44	24.64	328.46	31.79	301.29	73.26	108.02	0	942.04
1.9599	0	0	0	0	0	0	0	0	36.52	31.35	20.9	330.99	31.79	306.24	73.26	108.02	0	939.07
1.9699	0	0	0	0	0	0	0	0	32.01	29.26	17.05	330.99	31.79	308.66	70.84	110.99	0	931.59
1.9799	0	0	0	0	0	0	0	0	27.39	25.08	17.05	333.63	29.59	311.08	73.26	110.99	0	928.07
1.9899	0	0	0	0	0	0	0	0	25.08	22.99	15.18	333.63	29.59	313.5	70.84	113.52	0	924.33
1.9999	0	0	0	0	0	0	0	0	22.88	20.9	13.2	330.99	27.5	316.03	70.84	113.52	0	915.86
2.0099	0	0	0	0	0	0	0	0	20.57	18.81	11.33	328.46	27.5	318.45	70.84	116.05	0	912.01
2.0199	0	0	0	0	0	0	0	0	18.26	16.72	9.46	325.82	25.41	320.87	70.84	118.58	0	905.96
2.0299	0	0	0	0	0	0	0	0	15.95	14.63	7.59	320.76	25.41	320.87	68.42	118.58	0	892.21
2.0399	0	0	0	0	0	0	0	0	15.95	12.54	7.59	313.06	23.21	323.4	68.42	121.11	0	885.28
2.0499	0	0	0	0	0	0	0	0	13.64	10.45	5.61	305.36	21.12	325.82	68.42	121.11	0	871.53
2.0599	0	0	0	0	0	0	0	0	13.64	10.45	5.61	295.02	19.03	325.82	66.11	123.64	0	859.32
2.0699	0	0	0	0	0	0	0	0	13.64	10.45	5.61	284.79	16.94	328.24	63.69	128.7	0	852.06
2.0799	4.07	0	0	0	0	0	0	0	13.64	8.36	5.61	274.67	16.94	330.77	63.69	131.23	4.07	844.91
2.0899	4.07	0	0	0	0	0	0	0	13.64	8.36	3.74	260.15	14.74	330.77	63.69	131.23	4.07	826.32
2.0999	6.16	0	0	0	0	0	0	0	11.44	8.36	3.74	248.05	12.65	330.77	63.69	136.29	6.16	814.99
2.1099	14.41	0	0	0	0	0	0	0	11.44	8.36	3.74	233.53	10.56	330.77	61.27	138.82	14.41	798.49
2.1199	31.02	5.61	3.85	0	0	0	0	0	11.44	8.36	3.74	218.24	10.56	330.77	61.27	143.88	40.48	788.26
2.1299	103.62	24.42	11.77	4.18	0	0	0	0	11.44	8.36	0	202.4	8.47	333.19	61.27	148.94	143.99	774.07
2.1399	222.75	50.82	35.42	10.45	0	0	0	0	9.13	6.27	0	186.45	8.47	330.77	61.27	151.47	319.44	753.83
2.1498	253	72.38	55.11	16.72	0	4.18	0	0	9.13	6.27	0	167.97	8.47	328.24	63.69	156.53	401.39	740.3
2.1598	251.02	88.33	70.62	29.26	4.29	16.94	9.02	0	9.13	6.27	0	145.42	8.47	323.4	63.69	161.59	469.48	717.97
2.1698	242.99	90.31	72.93	33.44	4.29	21.12	11.22	0	6.82	4.18	0	120.45	8.47	313.5	63.69	166.76	476.3	683.87
2.1798	232.87	92.29	75.13	39.71	10.78	27.5	18.04	0	6.82	4.18	0	98.01	8.47	298.87	66.11	169.18	496.32	651.64
2.1898	236.94	100.21	84.04	45.98	15.18	33.88	20.24	0	4.51	4.18	0	75.46	6.27	279.29	68.42	171.71	536.47	609.84
2.1998	240.9	110.22	92.95	52.25	19.47	40.26	24.75	0	4.51	4.18	0	57.97	8.47	249.92	68.42	171.71	580.8	565.18
2.2098	253	121.22	104.06	58.63	23.87	46.53	29.26	4.51	0	0	0	45.32	8.47	206.36	68.42	174.24	641.08	502.81
2.2198	269.17	132.22	115.28	62.81	23.87	55.11	33.77	4.51	0	0	0	35.2	8.47	148.28	66.11	169.18	696.74	427.24
2.2298	281.38	138.82	124.08	65.01	28.16	64.46	38.28	4.51	0	0	0	30.14	8.47	89.1	61.27	164.12	744.7	353.1
2.2398	291.06	145.42	132.88	67.1	28.16	71.5	45.1	6.71	0	0	0	22.66	8.47	55.44	56.54	148.94	787.93	292.05
2.2498	298.87	149.82	139.48	69.19	30.36	80.85	51.81	6.71	0	0	0	15.07	6.27	32.67	48.4	123.64	827.09	226.05
2.2598	304.7	154.22	146.08	71.28	32.56	90.31	58.63	9.02	0	0	0	10.01	6.27	22.66	40.37	78.98	866.8	158.29
2.2698	304.7	156.42	148.28	73.48	32.56	99.66	65.67	9.02	0	0	0	7.48	4.18	15.07	32.23	41.8	889.79	100.76
2.2798	304.7	158.62	150.48	77.66	34.65	106.7	70.4	11.22	0	0	0	7.48	0	10.01	22.11	25.08	914.43	64.68
2.2898	300.74	160.82	150.48	79.75	34.65	116.16	75.13	11.22	0	0	0	7.48	0	10.01	12.1	16.72	928.95	46.31
2.2998	294.91	158.62	148.28	81.95	36.85	123.42	82.28	11.22	0	0	0	7.48	0	7.48	3.96	8.36	937.53	27.28
2.3098	289.08	158.62	148.28	86.13	39.05	132.99	87.01	13.53	0	0	0	7.48	0	4.95	0	5.5	954.69	17.93
2.3198	283.25	156.42	146.08	86.13	39.05	140.14	91.74	13.53	0	0	0	7.48	0	4.95	0	0	956.34	12.43
2.3298	275.22	149.82	143.88	88.33	39.05	144.98	98.78	13.53	0	0	0	4.95	0	0	0	0	953.59	4.95
2.3398	265.21	145.42	141.68	88.33	41.25	152.13	103.51	15.73	0	0	0	4.95	0	0	0	0	953.26	4.95
2.3498	255.09	138.82	137.28	88.33	41.25	156.97	108.24	15.73	0	0	0	0	0	0	0	0	941.71	0
2.3598	242.99	130.02	135.08	88.33	41.25	161.7	115.28	18.04	0	0	0	0	0	0	0	0	932.69	0
2.3698	232.87	123.42	130.68	86.13	43.34	166.54	119.79	18.04	0	0	0	0	0	0	0	0	920.81	0
2.3798	222.75	116.82	126.28	84.04	43.34	168.96	124.41	20.24	0	0	0	0	0	0	0	0	906.84	0
2.3898	212.63	110.22	124.08	84.04	43.34	173.47	131.23	24.75	0	0	0	0	0	0	0	0	903.76	0
2.3998	202.51	104.17	117.48	84.04	43.34	175.78	135.74	29.26	0	0	0	0	0	0	0	0	892.32	0
2.4098	192.39	98.23	113.08	81.95	45.54	178.09	140.25	33.77	0	0	0	0	0	0	0	0	883.3	0
2.4198	184.25	92.29	108.57	81.95	45.54	180.4	144.76	38.28	0	0	0	0	0	0	0	0	876.04	0
2.4298	176.22	88.33	104.06	81.95	47.74	182.71	149.38	42.79	0	0	0	0	0	0	0	0	873.18	0
2.4398	168.08	82.28	101.86	79.75	47.74	184.91	156.09	47.3	0	0	0	0	0	0	0	0	868.01	0
2.4498	162.03	78.32	99.66	79.75	47.74	184.91	160.71	51.81	0	0	0	0	0	0	0	0	864.93	0
2.4598	156.09	74.36	97.46	79.75	49.94	187.22	167.53	56.32	0	0	0	0	0	0	0	0	868.67	0
2.4698	150.15	72.38	92.95	79.75	49.94	189.53	172.15	58.63	0	0	0	0	0	0	0	0	865.48	0
2.4798	146.19	68.42	90.75	77.66	52.03	191.84	179.08	60.72	0	0	0	0	0	0	0	0	866.69	0
2.4898	140.25	66.44	88.55	77.66	52.03	191.84	183.81	62.92	0	0	0	0	0	0	0	0	863.5	0
2.4998	136.18	60.5	86.24	77.66	54.23	194.15	188.43	65.12	0	0	0	0	0	0	0	0	862.51	0
2.5098	130.24	58.52	81.84	77.66	54.23	196.46	195.47	67.32	0	0	0	0	0	0	0	0	861.74	0
2.5198	126.28	56.54	79.53	77.66	54.23	196.46	197.78	69.41	0	0	0	0	0	0	0	0	857.89	0
2.5298	120.34	54.56	77.33	79.75	56.43	198.66	200.09	69.41	0	0	0	0	0	0	0	0	856.57	0
2.5398	116.38	52.69	72.93	79.75	56.43	200.97	204.71	71.61	0	0	0	0	0	0	0	0	855.47	0
2.5498	110.22	50.82	68.42	79.75	56.43	203.28	204.71	73.81	0	0	0	0	0	0	0	0	847.44	0
2.5598	103.62	47.08	64.02	81.95	56.43	205.59	207.02	73.81	0	0	0	0	0	0	0	0	839.52	0
2.5698	94.93	43.34	59.51	81.95	58.63	207.9	209.44	76.01	0	0	0	0	0	0	0	0	831.71	0
2.5798	86.24	39.49	53.13	84.04	58.63	210.21	214.06	78.21	0	0	0	0	0	0	0	0	824.01	0
2.5898	77.55	35.75	49.17	84.04	58.63	212.41	218.68	80.3	0	0	0	0	0	0	0	0	816.53	0
2.5998	64.46	32.01	41.25	84.04	58.63	214.72	220.99	82.5	0	0	0	0	0	0	0	0	798.6	0
2.6098	53.79	26.29	35.42	86.13	58.63	214.72	227.92	84.7	0	0	0	0	0	0	0	0	787.6	0
2.6198	45.54	22.55	31.46	86.13	58.63	214.72	232.54	89.1	0	0	0	0	0	0	0	0	780.67	0
2.6298	39.27	20.68	25.52	86.13	60.72	214.72	239.47	91.19	0	0	0	0	0	0	0	0	777.7	0
2.6398	35.09	18.81	21.56	86.13	58.63	214.72	248.6	93.39	0	0	0	0	0	0	0	0	776.93	0
2.6498	31.02	16.94	19.58	84.04	58.63	212.41	255.53	97.79	0	0	0	0	0	0	0	0	775.94	0
2.6598	28.93	15.07	17.71	81.95	58.63	212.41	262.35	99.99	0	0	0	0	0	0	0	0	777.04	0
2.6698	26.84	13.09	15.73	79.75	56.43	210.21	269.28	102.08	0	0	0	0	0	0	0	0	773.41	0
2.6798	22.77	11.22	13.75	77.66	56.43	210.21	273.9	106.48	6.82	0	0	0	0	0	0	0	772.42	6.82
2.6898	20.68	9.35	11.77	73.48	52.03	210.21	276.21	108.68	11.44	0	0	0	0	0	0	0	762.41	11.44
2.6998	18.59	9.35	9.79	71.28	49.94	210.21	278.52	110.88	22.88	0	0	0	0	0	0	0	758.56	22.88
2.7098	16.5	7.48	7.81	69.19	47.74	210.21	278.52	113.08	47.96	0	0	0	0	0	0	0	750.53	47.96
2.7198	14.41	7.48	7.81	67.1	43.34	210.21	276.21	113.08	95.37	0	9.46	0	0	0	0	0	739.64	104.83
2.7298	14.41	5.61	5.83	62.81	39.05	210.21	276.21	113.08	148.5	8.36	22.77	7.48	0	0	0	0	727.21	187.11
2.7398	12.32	5.61	5.83	58.63	34.65	210.21	271.59	115.28	164.45	16.72	37.95	12.54	0	0	0	0	714.12	231.66
2.7498	12.32	5.61	3.85	52.25	30.36	205.59	271.59	115.28	176.11	29.26	55.11	20.13	4.18	0	0	0	696.85	284.79
2.7598	10.34	5.61	3.85	48.07	25.96	200.97	269.28	115.28	185.46	41.8	74.69	35.2	8.47	7.48	8.03	0	679.36	361.13
2.7698	10.34	5.61	3.85	41.8	21.67	194.15	271.59	117.59	197.12	48.07	89.87	37.73	12.65	12.54	14.08	0	666.6	412.06
2.7798	8.25	5.61	3.85	35.53	19.47	182.71	269.28	117.59	199.43	48.07	100.76	37.73	14.74	15.07	20.13	5.5	642.29	441.43
2.7898	8.25	3.74	0	29.26	17.27	168.96	269.28	119.9	204.16	48.07	111.65	40.26	16.94	20.13	28.27	8.36	616.66	477.84
2.7998	6.16	3.74	0	25.08	15.18	144.98	266.97	119.9	211.09	50.16	122.98	40.26	16.94	27.72	36.3	11.11	582.01	516.56
2.8098	6.16	3.74	0	20.9	12.98	118.58	262.35	119.9	218.13	52.25	134.53	40.26	19.03	32.67	42.35	13.86	544.61	553.08
2.8198	0	3.74	0	16.72	12.98	88	250.91	115.28	229.79	54.34	143.66	42.79	21.12	37.73	46.42	16.72	487.63	592.57
2.8298	0	3.74	0	12.54	10.78	59.73	227.92	110.88	239.03	58.63	152.9	42.79	21.12	42.79	50.38	19.47	425.59	627.11
2.8398	0	0	0	8.36	10.78	35.97	186.12	102.08	250.58	62.81	162.14	45.32	21.12	47.85	52.47	19.47	343.31	661.76
2.8498	0	0	0	6.27	8.58	23.21	128.92	91.19	262.13	67.1	171.38	47.85	23.21	52.91	54.45	25.08	258.17	704.11
2.8598	0	0	0	4.18	8.58	19.03	75.13	80.3	271.37	73.48	180.73	50.38	23.21	62.7	58.85	27.83	187.22	748.55
2.8698	0	0	0	0	8.58	14.74	54.12	67.32	280.72	77.66	187.77	55.44	23.21	69.85	58.85	30.69	144.76	784.19
2.8798	0	0	0	0	8.58	10.56	42.79	49.61	290.29	84.04	197.12	60.39	23.21	79.53	61.27	36.19	111.54	832.04
2.8898	0	0	0	0	6.49	8.47	31.57	27.06	299.86	90.42	201.74	67.98	25.41	89.1	61.27	41.8	73.59	877.58
2.8998	0	0	0	0	4.29	6.27	22.55	6.71	302.28	96.8	204.16	75.46	25.41	96.25	61.27	47.41	39.82	909.04
2.9098	0	0	0	0	0	4.18	13.53	0	307.12	103.18	208.78	82.94	25.41	105.82	63.69	53.02	17.71	949.96
2.9198	0	0	0	0	0	4.18	11.22	0	307.12	107.47	208.78	88	27.5	113.08	63.69	55.77	15.4	971.41
2.9298	0	0	0	0	0	4.18	9.02	0	304.7	109.56	211.09	92.95	27.5	120.56	63.69	58.63	13.2	988.68
2.9398	0	0	0	0	0	0	6.71	0	299.86	111.65	208.78	100.54	29.59	128.15	66.11	64.35	6.71	1009.03
2.9498	0	0	0	0	0	0	4.51	0	295.13	113.85	206.47	105.49	29.59	135.74	66.11	67.32	4.51	1019.7
2.9598	0	0	0	0	0	0	0	0	285.45	115.94	201.74	110.55	29.59	140.8	68.42	67.32	0	1019.81
2.9698	0	0	0	0	0	0	0	0	275.99	115.94	197.12	118.03	29.59	150.81	68.42	70.18	0	1026.08
2.9798	0	0	0	0	0	0	0	0	266.75	115.94	190.08	122.98	31.79	155.87	70.84	73.15	0	1027.4
2.9898	0	0	0	0	0	0	0	0	255.2	113.85	180.73	127.93	29.59	163.46	70.84	76.01	0	1017.61
2.9998	0	0	0	0	0	0	0	0	243.65	111.65	173.69	132.88	31.79	168.52	70.84	76.01	0	1009.03
3.0098	0	0	0	0	0	0	0	0	234.41	111.65	166.76	137.94	31.79	173.36	73.26	78.98	0	1008.15
3.0198	0	0	0	0	0	0	0	0	225.17	109.56	159.83	142.89	31.79	178.09	73.26	78.98	0	999.57
3.0298	0	0	0	0	0	0	0	0	215.82	107.47	152.9	147.84	31.79	185.13	75.68	78.98	0	995.61
3.0398	0	0	0	0	0	0	0	0	206.47	103.18	148.28	152.79	33.88	187.44	75.68	81.84	0	989.56
3.0498	0	0	0	0	0	0	0	0	197.12	101.09	141.35	155.32	33.88	194.59	75.68	81.84	0	980.87
3.0598	0	0	0	0	0	0	0	0	187.77	98.89	134.53	160.27	33.88	199.32	78.1	84.81	0	977.57
3.0698	0	0	0	0	0	0	0	0	178.42	94.71	127.6	165.33	33.88	203.94	80.41	84.81	0	969.1
3.0798	0	0	0	0	0	0	0	0	169.07	90.42	122.98	170.61	33.88	211.09	80.41	87.67	0	966.13
3.0898	0	0	0	0	0	0	0	0	159.94	88.33	116.05	175.89	35.97	218.13	82.83	90.53	0	967.67
3.0998	0	0	0	0	0	0	0	0	150.81	84.04	109.45	181.17	35.97	225.39	85.25	93.5	0	965.58
3.1098	0	0	0	0	0	0	0	0	143.99	79.86	102.96	186.45	35.97	230.34	85.25	93.5	0	958.32
3.1198	0	0	0	0	0	0	0	0	137.17	77.66	98.56	191.73	35.97	237.6	87.67	96.36	0	962.72
3.1298	0	0	0	0	0	0	0	0	130.35	73.48	92.07	199.76	38.06	242.55	87.67	99.33	0	963.27
3.1398	0	0	0	0	0	0	0	0	121.22	69.19	85.47	205.04	38.06	249.92	89.98	99.33	0	958.21
3.1498	0	0	0	0	0	0	0	0	114.51	67.1	81.18	210.32	38.06	254.76	92.4	102.19	0	960.52
3.1598	0	0	0	0	0	0	0	0	109.67	62.81	76.78	215.6	38.06	259.71	92.4	102.19	0	957.22
3.1698	0	0	0	0	0	0	0	0	102.52	60.72	70.29	220.88	38.06	266.97	94.82	105.16	0	959.42
3.1798	0	0	0	0	0	0	0	0	95.37	56.43	65.89	226.27	38.06	274.34	94.82	108.02	0	959.2
3.1898	0	0	0	0	0	0	0	0	88.22	52.25	59.4	231.11	38.06	279.29	97.24	108.02	0	953.59
3.1998	0	0	0	0	0	0	0	0	81.07	48.07	55.11	233.53	38.06	286.55	99.66	113.52	0	955.57
3.2098	0	0	0	0	0	0	0	0	73.81	43.89	49.39	238.37	38.06	291.5	101.97	116.05	0	953.04
3.2198	0	0	0	0	0	0	0	0	66.66	41.8	45.54	240.79	38.06	296.34	106.81	118.58	0	954.58
3.2298	0	0	0	0	0	0	0	0	61.93	35.53	41.8	240.79	40.26	303.71	109.23	121.11	0	954.36
3.2398	0	0	0	0	0	0	0	0	52.58	33.44	36.08	243.21	38.06	306.24	113.96	123.64	0	947.21
3.2498	0	0	0	0	0	0	0	0	45.76	29.26	30.36	240.79	38.06	311.08	116.27	128.7	0	940.28
3.2598	0	0	0	0	0	0	0	0	36.52	25.08	26.51	240.79	38.06	316.03	120.89	131.23	0	935.11
3.2698	0	0	0	0	0	0	0	0	32.01	22.99	20.9	235.95	38.06	318.45	125.62	136.29	0	930.27
3.2798	0	0	0	0	0	0	0	0	27.39	20.9	18.92	233.53	38.06	320.87	130.24	138.82	0	928.73
3.2898	4.07	0	0	0	0	0	0	0	25.08	16.72	15.18	226.27	35.97	323.4	132.55	143.88	4.07	919.05
3.2998	6.16	0	0	0	0	0	0	0	22.88	14.63	13.2	220.88	35.97	323.4	137.17	148.94	6.16	917.07
3.3098	8.25	0	0	0	0	0	0	0	20.57	12.54	11.33	210.32	33.88	325.82	139.59	154	8.25	908.05
3.3198	10.34	0	0	0	0	0	0	0	18.26	10.45	9.46	202.4	31.79	323.4	141.9	159.06	10.34	896.72
3.3298	14.41	0	0	0	0	0	0	0	15.95	8.36	7.59	191.73	29.59	325.82	141.9	164.12	14.41	885.06
3.3398	22.77	3.74	0	0	0	0	0	0	15.95	6.27	7.59	178.53	25.41	323.4	144.21	166.76	26.51	868.12
3.3498	41.36	9.35	5.83	0	0	0	0	0	13.64	8.36	5.61	167.97	21.12	323.4	144.21	171.71	56.54	856.02
3.3598	88.44	20.68	13.75	4.18	0	0	0	0	13.64	6.27	5.61	152.79	19.03	320.87	144.21	176.77	127.05	839.19
3.3698	146.19	33.88	25.52	8.36	0	0	0	0	11.44	6.27	3.74	137.94	14.74	316.03	146.52	179.19	213.95	815.87
3.3798	172.15	43.34	33.44	12.54	0	0	0	0	11.44	6.27	3.74	122.98	12.65	313.5	146.52	184.25	261.47	801.35
3.3898	172.15	48.95	41.25	25.08	0	4.18	4.51	0	11.44	4.18	3.74	105.49	10.56	303.71	148.83	189.31	296.12	777.26
3.3998	174.13	56.54	49.17	31.35	4.29	8.47	6.71	0	9.13	4.18	3.74	88	8.47	296.34	148.83	191.73	330.66	750.42
3.4098	174.13	64.46	55.11	37.62	8.58	14.74	11.22	0	9.13	4.18	3.74	70.4	6.27	281.71	151.14	196.79	365.86	723.36
3.4198	178.2	70.4	61.71	41.8	12.98	19.03	18.04	0	9.13	4.18	0	52.91	6.27	264.55	155.87	201.85	402.16	694.76
3.4298	186.34	78.32	70.62	48.07	17.27	25.41	22.55	0	6.82	4.18	0	40.26	6.27	242.55	160.49	204.27	448.58	664.84
3.4398	198.44	86.35	79.53	54.34	19.47	33.88	27.06	0	6.82	0	0	30.14	6.27	213.4	165.11	206.8	499.07	628.54
3.4498	210.65	96.25	88.55	60.72	21.67	40.26	33.77	4.51	4.51	0	0	22.66	6.27	180.4	165.11	209.33	556.38	588.28
3.4598	224.84	106.15	99.66	67.1	21.67	48.73	40.59	6.71	4.51	0	0	17.6	6.27	138.27	160.49	209.33	615.45	536.47
3.4698	236.94	114.62	108.57	71.28	23.87	57.42	45.1	6.71	0	0	0	12.54	4.18	101.09	146.52	204.27	664.51	468.6
3.4798	244.97	121.22	115.28	77.66	25.96	66.77	51.81	9.02	0	0	0	10.01	4.18	72.27	125.62	196.79	712.69	408.87
3.4898	253	127.82	121.88	81.95	25.96	76.23	56.32	11.22	0	0	0	7.48	4.18	50.38	97.24	184.25	754.38	343.53
3.4998	259.16	136.62	128.48	88.33	28.16	83.27	60.94	13.53	0	0	0	4.95	4.18	30.14	70.84	166.76	798.49	276.87
3.5098	265.21	143.22	132.88	94.6	28.16	92.62	65.67	15.73	0	0	0	0	4.18	20.13	58.85	136.29	838.09	219.45
3.5198	269.17	149.82	137.28	100.98	30.36	99.66	70.4	18.04	0	0	0	0	4.18	15.07	48.4	93.5	875.71	161.15
3.5298	271.26	156.42	139.48	107.36	30.36	109.12	75.13	20.24	0	0	0	0	0	10.01	36.3	44.66	909.37	90.97
3.5398	269.17	158.62	141.68	113.63	32.56	118.58	79.86	22.55	0	0	0	0	0	10.01	24.2	27.83	936.65	62.04
3.5498	269.17	163.02	143.88	119.9	32.56	128.15	82.28	24.75	0	0	0	0	0	7.48	12.1	19.47	963.71	39.05
3.5598	265.21	163.02	143.88	128.15	34.65	135.41	87.01	27.06	0	0	0	0	0	4.95	6.05	8.36	984.39	19.36
3.5698	261.14	163.02	141.68	134.31	34.65	142.56	89.32	31.57	0	0	0	0	0	4.95	3.96	5.5	998.25	14.41
3.5797	255.09	163.02	137.28	142.67	36.85	149.71	94.05	31.57	0	0	0	0	0	0	0	5.5	1010.24	5.5
3.5897	246.95	158.62	132.88	146.74	36.85	159.28	96.47	36.08	0	0	0	0	0	0	0	5.5	1013.87	5.5
3.5997	234.85	154.22	128.48	153.01	36.85	166.54	101.2	38.28	0	0	0	0	0	0	0	0	1013.43	0
3.6097	222.75	147.62	121.88	157.08	39.05	173.47	105.93	40.59	0	0	0	0	0	0	0	0	1008.37	0
3.6197	208.56	138.82	115.28	163.35	39.05	178.09	110.66	42.79	0	0	0	0	0	0	0	0	996.6	0
3.6297	196.46	130.02	108.57	165.44	41.25	184.91	115.28	47.3	0	0	0	0	0	0	0	0	989.23	0
3.6397	182.27	121.22	99.66	169.62	41.25	189.53	119.79	49.61	0	0	0	0	0	0	0	0	972.95	0
3.6497	168.08	112.42	90.75	173.8	41.25	194.15	124.41	51.81	0	0	0	0	0	0	0	0	956.67	0
3.6597	156.09	102.19	81.84	178.09	43.34	200.97	128.92	54.12	0	0	0	0	0	0	0	0	945.56	0
3.6697	142.23	94.27	75.13	180.18	43.34	203.28	131.23	56.32	0	0	0	0	0	0	0	0	925.98	0
3.6797	130.24	86.35	68.42	184.47	45.54	207.9	135.74	58.63	0	0	0	0	0	0	0	0	917.29	0
3.6897	118.36	78.32	59.51	186.56	45.54	212.41	140.25	60.72	0	0	0	0	0	0	0	0	901.67	0
3.6997	108.02	68.42	53.13	188.65	45.54	217.03	144.76	65.12	0	0	0	0	0	0	0	0	890.67	0
3.7097	94.93	62.48	49.17	188.65	45.54	221.65	149.38	67.32	0	0	0	0	0	0	0	0	879.12	0
3.7197	84.04	54.56	43.23	188.65	45.54	223.96	153.89	71.61	0	0	0	0	0	0	0	0	865.48	0
3.7297	73.15	48.95	39.27	190.85	45.54	226.27	158.4	73.81	0	0	0	0	0	0	0	0	856.24	0
3.7397	62.26	43.34	35.42	190.85	45.54	228.47	162.91	78.21	0	0	0	0	0	0	0	0	847	0
3.7497	55.88	39.49	31.46	190.85	45.54	228.47	167.53	80.3	0	0	0	0	0	0	0	0	839.52	0
3.7597	47.52	33.88	27.5	190.85	45.54	230.78	174.46	82.5	0	0	0	0	0	0	0	0	833.03	0
3.7697	41.36	30.14	23.54	190.85	45.54	230.78	181.5	84.7	0	0	0	0	0	0	0	0	828.41	0
3.7797	39.27	28.16	21.56	188.65	45.54	230.78	186.12	89.1	0	0	0	0	0	0	0	0	829.18	0
3.7897	35.09	26.29	21.56	188.65	45.54	230.78	190.74	91.19	0	0	0	0	0	0	0	0	829.84	0
3.7997	33.11	24.42	19.58	186.56	43.34	233.09	197.78	93.39	0	0	0	0	0	0	0	0	831.27	0
3.8097	31.02	22.55	17.71	184.47	43.34	233.09	202.4	95.59	0	0	0	0	0	0	0	0	830.17	0
3.8197	28.93	20.68	15.73	180.18	41.25	233.09	204.71	95.59	0	0	0	0	0	0	0	0	820.16	0
3.8297	24.75	16.94	13.75	178.09	41.25	233.09	209.44	97.79	0	0	0	0	0	0	0	0	815.1	0
3.8397	22.77	15.07	11.77	176	39.05	233.09	211.75	97.79	0	0	0	0	0	0	0	0	807.29	0
3.8497	20.68	13.09	9.79	171.71	36.85	233.09	216.37	99.99	0	0	0	0	0	0	0	0	801.57	0
3.8597	18.59	11.22	7.81	169.62	34.65	233.09	218.68	102.08	0	0	0	0	0	0	0	0	795.74	0
3.8697	16.5	9.35	7.81	163.35	32.56	235.4	220.99	102.08	0	0	0	0	0	0	0	0	788.04	0
3.8797	14.41	7.48	5.83	159.17	30.36	233.09	225.61	104.28	0	0	0	0	0	0	0	0	780.23	0
3.8897	12.32	7.48	5.83	153.01	28.16	233.09	230.23	106.48	0	0	0	0	0	0	0	0	776.6	0
3.8997	12.32	5.61	3.85	144.76	28.16	233.09	232.54	108.68	0	0	0	0	0	0	0	0	769.01	0
3.9097	12.32	7.48	3.85	136.4	25.96	230.78	239.47	113.08	0	0	0	0	0	0	0	0	769.34	0
3.9197	10.34	5.61	3.85	128.15	23.87	228.47	243.98	115.28	4.51	0	0	0	0	0	0	0	759.55	4.51
3.9297	8.25	5.61	3.85	119.9	21.67	228.47	248.6	117.59	4.51	0	0	0	0	0	0	0	753.94	4.51
3.9397	10.34	5.61	0	113.63	19.47	226.27	255.53	122.21	6.82	0	0	0	0	0	0	0	753.06	6.82
3.9497	8.25	5.61	0	105.27	17.27	223.96	260.15	124.52	9.13	0	0	0	0	0	0	0	745.03	9.13
3.9597	8.25	5.61	0	96.8	17.27	221.65	264.66	126.83	15.95	0	0	0	0	0	0	0	741.07	15.95
3.9697	8.25	5.61	0	88.33	15.18	217.03	266.97	131.34	22.88	0	0	0	0	0	0	0	732.71	22.88
3.9797	6.16	5.61	0	79.75	15.18	217.03	271.59	133.65	38.83	0	0	0	0	0	0	0	728.97	38.83
3.9897	6.16	3.74	0	73.48	12.98	210.21	273.9	135.96	85.8	4.18	13.2	0	0	0	0	0	716.43	103.18
3.9997	4.07	3.74	0	65.01	12.98	205.59	273.9	138.27	166.76	20.9	37.95	10.01	0	0	0	0	703.56	235.62
4.0097	4.07	3.74	0	54.34	12.98	198.66	276.21	140.58	208.78	39.71	61.6	25.19	4.18	0	0	0	690.58	339.46
4.0197	0	3.74	0	43.89	10.78	187.22	276.21	142.78	222.86	52.25	87.67	37.73	4.18	10.01	0	0	664.62	414.7
4.0297	0	3.74	0	35.53	10.78	171.16	273.9	145.09	234.41	60.72	107.25	42.79	8.47	15.07	8.03	5.5	640.2	482.24
4.0397	0	3.74	0	29.26	10.78	149.71	269.28	147.4	239.03	62.81	116.05	47.85	12.65	20.13	14.08	8.36	610.17	520.96
4.0497	0	3.74	0	25.08	10.78	121	255.53	147.4	243.65	64.9	127.6	47.85	14.74	30.14	20.13	11.11	563.53	560.12
4.0597	0	0	0	20.9	10.78	90.31	223.41	147.4	248.27	67.1	139.15	50.38	16.94	40.26	30.25	13.86	492.8	606.21
4.0697	0	0	0	18.81	10.78	64.46	176.77	142.78	252.89	71.28	148.28	52.91	16.94	52.91	36.3	16.72	413.6	648.23
4.0797	0	0	0	16.72	12.98	46.53	119.79	138.27	262.13	77.66	159.83	57.97	19.03	60.28	40.37	19.47	334.29	696.74
4.0897	0	0	0	12.54	12.98	31.79	77.55	126.83	271.37	84.04	169.07	62.92	21.12	69.85	44.33	22.33	261.69	745.03
4.0997	0	0	0	10.45	10.78	23.21	54.12	104.28	280.72	88.33	178.42	67.98	21.12	79.53	48.4	25.08	202.84	789.58
4.1097	0	0	0	8.36	10.78	16.94	45.1	82.5	290.29	94.71	185.46	72.93	23.21	89.1	50.38	30.69	163.68	836.77
4.1197	0	0	0	6.27	8.58	10.56	36.08	56.32	292.71	101.09	190.08	80.41	23.21	98.67	52.47	36.19	117.81	874.83
4.1297	0	0	0	4.18	4.29	8.47	27.06	24.75	295.13	105.27	192.39	88	23.21	105.82	54.45	41.8	68.75	906.07
4.1397	0	0	0	4.18	0	8.47	15.73	9.02	297.55	111.65	194.81	95.48	23.21	115.5	54.45	44.66	37.4	937.31
4.1497	0	0	0	4.18	0	4.18	6.71	0	297.55	115.94	194.81	105.49	25.41	123.09	56.54	47.41	15.07	966.24
4.1597	0	0	0	0	0	4.18	6.71	0	295.13	118.14	192.39	113.08	25.41	130.68	56.54	50.16	10.89	981.53
4.1697	0	0	0	0	0	0	4.51	0	292.71	122.54	190.08	120.45	25.41	138.27	56.54	53.02	4.51	999.02
4.1797	0	0	0	0	0	0	0	0	285.45	124.63	187.77	127.93	25.41	143.22	56.54	53.02	0	1003.97
4.1897	0	0	0	0	0	0	0	0	278.3	124.63	183.04	135.41	27.5	148.28	56.54	55.77	0	1009.47
4.1997	0	0	0	0	0	0	0	0	271.37	124.63	178.42	140.36	27.5	153.34	56.54	55.77	0	1007.93
4.2097	0	0	0	0	0	0	0	0	262.13	122.54	171.38	147.84	27.5	158.4	58.85	58.63	0	1007.27
4.2197	0	0	0	0	0	0	0	0	250.58	122.54	164.45	155.32	27.5	163.46	58.85	58.63	0	1001.33
4.2297	0	0	0	0	0	0	0	0	241.34	120.34	157.52	160.27	27.5	168.52	58.85	61.49	0	995.83
4.2397	0	0	0	0	0	0	0	0	232.1	118.14	150.59	165.33	29.59	171.05	58.85	61.49	0	987.14
4.2497	0	0	0	0	0	0	0	0	222.86	115.94	143.66	170.61	29.59	175.67	58.85	64.35	0	981.53
4.2597	0	0	0	0	0	0	0	0	213.51	113.85	139.15	175.89	29.59	178.09	61.27	64.35	0	975.7
4.2697	0	0	0	0	0	0	0	0	206.47	111.65	132.22	178.53	29.59	180.4	61.27	64.35	0	964.48
4.2797	0	0	0	0	0	0	0	0	197.12	109.56	127.6	186.45	31.79	185.13	61.27	64.35	0	963.27
4.2897	0	0	0	0	0	0	0	0	190.08	105.27	122.98	189.09	31.79	189.86	61.27	67.32	0	957.66
4.2997	0	0	0	0	0	0	0	0	180.73	103.18	118.36	197.12	31.79	194.59	61.27	67.32	0	954.36
4.3097	0	0	0	0	0	0	0	0	176.11	101.09	113.85	202.4	31.79	199.32	61.27	67.32	0	953.15
4.3197	0	0	0	0	0	0	0	0	166.76	98.89	109.45	210.32	31.79	203.94	63.69	70.18	0	955.02
4.3297	0	0	0	0	0	0	0	0	159.94	96.8	105.05	218.24	31.79	208.67	63.69	70.18	0	954.36
4.3397	0	0	0	0	0	0	0	0	153.12	92.51	100.76	223.52	33.88	213.4	63.69	70.18	0	951.06
4.3497	0	0	0	0	0	0	0	0	148.5	90.42	96.36	231.11	33.88	218.13	63.69	73.15	0	955.24
4.3597	0	0	0	0	0	0	0	0	141.68	86.13	92.07	235.95	33.88	225.39	66.11	73.15	0	954.36
4.3697	0	0	0	0	0	0	0	0	134.86	84.04	89.87	243.21	33.88	232.76	66.11	76.01	0	960.74
4.3797	0	0	0	0	0	0	0	0	128.04	79.86	85.47	248.05	33.88	240.13	68.42	78.98	0	962.83
4.3897	0	0	0	0	0	0	0	0	123.53	75.57	81.18	252.89	33.88	247.39	68.42	81.84	0	964.7
4.3997	0	0	0	0	0	0	0	0	116.71	71.28	76.78	257.73	33.88	254.76	70.84	84.81	0	966.79
4.4097	0	0	0	0	0	0	0	0	109.67	69.19	72.49	262.57	35.97	262.13	73.26	84.81	0	970.09
4.4197	0	0	0	0	0	0	0	0	104.94	64.9	68.09	267.41	35.97	269.5	75.68	87.67	0	974.16
4.4297	0	0	0	0	0	0	0	0	97.79	60.72	63.8	272.25	35.97	276.76	75.68	90.53	0	973.5
4.4397	0	0	0	0	0	0	0	0	90.53	56.43	59.4	277.09	35.97	284.13	78.1	96.36	0	978.01
4.4497	0	0	0	0	0	0	0	0	83.38	52.25	53.13	282.15	35.97	289.08	80.41	99.33	0	975.7
4.4597	0	0	0	0	0	0	0	0	76.23	48.07	49.39	284.79	35.97	296.34	82.83	105.16	0	978.78
4.4697	0	0	0	0	0	0	0	0	66.66	43.89	41.8	289.85	35.97	303.71	82.83	108.02	0	972.73
4.4797	0	0	0	0	0	0	0	0	59.51	39.71	37.95	289.85	35.97	308.66	87.67	110.99	0	970.31
4.4897	0	0	0	0	0	0	0	0	50.27	33.44	32.23	289.85	35.97	313.5	89.98	116.05	0	961.29
4.4997	0	0	0	0	0	0	0	0	41.14	29.26	26.51	289.85	35.97	316.03	92.4	121.11	0	952.27
4.5097	0	0	0	0	0	0	0	0	34.32	25.08	20.9	287.32	35.97	320.87	94.82	126.17	0	945.45
4.5197	0	0	0	0	0	0	0	0	27.39	22.99	17.05	282.15	33.88	323.4	97.24	131.23	0	935.33
4.5297	4.07	0	0	0	0	0	0	0	25.08	18.81	13.2	277.09	33.88	325.82	97.24	133.76	4.07	924.88
4.5397	4.07	0	0	0	0	0	0	0	22.88	16.72	11.33	269.83	31.79	328.24	99.66	138.82	4.07	919.27
4.5497	6.16	0	0	0	0	0	0	0	18.26	12.54	9.46	262.57	29.59	328.24	99.66	141.35	6.16	901.67
4.5597	10.34	0	0	0	0	0	0	0	15.95	10.45	7.59	252.89	25.41	330.77	97.24	146.41	10.34	886.71
4.5697	14.41	0	0	0	0	0	0	0	15.95	10.45	7.59	243.21	23.21	333.19	97.24	148.94	14.41	879.78
4.5797	20.68	3.74	0	0	0	0	0	0	15.95	8.36	5.61	228.69	19.03	333.19	94.82	151.47	24.42	857.12
4.5897	37.18	9.35	3.85	0	0	0	0	0	13.64	8.36	5.61	212.96	14.74	335.72	94.82	156.53	50.38	842.38
4.5997	92.73	24.42	13.75	4.18	0	0	0	0	13.64	8.36	3.74	197.12	12.65	335.72	92.4	161.59	135.08	825.22
4.6097	168.08	43.34	31.46	8.36	0	0	0	0	13.64	6.27	3.74	178.53	10.56	335.72	92.4	166.76	251.24	807.62
4.6197	196.46	54.56	41.25	14.63	0	0	0	0	11.44	6.27	3.74	157.85	8.47	333.19	92.4	169.18	306.9	782.54
4.6297	188.32	58.52	47.19	25.08	0	4.18	0	0	11.44	6.27	0	132.88	8.47	328.24	92.4	174.24	323.29	753.94
4.6397	182.27	66.44	53.13	31.35	4.29	8.47	4.51	0	9.13	4.18	0	113.08	6.27	320.87	94.82	179.19	350.46	727.54
4.6497	178.2	74.36	59.51	39.71	6.49	12.65	6.71	0	9.13	4.18	0	90.53	6.27	308.66	97.24	184.25	377.63	700.26
4.6597	178.2	82.28	66.22	50.16	10.78	19.03	13.53	0	6.82	4.18	0	70.4	6.27	291.5	99.66	191.73	420.2	670.56
4.6697	182.27	88.33	72.93	56.54	15.18	23.21	18.04	0	6.82	4.18	0	52.91	6.27	269.5	104.39	196.79	456.5	640.86
4.6797	196.46	100.21	81.84	62.81	21.67	31.79	24.75	4.51	4.51	4.18	0	40.26	6.27	240.13	106.81	199.32	524.04	601.48
4.6897	208.56	110.22	92.95	69.19	23.87	40.26	31.57	6.71	4.51	0	0	30.14	6.27	201.63	106.81	201.85	583.33	551.21
4.6997	224.84	119.02	104.06	75.57	25.96	50.82	42.79	6.71	0	0	0	25.19	6.27	153.34	99.66	201.85	649.77	486.31
4.7097	238.92	127.82	117.48	77.66	28.16	62.15	51.81	11.22	0	0	0	22.66	6.27	103.4	89.98	196.79	715.22	419.1
4.7197	249.04	132.22	126.28	81.95	30.36	71.5	63.36	11.22	0	0	0	17.6	6.27	67.54	73.26	186.78	765.93	351.45
4.7297	257.07	136.62	137.28	86.13	30.36	78.54	75.13	13.53	0	0	0	12.54	6.27	40.26	61.27	169.18	814.66	289.52
4.7397	267.19	143.22	148.28	88.33	32.56	88	84.59	18.04	0	0	0	7.48	4.18	27.72	52.47	138.82	870.21	230.67
4.7497	275.22	147.62	154.88	92.51	32.56	95.04	91.74	22.55	0	0	0	4.95	4.18	17.6	44.33	93.5	912.12	164.56
4.7597	279.29	149.82	159.28	94.6	34.65	102.08	98.78	24.75	0	0	0	0	4.18	10.01	34.32	47.41	943.25	95.92
4.7697	279.29	152.02	161.48	100.98	34.65	111.43	105.93	27.06	0	0	0	0	0	10.01	24.2	27.83	972.84	62.04
4.7797	277.31	152.02	161.48	105.27	34.65	118.58	110.66	29.26	0	0	0	4.95	0	7.48	12.1	16.72	989.23	41.25
4.7897	273.24	152.02	161.48	109.45	36.85	125.73	115.28	33.77	0	0	0	4.95	0	4.95	3.96	8.36	1007.82	22.22
4.7997	267.19	152.02	159.28	113.63	36.85	132.99	119.79	38.28	0	0	0	4.95	0	4.95	0	5.5	1020.03	15.4
4.8097	259.16	149.82	157.08	117.81	39.05	140.14	126.61	42.79	0	0	0	4.95	0	0	0	0	1032.46	4.95
4.8197	251.02	145.42	152.68	121.99	39.05	147.29	131.23	45.1	0	0	0	0	0	0	0	0	1033.78	0
4.8297	238.92	141.02	146.08	126.06	41.25	154.55	137.94	49.61	0	0	0	0	0	0	0	0	1035.43	0
4.8397	226.82	134.42	139.48	128.15	41.25	159.28	142.56	51.81	0	0	0	0	0	0	0	0	1023.77	0
4.8497	212.63	125.62	130.68	130.24	41.25	161.7	149.38	56.32	0	0	0	0	0	0	0	0	1007.82	0
4.8597	198.44	116.82	121.88	132.33	43.34	166.54	151.58	58.63	0	0	0	0	0	0	0	0	989.56	0
4.8697	186.34	110.22	113.08	132.33	43.34	171.16	158.4	60.72	0	0	0	0	0	0	0	0	975.59	0
4.8797	172.15	102.19	104.06	134.31	45.54	175.78	162.91	62.92	0	0	0	0	0	0	0	0	959.86	0
4.8897	160.05	94.27	95.15	136.4	45.54	178.09	167.53	65.12	0	0	0	0	0	0	0	0	942.15	0
4.8997	146.19	86.35	88.55	136.4	45.54	182.71	174.46	67.32	0	0	0	0	0	0	0	0	927.52	0
4.9097	134.2	78.32	77.33	138.49	47.74	184.91	176.77	69.41	0	0	0	0	0	0	0	0	907.17	0
4.9197	120.34	70.4	70.62	138.49	47.74	187.22	183.81	71.61	0	0	0	0	0	0	0	0	890.23	0
4.9297	110.22	64.46	64.02	140.58	49.94	191.84	188.43	76.01	0	0	0	0	0	0	0	0	885.5	0
4.9397	97.13	56.54	57.31	140.58	49.94	196.46	193.05	78.21	0	0	0	0	0	0	0	0	869.22	0
4.9497	86.24	50.82	51.15	142.67	49.94	198.66	200.09	80.3	0	0	0	0	0	0	0	0	859.87	0
4.9597	75.35	45.21	45.21	142.67	49.94	200.97	204.71	82.5	0	0	0	0	0	0	0	0	846.56	0
4.9697	64.46	39.49	39.27	142.67	52.03	203.28	211.75	84.7	0	0	0	0	0	0	0	0	837.65	0
4.9797	57.97	35.75	33.44	142.67	52.03	205.59	216.37	86.9	0	0	0	0	0	0	0	0	830.72	0
4.9897	49.61	30.14	29.48	142.67	52.03	207.9	220.99	89.1	0	0	0	0	0	0	0	0	821.92	0
4.9997	41.36	26.29	25.52	142.67	52.03	207.9	227.92	91.19	0	0	0	0	0	0	0	0	814.88	0
5.0096	35.09	24.42	21.56	142.67	49.94	210.21	232.54	93.39	0	0	0	0	0	0	0	0	809.82	0
5.0196	33.11	22.55	19.58	140.58	49.94	210.21	239.47	95.59	0	0	0	0	0	0	0	0	811.03	0
5.0296	31.02	18.81	17.71	140.58	47.74	210.21	243.98	97.79	0	0	0	0	0	0	0	0	807.84	0
5.0396	28.93	18.81	15.73	138.49	47.74	210.21	248.6	99.99	0	0	0	0	0	0	0	0	808.5	0
5.0496	26.84	16.94	15.73	136.4	47.74	212.41	253.22	102.08	0	0	0	0	0	0	0	0	811.36	0
5.0596	22.77	15.07	13.75	134.31	45.54	212.41	257.84	102.08	0	0	0	4.95	0	0	0	0	803.77	4.95
5.0696	20.68	11.22	11.77	130.24	43.34	212.41	262.35	104.28	0	0	0	7.48	0	0	0	0	796.29	7.48
5.0796	18.59	11.22	9.79	126.06	41.25	212.41	266.97	106.48	0	0	0	4.95	0	0	0	0	792.77	4.95
5.0896	16.5	9.35	7.81	121.99	39.05	210.21	271.59	108.68	4.51	0	0	0	0	0	0	0	785.18	4.51
5.0996	14.41	7.48	5.83	117.81	36.85	210.21	276.21	110.88	9.13	0	0	0	0	0	0	0	779.68	9.13
5.1096	12.32	7.48	5.83	111.65	34.65	210.21	280.72	113.08	13.64	0	0	0	0	0	0	0	775.94	13.64
5.1196	12.32	5.61	5.83	105.27	30.36	207.9	285.23	115.28	18.26	0	0	0	0	0	0	0	767.8	18.26
5.1296	10.34	5.61	3.85	96.8	28.16	205.59	292.05	117.59	20.57	0	0	0	0	0	0	0	759.99	20.57
5.1396	10.34	5.61	3.85	88.33	25.96	205.59	296.67	122.21	22.88	0	0	0	0	0	0	0	758.56	22.88
5.1496	10.34	5.61	3.85	81.95	23.87	200.97	301.18	124.52	25.08	0	0	0	0	0	0	0	752.29	25.08
5.1596	8.25	5.61	3.85	73.48	21.67	198.66	305.69	126.83	32.01	0	0	0	0	0	0	0	744.04	32.01
5.1696	8.25	3.74	3.85	65.01	17.27	196.46	308	131.34	43.45	0	5.61	0	0	0	0	0	733.92	49.06
5.1796	6.16	3.74	0	56.54	15.18	189.53	312.51	133.65	59.51	10.45	13.2	7.48	0	0	0	0	717.31	90.64
5.1896	6.16	3.74	0	48.07	12.98	184.91	314.82	135.96	97.79	22.99	26.51	17.6	0	0	0	0	706.64	164.89
5.1996	4.07	3.74	0	39.71	12.98	178.09	319.33	138.27	155.32	39.71	47.41	32.67	6.27	4.95	3.96	0	696.19	290.29
5.2096	4.07	3.74	0	31.35	10.78	168.96	321.53	140.58	192.39	52.25	70.29	40.26	8.47	12.54	10.01	0	681.01	386.21
5.2196	0	3.74	0	25.08	10.78	154.55	321.53	140.58	194.81	54.34	85.47	45.32	14.74	17.6	16.06	5.5	656.26	433.84
5.2296	0	3.74	0	20.9	10.78	132.99	319.33	140.58	204.16	58.63	100.76	47.85	16.94	30.14	26.18	8.36	628.32	493.02
5.2396	0	0	0	16.72	8.58	109.12	305.69	140.58	213.51	62.81	116.05	50.38	19.03	42.79	34.32	11.11	580.69	550
5.2496	0	0	0	14.63	8.58	83.27	280.72	138.27	222.86	67.1	132.22	52.91	19.03	57.97	42.35	13.86	525.47	608.3
5.2596	0	0	0	10.45	10.78	62.15	237.16	131.34	232.1	71.28	148.28	57.97	21.12	69.85	50.38	19.47	451.88	670.45
5.2696	0	0	0	8.36	10.78	46.53	176.77	126.83	241.34	73.48	159.83	60.39	21.12	79.53	54.45	27.83	369.27	717.97
5.2796	0	0	0	6.27	12.98	35.97	110.66	122.21	248.27	77.66	171.38	62.92	23.21	89.1	58.85	33.44	288.09	764.83
5.2896	0	0	0	6.27	12.98	25.41	72.82	106.48	255.2	81.95	178.42	67.98	23.21	96.25	63.69	41.8	223.96	808.5
5.2996	0	0	0	4.18	12.98	19.03	51.81	86.9	262.13	86.13	185.46	72.93	23.21	105.82	66.11	47.41	174.9	849.2
5.3096	0	0	0	0	8.58	12.65	42.79	67.32	266.75	90.42	187.77	77.99	25.41	113.08	68.42	50.16	131.34	880
5.3196	0	0	0	0	6.49	10.56	36.08	38.28	271.37	94.71	190.08	82.94	25.41	120.56	68.42	53.02	91.41	906.51
5.3296	0	0	0	0	4.29	8.47	27.06	11.22	271.37	98.89	190.08	90.53	25.41	128.15	70.84	55.77	51.04	931.04
5.3396	0	0	0	0	0	4.18	15.73	0	271.37	105.27	187.77	98.01	27.5	135.74	70.84	58.63	19.91	955.13
5.3496	0	0	0	0	0	4.18	13.53	0	269.06	109.56	185.46	105.49	27.5	143.22	68.42	61.49	17.71	970.2
5.3596	0	0	0	0	0	4.18	9.02	0	264.44	111.65	180.73	113.08	27.5	150.81	68.42	64.35	13.2	980.98
5.3696	0	0	0	0	0	0	6.71	0	259.82	113.85	176.11	122.98	27.5	155.87	68.42	67.32	6.71	991.87
5.3796	0	0	0	0	0	0	4.51	0	250.58	113.85	169.07	130.46	29.59	163.46	68.42	67.32	4.51	992.75
5.3896	0	0	0	0	0	0	0	0	241.34	113.85	162.14	137.94	29.59	168.52	68.42	70.18	0	991.98
5.3996	0	0	0	0	0	0	0	0	229.79	111.65	152.9	142.89	29.59	175.67	68.42	70.18	0	981.09
5.4096	0	0	0	0	0	0	0	0	218.13	111.65	145.97	152.79	31.79	180.4	70.84	73.15	0	984.72
5.4196	0	0	0	0	0	0	0	0	206.47	107.47	136.84	157.85	31.79	187.44	70.84	73.15	0	971.85
5.4296	0	0	0	0	0	0	0	0	192.39	105.27	127.6	165.33	31.79	192.17	70.84	76.01	0	961.4
5.4396	0	0	0	0	0	0	0	0	183.04	101.09	118.36	173.25	31.79	196.9	70.84	78.98	0	954.25
5.4496	0	0	0	0	0	0	0	0	171.38	96.8	111.65	181.17	31.79	203.94	73.26	81.84	0	951.83
5.4596	0	0	0	0	0	0	0	0	162.14	92.51	105.05	189.09	33.88	211.09	73.26	81.84	0	948.86
5.4696	0	0	0	0	0	0	0	0	153.12	88.33	98.56	197.12	33.88	215.82	73.26	84.81	0	944.9
5.4796	0	0	0	0	0	0	0	0	141.68	86.13	92.07	202.4	33.88	222.97	75.68	87.67	0	942.48
5.4896	0	0	0	0	0	0	0	0	134.86	81.95	87.67	210.32	33.88	230.34	78.1	87.67	0	944.79
5.4996	0	0	0	0	0	0	0	0	125.84	75.57	81.18	215.6	35.97	237.6	80.41	90.53	0	942.7
5.5096	0	0	0	0	0	0	0	0	119.02	71.28	74.69	220.88	35.97	242.55	82.83	93.5	0	940.72
5.5196	0	0	0	0	0	0	0	0	109.67	67.1	70.29	226.27	35.97	249.92	85.25	96.36	0	940.83
5.5296	0	0	0	0	0	0	0	0	102.52	62.81	65.89	231.11	35.97	254.76	87.67	99.33	0	940.06
5.5396	0	0	0	0	0	0	0	0	95.37	58.63	61.6	233.53	35.97	262.13	89.98	99.33	0	936.54
5.5496	0	0	0	0	0	0	0	0	88.22	54.34	57.2	238.37	35.97	266.97	92.4	102.19	0	935.66
5.5596	0	0	0	0	0	0	0	0	81.07	50.16	51.26	240.79	38.06	274.34	92.4	105.16	0	933.24
5.5696	0	0	0	0	0	0	0	0	73.81	48.07	47.41	243.21	35.97	279.29	94.82	108.02	0	930.6
5.5796	0	0	0	0	0	0	0	0	66.66	43.89	43.67	248.05	38.06	286.55	97.24	110.99	0	935.11
5.5896	0	0	0	0	0	0	0	0	59.51	39.71	37.95	248.05	38.06	291.5	99.66	113.52	0	927.96
5.5996	0	0	0	0	0	0	0	0	52.58	35.53	34.1	250.47	38.06	296.34	104.39	116.05	0	927.52
5.6096	0	0	0	0	0	0	0	0	45.76	31.35	28.49	250.47	38.06	301.29	106.81	118.58	0	920.81
5.6196	0	0	0	0	0	0	0	0	38.83	27.17	24.64	248.05	35.97	306.24	109.23	121.11	0	911.24
5.6296	0	0	0	0	0	0	0	0	32.01	25.08	20.9	248.05	35.97	308.66	113.96	126.17	0	910.8
5.6396	0	0	0	0	0	0	0	0	27.39	20.9	17.05	245.63	35.97	313.5	116.27	128.7	0	905.41
5.6496	0	0	0	0	0	0	0	0	25.08	18.81	15.18	243.21	35.97	316.03	118.58	133.76	0	906.62
5.6596	0	0	0	0	0	0	0	0	22.88	16.72	13.2	238.37	35.97	318.45	123.2	136.29	0	905.08
5.6696	0	0	0	0	0	0	0	0	20.57	14.63	11.33	233.53	33.88	320.87	125.62	141.35	0	901.78
5.6796	0	0	0	0	0	0	0	0	18.26	12.54	9.46	226.27	31.79	323.4	130.24	143.88	0	895.84
5.6896	4.07	0	0	0	0	0	0	0	15.95	10.45	7.59	220.88	31.79	323.4	132.55	146.41	4.07	889.02
5.6996	8.25	0	0	0	0	0	0	0	13.64	8.36	7.59	210.32	27.5	325.82	132.55	151.47	8.25	877.25
5.7096	14.41	0	0	0	0	0	0	0	13.64	8.36	5.61	199.76	25.41	325.82	134.86	154	14.41	867.46
5.7196	20.68	3.74	0	0	0	0	0	0	13.64	8.36	5.61	189.09	23.21	325.82	134.86	159.06	24.42	859.65
5.7296	26.84	5.61	3.85	0	0	0	0	0	13.64	8.36	5.61	175.89	19.03	325.82	137.17	161.59	36.3	847.11
5.7396	39.27	11.22	5.83	0	0	0	0	0	11.44	6.27	3.74	160.27	16.94	323.4	137.17	166.76	56.32	825.99
5.7496	62.26	18.81	11.77	4.18	0	0	0	0	11.44	6.27	3.74	145.42	12.65	323.4	137.17	169.18	97.02	809.27
5.7596	90.53	30.14	23.54	8.36	0	0	0	0	11.44	6.27	3.74	130.46	10.56	318.45	139.59	176.77	152.57	797.28
5.7696	114.4	39.49	33.44	18.81	0	0	0	0	9.13	4.18	0	113.08	10.56	313.5	141.9	181.72	206.14	774.07
5.7796	136.18	48.95	41.25	31.35	6.49	8.47	6.71	0	9.13	6.27	0	95.48	8.47	306.24	144.21	186.78	279.4	756.58
5.7896	150.15	58.52	51.15	35.53	10.78	10.56	11.22	0	9.13	4.18	0	77.99	6.27	296.34	146.52	191.73	327.91	732.16
5.7996	150.15	64.46	57.31	43.89	17.27	16.94	20.24	0	6.82	4.18	0	62.92	6.27	279.29	151.14	194.26	370.26	704.88
5.8096	156.09	72.38	64.02	50.16	19.47	25.41	27.06	0	6.82	4.18	0	47.85	4.18	259.71	155.87	199.32	414.59	677.93
5.8196	156.09	76.34	68.42	56.54	21.67	35.97	36.08	4.51	4.51	0	0	35.2	6.27	235.18	158.18	204.27	455.62	643.61
5.8296	166.1	84.37	77.33	65.01	23.87	46.53	42.79	6.71	4.51	0	0	27.72	6.27	203.94	160.49	206.8	512.71	609.73
5.8396	178.2	96.25	88.55	73.48	23.87	59.73	49.61	9.02	0	0	0	22.66	6.27	163.46	155.87	206.8	578.71	555.06
5.8496	190.3	104.17	99.66	79.75	25.96	71.5	58.63	11.22	0	0	0	17.6	4.18	120.56	144.21	204.27	641.19	490.82
5.8596	204.49	114.62	108.57	88.33	25.96	85.58	65.67	15.73	0	0	0	15.07	4.18	84.26	123.2	196.79	708.95	423.5
5.8696	212.63	121.22	117.48	94.6	28.16	95.04	72.82	20.24	0	0	0	10.01	4.18	57.97	92.4	186.78	762.19	351.34
5.8796	218.68	130.02	124.08	103.07	28.16	109.12	79.86	24.75	0	0	0	7.48	4.18	35.2	68.42	166.76	817.74	282.04
5.8896	224.84	136.62	130.68	109.45	30.36	118.58	82.28	29.26	0	0	0	0	4.18	22.66	56.54	133.76	862.07	217.14
5.8996	226.82	141.02	135.08	117.81	30.36	130.57	87.01	31.57	0	0	0	0	4.18	15.07	46.42	84.81	900.24	150.48
5.9096	226.82	145.42	137.28	126.06	32.56	142.56	91.74	38.28	0	0	0	0	0	12.54	34.32	39.05	940.72	85.91
5.9196	224.84	147.62	137.28	134.31	32.56	152.13	94.05	40.59	0	0	0	0	0	10.01	22.11	25.08	963.38	57.2
5.9296	220.77	149.82	137.28	142.67	32.56	161.7	98.78	45.1	0	0	0	0	0	7.48	10.01	16.72	988.68	34.21
5.9396	216.7	149.82	132.88	153.01	34.65	171.16	101.2	49.61	0	0	0	0	0	4.95	3.96	8.36	1009.03	17.27
5.9496	210.65	147.62	130.68	159.17	34.65	180.4	105.93	51.81	0	0	0	0	0	4.95	0	5.5	1020.91	10.45
5.9596	202.51	143.22	126.28	167.53	36.85	187.22	110.66	56.32	0	0	0	0	0	0	0	5.5	1030.59	5.5
5.9696	194.37	138.82	119.68	173.8	36.85	194.15	113.08	58.63	0	0	0	0	0	0	0	5.5	1029.38	5.5
5.9796	184.25	132.22	113.08	178.09	39.05	198.66	117.59	60.72	0	0	0	0	0	0	0	0	1023.66	0
5.9896	174.13	123.42	106.37	182.38	39.05	203.28	122.1	65.12	0	0	0	0	0	0	0	0	1015.85	0
5.9996	164.01	114.62	97.46	184.47	41.25	207.9	126.61	67.32	0	0	0	0	0	0	0	0	1003.64	0
6.0096	154.11	108.13	90.75	186.56	41.25	210.21	131.23	67.32	0	0	0	0	0	0	0	0	989.56	0
6.0196	142.23	98.23	81.84	188.65	41.25	214.72	135.74	69.41	0	0	0	0	0	0	0	0	972.07	0
6.0296	130.24	90.31	75.13	190.85	43.34	217.03	140.25	71.61	0	0	0	0	0	0	0	0	958.76	0
6.0396	118.36	82.28	66.22	192.94	43.34	219.34	142.56	73.81	0	0	0	0	0	0	0	0	938.85	0
6.0496	105.82	72.38	59.51	192.94	43.34	221.65	144.76	73.81	0	0	0	0	0	0	0	0	914.21	0
6.0596	94.93	64.46	51.15	195.03	43.34	223.96	149.38	76.01	0	0	0	0	0	0	0	0	898.26	0
6.0696	81.84	56.54	45.21	195.03	43.34	223.96	151.58	76.01	0	0	0	0	0	0	0	0	873.51	0
6.0796	68.75	48.95	39.27	197.23	43.34	226.27	153.89	78.21	0	0	0	0	0	0	0	0	855.91	0
6.0896	60.06	43.34	33.44	199.32	45.54	226.27	156.09	80.3	0	0	0	0	0	0	0	0	844.36	0
6.0996	51.7	37.62	29.48	199.32	43.34	226.27	160.71	80.3	0	0	0	0	0	0	0	0	828.74	0
6.1096	43.45	33.88	25.52	197.23	45.54	226.27	165.22	82.5	0	0	0	0	0	0	0	0	819.61	0
6.1196	39.27	30.14	23.54	197.23	43.34	226.27	169.84	82.5	0	0	0	0	0	0	0	0	812.13	0
6.1296	35.09	28.16	21.56	195.03	43.34	226.27	174.46	84.7	0	0	0	0	0	0	0	0	808.61	0
6.1396	33.11	26.29	19.58	192.94	43.34	226.27	179.08	84.7	0	0	0	0	0	0	0	0	805.31	0
6.1496	31.02	24.42	19.58	190.85	43.34	223.96	183.81	86.9	0	0	0	0	0	0	0	0	803.88	0
6.1596	28.93	22.55	17.71	188.65	41.25	223.96	188.43	86.9	0	0	0	0	0	0	0	0	798.38	0
6.1696	26.84	20.68	15.73	188.65	41.25	226.27	193.05	89.1	0	0	0	0	0	0	0	0	801.57	0
6.1796	24.75	18.81	15.73	186.56	41.25	226.27	195.47	89.1	0	0	0	0	0	0	0	0	797.94	0
6.1896	24.75	16.94	13.75	184.47	41.25	226.27	200.09	91.19	0	0	0	0	0	0	0	0	798.71	0
6.1996	22.77	15.07	11.77	184.47	39.05	226.27	202.4	91.19	0	0	0	0	0	0	0	0	792.99	0
6.2096	18.59	13.09	9.79	182.38	39.05	228.47	202.4	93.39	0	0	0	0	0	0	0	0	787.16	0
6.2196	18.59	11.22	9.79	180.18	36.85	228.47	207.02	93.39	0	0	0	0	0	0	0	0	785.51	0
6.2296	16.5	11.22	7.81	178.09	34.65	228.47	209.44	95.59	0	0	0	0	0	0	0	0	781.77	0
6.2396	14.41	9.35	7.81	173.8	34.65	230.78	214.06	97.79	0	0	0	0	0	0	0	0	782.65	0
6.2496	12.32	9.35	5.83	171.71	32.56	228.47	216.37	99.99	0	0	0	0	0	0	0	0	776.6	0
6.2596	10.34	7.48	5.83	167.53	30.36	228.47	220.99	99.99	0	0	0	0	0	0	0	0	770.99	0
6.2696	10.34	7.48	3.85	161.26	30.36	228.47	225.61	104.28	4.51	0	0	0	0	0	0	0	771.65	4.51
6.2796	10.34	7.48	3.85	155.1	28.16	228.47	230.23	106.48	11.44	0	0	0	0	0	0	0	770.11	11.44
6.2896	8.25	5.61	3.85	146.74	25.96	228.47	234.85	108.68	15.95	0	0	0	0	0	0	0	762.41	15.95
6.2996	8.25	5.61	0	138.49	23.87	226.27	241.78	113.08	22.88	0	0	0	0	0	0	0	757.35	22.88
6.3096	8.25	5.61	0	130.24	21.67	223.96	248.6	115.28	29.7	0	0	0	0	0	0	0	753.61	29.7
6.3196	6.16	5.61	0	119.9	19.47	221.65	253.22	119.9	45.76	0	3.74	0	0	0	0	0	745.91	49.5
6.3296	6.16	5.61	0	109.45	17.27	219.34	257.84	122.21	73.81	8.36	13.2	0	0	0	0	0	737.88	95.37
6.3396	4.07	5.61	0	98.89	17.27	214.72	260.15	124.52	125.84	20.9	30.36	10.01	0	0	0	0	725.23	187.11
6.3496	4.07	5.61	0	88.33	15.18	210.21	264.66	129.03	178.42	37.62	49.39	27.72	4.18	4.95	0	0	717.09	302.28
6.3596	0	5.61	0	75.57	15.18	203.28	264.66	131.34	197.12	48.07	65.89	35.2	6.27	10.01	3.96	0	695.64	366.52
6.3696	0	3.74	0	62.81	12.98	194.15	266.97	131.34	197.12	52.25	76.78	40.26	8.47	15.07	8.03	0	671.99	397.98
6.3796	0	3.74	0	48.07	12.98	180.4	264.66	135.96	199.43	56.43	87.67	45.32	12.65	22.66	14.08	5.5	645.81	443.74
6.3896	0	3.74	0	37.62	12.98	164.12	262.35	135.96	206.47	58.63	98.56	47.85	14.74	32.67	22.11	8.36	616.77	489.39
6.3996	0	3.74	0	31.35	10.78	140.14	248.6	135.96	213.51	62.81	109.45	50.38	16.94	45.32	30.25	11.11	570.57	539.77
6.4096	0	0	0	27.17	10.78	109.12	223.41	135.96	225.17	67.1	122.98	52.91	16.94	57.97	38.28	13.86	506.44	595.21
6.4196	0	0	0	22.99	10.78	78.54	179.08	133.65	234.41	69.19	136.84	55.44	19.03	67.54	42.35	19.47	425.04	644.27
6.4295	0	0	0	18.81	12.98	57.42	126.61	131.34	245.96	73.48	150.59	57.97	19.03	74.69	48.4	25.08	347.16	695.2
6.4395	0	0	0	14.63	12.98	38.06	79.86	119.9	257.51	77.66	162.14	60.39	21.12	81.84	52.47	30.69	265.43	743.82
6.4495	0	0	0	12.54	12.98	25.41	56.32	97.79	269.06	81.95	171.38	65.45	21.12	89.1	56.54	36.19	205.04	790.79
6.4595	0	0	0	8.36	10.78	16.94	45.1	76.01	275.99	88.33	178.42	70.4	21.12	98.67	61.27	44.66	157.19	838.86
6.4695	0	0	0	6.27	8.58	12.65	38.28	54.12	283.03	92.51	183.04	75.46	23.21	105.82	63.69	47.41	119.9	874.17
6.4795	0	0	0	4.18	6.49	8.47	29.26	22.55	287.87	98.89	185.46	82.94	25.41	113.08	63.69	50.16	70.95	907.5
6.4895	0	0	0	4.18	4.29	6.27	18.04	4.51	290.29	105.27	187.77	92.95	25.41	123.09	63.69	53.02	37.29	941.49
6.4995	0	0	0	0	0	6.27	11.22	0	290.29	109.56	185.46	100.54	25.41	130.68	63.69	55.77	17.49	961.4
6.5095	0	0	0	0	0	4.18	9.02	0	287.87	113.85	183.04	110.55	25.41	138.27	63.69	58.63	13.2	981.31
6.5195	0	0	0	0	0	0	4.51	0	283.03	118.14	176.11	120.45	25.41	143.22	61.27	58.63	4.51	986.26
6.5295	0	0	0	0	0	0	0	0	273.68	120.34	171.38	127.93	25.41	150.81	58.85	61.49	0	989.89
6.5395	0	0	0	0	0	0	0	0	264.44	120.34	164.45	137.94	25.41	153.34	58.85	61.49	0	986.26
6.5495	0	0	0	0	0	0	0	0	252.89	120.34	155.21	147.84	27.5	158.4	58.85	61.49	0	982.52
6.5595	0	0	0	0	0	0	0	0	241.34	120.34	145.97	155.32	27.5	163.46	58.85	61.49	0	974.27
6.5695	0	0	0	0	0	0	0	0	227.48	118.14	136.84	162.8	27.5	168.52	56.54	64.35	0	962.17
6.5795	0	0	0	0	0	0	0	0	213.51	113.85	129.91	170.61	27.5	175.67	58.85	64.35	0	954.25
6.5895	0	0	0	0	0	0	0	0	201.74	111.65	120.67	178.53	27.5	180.4	58.85	67.32	0	946.66
6.5995	0	0	0	0	0	0	0	0	190.08	107.47	113.85	189.09	29.59	185.13	58.85	67.32	0	941.38
6.6095	0	0	0	0	0	0	0	0	180.73	103.18	109.45	194.37	29.59	192.17	61.27	70.18	0	940.94
6.6195	0	0	0	0	0	0	0	0	171.38	98.89	102.96	202.4	29.59	196.9	63.69	70.18	0	935.99
6.6295	0	0	0	0	0	0	0	0	162.14	96.8	100.76	210.32	29.59	203.94	63.69	73.15	0	940.39
6.6395	0	0	0	0	0	0	0	0	155.32	92.51	96.36	215.6	31.79	211.09	66.11	76.01	0	944.79
6.6495	0	0	0	0	0	0	0	0	146.3	88.33	92.07	220.88	31.79	218.13	70.84	78.98	0	947.32
6.6595	0	0	0	0	0	0	0	0	139.48	84.04	89.87	226.27	31.79	222.97	73.26	81.84	0	949.52
6.6695	0	0	0	0	0	0	0	0	132.66	79.86	85.47	228.69	31.79	230.34	75.68	81.84	0	946.33
6.6795	0	0	0	0	0	0	0	0	128.04	77.66	81.18	233.53	33.88	237.6	78.1	87.67	0	957.66
6.6895	0	0	0	0	0	0	0	0	121.22	73.48	78.98	235.95	33.88	244.97	80.41	87.67	0	956.56
6.6995	0	0	0	0	0	0	0	0	114.51	69.19	74.69	238.37	33.88	252.34	82.83	93.5	0	959.31
6.7095	0	0	0	0	0	0	0	0	109.67	64.9	70.29	243.21	35.97	257.18	85.25	93.5	0	959.97
6.7195	0	0	0	0	0	0	0	0	102.52	60.72	65.89	245.63	35.97	264.55	87.67	96.36	0	959.31
6.7295	0	0	0	0	0	0	0	0	95.37	56.43	61.6	248.05	33.88	269.5	89.98	99.33	0	954.14
6.7395	0	0	0	0	0	0	0	0	88.22	52.25	55.11	250.47	35.97	276.76	92.4	102.19	0	953.37
6.7495	0	0	0	0	0	0	0	0	78.65	48.07	49.39	255.31	35.97	281.71	94.82	105.16	0	949.08
6.7595	0	0	0	0	0	0	0	0	71.5	43.89	45.54	257.73	35.97	286.55	97.24	108.02	0	946.44
6.7695	0	0	0	0	0	0	0	0	64.35	39.71	39.82	260.15	35.97	291.5	101.97	110.99	0	944.46
6.7795	0	0	0	0	0	0	0	0	57.2	37.62	36.08	260.15	35.97	296.34	104.39	113.52	0	941.27
6.7895	0	0	0	0	0	0	0	0	50.27	33.44	30.36	260.15	38.06	298.87	106.81	116.05	0	934.01
6.7995	0	0	0	4.18	0	0	0	0	41.14	29.26	26.51	260.15	38.06	303.71	111.65	121.11	4.18	931.59
6.8095	0	0	0	0	0	0	0	0	36.52	25.08	22.77	257.73	35.97	306.24	116.27	126.17	0	926.75
6.8195	0	0	0	0	0	0	0	0	29.7	22.99	17.05	255.31	35.97	308.66	120.89	128.7	0	919.27
6.8295	0	0	0	0	0	0	0	0	25.08	20.9	15.18	250.47	35.97	308.66	123.2	133.76	0	913.22
6.8395	0	0	0	0	0	0	0	0	22.88	16.72	13.2	245.63	35.97	311.08	127.93	136.29	0	909.7
6.8495	0	0	0	0	0	0	0	0	20.57	14.63	11.33	238.37	33.88	311.08	130.24	141.35	0	901.45
6.8595	0	0	0	0	0	0	0	0	18.26	12.54	9.46	231.11	31.79	313.5	132.55	143.88	0	893.09
6.8695	0	0	0	0	0	0	0	0	15.95	10.45	7.59	223.52	29.59	313.5	134.86	148.94	0	884.4
6.8795	4.07	0	0	0	0	0	0	0	13.64	8.36	5.61	215.6	27.5	313.5	134.86	151.47	4.07	870.54
6.8895	8.25	0	0	0	0	0	0	0	13.64	8.36	5.61	205.04	25.41	316.03	137.17	154	8.25	865.26
6.8995	14.41	3.74	0	0	0	0	0	0	11.44	8.36	5.61	191.73	21.12	313.5	137.17	159.06	18.15	847.99
6.9095	22.77	9.35	3.85	4.18	0	0	0	0	11.44	6.27	3.74	175.89	19.03	313.5	137.17	161.59	40.15	828.63
6.9195	41.36	18.81	9.79	6.27	0	0	0	0	11.44	6.27	3.74	160.27	14.74	311.08	139.59	166.76	76.23	813.89
6.9295	86.24	35.75	21.56	12.54	0	0	0	0	11.44	6.27	3.74	145.42	12.65	308.66	139.59	171.71	156.09	799.48
6.9395	142.23	56.54	41.25	29.26	0	4.18	0	0	11.44	6.27	0	127.93	10.56	306.24	141.9	174.24	273.46	778.58
6.9495	180.18	74.36	55.11	37.62	4.29	10.56	0	0	9.13	4.18	0	110.55	8.47	298.87	141.9	176.77	362.12	749.87
6.9595	176.22	78.32	59.51	41.8	6.49	12.65	6.71	0	9.13	4.18	0	90.53	8.47	291.5	141.9	181.72	381.7	727.43
6.9695	172.15	82.28	64.02	52.25	12.98	19.03	11.22	0	6.82	4.18	0	72.93	6.27	276.76	144.21	184.25	413.93	695.42
6.9795	170.06	90.31	68.42	58.63	17.27	27.5	18.04	4.51	6.82	4.18	0	55.44	6.27	259.71	146.52	186.78	454.74	665.72
6.9895	170.06	96.25	72.93	67.1	19.47	38.06	24.75	4.51	4.51	4.18	0	42.79	6.27	235.18	148.83	189.31	493.13	631.07
6.9995	178.2	106.15	81.84	77.66	21.67	50.82	31.57	6.71	4.51	0	0	32.67	6.27	206.36	148.83	191.73	554.62	590.37
7.0095	190.3	119.02	90.75	86.13	21.67	62.15	38.28	9.02	0	0	0	25.19	6.27	165.99	146.52	189.31	617.32	533.28
7.0195	200.53	132.22	99.66	94.6	23.87	73.81	42.79	11.22	0	0	0	20.13	6.27	123.09	132.55	184.25	678.7	466.29
7.0295	210.65	141.02	108.57	103.07	25.96	83.27	47.3	13.53	0	0	0	17.6	6.27	86.68	113.96	176.77	733.37	401.28
7.0395	218.68	149.82	115.28	111.65	25.96	92.62	51.81	15.73	0	0	0	12.54	6.27	57.97	87.67	166.76	781.55	331.21
7.0495	224.84	156.42	121.88	117.81	28.16	102.08	58.63	18.04	0	0	0	10.01	6.27	35.2	66.11	148.94	827.86	266.53
7.0595	228.8	163.02	126.28	123.97	30.36	111.43	63.36	20.24	0	0	0	4.95	6.27	25.19	54.45	123.64	867.46	214.5
7.0695	232.87	167.53	130.68	132.33	30.36	118.58	70.4	24.75	0	0	0	0	4.18	15.07	46.42	78.98	907.5	144.65
7.0795	234.85	171.6	132.88	138.49	32.56	128.15	75.13	24.75	0	0	0	0	0	12.54	36.3	39.05	938.41	87.89
7.0895	232.87	173.69	132.88	146.74	34.65	137.72	79.86	29.26	0	0	0	0	0	7.48	24.2	27.83	967.67	59.51
7.0995	230.89	173.69	132.88	155.1	34.65	147.29	82.28	31.57	0	0	0	0	0	7.48	14.08	19.47	988.35	41.03
7.1095	226.82	173.69	130.68	163.35	34.65	154.55	87.01	33.77	0	0	0	0	0	4.95	6.05	8.36	1004.52	19.36
7.1195	220.77	171.6	128.48	171.71	36.85	164.12	91.74	38.28	0	0	0	0	0	0	0	5.5	1023.55	5.5
7.1295	214.61	167.53	124.08	178.09	36.85	171.16	94.05	40.59	0	0	0	0	0	0	0	5.5	1026.96	5.5
7.1395	204.49	163.02	119.68	184.47	39.05	178.09	96.47	42.79	0	0	0	0	0	0	0	5.5	1028.06	5.5
7.1495	196.46	156.42	113.08	190.85	39.05	184.91	101.2	45.1	0	0	0	0	0	0	0	0	1027.07	0
7.1595	184.25	147.62	106.37	197.23	39.05	189.53	105.93	47.3	0	0	0	0	0	0	0	0	1017.28	0
7.1695	174.13	138.82	99.66	201.41	41.25	194.15	110.66	49.61	0	0	0	0	0	0	0	0	1009.69	0
7.1795	162.03	127.82	90.75	205.7	41.25	198.66	113.08	49.61	0	0	0	0	0	0	0	0	988.9	0
7.1895	150.15	116.82	84.04	209.88	43.34	203.28	115.28	51.81	0	0	0	0	0	0	0	0	974.6	0
7.1995	138.16	108.13	75.13	214.17	43.34	210.21	117.59	54.12	0	0	0	0	0	0	0	0	960.85	0
7.2095	126.28	98.23	68.42	216.26	43.34	214.72	122.1	54.12	0	0	0	0	0	0	0	0	943.47	0
7.2195	114.4	88.33	59.51	220.55	43.34	219.34	124.41	58.63	0	0	0	0	0	0	0	0	928.51	0
7.2295	101.42	78.32	53.13	222.64	43.34	221.65	128.92	58.63	0	0	0	0	0	0	0	0	908.05	0
7.2395	88.44	70.4	45.21	224.84	43.34	226.27	131.23	60.72	0	0	0	0	0	0	0	0	890.45	0
7.2495	77.55	60.5	41.25	224.84	43.34	228.47	133.43	62.92	0	0	0	0	0	0	0	0	872.3	0
7.2595	66.66	52.69	35.42	224.84	43.34	230.78	137.94	65.12	0	0	0	0	0	0	0	0	856.79	0
7.2695	57.97	47.08	31.46	226.71	43.34	233.09	140.25	67.32	0	0	0	0	0	0	0	0	847.22	0
7.2795	49.61	41.36	27.5	226.71	43.34	235.4	144.76	71.61	0	0	0	0	0	0	0	0	840.29	0
7.2895	41.36	35.75	23.54	224.84	43.34	235.4	149.38	73.81	0	0	0	0	0	0	0	0	827.42	0
7.2995	37.18	32.01	21.56	222.64	43.34	235.4	153.89	76.01	0	0	0	0	0	0	0	0	822.03	0
7.3095	35.09	28.16	19.58	220.55	41.25	237.71	158.4	78.21	0	0	0	0	0	0	0	0	818.95	0
7.3195	31.02	26.29	19.58	218.46	41.25	237.71	162.91	80.3	0	0	0	0	0	0	0	0	817.52	0
7.3295	28.93	24.42	17.71	214.17	41.25	237.71	167.53	80.3	0	0	0	0	0	0	0	0	812.02	0
7.3395	26.84	22.55	15.73	212.08	39.05	237.71	172.15	82.5	0	0	0	0	0	0	0	0	808.61	0
7.3495	24.75	20.68	13.75	207.79	39.05	240.02	174.46	84.7	0	0	0	0	0	0	0	0	805.2	0
7.3595	22.77	16.94	11.77	205.7	36.85	240.02	176.77	86.9	0	0	0	0	0	0	0	0	797.72	0
7.3695	20.68	15.07	9.79	201.41	36.85	240.02	179.08	89.1	0	0	0	0	0	0	0	0	792	0
7.3795	18.59	13.09	9.79	199.32	34.65	240.02	181.5	91.19	0	0	0	0	0	0	0	0	788.15	0
7.3895	16.5	11.22	7.81	195.03	32.56	240.02	183.81	91.19	0	0	0	0	0	0	0	0	778.14	0
7.3995	14.41	9.35	5.83	190.85	32.56	242.33	186.12	93.39	0	0	0	0	0	0	0	0	774.84	0
7.4095	12.32	9.35	5.83	186.56	30.36	242.33	190.74	95.59	0	0	0	0	0	0	0	0	773.08	0
7.4195	10.34	7.48	3.85	182.38	28.16	242.33	193.05	97.79	0	0	0	0	0	0	0	0	765.38	0
7.4295	10.34	7.48	3.85	176	25.96	242.33	197.78	99.99	0	0	0	0	0	0	0	0	763.73	0
7.4395	8.25	7.48	3.85	167.53	25.96	240.02	200.09	102.08	0	0	0	0	0	0	0	0	755.26	0
7.4495	8.25	5.61	0	161.26	21.67	240.02	204.71	104.28	4.51	0	0	0	0	0	0	0	745.8	4.51
7.4595	8.25	5.61	0	150.92	19.47	240.02	209.44	106.48	9.13	0	0	0	0	0	0	0	740.19	9.13
7.4695	6.16	5.61	0	142.67	19.47	237.71	214.06	110.88	11.44	0	0	0	0	0	0	0	736.56	11.44
7.4795	6.16	5.61	0	132.33	17.27	235.4	218.68	115.28	18.26	0	0	0	0	0	0	0	730.73	18.26
7.4895	6.16	5.61	0	121.99	15.18	235.4	223.41	117.59	22.88	0	0	0	0	0	0	0	725.34	22.88
7.4995	4.07	5.61	0	111.65	15.18	233.09	225.61	122.21	34.32	0	0	0	0	0	0	0	717.42	34.32
7.5095	4.07	5.61	0	100.98	15.18	228.47	227.92	124.52	52.58	4.18	7.59	0	0	0	0	0	706.75	64.35
7.5195	4.07	3.74	0	90.42	12.98	223.96	230.23	126.83	109.67	16.72	24.64	7.48	0	0	0	0	692.23	158.51
7.5295	0	3.74	0	79.75	12.98	219.34	230.23	131.34	187.77	37.62	51.26	22.66	4.18	0	3.96	0	677.38	307.45
7.5395	0	3.74	0	67.1	12.98	212.41	230.23	133.65	213.51	52.25	74.69	35.2	6.27	7.48	6.05	0	660.11	395.45
7.5495	0	3.74	0	54.34	12.98	200.97	227.92	135.96	220.55	58.63	94.27	40.26	8.47	12.54	10.01	0	635.91	444.73
7.5595	0	3.74	0	43.89	10.78	184.91	223.41	138.27	225.17	60.72	105.05	45.32	12.65	20.13	16.06	5.5	605	490.6
7.5695	0	3.74	0	35.53	10.78	164.12	211.75	138.27	232.1	64.9	116.05	47.85	14.74	27.72	24.2	8.36	564.19	535.92
7.5795	0	0	0	31.35	10.78	130.57	193.05	140.58	232.1	67.1	125.29	50.38	14.74	35.2	30.25	11.11	506.33	566.17
7.5895	0	0	0	25.08	12.98	95.04	158.4	140.58	236.72	71.28	134.53	55.44	16.94	47.85	36.3	13.86	432.08	612.92
7.5995	0	0	0	20.9	12.98	66.77	115.28	138.27	245.96	77.66	143.66	57.97	16.94	57.97	40.37	16.72	354.2	657.25
7.6095	0	0	0	18.81	12.98	44.44	75.13	126.83	257.51	84.04	155.21	62.92	19.03	67.54	44.33	22.33	278.19	712.91
7.6195	0	0	0	14.63	12.98	29.59	56.32	106.48	269.06	90.42	164.45	67.98	19.03	74.69	46.42	25.08	220	757.13
7.6295	0	0	0	10.45	12.98	21.12	45.1	86.9	278.3	96.8	173.69	72.93	19.03	81.84	50.38	27.83	176.55	800.8
7.6395	0	0	0	8.36	8.58	14.74	38.28	65.12	285.45	103.18	178.42	77.99	19.03	89.1	50.38	30.69	135.08	834.24
7.6495	0	0	0	6.27	6.49	10.56	31.57	31.57	290.29	107.47	183.04	85.47	21.12	96.25	52.47	36.19	86.46	872.3
7.6595	0	0	0	6.27	4.29	8.47	22.55	9.02	292.71	111.65	185.46	90.53	21.12	103.4	54.45	41.8	50.6	901.12
7.6695	0	0	0	4.18	0	6.27	13.53	0	295.13	115.94	187.77	100.54	23.21	110.66	54.45	44.66	23.98	932.36
7.6795	0	0	0	0	0	6.27	11.22	0	292.71	120.34	187.77	105.49	23.21	118.03	56.54	47.41	17.49	951.5
7.6895	0	0	0	0	0	4.18	6.71	0	290.29	122.54	185.46	115.5	23.21	125.62	56.54	50.16	10.89	969.32
7.6995	0	0	0	0	0	4.18	4.51	0	285.45	124.63	183.04	122.98	23.21	130.68	56.54	53.02	8.69	979.55
7.7095	0	0	0	0	0	4.18	0	0	278.3	126.83	178.42	127.93	25.41	138.27	58.85	55.77	4.18	989.78
7.7195	0	0	0	0	0	4.18	0	0	266.75	126.83	173.69	135.41	25.41	145.75	58.85	58.63	4.18	991.32
7.7295	0	0	0	0	0	0	0	0	257.51	124.63	169.07	142.89	25.41	150.81	61.27	58.63	0	990.22
7.7395	0	0	0	0	0	0	0	0	245.96	122.54	162.14	150.37	27.5	155.87	61.27	61.49	0	987.14
7.7495	0	0	0	0	0	0	0	0	234.41	122.54	155.21	155.32	27.5	163.46	63.69	64.35	0	986.48
7.7595	0	0	0	0	0	0	0	0	222.86	118.14	148.28	160.27	27.5	168.52	66.11	67.32	0	979
7.7695	0	0	0	0	0	0	0	0	211.09	113.85	141.35	167.97	27.5	175.67	68.42	70.18	0	976.03
7.7795	0	0	0	0	0	0	0	0	199.43	109.56	132.22	173.25	29.59	180.4	70.84	70.18	0	965.47
7.7895	0	0	0	0	0	0	0	0	190.08	105.27	127.6	178.53	29.59	187.44	73.26	73.15	0	964.92
7.7995	0	0	0	0	0	0	0	0	178.42	103.18	120.67	183.81	29.59	194.59	75.68	76.01	0	961.95
7.8095	0	0	0	0	0	0	0	0	169.07	96.8	113.85	189.09	31.79	199.32	78.1	76.01	0	954.03
7.8195	0	0	0	0	0	0	0	0	159.94	92.51	109.45	191.73	31.79	206.36	80.41	78.98	0	951.17
7.8295	0	0	0	0	0	0	0	0	150.81	88.33	102.96	197.12	31.79	213.4	82.83	81.84	0	949.08
7.8395	0	0	0	0	0	0	0	0	143.99	84.04	98.56	199.76	31.79	218.13	85.25	84.81	0	946.33
7.8495	0	0	0	0	0	0	0	0	137.17	79.86	94.27	202.4	33.88	225.39	89.98	87.67	0	950.62
7.8594	0	0	0	0	0	0	0	0	130.35	75.57	89.87	205.04	33.88	232.76	92.4	90.53	0	950.4
7.8694	0	0	0	0	0	0	0	0	123.53	73.48	87.67	207.68	33.88	237.6	97.24	93.5	0	954.58
7.8794	0	0	0	0	0	0	0	0	116.71	67.1	83.38	210.32	35.97	242.55	99.66	96.36	0	952.05
7.8894	0	0	0	0	0	0	0	0	109.67	64.9	76.78	215.6	35.97	249.92	101.97	96.36	0	951.17
7.8994	0	0	0	0	0	0	0	0	104.94	60.72	72.49	218.24	35.97	257.18	106.81	102.19	0	958.54
7.9094	0	0	0	0	0	0	0	0	97.79	56.43	68.09	220.88	35.97	262.13	109.23	102.19	0	952.71
7.9194	0	0	0	0	0	0	0	0	90.53	52.25	63.8	223.52	38.06	269.5	113.96	105.16	0	956.78
7.9294	0	0	0	0	0	0	0	0	83.38	48.07	57.2	226.27	38.06	274.34	116.27	108.02	0	951.61
7.9394	0	0	0	0	0	0	0	0	76.23	45.98	51.26	228.69	38.06	279.29	118.58	110.99	0	949.08
7.9494	0	0	0	0	0	0	0	0	66.66	41.8	45.54	233.53	38.06	284.13	120.89	113.52	0	944.13
7.9594	0	0	0	4.18	0	0	0	0	59.51	37.62	39.82	233.53	38.06	289.08	125.62	116.05	4.18	939.29
7.9694	0	0	0	4.18	0	0	0	0	52.58	33.44	34.1	233.53	38.06	293.92	127.93	121.11	4.18	934.67
7.9794	0	0	0	0	0	0	0	0	43.45	29.26	28.49	233.53	38.06	296.34	132.55	123.64	0	925.32
7.9894	0	0	0	0	0	0	0	0	34.32	25.08	22.77	231.11	38.06	298.87	137.17	126.17	0	913.55
7.9994	0	0	0	0	0	0	0	0	27.39	20.9	17.05	226.27	38.06	301.29	141.9	131.23	0	904.09
8.0094	0	0	0	0	0	0	0	0	25.08	18.81	15.18	220.88	35.97	301.29	148.83	136.29	0	902.33
8.0194	0	0	0	0	0	0	0	0	20.57	16.72	13.2	212.96	35.97	301.29	151.14	141.35	0	893.2
8.0294	0	0	0	0	0	0	0	0	18.26	12.54	9.46	205.04	33.88	301.29	155.87	146.41	0	882.75
8.0394	0	0	0	0	0	0	0	0	15.95	10.45	7.59	197.12	29.59	301.29	158.18	148.94	0	869.11
8.0494	0	0	0	0	0	0	0	0	13.64	8.36	7.59	186.45	27.5	301.29	162.8	154	0	861.63
8.0594	4.07	0	0	0	0	0	0	0	13.64	8.36	5.61	173.25	25.41	301.29	165.11	156.53	4.07	849.2
8.0694	10.34	0	0	0	0	0	0	0	13.64	6.27	3.74	160.27	21.12	301.29	165.11	161.59	10.34	833.03
8.0794	20.68	5.61	0	0	0	0	0	0	11.44	6.27	3.74	147.84	16.94	301.29	167.53	164.12	26.29	819.17
8.0894	39.27	15.07	7.81	4.18	0	0	0	0	11.44	6.27	3.74	135.41	14.74	301.29	169.95	166.76	66.33	809.6
8.0994	97.13	33.88	23.54	10.45	0	0	0	0	11.44	6.27	3.74	120.45	12.65	298.87	169.95	171.71	165	795.08
8.1094	160.05	58.52	43.23	27.17	0	4.18	4.51	0	11.44	4.18	3.74	105.49	10.56	296.34	169.95	174.24	297.66	775.94
8.1194	192.39	74.36	57.31	37.62	6.49	10.56	6.71	0	9.13	4.18	0	90.53	8.47	289.08	169.95	176.77	385.44	748.11
8.1294	188.32	78.32	61.71	41.8	6.49	14.74	9.02	0	9.13	4.18	0	72.93	6.27	279.29	169.95	179.19	400.4	720.94
8.1394	178.2	80.3	66.22	50.16	15.18	19.03	15.73	0	6.82	4.18	0	57.97	6.27	266.97	169.95	181.72	424.82	693.88
8.1494	176.22	88.33	70.62	56.54	19.47	25.41	20.24	0	6.82	4.18	0	42.79	6.27	247.39	172.37	186.78	456.83	666.6
8.1594	176.22	92.29	77.33	62.81	21.67	35.97	27.06	0	4.51	0	0	32.67	6.27	222.97	174.79	189.31	493.35	630.52
8.1694	184.25	102.19	84.04	71.28	21.67	48.73	33.77	4.51	4.51	0	0	25.19	6.27	192.17	172.37	189.31	550.44	589.82
8.1794	194.37	114.62	95.15	77.66	23.87	59.73	40.59	6.71	0	0	0	20.13	6.27	153.34	165.11	189.31	612.7	534.16
8.1894	208.56	123.42	104.06	84.04	25.96	69.19	45.1	9.02	0	0	0	15.07	6.27	115.5	151.14	186.78	669.35	474.76
8.1994	218.68	132.22	113.08	90.42	25.96	76.23	51.81	11.22	0	0	0	12.54	6.27	84.26	127.93	179.19	719.62	410.19
8.2094	226.82	141.02	121.88	96.8	28.16	85.58	56.32	13.53	0	0	0	10.01	6.27	60.28	99.66	169.18	770.11	345.4
8.2194	234.85	147.62	128.48	100.98	30.36	92.62	63.36	15.73	0	0	0	7.48	6.27	37.73	75.68	154	814	281.16
8.2294	238.92	152.02	135.08	105.27	32.56	99.66	70.4	18.04	0	0	0	0	6.27	25.19	61.27	128.7	851.95	221.43
8.2394	244.97	156.42	139.48	109.45	32.56	109.12	75.13	20.24	0	0	0	0	4.18	17.6	52.47	90.53	887.37	164.78
8.2494	246.95	160.82	143.88	115.72	32.56	116.16	79.86	24.75	0	0	0	0	4.18	10.01	40.37	41.8	920.7	96.36
8.2594	249.04	163.02	146.08	121.99	34.65	125.73	87.01	27.06	0	0	0	0	0	7.48	30.25	27.83	954.58	65.56
8.2694	246.95	165.22	148.28	126.06	36.85	132.99	91.74	29.26	0	0	0	0	0	7.48	16.06	19.47	977.35	43.01
8.2794	244.97	165.22	148.28	132.33	36.85	142.56	96.47	31.57	0	0	0	0	0	4.95	8.03	8.36	998.25	21.34
8.2894	240.9	165.22	146.08	138.49	39.05	149.71	101.2	36.08	0	0	0	0	0	0	3.96	5.5	1016.73	9.46
8.2994	234.85	160.82	143.88	142.67	39.05	154.55	105.93	38.28	0	0	0	0	0	0	0	5.5	1020.03	5.5
8.3094	226.82	156.42	139.48	148.83	39.05	161.7	110.66	42.79	0	0	0	0	0	0	0	5.5	1025.75	5.5
8.3194	216.7	152.02	135.08	150.92	41.25	168.96	115.28	45.1	0	0	0	0	0	0	0	0	1025.31	0
8.3294	208.56	145.42	130.68	155.1	43.34	173.47	119.79	49.61	0	0	0	0	0	0	0	0	1025.97	0
8.3394	196.46	136.62	124.08	157.08	43.34	178.09	124.41	51.81	0	0	0	0	0	0	0	0	1011.89	0
8.3494	186.34	127.82	115.28	159.17	43.34	182.71	131.23	54.12	0	0	0	0	0	0	0	0	1000.01	0
8.3594	174.13	119.02	108.57	159.17	43.34	184.91	135.74	56.32	0	0	0	0	0	0	0	0	981.2	0
8.3694	160.05	110.22	99.66	161.26	45.54	189.53	140.25	58.63	0	0	0	0	0	0	0	0	965.14	0
8.3794	150.15	102.19	92.95	163.35	45.54	191.84	144.76	60.72	0	0	0	0	0	0	0	0	951.5	0
8.3894	138.16	92.29	84.04	163.35	47.74	194.15	149.38	60.72	0	0	0	0	0	0	0	0	929.83	0
8.3994	128.26	84.37	75.13	163.35	47.74	196.46	153.89	65.12	0	0	0	0	0	0	0	0	914.32	0
8.4094	116.38	76.34	68.42	163.35	47.74	198.66	158.4	67.32	0	0	0	0	0	0	0	0	896.61	0
8.4194	105.82	68.42	61.71	163.35	49.94	203.28	162.91	69.41	0	0	0	0	0	0	0	0	884.84	0
8.4294	94.93	60.5	57.31	161.26	49.94	203.28	169.84	71.61	0	0	0	0	0	0	0	0	868.67	0
8.4394	86.24	54.56	51.15	159.17	49.94	205.59	174.46	76.01	0	0	0	0	0	0	0	0	857.12	0
8.4494	75.35	48.95	45.21	159.17	49.94	207.9	181.5	78.21	0	0	0	0	0	0	0	0	846.23	0
8.4594	66.66	43.34	41.25	159.17	52.03	207.9	188.43	82.5	0	0	0	0	0	0	0	0	841.28	0
8.4694	57.97	37.62	35.42	157.08	52.03	210.21	195.47	84.7	0	0	0	0	0	0	0	0	830.5	0
8.4794	49.61	33.88	31.46	157.08	52.03	210.21	202.4	86.9	0	0	0	0	0	0	0	0	823.57	0
8.4894	43.45	30.14	27.5	155.1	52.03	210.21	209.44	89.1	0	0	0	0	0	0	0	0	816.97	0
8.4994	37.18	26.29	23.54	153.01	52.03	210.21	216.37	91.19	0	0	0	0	0	0	0	0	809.82	0
8.5094	33.11	24.42	21.56	150.92	49.94	210.21	223.41	91.19	0	0	0	0	0	0	0	0	804.76	0
8.5194	31.02	22.55	19.58	148.83	49.94	210.21	230.23	95.59	0	0	0	0	0	0	0	0	807.95	0
8.5294	26.84	20.68	17.71	146.74	49.94	210.21	237.16	97.79	0	0	0	0	0	0	0	0	807.07	0
8.5394	24.75	18.81	15.73	144.76	47.74	210.21	241.78	99.99	0	0	0	0	0	0	0	0	803.77	0
8.5494	22.77	15.07	13.75	142.67	47.74	210.21	246.29	102.08	0	0	0	0	0	0	0	0	800.58	0
8.5594	20.68	13.09	11.77	138.49	45.54	210.21	250.91	104.28	0	0	0	0	0	0	0	0	794.97	0
8.5694	18.59	11.22	9.79	136.4	43.34	210.21	255.53	106.48	0	0	0	0	0	0	0	0	791.56	0
8.5794	16.5	11.22	7.81	132.33	41.25	210.21	260.15	108.68	0	0	0	0	0	0	0	0	788.15	0
8.5894	14.41	9.35	5.83	128.15	39.05	210.21	266.97	110.88	0	0	0	0	0	0	0	0	784.85	0
8.5994	12.32	7.48	5.83	121.99	36.85	210.21	271.59	113.08	0	0	0	0	0	0	0	0	779.35	0
8.6094	10.34	7.48	3.85	115.72	32.56	210.21	278.52	115.28	0	0	0	0	0	0	0	0	773.96	0
8.6194	10.34	5.61	3.85	107.36	30.36	210.21	285.23	119.9	0	0	0	0	0	0	0	0	772.86	0
8.6294	8.25	5.61	3.85	100.98	28.16	207.9	289.85	122.21	0	0	0	0	0	0	0	0	766.81	0
8.6394	8.25	5.61	3.85	92.51	25.96	205.59	296.67	124.52	0	0	0	0	0	0	0	0	762.96	0
8.6494	8.25	5.61	0	84.04	21.67	203.28	301.18	129.03	4.51	0	0	0	0	0	0	0	753.06	4.51
8.6594	6.16	5.61	0	77.66	19.47	200.97	305.69	131.34	11.44	0	0	0	0	0	0	0	746.9	11.44
8.6694	6.16	5.61	0	69.19	17.27	198.66	308	133.65	20.57	0	0	0	0	0	0	0	738.54	20.57
8.6794	6.16	5.61	0	62.81	15.18	194.15	310.2	135.96	34.32	0	0	0	0	0	0	0	730.07	34.32
8.6894	4.07	3.74	0	54.34	15.18	189.53	312.51	138.27	76.23	0	9.46	0	0	0	0	0	717.64	85.69
8.6994	4.07	3.74	0	45.98	12.98	182.71	314.82	140.58	146.3	10.45	26.51	7.48	0	0	0	0	704.88	190.74
8.7094	0	3.74	0	37.62	10.78	175.78	317.02	142.78	190.08	25.08	47.41	15.07	0	0	0	0	687.72	277.64
8.7194	0	3.74	0	29.26	10.78	164.12	317.02	145.09	201.74	39.71	70.29	30.14	4.18	7.48	6.05	0	670.01	359.59
8.7294	0	3.74	0	22.99	10.78	147.29	312.51	145.09	220.55	48.07	94.27	35.2	10.56	15.07	14.08	0	642.4	437.8
8.7394	0	3.74	0	18.81	8.58	125.73	301.18	142.78	229.79	50.16	109.45	37.73	12.65	20.13	22.11	0	600.82	482.02
8.7494	0	0	0	16.72	8.58	99.66	280.72	145.09	234.41	52.25	120.67	37.73	14.74	27.72	32.23	8.36	550.77	528.11
8.7594	0	0	0	14.63	8.58	73.81	241.78	140.58	239.03	54.34	132.22	40.26	16.94	37.73	42.35	11.11	479.38	573.98
8.7694	0	0	0	12.54	8.58	55.11	186.12	138.27	243.65	56.43	145.97	42.79	16.94	47.85	50.38	13.86	400.62	617.87
8.7794	0	0	0	10.45	10.78	40.26	124.41	133.65	252.89	58.63	159.83	45.32	19.03	57.97	54.45	19.47	319.55	667.59
8.7894	0	0	0	8.36	12.98	29.59	77.55	122.21	266.75	64.9	171.38	47.85	21.12	65.12	58.85	25.08	250.69	721.05
8.7994	0	0	0	6.27	10.78	21.12	54.12	99.99	278.3	69.19	183.04	50.38	21.12	74.69	61.27	30.69	192.28	768.68
8.8094	0	0	0	4.18	10.78	14.74	45.1	78.21	287.87	75.57	192.39	55.44	21.12	84.26	63.69	39.05	153.01	819.39
8.8194	0	0	0	4.18	6.49	10.56	36.08	47.3	295.13	81.95	197.12	60.39	21.12	91.41	66.11	44.66	104.61	857.89
8.8294	0	0	0	0	4.29	8.47	27.06	18.04	297.55	88.33	199.43	67.98	23.21	103.4	68.42	50.16	57.86	898.48
8.8394	0	0	0	0	0	6.27	13.53	4.51	297.55	92.51	201.74	75.46	23.21	113.08	68.42	55.77	24.31	927.74
8.8494	0	0	0	0	0	4.18	11.22	0	297.55	98.89	201.74	82.94	23.21	123.09	70.84	58.63	15.4	956.89
8.8594	0	0	0	0	0	4.18	9.02	0	295.13	103.18	201.74	92.95	25.41	133.21	70.84	61.49	13.2	983.95
8.8694	0	0	0	0	0	4.18	6.71	0	290.29	105.27	197.12	100.54	25.41	140.8	68.42	64.35	10.89	992.2
8.8794	0	0	0	0	0	0	4.51	0	283.03	109.56	192.39	108.02	25.41	148.28	70.84	67.32	4.51	1004.85
8.8894	0	0	0	0	0	0	0	0	275.99	109.56	190.08	115.5	25.41	155.87	70.84	70.18	0	1013.43
8.8994	0	0	0	0	0	0	0	0	266.75	111.65	183.04	120.45	27.5	160.93	70.84	70.18	0	1011.34
8.9094	0	0	0	0	0	0	0	0	257.51	111.65	176.11	127.93	27.5	168.52	70.84	73.15	0	1013.21
8.9194	0	0	0	0	0	0	0	0	245.96	109.56	169.07	135.41	27.5	173.36	73.26	73.15	0	1007.27
8.9294	0	0	0	0	0	0	0	0	234.41	109.56	159.83	140.36	29.59	178.09	73.26	76.01	0	1001.11
8.9394	0	0	0	0	0	0	0	0	225.17	107.47	152.9	147.84	29.59	182.82	73.26	76.01	0	995.06
8.9494	0	0	0	0	0	0	0	0	213.51	103.18	145.97	152.79	29.59	189.86	75.68	78.98	0	989.56
8.9594	0	0	0	0	0	0	0	0	204.16	101.09	139.15	157.85	29.59	194.59	75.68	78.98	0	981.09
8.9694	0	0	0	0	0	0	0	0	192.39	98.89	132.22	160.27	29.59	199.32	78.1	81.84	0	972.62
8.9794	0	0	0	0	0	0	0	0	183.04	94.71	122.98	165.33	31.79	203.94	80.41	81.84	0	964.04
8.9894	0	0	0	0	0	0	0	0	173.69	90.42	118.36	170.61	31.79	208.67	82.83	84.81	0	961.18
8.9994	0	0	0	0	0	0	0	0	162.14	86.13	111.65	175.89	31.79	213.4	85.25	84.81	0	951.06
9.0094	0	0	0	0	0	0	0	0	155.32	81.95	105.05	181.17	33.88	218.13	87.67	84.81	0	947.98
9.0194	0	0	0	0	0	0	0	0	146.3	79.86	100.76	183.81	33.88	225.39	89.98	90.53	0	950.51
9.0294	0	0	0	0	0	0	0	0	137.17	75.57	94.27	189.09	33.88	230.34	89.98	90.53	0	940.83
9.0394	0	0	0	0	0	0	0	0	130.35	71.28	89.87	194.37	33.88	237.6	92.4	93.5	0	943.25
9.0494	0	0	0	0	0	0	0	0	123.53	67.1	83.38	199.76	33.88	244.97	94.82	96.36	0	943.8
9.0594	0	0	0	0	0	0	0	0	116.71	64.9	78.98	202.4	35.97	249.92	97.24	99.33	0	945.45
9.0694	0	0	0	0	0	0	0	0	109.67	60.72	74.69	207.68	35.97	257.18	99.66	102.19	0	947.76
9.0794	0	0	0	0	0	0	0	0	100.1	56.43	68.09	212.96	35.97	262.13	101.97	105.16	0	942.81
9.0894	0	0	0	0	0	0	0	0	92.95	54.34	61.6	218.24	35.97	269.5	101.97	108.02	0	942.59
9.0994	0	0	0	0	0	0	0	0	85.8	50.16	57.2	223.52	38.06	274.34	104.39	110.99	0	944.46
9.1094	0	0	0	0	0	0	0	0	78.65	45.98	51.26	226.27	38.06	281.71	106.81	113.52	0	942.26
9.1194	0	0	0	0	0	0	0	0	71.5	41.8	45.54	231.11	38.06	284.13	109.23	116.05	0	937.42
9.1294	0	0	0	0	0	0	0	0	64.35	37.62	41.8	233.53	38.06	289.08	111.65	118.58	0	934.67
9.1394	0	0	0	0	0	0	0	0	57.2	35.53	36.08	233.53	38.06	293.92	116.27	121.11	0	931.7
9.1494	0	0	0	0	0	0	0	0	47.96	31.35	30.36	235.95	38.06	296.34	118.58	123.64	0	922.24
9.1594	0	0	0	0	0	0	0	0	41.14	27.17	26.51	233.53	38.06	301.29	123.2	126.17	0	917.07
9.1694	0	0	0	0	0	0	0	0	34.32	22.99	20.9	233.53	38.06	303.71	127.93	131.23	0	912.67
9.1794	0	0	0	0	0	0	0	0	27.39	18.81	17.05	231.11	35.97	306.24	132.55	133.76	0	902.88
9.1894	0	0	0	0	0	0	0	0	22.88	16.72	13.2	226.27	35.97	308.66	137.17	138.82	0	899.69
9.1994	0	0	0	0	0	0	0	0	20.57	14.63	11.33	218.24	33.88	308.66	141.9	143.88	0	893.09
9.2094	0	0	0	0	0	0	0	0	18.26	12.54	9.46	210.32	33.88	311.08	146.52	146.41	0	888.47
9.2194	0	0	0	0	0	0	0	0	15.95	10.45	7.59	202.4	31.79	311.08	148.83	151.47	0	879.56
9.2294	0	0	0	0	0	0	0	0	13.64	8.36	7.59	191.73	27.5	311.08	151.14	154	0	865.04
9.2394	4.07	0	0	0	0	0	0	0	13.64	8.36	5.61	181.17	25.41	311.08	153.56	159.06	4.07	857.89
9.2494	10.34	0	0	0	0	0	0	0	13.64	8.36	5.61	167.97	21.12	311.08	155.87	161.59	10.34	845.24
9.2594	18.59	3.74	0	0	0	0	0	0	11.44	6.27	5.61	157.85	19.03	311.08	155.87	164.12	22.33	831.27
9.2694	43.45	15.07	5.83	4.18	0	0	0	0	11.44	6.27	3.74	145.42	16.94	311.08	158.18	166.76	68.53	819.83
9.2794	122.32	37.62	23.54	10.45	0	0	0	0	11.44	6.27	3.74	130.46	12.65	308.66	158.18	169.18	193.93	800.58
9.2893	202.51	62.48	47.19	25.08	0	4.18	0	0	11.44	4.18	3.74	118.03	10.56	306.24	160.49	174.24	341.44	788.92
9.2993	210.65	72.38	55.11	33.44	4.29	8.47	4.51	0	9.13	4.18	0	102.96	10.56	301.29	160.49	176.77	388.85	765.38
9.3093	196.46	76.34	61.71	39.71	6.49	12.65	6.71	0	9.13	4.18	0	82.94	8.47	291.5	160.49	179.19	400.07	735.9
9.3193	182.27	78.32	64.02	48.07	10.78	16.94	13.53	0	6.82	4.18	0	67.98	6.27	276.76	160.49	181.72	413.93	704.22
9.3293	174.13	82.28	66.22	54.34	15.18	25.41	18.04	0	6.82	4.18	0	50.38	6.27	257.18	165.11	184.25	435.6	674.19
9.3393	176.22	90.31	70.62	60.72	17.27	33.88	24.75	0	6.82	4.18	0	37.73	6.27	232.76	167.53	186.78	473.77	642.07
9.3493	184.25	100.21	79.53	69.19	19.47	46.53	31.57	4.51	4.51	0	0	27.72	6.27	203.94	169.95	189.31	535.26	601.7
9.3593	196.46	110.22	88.55	77.66	21.67	57.42	38.28	6.71	0	0	0	22.66	6.27	165.99	167.53	186.78	596.97	549.23
9.3693	210.65	123.42	99.66	84.04	21.67	66.77	42.79	9.02	0	0	0	17.6	6.27	125.62	155.87	181.72	658.02	487.08
9.3793	224.84	134.42	108.57	92.51	23.87	73.81	47.3	11.22	0	0	0	15.07	6.27	89.1	137.17	176.77	716.54	424.38
9.3893	232.87	143.22	115.28	98.89	23.87	83.27	49.61	13.53	0	0	0	10.01	6.27	62.7	109.23	164.12	760.54	352.33
9.3993	238.92	149.82	121.88	105.27	25.96	90.31	54.12	15.73	0	0	0	7.48	6.27	42.79	80.41	151.47	802.01	288.42
9.4093	244.97	158.62	126.28	111.65	25.96	99.66	58.63	18.04	0	0	0	4.95	6.27	27.72	63.69	128.7	843.81	231.33
9.4193	251.02	167.53	130.68	119.9	28.16	106.7	60.94	20.24	0	0	0	0	4.18	17.6	50.38	96.36	885.17	168.52
9.4293	255.09	173.69	135.08	128.15	28.16	113.85	63.36	20.24	0	0	0	0	4.18	15.07	40.37	50.16	917.62	109.78
9.4393	253	175.78	137.28	136.4	30.36	123.42	68.09	22.55	0	0	0	0	0	10.01	28.27	27.83	946.88	66.11
9.4493	251.02	179.85	135.08	146.74	30.36	132.99	70.4	24.75	0	0	0	0	0	7.48	16.06	19.47	971.19	43.01
9.4593	246.95	181.94	135.08	157.08	32.56	142.56	75.13	27.06	0	0	0	0	0	4.95	6.05	11.11	998.36	22.11
9.4693	242.99	181.94	135.08	167.53	32.56	152.13	77.55	29.26	0	0	0	0	0	0	0	8.36	1019.04	8.36
9.4793	236.94	181.94	130.68	178.09	34.65	159.28	79.86	31.57	0	0	0	0	0	0	0	5.5	1033.01	5.5
9.4893	228.8	179.85	128.48	188.65	34.65	168.96	79.86	33.77	0	0	0	0	0	0	0	0	1043.02	0
9.4993	218.68	175.78	121.88	197.23	36.85	175.78	82.28	36.08	0	0	0	0	0	0	0	0	1044.56	0
9.5093	208.56	169.51	115.28	205.7	36.85	182.71	84.59	38.28	0	0	0	0	0	0	0	0	1041.48	0
9.5193	196.46	160.82	108.57	214.17	36.85	189.53	87.01	40.59	0	0	0	0	0	0	0	0	1034	0
9.5293	186.34	152.02	101.86	222.64	39.05	194.15	89.32	40.59	0	0	0	0	0	0	0	0	1025.97	0
9.5393	176.22	145.42	95.15	230.56	36.85	198.66	89.32	42.79	0	0	0	0	0	0	0	0	1014.97	0
9.5493	164.01	136.62	88.55	236.28	39.05	203.28	91.74	42.79	0	0	0	0	0	0	0	0	1002.32	0
9.5593	156.09	127.82	81.84	240.02	39.05	205.59	91.74	45.1	0	0	0	0	0	0	0	0	987.25	0
9.5693	146.19	119.02	75.13	245.85	39.05	207.9	94.05	42.79	0	0	0	0	0	0	0	0	969.98	0
9.5793	136.18	110.22	68.42	249.59	41.25	210.21	96.47	45.1	0	0	0	0	0	0	0	0	957.44	0
9.5893	128.26	104.17	64.02	251.57	41.25	212.41	98.78	42.79	0	0	0	0	0	0	0	0	943.25	0
9.5993	120.34	96.25	57.31	255.31	41.25	214.72	101.2	45.1	0	0	0	0	0	0	0	0	931.48	0
9.6093	112.42	88.33	53.13	257.29	41.25	214.72	103.51	45.1	0	0	0	0	0	0	0	0	915.75	0
9.6193	103.62	82.28	49.17	257.29	41.25	217.03	105.93	45.1	0	0	0	0	0	0	0	0	901.67	0
9.6293	94.93	76.34	45.21	259.16	43.34	217.03	108.24	45.1	0	0	0	0	0	0	0	0	889.35	0
9.6393	88.44	70.4	43.23	261.14	43.34	219.34	110.66	47.3	0	0	0	0	0	0	0	0	883.85	0
9.6493	79.64	64.46	39.27	264.88	43.34	221.65	113.08	49.61	0	0	0	0	0	0	0	0	875.93	0
9.6593	70.95	58.52	35.42	266.86	43.34	223.96	115.28	49.61	0	0	0	0	0	0	0	0	863.94	0
9.6693	64.46	52.69	33.44	268.73	43.34	226.27	117.59	51.81	0	0	0	0	0	0	0	0	858.33	0
9.6793	55.88	48.95	29.48	270.6	43.34	226.27	119.79	54.12	0	0	0	0	0	0	0	0	848.43	0
9.6893	49.61	43.34	27.5	272.58	43.34	228.47	124.41	56.32	0	0	0	0	0	0	0	0	845.57	0
9.6993	45.54	39.49	25.52	272.58	43.34	230.78	126.61	58.63	0	0	0	0	0	0	0	0	842.49	0
9.7093	41.36	35.75	23.54	274.45	43.34	230.78	131.23	62.92	0	0	0	0	0	0	0	0	843.37	0
9.7193	37.18	33.88	21.56	274.45	43.34	233.09	135.74	65.12	0	0	0	0	0	0	0	0	844.36	0
9.7293	35.09	32.01	21.56	272.58	41.25	235.4	137.94	67.32	0	0	0	0	0	0	0	0	843.15	0
9.7393	33.11	30.14	19.58	272.58	41.25	237.71	140.25	71.61	0	0	0	0	0	0	0	0	846.23	0
9.7493	31.02	28.16	17.71	270.6	41.25	237.71	144.76	73.81	0	0	0	0	0	0	0	0	845.02	0
9.7593	28.93	26.29	17.71	270.6	39.05	240.02	147.07	76.01	0	0	0	0	0	0	0	0	845.68	0
9.7693	26.84	24.42	15.73	266.86	39.05	242.33	149.38	78.21	0	0	0	0	0	0	0	0	842.82	0
9.7793	24.75	22.55	13.75	264.88	36.85	242.33	151.58	80.3	0	0	0	0	0	0	0	0	836.99	0
9.7893	22.77	18.81	11.77	261.14	36.85	244.64	153.89	84.7	0	0	0	0	0	0	0	0	834.57	0
9.7993	18.59	16.94	9.79	255.31	34.65	244.64	158.4	84.7	0	0	0	0	0	0	0	0	823.02	0
9.8093	16.5	15.07	7.81	249.59	32.56	246.95	160.71	86.9	0	0	0	0	0	0	0	0	816.09	0
9.8193	14.41	11.22	5.83	243.87	30.36	246.95	162.91	89.1	4.51	0	0	0	0	0	0	0	804.65	4.51
9.8293	12.32	9.35	5.83	236.28	28.16	246.95	165.22	91.19	9.13	0	0	0	0	0	0	0	795.3	9.13
9.8393	10.34	9.35	3.85	228.58	25.96	246.95	167.53	93.39	11.44	0	0	0	0	0	0	0	785.95	11.44
9.8493	10.34	7.48	3.85	218.46	23.87	246.95	169.84	95.59	13.64	0	0	0	0	0	0	0	776.38	13.64
9.8593	8.25	7.48	3.85	207.79	21.67	246.95	172.15	99.99	20.57	0	0	0	0	0	0	0	768.13	20.57
9.8693	8.25	7.48	0	197.23	21.67	244.64	172.15	102.08	29.7	0	0	0	0	0	0	0	753.5	29.7
9.8793	6.16	7.48	0	186.56	19.47	244.64	172.15	104.28	43.45	4.18	7.59	7.48	0	0	0	0	740.74	62.7
9.8893	6.16	7.48	0	173.8	17.27	242.33	172.15	106.48	71.5	14.63	18.92	17.6	4.18	0	0	0	725.67	126.83
9.8993	6.16	5.61	0	161.26	17.27	240.02	172.15	108.68	114.51	27.17	34.1	27.72	6.27	4.95	6.05	0	711.15	220.77
9.9093	4.07	5.61	0	146.74	15.18	237.71	172.15	113.08	148.5	37.62	51.26	32.67	8.47	10.01	10.01	0	694.54	298.54
9.9193	4.07	5.61	0	130.24	12.98	230.78	172.15	115.28	155.32	41.8	61.6	35.2	10.56	15.07	12.1	0	671.11	331.65
9.9293	0	5.61	0	111.65	12.98	223.96	172.15	119.9	164.45	45.98	74.69	35.2	12.65	25.19	18.15	0	646.25	376.31
9.9393	0	5.61	0	90.42	10.78	212.41	172.15	122.21	173.69	45.98	83.38	37.73	12.65	32.67	24.2	5.5	613.58	415.8
9.9493	0	3.74	0	71.28	10.78	198.66	167.53	124.52	178.42	48.07	89.87	37.73	12.65	40.26	30.25	8.36	576.51	445.61
9.9593	0	3.74	0	52.25	10.78	178.09	160.71	126.83	185.46	50.16	98.56	40.26	12.65	47.85	34.32	11.11	532.4	480.37
9.9693	0	3.74	0	43.89	10.78	149.71	147.07	126.83	194.81	54.34	107.25	42.79	14.74	55.44	38.28	13.86	482.02	521.51
9.9793	0	0	0	37.62	10.78	109.12	119.79	126.83	206.47	58.63	118.36	45.32	14.74	62.7	42.35	16.72	404.14	565.29
9.9893	0	0	0	31.35	12.98	71.5	87.01	119.9	218.13	62.81	127.6	47.85	16.94	69.85	46.42	25.08	322.74	614.68
9.9993	0	0	0	25.08	12.98	42.35	58.63	108.68	229.79	67.1	139.15	50.38	16.94	77.11	50.38	30.69	247.72	661.54
10.0093	0	0	0	20.9	10.78	27.5	45.1	86.9	241.34	71.28	150.59	55.44	16.94	86.68	54.45	39.05	191.18	715.77
10.0193	0	0	0	14.63	8.58	19.03	36.08	71.61	250.58	75.57	159.83	57.97	19.03	93.83	58.85	44.66	149.93	760.32
10.0293	0	0	0	12.54	6.49	12.65	29.26	47.3	257.51	79.86	166.76	62.92	19.03	103.4	61.27	50.16	108.24	800.91
10.0393	0	0	0	10.45	4.29	10.56	22.55	18.04	262.13	84.04	173.69	67.98	21.12	113.08	63.69	55.77	65.89	841.5
10.0493	0	0	0	8.36	0	6.27	11.22	4.51	266.75	88.33	176.11	75.46	21.12	123.09	68.42	58.63	30.36	877.91
10.0593	0	0	0	6.27	0	6.27	9.02	0	269.06	92.51	178.42	80.41	23.21	130.68	70.84	64.35	21.56	909.48
10.0693	0	0	0	6.27	0	6.27	4.51	0	266.75	96.8	178.42	88	23.21	138.27	73.26	67.32	17.05	932.03
10.0793	0	0	0	4.18	0	6.27	0	0	264.44	96.8	178.42	92.95	23.21	148.28	75.68	73.15	10.45	952.93
10.0893	0	0	0	4.18	0	4.18	0	0	259.82	98.89	176.11	100.54	25.41	155.87	78.1	73.15	8.36	967.89
10.0993	0	0	0	0	0	4.18	0	0	252.89	98.89	173.69	105.49	25.41	163.46	78.1	76.01	4.18	973.94
10.1093	0	0	0	0	0	4.18	0	0	243.65	98.89	166.76	110.55	27.5	168.52	80.41	78.98	4.18	975.26
10.1193	0	0	0	0	0	0	0	0	234.41	96.8	162.14	115.5	27.5	175.67	82.83	78.98	0	973.83
10.1293	0	0	0	0	0	0	0	0	225.17	96.8	155.21	120.45	27.5	182.82	85.25	81.84	0	975.04
10.1393	0	0	0	0	0	0	0	0	215.82	94.71	148.28	125.51	27.5	187.44	85.25	84.81	0	969.32
10.1493	0	0	0	0	0	0	0	0	206.47	92.51	143.66	130.46	29.59	192.17	87.67	87.67	0	970.2
10.1593	0	0	0	0	0	0	0	0	197.12	92.51	136.84	135.41	29.59	196.9	87.67	87.67	0	963.71
10.1693	0	0	0	0	0	0	0	0	190.08	88.33	129.91	140.36	31.79	201.63	87.67	87.67	0	957.44
10.1793	0	0	0	0	0	0	0	0	178.42	86.13	122.98	145.42	31.79	208.67	89.98	90.53	0	953.92
10.1893	0	0	0	0	0	0	0	0	171.38	84.04	116.05	150.37	31.79	211.09	89.98	90.53	0	945.23
10.1993	0	0	0	0	0	0	0	0	162.14	81.95	109.45	155.32	31.79	218.13	92.4	93.5	0	944.68
10.2093	0	0	0	0	0	0	0	0	153.12	77.66	102.96	160.27	31.79	222.97	94.82	93.5	0	937.09
10.2193	0	0	0	0	0	0	0	0	143.99	73.48	98.56	165.33	33.88	227.81	94.82	96.36	0	934.23
10.2293	0	0	0	0	0	0	0	0	137.17	71.28	92.07	170.61	33.88	235.18	97.24	96.36	0	933.79
10.2393	0	0	0	0	0	0	0	0	128.04	67.1	87.67	175.89	33.88	240.13	101.97	99.33	0	934.01
10.2493	0	0	0	0	0	0	0	0	123.53	64.9	81.18	178.53	35.97	244.97	101.97	102.19	0	933.24
10.2593	0	0	0	0	0	0	0	0	116.71	60.72	76.78	183.81	35.97	249.92	104.39	102.19	0	930.49
10.2693	0	0	0	0	0	0	0	0	109.67	56.43	72.49	189.09	35.97	257.18	106.81	105.16	0	932.8
10.2793	0	0	0	0	0	0	0	0	102.52	54.34	68.09	191.73	35.97	262.13	111.65	105.16	0	931.59
10.2893	0	0	0	0	0	0	0	0	92.95	50.16	61.6	197.12	35.97	266.97	113.96	108.02	0	926.75
10.2993	0	0	0	0	0	0	0	0	85.8	45.98	55.11	199.76	38.06	271.92	116.27	110.99	0	923.89
10.3093	0	0	0	0	0	0	0	0	76.23	41.8	49.39	205.04	38.06	276.76	120.89	113.52	0	921.69
10.3193	0	0	0	0	0	0	0	0	69.08	37.62	43.67	210.32	38.06	281.71	125.62	116.05	0	922.13
10.3293	0	0	0	0	0	0	0	0	59.51	33.44	37.95	212.96	40.26	286.55	127.93	118.58	0	917.18
10.3393	0	0	0	0	0	0	0	0	52.58	31.35	34.1	215.6	40.26	291.5	130.24	121.11	0	916.74
10.3493	0	0	0	0	0	0	0	0	43.45	27.17	26.51	215.6	40.26	293.92	134.86	123.64	0	905.41
10.3593	0	0	0	0	0	0	0	0	34.32	22.99	22.77	215.6	38.06	296.34	139.59	126.17	0	895.84
10.3693	0	0	0	0	0	0	0	0	29.7	20.9	18.92	215.6	38.06	298.87	141.9	131.23	0	895.18
10.3793	0	0	0	0	0	0	0	0	25.08	18.81	15.18	210.32	38.06	298.87	146.52	133.76	0	886.6
10.3893	0	0	0	0	0	0	0	0	22.88	14.63	13.2	207.68	35.97	301.29	151.14	138.82	0	885.61
10.3993	0	0	0	0	0	0	0	0	20.57	12.54	11.33	199.76	35.97	303.71	155.87	141.35	0	881.1
10.4093	0	0	0	0	0	0	0	0	15.95	10.45	9.46	194.37	33.88	303.71	158.18	143.88	0	869.88
10.4193	0	0	0	0	0	0	0	0	13.64	8.36	7.59	186.45	31.79	306.24	160.49	148.94	0	863.5
10.4293	6.16	0	0	0	0	0	0	0	13.64	8.36	5.61	178.53	29.59	306.24	162.8	151.47	6.16	856.24
10.4393	12.32	3.74	0	0	0	0	0	0	13.64	6.27	5.61	167.97	25.41	308.66	162.8	156.53	16.06	846.89
10.4493	22.77	5.61	0	0	0	0	0	0	13.64	6.27	5.61	157.85	21.12	308.66	162.8	159.06	28.38	835.01
10.4593	41.36	15.07	7.81	4.18	0	0	0	0	11.44	6.27	3.74	147.84	19.03	308.66	162.8	161.59	68.42	821.37
10.4693	86.24	30.14	19.58	8.36	0	0	0	0	11.44	6.27	3.74	135.41	14.74	308.66	162.8	164.12	144.32	807.18
10.4793	140.25	47.08	37.29	12.54	0	0	0	0	11.44	6.27	3.74	122.98	12.65	306.24	160.49	166.76	237.16	790.57
10.4893	174.13	60.5	47.19	29.26	0	6.27	6.71	0	9.13	4.18	0	108.02	10.56	303.71	160.49	169.18	324.06	765.27
10.4993	186.34	70.4	53.13	35.53	4.29	10.56	9.02	0	9.13	4.18	0	92.95	10.56	298.87	158.18	169.18	369.27	743.05
10.5093	180.18	76.34	59.51	41.8	8.58	14.74	11.22	0	9.13	4.18	0	75.46	8.47	291.5	155.87	171.71	392.37	716.32
10.5193	176.22	84.37	66.22	54.34	15.18	21.12	18.04	0	6.82	4.18	0	60.39	8.47	276.76	155.87	174.24	435.49	686.73
10.5293	172.15	90.31	70.62	60.72	17.27	29.59	22.55	0	6.82	4.18	0	45.32	6.27	259.71	155.87	179.19	463.21	657.36
10.5393	176.22	96.25	75.13	67.1	19.47	40.26	29.26	4.51	4.51	4.18	0	32.67	6.27	235.18	158.18	181.72	508.2	622.71
10.5493	188.32	108.13	86.24	75.57	21.67	52.91	36.08	4.51	4.51	0	0	25.19	6.27	201.63	158.18	181.72	573.43	577.5
10.5593	198.44	119.02	95.15	84.04	21.67	64.46	42.79	6.71	0	0	0	20.13	6.27	160.93	151.14	181.72	632.28	520.19
10.5693	208.56	125.62	106.37	88.33	23.87	76.23	51.81	9.02	0	0	0	15.07	6.27	118.03	137.17	176.77	689.81	453.31
10.5793	216.7	132.22	115.28	92.51	25.96	83.27	58.63	13.53	0	0	0	12.54	6.27	84.26	116.27	169.18	738.1	388.52
10.5893	222.75	136.62	119.68	98.89	25.96	95.04	68.09	15.73	0	0	0	10.01	6.27	55.44	87.67	156.53	782.76	315.92
10.5993	228.8	141.02	128.48	103.07	28.16	104.39	75.13	18.04	0	0	0	7.48	6.27	35.2	66.11	138.82	827.09	253.88
10.6093	234.85	145.42	132.88	107.36	30.36	113.85	82.28	22.55	0	0	0	0	4.18	22.66	54.45	108.02	869.55	189.31
10.6193	236.94	147.62	137.28	111.65	30.36	121	87.01	24.75	0	0	0	0	4.18	17.6	42.35	61.49	896.61	125.62
10.6293	238.92	152.02	141.68	117.81	30.36	130.57	94.05	27.06	0	0	0	0	0	12.54	32.23	30.69	932.47	75.46
10.6393	236.94	154.22	141.68	126.06	32.56	140.14	96.47	31.57	0	0	0	0	0	7.48	18.15	19.47	959.64	45.1
10.6493	232.87	154.22	139.48	132.33	32.56	149.71	101.2	33.77	0	0	0	0	0	7.48	10.01	8.36	976.14	25.85
10.6593	228.8	154.22	137.28	138.49	34.65	156.97	103.51	36.08	0	0	0	0	0	4.95	3.96	5.5	990	14.41
10.6693	222.75	152.02	135.08	144.76	34.65	166.54	108.24	38.28	0	0	0	0	0	0	3.96	5.5	1002.32	9.46
10.6793	214.61	149.82	130.68	150.92	36.85	171.16	113.08	40.59	0	0	0	0	0	0	0	0	1007.71	0
10.6893	206.58	145.42	126.28	157.08	36.85	178.09	117.59	42.79	0	0	0	0	0	0	0	0	1010.68	0
10.6993	198.44	138.82	119.68	159.17	36.85	182.71	122.1	45.1	0	0	0	0	0	0	0	0	1002.87	0
10.7093	188.32	132.22	115.28	163.35	39.05	187.22	126.61	47.3	0	0	0	0	0	0	0	0	999.35	0
10.7192	178.2	125.62	108.57	165.44	39.05	191.84	131.23	49.61	0	0	0	0	0	0	0	0	989.56	0
10.7292	170.06	116.82	101.86	167.53	41.25	194.15	135.74	49.61	0	0	0	0	0	0	0	0	977.02	0
10.7392	160.05	110.22	95.15	167.53	41.25	196.46	140.25	51.81	0	0	0	0	0	0	0	0	962.72	0
10.7492	150.15	102.19	88.55	169.62	41.25	198.66	144.76	51.81	0	0	0	0	0	0	0	0	946.99	0
10.7592	140.25	94.27	81.84	169.62	41.25	203.28	149.38	54.12	0	0	0	0	0	0	0	0	934.01	0
10.7692	130.24	88.33	75.13	171.71	43.34	205.59	151.58	54.12	0	0	0	0	0	0	0	0	920.04	0
10.7792	122.32	82.28	70.62	171.71	43.34	207.9	156.09	56.32	0	0	0	0	0	0	0	0	910.58	0
10.7892	114.4	74.36	64.02	171.71	43.34	212.41	160.71	58.63	0	0	0	0	0	0	0	0	899.58	0
10.7992	103.62	68.42	59.51	171.71	45.54	214.72	165.22	60.72	0	0	0	0	0	0	0	0	889.46	0
10.8092	94.93	62.48	53.13	171.71	45.54	214.72	167.53	62.92	0	0	0	0	0	0	0	0	872.96	0
10.8192	86.24	56.54	49.17	173.8	45.54	217.03	172.15	67.32	0	0	0	0	0	0	0	0	867.79	0
10.8292	77.55	50.82	45.21	173.8	45.54	219.34	176.77	69.41	0	0	0	0	0	0	0	0	858.44	0
10.8392	68.75	47.08	41.25	173.8	45.54	221.65	181.5	71.61	0	0	0	0	0	0	0	0	851.18	0
10.8492	62.26	41.36	37.29	173.8	47.74	221.65	186.12	73.81	0	0	0	0	0	0	0	0	844.03	0
10.8592	53.79	37.62	31.46	173.8	45.54	221.65	190.74	76.01	0	0	0	0	0	0	0	0	830.61	0
10.8692	47.52	33.88	27.5	173.8	47.74	221.65	197.78	78.21	0	0	0	0	0	0	0	0	828.08	0
10.8792	41.36	30.14	25.52	173.8	47.74	223.96	202.4	80.3	0	0	0	0	0	0	0	0	825.22	0
10.8892	37.18	28.16	23.54	171.71	45.54	223.96	207.02	82.5	0	0	0	0	0	0	0	0	819.61	0
10.8992	33.11	24.42	21.56	171.71	45.54	223.96	211.75	82.5	0	0	0	0	0	0	0	0	814.55	0
10.9092	31.02	22.55	19.58	169.62	45.54	223.96	216.37	84.7	0	0	0	0	0	0	0	0	813.34	0
10.9192	28.93	20.68	17.71	169.62	43.34	223.96	220.99	84.7	0	0	0	0	0	0	0	0	809.93	0
10.9292	26.84	18.81	15.73	167.53	43.34	223.96	223.41	84.7	0	0	0	0	0	0	0	0	804.32	0
10.9392	24.75	16.94	13.75	165.44	41.25	223.96	227.92	86.9	0	0	0	0	0	0	0	0	800.91	0
10.9492	20.68	15.07	11.77	161.26	41.25	223.96	232.54	86.9	0	0	0	0	0	0	0	0	793.43	0
10.9592	18.59	13.09	9.79	157.08	39.05	223.96	237.16	91.19	0	0	0	0	0	0	0	0	789.91	0
10.9692	16.5	11.22	7.81	150.92	36.85	223.96	243.98	93.39	6.82	0	0	0	0	0	0	0	784.63	6.82
10.9792	14.41	9.35	7.81	146.74	34.65	223.96	248.6	95.59	11.44	0	0	0	0	0	0	0	781.11	11.44
10.9892	12.32	7.48	5.83	138.49	32.56	223.96	255.53	97.79	15.95	0	0	0	0	0	0	0	773.96	15.95
10.9992	10.34	7.48	3.85	132.33	30.36	221.65	262.35	99.99	20.57	0	0	0	0	0	0	0	768.35	20.57
11.0092	10.34	7.48	3.85	121.99	25.96	219.34	269.28	102.08	25.08	0	0	0	0	0	0	0	760.32	25.08
11.0192	8.25	5.61	3.85	113.63	23.87	217.03	276.21	104.28	32.01	0	3.74	4.95	0	0	0	0	752.73	40.7
11.0292	8.25	5.61	3.85	103.07	21.67	214.72	280.72	108.68	38.83	6.27	7.59	10.01	0	0	0	0	746.57	62.7
11.0392	6.16	5.61	0	92.51	19.47	212.41	285.23	110.88	52.58	14.63	15.18	20.13	0	0	0	0	732.27	102.52
11.0492	6.16	5.61	0	81.95	17.27	205.59	289.85	113.08	85.8	25.08	26.51	30.14	6.27	7.48	6.05	0	719.51	187.33
11.0592	6.16	5.61	0	71.28	15.18	200.97	292.05	115.28	134.86	37.62	45.54	37.73	8.47	12.54	10.01	5.5	706.53	292.27
11.0692	4.07	5.61	0	60.72	12.98	194.15	294.36	115.28	159.94	45.98	57.2	40.26	12.65	17.6	16.06	5.5	687.17	355.19
11.0792	0	3.74	0	48.07	10.78	182.71	296.67	117.59	169.07	50.16	68.09	45.32	14.74	30.14	24.2	8.36	659.56	410.08
11.0892	0	3.74	0	37.62	10.78	168.96	296.67	117.59	178.42	54.34	78.98	47.85	16.94	40.26	30.25	11.11	635.36	458.15
11.0992	0	3.74	0	29.26	8.58	147.29	294.36	117.59	187.77	60.72	89.87	52.91	16.94	52.91	36.3	13.86	600.82	511.28
11.1092	0	3.74	0	22.99	8.58	123.42	285.23	117.59	197.12	64.9	100.76	55.44	16.94	65.12	40.37	16.72	561.55	557.37
11.1192	0	0	0	18.81	8.58	97.35	262.35	115.28	206.47	69.19	109.45	57.97	19.03	72.27	44.33	19.47	502.37	598.18
11.1292	0	0	0	16.72	6.49	69.19	223.41	110.88	218.13	73.48	120.67	62.92	21.12	81.84	48.4	25.08	426.69	651.64
11.1392	0	0	0	14.63	8.58	50.82	169.84	104.28	229.79	79.86	132.22	67.98	21.12	89.1	50.38	30.69	348.15	701.14
11.1492	0	0	0	10.45	8.58	35.97	115.28	99.99	239.03	84.04	139.15	70.4	21.12	96.25	54.45	36.19	270.27	740.63
11.1592	0	0	0	8.36	10.78	25.41	75.13	86.9	250.58	88.33	145.97	75.46	21.12	101.09	56.54	39.05	206.58	778.14
11.1692	0	0	0	6.27	10.78	19.03	51.81	69.41	259.82	92.51	152.9	80.41	23.21	108.24	56.54	41.8	157.3	815.43
11.1792	0	0	0	6.27	8.58	12.65	42.79	51.81	266.75	98.89	159.83	85.47	23.21	115.5	58.85	44.66	122.1	853.16
11.1892	0	0	0	4.18	6.49	10.56	33.77	29.26	273.68	103.18	162.14	92.95	23.21	120.56	58.85	50.16	84.26	884.73
11.1992	0	0	0	4.18	4.29	6.27	24.75	6.71	278.3	109.56	166.76	100.54	23.21	128.15	61.27	50.16	46.2	917.95
11.2092	0	0	0	0	0	6.27	18.04	0	280.72	113.85	166.76	105.49	23.21	133.21	61.27	53.02	24.31	937.53
11.2192	0	0	0	0	0	4.18	13.53	0	280.72	118.14	166.76	113.08	25.41	140.8	61.27	55.77	17.71	961.95
11.2292	0	0	0	0	0	4.18	11.22	0	280.72	120.34	166.76	120.45	25.41	145.75	61.27	55.77	15.4	976.47
11.2392	0	0	0	0	0	4.18	9.02	0	275.99	122.54	164.45	127.93	25.41	153.34	61.27	58.63	13.2	989.56
11.2492	0	0	0	0	0	0	6.71	0	269.06	124.63	159.83	135.41	25.41	158.4	61.27	58.63	6.71	992.64
11.2592	0	0	0	0	0	0	6.71	0	259.82	124.63	155.21	142.89	27.5	163.46	61.27	58.63	6.71	993.41
11.2692	0	0	0	0	0	0	4.51	0	250.58	122.54	148.28	147.84	27.5	168.52	61.27	61.49	4.51	988.02
11.2792	0	0	0	0	0	0	4.51	0	239.03	122.54	143.66	155.32	27.5	173.36	63.69	64.35	4.51	989.45
11.2892	0	0	0	0	0	0	0	0	227.48	120.34	136.84	162.8	27.5	178.09	61.27	64.35	0	978.67
11.2992	0	0	0	0	0	0	0	0	218.13	118.14	129.91	170.61	27.5	185.13	61.27	64.35	0	975.04
11.3092	0	0	0	0	0	0	0	0	208.78	118.14	122.98	181.17	29.59	187.44	61.27	67.32	0	976.69
11.3192	0	0	0	0	0	0	0	0	197.12	113.85	116.05	189.09	29.59	192.17	61.27	67.32	0	966.46
11.3292	0	0	0	0	0	0	0	0	187.77	109.56	109.45	197.12	29.59	196.9	61.27	67.32	0	958.98
11.3392	0	0	0	0	0	0	0	0	178.42	107.47	102.96	205.04	29.59	201.63	61.27	67.32	0	953.7
11.3492	0	0	0	0	0	0	0	0	169.07	103.18	98.56	212.96	29.59	206.36	61.27	70.18	0	951.17
11.3592	0	0	0	0	0	0	0	0	159.94	98.89	94.27	220.88	29.59	213.4	63.69	70.18	0	950.84
11.3692	0	0	0	0	0	0	0	0	153.12	96.8	89.87	228.69	29.59	218.13	63.69	70.18	0	950.07
11.3792	0	0	0	0	0	0	0	0	146.3	92.51	85.47	233.53	31.79	222.97	66.11	73.15	0	951.83
11.3892	0	0	0	0	0	0	0	0	141.68	90.42	83.38	240.79	29.59	227.81	66.11	73.15	0	952.93
11.3992	0	0	0	0	0	0	0	0	134.86	88.33	81.18	245.63	31.79	232.76	68.42	76.01	0	958.98
11.4092	0	0	0	0	0	0	0	0	130.35	84.04	78.98	250.47	31.79	240.13	70.84	76.01	0	962.61
11.4192	0	0	0	0	0	0	0	0	125.84	81.95	76.78	255.31	31.79	244.97	73.26	78.98	0	968.88
11.4292	0	0	0	0	0	0	0	0	121.22	77.66	72.49	260.15	31.79	252.34	75.68	78.98	0	970.31
11.4392	0	0	0	0	0	0	0	0	116.71	75.57	70.29	264.99	33.88	257.18	75.68	81.84	0	976.14
11.4492	0	0	0	0	0	0	0	0	112.09	73.48	68.09	269.83	33.88	264.55	78.1	84.81	0	984.83
11.4592	0	0	0	0	0	0	0	0	107.25	69.19	63.8	272.25	33.88	269.5	80.41	84.81	0	981.09
11.4692	0	0	0	0	0	0	0	0	100.1	67.1	61.6	277.09	33.88	276.76	80.41	87.67	0	984.61
11.4792	0	0	0	0	0	0	0	0	92.95	62.81	57.2	284.79	33.88	281.71	82.83	90.53	0	986.7
11.4892	0	0	0	0	0	0	0	0	88.22	58.63	51.26	287.32	33.88	286.55	85.25	93.5	0	984.61
11.4992	0	0	0	0	0	0	0	0	81.07	54.34	47.41	292.49	33.88	291.5	85.25	96.36	0	982.3
11.5092	0	0	0	0	0	0	0	0	71.5	50.16	41.8	295.02	33.88	296.34	87.67	96.36	0	972.73
11.5192	0	0	0	0	0	0	0	0	64.35	45.98	36.08	295.02	33.88	301.29	87.67	102.19	0	966.46
11.5292	0	0	0	0	0	0	0	0	54.89	39.71	32.23	295.02	35.97	303.71	92.4	105.16	0	959.09
11.5392	0	0	0	0	0	0	0	0	45.76	35.53	26.51	292.49	33.88	308.66	94.82	108.02	0	945.67
11.5492	0	0	0	0	0	0	0	0	36.52	29.26	20.9	289.85	33.88	313.5	99.66	110.99	0	934.56
11.5592	0	0	0	0	0	0	0	0	29.7	25.08	15.18	284.79	31.79	316.03	101.97	116.05	0	920.59
11.5692	0	0	0	0	0	0	0	0	25.08	20.9	13.2	274.67	31.79	318.45	104.39	118.58	0	907.06
11.5792	0	0	0	0	0	0	0	0	22.88	18.81	11.33	267.41	31.79	320.87	109.23	121.11	0	903.43
11.5892	0	0	0	0	0	0	0	0	18.26	14.63	9.46	257.73	29.59	323.4	111.65	126.17	0	890.89
11.5992	0	0	0	0	0	0	0	0	15.95	12.54	7.59	245.63	27.5	323.4	113.96	128.7	0	875.27
11.6092	4.07	0	0	0	0	0	0	0	15.95	10.45	5.61	235.95	25.41	323.4	116.27	131.23	4.07	864.27
11.6192	12.32	3.74	0	0	0	0	0	0	15.95	10.45	5.61	220.88	21.12	325.82	118.58	136.29	16.06	854.7
11.6292	20.68	7.48	3.85	4.18	0	0	0	0	13.64	8.36	3.74	207.68	19.03	325.82	118.58	138.82	36.19	835.67
11.6392	37.18	16.94	7.81	8.36	0	0	0	0	13.64	8.36	3.74	194.37	16.94	325.82	118.58	141.35	70.29	822.8
11.6492	79.64	32.01	17.71	12.54	0	0	0	0	11.44	8.36	3.74	178.53	14.74	325.82	120.89	143.88	141.9	807.4
11.6592	138.16	50.82	33.44	27.17	0	6.27	4.51	0	11.44	8.36	3.74	162.8	12.65	323.4	118.58	146.41	260.37	787.38
11.6692	166.1	64.46	45.21	33.44	4.29	10.56	6.71	0	11.44	6.27	0	142.89	10.56	323.4	120.89	151.47	330.77	766.92
11.6792	164.01	68.42	51.15	37.62	6.49	12.65	9.02	0	11.44	6.27	0	125.51	10.56	316.03	120.89	154	349.36	744.7
11.6892	160.05	72.38	55.11	43.89	10.78	16.94	13.53	0	9.13	6.27	0	102.96	8.47	308.66	123.2	156.53	372.68	715.22
11.6992	156.09	74.36	57.31	48.07	15.18	23.21	18.04	0	9.13	6.27	0	82.94	8.47	298.87	125.62	161.59	392.26	692.89
11.7092	158.07	80.3	61.71	52.25	15.18	31.79	24.75	0	6.82	4.18	0	65.45	6.27	284.13	125.62	166.76	424.05	659.23
11.7192	164.01	88.33	68.42	60.72	17.27	40.26	29.26	4.51	6.82	4.18	0	50.38	6.27	264.55	127.93	169.18	472.78	629.31
11.7292	174.13	96.25	75.13	67.1	17.27	50.82	33.77	4.51	4.51	4.18	0	40.26	6.27	242.55	130.24	171.71	518.98	599.72
11.7392	184.25	106.15	84.04	73.48	19.47	59.73	38.28	6.71	4.51	4.18	0	30.14	6.27	213.4	127.93	171.71	572.11	558.14
11.7492	196.46	116.82	90.75	79.75	21.67	66.77	42.79	9.02	0	0	0	25.19	6.27	178.09	123.2	169.18	624.03	501.93
11.7592	208.56	125.62	99.66	86.13	21.67	73.81	45.1	9.02	0	0	0	22.66	6.27	135.74	113.96	166.76	669.57	445.39
11.7692	218.68	134.42	108.57	92.51	23.87	80.85	49.61	11.22	0	0	0	17.6	6.27	96.25	99.66	161.59	719.73	381.37
11.7792	228.8	143.22	115.28	98.89	23.87	88	54.12	13.53	0	0	0	15.07	6.27	65.12	80.41	151.47	765.71	318.34
11.7892	238.92	152.02	124.08	103.07	25.96	95.04	58.63	13.53	0	0	0	12.54	6.27	40.26	63.69	136.29	811.25	259.05
11.7992	249.04	160.82	130.68	109.45	25.96	102.08	63.36	15.73	0	0	0	7.48	4.18	27.72	52.47	116.05	857.12	207.9
11.8092	259.16	169.51	137.28	115.72	25.96	111.43	65.67	18.04	0	0	0	4.95	4.18	17.6	44.33	78.98	902.77	150.04
11.8192	263.12	173.69	141.68	119.9	28.16	118.58	70.4	20.24	0	0	0	0	4.18	12.54	34.32	41.8	935.77	92.84
11.8292	267.19	179.85	143.88	126.06	30.36	125.73	70.4	22.55	0	0	0	0	0	10.01	24.2	25.08	966.02	59.29
11.8392	267.19	181.94	146.08	132.33	30.36	132.99	75.13	24.75	0	0	0	0	0	7.48	14.08	16.72	990.77	38.28
11.8492	267.19	186.12	148.28	138.49	30.36	137.72	77.55	27.06	0	0	0	4.95	0	4.95	8.03	8.36	1012.77	26.29
11.8592	265.21	188.21	148.28	146.74	32.56	144.98	79.86	27.06	0	0	0	0	0	4.95	0	5.5	1032.9	10.45
11.8692	261.14	188.21	146.08	150.92	32.56	152.13	82.28	29.26	0	0	0	0	0	0	0	5.5	1042.58	5.5
11.8792	255.09	186.12	141.68	157.08	32.56	156.97	84.59	31.57	0	0	0	0	0	0	0	0	1045.66	0
11.8892	249.04	184.03	139.48	163.35	32.56	161.7	84.59	31.57	0	0	0	0	0	0	0	0	1046.32	0
11.8992	240.9	179.85	135.08	167.53	34.65	166.54	87.01	31.57	0	0	0	0	0	0	0	0	1043.13	0
11.9092	232.87	173.69	128.48	171.71	34.65	168.96	89.32	33.77	0	0	0	0	0	0	0	0	1033.45	0
11.9192	222.75	169.51	124.08	176	34.65	173.47	91.74	33.77	0	0	0	0	0	0	0	0	1025.97	0
11.9292	214.61	163.02	119.68	180.18	36.85	175.78	94.05	33.77	0	0	0	0	0	0	0	0	1017.94	0
11.9392	206.58	156.42	113.08	182.38	36.85	178.09	96.47	36.08	0	0	0	0	0	0	0	0	1005.95	0
11.9492	196.46	149.82	108.57	186.56	36.85	180.4	98.78	33.77	0	0	0	0	0	0	0	0	991.21	0
11.9592	190.3	145.42	101.86	188.65	39.05	182.71	101.2	36.08	0	0	0	0	0	0	0	0	985.27	0
11.9692	182.27	138.82	97.46	192.94	39.05	184.91	103.51	36.08	0	0	0	0	0	0	0	0	975.04	0
11.9792	174.13	132.22	92.95	195.03	39.05	187.22	105.93	36.08	0	0	0	0	0	0	0	0	962.61	0
11.9892	168.08	125.62	90.75	197.23	41.25	191.84	108.24	38.28	0	0	0	0	0	0	0	0	961.29	0
11.9992	162.03	121.22	86.24	199.32	41.25	194.15	113.08	38.28	0	0	0	0	0	0	0	0	955.57	0
12.0092	156.09	116.82	84.04	199.32	41.25	196.46	115.28	40.59	0	0	0	0	0	0	0	0	949.85	0
12.0192	152.13	110.22	81.84	201.41	43.34	198.66	119.79	42.79	0	0	0	0	0	0	0	0	950.18	0
12.0292	146.19	106.15	79.53	201.41	41.25	203.28	122.1	42.79	0	0	0	0	0	0	0	0	942.7	0
12.0392	142.23	100.21	77.33	203.61	43.34	207.9	124.41	47.3	0	0	0	0	0	0	0	0	946.33	0
12.0492	136.18	96.25	75.13	203.61	43.34	210.21	128.92	49.61	0	0	0	0	0	0	0	0	943.25	0
12.0592	130.24	92.29	70.62	205.7	43.34	212.41	131.23	51.81	0	0	0	0	0	0	0	0	937.64	0
12.0692	124.3	86.35	68.42	207.79	45.54	214.72	135.74	54.12	0	0	0	0	0	0	0	0	936.98	0
12.0792	116.38	82.28	61.71	212.08	45.54	219.34	137.94	56.32	0	0	0	0	0	0	0	0	931.59	0
12.0892	108.02	76.34	57.31	214.17	47.74	219.34	142.56	58.63	0	0	0	0	0	0	0	0	924.11	0
12.0992	99.33	70.4	55.11	218.46	47.74	221.65	147.07	60.72	0	0	0	0	0	0	0	0	920.48	0
12.1092	90.53	64.46	49.17	220.55	49.94	223.96	149.38	62.92	0	0	0	0	0	0	0	0	910.91	0
12.1192	81.84	58.52	45.21	222.64	49.94	226.27	153.89	65.12	0	0	0	0	0	0	0	0	903.43	0
12.1292	73.15	52.69	39.27	224.84	49.94	228.47	158.4	69.41	0	0	0	0	0	0	0	0	896.17	0
12.1392	64.46	47.08	35.42	226.71	49.94	230.78	162.91	71.61	0	0	0	0	0	0	0	0	888.91	0
12.1491	55.88	41.36	31.46	228.58	49.94	230.78	165.22	73.81	0	0	0	4.95	0	0	0	0	877.03	4.95
12.1591	47.52	35.75	25.52	228.58	49.94	233.09	172.15	76.01	0	0	0	4.95	0	0	0	0	868.56	4.95
12.1691	39.27	32.01	23.54	226.71	49.94	233.09	176.77	80.3	9.13	0	0	4.95	0	0	0	0	861.63	14.08
12.1791	35.09	28.16	21.56	224.84	47.74	233.09	181.5	82.5	15.95	0	0	4.95	0	0	0	0	854.48	20.9
12.1891	31.02	26.29	17.71	220.55	47.74	233.09	186.12	84.7	22.88	0	0	4.95	0	0	0	0	847.22	27.83
12.1991	28.93	20.68	15.73	214.17	45.54	233.09	190.74	86.9	29.7	0	3.74	4.95	0	0	0	0	835.78	38.39
12.2091	24.75	18.81	11.77	205.7	43.34	233.09	197.78	89.1	34.32	4.18	5.61	7.48	0	0	0	0	824.34	51.59
12.2191	20.68	15.07	9.79	199.32	39.05	233.09	202.4	89.1	38.83	6.27	7.59	10.01	0	0	0	0	808.5	62.7
12.2291	16.5	11.22	7.81	188.65	36.85	230.78	207.02	91.19	45.76	10.45	13.2	17.6	4.18	0	0	0	790.02	91.19
12.2391	6.16	9.35	5.83	178.09	32.56	230.78	211.75	93.39	52.58	16.72	18.92	25.19	4.18	4.95	3.96	0	767.91	126.5
12.2491	12.32	9.35	3.85	165.44	30.36	228.47	216.37	95.59	76.23	22.99	28.49	30.14	10.56	10.01	8.03	0	761.75	186.45
12.2591	10.34	7.48	3.85	150.92	25.96	226.27	218.68	97.79	107.25	29.26	39.82	32.67	12.65	12.54	12.1	0	741.29	246.29
12.2691	8.25	7.48	3.85	134.31	21.67	221.65	220.99	99.99	125.84	35.53	49.39	37.73	14.74	17.6	20.13	5.5	718.19	306.46
12.2791	8.25	7.48	0	117.81	19.47	214.72	223.41	99.99	137.17	39.71	59.4	40.26	16.94	27.72	24.2	8.36	691.13	353.76
12.2891	6.16	5.61	0	98.89	15.18	207.9	225.61	102.08	143.99	43.89	68.09	42.79	16.94	40.26	32.23	11.11	661.43	399.3
12.2991	4.07	5.61	0	79.75	12.98	196.46	225.61	102.08	153.12	45.98	76.78	45.32	16.94	50.38	36.3	13.86	626.56	438.68
12.3091	0	5.61	0	60.72	10.78	182.71	225.61	104.28	159.94	48.07	85.47	47.85	19.03	57.97	42.35	19.47	589.71	480.15
12.3191	0	5.61	0	43.89	10.78	166.54	223.41	104.28	166.76	50.16	96.36	50.38	19.03	67.54	48.4	25.08	554.51	523.71
12.3291	0	3.74	0	33.44	8.58	142.56	214.06	102.08	173.69	52.25	105.05	52.91	21.12	77.11	52.47	33.44	504.46	568.04
12.3391	0	3.74	0	27.17	8.58	109.12	193.05	102.08	183.04	54.34	111.65	55.44	21.12	81.84	56.54	39.05	443.74	603.02
12.3491	0	0	0	22.99	8.58	83.27	160.71	99.99	192.39	58.63	120.67	57.97	21.12	89.1	58.85	47.41	375.54	646.14
12.3591	0	0	0	20.9	10.78	57.42	119.79	95.59	201.74	62.81	127.6	60.39	23.21	96.25	63.69	50.16	304.48	685.85
12.3691	0	0	0	16.72	10.78	40.26	77.55	89.1	211.09	67.1	134.53	65.45	23.21	101.09	66.11	55.77	234.41	724.35
12.3791	0	0	0	12.54	10.78	27.5	54.12	73.81	222.86	71.28	143.66	67.98	23.21	108.24	68.42	58.63	178.75	764.28
12.3891	0	0	0	10.45	8.58	19.03	42.79	58.63	234.41	75.57	150.59	72.93	25.41	115.5	70.84	61.49	139.48	806.74
12.3991	0	0	0	8.36	8.58	14.74	36.08	42.79	241.34	81.95	157.52	77.99	25.41	123.09	73.26	64.35	110.55	844.91
12.4091	0	0	0	6.27	6.49	10.56	29.26	20.24	245.96	86.13	159.83	82.94	25.41	130.68	73.26	67.32	72.82	871.53
12.4191	0	0	0	6.27	4.29	8.47	20.24	4.51	250.58	88.33	164.45	90.53	27.5	138.27	75.68	70.18	43.78	905.52
12.4291	0	0	0	4.18	0	6.27	15.73	0	250.58	92.51	164.45	98.01	27.5	145.75	75.68	73.15	26.18	927.63
12.4391	0	0	0	4.18	0	6.27	11.22	0	250.58	96.8	164.45	102.96	29.59	150.81	78.1	76.01	21.67	949.3
12.4491	0	0	0	0	0	4.18	9.02	0	248.27	96.8	162.14	110.55	29.59	158.4	78.1	78.98	13.2	962.83
12.4591	0	0	0	0	0	4.18	6.71	0	243.65	98.89	159.83	115.5	29.59	163.46	80.41	81.84	10.89	973.17
12.4691	0	0	0	0	0	4.18	4.51	0	236.72	98.89	157.52	120.45	29.59	171.05	80.41	81.84	8.69	976.47
12.4791	0	0	0	0	0	0	0	0	229.79	101.09	152.9	127.93	31.79	175.67	80.41	84.81	0	984.39
12.4891	0	0	0	0	0	0	0	0	222.86	98.89	148.28	132.88	31.79	182.82	82.83	84.81	0	985.16
12.4991	0	0	0	0	0	0	0	0	213.51	98.89	141.35	137.94	31.79	187.44	82.83	87.67	0	981.42
12.5091	0	0	0	0	0	0	0	0	206.47	98.89	136.84	142.89	31.79	192.17	82.83	87.67	0	979.55
12.5191	0	0	0	0	0	0	0	0	199.43	96.8	129.91	147.84	31.79	196.9	85.25	90.53	0	978.45
12.5291	0	0	0	0	0	0	0	0	190.08	94.71	125.29	152.79	33.88	201.63	87.67	90.53	0	976.58
12.5391	0	0	0	0	0	0	0	0	183.04	92.51	120.67	157.85	33.88	206.36	89.98	93.5	0	977.79
12.5491	0	0	0	0	0	0	0	0	176.11	90.42	113.85	162.8	33.88	211.09	92.4	93.5	0	974.05
12.5591	0	0	0	0	0	0	0	0	166.76	86.13	109.45	167.97	33.88	215.82	94.82	96.36	0	971.19
12.5691	0	0	0	0	0	0	0	0	157.63	84.04	105.05	173.25	35.97	220.55	97.24	96.36	0	970.09
12.5791	0	0	0	0	0	0	0	0	150.81	79.86	98.56	175.89	35.97	225.39	99.66	99.33	0	965.47
12.5891	0	0	0	0	0	0	0	0	143.99	77.66	94.27	181.17	38.06	232.76	101.97	102.19	0	972.07
12.5991	0	0	0	0	0	0	0	0	137.17	73.48	89.87	183.81	38.06	237.6	104.39	102.19	0	966.57
12.6091	0	0	0	0	0	0	0	0	130.35	71.28	85.47	189.09	38.06	242.55	109.23	105.16	0	971.19
12.6191	0	0	0	0	0	0	0	0	125.84	69.19	81.18	191.73	38.06	247.39	111.65	105.16	0	970.2
12.6291	0	0	0	0	0	0	0	0	119.02	64.9	76.78	194.37	38.06	252.34	111.65	108.02	0	965.14
12.6391	0	0	0	0	0	0	0	0	112.09	62.81	72.49	197.12	38.06	254.76	113.96	110.99	0	962.28
12.6491	0	0	0	0	0	0	0	0	104.94	58.63	70.29	199.76	40.26	259.71	116.27	110.99	0	960.85
12.6591	0	0	0	0	0	0	0	0	100.1	56.43	63.8	205.04	40.26	264.55	118.58	113.52	0	962.28
12.6691	0	0	0	0	0	0	0	0	92.95	52.25	59.4	207.68	40.26	269.5	120.89	113.52	0	956.45
12.6791	0	0	0	0	0	0	0	0	85.8	48.07	55.11	210.32	40.26	271.92	120.89	113.52	0	945.89
12.6891	0	0	0	0	0	0	0	0	78.65	45.98	49.39	212.96	40.26	276.76	123.2	116.05	0	943.25
12.6991	0	0	0	0	0	0	0	0	71.5	41.8	45.54	215.6	40.26	279.29	125.62	118.58	0	938.19
12.7091	0	0	0	0	0	0	0	0	64.35	37.62	39.82	218.24	40.26	281.71	127.93	118.58	0	928.51
12.7191	0	0	0	0	0	0	0	0	57.2	33.44	34.1	218.24	40.26	284.13	130.24	121.11	0	918.72
12.7291	0	0	0	0	0	0	0	0	50.27	31.35	30.36	218.24	40.26	286.55	132.55	123.64	0	913.22
12.7391	0	0	0	0	0	0	0	0	41.14	27.17	26.51	218.24	40.26	289.08	137.17	126.17	0	905.74
12.7491	0	0	0	0	0	0	0	0	34.32	22.99	22.77	215.6	40.26	291.5	141.9	128.7	0	898.04
12.7591	0	0	0	0	0	0	0	0	29.7	20.9	18.92	212.96	40.26	293.92	146.52	133.76	0	896.94
12.7691	0	0	0	0	0	0	0	0	25.08	18.81	15.18	210.32	38.06	296.34	148.83	136.29	0	888.91
12.7791	0	0	0	0	0	0	0	0	22.88	16.72	13.2	205.04	38.06	296.34	153.56	138.82	0	884.62
12.7891	0	0	0	0	0	0	0	0	18.26	14.63	11.33	199.76	38.06	298.87	158.18	143.88	0	882.97
12.7991	0	0	0	0	0	0	0	0	18.26	10.45	9.46	194.37	33.88	298.87	160.49	146.41	0	872.19
12.8091	4.07	0	0	0	0	0	0	0	15.95	8.36	7.59	186.45	31.79	301.29	162.8	148.94	4.07	863.17
12.8191	12.32	5.61	0	4.18	0	0	0	0	13.64	8.36	5.61	178.53	29.59	301.29	165.11	151.47	22.11	853.6
12.8291	22.77	11.22	5.83	6.27	0	0	0	0	13.64	8.36	5.61	167.97	27.5	301.29	167.53	156.53	46.09	848.43
12.8391	47.52	24.42	13.75	12.54	0	0	0	0	11.44	6.27	3.74	157.85	23.21	301.29	167.53	159.06	98.23	830.39
12.8491	97.13	45.21	29.48	31.35	6.49	10.56	9.02	0	11.44	6.27	3.74	147.84	21.12	301.29	167.53	159.06	229.24	818.29
12.8591	148.17	64.46	47.19	35.53	12.98	12.65	13.53	0	11.44	6.27	3.74	132.88	16.94	298.87	165.11	161.59	334.51	796.84
12.8691	154.11	68.42	51.15	37.62	15.18	12.65	15.73	0	11.44	6.27	3.74	120.45	12.65	296.34	162.8	166.76	354.86	780.45
12.8791	146.19	70.4	51.15	43.89	17.27	16.94	18.04	0	9.13	4.18	0	102.96	10.56	289.08	160.49	166.76	363.88	743.16
12.8891	142.23	72.38	53.13	48.07	19.47	25.41	24.75	0	9.13	4.18	0	88	8.47	281.71	158.18	169.18	385.44	718.85
12.8991	138.16	74.36	55.11	52.25	19.47	33.88	31.57	0	9.13	4.18	0	70.4	8.47	271.92	158.18	171.71	404.8	693.99
12.9091	140.25	80.3	59.51	58.63	19.47	42.35	36.08	4.51	6.82	4.18	0	55.44	6.27	254.76	155.87	174.24	441.1	657.58
12.9191	148.17	88.33	66.22	65.01	21.67	52.91	40.59	6.71	6.82	4.18	0	40.26	6.27	235.18	155.87	174.24	489.61	622.82
12.9291	160.05	98.23	72.93	73.48	21.67	62.15	45.1	9.02	4.51	0	0	30.14	6.27	211.09	155.87	174.24	542.63	582.12
12.9391	170.06	106.15	81.84	81.95	23.87	69.19	49.61	11.22	4.51	0	0	25.19	6.27	182.82	153.56	174.24	593.89	546.59
12.9491	182.27	114.62	88.55	86.13	23.87	78.54	56.32	13.53	0	0	0	17.6	6.27	143.22	144.21	169.18	643.83	480.48
12.9591	190.3	123.42	95.15	92.51	25.96	85.58	60.94	15.73	0	0	0	15.07	6.27	105.82	132.55	166.76	689.59	426.47
12.9691	196.46	127.82	101.86	96.8	28.16	92.62	65.67	18.04	0	0	0	12.54	4.18	77.11	106.81	159.06	727.43	359.7
12.9791	204.49	134.42	106.37	100.98	28.16	97.35	70.4	22.55	0	0	0	10.01	6.27	52.91	80.41	146.41	764.72	296.01
12.9891	212.63	143.22	113.08	107.36	30.36	104.39	77.55	24.75	0	0	0	4.95	4.18	32.67	61.27	131.23	813.34	234.3
12.9991	220.77	147.62	117.48	111.65	30.36	109.12	79.86	27.06	0	0	0	0	4.18	22.66	50.38	108.02	843.92	185.24
13.0091	224.84	154.22	121.88	117.81	32.56	116.16	84.59	29.26	0	0	0	0	0	15.07	40.37	70.18	881.32	125.62
13.0191	226.82	158.62	124.08	123.97	32.56	123.42	89.32	31.57	0	0	0	0	0	12.54	30.25	33.44	910.36	76.23
13.0291	228.8	160.82	126.28	130.24	34.65	128.15	94.05	36.08	0	0	0	0	0	10.01	18.15	22.33	939.07	50.49
13.0391	228.8	163.02	128.48	134.31	34.65	135.41	98.78	38.28	0	0	0	0	0	7.48	10.01	13.86	961.73	31.35
13.0491	226.82	163.02	128.48	140.58	36.85	140.14	103.51	40.59	0	0	0	0	0	4.95	3.96	8.36	979.99	17.27
13.0591	224.84	160.82	128.48	144.76	39.05	147.29	110.66	42.79	0	0	0	0	0	4.95	0	5.5	998.69	10.45
13.0691	220.77	158.62	126.28	146.74	39.05	152.13	115.28	45.1	0	0	0	0	0	0	0	5.5	1003.97	5.5
13.0791	216.7	154.22	124.08	148.83	41.25	154.55	119.79	45.1	0	0	0	0	0	0	0	0	1004.52	0
13.0891	208.56	149.82	121.88	150.92	41.25	159.28	124.41	47.3	0	0	0	0	0	0	0	0	1003.42	0
13.0991	202.51	145.42	117.48	150.92	43.34	164.12	128.92	49.61	0	0	0	0	0	0	0	0	1002.32	0
13.1091	196.46	138.82	113.08	153.01	43.34	166.54	131.23	51.81	0	0	0	0	0	0	0	0	994.29	0
13.1191	188.32	132.22	108.57	153.01	43.34	171.16	135.74	54.12	0	0	0	0	0	0	0	0	986.48	0
13.1291	178.2	125.62	104.06	155.1	43.34	173.47	140.25	56.32	0	0	0	0	0	0	0	0	976.36	0
13.1391	170.06	121.22	99.66	157.08	45.54	178.09	142.56	56.32	0	0	0	0	0	0	0	0	970.53	0
13.1491	162.03	112.42	92.95	159.17	45.54	180.4	147.07	58.63	0	0	0	0	0	0	0	0	958.21	0
13.1591	154.11	108.13	88.55	159.17	45.54	184.91	149.38	60.72	0	0	0	0	0	0	0	0	950.51	0
13.1691	146.19	102.19	81.84	161.26	47.74	187.22	153.89	65.12	0	0	0	0	0	0	0	0	945.45	0
13.1791	140.25	96.25	77.33	163.35	47.74	189.53	156.09	67.32	0	0	0	0	0	0	0	0	937.86	0
13.1891	132.22	92.29	72.93	165.44	47.74	194.15	160.71	69.41	0	0	0	0	0	0	0	0	934.89	0
13.1991	126.28	88.33	70.62	165.44	49.94	196.46	165.22	71.61	0	0	0	0	0	0	0	0	933.9	0
13.2091	120.34	82.28	66.22	167.53	49.94	198.66	167.53	73.81	0	0	0	0	0	0	0	0	926.31	0
13.2191	114.4	78.32	61.71	167.53	49.94	200.97	172.15	76.01	0	0	0	0	0	0	0	0	921.03	0
13.2291	105.82	72.38	57.31	169.62	52.03	203.28	176.77	78.21	0	0	0	0	0	0	0	0	915.42	0
13.2391	99.33	68.42	53.13	171.71	52.03	205.59	179.08	80.3	0	0	0	0	0	0	0	0	909.59	0
13.2491	90.53	62.48	51.15	171.71	52.03	207.9	183.81	82.5	0	0	0	0	0	0	0	0	902.11	0
13.2591	84.04	58.52	45.21	173.8	52.03	210.21	186.12	82.5	0	0	0	0	0	0	0	0	892.43	0
13.2691	75.35	52.69	43.23	176	54.23	210.21	188.43	84.7	0	0	0	0	0	0	0	0	884.84	0
13.2791	68.75	48.95	39.27	178.09	54.23	210.21	190.74	84.7	0	0	0	0	0	0	0	0	874.94	0
13.2891	62.26	45.21	35.42	178.09	54.23	212.41	195.47	84.7	0	0	0	0	0	0	0	0	867.79	0
13.2991	55.88	41.36	31.46	180.18	54.23	212.41	197.78	86.9	0	0	0	0	0	0	0	0	860.2	0
13.3091	49.61	35.75	29.48	180.18	54.23	212.41	202.4	89.1	0	0	0	7.48	0	7.48	3.96	0	853.16	18.92
13.3191	43.45	33.88	25.52	180.18	54.23	214.72	207.02	89.1	0	0	0	12.54	0	7.48	3.96	0	848.1	23.98
13.3291	37.18	28.16	23.54	180.18	54.23	214.72	211.75	91.19	0	0	0	12.54	0	4.95	3.96	0	840.95	21.45
13.3391	35.09	26.29	21.56	178.09	52.03	212.41	216.37	91.19	0	0	0	15.07	0	4.95	3.96	0	833.03	23.98
13.3491	31.02	22.55	17.71	173.8	52.03	212.41	220.99	93.39	0	0	0	15.07	0	4.95	3.96	0	823.9	23.98
13.3591	26.84	20.68	15.73	169.62	49.94	212.41	225.61	95.59	0	0	0	15.07	0	4.95	3.96	0	816.42	23.98
13.3691	24.75	18.81	13.75	165.44	47.74	212.41	232.54	95.59	15.95	0	3.74	17.6	0	4.95	3.96	0	811.03	46.2
13.3791	20.68	15.07	11.77	159.17	45.54	210.21	237.16	97.79	27.39	4.18	7.59	20.13	0	4.95	3.96	0	797.39	68.2
13.3891	18.59	13.09	9.79	153.01	43.34	207.9	241.78	99.99	34.32	8.36	11.33	22.66	4.18	7.48	3.96	0	787.49	92.29
13.3991	16.5	11.22	7.81	146.74	41.25	207.9	246.29	102.08	41.14	12.54	17.05	27.72	6.27	10.01	6.05	0	779.79	120.78
13.4091	12.32	9.35	5.83	138.49	39.05	205.59	253.22	104.28	47.96	14.63	20.9	30.14	8.47	12.54	12.1	0	768.13	146.74
13.4191	10.34	7.48	5.83	128.15	34.65	203.28	257.84	106.48	52.58	18.81	26.51	32.67	12.65	22.66	20.13	5.5	754.05	191.51
13.4291	10.34	7.48	3.85	117.81	32.56	200.97	262.35	108.68	64.35	20.9	32.23	35.2	16.94	27.72	26.18	11.11	744.04	234.63
13.4391	8.25	7.48	3.85	105.27	28.16	196.46	264.66	110.88	83.38	27.17	41.8	42.79	19.03	35.2	32.23	13.86	725.01	295.46
13.4491	8.25	5.61	3.85	90.42	23.87	191.84	266.97	113.08	104.94	33.44	53.13	47.85	19.03	52.91	40.37	16.72	703.89	368.39
13.4591	6.16	5.61	0	77.66	19.47	182.71	269.28	113.08	121.22	39.71	65.89	50.38	19.03	67.54	48.4	22.33	673.97	434.5
13.4691	4.07	5.61	0	62.81	17.27	173.47	269.28	115.28	125.84	41.8	74.69	50.38	19.03	77.11	52.47	27.83	647.79	469.15
13.4791	4.07	5.61	0	48.07	15.18	159.28	269.28	115.28	130.35	41.8	81.18	52.91	21.12	84.26	58.85	39.05	616.77	509.52
13.4891	0	3.74	0	35.53	12.98	142.56	264.66	115.28	139.48	45.98	89.87	55.44	21.12	91.41	63.69	44.66	574.75	551.65
13.4991	0	3.74	0	27.17	10.78	123.42	255.53	115.28	143.99	45.98	96.36	55.44	21.12	98.67	70.84	50.16	535.92	582.56
13.5091	0	3.74	0	22.99	10.78	99.66	237.16	113.08	150.81	50.16	102.96	60.39	23.21	105.82	73.26	58.63	487.41	625.24
13.5191	0	3.74	0	18.81	8.58	73.81	204.71	108.68	157.63	52.25	109.45	62.92	23.21	113.08	78.1	61.49	418.33	658.13
13.5291	0	0	0	14.63	10.78	52.91	158.4	102.08	166.76	56.43	116.05	65.45	25.41	120.56	78.1	64.35	338.8	693.11
13.5391	0	0	0	12.54	10.78	38.06	108.24	93.39	173.69	60.72	120.67	70.4	25.41	128.15	80.41	70.18	263.01	729.63
13.5491	0	0	0	10.45	10.78	27.5	70.4	80.3	180.73	64.9	125.29	75.46	25.41	135.74	82.83	73.15	199.43	763.51
13.5591	0	0	0	8.36	8.58	19.03	49.61	60.72	190.08	69.19	129.91	82.94	27.5	143.22	82.83	76.01	146.3	801.68
13.5691	0	0	0	6.27	8.58	14.74	38.28	45.1	194.81	75.57	136.84	88	27.5	150.81	85.25	78.98	112.97	837.76
13.5790	0	0	0	6.27	6.49	10.56	31.57	29.26	201.74	79.86	139.15	95.48	29.59	158.4	85.25	81.84	84.15	871.31
13.5890	0	0	0	4.18	4.29	8.47	24.75	9.02	204.16	81.95	141.35	100.54	29.59	165.99	87.67	84.81	50.71	896.06
13.5990	0	0	0	4.18	4.29	6.27	15.73	0	208.78	86.13	143.66	105.49	29.59	171.05	87.67	84.81	30.47	917.18
13.6090	0	0	0	0	0	6.27	13.53	0	208.78	88.33	145.97	110.55	29.59	175.67	89.98	87.67	19.8	936.54
13.6190	0	0	0	0	0	4.18	11.22	0	208.78	88.33	145.97	115.5	31.79	178.09	92.4	90.53	15.4	951.39
13.6290	0	0	0	0	0	4.18	9.02	0	208.78	90.42	145.97	118.03	31.79	182.82	94.82	93.5	13.2	966.13
13.6390	0	0	0	0	0	4.18	6.71	0	204.16	90.42	143.66	118.03	31.79	187.44	97.24	93.5	10.89	966.24
13.6490	0	0	0	0	0	4.18	4.51	0	199.43	88.33	143.66	120.45	33.88	189.86	99.66	96.36	8.69	971.63
13.6590	0	0	0	0	0	0	4.51	0	194.81	86.13	139.15	122.98	33.88	194.59	101.97	96.36	4.51	969.87
13.6690	0	0	0	0	0	0	0	0	190.08	86.13	136.84	125.51	33.88	196.9	104.39	99.33	0	973.06
13.6790	0	0	0	0	0	0	0	0	185.46	84.04	132.22	127.93	33.88	201.63	106.81	102.19	0	974.16
13.6890	0	0	0	0	0	0	0	0	180.73	81.95	129.91	132.88	35.97	203.94	109.23	102.19	0	976.8
13.6990	0	0	0	0	0	0	0	0	173.69	81.95	122.98	135.41	35.97	208.67	109.23	102.19	0	970.09
13.7090	0	0	0	0	0	0	0	0	166.76	79.86	118.36	137.94	35.97	213.4	111.65	105.16	0	969.1
13.7190	0	0	0	0	0	0	0	0	162.14	77.66	113.85	142.89	35.97	215.82	111.65	105.16	0	965.14
13.7290	0	0	0	0	0	0	0	0	155.32	77.66	107.25	147.84	35.97	220.55	111.65	105.16	0	961.4
13.7390	0	0	0	0	0	0	0	0	148.5	75.57	102.96	152.79	38.06	225.39	111.65	108.02	0	962.94
13.7490	0	0	0	0	0	0	0	0	139.48	73.48	96.36	157.85	38.06	230.34	111.65	108.02	0	955.24
13.7590	0	0	0	0	0	0	0	0	134.86	69.19	92.07	160.27	38.06	235.18	113.96	108.02	0	951.61
13.7690	0	0	0	0	0	0	0	0	128.04	67.1	87.67	165.33	38.06	240.13	113.96	110.99	0	951.28
13.7790	0	0	0	0	0	0	0	0	121.22	64.9	81.18	167.97	38.06	244.97	116.27	110.99	0	945.56
13.7890	0	0	0	0	0	0	0	0	114.51	60.72	76.78	173.25	38.06	249.92	120.89	110.99	0	945.12
13.7990	0	0	0	0	0	0	0	0	109.67	58.63	74.69	175.89	40.26	252.34	120.89	113.52	0	945.89
13.8090	0	0	0	0	0	0	0	0	102.52	56.43	70.29	178.53	38.06	257.18	123.2	113.52	0	939.73
13.8190	0	0	0	0	0	0	0	0	97.79	54.34	65.89	181.17	40.26	262.13	125.62	116.05	0	943.25
13.8290	0	0	0	0	0	0	0	0	92.95	52.25	61.6	186.45	40.26	266.97	127.93	116.05	0	944.46
13.8390	0	0	0	0	0	0	0	0	85.8	48.07	57.2	189.09	40.26	271.92	130.24	118.58	0	941.16
13.8490	0	0	0	0	0	0	0	0	81.07	45.98	51.26	194.37	40.26	276.76	132.55	118.58	0	940.83
13.8590	0	0	0	0	0	0	0	0	73.81	43.89	47.41	197.12	42.35	279.29	134.86	121.11	0	939.84
13.8690	0	0	0	0	0	0	0	0	66.66	39.71	43.67	199.76	42.35	284.13	139.59	123.64	0	939.51
13.8790	0	0	0	0	0	0	0	0	61.93	35.53	39.82	202.4	42.35	289.08	141.9	126.17	0	939.18
13.8890	0	0	0	0	0	0	0	0	54.89	33.44	36.08	205.04	42.35	291.5	146.52	128.7	0	938.52
13.8990	0	0	0	0	0	0	0	0	47.96	29.26	32.23	207.68	42.35	293.92	151.14	131.23	0	935.77
13.9090	0	0	0	0	0	0	0	0	41.14	27.17	28.49	207.68	42.35	298.87	155.87	133.76	0	935.33
13.9190	0	0	0	0	0	0	0	0	36.52	22.99	24.64	205.04	42.35	298.87	158.18	136.29	0	924.88
13.9290	0	0	0	0	0	0	0	0	29.7	20.9	20.9	205.04	42.35	301.29	162.8	138.82	0	921.8
13.9390	0	0	0	0	0	0	0	0	25.08	18.81	17.05	202.4	40.26	303.71	167.53	143.88	0	918.72
13.9490	0	0	0	0	0	0	0	0	22.88	16.72	13.2	199.76	40.26	303.71	169.95	146.41	0	912.89
13.9590	0	0	0	0	0	0	0	0	20.57	14.63	11.33	194.37	40.26	306.24	174.79	148.94	0	911.13
13.9690	4.07	0	0	0	0	0	0	0	18.26	12.54	9.46	189.09	38.06	306.24	177.21	154	4.07	904.86
13.9790	8.25	0	0	0	0	0	0	0	15.95	8.36	7.59	181.17	35.97	306.24	179.63	156.53	8.25	891.44
13.9890	14.41	3.74	0	0	0	0	0	0	13.64	8.36	5.61	173.25	31.79	306.24	182.16	156.53	18.15	877.58
13.9990	22.77	7.48	3.85	0	0	0	0	0	11.44	6.27	5.61	162.8	29.59	306.24	182.16	159.06	34.1	863.17
14.0090	43.45	15.07	9.79	6.27	0	0	0	0	11.44	6.27	5.61	152.79	25.41	306.24	182.16	161.59	74.58	851.51
14.0190	79.64	24.42	19.58	10.45	0	0	4.51	0	11.44	6.27	3.74	140.36	21.12	303.71	182.16	161.59	138.6	830.39
14.0290	116.38	33.88	31.46	25.08	4.29	6.27	9.02	0	11.44	6.27	3.74	127.93	19.03	301.29	182.16	164.12	226.38	815.98
14.0390	140.25	43.34	39.27	29.26	10.78	10.56	13.53	0	9.13	6.27	3.74	113.08	14.74	296.34	179.63	166.76	286.99	789.69
14.0490	144.21	47.08	45.21	29.26	10.78	12.65	15.73	0	9.13	4.18	0	98.01	12.65	291.5	179.63	169.18	304.92	764.28
14.0590	144.21	50.82	49.17	33.44	15.18	16.94	22.55	0	9.13	4.18	0	80.41	10.56	284.13	179.63	169.18	332.31	737.22
14.0690	146.19	56.54	55.11	37.62	15.18	21.12	27.06	0	6.82	4.18	0	65.45	8.47	271.92	177.21	174.24	358.82	708.29
14.0790	152.13	60.5	59.51	41.8	15.18	27.5	33.77	0	6.82	4.18	0	52.91	8.47	257.18	177.21	176.77	390.39	683.54
14.0890	164.01	68.42	68.42	45.98	15.18	35.97	38.28	4.51	6.82	4.18	0	37.73	6.27	237.6	179.63	176.77	440.77	649
14.0990	178.2	76.34	79.53	52.25	17.27	44.44	42.79	6.71	4.51	0	0	27.72	6.27	215.82	179.63	179.19	497.53	613.14
14.1090	192.39	84.37	88.55	56.54	17.27	52.91	47.3	9.02	4.51	0	0	22.66	6.27	185.13	179.63	179.19	548.35	577.39
14.1190	206.58	92.29	97.46	60.72	17.27	59.73	49.61	11.22	0	0	0	17.6	6.27	148.28	172.37	176.77	594.88	521.29
14.1290	218.68	100.21	104.06	67.1	19.47	66.77	54.12	11.22	0	0	0	12.54	6.27	113.08	160.49	174.24	641.63	466.62
14.1390	226.82	108.13	110.77	71.28	19.47	73.81	58.63	13.53	0	0	0	10.01	4.18	84.26	137.17	166.76	682.44	402.38
14.1490	234.85	114.62	117.48	75.57	19.47	80.85	60.94	18.04	0	0	0	7.48	4.18	60.28	109.23	156.53	721.82	337.7
14.1590	244.97	123.42	124.08	81.95	21.67	88	65.67	20.24	0	0	0	4.95	6.27	40.26	78.1	146.41	770	275.99
14.1690	255.09	132.22	130.68	88.33	23.87	95.04	68.09	20.24	0	0	0	0	4.18	25.19	61.27	128.7	813.56	219.34
14.1790	263.12	141.02	137.28	94.6	23.87	102.08	70.4	22.55	0	0	0	0	4.18	20.13	48.4	96.36	854.92	169.07
14.1890	267.19	147.62	139.48	103.07	23.87	109.12	72.82	27.06	0	0	0	0	0	15.07	38.28	53.02	890.23	106.37
14.1990	269.17	154.22	141.68	111.65	23.87	118.58	75.13	29.26	0	0	0	0	0	10.01	26.18	27.83	923.56	64.02
14.2090	269.17	158.62	141.68	117.81	25.96	125.73	77.55	31.57	0	0	0	0	0	7.48	14.08	19.47	948.09	41.03
14.2190	267.19	160.82	143.88	123.97	28.16	132.99	82.28	33.77	0	0	0	0	0	4.95	6.05	11.11	973.06	22.11
14.2290	265.21	163.02	141.68	132.33	28.16	140.14	87.01	36.08	0	0	0	0	0	4.95	0	8.36	993.63	13.31
14.2390	259.16	160.82	141.68	136.4	30.36	147.29	91.74	38.28	0	0	0	0	0	0	0	5.5	1005.73	5.5
14.2490	255.09	158.62	139.48	140.58	30.36	152.13	94.05	40.59	0	0	0	0	0	0	0	5.5	1010.9	5.5
14.2590	246.95	156.42	137.28	144.76	30.36	156.97	98.78	42.79	0	0	0	0	0	0	0	0	1014.31	0
14.2690	240.9	154.22	132.88	146.74	32.56	161.7	103.51	45.1	0	0	0	0	0	0	0	0	1017.61	0
14.2790	232.87	147.62	130.68	150.92	32.56	166.54	108.24	47.3	0	0	0	0	0	0	0	0	1016.73	0
14.2890	222.75	143.22	126.28	153.01	34.65	171.16	113.08	49.61	0	0	0	0	0	0	0	0	1013.76	0
14.2990	212.63	136.62	119.68	155.1	34.65	173.47	115.28	49.61	0	0	0	0	0	0	0	0	997.04	0
14.3090	202.51	130.02	115.28	157.08	34.65	175.78	119.79	51.81	0	0	0	0	0	0	0	0	986.92	0
14.3190	194.37	125.62	110.77	159.17	36.85	178.09	122.1	54.12	0	0	0	0	0	0	0	0	981.09	0
14.3290	186.34	119.02	104.06	161.26	36.85	180.4	124.41	54.12	0	0	0	0	0	0	0	0	966.46	0
14.3390	178.2	112.42	101.86	161.26	36.85	184.91	126.61	56.32	0	0	0	0	0	0	0	0	958.43	0
14.3490	170.06	108.13	97.46	161.26	39.05	184.91	128.92	56.32	0	0	0	0	0	0	0	0	946.11	0
14.3590	164.01	102.19	92.95	163.35	39.05	187.22	133.43	58.63	0	0	0	0	0	0	0	0	940.83	0
14.3690	156.09	98.23	88.55	165.44	39.05	189.53	137.94	60.72	0	0	0	0	0	0	0	0	935.55	0
14.3790	150.15	94.27	84.04	165.44	41.25	191.84	140.25	62.92	0	0	0	0	0	0	0	0	930.16	0
14.3890	144.21	90.31	81.84	165.44	41.25	194.15	144.76	65.12	0	0	0	0	0	0	0	0	927.08	0
14.3990	138.16	84.37	77.33	167.53	41.25	196.46	147.07	67.32	0	0	0	0	0	0	0	0	919.49	0
14.4090	130.24	80.3	72.93	169.62	43.34	198.66	151.58	69.41	0	0	0	0	0	0	0	0	916.08	0
14.4190	124.3	76.34	70.62	169.62	43.34	200.97	156.09	71.61	0	0	0	0	0	0	0	0	912.89	0
14.4290	118.36	72.38	66.22	171.71	43.34	203.28	160.71	73.81	0	0	0	0	0	0	0	0	909.81	0
14.4390	112.42	66.44	61.71	171.71	45.54	205.59	165.22	76.01	0	0	0	0	0	0	0	0	904.64	0
14.4490	103.62	62.48	59.51	173.8	45.54	207.9	167.53	78.21	0	0	0	0	0	0	0	0	898.59	0
14.4590	97.13	58.52	55.11	176	47.74	207.9	172.15	80.3	0	0	0	0	0	0	0	0	894.85	0
14.4690	90.53	54.56	53.13	178.09	49.94	210.21	174.46	82.5	0	0	0	0	0	0	0	0	893.42	0
14.4790	81.84	50.82	49.17	180.18	49.94	212.41	179.08	84.7	0	0	0	0	0	0	0	0	888.14	0
14.4890	75.35	47.08	45.21	180.18	49.94	212.41	183.81	84.7	0	0	0	0	0	0	0	0	878.68	0
14.4990	66.66	43.34	43.23	182.38	52.03	214.72	188.43	86.9	0	0	0	0	0	0	0	0	877.69	0
14.5090	60.06	39.49	37.29	182.38	52.03	214.72	193.05	89.1	0	0	0	0	0	0	0	0	868.12	0
14.5190	51.7	35.75	33.44	184.47	52.03	217.03	197.78	89.1	0	0	0	0	0	0	0	0	861.3	0
14.5290	45.54	32.01	29.48	184.47	52.03	217.03	202.4	91.19	0	0	0	0	0	0	0	0	854.15	0
14.5390	39.27	28.16	25.52	184.47	52.03	217.03	207.02	93.39	0	0	0	0	0	0	0	0	846.89	0
14.5490	35.09	26.29	21.56	180.18	49.94	217.03	214.06	93.39	4.51	0	0	0	0	0	0	0	837.54	4.51
14.5590	31.02	22.55	19.58	178.09	47.74	217.03	220.99	95.59	9.13	0	0	0	0	0	0	0	832.59	9.13
14.5690	28.93	20.68	17.71	171.71	47.74	214.72	227.92	97.79	13.64	0	0	0	0	0	0	0	827.2	13.64
14.5790	24.75	16.94	13.75	167.53	45.54	214.72	234.85	99.99	15.95	0	0	0	0	0	0	0	818.07	15.95
14.5890	22.77	15.07	11.77	159.17	41.25	212.41	243.98	102.08	20.57	0	0	0	0	0	0	0	808.5	20.57
14.5990	18.59	11.22	9.79	150.92	39.05	212.41	248.6	104.28	27.39	0	0	0	0	0	0	0	794.86	27.39
14.6090	16.5	9.35	7.81	142.67	34.65	210.21	257.84	106.48	36.52	0	0	0	0	0	0	0	785.51	36.52
14.6190	12.32	9.35	5.83	132.33	30.36	207.9	264.66	110.88	50.27	4.18	7.59	0	0	0	0	0	773.63	62.04
14.6290	12.32	7.48	3.85	119.9	28.16	205.59	271.59	113.08	76.23	12.54	18.92	10.01	0	0	0	0	761.97	117.7
14.6390	10.34	7.48	3.85	107.36	23.87	200.97	276.21	115.28	121.22	22.99	34.1	22.66	4.18	4.95	3.96	0	745.36	214.06
14.6490	8.25	5.61	3.85	92.51	19.47	194.15	283.03	119.9	164.45	35.53	51.26	30.14	8.47	7.48	10.01	0	726.77	307.34
14.6590	8.25	5.61	3.85	75.57	17.27	187.22	287.54	124.52	173.69	39.71	63.8	32.67	10.56	10.01	12.1	0	709.83	342.54
14.6690	6.16	5.61	0	60.72	12.98	178.09	294.36	126.83	171.38	41.8	72.49	35.2	12.65	15.07	20.13	0	684.75	368.72
14.6790	4.07	5.61	0	45.98	10.78	166.54	303.38	129.03	180.73	43.89	83.38	37.73	14.74	20.13	26.18	8.36	665.39	415.14
14.6890	4.07	5.61	0	33.44	10.78	149.71	305.69	131.34	185.46	45.98	89.87	37.73	16.94	25.19	34.32	11.11	640.64	446.6
14.6990	0	3.74	0	25.08	8.58	130.57	301.18	133.65	192.39	48.07	100.76	40.26	16.94	32.67	40.37	13.86	602.8	485.32
14.7090	0	3.74	0	20.9	6.49	104.39	287.54	131.34	201.74	52.25	109.45	40.26	19.03	37.73	44.33	13.86	554.4	518.65
14.7190	0	3.74	0	16.72	6.49	80.85	262.35	129.03	211.09	54.34	118.36	42.79	19.03	45.32	46.42	16.72	499.18	554.07
14.7290	0	0	0	12.54	6.49	59.73	223.41	122.21	222.86	58.63	127.6	45.32	19.03	50.38	50.38	19.47	424.38	593.67
14.7390	0	0	0	10.45	8.58	44.44	172.15	115.28	234.41	62.81	136.84	47.85	19.03	55.44	52.47	22.33	350.9	631.18
14.7490	0	0	0	8.36	8.58	35.97	119.79	108.68	248.27	67.1	143.66	50.38	21.12	60.28	52.47	22.33	281.38	665.61
14.7590	0	0	0	6.27	10.78	27.5	79.86	99.99	257.51	71.28	150.59	52.91	21.12	65.12	54.45	25.08	224.4	698.06
14.7690	0	0	0	4.18	10.78	19.03	56.32	82.5	269.06	75.57	157.52	57.97	21.12	72.27	56.54	27.83	172.81	737.88
14.7790	0	0	0	4.18	8.58	12.65	45.1	67.32	278.3	81.95	164.45	62.92	23.21	79.53	58.85	33.44	137.83	782.65
14.7890	0	0	0	0	6.49	10.56	36.08	45.1	285.45	88.33	171.38	67.98	23.21	86.68	58.85	36.19	98.23	818.07
14.7990	0	0	0	4.18	4.29	8.47	27.06	18.04	292.71	92.51	176.11	72.93	23.21	91.41	61.27	39.05	62.04	849.2
14.8090	0	0	0	0	0	6.27	20.24	4.51	295.13	96.8	178.42	77.99	23.21	98.67	61.27	44.66	31.02	876.15
14.8190	0	0	0	0	0	4.18	13.53	0	297.55	98.89	183.04	82.94	25.41	105.82	63.69	47.41	17.71	904.75
14.8290	0	0	0	0	0	4.18	11.22	0	297.55	101.09	185.46	85.47	25.41	110.66	66.11	53.02	15.4	924.77
14.8390	0	0	0	0	0	4.18	6.71	0	295.13	103.18	185.46	90.53	25.41	115.5	68.42	53.02	10.89	936.65
14.8490	0	0	0	0	0	0	4.51	0	290.29	103.18	185.46	92.95	27.5	120.56	73.26	58.63	4.51	951.83
14.8590	0	0	0	0	0	0	4.51	0	283.03	103.18	183.04	95.48	27.5	128.15	75.68	61.49	4.51	957.55
14.8690	0	0	0	0	0	0	0	0	275.99	101.09	180.73	100.54	27.5	135.74	80.41	64.35	0	966.35
14.8790	0	0	0	0	0	0	0	0	269.06	98.89	178.42	102.96	29.59	140.8	82.83	67.32	0	969.87
14.8890	0	0	0	0	0	0	0	0	259.82	98.89	173.69	105.49	29.59	145.75	85.25	70.18	0	968.66
14.8990	0	0	0	0	0	0	0	0	250.58	96.8	169.07	108.02	29.59	150.81	89.98	73.15	0	968
14.9090	0	0	0	0	0	0	0	0	243.65	94.71	166.76	108.02	29.59	153.34	92.4	76.01	0	964.48
14.9190	0	0	0	0	0	0	0	0	236.72	90.42	164.45	108.02	29.59	158.4	94.82	76.01	0	958.43
14.9290	0	0	0	0	0	0	0	0	229.79	90.42	159.83	110.55	31.79	163.46	97.24	78.98	0	962.06
14.9390	0	0	0	0	0	0	0	0	220.55	88.33	155.21	113.08	31.79	165.99	101.97	78.98	0	955.9
14.9490	0	0	0	0	0	0	0	0	213.51	84.04	150.59	115.5	31.79	173.36	104.39	81.84	0	955.02
14.9590	0	0	0	0	0	0	0	0	204.16	81.95	145.97	118.03	33.88	178.09	106.81	84.81	0	953.7
14.9690	0	0	0	0	0	0	0	0	194.81	81.95	141.35	120.45	33.88	182.82	111.65	87.67	0	954.58
14.9790	0	0	0	0	0	0	0	0	187.77	79.86	136.84	122.98	33.88	187.44	113.96	87.67	0	950.4
14.9890	0	0	0	0	0	0	0	0	178.42	75.57	129.91	125.51	35.97	194.59	118.58	90.53	0	949.08
14.9990	0	0	0	0	0	0	0	0	171.38	73.48	125.29	127.93	35.97	199.32	120.89	93.5	0	947.76
15.0089	0	0	0	0	0	0	0	0	164.45	73.48	120.67	132.88	38.06	206.36	123.2	96.36	0	955.46
15.0189	0	0	0	0	0	0	0	0	157.63	71.28	116.05	135.41	38.06	211.09	125.62	99.33	0	954.47
15.0289	0	0	0	0	0	0	0	0	150.81	67.1	109.45	140.36	38.06	218.13	130.24	102.19	0	956.34
15.0389	0	0	0	0	0	0	0	0	141.68	64.9	102.96	142.89	40.26	222.97	134.86	102.19	0	952.71
15.0489	0	0	0	0	0	0	0	0	132.66	62.81	98.56	145.42	40.26	230.34	139.59	108.02	0	957.66
15.0589	0	0	0	0	0	0	0	0	125.84	58.63	92.07	147.84	40.26	235.18	144.21	110.99	0	955.02
15.0689	0	0	0	0	0	0	0	0	119.02	54.34	87.67	150.37	42.35	242.55	148.83	113.52	0	958.65
15.0789	0	0	0	0	0	0	0	0	109.67	52.25	81.18	152.79	42.35	247.39	153.56	116.05	0	955.24
15.0889	0	0	0	0	0	0	0	0	102.52	48.07	74.69	155.32	42.35	254.76	158.18	118.58	0	954.47
15.0989	0	0	0	0	0	0	0	0	92.95	43.89	68.09	157.85	44.44	259.71	162.8	121.11	0	950.84
15.1089	0	0	0	0	0	0	0	0	85.8	41.8	61.6	157.85	44.44	264.55	167.53	123.64	0	947.21
15.1189	0	0	0	0	0	0	0	0	76.23	35.53	55.11	160.27	44.44	269.5	172.37	126.17	0	939.62
15.1289	0	0	0	0	0	0	0	0	69.08	31.35	47.41	160.27	44.44	274.34	177.21	131.23	0	935.33
15.1389	0	0	0	0	0	0	0	0	57.2	27.17	41.8	160.27	44.44	276.76	182.16	133.76	0	923.56
15.1489	0	0	0	0	0	0	0	0	47.96	22.99	34.1	160.27	44.44	281.71	187	136.29	0	914.76
15.1589	0	0	0	0	0	0	0	0	38.83	20.9	28.49	157.85	44.44	281.71	194.37	141.35	0	907.94
15.1689	0	0	0	0	0	0	0	0	29.7	16.72	22.77	155.32	44.44	284.13	201.63	143.88	0	898.59
15.1789	0	0	0	0	0	0	0	0	25.08	14.63	17.05	150.37	42.35	284.13	206.47	148.94	0	889.02
15.1889	0	0	0	0	0	0	0	0	22.88	12.54	15.18	145.42	40.26	284.13	213.84	154	0	888.25
15.1989	0	0	0	0	0	0	0	0	18.26	10.45	11.33	137.94	38.06	284.13	218.68	156.53	0	875.38
15.2089	0	0	0	0	0	0	0	0	15.95	8.36	9.46	130.46	35.97	281.71	223.52	161.59	0	867.02
15.2189	10.34	0	0	0	0	0	0	0	13.64	6.27	7.59	120.45	31.79	279.29	228.36	164.12	10.34	851.51
15.2289	28.93	3.74	0	0	0	0	0	0	13.64	6.27	5.61	110.55	27.5	276.76	233.2	166.76	32.67	840.29
15.2389	105.82	18.81	11.77	0	0	0	0	0	11.44	6.27	3.74	98.01	23.21	274.34	235.51	171.71	136.4	824.23
15.2489	214.61	43.34	31.46	8.36	0	0	0	0	11.44	6.27	3.74	85.47	19.03	269.5	235.51	174.24	297.77	805.2
15.2589	244.97	60.5	49.17	16.72	0	0	0	0	11.44	4.18	3.74	70.4	14.74	262.13	235.51	176.77	371.36	778.91
15.2689	240.9	76.34	64.02	29.26	0	8.47	6.71	0	9.13	4.18	0	55.44	10.56	252.34	233.2	176.77	425.7	741.62
15.2789	232.87	86.35	72.93	37.62	8.58	14.74	13.53	0	9.13	4.18	0	40.26	8.47	235.18	230.78	179.19	466.62	707.19
15.2889	224.84	90.31	79.53	41.8	15.18	19.03	20.24	0	6.82	4.18	0	27.72	6.27	213.4	228.36	179.19	490.93	665.94
15.2989	224.84	96.25	86.24	48.07	19.47	23.21	27.06	0	6.82	0	0	17.6	6.27	185.13	228.36	181.72	525.14	625.9
15.3089	234.85	106.15	97.46	52.25	19.47	31.79	36.08	0	4.51	0	0	12.54	6.27	148.28	223.52	184.25	578.05	579.37
15.3189	244.97	116.82	106.37	56.54	21.67	40.26	42.79	4.51	0	0	0	10.01	6.27	110.66	213.84	179.19	633.93	519.97
15.3289	259.16	130.02	119.68	62.81	21.67	48.73	47.3	4.51	0	0	0	4.95	4.18	79.53	191.84	169.18	693.88	449.68
15.3389	271.26	141.02	126.28	67.1	21.67	55.11	49.61	6.71	0	0	0	0	4.18	55.44	160.49	154	738.76	374.11
15.3489	283.25	154.22	135.08	71.28	23.87	62.15	51.81	6.71	0	0	0	0	4.18	40.26	120.89	141.35	788.37	306.68
15.3589	293.04	163.02	139.48	75.57	23.87	66.77	54.12	9.02	0	0	0	0	4.18	27.72	87.67	128.7	824.89	248.27
15.3689	300.74	173.69	146.08	81.95	23.87	73.81	54.12	11.22	0	0	0	0	4.18	17.6	66.11	110.99	865.48	198.88
15.3789	306.57	184.03	150.48	88.33	23.87	80.85	56.32	11.22	0	0	0	0	0	12.54	54.45	76.01	901.67	143
15.3889	310.53	192.28	152.68	94.6	23.87	85.58	56.32	11.22	0	0	0	0	0	7.48	42.35	39.05	927.08	88.88
15.3989	312.4	198.55	154.88	103.07	23.87	95.04	58.63	13.53	0	0	0	0	0	4.95	28.27	25.08	959.97	58.3
15.4089	312.4	204.71	154.88	109.45	25.96	99.66	58.63	15.73	0	0	0	0	0	0	16.06	16.72	981.42	32.78
15.4189	310.53	210.98	157.08	115.72	25.96	104.39	58.63	15.73	0	0	0	0	0	0	8.03	8.36	999.02	16.39
15.4289	308.55	215.05	154.88	123.97	23.87	111.43	58.63	18.04	0	0	0	0	0	0	6.05	5.5	1014.42	11.55
15.4389	306.57	215.05	154.88	130.24	25.96	116.16	60.94	18.04	0	0	0	0	0	0	3.96	5.5	1027.84	9.46
15.4489	302.72	217.14	152.68	136.4	25.96	118.58	60.94	20.24	0	0	0	0	0	0	0	0	1034.66	0
15.4589	296.89	215.05	150.48	140.58	25.96	123.42	60.94	20.24	0	0	0	0	0	0	0	0	1033.56	0
15.4689	291.06	212.96	146.08	146.74	28.16	125.73	63.36	20.24	0	0	0	0	0	0	0	0	1034.33	0
15.4789	283.25	210.98	143.88	150.92	28.16	128.15	65.67	20.24	0	0	0	0	0	0	0	0	1031.25	0
15.4889	277.31	206.8	139.48	153.01	28.16	130.57	68.09	22.55	0	0	0	0	0	0	0	0	1025.97	0
15.4989	269.17	202.62	135.08	157.08	30.36	132.99	70.4	22.55	0	0	0	0	0	0	0	0	1020.25	0
15.5089	261.14	196.46	130.68	161.26	30.36	132.99	72.82	22.55	0	0	0	0	0	0	0	0	1008.26	0
15.5189	251.02	192.28	126.28	165.44	30.36	135.41	75.13	24.75	0	0	0	0	0	0	0	0	1000.67	0
15.5289	244.97	188.21	121.88	167.53	32.56	137.72	77.55	22.55	0	0	0	0	0	0	0	0	992.97	0
15.5389	236.94	181.94	119.68	171.71	32.56	140.14	79.86	22.55	0	0	0	0	0	0	0	0	985.38	0
15.5489	228.8	177.87	115.28	173.8	32.56	142.56	84.59	24.75	0	0	0	0	0	0	0	0	980.21	0
15.5589	220.77	171.6	113.08	176	34.65	144.98	87.01	24.75	0	0	0	0	0	0	0	0	972.84	0
15.5689	216.7	167.53	108.57	178.09	34.65	147.29	91.74	24.75	0	0	0	0	0	0	0	0	969.32	0
15.5789	210.65	163.02	108.57	180.18	36.85	152.13	94.05	27.06	0	0	0	0	0	0	0	0	972.51	0
15.5889	204.49	156.42	106.37	182.38	36.85	154.55	96.47	27.06	0	0	0	0	0	0	0	0	964.59	0
15.5989	200.53	152.02	104.06	184.47	36.85	159.28	101.2	29.26	0	0	0	0	0	0	0	0	967.67	0
15.6089	194.37	147.62	101.86	186.56	36.85	161.7	105.93	29.26	0	0	0	0	0	0	0	0	964.15	0
15.6189	190.3	143.22	101.86	186.56	36.85	166.54	108.24	31.57	0	0	0	0	0	0	0	0	965.14	0
15.6289	184.25	138.82	99.66	188.65	39.05	171.16	113.08	33.77	0	0	0	0	0	0	0	0	968.44	0
15.6389	178.2	132.22	97.46	190.85	39.05	175.78	117.59	36.08	0	0	0	0	0	0	0	0	967.23	0
15.6489	174.13	127.82	95.15	192.94	41.25	180.4	119.79	38.28	0	0	0	0	0	0	0	0	969.76	0
15.6589	168.08	123.42	90.75	197.23	41.25	184.91	122.1	42.79	0	0	0	0	0	0	0	0	970.53	0
15.6689	162.03	119.02	88.55	201.41	41.25	189.53	126.61	45.1	0	0	0	0	0	0	0	0	973.5	0
15.6789	154.11	114.62	84.04	205.7	41.25	196.46	128.92	47.3	0	0	0	0	0	0	0	0	972.4	0
15.6889	148.17	108.13	79.53	209.88	43.34	200.97	131.23	49.61	0	0	0	0	0	0	0	0	970.86	0
15.6989	140.25	102.19	75.13	214.17	43.34	205.59	135.74	51.81	0	0	0	0	0	0	0	0	968.22	0
15.7089	132.22	96.25	68.42	218.46	43.34	210.21	137.94	56.32	0	0	0	0	0	0	0	0	963.16	0
15.7189	122.32	88.33	64.02	222.64	45.54	212.41	140.25	58.63	0	0	0	0	0	0	0	0	954.14	0
15.7289	110.22	80.3	57.31	228.58	45.54	217.03	144.76	60.72	0	0	0	0	0	0	0	0	944.46	0
15.7389	99.33	72.38	51.15	230.56	45.54	219.34	149.38	65.12	0	0	0	0	0	0	0	0	932.8	0
15.7489	86.24	64.46	47.19	234.3	47.74	221.65	151.58	69.41	0	0	0	0	0	0	0	0	922.57	0
15.7589	75.35	56.54	41.25	238.15	47.74	223.96	158.4	73.81	0	0	0	0	0	0	0	0	915.2	0
15.7689	64.46	48.95	33.44	238.15	47.74	226.27	162.91	78.21	0	0	0	0	0	0	0	0	900.13	0
15.7789	51.7	41.36	27.5	238.15	47.74	226.27	169.84	80.3	0	0	0	0	0	0	0	0	882.86	0
15.7889	41.36	33.88	23.54	236.28	45.54	228.47	176.77	84.7	0	0	0	0	0	0	0	0	870.54	0
15.7989	37.18	30.14	19.58	230.56	45.54	226.27	183.81	86.9	0	0	0	0	0	0	0	0	859.98	0
15.8089	33.11	24.42	17.71	224.84	43.34	226.27	190.74	89.1	0	0	0	0	0	0	0	0	849.53	0
15.8189	26.84	20.68	13.75	216.26	41.25	223.96	197.78	91.19	0	0	0	0	0	0	0	0	831.71	0
15.8289	22.77	16.94	9.79	205.7	39.05	223.96	204.71	93.39	0	0	0	0	0	0	0	0	816.31	0
15.8389	18.59	13.09	7.81	195.03	34.65	221.65	211.75	95.59	0	0	0	0	0	0	0	0	798.16	0
15.8489	22.77	11.22	5.83	182.38	30.36	219.34	218.68	97.79	6.82	0	0	0	0	0	0	0	788.37	6.82
15.8589	12.32	9.35	3.85	169.62	28.16	217.03	223.41	102.08	27.39	0	0	0	0	0	0	0	765.82	27.39
15.8689	10.34	9.35	3.85	153.01	23.87	214.72	230.23	104.28	64.35	0	7.59	0	0	0	0	0	749.65	71.94
15.8789	10.34	7.48	3.85	138.49	21.67	212.41	234.85	108.68	148.5	12.54	22.77	7.48	0	0	0	0	737.77	191.29
15.8889	8.25	7.48	0	121.99	19.47	207.9	239.47	110.88	185.46	25.08	39.82	17.6	0	0	3.96	0	715.44	271.92
15.8989	6.16	7.48	0	103.07	15.18	203.28	241.78	113.08	190.08	37.62	59.4	27.72	4.18	10.01	6.05	0	690.03	335.06
15.9089	6.16	7.48	0	81.95	15.18	196.46	243.98	115.28	206.47	45.98	81.18	32.67	6.27	15.07	10.01	0	666.49	397.65
15.9189	4.07	5.61	0	62.81	12.98	184.91	243.98	115.28	206.47	48.07	87.67	35.2	8.47	20.13	16.06	5.5	629.64	427.57
15.9289	0	5.61	0	48.07	10.78	168.96	243.98	117.59	208.78	48.07	92.07	35.2	10.56	25.19	24.2	8.36	594.99	452.43
15.9389	0	3.74	0	37.62	10.78	147.29	234.85	117.59	208.78	48.07	98.56	35.2	10.56	32.67	32.23	11.11	551.87	477.18
15.9489	0	3.74	0	29.26	10.78	121	218.68	117.59	213.51	50.16	107.25	37.73	12.65	40.26	36.3	13.86	501.05	511.72
15.9589	0	3.74	0	25.08	10.78	92.62	186.12	115.28	222.86	54.34	118.36	37.73	12.65	47.85	42.35	16.72	433.62	552.86
15.9689	0	0	0	20.9	10.78	66.77	140.25	110.88	239.03	58.63	132.22	40.26	14.74	55.44	46.42	19.47	349.58	606.21
15.9789	0	0	0	16.72	12.98	46.53	94.05	106.48	255.2	62.81	143.66	42.79	14.74	60.28	48.4	22.33	276.76	650.21
15.9889	0	0	0	14.63	12.98	31.79	63.36	91.19	271.37	67.1	155.21	42.79	16.94	67.54	52.47	25.08	213.95	698.5
15.9989	0	0	0	10.45	12.98	23.21	49.61	73.81	283.03	71.28	164.45	45.32	16.94	72.27	54.45	30.69	170.06	738.43
16.0089	0	0	0	8.36	10.78	16.94	42.79	58.63	292.71	73.48	173.69	47.85	16.94	79.53	58.85	36.19	137.5	779.24
16.0189	0	0	0	6.27	8.58	12.65	33.77	33.77	299.86	77.66	180.73	52.91	19.03	84.26	61.27	41.8	95.04	817.52
16.0289	0	0	0	6.27	6.49	10.56	27.06	9.02	304.7	81.95	187.77	57.97	19.03	91.41	63.69	44.66	59.4	851.18
16.0389	0	0	0	4.18	4.29	6.27	18.04	0	309.54	88.33	190.08	62.92	21.12	98.67	63.69	50.16	32.78	884.51
16.0489	0	0	0	4.18	0	6.27	13.53	0	309.54	92.51	192.39	67.98	21.12	105.82	66.11	53.02	23.98	908.49
16.0589	0	0	0	0	0	6.27	11.22	0	309.54	94.71	192.39	75.46	21.12	113.08	66.11	55.77	17.49	928.18
16.0689	0	0	0	0	0	4.18	9.02	0	302.28	98.89	190.08	80.41	23.21	120.56	68.42	58.63	13.2	942.48
16.0789	0	0	0	0	0	4.18	6.71	0	297.55	101.09	187.77	88	23.21	130.68	68.42	61.49	10.89	958.21
16.0889	0	0	0	0	0	4.18	4.51	0	287.87	103.18	183.04	92.95	23.21	135.74	68.42	64.35	8.69	958.76
16.0989	0	0	0	0	0	0	0	0	278.3	103.18	178.42	100.54	23.21	143.22	68.42	64.35	0	959.64
16.1089	0	0	0	0	0	0	0	0	269.06	105.27	173.69	105.49	25.41	148.28	70.84	67.32	0	965.36
16.1189	0	0	0	0	0	0	0	0	259.82	105.27	169.07	113.08	25.41	155.87	70.84	70.18	0	969.54
16.1289	0	0	0	0	0	0	0	0	250.58	105.27	162.14	118.03	27.5	160.93	73.26	73.15	0	970.86
16.1389	0	0	0	0	0	0	0	0	241.34	105.27	155.21	122.98	27.5	165.99	73.26	73.15	0	964.7
16.1489	0	0	0	0	0	0	0	0	232.1	103.18	148.28	130.46	27.5	171.05	73.26	73.15	0	958.98
16.1589	0	0	0	0	0	0	0	0	222.86	103.18	143.66	135.41	29.59	175.67	75.68	76.01	0	962.06
16.1689	0	0	0	0	0	0	0	0	211.09	101.09	136.84	140.36	29.59	182.82	75.68	76.01	0	953.48
16.1789	0	0	0	0	0	0	0	0	201.74	98.89	129.91	147.84	29.59	187.44	75.68	78.98	0	950.07
16.1889	0	0	0	0	0	0	0	0	190.08	96.8	125.29	152.79	31.79	192.17	78.1	81.84	0	948.86
16.1989	0	0	0	0	0	0	0	0	180.73	94.71	118.36	160.27	31.79	199.32	80.41	81.84	0	947.43
16.2089	0	0	0	0	0	0	0	0	171.38	90.42	113.85	165.33	31.79	206.36	80.41	81.84	0	941.38
16.2189	0	0	0	0	0	0	0	0	162.14	88.33	107.25	173.25	31.79	211.09	82.83	84.81	0	941.49
16.2289	0	0	0	0	0	0	0	0	153.12	84.04	100.76	181.17	31.79	218.13	85.25	87.67	0	941.93
16.2389	0	0	0	0	0	0	0	0	143.99	81.95	96.36	186.45	33.88	225.39	85.25	87.67	0	940.94
16.2489	0	0	0	0	0	0	0	0	137.17	77.66	92.07	191.73	33.88	232.76	89.98	90.53	0	945.78
16.2589	0	0	0	0	0	0	0	0	128.04	73.48	85.47	199.76	33.88	240.13	92.4	93.5	0	946.66
16.2689	0	0	0	0	0	0	0	0	121.22	69.19	81.18	205.04	35.97	247.39	92.4	96.36	0	948.75
16.2789	0	0	0	0	0	0	0	0	114.51	64.9	74.69	210.32	35.97	252.34	94.82	99.33	0	946.88
16.2889	0	0	0	0	0	0	0	0	107.25	60.72	68.09	218.24	35.97	259.71	97.24	102.19	0	949.41
16.2989	0	0	0	0	0	0	0	0	97.79	56.43	61.6	223.52	35.97	264.55	99.66	102.19	0	941.71
16.3089	0	0	0	0	0	0	0	0	90.53	52.25	57.2	228.69	38.06	269.5	101.97	105.16	0	943.36
16.3189	0	0	0	0	0	0	0	0	83.38	48.07	51.26	233.53	38.06	274.34	104.39	108.02	0	941.05
16.3289	0	0	0	0	0	0	0	0	73.81	43.89	45.54	235.95	38.06	279.29	106.81	110.99	0	934.34
16.3389	0	0	0	0	0	0	0	0	66.66	41.8	39.82	240.79	38.06	284.13	109.23	113.52	0	934.01
16.3489	0	0	0	0	0	0	0	0	59.51	37.62	34.1	240.79	38.06	289.08	111.65	116.05	0	926.86
16.3589	0	0	0	0	0	0	0	0	50.27	33.44	30.36	243.21	38.06	291.5	116.27	118.58	0	921.69
16.3689	0	0	0	0	0	0	0	0	41.14	29.26	22.77	243.21	38.06	296.34	118.58	121.11	0	910.47
16.3789	0	0	0	0	0	0	0	0	32.01	25.08	18.92	240.79	35.97	298.87	123.2	126.17	0	901.01
16.3889	0	0	0	0	0	0	0	0	27.39	20.9	15.18	235.95	35.97	301.29	127.93	128.7	0	893.31
16.3989	0	0	0	0	0	0	0	0	22.88	18.81	13.2	233.53	35.97	303.71	132.55	133.76	0	894.41
16.4089	4.07	0	0	0	0	0	0	0	20.57	14.63	11.33	228.69	33.88	306.24	137.17	136.29	4.07	888.8
16.4189	8.25	0	0	0	0	0	0	0	20.57	12.54	9.46	220.88	31.79	308.66	139.59	141.35	8.25	884.84
16.4288	12.32	0	0	0	0	0	0	0	15.95	10.45	7.59	215.6	29.59	308.66	141.9	143.88	12.32	873.62
16.4388	16.5	0	0	0	0	0	0	0	15.95	10.45	5.61	205.04	27.5	308.66	141.9	146.41	16.5	861.52
16.4488	24.75	5.61	0	0	0	0	0	0	13.64	8.36	5.61	194.37	25.41	311.08	144.21	148.94	30.36	851.62
16.4588	43.45	13.09	5.83	0	0	0	0	0	13.64	8.36	5.61	181.17	21.12	311.08	144.21	151.47	62.37	836.66
16.4688	88.44	26.29	15.73	6.27	0	0	0	0	13.64	6.27	3.74	167.97	19.03	311.08	146.52	154	136.73	822.25
16.4788	140.25	41.36	31.46	10.45	0	0	0	0	11.44	6.27	3.74	152.79	14.74	311.08	146.52	159.06	223.52	805.64
16.4888	162.03	50.82	39.27	18.81	0	4.18	4.51	0	11.44	6.27	3.74	137.94	12.65	308.66	146.52	161.59	279.62	788.81
16.4988	162.03	54.56	41.25	29.26	4.29	8.47	9.02	0	11.44	6.27	3.74	118.03	10.56	303.71	146.52	166.76	308.88	767.03
16.5088	154.11	58.52	45.21	35.53	6.49	12.65	11.22	0	9.13	6.27	0	100.54	8.47	296.34	146.52	171.71	323.73	738.98
16.5188	148.17	64.46	49.17	41.8	12.98	16.94	15.73	0	9.13	4.18	0	82.94	8.47	286.55	148.83	176.77	349.25	716.87
16.5288	150.15	70.4	53.13	48.07	15.18	23.21	20.24	0	9.13	4.18	0	65.45	6.27	271.92	151.14	179.19	380.38	687.28
16.5388	154.11	76.34	59.51	54.34	17.27	29.59	22.55	0	6.82	4.18	0	50.38	6.27	254.76	153.56	181.72	413.71	657.69
16.5488	168.08	88.33	68.42	60.72	19.47	38.06	29.26	0	4.51	4.18	0	37.73	6.27	232.76	153.56	186.78	472.34	625.79
16.5588	186.34	102.19	81.84	69.19	21.67	50.82	36.08	4.51	4.51	4.18	0	30.14	6.27	203.94	153.56	186.78	552.64	589.38
16.5688	202.51	112.42	95.15	75.57	21.67	62.15	42.79	6.71	0	0	0	22.66	6.27	165.99	146.52	184.25	618.97	525.69
16.5788	218.68	123.42	106.37	81.95	23.87	71.5	49.61	9.02	0	0	0	17.6	6.27	123.09	134.86	181.72	684.42	463.54
16.5888	228.8	132.22	115.28	86.13	25.96	80.85	58.63	9.02	0	0	0	15.07	6.27	86.68	113.96	174.24	736.89	396.22
16.5988	236.94	136.62	121.88	90.42	28.16	90.31	68.09	11.22	0	0	0	12.54	6.27	57.97	87.67	164.12	783.64	328.57
16.6088	246.95	143.22	130.68	94.6	28.16	99.66	75.13	15.73	0	0	0	10.01	6.27	35.2	66.11	143.88	834.13	261.47
16.6188	257.07	149.82	139.48	98.89	30.36	106.7	82.28	18.04	0	0	0	4.95	6.27	25.19	54.45	116.05	882.64	206.91
16.6288	263.12	156.42	143.88	105.27	30.36	113.85	87.01	20.24	0	0	0	0	4.18	15.07	44.33	70.18	920.15	133.76
16.6388	267.19	160.82	148.28	109.45	32.56	121	91.74	22.55	0	0	0	0	0	12.54	32.23	33.44	953.59	78.21
16.6488	267.19	163.02	150.48	113.63	32.56	128.15	94.05	24.75	0	0	0	0	0	10.01	20.13	22.33	973.83	52.47
16.6588	267.19	165.22	150.48	119.9	34.65	135.41	98.78	27.06	0	0	0	0	0	7.48	8.03	11.11	998.69	26.62
16.6688	265.21	167.53	150.48	126.06	34.65	142.56	101.2	27.06	0	0	0	0	0	0	3.96	5.5	1014.75	9.46
16.6788	261.14	167.53	148.28	132.33	34.65	147.29	103.51	29.26	0	0	0	0	0	0	0	5.5	1023.99	5.5
16.6888	255.09	165.22	146.08	138.49	36.85	152.13	105.93	31.57	0	0	0	0	0	0	0	0	1031.36	0
16.6988	246.95	163.02	141.68	142.67	36.85	156.97	108.24	33.77	0	0	0	0	0	0	0	0	1030.15	0
16.7088	238.92	158.62	139.48	146.74	36.85	161.7	110.66	36.08	0	0	0	0	0	0	0	0	1029.05	0
16.7188	230.89	154.22	135.08	148.83	39.05	164.12	113.08	36.08	0	0	0	0	0	0	0	0	1021.35	0
16.7288	222.75	147.62	128.48	150.92	39.05	168.96	115.28	38.28	0	0	0	0	0	0	0	0	1011.34	0
16.7388	212.63	143.22	124.08	153.01	39.05	171.16	117.59	38.28	0	0	0	0	0	0	0	0	999.02	0
16.7488	202.51	136.62	117.48	155.1	41.25	173.47	119.79	38.28	0	0	0	0	0	0	0	0	984.5	0
16.7588	194.37	130.02	110.77	159.17	41.25	175.78	122.1	40.59	0	0	0	0	0	0	0	0	974.05	0
16.7688	184.25	123.42	106.37	161.26	41.25	178.09	124.41	40.59	0	0	0	0	0	0	0	0	959.64	0
16.7788	176.22	116.82	99.66	161.26	43.34	180.4	128.92	42.79	0	0	0	0	0	0	0	0	949.41	0
16.7888	166.1	110.22	95.15	163.35	43.34	182.71	131.23	45.1	0	0	0	0	0	0	0	0	937.2	0
16.7988	158.07	104.17	88.55	165.44	43.34	184.91	133.43	45.1	0	0	0	0	0	0	0	0	923.01	0
16.8088	150.15	98.23	84.04	165.44	45.54	187.22	137.94	47.3	0	0	0	0	0	0	0	0	915.86	0
16.8188	142.23	92.29	79.53	165.44	45.54	189.53	140.25	47.3	0	0	0	0	0	0	0	0	902.11	0
16.8288	134.2	86.35	75.13	165.44	45.54	191.84	147.07	49.61	0	0	0	0	0	0	0	0	895.18	0
16.8388	128.26	80.3	70.62	167.53	45.54	194.15	151.58	51.81	0	0	0	0	0	0	0	0	889.79	0
16.8488	122.32	76.34	68.42	167.53	47.74	196.46	156.09	56.32	0	0	0	0	0	0	0	0	891.22	0
16.8588	114.4	70.4	64.02	167.53	47.74	198.66	160.71	58.63	0	0	0	0	0	0	0	0	882.09	0
16.8688	108.02	66.44	59.51	169.62	49.94	200.97	165.22	60.72	0	0	0	0	0	0	0	0	880.44	0
16.8788	99.33	62.48	57.31	169.62	49.94	203.28	172.15	62.92	0	0	0	0	0	0	0	0	877.03	0
16.8888	92.73	58.52	53.13	171.71	52.03	205.59	176.77	65.12	0	0	0	0	0	0	0	0	875.6	0
16.8988	86.24	54.56	49.17	173.8	52.03	207.9	181.5	67.32	0	0	0	0	0	0	0	0	872.52	0
16.9088	79.64	50.82	47.19	176	54.23	207.9	186.12	71.61	0	0	0	0	0	0	0	0	873.51	0
16.9188	73.15	47.08	43.23	178.09	54.23	210.21	190.74	73.81	0	0	0	0	0	0	0	0	870.54	0
16.9288	66.66	43.34	39.27	180.18	54.23	212.41	195.47	76.01	0	0	0	0	0	0	0	0	867.57	0
16.9388	60.06	39.49	37.29	182.38	54.23	214.72	200.09	78.21	0	0	0	0	0	0	0	0	866.47	0
16.9488	53.79	35.75	31.46	182.38	54.23	214.72	207.02	80.3	0	0	0	0	0	0	0	0	859.65	0
16.9588	45.54	32.01	27.5	184.47	54.23	217.03	211.75	82.5	0	0	0	0	0	0	0	0	855.03	0
16.9688	39.27	28.16	23.54	182.38	54.23	217.03	216.37	84.7	0	0	0	0	0	0	0	0	845.68	0
16.9788	35.09	24.42	21.56	180.18	54.23	219.34	223.41	86.9	0	0	0	0	0	0	0	0	845.13	0
16.9888	31.02	22.55	19.58	178.09	52.03	219.34	230.23	89.1	0	0	0	0	0	0	0	0	841.94	0
16.9988	28.93	18.81	15.73	173.8	49.94	219.34	237.16	91.19	0	0	0	0	0	0	0	0	834.9	0
17.0088	24.75	16.94	13.75	167.53	47.74	217.03	243.98	93.39	0	0	0	0	0	0	0	0	825.11	0
17.0188	20.68	15.07	11.77	161.26	45.54	217.03	253.22	95.59	0	0	0	0	0	0	0	0	820.16	0
17.0288	18.59	11.22	7.81	153.01	43.34	214.72	257.84	97.79	9.13	0	0	0	0	0	0	0	804.32	9.13
17.0388	14.41	9.35	5.83	142.67	39.05	212.41	264.66	99.99	18.26	0	0	0	0	0	0	0	788.37	18.26
17.0488	12.32	7.48	5.83	132.33	36.85	210.21	271.59	102.08	29.7	0	0	0	0	0	0	0	778.69	29.7
17.0588	10.34	7.48	3.85	121.99	32.56	207.9	278.52	104.28	52.58	0	5.61	0	0	0	0	0	766.92	58.19
17.0688	10.34	7.48	3.85	107.36	28.16	205.59	283.03	106.48	107.25	10.45	20.9	4.95	0	0	0	0	752.29	143.55
17.0788	8.25	5.61	3.85	94.6	23.87	198.66	287.54	108.68	178.42	27.17	41.8	17.6	0	0	0	0	731.06	264.99
17.0888	6.16	5.61	0	77.66	19.47	191.84	292.05	110.88	197.12	39.71	57.2	27.72	4.18	7.48	3.96	0	703.67	337.37
17.0988	6.16	5.61	0	62.81	15.18	182.71	298.87	113.08	201.74	45.98	74.69	35.2	6.27	12.54	8.03	0	684.42	384.45
17.1088	4.07	5.61	0	45.98	12.98	168.96	301.18	115.28	208.78	50.16	85.47	37.73	12.65	17.6	14.08	0	654.06	426.47
17.1188	0	5.61	0	33.44	10.78	149.71	305.69	117.59	215.82	54.34	94.27	40.26	12.65	25.19	22.11	5.5	622.82	470.14
17.1288	0	3.74	0	25.08	8.58	125.73	301.18	117.59	220.55	56.43	102.96	42.79	14.74	32.67	28.27	8.36	581.9	506.77
17.1388	0	3.74	0	20.9	8.58	97.35	285.23	115.28	225.17	60.72	113.85	47.85	14.74	45.32	34.32	11.11	531.08	553.08
17.1488	0	0	0	16.72	8.58	71.5	250.91	110.88	232.1	67.1	122.98	50.38	16.94	52.91	38.28	11.11	458.59	591.8
17.1588	0	0	0	14.63	8.58	50.82	197.78	104.28	245.96	71.28	132.22	55.44	16.94	62.7	40.37	16.72	376.09	641.63
17.1688	0	0	0	12.54	8.58	38.06	135.74	97.79	257.51	77.66	141.35	60.39	16.94	67.54	42.35	19.47	292.71	683.21
17.1788	0	0	0	10.45	10.78	29.59	84.59	91.19	269.06	84.04	150.59	62.92	19.03	74.69	42.35	22.33	226.6	725.01
17.1888	0	0	0	6.27	10.78	21.12	58.63	71.61	280.72	88.33	159.83	67.98	19.03	79.53	44.33	22.33	168.41	762.08
17.1988	0	0	0	6.27	8.58	16.94	45.1	56.32	292.71	94.71	164.45	72.93	19.03	84.26	44.33	25.08	133.21	797.5
17.2088	0	0	0	4.18	8.58	12.65	38.28	36.08	299.86	101.09	169.07	80.41	19.03	91.41	44.33	27.83	99.77	833.03
17.2188	0	0	0	4.18	6.49	8.47	29.26	11.22	307.12	107.47	173.69	88	19.03	96.25	46.42	30.69	59.62	868.67
17.2288	0	0	0	4.18	4.29	6.27	20.24	0	311.96	111.65	176.11	92.95	21.12	101.09	46.42	33.44	34.98	894.74
17.2388	0	0	0	0	0	6.27	15.73	0	314.38	115.94	176.11	100.54	21.12	108.24	44.33	36.19	22	916.85
17.2488	0	0	0	0	0	4.18	11.22	0	314.38	120.34	176.11	108.02	21.12	113.08	46.42	36.19	15.4	935.66
17.2588	0	0	0	0	0	4.18	9.02	0	309.54	124.63	173.69	115.5	21.12	118.03	46.42	39.05	13.2	947.98
17.2688	0	0	0	0	0	0	6.71	0	304.7	126.83	173.69	120.45	21.12	123.09	46.42	39.05	6.71	955.35
17.2788	0	0	0	0	0	0	4.51	0	297.55	126.83	169.07	127.93	23.21	128.15	46.42	41.8	4.51	960.96
17.2888	0	0	0	0	0	0	0	0	287.87	129.03	164.45	135.41	23.21	133.21	46.42	44.66	0	964.26
17.2988	0	0	0	0	0	0	0	0	278.3	129.03	159.83	142.89	23.21	140.8	46.42	44.66	0	965.14
17.3088	0	0	0	0	0	0	0	0	266.75	126.83	152.9	147.84	23.21	145.75	46.42	47.41	0	957.11
17.3188	0	0	0	0	0	0	0	0	257.51	126.83	148.28	155.32	25.41	150.81	48.4	47.41	0	959.97
17.3288	0	0	0	0	0	0	0	0	245.96	126.83	141.35	162.8	25.41	155.87	50.38	50.16	0	958.76
17.3388	0	0	0	0	0	0	0	0	236.72	124.63	139.15	167.97	25.41	160.93	50.38	53.02	0	958.21
17.3488	0	0	0	0	0	0	0	0	229.79	122.54	132.22	175.89	25.41	165.99	52.47	53.02	0	957.33
17.3588	0	0	0	0	0	0	0	0	220.55	120.34	129.91	181.17	27.5	171.05	54.45	55.77	0	960.74
17.3688	0	0	0	0	0	0	0	0	213.51	118.14	125.29	186.45	27.5	178.09	54.45	55.77	0	959.2
17.3788	0	0	0	0	0	0	0	0	204.16	115.94	122.98	191.73	27.5	182.82	56.54	58.63	0	960.3
17.3888	0	0	0	0	0	0	0	0	197.12	111.65	118.36	194.37	29.59	189.86	61.27	61.49	0	963.71
17.3988	0	0	0	0	0	0	0	0	190.08	107.47	116.05	199.76	29.59	196.9	63.69	64.35	0	967.89
17.4088	0	0	0	0	0	0	0	0	183.04	105.27	113.85	202.4	29.59	203.94	66.11	64.35	0	968.55
17.4188	0	0	0	0	0	0	0	0	173.69	101.09	109.45	205.04	31.79	208.67	68.42	70.18	0	968.33
17.4288	0	0	0	0	0	0	0	0	166.76	96.8	107.25	210.32	31.79	215.82	70.84	73.15	0	972.73
17.4388	0	0	0	0	0	0	0	0	159.94	94.71	102.96	215.6	31.79	222.97	73.26	76.01	0	977.24
17.4488	0	0	0	0	0	0	0	0	153.12	90.42	98.56	220.88	31.79	230.34	75.68	78.98	0	979.77
17.4588	0	0	0	0	0	0	0	0	146.3	86.13	94.27	226.27	33.88	237.6	78.1	78.98	0	981.53
17.4688	0	0	0	0	0	0	0	0	137.17	81.95	89.87	233.53	33.88	244.97	80.41	81.84	0	983.62
17.4788	0	0	0	0	0	0	0	0	130.35	79.86	83.38	238.37	33.88	252.34	82.83	84.81	0	985.82
17.4888	0	0	0	0	0	0	0	0	123.53	75.57	78.98	243.21	33.88	257.18	82.83	87.67	0	982.85
17.4988	0	0	0	0	0	0	0	0	114.51	71.28	74.69	248.05	33.88	262.13	85.25	90.53	0	980.32
17.5088	0	0	0	0	0	0	0	0	107.25	64.9	68.09	252.89	33.88	269.5	87.67	93.5	0	977.68
17.5188	0	0	0	0	0	0	0	0	97.79	60.72	61.6	257.73	33.88	274.34	87.67	93.5	0	967.23
17.5288	0	0	0	0	0	0	0	0	90.53	56.43	55.11	262.57	35.97	279.29	92.4	96.36	0	968.66
17.5388	0	0	0	0	0	0	0	0	81.07	50.16	49.39	264.99	35.97	284.13	92.4	99.33	0	957.44
17.5488	0	0	0	0	0	0	0	0	71.5	45.98	41.8	267.41	35.97	289.08	97.24	102.19	0	951.17
17.5588	0	0	0	0	0	0	0	0	64.35	41.8	37.95	269.83	35.97	293.92	99.66	105.16	0	948.64
17.5688	0	0	0	0	0	0	0	0	54.89	35.53	32.23	269.83	35.97	296.34	101.97	110.99	0	937.75
17.5788	0	0	0	0	0	0	0	0	45.76	31.35	26.51	269.83	35.97	301.29	106.81	116.05	0	933.57
17.5888	0	0	0	0	0	0	0	0	36.52	27.17	20.9	267.41	35.97	303.71	111.65	118.58	0	921.91
17.5988	0	0	0	0	0	0	0	0	29.7	22.99	15.18	262.57	35.97	308.66	113.96	121.11	0	910.14
17.6088	0	0	0	0	0	0	0	0	25.08	18.81	13.2	257.73	33.88	311.08	118.58	126.17	0	904.53
17.6188	0	0	0	0	0	0	0	0	20.57	16.72	9.46	250.47	31.79	311.08	120.89	128.7	0	889.68
17.6288	0	0	0	0	0	0	0	0	18.26	12.54	7.59	243.21	29.59	313.5	123.2	133.76	0	881.65
17.6388	4.07	0	0	0	0	0	0	0	15.95	10.45	5.61	233.53	27.5	316.03	123.2	136.29	4.07	868.56
17.6488	8.25	0	0	0	0	0	0	0	15.95	10.45	5.61	220.88	23.21	316.03	125.62	138.82	8.25	856.57
17.6588	16.5	3.74	0	0	0	0	0	0	13.64	8.36	3.74	207.68	21.12	318.45	125.62	143.88	20.24	842.49
17.6688	41.36	13.09	5.83	0	0	0	0	0	13.64	8.36	3.74	191.73	16.94	318.45	125.62	146.41	60.28	824.89
17.6788	112.42	32.01	17.71	6.27	0	0	0	0	11.44	6.27	3.74	175.89	14.74	318.45	127.93	148.94	168.41	807.4
17.6888	194.37	54.56	37.29	12.54	0	0	0	0	11.44	6.27	0	157.85	12.65	316.03	127.93	154	298.76	786.17
17.6988	208.56	66.44	47.19	20.9	0	4.18	4.51	0	11.44	6.27	0	137.94	10.56	316.03	127.93	156.53	351.78	766.7
17.7088	202.51	74.36	55.11	29.26	4.29	8.47	6.71	0	9.13	6.27	0	118.03	8.47	308.66	127.93	161.59	380.71	740.08
17.7188	198.44	82.28	61.71	35.53	6.49	12.65	6.71	0	9.13	4.18	0	95.48	6.27	298.87	127.93	164.12	403.81	705.98
17.7288	194.37	84.37	64.02	39.71	8.58	16.94	11.22	0	6.82	4.18	0	75.46	6.27	286.55	130.24	169.18	419.21	678.7
17.7388	196.46	90.31	68.42	45.98	12.98	19.03	13.53	0	6.82	4.18	0	60.39	6.27	266.97	132.55	171.71	446.71	648.89
17.7488	204.49	100.21	77.33	52.25	15.18	25.41	18.04	0	6.82	4.18	0	42.79	6.27	242.55	134.86	174.24	492.91	611.71
17.7588	214.61	112.42	84.04	58.63	17.27	31.79	20.24	0	4.51	4.18	0	32.67	6.27	213.4	137.17	176.77	539	574.97
17.7688	228.8	125.62	92.95	62.81	19.47	35.97	22.55	0	0	0	0	25.19	6.27	175.67	132.55	174.24	588.17	513.92
17.7788	244.97	136.62	101.86	69.19	19.47	40.26	27.06	4.51	0	0	0	20.13	6.27	130.68	123.2	171.71	643.94	451.99
17.7888	259.16	147.62	110.77	75.57	21.67	46.53	29.26	6.71	0	0	0	17.6	6.27	91.41	109.23	164.12	697.29	388.63
17.7988	269.17	158.62	117.48	79.75	21.67	52.91	33.77	6.71	0	0	0	15.07	6.27	62.7	87.67	154	740.08	325.71
17.8088	277.31	169.51	126.28	88.33	23.87	62.15	38.28	9.02	0	0	0	10.01	6.27	37.73	68.42	141.35	794.75	263.78
17.8188	285.23	179.85	130.68	94.6	23.87	69.19	42.79	9.02	0	0	0	4.95	6.27	25.19	58.85	116.05	835.23	211.31
17.8288	293.04	188.21	137.28	100.98	25.96	76.23	45.1	11.22	0	0	0	0	4.18	17.6	48.4	76.01	878.02	146.19
17.8388	296.89	196.46	141.68	109.45	25.96	83.27	49.61	13.53	0	0	0	0	4.18	12.54	38.28	36.19	916.85	91.19
17.8488	300.74	202.62	146.08	117.81	25.96	90.31	51.81	15.73	0	0	0	0	0	10.01	28.27	25.08	951.06	63.36
17.8587	302.72	208.89	148.28	123.97	28.16	97.35	56.32	15.73	0	0	0	0	0	7.48	16.06	13.86	981.42	37.4
17.8687	300.74	210.98	150.48	130.24	28.16	102.08	58.63	18.04	0	0	0	0	0	4.95	8.03	5.5	999.35	18.48
17.8787	300.74	212.96	150.48	134.31	30.36	109.12	63.36	20.24	0	0	0	0	0	4.95	6.05	5.5	1021.57	16.5
17.8887	296.89	212.96	150.48	140.58	30.36	113.85	65.67	20.24	0	0	0	0	0	0	3.96	0	1031.03	3.96
17.8987	293.04	210.98	148.28	146.74	30.36	118.58	70.4	20.24	0	0	0	0	0	0	0	0	1038.62	0
17.9087	285.23	208.89	146.08	150.92	32.56	123.42	72.82	22.55	0	0	0	0	0	0	0	0	1042.47	0
17.9187	279.29	204.71	141.68	155.1	32.56	128.15	75.13	22.55	0	0	0	0	0	0	0	0	1039.17	0
17.9287	269.17	198.55	139.48	159.17	32.56	132.99	79.86	24.75	0	0	0	0	0	0	0	0	1036.53	0
17.9387	261.14	192.28	135.08	161.26	34.65	137.72	82.28	24.75	0	0	0	0	0	0	0	0	1029.16	0
17.9487	253	188.21	130.68	163.35	34.65	142.56	84.59	27.06	0	0	0	0	0	0	0	0	1024.1	0
17.9587	242.99	181.94	126.28	165.44	34.65	147.29	89.32	27.06	0	0	0	0	0	0	0	0	1014.97	0
17.9687	232.87	173.69	121.88	167.53	34.65	152.13	91.74	29.26	0	0	0	0	0	0	0	0	1003.75	0
17.9787	224.84	167.53	117.48	171.71	36.85	156.97	96.47	31.57	0	0	0	0	0	0	0	0	1003.42	0
17.9887	212.63	158.62	113.08	173.8	36.85	161.7	98.78	33.77	0	0	0	0	0	0	0	0	989.23	0
17.9987	202.51	149.82	106.37	176	39.05	166.54	103.51	36.08	0	0	0	0	0	0	0	0	979.88	0
18.0087	190.3	141.02	101.86	180.18	39.05	171.16	108.24	38.28	0	0	0	0	0	0	0	0	970.09	0
18.0187	180.18	134.42	95.15	182.38	41.25	178.09	113.08	42.79	0	0	0	0	0	0	0	0	967.34	0
18.0287	170.06	125.62	90.75	186.56	41.25	182.71	117.59	45.1	0	0	0	0	0	0	0	0	959.64	0
18.0387	160.05	116.82	84.04	188.65	41.25	187.22	122.1	47.3	0	0	0	0	0	0	0	0	947.43	0
18.0487	152.13	110.22	79.53	190.85	43.34	191.84	126.61	51.81	0	0	0	0	0	0	0	0	946.33	0
18.0587	142.23	102.19	75.13	192.94	43.34	196.46	131.23	54.12	0	0	0	0	0	0	0	0	937.64	0
18.0687	134.2	96.25	70.62	195.03	45.54	200.97	137.94	58.63	0	0	0	0	0	0	0	0	939.18	0
18.0787	124.3	90.31	64.02	195.03	45.54	203.28	142.56	60.72	0	0	0	0	0	0	0	0	925.76	0
18.0887	116.38	82.28	61.71	197.23	47.74	207.9	147.07	62.92	0	0	0	0	0	0	0	0	923.23	0
18.0987	108.02	76.34	57.31	199.32	47.74	210.21	151.58	67.32	0	0	0	0	0	0	0	0	917.84	0
18.1087	99.33	70.4	51.15	201.41	47.74	212.41	156.09	69.41	0	0	0	0	0	0	0	0	907.94	0
18.1187	88.44	64.46	47.19	203.61	49.94	214.72	160.71	71.61	0	0	0	0	0	0	0	0	900.68	0
18.1287	81.84	58.52	43.23	207.79	49.94	214.72	167.53	73.81	0	0	0	0	0	0	0	0	897.38	0
18.1387	73.15	52.69	39.27	209.88	49.94	217.03	169.84	78.21	0	0	0	0	0	0	0	0	890.01	0
18.1487	66.66	48.95	35.42	212.08	52.03	219.34	174.46	80.3	0	0	0	0	0	0	0	0	889.24	0
18.1587	57.97	43.34	33.44	214.17	52.03	219.34	179.08	82.5	0	0	0	0	0	0	0	0	881.87	0
18.1687	49.61	37.62	27.5	214.17	52.03	221.65	183.81	84.7	0	0	0	0	0	0	0	0	871.09	0
18.1787	43.45	33.88	25.52	214.17	49.94	221.65	190.74	86.9	0	0	0	0	0	0	0	0	866.25	0
18.1887	39.27	30.14	21.56	212.08	49.94	221.65	195.47	89.1	9.13	0	0	0	0	0	0	0	859.21	9.13
18.1987	35.09	28.16	19.58	209.88	49.94	221.65	200.09	91.19	13.64	0	0	0	0	0	0	0	855.58	13.64
18.2087	33.11	24.42	17.71	205.7	47.74	223.96	204.71	93.39	15.95	0	0	0	0	0	0	0	850.74	15.95
18.2187	28.93	22.55	15.73	203.61	47.74	223.96	209.44	95.59	15.95	0	0	0	0	0	0	0	847.55	15.95
18.2287	26.84	18.81	13.75	197.23	45.54	223.96	214.06	97.79	15.95	0	0	0	0	0	0	0	837.98	15.95
18.2387	22.77	16.94	11.77	190.85	43.34	223.96	216.37	99.99	15.95	0	0	0	0	0	0	0	825.99	15.95
18.2487	20.68	13.09	9.79	184.47	39.05	223.96	220.99	102.08	18.26	0	0	0	0	0	0	0	814.11	18.26
18.2587	18.59	11.22	7.81	176	36.85	223.96	225.61	104.28	20.57	0	0	0	0	0	0	0	804.32	20.57
18.2687	14.41	9.35	5.83	165.44	34.65	221.65	227.92	108.68	25.08	0	0	0	0	0	0	0	787.93	25.08
18.2787	12.32	7.48	3.85	155.1	30.36	221.65	230.23	110.88	32.01	0	0	0	0	0	0	0	771.87	32.01
18.2887	12.32	7.48	3.85	144.76	25.96	219.34	232.54	113.08	47.96	0	7.59	4.95	0	0	0	0	759.33	60.5
18.2987	10.34	7.48	3.85	132.33	23.87	217.03	234.85	115.28	73.81	6.27	15.18	7.48	0	0	0	0	745.03	102.74
18.3087	10.34	5.61	3.85	117.81	19.47	214.72	234.85	117.59	107.25	14.63	24.64	20.13	0	0	3.96	0	724.24	170.61
18.3187	8.25	5.61	0	105.27	17.27	210.21	237.16	119.9	132.66	25.08	37.95	25.19	4.18	7.48	8.03	0	703.67	240.57
18.3287	6.16	5.61	0	90.42	15.18	205.59	237.16	122.21	153.12	33.44	51.26	30.14	6.27	10.01	8.03	0	682.33	292.27
18.3387	6.16	5.61	0	73.48	12.98	196.46	237.16	124.52	166.76	39.71	63.8	32.67	8.47	17.6	12.1	0	656.37	341.11
18.3487	4.07	5.61	0	56.54	12.98	184.91	237.16	126.83	178.42	43.89	72.49	35.2	10.56	27.72	18.15	0	628.1	386.43
18.3587	0	3.74	0	43.89	12.98	168.96	234.85	129.03	187.77	48.07	81.18	35.2	12.65	35.2	24.2	0	593.45	424.27
18.3687	0	3.74	0	33.44	10.78	147.29	227.92	129.03	199.43	52.25	92.07	40.26	12.65	45.32	30.25	5.5	552.2	477.73
18.3787	0	3.74	0	27.17	10.78	121	209.44	129.03	213.51	56.43	102.96	42.79	12.65	52.91	32.23	8.36	501.16	521.84
18.3887	0	3.74	0	20.9	10.78	88	174.46	126.83	225.17	60.72	113.85	45.32	14.74	60.28	38.28	13.86	424.71	572.22
18.3987	0	0	0	18.81	10.78	62.15	128.92	122.21	239.03	64.9	125.29	47.85	14.74	69.85	40.37	16.72	342.87	618.75
18.4087	0	0	0	14.63	12.98	42.35	84.59	110.88	252.89	69.19	136.84	50.38	14.74	74.69	44.33	25.08	265.43	668.14
18.4187	0	0	0	12.54	10.78	29.59	58.63	93.39	266.75	71.28	148.28	52.91	16.94	81.84	48.4	30.69	204.93	717.09
18.4287	0	0	0	8.36	10.78	21.12	45.1	73.81	280.72	75.57	157.52	55.44	16.94	86.68	50.38	36.19	159.17	759.44
18.4387	0	0	0	6.27	8.58	14.74	36.08	54.12	290.29	79.86	166.76	60.39	16.94	93.83	52.47	41.8	119.79	802.34
18.4487	0	0	0	6.27	6.49	12.65	29.26	24.75	299.86	84.04	173.69	62.92	19.03	101.09	54.45	44.66	79.42	839.74
18.4587	0	0	0	6.27	4.29	8.47	18.04	4.51	307.12	90.42	178.42	67.98	19.03	108.24	56.54	47.41	41.58	875.16
18.4687	0	0	0	4.18	0	6.27	11.22	0	309.54	94.71	180.73	75.46	19.03	115.5	56.54	50.16	21.67	901.67
18.4787	0	0	0	4.18	0	6.27	9.02	0	309.54	98.89	180.73	80.41	19.03	123.09	58.85	53.02	19.47	923.56
18.4887	0	0	0	4.18	0	6.27	4.51	0	307.12	101.09	180.73	88	19.03	130.68	58.85	55.77	14.96	941.27
18.4987	0	0	0	0	0	4.18	0	0	304.7	105.27	178.42	95.48	21.12	138.27	58.85	58.63	4.18	960.74
18.5087	0	0	0	0	0	4.18	0	0	297.55	107.47	173.69	102.96	21.12	145.75	58.85	58.63	4.18	966.02
18.5187	0	0	0	0	0	0	0	0	287.87	107.47	169.07	108.02	21.12	150.81	58.85	61.49	0	964.7
18.5287	0	0	0	0	0	0	0	0	278.3	109.56	164.45	115.5	23.21	158.4	58.85	64.35	0	972.62
18.5387	0	0	0	0	0	0	0	0	269.06	109.56	157.52	122.98	23.21	163.46	61.27	64.35	0	971.41
18.5487	0	0	0	0	0	0	0	0	259.82	109.56	150.59	130.46	25.41	168.52	61.27	64.35	0	969.98
18.5587	0	0	0	0	0	0	0	0	248.27	109.56	143.66	137.94	25.41	175.67	61.27	67.32	0	969.1
18.5687	0	0	0	0	0	0	0	0	236.72	109.56	136.84	145.42	25.41	180.4	61.27	70.18	0	965.8
18.5787	0	0	0	0	0	0	0	0	222.86	107.47	127.6	155.32	25.41	185.13	61.27	70.18	0	955.24
18.5887	0	0	0	0	0	0	0	0	211.09	105.27	120.67	162.8	27.5	192.17	61.27	70.18	0	950.95
18.5987	0	0	0	0	0	0	0	0	199.43	101.09	113.85	170.61	27.5	196.9	63.69	73.15	0	946.22
18.6087	0	0	0	0	0	0	0	0	187.77	98.89	107.25	178.53	27.5	203.94	61.27	73.15	0	938.3
18.6187	0	0	0	0	0	0	0	0	176.11	94.71	100.76	189.09	29.59	211.09	63.69	76.01	0	941.05
18.6287	0	0	0	0	0	0	0	0	164.45	90.42	94.27	197.12	29.59	218.13	63.69	78.98	0	936.65
18.6387	0	0	0	0	0	0	0	0	153.12	86.13	87.67	205.04	29.59	225.39	66.11	78.98	0	932.03
18.6487	0	0	0	0	0	0	0	0	143.99	81.95	81.18	212.96	29.59	230.34	66.11	81.84	0	927.96
18.6587	0	0	0	0	0	0	0	0	134.86	77.66	76.78	220.88	29.59	237.6	68.42	84.81	0	930.6
18.6687	0	0	0	0	0	0	0	0	125.84	73.48	72.49	228.69	31.79	244.97	70.84	84.81	0	932.91
18.6787	0	0	0	0	0	0	0	0	119.02	69.19	68.09	233.53	31.79	249.92	73.26	87.67	0	932.47
18.6887	0	0	0	0	0	0	0	0	109.67	64.9	61.6	238.37	31.79	257.18	73.26	90.53	0	927.3
18.6987	0	0	0	0	0	0	0	0	102.52	60.72	57.2	243.21	31.79	262.13	75.68	90.53	0	923.78
18.7087	0	0	0	0	0	0	0	0	92.95	54.34	51.26	250.47	31.79	266.97	78.1	93.5	0	919.38
18.7187	0	0	0	0	0	0	0	0	85.8	52.25	47.41	255.31	33.88	271.92	80.41	96.36	0	923.34
18.7287	0	0	0	0	0	0	0	0	78.65	48.07	43.67	260.15	33.88	276.76	82.83	96.36	0	920.37
18.7387	0	0	0	0	0	0	0	0	71.5	43.89	39.82	264.99	33.88	281.71	85.25	99.33	0	920.37
18.7487	0	0	0	0	0	0	0	0	64.35	41.8	36.08	267.41	33.88	286.55	87.67	102.19	0	919.93
18.7587	0	0	0	0	0	0	0	0	59.51	37.62	34.1	272.25	33.88	289.08	89.98	105.16	0	921.58
18.7687	0	0	0	0	0	0	0	0	52.58	35.53	28.49	274.67	35.97	293.92	92.4	108.02	0	921.58
18.7787	0	0	0	0	0	0	0	0	45.76	31.35	24.64	274.67	35.97	298.87	94.82	113.52	0	919.6
18.7887	0	0	0	0	0	0	0	0	38.83	27.17	20.9	277.09	35.97	301.29	97.24	116.05	0	914.54
18.7987	0	0	0	0	0	0	0	0	32.01	25.08	17.05	277.09	33.88	306.24	99.66	118.58	0	909.59
18.8087	0	0	0	0	0	0	0	0	27.39	20.9	15.18	274.67	33.88	311.08	104.39	123.64	0	911.13
18.8187	0	0	0	0	0	0	0	0	25.08	18.81	11.33	269.83	33.88	313.5	106.81	126.17	0	905.41
18.8287	4.07	0	0	0	0	0	0	0	22.88	16.72	9.46	264.99	31.79	316.03	106.81	131.23	4.07	899.91
18.8387	6.16	0	0	0	0	0	0	0	18.26	14.63	7.59	260.15	29.59	318.45	109.23	133.76	6.16	891.66
18.8487	8.25	0	0	0	0	0	0	0	15.95	10.45	5.61	250.47	27.5	320.87	109.23	136.29	8.25	876.37
18.8587	12.32	0	0	0	0	0	0	0	15.95	10.45	5.61	243.21	25.41	323.4	111.65	138.82	12.32	874.5
18.8687	16.5	3.74	0	0	0	0	0	0	13.64	8.36	3.74	231.11	21.12	323.4	109.23	141.35	20.24	851.95
18.8787	28.93	7.48	0	0	0	0	0	0	13.64	8.36	3.74	218.24	19.03	325.82	109.23	143.88	36.41	841.94
18.8887	57.97	16.94	7.81	0	0	0	0	0	13.64	6.27	3.74	202.4	16.94	325.82	109.23	148.94	82.72	826.98
18.8987	126.28	32.01	25.52	6.27	0	0	0	0	13.64	6.27	3.74	183.81	12.65	323.4	109.23	151.47	190.08	804.21
18.9087	180.18	47.08	41.25	12.54	0	0	0	0	11.44	6.27	0	165.33	10.56	323.4	109.23	156.53	281.05	782.76
18.9187	188.32	52.69	47.19	18.81	0	4.18	4.51	0	11.44	6.27	0	145.42	10.56	320.87	109.23	159.06	315.7	762.85
18.9287	182.27	58.52	53.13	27.17	4.29	8.47	6.71	0	11.44	4.18	0	122.98	8.47	313.5	109.23	166.76	340.56	736.56
18.9387	180.18	66.44	59.51	33.44	8.58	12.65	11.22	0	9.13	4.18	0	100.54	6.27	306.24	113.96	171.71	372.02	712.03
18.9487	182.27	74.36	66.22	39.71	12.98	16.94	15.73	0	9.13	4.18	0	80.41	6.27	291.5	113.96	174.24	408.21	679.69
18.9587	184.25	80.3	70.62	45.98	19.47	21.12	20.24	0	6.82	4.18	0	62.92	6.27	274.34	118.58	179.19	441.98	652.3
18.9687	192.39	90.31	79.53	52.25	21.67	27.5	24.75	0	4.51	4.18	0	47.85	6.27	252.34	120.89	184.25	488.4	620.29
18.9787	204.49	100.21	90.75	56.54	23.87	33.88	31.57	0	4.51	0	0	35.2	6.27	222.97	120.89	186.78	541.31	576.62
18.9887	220.77	110.22	101.86	62.81	23.87	44.44	40.59	4.51	0	0	0	27.72	6.27	182.82	116.27	184.25	609.07	517.33
18.9987	234.85	119.02	113.08	69.19	25.96	52.91	49.61	6.71	0	0	0	25.19	6.27	138.27	109.23	181.72	671.33	460.68
19.0087	244.97	125.62	124.08	71.28	28.16	62.15	58.63	9.02	0	0	0	20.13	6.27	93.83	94.82	174.24	723.91	389.29
19.0187	253	132.22	132.88	77.66	28.16	71.5	68.09	11.22	0	0	0	17.6	8.47	60.28	75.68	164.12	774.73	326.15
19.0287	261.14	138.82	139.48	84.04	30.36	80.85	75.13	13.53	0	0	0	12.54	8.47	37.73	63.69	143.88	823.35	266.31
19.0387	267.19	145.42	148.28	88.33	30.36	88	79.86	15.73	0	0	0	7.48	6.27	25.19	52.47	116.05	863.17	207.46
19.0487	273.24	152.02	152.68	96.8	30.36	97.35	84.59	18.04	0	0	0	0	4.18	17.6	44.33	67.32	905.08	133.43
19.0587	273.24	158.62	157.08	103.07	32.56	106.7	87.01	20.24	0	0	0	0	4.18	10.01	34.32	33.44	938.52	81.95
19.0687	273.24	160.82	157.08	109.45	32.56	116.16	89.32	24.75	0	0	0	0	0	10.01	22.11	22.33	963.38	54.45
19.0787	271.26	165.22	157.08	117.81	34.65	125.73	91.74	27.06	0	0	0	0	0	7.48	12.1	11.11	990.55	30.69
19.0887	267.19	167.53	157.08	126.06	34.65	132.99	96.47	29.26	0	0	0	0	0	4.95	6.05	5.5	1011.23	16.5
19.0987	263.12	169.51	154.88	132.33	34.65	140.14	98.78	31.57	0	0	0	0	0	4.95	3.96	5.5	1024.98	14.41
19.1087	257.07	167.53	152.68	138.49	36.85	147.29	101.2	33.77	0	0	0	0	0	0	0	0	1034.88	0
19.1187	249.04	165.22	148.28	144.76	36.85	154.55	105.93	36.08	0	0	0	0	0	0	0	0	1040.71	0
19.1287	240.9	158.62	143.88	146.74	39.05	159.28	113.08	38.28	0	0	0	0	0	0	0	0	1039.83	0
19.1387	230.89	154.22	139.48	148.83	39.05	164.12	117.59	40.59	0	0	0	0	0	0	0	0	1034.77	0
19.1487	220.77	145.42	132.88	150.92	41.25	168.96	124.41	40.59	0	0	0	0	0	0	0	0	1025.2	0
19.1587	210.65	138.82	128.48	153.01	41.25	173.47	128.92	42.79	0	0	0	0	0	0	0	0	1017.39	0
19.1687	198.44	130.02	121.88	153.01	41.25	175.78	133.43	45.1	0	0	0	0	0	0	0	0	998.91	0
19.1787	190.3	123.42	115.28	155.1	43.34	180.4	140.25	47.3	0	0	0	0	0	0	0	0	995.39	0
19.1887	178.2	114.62	108.57	157.08	43.34	182.71	142.56	47.3	0	0	0	0	0	0	0	0	974.38	0
19.1987	168.08	106.15	101.86	157.08	43.34	187.22	149.38	49.61	0	0	0	0	0	0	0	0	962.72	0
19.2087	158.07	100.21	95.15	157.08	45.54	189.53	153.89	51.81	0	0	0	0	0	0	0	0	951.28	0
19.2187	146.19	92.29	88.55	159.17	45.54	191.84	158.4	54.12	0	0	0	0	0	0	0	0	936.1	0
19.2287	136.18	84.37	81.84	159.17	47.74	194.15	162.91	56.32	0	0	0	0	0	0	0	0	922.68	0
19.2387	126.28	78.32	75.13	159.17	47.74	196.46	169.84	60.72	0	0	0	0	0	0	0	0	913.66	0
19.2487	118.36	70.4	70.62	159.17	47.74	200.97	174.46	62.92	0	0	0	0	0	0	0	0	904.64	0
19.2587	108.02	64.46	64.02	159.17	49.94	203.28	181.5	67.32	0	0	0	0	0	0	0	0	897.71	0
19.2687	97.13	56.54	57.31	159.17	49.94	205.59	186.12	69.41	0	0	0	0	0	0	0	0	881.21	0
19.2787	86.24	52.69	51.15	159.17	52.03	205.59	193.05	73.81	0	0	0	0	0	0	0	0	873.73	0
19.2886	75.35	47.08	47.19	159.17	52.03	205.59	197.78	76.01	0	0	0	0	0	0	0	0	860.2	0
19.2986	66.66	43.34	43.23	161.26	52.03	207.9	202.4	78.21	0	0	0	0	0	0	0	0	855.03	0
19.3086	60.06	37.62	37.29	161.26	54.23	207.9	209.44	80.3	0	0	0	0	0	0	0	0	848.1	0
19.3186	53.79	33.88	33.44	163.35	54.23	207.9	214.06	82.5	0	0	0	0	0	0	0	0	843.15	0
19.3286	45.54	32.01	29.48	163.35	54.23	210.21	218.68	84.7	0	0	0	0	0	0	0	0	838.2	0
19.3386	41.36	28.16	25.52	163.35	54.23	212.41	223.41	86.9	0	0	0	0	0	0	0	0	835.34	0
19.3486	35.09	26.29	23.54	163.35	54.23	212.41	227.92	86.9	0	0	0	0	0	0	0	0	829.73	0
19.3586	33.11	24.42	21.56	163.35	52.03	212.41	232.54	89.1	0	0	0	0	0	0	0	0	828.52	0
19.3686	31.02	22.55	19.58	163.35	52.03	212.41	234.85	91.19	0	0	0	0	0	0	0	0	826.98	0
19.3786	28.93	18.81	17.71	161.26	49.94	214.72	241.78	91.19	0	0	0	0	0	0	0	0	824.34	0
19.3886	24.75	16.94	13.75	159.17	47.74	214.72	243.98	93.39	0	0	0	0	0	0	0	0	814.44	0
19.3986	22.77	15.07	11.77	155.1	47.74	214.72	250.91	95.59	0	0	0	0	0	0	0	0	813.67	0
19.4086	18.59	11.22	9.79	150.92	45.54	214.72	255.53	97.79	4.51	0	0	0	0	0	0	0	804.1	4.51
19.4186	16.5	9.35	7.81	144.76	41.25	212.41	260.15	99.99	13.64	0	0	0	0	0	0	0	792.22	13.64
19.4286	14.41	7.48	5.83	136.4	39.05	212.41	266.97	102.08	22.88	0	0	0	0	0	0	0	784.63	22.88
19.4386	12.32	7.48	5.83	128.15	34.65	210.21	273.9	104.28	29.7	0	0	0	0	0	0	0	776.82	29.7
19.4486	10.34	7.48	3.85	117.81	32.56	207.9	280.72	108.68	41.14	0	5.61	4.95	0	0	0	0	769.34	51.7
19.4586	10.34	7.48	3.85	107.36	28.16	205.59	287.54	110.88	54.89	8.36	13.2	10.01	0	0	0	0	761.2	86.46
19.4686	8.25	7.48	3.85	96.8	23.87	200.97	292.05	115.28	81.07	20.9	28.49	25.19	6.27	4.95	6.05	0	748.55	172.92
19.4786	6.16	5.61	0	84.04	19.47	196.46	296.67	119.9	130.35	35.53	51.26	35.2	14.74	12.54	16.06	5.5	728.31	301.18
19.4886	6.16	5.61	0	69.19	17.27	187.22	303.38	122.21	171.38	45.98	72.49	37.73	14.74	15.07	20.13	5.5	711.04	383.02
19.4986	4.07	5.61	0	54.34	12.98	178.09	308	124.52	171.38	48.07	81.18	42.79	19.03	22.66	28.27	8.36	687.61	421.74
19.5086	4.07	3.74	0	41.8	10.78	164.12	308	126.83	180.73	52.25	94.27	45.32	19.03	35.2	36.3	11.11	659.34	474.21
19.5186	0	3.74	0	31.35	10.78	144.98	308	129.03	187.77	56.43	107.25	50.38	19.03	47.85	44.33	16.72	627.88	529.76
19.5286	0	3.74	0	25.08	8.58	118.58	298.87	126.83	197.12	60.72	118.36	52.91	21.12	57.97	48.4	19.47	581.68	576.07
19.5386	0	3.74	0	18.81	8.58	88	271.59	124.52	204.16	62.81	129.91	55.44	21.12	67.54	54.45	25.08	515.24	620.51
19.5486	0	0	0	16.72	8.58	62.15	225.61	117.59	213.51	67.1	139.15	57.97	23.21	77.11	56.54	27.83	430.65	662.42
19.5586	0	0	0	14.63	8.58	44.44	160.71	110.88	222.86	71.28	150.59	62.92	23.21	86.68	61.27	36.19	339.24	715
19.5686	0	0	0	10.45	10.78	33.88	98.78	104.28	232.1	77.66	159.83	67.98	25.41	91.41	63.69	41.8	258.17	759.88
19.5786	0	0	0	8.36	10.78	25.41	65.67	89.1	239.03	81.95	164.45	72.93	25.41	98.67	66.11	44.66	199.32	793.21
19.5886	0	0	0	6.27	10.78	19.03	47.3	71.61	248.27	88.33	171.38	80.41	25.41	105.82	68.42	50.16	154.99	838.2
19.5986	0	0	0	6.27	8.58	14.74	40.59	51.81	252.89	92.51	176.11	85.47	27.5	113.08	68.42	53.02	121.99	869
19.6086	0	0	0	4.18	6.49	10.56	31.57	22.55	257.51	96.8	178.42	92.95	27.5	120.56	70.84	55.77	75.35	900.35
19.6186	0	0	0	4.18	4.29	8.47	22.55	6.71	259.82	101.09	178.42	100.54	27.5	128.15	70.84	58.63	46.2	924.99
19.6286	0	0	0	4.18	0	6.27	15.73	0	259.82	105.27	178.42	105.49	27.5	135.74	70.84	61.49	26.18	944.57
19.6386	0	0	0	0	0	6.27	13.53	0	257.51	107.47	178.42	113.08	29.59	143.22	73.26	64.35	19.8	966.9
19.6486	0	0	0	0	0	4.18	9.02	0	252.89	109.56	176.11	120.45	29.59	148.28	75.68	67.32	13.2	979.88
19.6586	0	0	0	0	0	4.18	6.71	0	248.27	109.56	171.38	125.51	29.59	155.87	78.1	70.18	10.89	988.46
19.6686	0	0	0	0	0	0	4.51	0	239.03	109.56	166.76	130.46	31.79	163.46	78.1	73.15	4.51	992.31
19.6786	0	0	0	0	0	0	4.51	0	229.79	107.47	162.14	135.41	31.79	168.52	82.83	73.15	4.51	991.1
19.6886	0	0	0	0	0	0	0	0	220.55	105.27	155.21	140.36	31.79	173.36	82.83	76.01	0	985.38
19.6986	0	0	0	0	0	0	0	0	211.09	101.09	148.28	145.42	31.79	180.4	85.25	78.98	0	982.3
19.7086	0	0	0	0	0	0	0	0	199.43	98.89	141.35	147.84	33.88	185.13	89.98	81.84	0	978.34
19.7186	0	0	0	0	0	0	0	0	187.77	94.71	134.53	152.79	33.88	192.17	92.4	81.84	0	970.09
19.7286	0	0	0	0	0	0	0	0	178.42	92.51	127.6	155.32	33.88	196.9	94.82	84.81	0	964.26
19.7386	0	0	0	0	0	0	0	0	169.07	88.33	120.67	157.85	33.88	201.63	97.24	87.67	0	956.34
19.7486	0	0	0	0	0	0	0	0	159.94	84.04	113.85	162.8	35.97	208.67	101.97	90.53	0	957.77
19.7586	0	0	0	0	0	0	0	0	148.5	79.86	107.25	165.33	35.97	215.82	104.39	93.5	0	950.62
19.7686	0	0	0	0	0	0	0	0	141.68	75.57	100.76	170.61	35.97	220.55	106.81	96.36	0	948.31
19.7786	0	0	0	0	0	0	0	0	132.66	71.28	94.27	175.89	38.06	227.81	109.23	99.33	0	948.53
19.7886	0	0	0	0	0	0	0	0	123.53	67.1	87.67	178.53	38.06	235.18	113.96	102.19	0	946.22
19.7986	0	0	0	0	0	0	0	0	114.51	62.81	78.98	183.81	38.06	242.55	116.27	105.16	0	942.15
19.8086	0	0	0	0	0	0	0	0	104.94	58.63	72.49	186.45	38.06	249.92	120.89	108.02	0	939.4
19.8186	0	0	0	0	0	0	0	0	95.37	54.34	65.89	191.73	38.06	257.18	123.2	110.99	0	936.76
19.8286	0	0	0	0	0	0	0	0	88.22	50.16	59.4	194.37	40.26	262.13	125.62	113.52	0	933.68
19.8386	0	0	0	0	0	0	0	0	78.65	45.98	53.13	197.12	40.26	269.5	127.93	116.05	0	928.62
19.8486	0	0	0	0	0	0	0	0	71.5	41.8	47.41	199.76	40.26	274.34	130.24	118.58	0	923.89
19.8586	0	0	0	0	0	0	0	0	61.93	37.62	41.8	202.4	40.26	279.29	134.86	121.11	0	919.27
19.8686	0	0	0	0	0	0	0	0	54.89	33.44	37.95	202.4	40.26	284.13	137.17	123.64	0	913.88
19.8786	0	0	0	0	0	0	0	0	47.96	31.35	32.23	202.4	40.26	289.08	141.9	126.17	0	911.35
19.8886	0	0	0	0	0	0	0	0	41.14	27.17	28.49	202.4	38.06	291.5	144.21	131.23	0	904.2
19.8986	0	0	0	0	0	0	0	0	34.32	22.99	24.64	202.4	38.06	296.34	148.83	133.76	0	901.34
19.9086	0	0	0	0	0	0	0	0	29.7	20.9	20.9	199.76	38.06	298.87	151.14	136.29	0	895.62
19.9186	0	0	0	0	0	0	0	0	25.08	18.81	17.05	199.76	38.06	301.29	153.56	138.82	0	892.43
19.9286	0	0	0	0	0	0	0	0	22.88	16.72	15.18	197.12	35.97	303.71	158.18	143.88	0	893.64
19.9386	0	0	0	0	0	0	0	0	20.57	14.63	11.33	194.37	35.97	303.71	160.49	146.41	0	887.48
19.9486	0	0	0	0	0	0	0	0	18.26	12.54	11.33	189.09	33.88	306.24	162.8	148.94	0	883.08
19.9586	0	0	0	0	0	0	0	0	15.95	10.45	9.46	183.81	31.79	306.24	165.11	151.47	0	874.28
19.9686	0	0	0	0	0	0	0	0	13.64	8.36	7.59	178.53	29.59	306.24	167.53	154	0	865.48
19.9786	0	0	0	0	0	0	0	0	13.64	8.36	5.61	170.61	27.5	306.24	167.53	156.53	0	856.02
19.9886	0	0	0	0	0	0	0	0	11.44	6.27	3.74	160.27	25.41	306.24	167.53	159.06	0	839.96
19.9986	8.25	0	0	0	0	0	0	0	11.44	6.27	3.74	152.79	23.21	306.24	167.53	161.59	8.25	832.81
20.0086	16.5	3.74	0	0	0	0	0	0	11.44	6.27	3.74	142.89	19.03	303.71	167.53	164.12	20.24	818.73
20.0186	31.02	9.35	3.85	0	0	0	0	0	11.44	6.27	3.74	132.88	14.74	303.71	167.53	166.76	44.22	807.07
20.0286	70.95	20.68	13.75	6.27	0	0	0	0	9.13	6.27	0	120.45	12.65	303.71	167.53	169.18	111.65	788.92
20.0386	132.22	39.49	35.42	10.45	0	0	0	0	9.13	4.18	0	108.02	10.56	298.87	167.53	171.71	217.58	770
20.0486	172.15	54.56	47.19	29.26	4.29	6.27	9.02	0	9.13	4.18	0	95.48	8.47	296.34	165.11	171.71	322.74	750.42
20.0586	190.3	64.46	55.11	35.53	10.78	10.56	11.22	0	6.82	4.18	0	82.94	8.47	289.08	165.11	176.77	377.96	733.37
20.0686	182.27	68.42	61.71	37.62	10.78	14.74	15.73	0	6.82	4.18	0	67.98	6.27	279.29	162.8	176.77	391.27	704.11
20.0786	176.22	74.36	68.42	48.07	19.47	21.12	22.55	0	6.82	4.18	0	52.91	6.27	264.55	165.11	179.19	430.21	679.03
20.0886	176.22	82.28	75.13	52.25	19.47	31.79	27.06	0	4.51	4.18	0	40.26	4.18	244.97	165.11	181.72	464.2	644.93
20.0986	178.2	88.33	79.53	60.72	21.67	44.44	36.08	4.51	4.51	0	0	27.72	4.18	218.13	167.53	181.72	513.48	603.79
20.1086	190.3	100.21	90.75	69.19	21.67	57.42	42.79	6.71	0	0	0	22.66	4.18	187.44	167.53	184.25	579.04	566.06
20.1186	202.51	112.42	99.66	77.66	21.67	69.19	49.61	9.02	0	0	0	17.6	4.18	145.75	160.49	179.19	641.74	507.21
20.1286	216.7	121.22	110.77	84.04	23.87	80.85	54.12	11.22	0	0	0	15.07	4.18	105.82	146.52	174.24	702.79	445.83
20.1386	226.82	130.02	121.88	90.42	23.87	88	60.94	13.53	0	0	0	10.01	4.18	74.69	120.89	164.12	755.48	373.89
20.1486	234.85	136.62	128.48	94.6	25.96	97.35	65.67	18.04	0	0	0	7.48	6.27	50.38	89.98	154	801.57	308.11
20.1586	242.99	143.22	135.08	98.89	28.16	106.7	72.82	20.24	0	0	0	4.95	4.18	32.67	68.42	133.76	848.1	243.98
20.1686	251.02	147.62	141.68	103.07	28.16	113.85	79.86	22.55	0	0	0	0	4.18	20.13	54.45	102.19	887.81	180.95
20.1786	255.09	149.82	146.08	107.36	30.36	121	87.01	24.75	0	0	0	0	0	12.54	44.33	55.77	921.47	112.64
20.1886	259.16	154.22	150.48	111.65	32.56	128.15	91.74	29.26	0	0	0	0	0	10.01	32.23	27.83	957.22	70.07
20.1986	261.14	154.22	154.88	113.63	32.56	132.99	98.78	31.57	0	0	0	0	0	7.48	20.13	19.47	979.77	47.08
20.2086	261.14	154.22	154.88	115.72	34.65	140.14	105.93	33.77	0	0	0	0	0	4.95	10.01	8.36	1000.45	23.32
20.2186	259.16	152.02	157.08	119.9	34.65	144.98	113.08	36.08	0	0	0	0	0	0	3.96	5.5	1016.95	9.46
20.2286	255.09	149.82	157.08	119.9	34.65	149.71	117.59	38.28	0	0	0	0	0	0	0	0	1022.12	0
20.2386	251.02	145.42	154.88	121.99	36.85	154.55	124.41	42.79	0	0	0	0	0	0	0	0	1031.91	0
20.2486	242.99	141.02	152.68	123.97	36.85	156.97	128.92	45.1	0	0	0	0	0	0	0	0	1028.5	0
20.2586	234.85	136.62	148.28	123.97	36.85	161.7	135.74	47.3	0	0	0	0	0	0	0	0	1025.31	0
20.2686	224.84	130.02	141.68	126.06	39.05	166.54	140.25	49.61	0	0	0	0	0	0	0	0	1018.05	0
20.2786	212.63	123.42	135.08	126.06	39.05	168.96	144.76	51.81	0	0	0	0	0	0	0	0	1001.77	0
20.2886	202.51	116.82	128.48	128.15	41.25	173.47	149.38	54.12	0	0	0	0	0	0	0	0	994.18	0
20.2986	190.3	108.13	119.68	128.15	41.25	178.09	153.89	56.32	0	0	0	0	0	0	0	0	975.81	0
20.3086	176.22	102.19	110.77	132.33	41.25	180.4	156.09	60.72	0	0	0	0	0	0	0	0	959.97	0
20.3186	164.01	96.25	101.86	134.31	43.34	184.91	160.71	62.92	0	0	0	0	0	0	0	0	948.31	0
20.3286	154.11	90.31	95.15	134.31	43.34	187.22	165.22	65.12	0	0	0	0	0	0	0	0	934.78	0
20.3386	144.21	82.28	88.55	138.49	45.54	191.84	169.84	67.32	0	0	0	0	0	0	0	0	928.07	0
20.3486	134.2	76.34	81.84	138.49	45.54	194.15	172.15	69.41	0	0	0	0	0	0	0	0	912.12	0
20.3586	124.3	72.38	75.13	140.58	45.54	198.66	176.77	71.61	0	0	0	0	0	0	0	0	904.97	0
20.3686	116.38	66.44	68.42	140.58	47.74	200.97	183.81	73.81	0	0	0	0	0	0	0	0	898.15	0
20.3786	108.02	60.5	64.02	142.67	47.74	203.28	188.43	76.01	0	0	0	0	0	0	0	0	890.67	0
20.3886	99.33	56.54	59.51	142.67	49.94	203.28	193.05	78.21	0	0	0	0	0	0	0	0	882.53	0
20.3986	92.73	52.69	55.11	142.67	49.94	205.59	197.78	80.3	0	0	0	0	0	0	0	0	876.81	0
20.4086	84.04	47.08	51.15	144.76	49.94	205.59	202.4	80.3	0	0	0	0	0	0	0	0	865.26	0
20.4186	75.35	43.34	47.19	144.76	52.03	207.9	207.02	82.5	0	0	0	0	0	0	0	0	860.09	0
20.4286	68.75	41.36	43.23	146.74	52.03	210.21	211.75	84.7	0	0	0	0	0	0	0	0	858.77	0
20.4386	62.26	37.62	39.27	148.83	54.23	210.21	216.37	86.9	0	0	0	0	0	0	0	0	855.69	0
20.4486	55.88	33.88	37.29	148.83	54.23	212.41	220.99	86.9	0	0	0	0	0	0	0	0	850.41	0
20.4586	49.61	32.01	33.44	150.92	54.23	212.41	227.92	89.1	0	0	0	0	0	0	0	0	849.64	0
20.4686	45.54	28.16	29.48	150.92	54.23	214.72	232.54	91.19	0	0	0	0	0	0	0	0	846.78	0
20.4786	39.27	26.29	25.52	153.01	54.23	214.72	237.16	91.19	0	0	0	0	0	0	0	0	841.39	0
20.4886	35.09	24.42	21.56	153.01	54.23	214.72	241.78	95.59	0	0	0	0	0	0	0	0	840.4	0
20.4986	31.02	20.68	19.58	150.92	54.23	214.72	248.6	95.59	0	0	0	0	0	0	0	0	835.34	0
20.5086	28.93	18.81	17.71	148.83	52.03	214.72	253.22	97.79	0	0	0	0	0	0	0	0	832.04	0
20.5186	26.84	16.94	15.73	146.74	49.94	214.72	260.15	99.99	0	0	0	0	0	0	0	0	831.05	0
20.5286	22.77	15.07	13.75	142.67	47.74	214.72	264.66	102.08	4.51	0	0	0	0	0	0	0	823.46	4.51
20.5386	20.68	13.09	11.77	140.58	45.54	214.72	271.59	104.28	11.44	0	0	0	0	0	0	0	822.25	11.44
20.5486	16.5	11.22	9.79	134.31	43.34	214.72	276.21	106.48	20.57	0	0	0	0	0	0	0	812.57	20.57
20.5586	14.41	9.35	7.81	130.24	41.25	212.41	283.03	108.68	27.39	0	0	0	0	0	0	0	807.18	27.39
20.5686	12.32	7.48	5.83	123.97	36.85	212.41	287.54	113.08	34.32	0	3.74	0	0	0	0	0	799.48	38.06
20.5786	12.32	5.61	5.83	115.72	34.65	210.21	292.05	115.28	38.83	4.18	5.61	4.95	0	0	0	0	791.67	53.57
20.5886	10.34	7.48	3.85	107.36	30.36	207.9	296.67	117.59	45.76	6.27	11.33	7.48	0	0	0	0	781.55	70.84
20.5986	10.34	5.61	3.85	96.8	25.96	205.59	301.18	119.9	57.2	12.54	17.05	15.07	4.18	0	0	0	769.23	106.04
20.6086	8.25	5.61	3.85	86.13	23.87	200.97	303.38	124.52	78.65	18.81	28.49	27.72	8.47	7.48	8.03	0	756.58	177.65
20.6186	6.16	5.61	0	75.57	19.47	198.66	305.69	124.52	116.71	29.26	41.8	30.14	10.56	7.48	12.1	0	735.68	248.05
20.6286	6.16	5.61	0	65.01	17.27	189.53	308	126.83	137.17	33.44	53.13	32.67	14.74	12.54	18.15	5.5	718.41	307.34
20.6386	4.07	3.74	0	52.25	12.98	182.71	310.2	129.03	143.99	39.71	63.8	37.73	16.94	20.13	26.18	8.36	694.98	356.84
20.6486	4.07	3.74	0	41.8	10.78	168.96	312.51	129.03	155.32	43.89	74.69	40.26	16.94	30.14	32.23	11.11	670.89	404.58
20.6586	0	3.74	0	31.35	10.78	149.71	314.82	129.03	164.45	48.07	85.47	45.32	16.94	42.79	38.28	13.86	639.43	455.18
20.6686	0	3.74	0	25.08	8.58	125.73	310.2	126.83	173.69	52.25	96.36	47.85	19.03	57.97	44.33	16.72	600.16	508.2
20.6786	0	3.74	0	18.81	8.58	99.66	292.05	124.52	183.04	58.63	107.25	52.91	19.03	67.54	48.4	22.33	547.36	559.13
20.6886	0	3.74	0	16.72	6.49	71.5	260.15	122.21	192.39	62.81	118.36	57.97	19.03	77.11	52.47	27.83	480.81	607.97
20.6986	0	0	0	12.54	8.58	50.82	211.75	113.08	204.16	67.1	129.91	60.39	21.12	86.68	56.54	33.44	396.77	659.34
20.7086	0	0	0	10.45	10.78	38.06	147.07	106.48	215.82	71.28	139.15	65.45	21.12	93.83	58.85	41.8	312.84	707.3
20.7185	0	0	0	8.36	12.98	27.5	91.74	97.79	227.48	77.66	148.28	70.4	23.21	101.09	63.69	47.41	238.37	759.22
20.7285	0	0	0	6.27	10.78	21.12	63.36	82.5	236.72	81.95	157.52	75.46	25.41	108.24	66.11	50.16	184.03	801.57
20.7385	0	0	0	4.18	8.58	14.74	47.3	65.12	245.96	86.13	164.45	80.41	25.41	115.5	68.42	55.77	139.92	842.05
20.7485	0	0	0	4.18	8.58	12.65	38.28	42.79	252.89	92.51	169.07	85.47	25.41	123.09	68.42	58.63	106.48	875.49
20.7585	0	0	0	4.18	6.49	8.47	31.57	13.53	259.82	96.8	171.38	92.95	25.41	130.68	70.84	61.49	64.24	909.37
20.7685	0	0	0	0	4.29	6.27	22.55	0	262.13	101.09	173.69	100.54	27.5	138.27	70.84	64.35	33.11	938.41
20.7785	0	0	0	0	0	6.27	18.04	0	262.13	105.27	173.69	108.02	27.5	145.75	70.84	64.35	24.31	957.55
20.7885	0	0	0	0	0	4.18	13.53	0	262.13	107.47	173.69	113.08	27.5	150.81	70.84	67.32	17.71	972.84
20.7985	0	0	0	0	0	4.18	11.22	0	259.82	109.56	171.38	118.03	27.5	155.87	70.84	70.18	15.4	983.18
20.8085	0	0	0	0	0	0	9.02	0	255.2	109.56	171.38	122.98	27.5	160.93	73.26	70.18	9.02	990.99
20.8185	0	0	0	0	0	0	6.71	0	248.27	109.56	166.76	127.93	29.59	165.99	73.26	70.18	6.71	991.54
20.8285	0	0	0	0	0	0	4.51	0	241.34	109.56	162.14	132.88	29.59	168.52	73.26	73.15	4.51	990.44
20.8385	0	0	0	0	0	0	0	0	234.41	109.56	155.21	137.94	29.59	175.67	73.26	73.15	0	988.79
20.8485	0	0	0	0	0	0	0	0	225.17	107.47	148.28	142.89	29.59	178.09	75.68	76.01	0	983.18
20.8585	0	0	0	0	0	0	0	0	215.82	105.27	141.35	150.37	29.59	182.82	75.68	76.01	0	976.91
20.8685	0	0	0	0	0	0	0	0	204.16	105.27	134.53	155.32	31.79	187.44	75.68	76.01	0	970.2
20.8785	0	0	0	0	0	0	0	0	194.81	101.09	127.6	160.27	31.79	192.17	78.1	78.98	0	964.81
20.8885	0	0	0	0	0	0	0	0	185.46	98.89	120.67	165.33	31.79	199.32	78.1	78.98	0	958.54
20.8985	0	0	0	0	0	0	0	0	178.42	96.8	116.05	170.61	31.79	203.94	80.41	81.84	0	959.86
20.9085	0	0	0	0	0	0	0	0	169.07	92.51	111.65	175.89	33.88	208.67	82.83	81.84	0	956.34
20.9185	0	0	0	0	0	0	0	0	162.14	90.42	105.05	181.17	33.88	213.4	82.83	84.81	0	953.7
20.9285	0	0	0	0	0	0	0	0	153.12	86.13	100.76	189.09	33.88	218.13	85.25	84.81	0	951.17
20.9385	0	0	0	0	0	0	0	0	146.3	84.04	96.36	194.37	33.88	225.39	87.67	87.67	0	955.68
20.9485	0	0	0	0	0	0	0	0	139.48	79.86	92.07	199.76	35.97	230.34	89.98	90.53	0	957.99
20.9585	0	0	0	0	0	0	0	0	132.66	77.66	85.47	205.04	35.97	237.6	89.98	93.5	0	957.88
20.9685	0	0	0	0	0	0	0	0	125.84	73.48	81.18	210.32	35.97	242.55	92.4	93.5	0	955.24
20.9785	0	0	0	0	0	0	0	0	119.02	71.28	78.98	215.6	35.97	249.92	94.82	96.36	0	961.95
20.9885	0	0	0	0	0	0	0	0	114.51	67.1	74.69	220.88	35.97	254.76	97.24	96.36	0	961.51
20.9985	0	0	0	0	0	0	0	0	107.25	64.9	70.29	226.27	38.06	262.13	99.66	99.33	0	967.89
21.0085	0	0	0	0	0	0	0	0	102.52	60.72	65.89	228.69	38.06	266.97	101.97	102.19	0	967.01
21.0185	0	0	0	0	0	0	0	0	95.37	58.63	61.6	231.11	38.06	271.92	104.39	105.16	0	966.24
21.0285	0	0	0	0	0	0	0	0	90.53	54.34	57.2	235.95	38.06	276.76	106.81	105.16	0	964.81
21.0385	0	0	0	0	0	0	0	0	83.38	50.16	53.13	238.37	38.06	281.71	109.23	108.02	0	962.06
21.0485	0	0	0	0	0	0	0	0	78.65	48.07	49.39	243.21	38.06	286.55	111.65	108.02	0	963.6
21.0585	0	0	0	0	0	0	0	0	71.5	43.89	43.67	243.21	40.26	291.5	113.96	110.99	0	958.98
21.0685	0	0	0	0	0	0	0	0	64.35	41.8	39.82	245.63	40.26	296.34	116.27	113.52	0	957.99
21.0785	0	0	0	0	0	0	0	0	57.2	37.62	36.08	248.05	38.06	301.29	118.58	116.05	0	952.93
21.0885	0	0	0	0	0	0	0	0	50.27	33.44	30.36	248.05	38.06	303.71	120.89	118.58	0	943.36
21.0985	0	0	0	0	0	0	0	0	43.45	27.17	26.51	248.05	38.06	306.24	125.62	121.11	0	936.21
21.1085	0	0	0	0	0	0	0	0	34.32	25.08	20.9	245.63	38.06	311.08	127.93	123.64	0	926.64
21.1185	0	0	0	0	0	0	0	0	27.39	20.9	17.05	243.21	38.06	313.5	130.24	128.7	0	919.05
21.1285	0	0	0	0	0	0	0	0	22.88	18.81	13.2	238.37	35.97	313.5	134.86	131.23	0	908.82
21.1385	0	0	0	0	0	0	0	0	20.57	16.72	11.33	233.53	35.97	316.03	137.17	133.76	0	905.08
21.1485	0	0	0	0	0	0	0	0	18.26	14.63	9.46	226.27	33.88	318.45	141.9	136.29	0	899.14
21.1585	0	0	0	0	0	0	0	0	15.95	10.45	7.59	218.24	31.79	318.45	141.9	141.35	0	885.72
21.1685	0	0	0	0	0	0	0	0	13.64	8.36	5.61	207.68	27.5	318.45	144.21	141.35	0	866.8
21.1785	0	0	0	0	0	0	0	0	13.64	8.36	5.61	197.12	25.41	318.45	144.21	143.88	0	856.68
21.1885	6.16	0	0	0	0	0	0	0	13.64	8.36	3.74	183.81	23.21	318.45	144.21	146.41	6.16	841.83
21.1985	12.32	0	0	0	0	0	0	0	11.44	6.27	3.74	170.61	19.03	318.45	144.21	148.94	12.32	822.69
21.2085	28.93	5.61	0	0	0	0	0	0	11.44	6.27	3.74	157.85	14.74	318.45	144.21	151.47	34.54	808.17
21.2185	92.73	18.81	11.77	0	0	0	0	0	9.13	6.27	0	142.89	12.65	318.45	144.21	156.53	123.31	790.13
21.2285	200.53	37.62	29.48	6.27	0	0	4.51	0	9.13	6.27	0	127.93	10.56	316.03	144.21	159.06	278.41	773.19
21.2385	226.82	48.95	43.23	10.45	0	0	4.51	0	9.13	6.27	0	113.08	8.47	311.08	144.21	161.59	333.96	753.83
21.2485	218.68	58.52	55.11	18.81	0	6.27	4.51	0	9.13	4.18	0	95.48	8.47	303.71	141.9	164.12	361.9	726.99
21.2585	214.61	70.4	64.02	31.35	6.49	10.56	9.02	0	6.82	4.18	0	77.99	6.27	293.92	144.21	164.12	406.45	697.51
21.2685	214.61	76.34	70.62	37.62	10.78	14.74	13.53	0	6.82	4.18	0	60.39	6.27	279.29	144.21	169.18	438.24	670.34
21.2785	212.63	82.28	77.33	39.71	15.18	16.94	20.24	0	4.51	4.18	0	45.32	4.18	259.71	146.52	171.71	464.31	636.13
21.2885	218.68	90.31	84.04	45.98	19.47	21.12	22.55	0	4.51	4.18	0	35.2	4.18	232.76	148.83	174.24	502.15	603.9
21.2985	228.8	100.21	95.15	52.25	21.67	27.5	29.26	0	0	0	0	27.72	4.18	201.63	148.83	174.24	554.84	556.6
21.3085	242.99	110.22	106.37	56.54	23.87	31.79	36.08	0	0	0	0	22.66	6.27	163.46	144.21	174.24	607.86	510.84
21.3185	257.07	121.22	117.48	60.72	23.87	40.26	40.59	4.51	0	0	0	17.6	4.18	120.56	132.55	169.18	665.72	444.07
21.3285	271.26	132.22	126.28	65.01	25.96	46.53	45.1	6.71	0	0	0	15.07	6.27	84.26	113.96	164.12	719.07	383.68
21.3385	283.25	141.02	135.08	71.28	25.96	55.11	49.61	6.71	0	0	0	10.01	6.27	57.97	89.98	154	768.02	318.23
21.3485	291.06	152.02	143.88	77.66	25.96	62.15	54.12	9.02	0	0	0	7.48	6.27	37.73	68.42	136.29	815.87	256.19
21.3585	298.87	163.02	150.48	84.04	28.16	71.5	58.63	11.22	0	0	0	4.95	4.18	25.19	56.54	110.99	865.92	201.85
21.3685	304.7	171.6	157.08	92.51	28.16	80.85	63.36	11.22	0	0	0	0	4.18	17.6	48.4	70.18	909.48	140.36
21.3785	308.55	179.85	161.48	98.89	28.16	88	65.67	13.53	0	0	0	0	0	12.54	36.3	33.44	944.13	82.28
21.3885	310.53	184.03	163.68	105.27	30.36	95.04	70.4	15.73	0	0	0	0	0	7.48	24.2	22.33	975.04	54.01
21.3985	308.55	190.19	165.88	113.63	30.36	102.08	72.82	18.04	0	0	0	0	0	7.48	14.08	13.86	1001.55	35.42
21.4085	308.55	192.28	168.19	119.9	30.36	111.43	75.13	20.24	0	0	0	0	0	4.95	6.05	5.5	1026.08	16.5
21.4185	304.7	194.37	165.88	126.06	32.56	118.58	77.55	20.24	0	0	0	0	0	0	0	5.5	1039.94	5.5
21.4285	300.74	196.46	165.88	132.33	32.56	123.42	79.86	22.55	0	0	0	0	0	0	0	0	1053.8	0
21.4385	294.91	194.37	163.68	136.4	32.56	130.57	82.28	24.75	0	0	0	0	0	0	0	0	1059.52	0
21.4485	287.21	190.19	159.28	142.67	34.65	135.41	87.01	27.06	0	0	0	0	0	0	0	0	1063.48	0
21.4585	277.31	186.12	157.08	144.76	34.65	140.14	91.74	27.06	0	0	0	0	0	0	0	0	1058.86	0
21.4685	269.17	181.94	152.68	148.83	34.65	144.98	94.05	29.26	0	0	0	0	0	0	0	0	1055.56	0
21.4785	259.16	175.78	148.28	150.92	36.85	147.29	98.78	29.26	0	0	0	0	0	0	0	0	1046.32	0
21.4885	251.02	169.51	143.88	153.01	36.85	149.71	101.2	31.57	0	0	0	0	0	0	0	0	1036.75	0
21.4985	240.9	163.02	139.48	155.1	39.05	154.55	105.93	33.77	0	0	0	0	0	0	0	0	1031.8	0
21.5085	230.89	156.42	132.88	155.1	39.05	156.97	108.24	33.77	0	0	0	0	0	0	0	0	1013.32	0
21.5185	220.77	149.82	128.48	159.17	39.05	161.7	110.66	36.08	0	0	0	0	0	0	0	0	1005.73	0
21.5285	208.56	141.02	121.88	159.17	39.05	164.12	115.28	36.08	0	0	0	0	0	0	0	0	985.16	0
21.5385	198.44	134.42	115.28	161.26	41.25	166.54	119.79	38.28	0	0	0	0	0	0	0	0	975.26	0
21.5485	190.3	127.82	110.77	163.35	41.25	171.16	122.1	40.59	0	0	0	0	0	0	0	0	967.34	0
21.5585	182.27	121.22	106.37	163.35	41.25	173.47	126.61	42.79	0	0	0	0	0	0	0	0	957.33	0
21.5685	174.13	114.62	101.86	165.44	43.34	178.09	131.23	45.1	0	0	0	0	0	0	0	0	953.81	0
21.5785	164.01	108.13	97.46	167.53	43.34	182.71	135.74	49.61	0	0	0	0	0	0	0	0	948.53	0
21.5885	156.09	102.19	92.95	167.53	45.54	184.91	137.94	51.81	0	0	0	0	0	0	0	0	938.96	0
21.5985	148.17	96.25	86.24	169.62	45.54	189.53	144.76	54.12	0	0	0	0	0	0	0	0	934.23	0
21.6085	140.25	90.31	81.84	169.62	45.54	194.15	147.07	58.63	0	0	0	0	0	0	0	0	927.41	0
21.6185	132.22	84.37	77.33	169.62	47.74	196.46	151.58	62.92	0	0	0	0	0	0	0	0	922.24	0
21.6285	124.3	78.32	72.93	171.71	47.74	200.97	156.09	65.12	0	0	0	0	0	0	0	0	917.18	0
21.6385	116.38	72.38	66.22	171.71	47.74	203.28	160.71	69.41	0	0	0	0	0	0	0	0	907.83	0
21.6485	108.02	68.42	61.71	173.8	47.74	205.59	165.22	71.61	0	0	0	0	0	0	0	0	902.11	0
21.6585	99.33	62.48	57.31	176	49.94	207.9	169.84	73.81	0	0	0	0	0	0	0	0	896.61	0
21.6685	88.44	56.54	53.13	180.18	49.94	210.21	174.46	76.01	0	0	0	0	0	0	0	0	888.91	0
21.6785	81.84	52.69	49.17	182.38	52.03	210.21	179.08	78.21	0	0	0	0	0	0	0	0	885.61	0
21.6885	73.15	48.95	45.21	184.47	52.03	212.41	183.81	80.3	0	0	0	0	0	0	0	0	880.33	0
21.6985	66.66	45.21	39.27	186.56	52.03	214.72	186.12	82.5	0	0	0	0	0	0	0	0	873.07	0
21.7085	60.06	41.36	35.42	188.65	52.03	217.03	190.74	84.7	0	0	0	0	0	0	0	0	869.99	0
21.7185	51.7	35.75	31.46	190.85	52.03	217.03	195.47	86.9	0	0	0	0	0	0	0	0	861.19	0
21.7285	45.54	32.01	27.5	190.85	52.03	219.34	202.4	89.1	0	0	0	0	0	0	0	0	858.77	0
21.7385	37.18	28.16	23.54	188.65	52.03	219.34	207.02	91.19	0	0	0	0	0	0	0	0	847.11	0
21.7485	35.09	26.29	21.56	186.56	52.03	219.34	211.75	93.39	0	0	0	0	0	0	0	0	846.01	0
21.7585	33.11	24.42	19.58	184.47	49.94	219.34	218.68	95.59	0	0	0	0	0	0	0	0	845.13	0
21.7685	28.93	20.68	17.71	180.18	47.74	221.65	225.61	97.79	6.82	0	0	0	0	0	0	0	840.29	6.82
21.7785	26.84	18.81	13.75	173.8	45.54	221.65	232.54	99.99	6.82	0	0	0	0	0	0	0	832.92	6.82
21.7885	22.77	15.07	11.77	169.62	43.34	221.65	237.16	104.28	11.44	0	0	0	0	0	0	0	825.66	11.44
21.7985	18.59	13.09	9.79	163.35	41.25	221.65	241.78	106.48	15.95	0	0	0	0	0	0	0	815.98	15.95
21.8085	16.5	11.22	7.81	155.1	39.05	219.34	246.29	108.68	20.57	0	0	0	0	0	0	0	803.99	20.57
21.8185	14.41	9.35	5.83	146.74	34.65	219.34	250.91	110.88	27.39	0	3.74	0	0	0	0	0	792.11	31.13
21.8285	12.32	7.48	5.83	138.49	30.36	217.03	253.22	113.08	38.83	4.18	5.61	7.48	0	0	0	0	777.81	56.1
21.8385	10.34	7.48	3.85	128.15	28.16	217.03	255.53	115.28	57.2	10.45	13.2	15.07	0	0	0	0	765.82	95.92
21.8485	10.34	7.48	3.85	115.72	23.87	214.72	255.53	117.59	90.53	16.72	24.64	22.66	6.27	4.95	6.05	0	749.1	171.82
21.8585	8.25	5.61	0	105.27	21.67	212.41	255.53	119.9	125.84	29.26	37.95	27.72	8.47	7.48	10.01	0	728.64	246.73
21.8685	8.25	5.61	0	92.51	17.27	207.9	255.53	119.9	141.68	33.44	49.39	30.14	10.56	12.54	12.1	0	706.97	289.85
21.8785	6.16	5.61	0	79.75	15.18	203.28	255.53	119.9	150.81	37.62	57.2	32.67	10.56	20.13	16.06	0	685.41	325.05
21.8885	6.16	3.74	0	67.1	12.98	194.15	253.22	122.21	159.94	41.8	65.89	35.2	12.65	27.72	22.11	0	659.56	365.31
21.8985	4.07	3.74	0	52.25	12.98	182.71	250.91	122.21	166.76	41.8	72.49	35.2	12.65	35.2	28.27	0	628.87	392.37
21.9085	0	3.74	0	39.71	10.78	168.96	246.29	122.21	173.69	45.98	78.98	37.73	14.74	42.79	30.25	8.36	591.69	432.52
21.9185	0	3.74	0	31.35	10.78	147.29	239.47	122.21	183.04	48.07	87.67	40.26	14.74	52.91	34.32	11.11	554.84	472.12
21.9285	0	3.74	0	25.08	8.58	123.42	225.61	122.21	192.39	52.25	96.36	42.79	14.74	57.97	38.28	16.72	508.64	511.5
21.9385	0	0	0	20.9	8.58	92.62	197.78	119.9	204.16	54.34	105.05	45.32	16.94	62.7	42.35	19.47	439.78	550.33
21.9485	0	0	0	16.72	10.78	66.77	158.4	115.28	215.82	56.43	113.85	45.32	16.94	69.85	46.42	27.83	367.95	592.46
21.9585	0	0	0	14.63	10.78	48.73	110.66	110.88	225.17	60.72	122.98	47.85	16.94	77.11	48.4	33.44	295.68	632.61
21.9685	0	0	0	12.54	10.78	35.97	72.82	102.08	236.72	64.9	132.22	50.38	19.03	81.84	52.47	39.05	234.19	676.61
21.9785	0	0	0	8.36	10.78	25.41	51.81	82.5	245.96	69.19	141.35	55.44	19.03	89.1	56.54	47.41	178.86	724.02
21.9885	0	0	0	6.27	10.78	16.94	42.79	67.32	257.51	73.48	148.28	60.39	21.12	98.67	58.85	50.16	144.1	768.46
21.9985	0	0	0	4.18	6.49	12.65	36.08	49.61	266.75	79.86	152.9	65.45	21.12	105.82	58.85	55.77	109.01	806.52
22.0085	0	0	0	4.18	4.29	10.56	27.06	22.55	273.68	84.04	159.83	70.4	23.21	113.08	63.69	58.63	68.64	846.56
22.0185	0	0	0	4.18	4.29	6.27	18.04	6.71	278.3	88.33	164.45	75.46	23.21	120.56	63.69	61.49	39.49	875.49
22.0285	0	0	0	0	0	6.27	11.22	0	280.72	92.51	166.76	82.94	23.21	128.15	66.11	67.32	17.49	907.72
22.0385	0	0	0	0	0	4.18	9.02	0	280.72	96.8	166.76	90.53	25.41	135.74	68.42	67.32	13.2	931.7
22.0485	0	0	0	0	0	4.18	6.71	0	278.3	98.89	166.76	95.48	25.41	143.22	70.84	70.18	10.89	949.08
22.0585	0	0	0	0	0	4.18	0	0	273.68	98.89	166.76	100.54	25.41	150.81	73.26	73.15	4.18	962.5
22.0685	0	0	0	0	0	0	0	0	266.75	98.89	164.45	105.49	27.5	158.4	75.68	76.01	0	973.17
22.0785	0	0	0	0	0	0	0	0	259.82	98.89	159.83	108.02	27.5	165.99	80.41	78.98	0	979.44
22.0885	0	0	0	0	0	0	0	0	250.58	96.8	157.52	113.08	27.5	171.05	85.25	81.84	0	983.62
22.0985	0	0	0	0	0	0	0	0	243.65	96.8	152.9	115.5	29.59	175.67	87.67	81.84	0	983.62
22.1085	0	0	0	0	0	0	0	0	232.1	92.51	145.97	118.03	29.59	182.82	92.4	84.81	0	978.23
22.1185	0	0	0	0	0	0	0	0	225.17	90.42	141.35	122.98	31.79	187.44	94.82	87.67	0	981.64
22.1285	0	0	0	0	0	0	0	0	213.51	88.33	134.53	122.98	31.79	192.17	99.66	87.67	0	970.64
22.1385	0	0	0	0	0	0	0	0	201.74	84.04	129.91	127.93	31.79	196.9	101.97	90.53	0	964.81
22.1484	0	0	0	0	0	0	0	0	192.39	81.95	122.98	130.46	33.88	203.94	106.81	93.5	0	965.91
22.1584	0	0	0	0	0	0	0	0	180.73	77.66	116.05	132.88	33.88	208.67	111.65	96.36	0	957.88
22.1684	0	0	0	0	0	0	0	0	169.07	73.48	109.45	135.41	35.97	213.4	116.27	99.33	0	952.38
22.1784	0	0	0	0	0	0	0	0	159.94	69.19	102.96	137.94	35.97	220.55	118.58	102.19	0	947.32
22.1884	0	0	0	0	0	0	0	0	148.5	64.9	96.36	140.36	35.97	225.39	123.2	105.16	0	939.84
22.1984	0	0	0	0	0	0	0	0	139.48	62.81	89.87	142.89	35.97	232.76	127.93	108.02	0	939.73
22.2084	0	0	0	0	0	0	0	0	128.04	58.63	83.38	147.84	38.06	240.13	130.24	110.99	0	937.31
22.2184	0	0	0	0	0	0	0	0	119.02	54.34	76.78	150.37	38.06	244.97	134.86	113.52	0	931.92
22.2284	0	0	0	0	0	0	0	0	107.25	50.16	68.09	152.79	38.06	252.34	139.59	118.58	0	926.86
22.2384	0	0	0	0	0	0	0	0	95.37	43.89	59.4	155.32	38.06	257.18	144.21	118.58	0	912.01
22.2484	0	0	0	0	0	0	0	0	83.38	39.71	51.26	157.85	40.26	262.13	148.83	121.11	0	904.53
22.2584	0	0	0	0	0	0	0	0	73.81	35.53	45.54	160.27	40.26	266.97	155.87	123.64	0	901.89
22.2684	0	0	0	0	0	0	0	0	64.35	31.35	39.82	162.8	40.26	269.5	160.49	126.17	0	894.74
22.2784	0	0	0	0	0	0	0	0	54.89	27.17	34.1	162.8	42.35	274.34	165.11	131.23	0	891.99
22.2884	0	0	0	0	0	0	0	0	45.76	22.99	28.49	165.33	40.26	276.76	169.95	133.76	0	883.3
22.2984	0	0	0	0	0	0	0	0	36.52	20.9	24.64	165.33	42.35	279.29	174.79	136.29	0	880.11
22.3084	0	0	0	0	0	0	0	0	29.7	18.81	18.92	162.8	40.26	281.71	179.63	141.35	0	873.18
22.3184	0	0	0	0	0	0	0	0	25.08	14.63	15.18	160.27	40.26	284.13	187	143.88	0	870.43
22.3284	0	0	0	0	0	0	0	0	22.88	14.63	13.2	157.85	38.06	286.55	191.84	148.94	0	873.95
22.3384	0	0	0	0	0	0	0	0	20.57	12.54	11.33	155.32	38.06	286.55	194.37	151.47	0	870.21
22.3484	0	0	0	0	0	0	0	0	18.26	10.45	9.46	150.37	35.97	286.55	199.21	154	0	864.27
22.3584	0	0	0	0	0	0	0	0	15.95	8.36	7.59	147.84	33.88	289.08	204.05	159.06	0	865.81
22.3684	0	0	0	0	0	0	0	0	13.64	8.36	5.61	142.89	33.88	289.08	206.47	159.06	0	858.99
22.3784	8.25	0	0	0	0	0	0	0	13.64	6.27	5.61	135.41	29.59	289.08	209	161.59	8.25	850.19
22.3884	12.32	0	0	0	0	0	0	0	11.44	6.27	5.61	127.93	27.5	289.08	211.42	166.76	12.32	846.01
22.3984	18.59	3.74	0	0	0	0	0	0	11.44	6.27	3.74	120.45	25.41	291.5	213.84	166.76	22.33	839.41
22.4084	28.93	7.48	3.85	0	0	0	0	0	11.44	4.18	3.74	110.55	21.12	289.08	211.42	169.18	40.26	820.71
22.4184	49.61	15.07	9.79	0	0	0	0	0	11.44	4.18	3.74	102.96	19.03	289.08	211.42	171.71	74.47	813.56
22.4284	81.84	26.29	21.56	6.27	0	0	0	0	11.44	4.18	0	92.95	14.74	286.55	211.42	174.24	135.96	795.52
22.4384	110.22	39.49	33.44	12.54	0	0	4.51	0	9.13	4.18	0	82.94	12.65	284.13	211.42	176.77	200.2	781.22
22.4484	136.18	50.82	43.23	31.35	12.98	8.47	18.04	0	9.13	4.18	0	72.93	10.56	281.71	209	179.19	301.07	766.7
22.4584	160.05	60.5	53.13	31.35	15.18	12.65	18.04	0	9.13	4.18	0	60.39	8.47	274.34	204.05	179.19	350.9	739.75
22.4684	158.07	64.46	59.51	37.62	19.47	14.74	22.55	0	6.82	4.18	0	50.38	8.47	266.97	201.63	181.72	376.42	720.17
22.4784	164.01	76.34	68.42	45.98	21.67	23.21	27.06	0	6.82	4.18	0	40.26	6.27	252.34	196.79	181.72	426.69	688.38
22.4884	168.08	82.28	75.13	52.25	21.67	33.88	36.08	0	6.82	0	0	30.14	6.27	235.18	194.37	184.25	469.37	657.03
22.4984	176.22	92.29	84.04	58.63	21.67	46.53	45.1	4.51	4.51	0	0	22.66	6.27	213.4	191.84	184.25	528.99	622.93
22.5084	188.32	104.17	95.15	67.1	23.87	57.42	49.61	6.71	4.51	0	0	17.6	6.27	182.82	189.42	184.25	592.35	584.87
22.5184	202.51	116.82	108.57	75.57	23.87	69.19	56.32	11.22	0	0	0	12.54	6.27	148.28	179.63	181.72	664.07	528.44
22.5284	212.63	125.62	117.48	81.95	25.96	78.54	60.94	13.53	0	0	0	10.01	6.27	113.08	165.11	174.24	716.65	468.71
22.5384	218.68	130.02	124.08	88.33	25.96	90.31	68.09	15.73	0	0	0	7.48	6.27	84.26	137.17	166.76	761.2	401.94
22.5484	224.84	134.42	128.48	94.6	28.16	97.35	72.82	20.24	0	0	0	4.95	4.18	60.28	104.39	156.53	800.91	330.33
22.5584	228.8	141.02	132.88	100.98	28.16	106.7	77.55	22.55	0	0	0	0	6.27	37.73	75.68	141.35	838.64	261.03
22.5684	232.87	145.42	137.28	105.27	30.36	113.85	82.28	27.06	0	0	0	0	4.18	25.19	58.85	116.05	874.39	204.27
22.5784	234.85	149.82	141.68	111.65	30.36	123.42	87.01	31.57	0	0	0	0	0	17.6	48.4	78.98	910.36	144.98
22.5884	234.85	152.02	141.68	119.9	32.56	130.57	91.74	33.77	0	0	0	0	0	12.54	36.3	36.19	937.09	85.03
22.5984	232.87	154.22	141.68	126.06	32.56	140.14	96.47	38.28	0	0	0	0	0	10.01	24.2	22.33	962.28	56.54
22.6084	228.8	154.22	141.68	134.31	34.65	147.29	98.78	40.59	0	0	0	0	0	7.48	12.1	13.86	980.32	33.44
22.6184	226.82	154.22	139.48	138.49	36.85	154.55	103.51	42.79	0	0	0	0	0	4.95	6.05	8.36	996.71	19.36
22.6284	222.75	152.02	139.48	144.76	36.85	159.28	108.24	45.1	0	0	0	0	0	0	3.96	5.5	1008.48	9.46
22.6384	218.68	149.82	137.28	148.83	36.85	164.12	113.08	47.3	0	0	0	0	0	0	3.96	0	1015.96	3.96
22.6484	212.63	145.42	132.88	150.92	39.05	171.16	119.79	49.61	0	0	0	0	0	0	0	0	1021.46	0
22.6584	204.49	138.82	130.68	153.01	39.05	173.47	124.41	51.81	0	0	0	0	0	0	0	0	1015.74	0
22.6684	196.46	132.22	126.28	153.01	41.25	175.78	128.92	54.12	0	0	0	0	0	0	0	0	1008.04	0
22.6784	188.32	125.62	119.68	155.1	41.25	180.4	135.74	56.32	0	0	0	0	0	0	0	0	1002.43	0
22.6884	180.18	119.02	115.28	155.1	43.34	184.91	140.25	58.63	0	0	0	0	0	0	0	0	996.71	0
22.6984	170.06	112.42	108.57	155.1	43.34	187.22	144.76	62.92	0	0	0	0	0	0	0	0	984.39	0
22.7084	158.07	104.17	101.86	155.1	43.34	191.84	149.38	65.12	0	0	0	0	0	0	0	0	968.88	0
22.7184	148.17	98.23	92.95	157.08	45.54	194.15	153.89	67.32	0	0	0	0	0	0	0	0	957.33	0
22.7284	136.18	90.31	84.04	159.17	45.54	198.66	156.09	71.61	0	0	0	0	0	0	0	0	941.6	0
22.7384	126.28	82.28	77.33	161.26	47.74	203.28	160.71	73.81	0	0	0	0	0	0	0	0	932.69	0
22.7484	114.4	74.36	68.42	161.26	47.74	205.59	165.22	76.01	0	0	0	0	0	0	0	0	913	0
22.7584	103.62	68.42	61.71	163.35	47.74	210.21	167.53	78.21	0	0	0	0	0	0	0	0	900.79	0
22.7684	92.73	60.5	55.11	165.44	49.94	212.41	172.15	80.3	0	0	0	0	0	0	0	0	888.58	0
22.7784	81.84	54.56	49.17	165.44	49.94	214.72	176.77	82.5	0	0	0	0	0	0	0	0	874.94	0
22.7884	73.15	48.95	43.23	167.53	49.94	217.03	179.08	84.7	0	0	0	0	0	0	0	0	863.61	0
22.7984	62.26	43.34	37.29	167.53	49.94	219.34	183.81	86.9	0	0	0	0	0	0	0	0	850.41	0
22.8084	53.79	37.62	31.46	169.62	49.94	221.65	188.43	89.1	0	0	0	0	0	0	0	0	841.61	0
22.8184	45.54	32.01	27.5	169.62	49.94	221.65	190.74	91.19	0	0	0	0	0	0	0	0	828.19	0
22.8284	37.18	28.16	23.54	169.62	49.94	221.65	195.47	93.39	0	0	0	0	0	0	0	0	818.95	0
22.8384	33.11	26.29	21.56	167.53	47.74	223.96	200.09	93.39	0	0	0	0	0	0	0	0	813.67	0
22.8484	31.02	22.55	19.58	165.44	47.74	223.96	204.71	95.59	0	0	0	0	0	0	0	0	810.59	0
22.8584	28.93	20.68	15.73	163.35	45.54	223.96	207.02	97.79	0	0	0	0	0	0	0	0	803	0
22.8684	24.75	18.81	13.75	161.26	45.54	223.96	211.75	97.79	0	0	0	0	0	0	0	0	797.61	0
22.8784	22.77	15.07	13.75	159.17	43.34	226.27	214.06	99.99	0	0	0	0	0	0	0	0	794.42	0
22.8884	20.68	13.09	9.79	155.1	41.25	226.27	218.68	102.08	0	0	0	0	0	0	0	0	786.94	0
22.8984	18.59	11.22	9.79	150.92	39.05	226.27	220.99	102.08	0	0	0	0	0	0	0	0	778.91	0
22.9084	16.5	9.35	7.81	146.74	36.85	223.96	225.61	104.28	0	0	0	0	0	0	0	0	771.1	0
22.9184	14.41	7.48	5.83	142.67	34.65	223.96	230.23	106.48	0	0	0	0	0	0	0	0	765.71	0
22.9284	10.34	7.48	3.85	136.4	32.56	223.96	234.85	108.68	0	0	0	0	0	0	0	0	758.12	0
22.9384	10.34	7.48	3.85	130.24	30.36	223.96	239.47	110.88	0	0	0	0	0	0	0	0	756.58	0
22.9484	10.34	5.61	3.85	121.99	28.16	221.65	241.78	113.08	0	0	0	0	0	0	0	0	746.46	0
22.9584	8.25	5.61	3.85	113.63	25.96	221.65	246.29	117.59	6.82	0	0	0	0	0	0	0	742.83	6.82
22.9684	8.25	5.61	0	105.27	23.87	219.34	250.91	119.9	13.64	0	0	0	0	0	0	0	733.15	13.64
22.9784	8.25	5.61	0	98.89	19.47	217.03	255.53	122.21	22.88	0	0	0	0	0	0	0	726.99	22.88
22.9884	6.16	5.61	0	88.33	19.47	214.72	260.15	124.52	32.01	0	3.74	4.95	0	0	0	0	718.96	40.7
22.9984	6.16	5.61	0	81.95	17.27	212.41	264.66	126.83	45.76	8.36	9.46	7.48	0	0	0	0	714.89	71.06
23.0084	4.07	3.74	0	71.28	15.18	207.9	266.97	129.03	76.23	20.9	22.77	25.19	4.18	0	0	0	698.17	149.27
23.0184	4.07	5.61	0	62.81	12.98	200.97	269.28	129.03	134.86	41.8	51.26	40.26	10.56	12.54	10.01	5.5	684.75	306.79
23.0284	0	3.74	0	52.25	12.98	194.15	271.59	131.34	190.08	56.43	78.98	45.32	14.74	20.13	16.06	11.11	666.05	432.85
23.0384	0	3.74	0	41.8	10.78	180.4	273.9	133.65	194.81	56.43	87.67	45.32	16.94	27.72	26.18	13.86	644.27	468.93
23.0484	0	3.74	0	31.35	10.78	164.12	271.59	133.65	201.74	60.72	100.76	50.38	19.03	42.79	36.3	16.72	615.23	528.44
23.0584	0	0	0	25.08	10.78	137.72	266.97	131.34	204.16	62.81	111.65	55.44	19.03	57.97	44.33	22.33	571.89	577.72
23.0684	0	0	0	18.81	8.58	106.7	246.29	129.03	208.78	67.1	120.67	57.97	21.12	69.85	50.38	25.08	509.41	620.95
23.0784	0	0	0	16.72	10.78	78.54	209.44	124.52	213.51	69.19	132.22	60.39	21.12	79.53	56.54	33.44	440	665.94
23.0884	0	0	0	14.63	10.78	55.11	153.89	119.9	222.86	73.48	139.15	65.45	21.12	89.1	61.27	41.8	354.31	714.23
23.0984	0	0	0	12.54	12.98	40.26	101.2	113.08	229.79	79.86	150.59	70.4	23.21	96.25	66.11	47.41	280.06	763.62
23.1084	0	0	0	10.45	12.98	29.59	68.09	99.99	241.34	84.04	159.83	75.46	23.21	105.82	70.84	53.02	221.1	813.56
23.1184	0	0	0	6.27	10.78	19.03	51.81	80.3	248.27	88.33	169.07	80.41	25.41	113.08	73.26	58.63	168.19	856.46
23.1284	0	0	0	4.18	10.78	14.74	42.79	62.92	255.2	92.51	173.69	85.47	23.21	120.56	75.68	61.49	135.41	887.81
23.1384	0	0	0	4.18	8.58	12.65	36.08	36.08	259.82	98.89	178.42	90.53	25.41	128.15	78.1	64.35	97.57	923.67
23.1484	0	0	0	0	4.29	8.47	27.06	11.22	262.13	101.09	180.73	98.01	25.41	135.74	78.1	67.32	51.04	948.53
23.1584	0	0	0	0	4.29	6.27	18.04	0	262.13	105.27	180.73	102.96	27.5	143.22	80.41	70.18	28.6	972.4
23.1684	0	0	0	0	0	6.27	15.73	0	262.13	107.47	178.42	110.55	27.5	148.28	80.41	73.15	22	987.91
23.1784	0	0	0	0	0	4.18	11.22	0	257.51	109.56	178.42	115.5	27.5	155.87	82.83	73.15	15.4	1000.34
23.1884	0	0	0	0	0	4.18	9.02	0	255.2	111.65	173.69	120.45	27.5	160.93	82.83	76.01	13.2	1008.26
23.1984	0	0	0	0	0	4.18	6.71	0	245.96	109.56	171.38	125.51	29.59	165.99	82.83	78.98	10.89	1009.8
23.2084	0	0	0	0	0	4.18	4.51	0	239.03	109.56	164.45	130.46	29.59	171.05	85.25	78.98	8.69	1008.37
23.2184	0	0	0	0	0	0	0	0	229.79	107.47	159.83	135.41	29.59	173.36	87.67	81.84	0	1004.96
23.2284	0	0	0	0	0	0	0	0	222.86	105.27	152.9	137.94	31.79	178.09	89.98	81.84	0	1000.67
23.2384	0	0	0	0	0	0	0	0	213.51	103.18	148.28	140.36	31.79	180.4	92.4	81.84	0	991.76
23.2484	0	0	0	0	0	0	0	0	206.47	101.09	141.35	142.89	31.79	182.82	92.4	81.84	0	980.65
23.2584	0	0	0	0	0	0	0	0	197.12	96.8	136.84	145.42	31.79	187.44	94.82	84.81	0	975.04
23.2684	0	0	0	0	0	0	0	0	187.77	92.51	129.91	145.42	31.79	189.86	97.24	84.81	0	959.31
23.2784	0	0	0	0	0	0	0	0	180.73	90.42	125.29	150.37	33.88	192.17	97.24	84.81	0	954.91
23.2884	0	0	0	0	0	0	0	0	173.69	88.33	120.67	150.37	33.88	194.59	99.66	87.67	0	948.86
23.2984	0	0	0	0	0	0	0	0	169.07	86.13	116.05	152.79	33.88	199.32	101.97	87.67	0	946.88
23.3084	0	0	0	0	0	0	0	0	162.14	81.95	113.85	155.32	35.97	201.63	101.97	87.67	0	940.5
23.3184	0	0	0	0	0	0	0	0	157.63	79.86	109.45	157.85	35.97	206.36	104.39	90.53	0	942.04
23.3284	0	0	0	0	0	0	0	0	150.81	77.66	107.25	160.27	35.97	211.09	106.81	93.5	0	943.36
23.3384	0	0	0	0	0	0	0	0	146.3	75.57	102.96	162.8	35.97	213.4	109.23	93.5	0	939.73
23.3484	0	0	0	0	0	0	0	0	141.68	73.48	100.76	162.8	35.97	220.55	111.65	96.36	0	943.25
23.3584	0	0	0	0	0	0	0	0	137.17	71.28	98.56	165.33	35.97	225.39	113.96	96.36	0	944.02
23.3684	0	0	0	0	0	0	0	0	130.35	69.19	94.27	170.61	38.06	230.34	118.58	99.33	0	950.73
23.3784	0	0	0	0	0	0	0	0	128.04	67.1	92.07	173.25	38.06	235.18	120.89	102.19	0	956.78
23.3884	0	0	0	0	0	0	0	0	121.22	64.9	87.67	178.53	40.26	240.13	123.2	105.16	0	961.07
23.3984	0	0	0	0	0	0	0	0	114.51	60.72	83.38	181.17	40.26	247.39	125.62	108.02	0	961.07
23.4084	0	0	0	0	0	0	0	0	109.67	58.63	76.78	183.81	40.26	252.34	130.24	110.99	0	962.72
23.4184	0	0	0	0	0	0	0	0	102.52	56.43	72.49	189.09	40.26	259.71	132.55	110.99	0	964.04
23.4284	0	0	0	0	0	0	0	0	95.37	52.25	68.09	191.73	42.35	264.55	134.86	113.52	0	962.72
23.4384	0	0	0	0	0	0	0	0	88.22	48.07	61.6	194.37	40.26	271.92	139.59	116.05	0	960.08
23.4484	0	0	0	0	0	0	0	0	81.07	43.89	55.11	199.76	42.35	276.76	141.9	118.58	0	959.42
23.4584	0	0	0	0	0	0	0	0	73.81	39.71	49.39	202.4	42.35	281.71	146.52	121.11	0	957
23.4684	0	0	0	0	0	0	0	0	64.35	35.53	43.67	202.4	42.35	286.55	151.14	126.17	0	952.16
23.4784	0	0	0	0	0	0	0	0	54.89	31.35	36.08	202.4	42.35	291.5	155.87	128.7	0	943.14
23.4884	0	0	0	0	0	0	0	0	43.45	27.17	30.36	199.76	40.26	293.92	160.49	131.23	0	926.64
23.4984	0	0	0	0	0	0	0	0	36.52	22.99	24.64	199.76	40.26	296.34	167.53	136.29	0	924.33
23.5084	0	0	0	0	0	0	0	0	27.39	18.81	18.92	194.37	40.26	296.34	172.37	138.82	0	907.28
23.5184	0	0	0	0	0	0	0	0	22.88	16.72	15.18	189.09	38.06	296.34	179.63	143.88	0	901.78
23.5284	4.07	0	0	0	0	0	0	0	20.57	14.63	11.33	181.17	35.97	298.87	184.58	148.94	4.07	896.06
23.5384	8.25	0	0	0	0	0	0	0	18.26	10.45	9.46	170.61	33.88	296.34	191.84	151.47	8.25	882.31
23.5484	16.5	0	0	0	0	0	0	0	15.95	8.36	7.59	162.8	31.79	296.34	194.37	154	16.5	871.2
23.5584	37.18	9.35	3.85	0	0	0	0	0	13.64	8.36	5.61	150.37	27.5	293.92	199.21	156.53	50.38	855.14
23.5684	92.73	24.42	17.71	4.18	0	0	0	0	11.44	6.27	5.61	137.94	23.21	291.5	201.63	159.06	139.04	836.66
23.5783	158.07	41.36	35.42	10.45	0	0	0	0	11.44	6.27	3.74	125.51	19.03	289.08	201.63	161.59	245.3	818.29
23.5883	192.39	52.69	45.21	20.9	0	4.18	6.71	0	11.44	6.27	3.74	108.02	14.74	286.55	201.63	164.12	322.08	796.51
23.5983	192.39	60.5	53.13	31.35	6.49	10.56	11.22	0	9.13	6.27	0	90.53	12.65	281.71	201.63	166.76	365.64	768.68
23.6083	184.25	66.44	59.51	35.53	12.98	14.74	15.73	0	6.82	4.18	0	72.93	8.47	269.5	201.63	169.18	389.18	732.71
23.6183	178.2	72.38	66.22	41.8	19.47	19.03	24.75	0	6.82	4.18	0	57.97	8.47	257.18	201.63	171.71	421.85	707.96
23.6283	178.2	78.32	70.62	45.98	19.47	27.5	31.57	0	6.82	4.18	0	40.26	6.27	237.6	201.63	171.71	451.66	668.47
23.6383	182.27	86.35	77.33	52.25	19.47	38.06	38.28	0	6.82	0	0	27.72	4.18	215.82	201.63	174.24	494.01	630.41
23.6483	194.37	94.27	88.55	58.63	21.67	48.73	45.1	4.51	4.51	0	0	20.13	4.18	185.13	201.63	174.24	555.83	589.82
23.6583	206.58	106.15	99.66	65.01	21.67	57.42	49.61	6.71	0	0	0	15.07	6.27	145.75	199.21	174.24	612.81	540.54
23.6683	218.68	114.62	106.37	69.19	21.67	66.77	54.12	6.71	0	0	0	10.01	4.18	108.24	184.58	169.18	658.13	476.19
23.6783	228.8	121.22	115.28	75.57	23.87	73.81	58.63	9.02	0	0	0	7.48	4.18	79.53	160.49	161.59	706.2	413.27
23.6883	236.94	130.02	121.88	79.75	23.87	80.85	63.36	11.22	0	0	0	4.95	4.18	57.97	127.93	151.47	747.89	346.5
23.6983	244.97	136.62	128.48	84.04	25.96	88	68.09	13.53	0	0	0	0	4.18	40.26	92.4	138.82	789.69	275.66
23.7083	253	145.42	135.08	88.33	25.96	95.04	72.82	15.73	0	0	0	0	4.18	27.72	66.11	123.64	831.38	221.65
23.7183	261.14	149.82	139.48	92.51	25.96	102.08	77.55	18.04	0	0	0	0	0	17.6	54.45	96.36	866.58	168.41
23.7283	267.19	156.42	143.88	98.89	28.16	109.12	79.86	20.24	0	0	0	0	0	12.54	42.35	53.02	903.76	107.91
23.7383	271.26	163.02	148.28	103.07	28.16	116.16	82.28	22.55	0	0	0	0	0	7.48	30.25	27.83	934.78	65.56
23.7483	273.24	165.22	150.48	107.36	28.16	123.42	84.59	24.75	0	0	0	0	0	4.95	18.15	19.47	957.22	42.57
23.7583	273.24	169.51	152.68	113.63	30.36	130.57	89.32	27.06	0	0	0	0	0	4.95	8.03	8.36	986.37	21.34
23.7683	271.26	169.51	152.68	117.81	30.36	135.41	91.74	29.26	0	0	0	0	0	0	0	5.5	998.03	5.5
23.7783	267.19	169.51	152.68	121.99	30.36	140.14	94.05	31.57	0	0	0	0	0	0	0	0	1007.49	0
23.7883	265.21	169.51	150.48	126.06	32.56	147.29	98.78	33.77	0	0	0	0	0	0	0	0	1023.66	0
23.7983	259.16	167.53	148.28	130.24	32.56	152.13	101.2	36.08	0	0	0	0	0	0	0	0	1027.18	0
23.8083	253	165.22	146.08	134.31	34.65	154.55	103.51	36.08	0	0	0	0	0	0	0	0	1027.4	0
23.8183	244.97	163.02	141.68	138.49	34.65	159.28	103.51	38.28	0	0	0	0	0	0	0	0	1023.88	0
23.8283	234.85	158.62	137.28	142.67	34.65	164.12	105.93	40.59	0	0	0	0	0	0	0	0	1018.71	0
23.8383	226.82	154.22	130.68	146.74	34.65	168.96	108.24	40.59	0	0	0	0	0	0	0	0	1010.9	0
23.8483	216.7	147.62	126.28	150.92	36.85	173.47	110.66	42.79	0	0	0	0	0	0	0	0	1005.29	0
23.8583	208.56	143.22	119.68	155.1	36.85	175.78	113.08	42.79	0	0	0	0	0	0	0	0	995.06	0
23.8683	198.44	136.62	113.08	159.17	36.85	180.4	113.08	42.79	0	0	0	0	0	0	0	0	980.43	0
23.8783	190.3	132.22	108.57	163.35	36.85	182.71	115.28	45.1	0	0	0	0	0	0	0	0	974.38	0
23.8883	182.27	125.62	101.86	167.53	39.05	184.91	115.28	45.1	0	0	0	0	0	0	0	0	961.62	0
23.8983	174.13	121.22	97.46	171.71	39.05	187.22	117.59	45.1	0	0	0	0	0	0	0	0	953.48	0
23.9083	166.1	114.62	92.95	173.8	39.05	189.53	119.79	47.3	0	0	0	0	0	0	0	0	943.14	0
23.9183	158.07	108.13	88.55	176	41.25	191.84	122.1	47.3	0	0	0	0	0	0	0	0	933.24	0
23.9283	152.13	104.17	84.04	178.09	41.25	194.15	126.61	49.61	0	0	0	0	0	0	0	0	930.05	0
23.9383	146.19	100.21	79.53	180.18	41.25	196.46	128.92	49.61	0	0	0	0	0	0	0	0	922.35	0
23.9483	140.25	94.27	77.33	182.38	43.34	198.66	131.23	51.81	0	0	0	0	0	0	0	0	919.27	0
23.9583	134.2	90.31	72.93	184.47	43.34	200.97	135.74	54.12	0	0	0	0	0	0	0	0	916.08	0
23.9683	128.26	84.37	70.62	184.47	43.34	205.59	137.94	56.32	0	0	0	0	0	0	0	0	910.91	0
23.9783	122.32	80.3	66.22	186.56	45.54	207.9	142.56	56.32	0	0	0	0	0	0	0	0	907.72	0
23.9883	116.38	76.34	64.02	188.65	45.54	210.21	144.76	60.72	0	0	0	0	0	0	0	0	906.62	0
23.9983	110.22	72.38	59.51	190.85	45.54	214.72	149.38	62.92	0	0	0	0	0	0	0	0	905.52	0
24.0083	101.42	66.44	57.31	192.94	45.54	214.72	151.58	65.12	0	0	0	0	0	0	0	0	895.07	0
24.0183	92.73	62.48	53.13	197.23	47.74	217.03	153.89	67.32	0	0	0	0	0	0	0	0	891.55	0
24.0283	86.24	56.54	49.17	201.41	47.74	219.34	158.4	69.41	0	0	0	0	0	0	0	0	888.25	0
24.0383	77.55	52.69	45.21	203.61	49.94	221.65	160.71	73.81	0	0	0	0	0	0	0	0	885.17	0
24.0483	70.95	48.95	41.25	207.79	49.94	223.96	165.22	76.01	0	0	0	0	0	0	0	0	884.07	0
24.0583	64.46	45.21	37.29	209.88	49.94	226.27	169.84	78.21	0	0	0	0	0	0	0	0	881.1	0
24.0683	55.88	39.49	33.44	212.08	49.94	226.27	174.46	80.3	0	0	0	0	0	0	0	0	871.86	0
24.0783	49.61	35.75	27.5	212.08	49.94	228.47	179.08	82.5	0	0	0	0	0	0	0	0	864.93	0
24.0883	41.36	32.01	23.54	212.08	49.94	230.78	183.81	84.7	0	0	0	0	0	0	0	0	858.22	0
24.0983	37.18	28.16	21.56	209.88	49.94	230.78	190.74	86.9	0	0	0	0	0	0	0	0	855.14	0
24.1083	33.11	24.42	19.58	205.7	47.74	233.09	195.47	89.1	0	0	0	0	0	0	0	0	848.21	0
24.1183	28.93	22.55	15.73	201.41	45.54	230.78	202.4	91.19	4.51	0	0	0	0	0	0	0	838.53	4.51
24.1283	26.84	18.81	13.75	195.03	45.54	230.78	207.02	93.39	4.51	0	0	0	0	0	0	0	831.16	4.51
24.1383	22.77	16.94	11.77	188.65	43.34	230.78	214.06	97.79	6.82	0	0	0	0	0	0	0	826.1	6.82
24.1483	20.68	13.09	9.79	182.38	39.05	230.78	218.68	99.99	11.44	0	0	0	0	0	0	0	814.44	11.44
24.1583	16.5	11.22	5.83	173.8	36.85	230.78	223.41	99.99	15.95	0	0	0	0	0	0	0	798.38	15.95
24.1683	14.41	9.35	5.83	165.44	34.65	230.78	227.92	102.08	22.88	0	0	0	0	0	0	0	790.46	22.88
24.1783	12.32	7.48	3.85	155.1	30.36	228.47	230.23	104.28	36.52	0	3.74	0	0	0	0	0	772.09	40.26
24.1883	10.34	7.48	3.85	144.76	28.16	228.47	232.54	106.48	59.51	6.27	11.33	7.48	0	0	0	0	762.08	84.59
24.1983	10.34	5.61	3.85	132.33	23.87	226.27	237.16	110.88	97.79	14.63	20.9	17.6	4.18	0	6.05	0	750.31	161.15
24.2083	8.25	7.48	0	117.81	19.47	223.96	239.47	113.08	128.04	22.99	32.23	22.66	4.18	0	8.03	0	729.52	218.13
24.2183	8.25	5.61	0	105.27	17.27	219.34	241.78	113.08	139.48	29.26	43.67	27.72	6.27	10.01	10.01	0	710.6	266.42
24.2283	6.16	5.61	0	88.33	15.18	212.41	243.98	115.28	150.81	35.53	53.13	30.14	8.47	15.07	14.08	0	686.95	307.23
24.2383	6.16	5.61	0	73.48	12.98	203.28	246.29	117.59	162.14	37.62	61.6	30.14	10.56	20.13	18.15	0	665.39	340.34
24.2483	4.07	5.61	0	58.63	12.98	191.84	246.29	119.9	171.38	41.8	68.09	32.67	10.56	27.72	24.2	0	639.32	376.42
24.2583	0	3.74	0	43.89	10.78	178.09	248.6	119.9	180.73	43.89	76.78	35.2	12.65	35.2	30.25	0	605	414.7
24.2683	0	3.74	0	33.44	8.58	156.97	243.98	119.9	192.39	50.16	85.47	37.73	12.65	45.32	32.23	8.36	566.61	464.31
24.2783	0	3.74	0	27.17	10.78	128.15	234.85	119.9	204.16	54.34	94.27	40.26	12.65	52.91	36.3	8.36	524.59	503.25
24.2883	0	0	0	22.99	8.58	97.35	214.06	117.59	218.13	58.63	105.05	42.79	12.65	57.97	38.28	13.86	460.57	547.36
24.2983	0	0	0	18.81	8.58	71.5	174.46	113.08	229.79	64.9	111.65	47.85	14.74	65.12	40.37	13.86	386.43	588.28
24.3083	0	0	0	16.72	10.78	48.73	126.61	108.68	241.34	69.19	120.67	50.38	14.74	69.85	44.33	19.47	311.52	629.97
24.3183	0	0	0	12.54	12.98	35.97	84.59	99.99	252.89	73.48	129.91	52.91	14.74	77.11	44.33	22.33	246.07	667.7
24.3283	0	0	0	10.45	10.78	23.21	58.63	84.7	262.13	79.86	136.84	57.97	16.94	81.84	46.42	27.83	187.77	709.83
24.3383	0	0	0	8.36	10.78	16.94	45.1	69.41	273.68	84.04	143.66	60.39	16.94	89.1	48.4	33.44	150.59	749.65
24.3483	0	0	0	6.27	8.58	12.65	38.28	51.81	283.03	88.33	150.59	65.45	16.94	96.25	50.38	36.19	117.59	787.16
24.3583	0	0	0	4.18	6.49	10.56	31.57	24.75	290.29	94.71	155.21	72.93	19.03	103.4	52.47	39.05	77.55	827.09
24.3683	0	0	0	4.18	4.29	8.47	22.55	6.71	295.13	96.8	159.83	77.99	19.03	110.66	52.47	41.8	46.2	853.71
24.3783	0	0	0	4.18	0	6.27	13.53	0	299.86	101.09	162.14	82.94	19.03	115.5	54.45	47.41	23.98	882.42
24.3883	0	0	0	0	0	4.18	11.22	0	299.86	105.27	164.45	88	21.12	123.09	54.45	47.41	15.4	903.65
24.3983	0	0	0	0	0	4.18	9.02	0	297.55	107.47	164.45	95.48	21.12	130.68	56.54	53.02	13.2	926.31
24.4083	0	0	0	0	0	4.18	6.71	0	292.71	109.56	164.45	100.54	21.12	138.27	56.54	53.02	10.89	936.21
24.4183	0	0	0	0	0	0	0	0	287.87	109.56	162.14	105.49	21.12	143.22	58.85	55.77	0	944.02
24.4283	0	0	0	0	0	0	0	0	280.72	109.56	159.83	108.02	23.21	148.28	61.27	58.63	0	949.52
24.4383	0	0	0	0	0	0	0	0	273.68	109.56	157.52	113.08	23.21	153.34	63.69	61.49	0	955.57
24.4483	0	0	0	0	0	0	0	0	264.44	107.47	152.9	118.03	23.21	158.4	66.11	64.35	0	954.91
24.4583	0	0	0	0	0	0	0	0	255.2	105.27	148.28	120.45	25.41	165.99	68.42	64.35	0	953.37
24.4683	0	0	0	0	0	0	0	0	248.27	105.27	145.97	122.98	25.41	171.05	70.84	67.32	0	957.11
24.4783	0	0	0	0	0	0	0	0	239.03	103.18	141.35	127.93	25.41	175.67	70.84	70.18	0	953.59
24.4883	0	0	0	0	0	0	0	0	227.48	101.09	136.84	130.46	27.5	180.4	73.26	73.15	0	950.18
24.4983	0	0	0	0	0	0	0	0	220.55	98.89	132.22	135.41	27.5	187.44	75.68	76.01	0	953.7
24.5083	0	0	0	0	0	0	0	0	208.78	96.8	125.29	140.36	29.59	194.59	78.1	78.98	0	952.49
24.5183	0	0	0	0	0	0	0	0	197.12	94.71	118.36	147.84	29.59	199.32	80.41	81.84	0	949.19
24.5283	0	0	0	0	0	0	0	0	187.77	92.51	111.65	152.79	29.59	206.36	80.41	84.81	0	945.89
24.5383	0	0	0	0	0	0	0	0	176.11	88.33	105.05	160.27	31.79	215.82	82.83	87.67	0	947.87
24.5483	0	0	0	0	0	0	0	0	164.45	84.04	98.56	165.33	31.79	222.97	85.25	90.53	0	942.92
24.5583	0	0	0	0	0	0	0	0	153.12	79.86	92.07	173.25	33.88	230.34	87.67	96.36	0	946.55
24.5683	0	0	0	0	0	0	0	0	141.68	75.57	85.47	181.17	33.88	237.6	89.98	99.33	0	944.68
24.5783	0	0	0	0	0	0	0	0	132.66	71.28	78.98	186.45	33.88	247.39	92.4	102.19	0	945.23
24.5883	0	0	0	0	0	0	0	0	121.22	67.1	70.29	194.37	33.88	254.76	94.82	105.16	0	941.6
24.5983	0	0	0	0	0	0	0	0	112.09	60.72	63.8	199.76	33.88	262.13	99.66	108.02	0	940.06
24.6083	0	0	0	0	0	0	0	0	100.1	56.43	57.2	205.04	35.97	266.97	101.97	110.99	0	934.67
24.6183	0	0	0	0	0	0	0	0	90.53	50.16	51.26	212.96	35.97	271.92	104.39	113.52	0	930.71
24.6283	0	0	0	0	0	0	0	0	78.65	45.98	45.54	215.6	38.06	276.76	109.23	116.05	0	925.87
24.6383	0	0	0	0	0	0	0	0	71.5	41.8	39.82	220.88	38.06	281.71	111.65	118.58	0	924
24.6483	0	0	0	0	0	0	0	0	64.35	37.62	36.08	223.52	38.06	286.55	116.27	123.64	0	926.09
24.6583	0	0	0	0	0	0	0	0	57.2	35.53	32.23	226.27	38.06	289.08	118.58	126.17	0	923.12
24.6683	0	0	0	0	0	0	0	0	50.27	31.35	28.49	226.27	38.06	293.92	120.89	128.7	0	917.95
24.6783	0	0	0	0	0	0	0	0	41.14	29.26	24.64	228.69	38.06	296.34	125.62	131.23	0	914.98
24.6883	0	0	0	0	0	0	0	0	36.52	25.08	20.9	228.69	38.06	298.87	130.24	133.76	0	912.12
24.6983	0	0	0	0	0	0	0	0	29.7	22.99	17.05	228.69	38.06	301.29	132.55	138.82	0	909.15
24.7083	0	0	0	0	0	0	0	0	25.08	18.81	13.2	226.27	38.06	303.71	134.86	141.35	0	901.34
24.7183	0	0	0	0	0	0	0	0	22.88	16.72	11.33	223.52	35.97	306.24	137.17	146.41	0	900.24
24.7283	0	0	0	0	0	0	0	0	20.57	14.63	9.46	218.24	35.97	308.66	141.9	148.94	0	898.37
24.7383	0	0	0	0	0	0	0	0	18.26	12.54	9.46	215.6	33.88	308.66	144.21	154	0	896.61
24.7483	4.07	0	0	0	0	0	0	0	15.95	10.45	7.59	207.68	31.79	311.08	144.21	154	4.07	882.75
24.7583	8.25	0	0	0	0	0	0	0	15.95	8.36	5.61	199.76	31.79	311.08	146.52	159.06	8.25	878.13
24.7683	12.32	0	0	0	0	0	0	0	13.64	8.36	5.61	191.73	27.5	313.5	148.83	159.06	12.32	868.23
24.7783	18.59	3.74	0	0	0	0	0	0	13.64	8.36	3.74	181.17	25.41	313.5	146.52	161.59	22.33	853.93
24.7883	31.02	7.48	0	0	0	0	0	0	13.64	6.27	3.74	170.61	21.12	313.5	146.52	164.12	38.5	839.52
24.7983	57.97	16.94	9.79	0	0	0	0	0	11.44	6.27	3.74	157.85	16.94	313.5	146.52	166.76	84.7	823.02
24.8083	110.22	30.14	23.54	6.27	0	0	0	0	11.44	6.27	0	145.42	14.74	311.08	146.52	169.18	170.17	804.65
24.8183	154.11	43.34	37.29	10.45	0	0	0	0	11.44	6.27	0	132.88	12.65	308.66	144.21	171.71	245.19	787.82
24.8283	172.15	50.82	43.23	22.99	0	4.18	6.71	0	11.44	4.18	0	115.5	10.56	306.24	144.21	176.77	300.08	768.9
24.8383	170.06	54.56	47.19	27.17	4.29	8.47	9.02	0	9.13	4.18	0	100.54	10.56	298.87	144.21	179.19	320.76	746.68
24.8483	166.1	58.52	53.13	31.35	8.58	12.65	13.53	0	9.13	4.18	0	82.94	8.47	291.5	141.9	184.25	343.86	722.37
24.8583	164.01	66.44	57.31	37.62	15.18	16.94	18.04	0	6.82	4.18	0	67.98	8.47	279.29	141.9	186.78	375.54	695.42
24.8683	166.1	72.38	64.02	41.8	17.27	23.21	22.55	0	6.82	0	0	52.91	6.27	264.55	144.21	189.31	407.33	664.07
24.8783	172.15	78.32	70.62	45.98	19.47	31.79	29.26	0	4.51	0	0	40.26	6.27	242.55	144.21	194.26	447.59	632.06
24.8883	186.34	88.33	81.84	50.16	21.67	38.06	36.08	0	4.51	0	0	30.14	6.27	218.13	146.52	194.26	502.48	599.83
24.8983	202.51	98.23	92.95	56.54	21.67	48.73	45.1	4.51	0	0	0	22.66	6.27	185.13	141.9	194.26	570.24	550.22
24.9083	218.68	108.13	106.37	60.72	23.87	57.42	51.81	6.71	0	0	0	20.13	6.27	145.75	132.55	191.73	633.71	496.43
24.9183	230.89	114.62	117.48	65.01	25.96	66.77	60.94	9.02	0	0	0	17.6	6.27	105.82	116.27	186.78	690.69	432.74
24.9283	240.9	121.22	126.28	69.19	25.96	76.23	70.4	11.22	0	0	0	12.54	6.27	72.27	92.4	176.77	741.4	360.25
24.9383	249.04	127.82	137.28	75.57	25.96	85.58	77.55	15.73	0	0	0	10.01	6.27	45.32	68.42	164.12	794.53	294.14
24.9483	259.16	134.42	146.08	79.75	28.16	95.04	84.59	18.04	0	0	0	7.48	4.18	30.14	56.54	138.82	845.24	237.16
24.9583	265.21	141.02	152.68	84.04	28.16	104.39	91.74	22.55	0	0	0	0	4.18	20.13	46.42	99.33	889.79	170.06
24.9683	271.26	145.42	159.28	88.33	30.36	111.43	96.47	27.06	0	0	0	0	0	12.54	36.3	50.16	929.61	99
24.9783	273.24	147.62	161.48	94.6	30.36	118.58	101.2	31.57	0	0	0	0	0	10.01	24.2	30.69	958.65	64.9
24.9883	273.24	152.02	163.68	98.89	32.56	128.15	105.93	33.77	0	0	0	0	0	7.48	14.08	19.47	988.24	41.03
24.9983	271.26	152.02	163.68	103.07	32.56	132.99	110.66	36.08	0	0	0	4.95	0	4.95	3.96	11.11	1002.32	24.97
25.0082	269.17	152.02	163.68	107.36	34.65	140.14	115.28	40.59	0	0	0	0	0	0	0	5.5	1022.89	5.5
25.0182	265.21	149.82	163.68	109.45	34.65	144.98	119.79	42.79	0	0	0	0	0	0	0	5.5	1030.37	5.5
25.0282	259.16	147.62	159.28	111.65	34.65	149.71	124.41	45.1	0	0	0	0	0	0	0	0	1031.58	0
25.0382	253	143.22	157.08	113.63	36.85	154.55	128.92	47.3	0	0	0	0	0	0	0	0	1034.55	0
25.0482	244.97	138.82	154.88	115.72	36.85	156.97	133.43	49.61	0	0	0	0	0	0	0	0	1031.25	0
25.0582	236.94	134.42	150.48	115.72	39.05	156.97	137.94	51.81	0	0	0	0	0	0	0	0	1023.33	0
25.0682	228.8	130.02	146.08	115.72	39.05	159.28	142.56	54.12	0	0	0	0	0	0	0	0	1015.63	0
25.0782	220.77	123.42	139.48	117.81	39.05	161.7	144.76	54.12	0	0	0	0	0	0	0	0	1001.11	0
25.0882	212.63	119.02	135.08	117.81	41.25	164.12	149.38	56.32	0	0	0	0	0	0	0	0	995.61	0
25.0982	202.51	112.42	128.48	117.81	41.25	166.54	151.58	56.32	0	0	0	0	0	0	0	0	976.91	0
25.1082	192.39	106.15	121.88	119.9	41.25	168.96	156.09	58.63	0	0	0	0	0	0	0	0	965.25	0
25.1182	182.27	102.19	117.48	119.9	41.25	171.16	158.4	58.63	0	0	0	0	0	0	0	0	951.28	0
25.1282	172.15	96.25	110.77	121.99	43.34	173.47	162.91	60.72	0	0	0	0	0	0	0	0	941.6	0
25.1382	162.03	90.31	104.06	121.99	43.34	175.78	165.22	62.92	0	0	0	0	0	0	0	0	925.65	0
25.1482	154.11	84.37	97.46	121.99	43.34	178.09	169.84	67.32	0	0	0	0	0	0	0	0	916.52	0
25.1582	146.19	80.3	92.95	123.97	45.54	180.4	174.46	69.41	0	0	0	0	0	0	0	0	913.22	0
25.1682	138.16	74.36	86.24	123.97	45.54	184.91	179.08	71.61	0	0	0	0	0	0	0	0	903.87	0
25.1782	130.24	70.4	81.84	126.06	47.74	184.91	183.81	73.81	0	0	0	0	0	0	0	0	898.81	0
25.1882	122.32	64.46	77.33	126.06	47.74	189.53	188.43	76.01	0	0	0	0	0	0	0	0	891.88	0
25.1982	114.4	60.5	72.93	128.15	47.74	189.53	193.05	80.3	0	0	0	0	0	0	0	0	886.6	0
25.2082	108.02	56.54	68.42	128.15	49.94	191.84	197.78	82.5	0	0	0	0	0	0	0	0	883.19	0
25.2182	101.42	54.56	64.02	130.24	52.03	194.15	202.4	82.5	0	0	0	0	0	0	0	0	881.32	0
25.2282	92.73	50.82	59.51	132.33	52.03	196.46	207.02	84.7	0	0	0	0	0	0	0	0	875.6	0
25.2382	86.24	47.08	55.11	134.31	54.23	198.66	211.75	86.9	0	0	0	0	0	0	0	0	874.28	0
25.2482	79.64	43.34	53.13	134.31	54.23	198.66	216.37	89.1	0	0	0	0	0	0	0	0	868.78	0
25.2582	73.15	41.36	49.17	136.4	54.23	200.97	218.68	89.1	0	0	0	0	0	0	0	0	863.06	0
25.2682	66.66	37.62	45.21	138.49	56.43	203.28	223.41	91.19	0	0	0	0	0	0	0	0	862.29	0
25.2782	60.06	33.88	41.25	140.58	56.43	205.59	227.92	93.39	0	0	0	4.95	0	0	0	0	859.1	4.95
25.2882	51.7	30.14	35.42	140.58	56.43	205.59	234.85	93.39	0	0	0	7.48	0	0	0	0	848.1	7.48
25.2982	45.54	26.29	31.46	140.58	56.43	205.59	239.47	95.59	0	0	0	7.48	0	0	0	0	840.95	7.48
25.3082	39.27	24.42	25.52	140.58	56.43	205.59	246.29	97.79	0	0	0	4.95	0	0	0	0	835.89	4.95
25.3182	33.11	20.68	21.56	138.49	56.43	205.59	255.53	99.99	15.95	0	0	4.95	0	0	0	0	831.38	20.9
25.3282	28.93	18.81	19.58	136.4	54.23	205.59	262.35	102.08	27.39	0	3.74	4.95	0	0	0	0	827.97	36.08
25.3382	24.75	16.94	17.71	130.24	52.03	203.28	271.59	104.28	38.83	4.18	7.59	4.95	0	0	0	0	820.82	55.55
25.3482	22.77	13.09	13.75	126.06	49.94	203.28	278.52	106.48	50.27	6.27	11.33	7.48	0	0	0	0	813.89	75.35
25.3582	18.59	11.22	11.77	117.81	45.54	200.97	285.23	110.88	61.93	10.45	15.18	7.48	0	0	0	0	802.01	95.04
25.3682	16.5	9.35	7.81	111.65	43.34	198.66	292.05	113.08	73.81	14.63	22.77	15.07	0	0	0	0	792.44	126.28
25.3782	12.32	7.48	5.83	100.98	39.05	196.46	298.87	115.28	83.38	22.99	30.36	27.72	4.18	4.95	0	0	776.27	173.58
25.3882	10.34	7.48	5.83	90.42	32.56	191.84	305.69	117.59	102.52	29.26	39.82	35.2	10.56	10.01	8.03	0	761.75	235.4
25.3982	10.34	5.61	3.85	79.75	28.16	187.22	308	119.9	125.84	35.53	51.26	35.2	12.65	12.54	14.08	5.5	742.83	292.6
25.4082	8.25	5.61	3.85	65.01	21.67	180.4	312.51	122.21	139.48	41.8	59.4	40.26	16.94	20.13	22.11	8.36	719.51	348.48
25.4182	6.16	5.61	0	52.25	17.27	171.16	317.02	124.52	150.81	48.07	72.49	47.85	16.94	32.67	28.27	11.11	693.99	408.21
25.4282	4.07	5.61	0	39.71	12.98	156.97	319.33	124.52	159.94	52.25	83.38	50.38	19.03	45.32	36.3	13.86	663.19	460.46
25.4382	4.07	5.61	0	29.26	10.78	142.56	319.33	122.21	166.76	54.34	94.27	52.91	19.03	55.44	40.37	16.72	633.82	499.84
25.4482	0	3.74	0	20.9	8.58	121	314.82	122.21	173.69	58.63	102.96	57.97	21.12	65.12	46.42	22.33	591.25	548.24
25.4582	0	3.74	0	16.72	6.49	95.04	301.18	119.9	180.73	60.72	113.85	60.39	21.12	74.69	50.38	27.83	543.07	589.71
25.4682	0	3.74	0	12.54	6.49	69.19	273.9	115.28	187.77	64.9	122.98	62.92	21.12	81.84	54.45	33.44	481.14	629.42
25.4782	0	0	0	10.45	6.49	48.73	227.92	106.48	197.12	69.19	129.91	65.45	23.21	89.1	58.85	39.05	400.07	671.88
25.4882	0	0	0	8.36	6.49	35.97	169.84	97.79	204.16	71.28	136.84	70.4	23.21	93.83	61.27	44.66	318.45	705.65
25.4982	0	0	0	6.27	8.58	25.41	110.66	89.1	213.51	75.57	143.66	72.93	25.41	101.09	63.69	50.16	240.02	746.02
25.5082	0	0	0	4.18	10.78	19.03	70.4	76.01	222.86	79.86	150.59	77.99	25.41	105.82	66.11	53.02	180.4	781.66
25.5182	0	0	0	0	8.58	14.74	49.61	60.72	232.1	86.13	155.21	82.94	25.41	113.08	68.42	55.77	133.65	819.06
25.5282	0	0	0	4.18	6.49	10.56	40.59	45.1	236.72	90.42	159.83	90.53	27.5	120.56	68.42	61.49	106.92	855.47
25.5382	0	0	0	0	6.49	8.47	31.57	20.24	241.34	94.71	162.14	98.01	27.5	125.62	68.42	64.35	66.77	882.09
25.5482	0	0	0	0	4.29	4.18	22.55	4.51	243.65	101.09	164.45	105.49	27.5	135.74	68.42	64.35	35.53	910.69
25.5582	0	0	0	0	0	4.18	15.73	0	243.65	105.27	164.45	113.08	27.5	143.22	70.84	67.32	19.91	935.33
25.5682	0	0	0	0	0	4.18	13.53	0	241.34	107.47	162.14	120.45	29.59	150.81	70.84	70.18	17.71	952.82
25.5782	0	0	0	0	0	0	11.22	0	236.72	109.56	159.83	130.46	29.59	158.4	70.84	73.15	11.22	968.55
25.5882	0	0	0	0	0	0	6.71	0	229.79	109.56	157.52	137.94	29.59	165.99	73.26	76.01	6.71	979.66
25.5982	0	0	0	0	0	0	4.51	0	220.55	109.56	150.59	145.42	31.79	173.36	73.26	78.98	4.51	983.51
25.6082	0	0	0	0	0	0	4.51	0	211.09	109.56	145.97	152.79	31.79	180.4	75.68	78.98	4.51	986.26
25.6182	0	0	0	0	0	0	0	0	201.74	107.47	139.15	160.27	31.79	187.44	75.68	81.84	0	985.38
25.6282	0	0	0	0	0	0	0	0	190.08	103.18	132.22	167.97	31.79	194.59	78.1	87.67	0	985.6
25.6382	0	0	0	0	0	0	0	0	178.42	101.09	122.98	175.89	33.88	201.63	80.41	87.67	0	981.97
25.6482	0	0	0	0	0	0	0	0	166.76	96.8	113.85	181.17	33.88	208.67	82.83	90.53	0	974.49
25.6582	0	0	0	0	0	0	0	0	155.32	90.42	107.25	189.09	33.88	215.82	85.25	93.5	0	970.53
25.6682	0	0	0	0	0	0	0	0	146.3	86.13	98.56	194.37	35.97	220.55	87.67	93.5	0	963.05
25.6782	0	0	0	0	0	0	0	0	137.17	81.95	92.07	197.12	35.97	227.81	89.98	96.36	0	958.43
25.6882	0	0	0	0	0	0	0	0	128.04	77.66	87.67	202.4	35.97	235.18	92.4	99.33	0	958.65
25.6982	0	0	0	0	0	0	0	0	121.22	71.28	81.18	207.68	35.97	240.13	94.82	102.19	0	954.47
25.7082	0	0	0	0	0	0	0	0	112.09	67.1	74.69	212.96	35.97	244.97	97.24	105.16	0	950.18
25.7182	0	0	0	0	0	0	0	0	104.94	64.9	70.29	215.6	35.97	252.34	99.66	108.02	0	951.72
25.7282	0	0	0	0	0	0	0	0	97.79	58.63	63.8	220.88	35.97	257.18	101.97	110.99	0	947.21
25.7382	0	0	0	0	0	0	0	0	90.53	56.43	59.4	226.27	38.06	264.55	106.81	110.99	0	953.04
25.7482	0	0	0	0	0	0	0	0	83.38	52.25	53.13	228.69	38.06	269.5	109.23	113.52	0	947.76
25.7582	0	0	0	0	0	0	0	0	76.23	48.07	49.39	231.11	38.06	274.34	111.65	116.05	0	944.9
25.7682	0	0	0	0	0	0	0	0	71.5	45.98	45.54	233.53	38.06	279.29	113.96	118.58	0	946.44
25.7782	0	0	0	0	0	0	0	0	64.35	41.8	41.8	233.53	38.06	281.71	113.96	118.58	0	933.79
25.7882	0	0	0	0	0	0	0	0	61.93	39.71	37.95	235.95	38.06	286.55	118.58	121.11	0	939.84
25.7982	0	0	0	0	0	0	0	0	54.89	35.53	34.1	238.37	38.06	289.08	120.89	123.64	0	934.56
25.8082	0	0	0	0	0	0	0	0	50.27	33.44	30.36	238.37	38.06	293.92	120.89	126.17	0	931.48
25.8182	0	0	0	0	0	0	0	0	43.45	29.26	28.49	238.37	38.06	296.34	123.2	128.7	0	925.87
25.8282	0	0	0	4.18	0	0	0	0	36.52	27.17	24.64	238.37	38.06	298.87	125.62	128.7	4.18	917.95
25.8382	0	0	0	4.18	0	0	0	0	32.01	25.08	20.9	235.95	38.06	301.29	127.93	131.23	4.18	912.45
25.8482	0	0	0	4.18	0	0	0	0	27.39	20.9	17.05	233.53	35.97	303.71	132.55	133.76	4.18	904.86
25.8582	0	0	0	4.18	0	0	0	0	22.88	18.81	13.2	231.11	35.97	306.24	132.55	136.29	4.18	897.05
25.8682	0	0	0	0	0	0	0	0	20.57	16.72	13.2	226.27	33.88	306.24	134.86	138.82	0	890.56
25.8782	0	0	0	0	0	0	0	0	18.26	14.63	11.33	220.88	33.88	308.66	139.59	141.35	0	888.58
25.8882	0	0	0	0	0	0	0	0	15.95	12.54	9.46	215.6	31.79	308.66	139.59	143.88	0	877.47
25.8982	0	0	0	0	0	0	0	0	13.64	10.45	7.59	207.68	29.59	308.66	141.9	146.41	0	865.92
25.9082	6.16	0	0	0	0	0	0	0	13.64	8.36	5.61	199.76	27.5	306.24	141.9	148.94	6.16	851.95
25.9182	8.25	0	0	0	0	0	0	0	11.44	8.36	5.61	191.73	25.41	306.24	144.21	151.47	8.25	844.47
25.9282	14.41	3.74	0	0	0	0	0	0	11.44	6.27	3.74	181.17	23.21	306.24	146.52	151.47	18.15	830.06
25.9382	20.68	7.48	3.85	0	0	0	0	0	11.44	6.27	3.74	170.61	21.12	306.24	148.83	154	32.01	822.25
25.9482	33.11	13.09	7.81	4.18	0	0	0	0	11.44	6.27	3.74	157.85	19.03	303.71	148.83	156.53	58.19	807.4
25.9582	57.97	22.55	15.73	8.36	0	0	0	0	9.13	6.27	0	147.84	16.94	303.71	148.83	161.59	104.61	794.31
25.9682	92.73	35.75	29.48	20.9	0	4.18	6.71	0	9.13	6.27	0	135.41	12.65	301.29	148.83	164.12	189.75	777.7
25.9782	128.26	48.95	43.23	31.35	15.18	8.47	15.73	0	9.13	4.18	0	122.98	10.56	296.34	148.83	166.76	291.17	758.78
25.9882	150.15	58.52	53.13	31.35	15.18	10.56	18.04	0	9.13	4.18	0	110.55	8.47	293.92	146.52	169.18	336.93	741.95
25.9982	146.19	62.48	55.11	37.62	19.47	14.74	24.75	0	6.82	4.18	0	95.48	8.47	286.55	146.52	171.71	360.36	719.73
26.0082	148.17	68.42	61.71	43.89	19.47	23.21	31.57	0	6.82	4.18	0	80.41	6.27	279.29	141.9	174.24	396.44	693.11
26.0182	144.21	72.38	64.02	52.25	21.67	33.88	40.59	4.51	6.82	4.18	0	65.45	4.18	269.5	141.9	174.24	433.51	666.27
26.0282	142.23	74.36	66.22	58.63	21.67	46.53	49.61	6.71	4.51	4.18	0	52.91	4.18	252.34	139.59	174.24	465.96	631.95
26.0382	148.17	82.28	72.93	65.01	21.67	57.42	54.12	9.02	4.51	0	0	40.26	4.18	232.76	139.59	176.77	510.62	598.07
26.0482	154.11	90.31	79.53	75.57	23.87	69.19	60.94	11.22	0	0	0	30.14	4.18	211.09	139.59	176.77	564.74	561.77
26.0582	164.01	98.23	88.55	81.95	25.96	80.85	68.09	15.73	0	0	0	25.19	4.18	180.4	134.86	176.77	623.37	521.4
26.0682	172.15	104.17	97.46	88.33	25.96	90.31	72.82	18.04	0	0	0	20.13	4.18	140.8	125.62	174.24	669.24	464.97
26.0782	180.18	110.22	104.06	94.6	28.16	99.66	79.86	22.55	0	0	0	15.07	4.18	101.09	111.65	166.76	719.29	398.75
26.0882	186.34	114.62	110.77	96.8	28.16	109.12	87.01	29.26	0	0	0	12.54	4.18	69.85	89.98	159.06	762.08	335.61
26.0982	192.39	119.02	117.48	100.98	30.36	116.16	94.05	33.77	0	0	0	10.01	4.18	45.32	68.42	146.41	804.21	274.34
26.1082	198.44	121.22	124.08	105.27	32.56	123.42	103.51	38.28	0	0	0	4.95	4.18	27.72	54.45	123.64	846.78	214.94
26.1182	202.51	125.62	128.48	111.65	34.65	130.57	110.66	45.1	0	0	0	0	4.18	17.6	46.42	93.5	889.24	161.7
26.1282	206.58	127.82	130.68	115.72	34.65	137.72	115.28	49.61	0	0	0	0	0	12.54	38.28	47.41	918.06	98.23
26.1382	204.49	130.02	132.88	119.9	36.85	144.98	122.1	54.12	0	0	0	0	0	10.01	26.18	25.08	945.34	61.27
26.1482	204.49	130.02	132.88	126.06	36.85	152.13	126.61	58.63	0	0	0	0	0	7.48	16.06	16.72	967.67	40.26
26.1582	202.51	130.02	132.88	130.24	39.05	159.28	133.43	62.92	0	0	0	0	0	4.95	8.03	8.36	990.33	21.34
26.1682	198.44	127.82	130.68	134.31	41.25	166.54	137.94	67.32	0	0	0	0	0	4.95	3.96	5.5	1004.3	14.41
26.1782	192.39	123.42	128.48	138.49	41.25	173.47	142.56	71.61	0	0	0	0	0	0	0	0	1011.67	0
26.1882	186.34	121.22	124.08	142.67	43.34	178.09	147.07	73.81	0	0	0	0	0	0	0	0	1016.62	0
26.1982	178.2	116.82	119.68	146.74	43.34	182.71	151.58	76.01	0	0	0	0	0	0	0	0	1015.08	0
26.2082	170.06	110.22	113.08	150.92	43.34	189.53	156.09	78.21	0	0	0	0	0	0	0	0	1011.45	0
26.2182	160.05	104.17	106.37	153.01	45.54	191.84	160.71	80.3	0	0	0	0	0	0	0	0	1001.99	0
26.2282	150.15	98.23	97.46	157.08	45.54	196.46	162.91	82.5	0	0	0	0	0	0	0	0	990.33	0
26.2382	140.25	92.29	88.55	159.17	45.54	200.97	165.22	82.5	0	0	0	0	0	0	0	0	974.49	0
26.2482	128.26	84.37	79.53	161.26	47.74	205.59	167.53	84.7	0	0	0	0	0	0	0	0	958.98	0
26.2582	118.36	78.32	72.93	163.35	47.74	207.9	169.84	86.9	0	0	0	0	0	0	0	0	945.34	0
26.2682	108.02	70.4	66.22	167.53	47.74	210.21	172.15	86.9	0	0	0	0	0	0	0	0	929.17	0
26.2782	97.13	64.46	57.31	169.62	47.74	212.41	172.15	86.9	0	0	0	0	0	0	0	0	907.72	0
26.2882	86.24	58.52	51.15	171.71	47.74	214.72	174.46	86.9	0	0	0	0	0	0	0	0	891.44	0
26.2982	75.35	50.82	45.21	171.71	47.74	217.03	176.77	89.1	0	0	0	0	0	0	0	0	873.73	0
26.3082	66.66	45.21	41.25	173.8	47.74	219.34	179.08	89.1	0	0	0	0	0	0	0	0	862.18	0
26.3182	57.97	39.49	35.42	173.8	47.74	221.65	179.08	91.19	0	0	0	0	0	0	0	0	846.34	0
26.3282	49.61	35.75	29.48	173.8	47.74	221.65	181.5	91.19	0	0	0	0	0	0	0	0	830.72	0
26.3382	41.36	32.01	25.52	173.8	47.74	221.65	183.81	93.39	0	0	0	0	0	0	0	0	819.28	0
26.3482	35.09	28.16	21.56	173.8	45.54	221.65	186.12	93.39	0	0	0	0	0	0	0	0	805.31	0
26.3582	33.11	24.42	21.56	173.8	45.54	221.65	188.43	95.59	0	0	0	0	0	0	0	0	804.1	0
26.3682	31.02	22.55	19.58	169.62	43.34	221.65	193.05	95.59	0	0	0	0	0	0	0	0	796.4	0
26.3782	28.93	20.68	17.71	167.53	43.34	221.65	195.47	95.59	0	0	0	0	0	0	0	0	790.9	0
26.3882	24.75	18.81	15.73	167.53	43.34	221.65	197.78	97.79	0	0	0	0	0	0	0	0	787.38	0
26.3982	24.75	16.94	13.75	165.44	41.25	221.65	202.4	97.79	0	0	0	0	0	0	0	0	783.97	0
26.4082	22.77	16.94	13.75	163.35	39.05	221.65	202.4	99.99	0	0	0	0	0	0	0	0	779.9	0
26.4182	20.68	15.07	11.77	161.26	39.05	223.96	204.71	99.99	0	0	0	0	0	0	0	0	776.49	0
26.4282	18.59	13.09	9.79	159.17	36.85	221.65	207.02	99.99	0	0	0	0	0	0	0	0	766.15	0
26.4381	16.5	11.22	9.79	157.08	36.85	223.96	207.02	102.08	0	0	0	0	0	0	0	0	764.5	0
26.4481	14.41	11.22	7.81	155.1	34.65	223.96	209.44	102.08	0	0	0	0	0	0	0	0	758.67	0
26.4581	14.41	9.35	5.83	153.01	34.65	223.96	214.06	104.28	0	0	0	0	0	0	0	0	759.55	0
26.4681	12.32	7.48	5.83	150.92	32.56	223.96	214.06	104.28	0	0	0	0	0	0	0	0	751.41	0
26.4781	10.34	7.48	5.83	148.83	32.56	226.27	216.37	106.48	0	0	0	0	0	0	0	0	754.16	0
26.4881	10.34	5.61	3.85	146.74	30.36	223.96	220.99	106.48	0	0	0	0	0	0	0	0	748.33	0
26.4981	10.34	5.61	3.85	142.67	28.16	223.96	220.99	108.68	0	0	0	0	0	0	0	0	744.26	0
26.5081	8.25	5.61	3.85	138.49	28.16	223.96	223.41	110.88	9.13	0	0	0	0	0	0	0	742.61	9.13
26.5181	8.25	5.61	3.85	134.31	25.96	223.96	225.61	113.08	13.64	0	0	0	0	0	0	0	740.63	13.64
26.5281	8.25	5.61	3.85	130.24	23.87	223.96	227.92	115.28	15.95	0	0	0	0	0	0	0	738.98	15.95
26.5381	8.25	5.61	0	126.06	21.67	223.96	230.23	117.59	22.88	0	0	4.95	0	0	0	0	733.37	27.83
26.5481	6.16	5.61	0	119.9	21.67	221.65	230.23	119.9	29.7	0	3.74	7.48	0	0	0	0	725.12	40.92
26.5581	6.16	5.61	0	113.63	19.47	221.65	230.23	119.9	38.83	6.27	7.59	17.6	0	0	0	0	716.65	70.29
26.5681	4.07	3.74	0	107.36	17.27	221.65	230.23	122.21	52.58	14.63	17.05	27.72	4.18	7.48	6.05	0	706.53	129.69
26.5781	4.07	3.74	0	100.98	17.27	219.34	227.92	124.52	83.38	22.99	30.36	32.67	12.65	10.01	14.08	5.5	697.84	211.64
26.5881	4.07	3.74	0	94.6	15.18	217.03	225.61	124.52	121.22	33.44	45.54	37.73	12.65	17.6	18.15	5.5	684.75	291.83
26.5981	0	3.74	0	86.13	12.98	214.72	220.99	126.83	146.3	39.71	57.2	40.26	14.74	27.72	24.2	8.36	665.39	358.49
26.6081	0	3.74	0	75.57	12.98	207.9	218.68	126.83	153.12	43.89	65.89	42.79	14.74	40.26	30.25	11.11	645.7	402.05
26.6181	0	3.74	0	60.72	10.78	200.97	216.37	129.03	155.32	43.89	72.49	45.32	14.74	50.38	34.32	13.86	621.61	430.32
26.6281	0	3.74	0	48.07	10.78	187.22	214.06	131.34	157.63	45.98	76.78	45.32	16.94	57.97	40.37	16.72	595.21	457.71
26.6381	0	0	0	37.62	10.78	171.16	209.44	131.34	162.14	48.07	83.38	47.85	16.94	67.54	42.35	25.08	560.34	493.35
26.6481	0	0	0	29.26	10.78	147.29	200.09	131.34	169.07	50.16	92.07	50.38	16.94	74.69	48.4	30.69	518.76	532.4
26.6581	0	0	0	25.08	10.78	118.58	181.5	129.03	178.42	54.34	100.76	52.91	16.94	81.84	52.47	39.05	464.97	576.73
26.6681	0	0	0	20.9	10.78	88	149.38	126.83	187.77	58.63	109.45	55.44	19.03	89.1	56.54	44.66	395.89	620.62
26.6781	0	0	0	16.72	10.78	59.73	108.24	122.21	199.43	60.72	118.36	57.97	19.03	96.25	61.27	50.16	317.68	663.19
26.6881	0	0	0	14.63	10.78	38.06	72.82	113.08	208.78	64.9	127.6	60.39	21.12	101.09	66.11	58.63	249.37	708.62
26.6981	0	0	0	10.45	10.78	25.41	54.12	95.59	220.55	67.1	139.15	62.92	21.12	108.24	73.26	61.49	196.35	753.83
26.7081	0	0	0	6.27	10.78	16.94	45.1	80.3	229.79	69.19	145.97	65.45	23.21	115.5	78.1	67.32	159.39	794.53
26.7181	0	0	0	6.27	8.58	12.65	38.28	60.72	239.03	71.28	152.9	67.98	23.21	120.56	82.83	70.18	126.5	827.97
26.7281	0	0	0	4.18	6.49	10.56	31.57	33.77	243.65	73.48	157.52	70.4	23.21	128.15	89.98	76.01	86.57	862.4
26.7381	0	0	0	4.18	4.29	6.27	22.55	11.22	248.27	75.57	162.14	72.93	25.41	133.21	94.82	78.98	48.51	891.33
26.7481	0	0	0	0	0	6.27	13.53	0	248.27	77.66	166.76	75.46	25.41	140.8	99.66	81.84	19.8	915.86
26.7581	0	0	0	0	0	4.18	9.02	0	250.58	77.66	166.76	77.99	25.41	145.75	104.39	84.81	13.2	933.35
26.7681	0	0	0	0	0	4.18	6.71	0	248.27	77.66	169.07	80.41	27.5	150.81	106.81	87.67	10.89	948.2
26.7781	0	0	0	0	0	0	4.51	0	243.65	77.66	166.76	82.94	27.5	155.87	111.65	90.53	4.51	956.56
26.7881	0	0	0	0	0	0	0	0	239.03	75.57	164.45	85.47	27.5	158.4	116.27	93.5	0	960.19
26.7981	0	0	0	0	0	0	0	0	232.1	73.48	162.14	85.47	29.59	163.46	118.58	96.36	0	961.18
26.8081	0	0	0	0	0	0	0	0	225.17	71.28	159.83	88	29.59	165.99	123.2	99.33	0	962.39
26.8181	0	0	0	0	0	0	0	0	218.13	71.28	155.21	88	29.59	171.05	125.62	99.33	0	958.21
26.8281	0	0	0	0	0	0	0	0	211.09	69.19	150.59	88	31.79	173.36	130.24	102.19	0	956.45
26.8381	0	0	0	0	0	0	0	0	206.47	67.1	145.97	90.53	31.79	175.67	130.24	102.19	0	949.96
26.8481	0	0	0	0	0	0	0	0	199.43	64.9	141.35	90.53	31.79	178.09	134.86	102.19	0	943.14
26.8581	0	0	0	0	0	0	0	0	192.39	64.9	136.84	92.95	31.79	180.4	134.86	105.16	0	939.29
26.8681	0	0	0	0	0	0	0	0	185.46	62.81	132.22	92.95	33.88	182.82	137.17	108.02	0	935.33
26.8781	0	0	0	0	0	0	0	0	180.73	60.72	127.6	95.48	33.88	187.44	139.59	108.02	0	933.46
26.8881	0	0	0	0	0	0	0	0	173.69	60.72	122.98	98.01	33.88	189.86	141.9	108.02	0	929.06
26.8981	0	0	0	0	0	0	0	0	166.76	58.63	118.36	100.54	35.97	194.59	146.52	110.99	0	932.36
26.9081	0	0	0	0	0	0	0	0	162.14	56.43	116.05	102.96	35.97	196.9	148.83	113.52	0	932.8
26.9181	0	0	0	0	0	0	0	0	155.32	56.43	111.65	105.49	35.97	199.32	151.14	116.05	0	931.37
26.9281	0	0	0	0	0	0	0	0	150.81	54.34	107.25	105.49	38.06	203.94	153.56	116.05	0	929.5
26.9381	0	0	0	0	0	0	0	0	143.99	54.34	102.96	108.02	38.06	208.67	155.87	118.58	0	930.49
26.9481	0	0	0	0	0	0	0	0	139.48	52.25	98.56	110.55	38.06	213.4	158.18	121.11	0	931.59
26.9581	0	0	0	0	0	0	0	0	132.66	50.16	94.27	113.08	40.26	218.13	162.8	123.64	0	935
26.9681	0	0	0	0	0	0	0	0	125.84	48.07	89.87	115.5	40.26	222.97	165.11	126.17	0	933.79
26.9781	0	0	0	0	0	0	0	0	121.22	45.98	85.47	118.03	40.26	227.81	169.95	128.7	0	937.42
26.9881	0	0	0	0	0	0	0	0	114.51	43.89	78.98	120.45	42.35	232.76	174.79	131.23	0	938.96
26.9981	0	0	0	0	0	0	0	0	107.25	41.8	74.69	122.98	42.35	237.6	179.63	136.29	0	942.59
27.0081	0	0	0	0	0	0	0	0	102.52	39.71	70.29	125.51	44.44	242.55	184.58	138.82	0	948.42
27.0181	0	0	0	0	0	0	0	0	92.95	37.62	65.89	125.51	42.35	247.39	189.42	141.35	0	942.48
27.0281	0	0	0	4.18	0	0	0	0	85.8	33.44	59.4	127.93	44.44	252.34	191.84	143.88	4.18	939.07
27.0381	0	0	0	4.18	0	0	0	0	76.23	31.35	53.13	130.46	44.44	254.76	196.79	146.41	4.18	933.57
27.0481	0	0	0	0	0	0	0	0	69.08	27.17	45.54	130.46	44.44	259.71	201.63	148.94	0	926.97
27.0581	0	0	0	0	0	0	0	0	59.51	25.08	41.8	130.46	46.53	262.13	206.47	151.47	0	923.45
27.0681	0	0	0	0	0	0	0	0	52.58	20.9	36.08	130.46	44.44	262.13	209	156.53	0	912.12
27.0781	0	0	0	0	0	0	0	0	43.45	18.81	30.36	130.46	46.53	264.55	216.26	159.06	0	909.48
27.0881	6.16	0	0	0	0	0	0	0	34.32	16.72	24.64	127.93	44.44	266.97	221.21	161.59	6.16	897.82
27.0981	14.41	3.74	0	0	0	0	0	0	27.39	14.63	20.9	127.93	44.44	266.97	225.94	166.76	18.15	894.96
27.1081	24.75	9.35	5.83	0	0	0	0	0	22.88	12.54	15.18	125.51	42.35	266.97	228.36	166.76	39.93	880.55
27.1181	41.36	15.07	11.77	4.18	0	0	0	0	18.26	10.45	13.2	120.45	42.35	266.97	233.2	169.18	72.38	874.06
27.1281	66.66	22.55	21.56	8.36	0	0	0	0	18.26	8.36	11.33	118.03	40.26	264.55	235.51	171.71	119.13	868.01
27.1381	86.24	33.88	33.44	18.81	0	4.18	6.71	0	15.95	6.27	9.46	110.55	35.97	264.55	235.51	171.71	183.26	849.97
27.1481	105.82	43.34	43.23	29.26	17.27	8.47	18.04	0	13.64	6.27	5.61	102.96	33.88	259.71	235.51	171.71	265.43	829.29
27.1581	132.22	52.69	51.15	33.44	17.27	10.56	20.24	0	11.44	4.18	5.61	95.48	29.59	254.76	233.2	171.71	317.57	805.97
27.1681	142.23	62.48	57.31	41.8	23.87	14.74	24.75	4.51	11.44	4.18	3.74	85.47	25.41	249.92	228.36	169.18	371.69	777.7
27.1781	152.13	72.38	68.42	48.07	23.87	23.21	33.77	4.51	11.44	4.18	3.74	72.93	19.03	242.55	221.21	166.76	426.36	741.84
27.1881	152.13	76.34	72.93	54.34	23.87	33.88	42.79	6.71	9.13	4.18	0	60.39	14.74	232.76	211.42	164.12	462.99	696.74
27.1981	154.11	82.28	77.33	60.72	23.87	46.53	49.61	6.71	9.13	0	0	47.85	10.56	218.13	201.63	161.59	501.16	648.89
27.2081	162.03	90.31	86.24	67.1	23.87	57.42	54.12	11.22	6.82	0	0	35.2	8.47	201.63	191.84	159.06	552.31	603.02
27.2181	172.15	98.23	95.15	75.57	25.96	66.77	58.63	11.22	6.82	0	0	25.19	6.27	180.4	182.16	156.53	603.68	557.37
27.2281	180.18	106.15	101.86	81.95	25.96	73.81	60.94	15.73	4.51	0	0	17.6	6.27	153.34	172.37	154	646.58	508.09
27.2381	188.32	112.42	108.57	86.13	28.16	80.85	63.36	18.04	4.51	0	0	12.54	6.27	118.03	162.8	151.47	685.85	455.62
27.2481	196.46	121.22	115.28	92.51	28.16	88	68.09	20.24	4.51	0	0	7.48	4.18	89.1	144.21	146.41	729.96	395.89
27.2581	200.53	127.82	117.48	98.89	28.16	95.04	70.4	22.55	0	0	0	4.95	4.18	62.7	123.2	136.29	760.87	331.32
27.2681	202.51	132.22	121.88	105.27	30.36	102.08	75.13	24.75	0	0	0	0	4.18	42.79	94.82	126.17	794.2	267.96
27.2781	206.58	138.82	124.08	111.65	30.36	109.12	77.55	27.06	0	0	0	0	4.18	30.14	68.42	116.05	825.22	218.79
27.2881	212.63	145.42	128.48	117.81	32.56	116.16	79.86	29.26	0	0	0	0	0	20.13	50.38	99.33	862.18	169.84
27.2981	218.68	149.82	132.88	123.97	34.65	121	82.28	31.57	0	0	0	0	0	15.07	42.35	78.98	894.85	136.4
27.3081	222.75	156.42	135.08	130.24	34.65	125.73	84.59	33.77	0	0	0	0	0	12.54	34.32	47.41	923.23	94.27
27.3181	224.84	160.82	139.48	136.4	34.65	132.99	87.01	36.08	0	0	0	0	0	7.48	22.11	22.33	952.27	51.92
27.3281	226.82	165.22	139.48	142.67	36.85	137.72	89.32	38.28	0	0	0	0	0	4.95	12.1	16.72	976.36	33.77
27.3381	226.82	167.53	141.68	146.74	36.85	142.56	91.74	40.59	0	0	0	0	0	0	6.05	8.36	994.51	14.41
27.3481	226.82	167.53	141.68	153.01	36.85	147.29	94.05	40.59	0	0	0	0	0	0	0	5.5	1007.82	5.5
27.3581	224.84	167.53	139.48	157.08	39.05	149.71	96.47	42.79	0	0	0	0	0	0	0	5.5	1016.95	5.5
27.3681	222.75	167.53	139.48	161.26	39.05	154.55	96.47	42.79	0	0	0	0	0	0	0	0	1023.88	0
27.3781	218.68	167.53	137.28	165.44	39.05	156.97	98.78	42.79	0	0	0	0	0	0	0	0	1026.52	0
27.3881	214.61	163.02	132.88	169.62	41.25	159.28	101.2	42.79	0	0	0	0	0	0	0	0	1024.65	0
27.3981	210.65	160.82	130.68	173.8	39.05	164.12	101.2	42.79	0	0	0	0	0	0	0	0	1023.11	0
27.4081	202.51	156.42	126.28	176	41.25	166.54	103.51	45.1	0	0	0	0	0	0	0	0	1017.61	0
27.4181	196.46	152.02	121.88	180.18	41.25	168.96	103.51	45.1	0	0	0	0	0	0	0	0	1009.36	0
27.4281	190.3	147.62	117.48	184.47	41.25	171.16	103.51	45.1	0	0	0	0	0	0	0	0	1000.89	0
27.4381	184.25	145.42	113.08	188.65	41.25	173.47	103.51	45.1	0	0	0	0	0	0	0	0	994.73	0
27.4481	178.2	141.02	108.57	190.85	41.25	175.78	103.51	45.1	0	0	0	0	0	0	0	0	984.28	0
27.4581	172.15	134.42	104.06	192.94	43.34	178.09	105.93	45.1	0	0	0	0	0	0	0	0	976.03	0
27.4681	166.1	130.02	99.66	195.03	43.34	178.09	105.93	47.3	0	0	0	0	0	0	0	0	965.47	0
27.4781	160.05	125.62	97.46	199.32	43.34	180.4	108.24	47.3	0	0	0	0	0	0	0	0	961.73	0
27.4881	156.09	121.22	92.95	199.32	43.34	182.71	110.66	47.3	0	0	0	0	0	0	0	0	953.59	0
27.4981	150.15	116.82	90.75	201.41	45.54	184.91	113.08	49.61	0	0	0	0	0	0	0	0	952.27	0
27.5081	146.19	112.42	86.24	203.61	45.54	187.22	115.28	49.61	0	0	0	0	0	0	0	0	946.11	0
27.5181	142.23	108.13	86.24	205.7	45.54	189.53	117.59	51.81	0	0	0	0	0	0	0	0	946.77	0
27.5281	136.18	104.17	81.84	207.79	45.54	191.84	119.79	54.12	0	0	0	0	0	0	0	0	941.27	0
27.5381	132.22	100.21	79.53	207.79	47.74	194.15	124.41	54.12	0	0	0	0	0	0	0	0	940.17	0
27.5481	128.26	96.25	77.33	209.88	47.74	198.66	126.61	56.32	0	0	0	0	0	0	0	0	941.05	0
27.5581	124.3	94.27	72.93	212.08	47.74	200.97	128.92	58.63	0	0	0	0	0	0	0	0	939.84	0
27.5681	120.34	90.31	70.62	214.17	49.94	203.28	131.23	60.72	0	0	0	0	0	0	0	0	940.61	0
27.5781	114.4	86.35	68.42	216.26	49.94	205.59	135.74	62.92	0	0	0	0	0	0	0	0	939.62	0
27.5881	108.02	82.28	64.02	216.26	49.94	210.21	137.94	65.12	0	0	0	0	0	0	0	0	933.79	0
27.5981	103.62	76.34	61.71	218.46	49.94	212.41	140.25	69.41	0	0	0	0	0	0	0	0	932.14	0
27.6081	97.13	74.36	57.31	220.55	49.94	217.03	144.76	71.61	0	0	0	0	0	0	0	0	932.69	0
27.6181	90.53	68.42	55.11	220.55	49.94	219.34	147.07	73.81	0	0	0	0	0	0	0	0	924.77	0
27.6281	84.04	64.46	51.15	222.64	49.94	221.65	149.38	76.01	0	0	0	0	0	0	0	0	919.27	0
27.6381	77.55	58.52	47.19	224.84	49.94	223.96	151.58	80.3	0	0	0	0	0	0	0	0	913.88	0
27.6481	70.95	54.56	43.23	226.71	49.94	226.27	156.09	80.3	0	0	0	0	0	0	0	0	908.05	0
27.6581	62.26	47.08	37.29	226.71	49.94	228.47	158.4	82.5	0	0	0	0	0	0	0	0	892.65	0
27.6681	51.7	41.36	31.46	228.58	49.94	230.78	160.71	86.9	0	0	0	0	0	0	0	0	881.43	0
27.6781	45.54	37.62	27.5	226.71	49.94	230.78	165.22	86.9	6.82	0	0	0	0	0	0	0	870.21	6.82
27.6881	39.27	32.01	23.54	226.71	49.94	233.09	169.84	89.1	11.44	0	0	0	0	0	0	0	863.5	11.44
27.6981	33.11	28.16	21.56	222.64	47.74	233.09	174.46	91.19	15.95	0	0	0	0	0	0	0	851.95	15.95
27.7081	31.02	26.29	19.58	218.46	45.54	233.09	179.08	91.19	18.26	0	0	0	0	0	0	0	844.25	18.26
27.7181	26.84	22.55	15.73	212.08	45.54	233.09	181.5	93.39	20.57	0	0	0	0	0	0	0	830.72	20.57
27.7281	22.77	18.81	13.75	205.7	43.34	233.09	183.81	95.59	22.88	0	0	0	0	0	0	0	816.86	22.88
27.7381	20.68	16.94	9.79	199.32	41.25	233.09	188.43	95.59	27.39	0	0	0	0	0	0	0	805.09	27.39
27.7481	16.5	13.09	7.81	190.85	36.85	233.09	193.05	97.79	32.01	0	3.74	4.95	0	0	0	0	789.03	40.7
27.7581	14.41	11.22	5.83	180.18	34.65	230.78	195.47	97.79	45.76	0	7.59	7.48	0	0	0	0	770.33	60.83
27.7681	12.32	9.35	5.83	169.62	30.36	230.78	197.78	99.99	64.35	6.27	15.18	15.07	4.18	0	6.05	0	756.03	111.1
27.7781	10.34	7.48	3.85	159.17	28.16	228.47	200.09	99.99	90.53	12.54	22.77	20.13	6.27	4.95	8.03	0	737.55	165.22
27.7881	8.25	7.48	3.85	146.74	23.87	226.27	202.4	102.08	109.67	18.81	32.23	22.66	6.27	4.95	8.03	0	720.94	202.62
27.7981	8.25	5.61	0	134.31	21.67	223.96	204.71	102.08	123.53	22.99	37.95	27.72	8.47	10.01	12.1	0	700.59	242.77
27.8081	6.16	5.61	0	117.81	17.27	219.34	207.02	104.28	130.35	27.17	45.54	30.14	10.56	12.54	16.06	0	677.49	272.36
27.8181	6.16	5.61	0	103.07	15.18	214.72	209.44	104.28	137.17	29.26	49.39	30.14	10.56	17.6	22.11	0	658.46	296.23
27.8281	4.07	3.74	0	88.33	12.98	207.9	209.44	106.48	143.99	29.26	55.11	32.67	12.65	22.66	26.18	5.5	632.94	328.02
27.8381	0	3.74	0	73.48	12.98	198.66	211.75	108.68	153.12	33.44	63.8	32.67	12.65	30.14	30.25	5.5	609.29	361.57
27.8481	0	3.74	0	58.63	10.78	187.22	209.44	110.88	164.45	35.53	70.29	35.2	12.65	35.2	34.32	8.36	580.69	396
27.8580	0	3.74	0	43.89	10.78	175.78	207.02	110.88	173.69	37.62	78.98	35.2	14.74	40.26	38.28	11.11	552.09	429.88
27.8680	0	3.74	0	33.44	8.58	156.97	200.09	110.88	187.77	37.62	87.67	37.73	14.74	45.32	40.37	13.86	513.7	465.08
27.8780	0	0	0	29.26	8.58	135.41	188.43	110.88	197.12	39.71	96.36	37.73	14.74	50.38	44.33	13.86	472.56	494.23
27.8880	0	0	0	22.99	10.78	104.39	167.53	110.88	208.78	41.8	102.96	37.73	16.94	55.44	46.42	19.47	416.57	529.54
27.8980	0	0	0	18.81	10.78	78.54	137.94	108.68	220.55	43.89	111.65	40.26	16.94	57.97	50.38	22.33	354.75	563.97
27.9080	0	0	0	16.72	10.78	55.11	103.51	106.48	232.1	45.98	120.67	40.26	16.94	62.7	54.45	27.83	292.6	600.93
27.9180	0	0	0	14.63	10.78	38.06	72.82	97.79	241.34	48.07	127.6	42.79	16.94	67.54	56.54	30.69	234.08	631.51
27.9280	0	0	0	12.54	10.78	25.41	51.81	84.7	252.89	52.25	136.84	45.32	19.03	72.27	58.85	36.19	185.24	673.64
27.9380	0	0	0	8.36	8.58	16.94	42.79	69.41	264.44	56.43	143.66	47.85	19.03	79.53	63.69	41.8	146.08	716.43
27.9480	0	0	0	6.27	6.49	12.65	36.08	54.12	271.37	60.72	150.59	52.91	19.03	86.68	66.11	47.41	115.61	754.82
27.9580	0	0	0	6.27	4.29	10.56	29.26	31.57	278.3	64.9	157.52	57.97	21.12	93.83	68.42	50.16	81.95	792.22
27.9680	0	0	0	4.18	4.29	8.47	20.24	11.22	283.03	67.1	162.14	60.39	21.12	98.67	70.84	55.77	48.4	819.06
27.9780	0	0	0	4.18	0	6.27	13.53	0	285.45	69.19	166.76	65.45	21.12	105.82	73.26	58.63	23.98	845.68
27.9880	0	0	0	4.18	0	4.18	9.02	0	290.29	73.48	171.38	67.98	23.21	110.66	78.1	61.49	17.38	876.59
27.9980	0	0	0	0	0	4.18	6.71	0	290.29	73.48	173.69	72.93	23.21	115.5	80.41	64.35	10.89	893.86
28.0080	0	0	0	0	0	4.18	4.51	0	290.29	75.57	176.11	72.93	25.41	120.56	82.83	67.32	8.69	911.02
28.0180	0	0	0	0	0	4.18	0	0	285.45	75.57	173.69	75.46	25.41	125.62	87.67	70.18	4.18	919.05
28.0280	0	0	0	0	0	4.18	0	0	283.03	75.57	173.69	77.99	25.41	128.15	89.98	70.18	4.18	924
28.0380	0	0	0	0	0	0	0	0	278.3	73.48	171.38	77.99	27.5	130.68	94.82	73.15	0	927.3
28.0480	0	0	0	0	0	0	0	0	271.37	73.48	169.07	80.41	27.5	133.21	97.24	76.01	0	928.29
28.0580	0	0	0	0	0	0	0	0	266.75	71.28	166.76	80.41	27.5	135.74	101.97	76.01	0	926.42
28.0680	0	0	0	0	0	0	0	0	259.82	69.19	164.45	80.41	27.5	138.27	104.39	76.01	0	920.04
28.0780	0	0	0	0	0	0	0	0	255.2	69.19	159.83	80.41	29.59	138.27	106.81	78.98	0	918.28
28.0880	0	0	0	0	0	0	0	0	248.27	67.1	157.52	82.94	29.59	143.22	109.23	78.98	0	916.85
28.0980	0	0	0	0	0	0	0	0	241.34	64.9	152.9	82.94	29.59	145.75	113.96	78.98	0	910.36
28.1080	0	0	0	0	0	0	0	0	234.41	64.9	148.28	85.47	29.59	148.28	116.27	81.84	0	909.04
28.1180	0	0	0	0	0	0	0	0	227.48	62.81	145.97	88	31.79	153.34	118.58	81.84	0	909.81
28.1280	0	0	0	0	0	0	0	0	218.13	62.81	141.35	90.53	31.79	155.87	123.2	84.81	0	908.49
28.1380	0	0	0	0	0	0	0	0	211.09	60.72	136.84	92.95	31.79	160.93	127.93	87.67	0	909.92
28.1480	0	0	0	0	0	0	0	0	201.74	58.63	132.22	95.48	33.88	168.52	132.55	90.53	0	913.55
28.1580	0	0	0	0	0	0	0	0	192.39	58.63	127.6	98.01	33.88	173.36	134.86	93.5	0	912.23
28.1680	0	0	0	0	0	0	0	0	185.46	56.43	122.98	100.54	35.97	178.09	139.59	96.36	0	915.42
28.1780	0	0	0	0	0	0	0	0	176.11	56.43	118.36	105.49	35.97	182.82	144.21	99.33	0	918.72
28.1880	0	0	0	0	0	0	0	0	166.76	54.34	111.65	108.02	38.06	189.86	146.52	105.16	0	920.37
28.1980	0	0	0	0	0	0	0	0	159.94	52.25	107.25	113.08	38.06	194.59	151.14	108.02	0	924.33
28.2080	0	0	0	0	0	0	0	0	150.81	52.25	100.76	115.5	40.26	201.63	155.87	110.99	0	928.07
28.2180	0	0	0	0	0	0	0	0	141.68	50.16	94.27	120.45	40.26	208.67	160.49	113.52	0	929.5
28.2280	0	0	0	0	0	0	0	0	132.66	48.07	89.87	122.98	42.35	213.4	165.11	116.05	0	930.49
28.2380	0	0	0	0	0	0	0	0	125.84	43.89	83.38	125.51	42.35	220.55	169.95	118.58	0	930.05
28.2480	0	0	0	0	0	0	0	0	114.51	41.8	74.69	130.46	42.35	225.39	174.79	121.11	0	925.1
28.2580	0	0	0	0	0	0	0	0	104.94	39.71	68.09	135.41	44.44	230.34	177.21	123.64	0	923.78
28.2680	0	0	0	0	0	0	0	0	95.37	37.62	63.8	140.36	44.44	235.18	182.16	126.17	0	925.1
28.2780	0	0	0	0	0	0	0	0	85.8	33.44	57.2	142.89	46.53	240.13	187	128.7	0	921.69
28.2880	0	0	0	0	0	0	0	0	78.65	31.35	51.26	145.42	46.53	244.97	191.84	131.23	0	921.25
28.2980	0	0	0	0	0	0	0	0	69.08	27.17	45.54	147.84	46.53	249.92	196.79	136.29	0	919.16
28.3080	0	0	0	0	0	0	0	0	59.51	25.08	37.95	150.37	48.73	254.76	201.63	138.82	0	916.85
28.3180	4.07	0	0	0	0	0	0	0	47.96	20.9	32.23	152.79	48.73	257.18	206.47	141.35	4.07	907.61
28.3280	8.25	0	0	0	0	0	0	0	36.52	18.81	24.64	150.37	46.53	262.13	211.42	146.41	8.25	896.83
28.3380	12.32	0	0	0	0	0	0	0	29.7	14.63	18.92	150.37	46.53	264.55	213.84	148.94	12.32	887.48
28.3480	20.68	3.74	0	0	0	0	0	0	25.08	12.54	15.18	147.84	44.44	266.97	218.68	154	24.42	884.73
28.3580	31.02	9.35	3.85	0	0	0	0	0	22.88	10.45	13.2	142.89	42.35	266.97	223.52	156.53	44.22	878.79
28.3680	55.88	16.94	9.79	0	0	0	0	0	18.26	8.36	9.46	137.94	40.26	266.97	225.94	159.06	82.61	866.25
28.3780	92.73	28.16	23.54	6.27	0	0	0	0	15.95	6.27	7.59	130.46	35.97	264.55	225.94	161.59	150.7	848.32
28.3880	122.32	37.62	33.44	10.45	0	0	4.51	0	13.64	4.18	5.61	120.45	31.79	262.13	225.94	161.59	208.34	825.33
28.3980	138.16	43.34	37.29	22.99	4.29	6.27	9.02	0	13.64	4.18	5.61	108.02	27.5	259.71	225.94	164.12	261.36	808.72
28.4080	142.23	47.08	39.27	27.17	6.49	8.47	11.22	0	11.44	4.18	3.74	95.48	21.12	254.76	225.94	166.76	281.93	783.42
28.4180	138.16	48.95	43.23	29.26	8.58	10.56	13.53	0	11.44	4.18	0	82.94	16.94	249.92	223.52	169.18	292.27	758.12
28.4280	138.16	56.54	47.19	37.62	15.18	14.74	20.24	0	11.44	0	3.74	67.98	12.65	242.55	221.21	169.18	329.67	728.75
28.4380	144.21	64.46	53.13	41.8	15.18	21.12	22.55	0	9.13	0	0	52.91	10.56	232.76	221.21	171.71	362.45	698.28
28.4480	148.17	72.38	57.31	48.07	17.27	27.5	24.75	0	9.13	0	0	37.73	8.47	218.13	218.68	174.24	395.45	666.38
28.4580	160.05	82.28	66.22	56.54	17.27	35.97	29.26	0	6.82	0	0	27.72	8.47	201.63	216.26	176.77	447.59	637.67
28.4680	176.22	92.29	77.33	62.81	19.47	46.53	36.08	4.51	6.82	0	0	20.13	6.27	175.67	213.84	179.19	515.24	601.92
28.4780	188.32	102.19	88.55	69.19	21.67	57.42	45.1	6.71	4.51	0	0	12.54	6.27	145.75	206.47	179.19	579.15	554.73
28.4880	198.44	106.15	97.46	73.48	23.87	69.19	54.12	9.02	4.51	0	0	10.01	6.27	110.66	194.37	179.19	631.73	505.01
28.4980	208.56	112.42	106.37	75.57	23.87	76.23	63.36	11.22	0	0	0	4.95	4.18	81.84	172.37	174.24	677.6	437.58
28.5080	216.7	114.62	115.28	77.66	25.96	85.58	72.82	15.73	0	0	0	0	4.18	60.28	141.9	164.12	724.35	370.48
28.5180	224.84	119.02	124.08	81.95	25.96	90.31	79.86	18.04	0	0	0	0	4.18	42.79	104.39	154	764.06	305.36
28.5280	236.94	125.62	132.88	84.04	28.16	95.04	84.59	22.55	0	0	0	0	4.18	30.14	75.68	136.29	809.82	246.29
28.5380	244.97	130.02	139.48	86.13	28.16	102.08	94.05	24.75	0	0	0	0	4.18	20.13	58.85	116.05	849.64	199.21
28.5480	253	134.42	146.08	88.33	30.36	109.12	98.78	29.26	0	0	0	0	0	12.54	46.42	78.98	889.35	137.94
28.5580	257.07	136.62	150.48	92.51	30.36	113.85	105.93	33.77	0	0	0	0	0	10.01	34.32	36.19	920.59	80.52
28.5680	257.07	138.82	152.68	96.8	32.56	121	110.66	36.08	0	0	0	0	0	4.95	22.11	25.08	945.67	52.14
28.5780	257.07	141.02	154.88	100.98	32.56	128.15	113.08	40.59	0	0	0	0	0	4.95	10.01	13.86	968.33	28.82
28.5880	255.09	141.02	157.08	105.27	32.56	135.41	117.59	42.79	0	0	0	0	0	0	3.96	8.36	986.81	12.32
28.5980	251.02	141.02	154.88	109.45	34.65	140.14	124.41	47.3	0	0	0	0	0	0	0	5.5	1002.87	5.5
28.6080	244.97	138.82	152.68	113.63	34.65	147.29	128.92	49.61	0	0	0	0	0	0	0	5.5	1010.57	5.5
28.6180	238.92	134.42	150.48	115.72	36.85	152.13	133.43	54.12	0	0	0	0	0	0	0	0	1016.07	0
28.6280	228.8	130.02	143.88	117.81	36.85	156.97	140.25	56.32	0	0	0	0	0	0	0	0	1010.9	0
28.6380	218.68	123.42	139.48	119.9	36.85	161.7	144.76	58.63	0	0	0	0	0	0	0	0	1003.42	0
28.6480	206.58	116.82	132.88	121.99	39.05	164.12	151.58	60.72	0	0	0	0	0	0	0	0	993.74	0
28.6580	196.46	110.22	126.28	121.99	39.05	168.96	156.09	65.12	0	0	0	0	0	0	0	0	984.17	0
28.6680	184.25	102.19	119.68	121.99	39.05	171.16	162.91	67.32	0	0	0	0	0	0	0	0	968.55	0
28.6780	174.13	96.25	113.08	123.97	41.25	175.78	167.53	69.41	0	0	0	0	0	0	0	0	961.4	0
28.6880	164.01	90.31	108.57	121.99	41.25	178.09	172.15	71.61	0	0	0	0	0	0	0	0	947.98	0
28.6980	154.11	84.37	101.86	123.97	43.34	180.4	176.77	73.81	0	0	0	0	0	0	0	0	938.63	0
28.7080	144.21	78.32	95.15	123.97	43.34	182.71	183.81	76.01	0	0	0	0	0	0	0	0	927.52	0
28.7180	134.2	72.38	88.55	121.99	43.34	184.91	188.43	80.3	0	0	0	0	0	0	0	0	914.1	0
28.7280	128.26	66.44	81.84	121.99	45.54	187.22	195.47	82.5	0	0	0	0	0	0	0	0	909.26	0
28.7380	118.36	62.48	77.33	121.99	45.54	189.53	200.09	84.7	0	0	0	0	0	0	0	0	900.02	0
28.7480	112.42	56.54	72.93	121.99	45.54	189.53	204.71	84.7	0	0	0	0	0	0	0	0	888.36	0
28.7580	103.62	52.69	68.42	121.99	47.74	191.84	211.75	89.1	0	0	0	0	0	0	0	0	887.15	0
28.7680	97.13	48.95	64.02	121.99	49.94	191.84	216.37	91.19	0	0	0	0	0	0	0	0	881.43	0
28.7780	88.44	45.21	59.51	123.97	49.94	194.15	220.99	93.39	0	0	0	0	0	0	0	0	875.6	0
28.7880	84.04	43.34	55.11	123.97	52.03	194.15	225.61	95.59	0	0	0	0	0	0	0	0	873.84	0
28.7980	77.55	39.49	53.13	123.97	54.23	194.15	230.23	97.79	0	0	0	0	0	0	0	0	870.54	0
28.8080	70.95	37.62	49.17	123.97	54.23	194.15	234.85	99.99	0	0	0	0	0	0	0	0	864.93	0
28.8180	64.46	35.75	47.19	126.06	56.43	194.15	239.47	102.08	0	0	0	0	0	0	0	0	865.59	0
28.8280	60.06	32.01	43.23	126.06	56.43	196.46	243.98	104.28	0	0	0	0	0	0	0	0	862.51	0
28.8380	53.79	30.14	39.27	128.15	56.43	196.46	248.6	106.48	0	0	0	4.95	0	4.95	3.96	0	859.32	13.86
28.8480	49.61	28.16	35.42	128.15	58.63	196.46	253.22	108.68	0	0	0	7.48	0	4.95	6.05	0	858.33	18.48
28.8580	43.45	24.42	31.46	128.15	56.43	196.46	260.15	110.88	0	0	0	10.01	0	4.95	3.96	0	851.4	18.92
28.8680	37.18	22.55	25.52	126.06	56.43	196.46	266.97	113.08	0	0	0	12.54	0	4.95	6.05	0	844.25	23.54
28.8780	31.02	20.68	21.56	123.97	56.43	194.15	273.9	115.28	0	0	0	12.54	0	0	3.96	0	836.99	16.5
28.8880	26.84	16.94	19.58	119.9	54.23	194.15	278.52	117.59	0	0	0	12.54	0	0	3.96	0	827.75	16.5
28.8980	24.75	16.94	17.71	115.72	52.03	194.15	285.23	119.9	9.13	0	0	12.54	0	0	3.96	0	826.43	25.63
28.9080	22.77	13.09	13.75	111.65	49.94	191.84	292.05	124.52	15.95	0	0	12.54	0	0	3.96	0	819.61	32.45
28.9180	18.59	11.22	11.77	105.27	45.54	189.53	296.67	126.83	25.08	4.18	3.74	17.6	0	0	3.96	0	805.42	54.56
28.9280	16.5	9.35	9.79	98.89	43.34	189.53	301.18	129.03	29.7	6.27	7.59	20.13	0	4.95	3.96	0	797.61	72.6
28.9380	12.32	7.48	5.83	92.51	39.05	187.22	305.69	131.34	36.52	10.45	11.33	25.19	4.18	7.48	6.05	0	781.44	101.2
28.9480	10.34	7.48	5.83	86.13	34.65	184.91	305.69	133.65	47.96	14.63	15.18	30.14	4.18	10.01	8.03	0	768.68	130.13
28.9580	10.34	5.61	3.85	77.66	28.16	182.71	303.38	133.65	61.93	20.9	26.51	37.73	10.56	17.6	18.15	5.5	745.36	198.88
28.9680	8.25	5.61	3.85	69.19	23.87	180.4	301.18	133.65	85.8	25.08	37.95	37.73	14.74	27.72	28.27	11.11	726	268.4
28.9780	6.16	5.61	3.85	60.72	19.47	175.78	294.36	131.34	125.84	35.53	55.11	45.32	16.94	35.2	36.3	16.72	697.29	366.96
28.9880	6.16	5.61	0	52.25	15.18	168.96	287.54	131.34	153.12	43.89	70.29	47.85	16.94	47.85	44.33	19.47	667.04	443.74
28.9980	4.07	3.74	0	41.8	12.98	159.28	280.72	131.34	162.14	45.98	78.98	47.85	16.94	60.28	50.38	22.33	633.93	484.88
29.0080	0	3.74	0	29.26	10.78	142.56	273.9	131.34	166.76	48.07	87.67	47.85	16.94	69.85	54.45	27.83	591.58	519.42
29.0180	0	3.74	0	20.9	8.58	121	264.66	131.34	169.07	48.07	94.27	50.38	16.94	77.11	58.85	36.19	550.22	550.88
29.0280	0	0	0	16.72	6.49	90.31	246.29	129.03	173.69	50.16	100.76	52.91	16.94	84.26	61.27	41.8	488.84	581.79
29.0380	0	0	0	12.54	6.49	64.46	211.75	124.52	183.04	54.34	107.25	55.44	19.03	89.1	63.69	47.41	419.76	619.3
29.0480	0	0	0	10.45	6.49	44.44	160.71	115.28	192.39	58.63	116.05	57.97	19.03	96.25	66.11	53.02	337.37	659.45
29.0580	0	0	0	6.27	6.49	29.59	108.24	106.48	204.16	62.81	125.29	62.92	19.03	103.4	68.42	55.77	257.07	701.8
29.0680	0	0	0	4.18	6.49	21.12	68.09	93.39	218.13	67.1	136.84	65.45	21.12	108.24	70.84	58.63	193.27	746.35
29.0780	0	0	0	4.18	8.58	12.65	47.3	76.01	229.79	71.28	143.66	67.98	21.12	113.08	73.26	61.49	148.72	781.66
29.0880	0	0	0	0	6.49	8.47	40.59	58.63	241.34	75.57	152.9	72.93	21.12	120.56	73.26	64.35	114.18	822.03
29.0980	0	0	0	0	4.29	6.27	31.57	36.08	250.58	79.86	159.83	77.99	21.12	125.62	75.68	67.32	78.21	858
29.1080	0	0	0	0	0	4.18	22.55	11.22	255.2	84.04	164.45	82.94	23.21	130.68	75.68	70.18	37.95	886.38
29.1180	0	0	0	0	0	0	13.53	0	259.82	86.13	166.76	88	23.21	138.27	78.1	73.15	13.53	913.44
29.1280	0	0	0	0	0	0	11.22	0	262.13	90.42	171.38	92.95	23.21	143.22	78.1	73.15	11.22	934.56
29.1380	0	0	0	0	0	0	6.71	0	262.13	92.51	171.38	98.01	25.41	150.81	78.1	76.01	6.71	954.36
29.1480	0	0	0	0	0	0	4.51	0	257.51	94.71	171.38	102.96	25.41	155.87	78.1	76.01	4.51	961.95
29.1580	0	0	0	0	0	0	0	0	255.2	96.8	169.07	110.55	25.41	163.46	80.41	78.98	0	979.88
29.1680	0	0	0	0	0	0	0	0	248.27	98.89	166.76	115.5	25.41	168.52	78.1	78.98	0	980.43
29.1780	0	0	0	0	0	0	0	0	243.65	98.89	162.14	122.98	27.5	173.36	78.1	81.84	0	988.46
29.1880	0	0	0	0	0	0	0	0	236.72	98.89	157.52	127.93	27.5	178.09	78.1	81.84	0	986.59
29.1980	0	0	0	0	0	0	0	0	229.79	101.09	152.9	137.94	27.5	182.82	75.68	81.84	0	989.56
29.2080	0	0	0	0	0	0	0	0	222.86	101.09	145.97	142.89	27.5	189.86	75.68	81.84	0	987.69
29.2180	0	0	0	0	0	0	0	0	213.51	98.89	141.35	150.37	27.5	192.17	75.68	84.81	0	984.28
29.2280	0	0	0	0	0	0	0	0	206.47	98.89	136.84	155.32	29.59	196.9	73.26	84.81	0	982.08
29.2380	0	0	0	0	0	0	0	0	199.43	98.89	129.91	162.8	29.59	201.63	73.26	84.81	0	980.32
29.2480	0	0	0	0	0	0	0	0	192.39	96.8	125.29	167.97	29.59	206.36	73.26	87.67	0	979.33
29.2580	0	0	0	0	0	0	0	0	185.46	94.71	120.67	173.25	29.59	208.67	73.26	87.67	0	973.28
29.2680	0	0	0	0	0	0	0	0	178.42	94.71	116.05	181.17	29.59	213.4	73.26	87.67	0	974.27
29.2780	0	0	0	0	0	0	0	0	173.69	92.51	113.85	186.45	29.59	215.82	70.84	87.67	0	970.42
29.2879	0	0	0	0	0	0	0	0	169.07	90.42	109.45	194.37	29.59	220.55	70.84	87.67	0	971.96
29.2979	0	0	0	0	0	0	0	0	162.14	90.42	105.05	197.12	29.59	222.97	73.26	87.67	0	968.22
29.3079	0	0	0	0	0	0	0	0	159.94	88.33	102.96	202.4	31.79	225.39	73.26	87.67	0	971.74
29.3179	0	0	0	0	0	0	0	0	157.63	88.33	102.96	207.68	31.79	227.81	73.26	87.67	0	977.13
29.3279	0	0	0	0	0	0	0	0	155.32	86.13	102.96	210.32	31.79	230.34	75.68	87.67	0	980.21
29.3379	0	0	0	0	0	0	0	0	153.12	86.13	100.76	210.32	31.79	232.76	75.68	87.67	0	978.23
29.3479	0	0	0	0	0	0	0	0	153.12	86.13	102.96	212.96	31.79	235.18	78.1	90.53	0	990.77
29.3579	0	0	0	0	0	0	0	0	153.12	86.13	102.96	215.6	31.79	235.18	80.41	90.53	0	995.72
29.3679	0	0	0	0	0	0	0	0	150.81	84.04	102.96	215.6	31.79	237.6	80.41	90.53	0	993.74
29.3779	0	0	0	0	0	0	0	0	153.12	84.04	105.05	215.6	33.88	240.13	82.83	90.53	0	1005.18
29.3879	0	0	0	0	0	0	0	0	150.81	84.04	105.05	215.6	33.88	240.13	82.83	90.53	0	1002.87
29.3979	0	0	0	0	0	0	0	0	150.81	84.04	105.05	215.6	33.88	240.13	85.25	90.53	0	1005.29
29.4079	0	0	0	0	0	0	0	0	150.81	81.95	107.25	215.6	33.88	242.55	85.25	90.53	0	1007.82
29.4179	0	0	0	0	0	0	0	0	148.5	81.95	105.05	215.6	33.88	244.97	87.67	90.53	0	1008.15
29.4279	0	0	0	0	0	0	0	0	146.3	79.86	105.05	215.6	33.88	244.97	87.67	90.53	0	1003.86
29.4379	0	0	0	0	0	0	0	0	146.3	77.66	102.96	215.6	33.88	244.97	89.98	90.53	0	1001.88
29.4479	0	0	0	0	0	0	0	0	141.68	75.57	100.76	215.6	35.97	247.39	92.4	93.5	0	1002.87
29.4579	0	0	0	0	0	0	0	0	137.17	73.48	98.56	215.6	35.97	249.92	94.82	93.5	0	999.02
29.4679	0	0	0	0	0	0	0	0	130.35	71.28	96.36	215.6	35.97	252.34	97.24	96.36	0	995.5
29.4779	0	0	0	0	0	0	0	0	125.84	67.1	89.87	218.24	35.97	257.18	99.66	99.33	0	993.19
29.4879	0	0	0	0	0	0	0	0	119.02	62.81	85.47	218.24	35.97	259.71	99.66	102.19	0	983.07
29.4979	0	0	0	0	0	0	0	0	112.09	58.63	78.98	220.88	35.97	262.13	101.97	102.19	0	972.84
29.5079	8.25	0	0	0	0	0	0	0	102.52	54.34	72.49	220.88	38.06	266.97	106.81	108.02	8.25	970.09
29.5179	12.32	0	0	0	0	0	0	0	95.37	50.16	65.89	220.88	35.97	269.5	109.23	110.99	12.32	957.99
29.5279	20.68	5.61	5.83	0	0	0	0	0	85.8	45.98	57.2	220.88	38.06	274.34	111.65	116.05	32.12	949.96
29.5379	26.84	9.35	9.79	0	0	0	0	0	76.23	39.71	51.26	220.88	38.06	276.76	116.27	118.58	45.98	937.75
29.5479	33.11	13.09	13.75	6.27	0	0	0	0	66.66	35.53	45.54	218.24	38.06	279.29	120.89	121.11	66.22	925.32
29.5579	43.45	16.94	17.71	14.63	10.78	4.18	13.53	0	59.51	31.35	37.95	215.6	38.06	281.71	123.2	126.17	121.22	913.55
29.5679	55.88	20.68	21.56	14.63	10.78	4.18	15.73	0	50.27	27.17	32.23	212.96	38.06	284.13	127.93	128.7	143.44	901.45
29.5779	68.75	24.42	27.5	16.72	17.27	6.27	20.24	0	38.83	22.99	26.51	207.68	38.06	284.13	132.55	133.76	181.17	884.51
29.5879	75.35	28.16	31.46	20.9	17.27	8.47	29.26	0	32.01	18.81	20.9	199.76	35.97	284.13	134.86	136.29	210.87	862.73
29.5979	84.04	32.01	37.29	25.08	19.47	12.65	38.28	0	25.08	16.72	15.18	191.73	33.88	281.71	139.59	141.35	248.82	845.24
29.6079	88.44	35.75	39.27	27.17	19.47	19.03	42.79	0	20.57	14.63	11.33	181.17	31.79	279.29	141.9	143.88	271.92	824.56
29.6179	90.53	37.62	43.23	31.35	19.47	25.41	49.61	0	18.26	10.45	9.46	170.61	29.59	274.34	141.9	146.41	297.22	801.02
29.6279	97.13	41.36	45.21	33.44	19.47	33.88	58.63	4.51	15.95	8.36	7.59	157.85	27.5	269.5	141.9	143.88	333.63	772.53
29.6379	105.82	45.21	51.15	37.62	19.47	42.35	63.36	6.71	13.64	8.36	5.61	142.89	23.21	264.55	141.9	143.88	371.69	744.04
29.6479	114.4	48.95	57.31	41.8	19.47	50.82	70.4	11.22	13.64	6.27	3.74	127.93	19.03	254.76	139.59	143.88	414.37	708.84
29.6579	124.3	54.56	64.02	43.89	21.67	59.73	72.82	13.53	11.44	6.27	3.74	110.55	16.94	247.39	134.86	143.88	454.52	675.07
29.6679	134.2	60.5	70.62	50.16	21.67	66.77	77.55	18.04	11.44	6.27	3.74	92.95	12.65	235.18	132.55	141.35	499.51	636.13
29.6779	146.19	66.44	77.33	52.25	21.67	73.81	79.86	20.24	9.13	4.18	3.74	75.46	10.56	222.97	127.93	141.35	537.79	595.32
29.6879	156.09	70.4	84.04	56.54	23.87	78.54	82.28	22.55	9.13	4.18	0	57.97	8.47	206.36	123.2	138.82	574.31	548.13
29.6979	164.01	74.36	88.55	60.72	23.87	85.58	84.59	27.06	6.82	4.18	0	45.32	8.47	187.44	120.89	138.82	608.74	511.94
29.7079	172.15	80.3	92.95	65.01	25.96	90.31	87.01	29.26	6.82	4.18	0	32.67	8.47	165.99	116.27	136.29	642.95	470.69
29.7179	178.2	84.37	97.46	67.1	25.96	92.62	91.74	31.57	4.51	0	0	22.66	6.27	140.8	113.96	136.29	669.02	424.49
29.7279	186.34	88.33	101.86	69.19	25.96	97.35	94.05	31.57	4.51	0	0	17.6	6.27	110.66	106.81	133.76	694.65	379.61
29.7379	194.37	92.29	106.37	71.28	25.96	99.66	96.47	33.77	0	0	0	12.54	4.18	84.26	99.66	133.76	720.17	334.4
29.7479	204.49	96.25	110.77	75.57	28.16	102.08	98.78	36.08	0	0	0	12.54	4.18	62.7	87.67	126.17	752.18	293.26
29.7579	212.63	102.19	115.28	77.66	30.36	104.39	101.2	38.28	0	0	0	7.48	4.18	45.32	73.26	121.11	781.99	251.35
29.7679	220.77	106.15	121.88	79.75	30.36	109.12	103.51	38.28	0	0	0	7.48	4.18	30.14	54.45	113.52	809.82	209.77
29.7779	230.89	110.22	126.28	84.04	30.36	111.43	105.93	40.59	0	0	0	4.95	4.18	20.13	42.35	102.19	839.74	173.8
29.7879	236.94	116.82	130.68	88.33	32.56	116.16	108.24	42.79	0	0	0	0	0	15.07	36.3	81.84	872.52	133.21
29.7979	242.99	119.02	135.08	90.42	32.56	121	110.66	45.1	0	0	0	0	4.18	12.54	28.27	58.63	896.83	103.62
29.8079	246.95	123.42	137.28	92.51	32.56	125.73	113.08	47.3	0	0	0	0	0	10.01	22.11	36.19	918.83	68.31
29.8179	249.04	125.62	139.48	96.8	34.65	128.15	115.28	49.61	0	0	0	0	0	7.48	14.08	19.47	938.63	41.03
29.8279	251.02	127.82	141.68	98.89	34.65	132.99	117.59	51.81	0	0	0	0	0	4.95	8.03	13.86	956.45	26.84
29.8379	253	130.02	143.88	100.98	34.65	135.41	122.1	51.81	0	0	0	0	0	4.95	0	8.36	971.85	13.31
29.8479	253	130.02	143.88	103.07	34.65	140.14	124.41	54.12	0	0	0	0	0	0	0	0	983.29	0
29.8579	253	132.22	143.88	105.27	36.85	142.56	124.41	56.32	0	0	0	0	0	0	0	0	994.51	0
29.8679	249.04	132.22	143.88	107.36	36.85	144.98	126.61	58.63	0	0	0	0	0	0	0	0	999.57	0
29.8779	246.95	130.02	141.68	109.45	36.85	147.29	126.61	58.63	0	0	0	0	0	0	0	0	997.48	0
29.8879	242.99	130.02	139.48	111.65	36.85	149.71	128.92	60.72	0	0	0	0	0	0	0	0	1000.34	0
29.8979	238.92	127.82	137.28	113.63	39.05	152.13	128.92	60.72	0	0	0	0	0	0	0	0	998.47	0
29.9079	234.85	127.82	135.08	113.63	39.05	154.55	128.92	60.72	0	0	0	0	0	0	0	0	994.62	0
29.9179	230.89	125.62	132.88	115.72	39.05	154.55	131.23	62.92	0	0	0	0	0	0	0	0	992.86	0
29.9279	226.82	125.62	128.48	117.81	39.05	156.97	128.92	62.92	0	0	0	0	0	0	0	0	986.59	0
29.9379	222.75	123.42	128.48	119.9	39.05	159.28	128.92	62.92	0	0	0	0	0	0	0	0	984.72	0
29.9479	218.68	123.42	124.08	121.99	39.05	159.28	128.92	62.92	0	0	0	0	0	0	0	0	978.34	0
29.9579	214.61	121.22	121.88	121.99	41.25	161.7	128.92	62.92	0	0	0	0	0	0	0	0	974.49	0
29.9679	212.63	121.22	119.68	123.97	41.25	161.7	128.92	62.92	0	0	0	0	0	0	0	0	972.29	0
29.9779	208.56	119.02	119.68	126.06	41.25	161.7	128.92	65.12	0	0	0	0	0	0	0	0	970.31	0
29.9879	206.58	119.02	117.48	126.06	41.25	161.7	131.23	65.12	0	0	0	0	0	0	0	0	968.44	0
29.9979	206.58	119.02	117.48	126.06	41.25	164.12	131.23	65.12	0	0	0	0	0	0	0	0	970.86	0
30.0079	204.49	116.82	115.28	128.15	41.25	164.12	133.43	65.12	0	0	0	0	0	0	0	0	968.66	0
30.0179	202.51	114.62	115.28	128.15	43.34	166.54	135.74	65.12	0	0	0	0	0	0	0	0	971.3	0
30.0279	200.53	114.62	113.08	130.24	43.34	166.54	135.74	65.12	0	0	0	0	0	0	0	0	969.21	0
30.0379	198.44	114.62	113.08	132.33	43.34	166.54	137.94	67.32	0	0	0	0	0	0	0	0	973.61	0
30.0479	196.46	112.42	113.08	132.33	43.34	168.96	137.94	67.32	0	0	0	0	0	0	0	0	971.85	0
30.0579	194.37	112.42	110.77	134.31	43.34	171.16	137.94	69.41	0	0	0	0	0	0	0	0	973.72	0
30.0679	190.3	110.22	108.57	136.4	43.34	173.47	140.25	69.41	0	0	0	0	0	0	0	0	971.96	0
30.0779	186.34	108.13	106.37	138.49	45.54	175.78	142.56	71.61	0	0	0	0	0	0	0	0	974.82	0
30.0879	182.27	106.15	104.06	138.49	45.54	175.78	144.76	71.61	0	0	0	0	0	0	0	0	968.66	0
30.0979	176.22	102.19	99.66	142.67	45.54	180.4	144.76	73.81	0	0	0	0	0	0	0	0	965.25	0
30.1079	170.06	100.21	97.46	142.67	45.54	180.4	149.38	76.01	0	0	0	0	0	0	0	0	961.73	0
30.1179	164.01	96.25	95.15	146.74	45.54	184.91	149.38	76.01	0	0	0	0	0	0	0	0	957.99	0
30.1279	158.07	94.27	90.75	148.83	47.74	187.22	151.58	78.21	0	0	0	0	0	0	0	0	956.67	0
30.1379	152.13	90.31	86.24	150.92	49.94	191.84	156.09	80.3	0	0	0	0	0	0	0	0	957.77	0
30.1479	142.23	84.37	79.53	155.1	47.74	194.15	158.4	82.5	0	0	0	0	0	0	0	0	944.02	0
30.1579	134.2	80.3	75.13	157.08	49.94	196.46	160.71	84.7	4.51	0	0	4.95	0	0	0	0	938.52	9.46
30.1679	126.28	74.36	70.62	159.17	52.03	198.66	165.22	84.7	11.44	0	0	4.95	0	0	0	0	931.04	16.39
30.1779	116.38	68.42	64.02	163.35	52.03	200.97	167.53	86.9	22.88	0	3.74	7.48	0	0	0	0	919.6	34.1
30.1879	105.82	62.48	59.51	165.44	54.23	203.28	172.15	89.1	29.7	0	7.59	7.48	0	0	0	0	912.01	44.77
30.1979	94.93	56.54	53.13	167.53	54.23	203.28	174.46	91.19	34.32	4.18	9.46	12.54	4.18	0	0	0	895.29	64.68
30.2079	81.84	50.82	47.19	169.62	56.43	205.59	176.77	93.39	38.83	6.27	13.2	17.6	4.18	4.95	0	0	881.65	85.03
30.2179	70.95	45.21	39.27	169.62	54.23	207.9	179.08	93.39	41.14	8.36	17.05	20.13	6.27	4.95	3.96	0	859.65	101.86
30.2279	60.06	37.62	33.44	171.71	54.23	207.9	181.5	95.59	45.76	8.36	18.92	22.66	10.56	7.48	8.03	0	842.05	121.77
30.2379	45.54	30.14	25.52	169.62	54.23	210.21	183.81	95.59	57.2	10.45	24.64	25.19	12.65	7.48	12.1	0	814.66	149.71
30.2479	37.18	24.42	21.56	167.53	52.03	210.21	186.12	97.79	76.23	16.72	30.36	25.19	14.74	12.54	16.06	0	796.84	191.84
30.2579	33.11	20.68	17.71	163.35	47.74	207.9	188.43	97.79	97.79	22.99	39.82	27.72	14.74	17.6	20.13	5.5	776.71	246.29
30.2679	26.84	16.94	13.75	155.1	45.54	205.59	190.74	97.79	114.51	29.26	47.41	30.14	14.74	22.66	22.11	8.36	752.29	289.19
30.2779	20.68	11.22	9.79	144.76	39.05	203.28	195.47	97.79	125.84	31.35	53.13	32.67	16.94	27.72	26.18	8.36	722.04	322.19
30.2879	16.5	9.35	7.81	132.33	34.65	198.66	197.78	99.99	132.66	33.44	59.4	35.2	16.94	32.67	32.23	11.11	697.07	353.65
30.2979	12.32	7.48	5.83	117.81	28.16	194.15	202.4	99.99	139.48	37.62	65.89	37.73	16.94	42.79	36.3	11.11	668.14	387.86
30.3079	12.32	5.61	3.85	100.98	21.67	189.53	204.71	102.08	146.3	39.71	72.49	40.26	19.03	50.38	38.28	13.86	640.75	420.31
30.3179	10.34	5.61	3.85	81.95	17.27	180.4	204.71	102.08	153.12	43.89	78.98	45.32	19.03	60.28	42.35	16.72	606.21	459.69
30.3279	6.16	5.61	0	65.01	15.18	171.16	204.71	102.08	162.14	45.98	87.67	47.85	19.03	65.12	44.33	22.33	569.91	494.45
30.3379	4.07	3.74	0	48.07	12.98	156.97	202.4	102.08	171.38	50.16	94.27	52.91	21.12	72.27	48.4	25.08	530.31	535.59
30.3479	0	3.74	0	33.44	10.78	140.14	195.47	102.08	178.42	52.25	100.76	55.44	21.12	77.11	50.38	27.83	485.65	563.31
30.3579	4.07	3.74	0	25.08	8.58	116.16	181.5	99.99	187.77	54.34	107.25	55.44	21.12	81.84	52.47	33.44	439.12	593.67
30.3679	0	0	0	18.81	8.58	88	158.4	97.79	197.12	58.63	113.85	57.97	23.21	86.68	56.54	36.19	371.58	630.19
30.3779	0	0	0	14.63	8.58	62.15	124.41	91.19	206.47	60.72	118.36	60.39	23.21	91.41	58.85	41.8	300.96	661.21
30.3879	0	0	0	12.54	8.58	42.35	84.59	82.5	215.82	64.9	127.6	65.45	23.21	98.67	63.69	47.41	230.56	706.75
30.3979	0	0	0	10.45	8.58	25.41	56.32	71.61	225.17	69.19	134.53	67.98	25.41	103.4	66.11	50.16	172.37	741.95
30.4079	0	0	0	8.36	6.49	19.03	40.59	56.32	236.72	71.28	143.66	72.93	25.41	110.66	68.42	55.77	130.79	784.85
30.4179	0	0	0	6.27	6.49	14.74	31.57	40.59	243.65	75.57	148.28	77.99	27.5	118.03	70.84	58.63	99.66	820.49
30.4279	0	0	0	6.27	4.29	10.56	22.55	20.24	250.58	79.86	152.9	80.41	27.5	125.62	73.26	61.49	63.91	851.62
30.4379	0	0	0	4.18	0	6.27	15.73	6.71	252.89	81.95	157.52	85.47	27.5	130.68	75.68	64.35	32.89	876.04
30.4479	0	0	0	4.18	0	6.27	11.22	0	255.2	86.13	159.83	90.53	27.5	138.27	78.1	67.32	21.67	902.88
30.4579	0	0	0	4.18	0	4.18	6.71	0	257.51	88.33	159.83	95.48	29.59	143.22	80.41	70.18	15.07	924.55
30.4679	0	0	0	0	0	4.18	4.51	0	255.2	88.33	162.14	98.01	29.59	148.28	82.83	73.15	8.69	937.53
30.4779	0	0	0	0	0	4.18	0	0	252.89	88.33	162.14	100.54	29.59	155.87	87.67	76.01	4.18	953.04
30.4879	0	0	0	0	0	4.18	0	0	250.58	88.33	162.14	100.54	31.79	160.93	92.4	78.98	4.18	965.69
30.4979	0	0	0	0	0	0	0	0	243.65	86.13	159.83	102.96	31.79	165.99	97.24	81.84	0	969.43
30.5079	0	0	0	0	0	0	0	0	236.72	86.13	155.21	105.49	31.79	168.52	101.97	84.81	0	970.64
30.5179	0	0	0	0	0	0	0	0	227.48	81.95	150.59	105.49	33.88	173.36	104.39	87.67	0	964.81
30.5279	0	0	0	0	0	0	0	0	218.13	79.86	143.66	110.55	35.97	178.09	109.23	90.53	0	966.02
30.5379	0	0	0	0	0	0	0	0	206.47	77.66	139.15	110.55	35.97	182.82	113.96	93.5	0	960.08
30.5479	0	0	0	0	0	0	0	0	197.12	75.57	132.22	113.08	35.97	187.44	118.58	96.36	0	956.34
30.5579	0	0	0	0	0	0	0	0	187.77	71.28	125.29	115.5	35.97	192.17	120.89	99.33	0	948.2
30.5679	0	0	0	0	0	0	0	0	178.42	71.28	120.67	115.5	38.06	196.9	127.93	102.19	0	950.95
30.5779	0	0	0	0	0	0	0	0	171.38	69.19	118.36	115.5	38.06	199.32	132.55	105.16	0	949.52
30.5879	0	0	0	0	0	0	0	0	166.76	64.9	116.05	115.5	38.06	201.63	134.86	105.16	0	942.92
30.5979	0	0	0	0	0	0	0	0	164.45	64.9	113.85	115.5	40.26	203.94	137.17	110.99	0	951.06
30.6079	0	0	0	0	0	0	0	0	159.94	62.81	111.65	118.03	40.26	206.36	141.9	110.99	0	951.94
30.6179	0	0	0	0	0	0	0	0	157.63	62.81	109.45	118.03	42.35	208.67	144.21	113.52	0	956.67
30.6279	0	0	0	0	0	0	0	0	155.32	60.72	109.45	118.03	42.35	211.09	148.83	113.52	0	959.31
30.6379	0	0	0	0	0	0	0	0	150.81	60.72	107.25	118.03	42.35	213.4	151.14	116.05	0	959.75
30.6479	0	0	0	0	0	0	0	0	148.5	58.63	105.05	118.03	42.35	215.82	153.56	116.05	0	957.99
30.6579	0	0	0	0	0	0	0	0	146.3	58.63	102.96	120.45	42.35	218.13	155.87	118.58	0	963.27
30.6679	0	0	0	0	0	0	0	0	141.68	56.43	100.76	120.45	44.44	220.55	158.18	121.11	0	963.6
30.6779	0	0	0	0	0	0	0	0	139.48	56.43	98.56	122.98	44.44	225.39	160.49	121.11	0	968.88
30.6879	0	0	0	0	0	0	0	0	132.66	54.34	96.36	125.51	44.44	230.34	162.8	123.64	0	970.09
30.6979	0	0	0	0	0	0	4.51	0	128.04	52.25	92.07	127.93	46.53	235.18	165.11	126.17	4.51	973.28
30.7079	0	0	0	0	0	0	4.51	0	121.22	50.16	85.47	127.93	46.53	237.6	169.95	128.7	4.51	967.56
30.7178	0	0	0	0	0	0	4.51	0	114.51	48.07	78.98	130.46	46.53	242.55	174.79	131.23	4.51	967.12
30.7278	0	0	0	0	0	0	4.51	0	102.52	43.89	72.49	132.88	48.73	247.39	179.63	133.76	4.51	961.29
30.7378	0	0	0	0	0	0	4.51	0	92.95	39.71	61.6	135.41	48.73	252.34	182.16	136.29	4.51	949.19
30.7478	0	0	0	0	0	0	4.51	0	81.07	35.53	55.11	135.41	48.73	257.18	187	141.35	4.51	941.38
30.7578	10.34	3.74	0	4.18	0	0	6.71	0	69.08	29.26	47.41	135.41	48.73	259.71	191.84	143.88	24.97	925.32
30.7678	16.5	7.48	3.85	6.27	0	0	6.71	0	57.2	27.17	39.82	135.41	48.73	262.13	196.79	146.41	40.81	913.66
30.7778	24.75	11.22	7.81	8.36	0	0	6.71	0	43.45	22.99	30.36	135.41	48.73	264.55	201.63	148.94	58.85	896.06
30.7878	37.18	16.94	13.75	14.63	0	4.18	11.22	0	32.01	18.81	22.77	130.46	46.53	264.55	206.47	151.47	97.9	873.07
30.7978	51.7	22.55	23.54	25.08	17.27	8.47	20.24	0	25.08	14.63	17.05	125.51	44.44	266.97	211.42	154	168.85	859.1
30.8078	73.15	30.14	31.46	27.17	17.27	10.56	22.55	0	22.88	12.54	15.18	118.03	42.35	264.55	216.26	159.06	212.3	850.85
30.8178	88.44	35.75	35.42	31.35	23.87	12.65	22.55	0	18.26	10.45	11.33	108.02	38.06	264.55	221.21	161.59	250.03	833.47
30.8278	97.13	41.36	41.25	35.53	23.87	14.74	29.26	0	15.95	6.27	7.59	98.01	31.79	259.71	225.94	164.12	283.14	809.38
30.8378	99.33	45.21	45.21	39.71	23.87	21.12	38.28	4.51	13.64	4.18	5.61	82.94	27.5	254.76	233.2	169.18	317.24	791.01
30.8478	99.33	47.08	47.19	41.8	23.87	29.59	49.61	4.51	13.64	4.18	5.61	67.98	23.21	244.97	235.51	174.24	342.98	769.34
30.8578	101.42	48.95	51.15	43.89	25.96	38.06	58.63	4.51	11.44	4.18	3.74	52.91	16.94	235.18	240.35	179.19	372.57	743.93
30.8678	110.22	52.69	57.31	48.07	25.96	46.53	68.09	6.71	11.44	4.18	3.74	37.73	12.65	222.97	247.61	184.25	415.58	724.57
30.8778	120.34	58.52	66.22	52.25	25.96	57.42	75.13	9.02	9.13	0	3.74	25.19	10.56	203.94	249.92	189.31	464.86	691.79
30.8878	130.24	62.48	72.93	54.34	28.16	64.46	82.28	13.53	9.13	0	0	15.07	6.27	182.82	249.92	191.73	508.42	654.94
30.8978	140.25	66.44	81.84	58.63	30.36	71.5	91.74	15.73	9.13	0	0	10.01	4.18	153.34	247.61	194.26	556.49	618.53
30.9078	144.21	68.42	86.24	58.63	30.36	78.54	101.2	18.04	6.82	0	0	4.95	4.18	120.56	240.35	194.26	585.64	571.12
30.9178	150.15	70.4	92.95	60.72	30.36	83.27	108.24	22.55	4.51	0	0	0	4.18	89.1	225.94	194.26	618.64	517.99
30.9278	154.11	70.4	97.46	60.72	32.56	88	117.59	24.75	4.51	0	0	0	0	60.28	201.63	186.78	645.59	453.2
30.9378	162.03	74.36	104.06	60.72	32.56	90.31	122.1	29.26	0	0	0	0	0	40.26	165.11	174.24	675.4	379.61
30.9478	170.06	76.34	110.77	62.81	34.65	95.04	128.92	33.77	0	0	0	0	0	27.72	123.2	164.12	712.36	315.04
30.9578	178.2	78.32	117.48	62.81	36.85	97.35	135.74	36.08	0	0	0	0	0	17.6	82.83	148.94	742.83	249.37
30.9678	188.32	82.28	126.28	62.81	36.85	99.66	142.56	40.59	0	0	0	0	0	15.07	56.54	131.23	779.35	202.84
30.9778	198.44	86.35	132.88	65.01	39.05	102.08	147.07	42.79	0	0	0	0	0	10.01	44.33	105.16	813.67	159.5
30.9878	206.58	90.31	139.48	67.1	41.25	104.39	153.89	47.3	0	0	0	0	0	7.48	30.25	61.49	850.3	99.22
30.9978	212.63	92.29	143.88	67.1	41.25	106.7	160.71	49.61	0	0	0	0	0	7.48	18.15	30.69	874.17	56.32
31.0078	218.68	94.27	150.48	69.19	43.34	111.43	167.53	51.81	0	0	0	0	0	0	6.05	16.72	906.73	22.77
31.0178	222.75	96.25	154.88	69.19	45.54	113.85	174.46	56.32	0	0	0	0	0	0	0	8.36	933.24	8.36
31.0278	222.75	94.27	154.88	71.28	45.54	118.58	179.08	60.72	0	0	0	0	0	0	0	5.5	947.1	5.5
31.0378	220.77	94.27	157.08	71.28	47.74	121	188.43	62.92	0	0	0	0	0	0	0	0	963.49	0
31.0478	218.68	92.29	157.08	71.28	47.74	123.42	193.05	67.32	0	0	0	0	0	0	0	0	970.86	0
31.0578	214.61	90.31	154.88	71.28	47.74	125.73	200.09	69.41	0	0	0	0	0	0	0	0	974.05	0
31.0678	210.65	88.33	152.68	71.28	49.94	128.15	204.71	71.61	0	0	0	0	0	0	0	0	977.35	0
31.0778	204.49	86.35	150.48	73.48	49.94	130.57	211.75	73.81	0	0	0	0	0	0	0	0	980.87	0
31.0878	198.44	84.37	146.08	73.48	52.03	132.99	216.37	73.81	0	0	0	0	0	0	0	0	977.57	0
31.0978	190.3	80.3	141.68	73.48	52.03	132.99	220.99	78.21	0	0	0	0	0	0	0	0	969.98	0
31.1078	182.27	76.34	135.08	73.48	52.03	135.41	225.61	78.21	0	0	0	0	0	0	0	0	958.43	0
31.1178	172.15	72.38	128.48	73.48	54.23	137.72	230.23	80.3	0	0	0	0	0	0	0	0	948.97	0
31.1278	164.01	68.42	121.88	73.48	54.23	140.14	234.85	80.3	0	0	0	0	0	0	0	0	937.31	0
31.1378	156.09	64.46	117.48	75.57	54.23	140.14	239.47	82.5	0	0	0	0	0	0	0	0	929.94	0
31.1478	148.17	62.48	110.77	75.57	56.43	142.56	243.98	82.5	0	0	0	0	0	0	0	0	922.46	0
31.1578	140.25	58.52	104.06	73.48	56.43	142.56	248.6	84.7	0	0	0	0	0	0	0	0	908.6	0
31.1678	134.2	54.56	99.66	73.48	56.43	142.56	253.22	86.9	0	0	0	0	0	0	0	0	901.01	0
31.1778	128.26	52.69	95.15	73.48	58.63	144.98	257.84	89.1	0	0	0	0	0	0	0	0	900.13	0
31.1878	124.3	48.95	92.95	73.48	58.63	144.98	262.35	91.19	0	0	0	0	0	0	0	0	896.83	0
31.1978	118.36	47.08	88.55	73.48	60.72	147.29	266.97	93.39	0	0	0	0	0	0	0	0	895.84	0
31.2078	114.4	45.21	84.04	75.57	60.72	149.71	271.59	95.59	0	0	0	0	0	0	0	0	896.83	0
31.2178	108.02	43.34	79.53	75.57	60.72	149.71	273.9	97.79	0	0	0	0	0	0	0	0	888.58	0
31.2278	103.62	39.49	75.13	75.57	62.92	152.13	278.52	97.79	0	0	0	0	0	0	0	0	885.17	0
31.2378	94.93	37.62	68.42	77.66	62.92	154.55	280.72	102.08	0	0	0	0	0	0	0	0	878.9	0
31.2478	84.04	33.88	61.71	77.66	65.01	156.97	285.23	102.08	0	0	0	0	0	0	0	0	866.58	0
31.2578	73.15	30.14	55.11	79.75	65.01	159.28	289.85	104.28	0	0	0	0	0	0	0	0	856.57	0
31.2678	62.26	26.29	47.19	79.75	67.21	159.28	294.36	106.48	0	0	0	4.95	0	0	6.05	0	842.82	11
31.2778	53.79	22.55	39.27	77.66	67.21	159.28	301.18	108.68	0	0	0	12.54	0	4.95	6.05	0	829.62	23.54
31.2878	43.45	20.68	33.44	77.66	67.21	159.28	305.69	110.88	0	0	0	15.07	0	4.95	6.05	0	818.29	26.07
31.2978	37.18	16.94	27.5	75.57	67.21	156.97	314.82	115.28	15.95	0	3.74	17.6	0	4.95	6.05	0	811.47	48.29
31.3078	28.93	15.07	21.56	73.48	65.01	156.97	321.53	119.9	34.32	8.36	11.33	20.13	4.18	4.95	6.05	0	802.45	89.32
31.3178	24.75	13.09	19.58	71.28	62.92	156.97	328.35	122.21	54.89	14.63	20.9	25.19	4.18	7.48	6.05	0	799.15	133.32
31.3278	22.77	11.22	15.73	67.1	60.72	154.55	332.97	126.83	71.5	20.9	32.23	30.14	6.27	12.54	10.01	0	791.89	183.59
31.3378	18.59	7.48	11.77	60.72	56.43	152.13	341.99	131.34	81.07	25.08	37.95	32.67	10.56	15.07	14.08	0	780.45	216.48
31.3478	14.41	5.61	9.79	54.34	49.94	147.29	348.7	133.65	76.23	22.99	37.95	35.2	12.65	22.66	22.11	0	763.73	229.79
31.3578	12.32	5.61	7.81	48.07	43.34	142.56	357.83	135.96	71.5	22.99	36.08	35.2	14.74	32.67	32.23	8.36	753.5	253.77
31.3678	10.34	3.74	5.83	39.71	34.65	140.14	366.85	138.27	78.65	25.08	41.8	40.26	19.03	37.73	38.28	16.72	739.53	297.55
31.3778	8.25	3.74	3.85	31.35	28.16	130.57	375.87	142.78	100.1	33.44	51.26	47.85	21.12	50.38	46.42	19.47	724.57	370.04
31.3878	8.25	3.74	3.85	20.9	19.47	118.58	387.2	145.09	121.22	39.71	68.09	52.91	21.12	67.54	52.47	22.33	707.08	445.39
31.3978	6.16	3.74	3.85	12.54	12.98	104.39	391.71	145.09	130.35	43.89	76.78	52.91	21.12	77.11	56.54	25.08	680.46	483.78
31.4078	4.07	0	0	8.36	8.58	83.27	391.71	145.09	134.86	43.89	85.47	55.44	21.12	84.26	63.69	30.69	641.08	519.42
31.4178	4.07	0	0	4.18	6.49	62.15	380.38	145.09	141.68	45.98	96.36	55.44	21.12	91.41	70.84	41.8	602.36	564.63
31.4278	0	0	0	0	4.29	44.44	355.52	140.58	148.5	48.07	105.05	57.97	23.21	101.09	75.68	47.41	544.83	606.98
31.4378	0	0	0	0	0	31.79	317.02	135.96	155.32	48.07	111.65	60.39	23.21	108.24	80.41	55.77	484.77	643.06
31.4478	0	0	0	0	0	25.41	262.35	124.52	159.94	50.16	118.36	62.92	25.41	115.5	82.83	58.63	412.28	673.75
31.4578	0	0	0	0	0	19.03	195.47	110.88	166.76	52.25	122.98	65.45	25.41	123.09	85.25	64.35	325.38	705.54
31.4678	0	0	0	0	4.29	14.74	131.23	102.08	173.69	56.43	129.91	70.4	25.41	128.15	87.67	70.18	252.34	741.84
31.4778	0	0	0	0	6.49	12.65	84.59	91.19	180.73	58.63	136.84	72.93	27.5	133.21	92.4	73.15	194.92	775.39
31.4878	0	0	0	0	6.49	8.47	58.63	73.81	187.77	62.81	141.35	77.99	27.5	140.8	94.82	76.01	147.4	809.05
31.4978	0	0	0	0	4.29	6.27	42.79	51.81	192.39	64.9	145.97	80.41	29.59	148.28	97.24	78.98	105.16	837.76
31.5078	0	0	0	0	4.29	4.18	31.57	24.75	197.12	69.19	148.28	85.47	29.59	155.87	101.97	84.81	64.79	872.3
31.5178	0	0	0	0	0	4.18	20.24	6.71	197.12	71.28	150.59	90.53	29.59	163.46	104.39	87.67	31.13	894.63
31.5278	0	0	0	0	0	0	13.53	0	197.12	73.48	150.59	98.01	31.79	171.05	106.81	90.53	13.53	919.38
31.5378	0	0	0	0	0	0	11.22	0	194.81	73.48	148.28	102.96	31.79	178.09	109.23	93.5	11.22	932.14
31.5478	0	0	0	0	0	0	9.02	0	190.08	75.57	145.97	108.02	33.88	185.13	111.65	99.33	9.02	949.63
31.5578	0	0	0	0	0	0	6.71	0	185.46	75.57	141.35	113.08	33.88	192.17	113.96	102.19	6.71	957.66
31.5678	0	0	0	0	0	0	4.51	0	178.42	73.48	136.84	118.03	33.88	199.32	116.27	105.16	4.51	961.4
31.5778	0	0	0	0	0	0	4.51	0	169.07	73.48	132.22	122.98	35.97	203.94	118.58	108.02	4.51	964.26
31.5878	0	0	0	0	0	0	0	0	162.14	71.28	125.29	127.93	35.97	211.09	120.89	108.02	0	962.61
31.5978	0	0	0	0	0	0	0	0	155.32	69.19	118.36	130.46	35.97	215.82	120.89	110.99	0	957
31.6078	0	0	0	0	0	0	0	0	146.3	67.1	109.45	135.41	38.06	220.55	120.89	113.52	0	951.28
31.6178	0	0	0	0	0	0	0	0	137.17	64.9	102.96	140.36	38.06	227.81	123.2	113.52	0	947.98
31.6278	0	0	0	0	0	0	0	0	128.04	60.72	94.27	145.42	40.26	232.76	125.62	116.05	0	943.14
31.6378	0	0	0	0	0	0	0	0	119.02	58.63	85.47	147.84	40.26	237.6	127.93	118.58	0	935.33
31.6478	0	0	0	0	0	0	0	0	112.09	54.34	78.98	152.79	40.26	242.55	127.93	118.58	0	927.52
31.6578	0	0	0	0	0	0	0	0	102.52	50.16	70.29	155.32	40.26	247.39	130.24	121.11	0	917.29
31.6678	0	0	0	0	0	0	0	0	92.95	48.07	65.89	160.27	40.26	252.34	130.24	121.11	0	911.13
31.6778	0	0	0	0	0	0	0	0	85.8	43.89	59.4	162.8	40.26	257.18	132.55	121.11	0	902.99
31.6878	0	0	0	0	0	0	0	0	78.65	41.8	53.13	167.97	40.26	262.13	134.86	123.64	0	902.44
31.6978	0	0	0	0	0	0	0	0	71.5	37.62	47.41	170.61	40.26	266.97	137.17	126.17	0	897.71
31.7078	0	0	0	0	0	0	0	0	64.35	35.53	43.67	173.25	40.26	271.92	139.59	126.17	0	894.74
31.7178	0	0	0	0	0	0	0	0	57.2	31.35	37.95	175.89	40.26	276.76	141.9	128.7	0	890.01
31.7278	0	0	0	0	0	0	0	0	50.27	29.26	34.1	178.53	40.26	279.29	144.21	131.23	0	887.15
31.7378	0	0	0	0	0	0	0	0	43.45	25.08	30.36	178.53	40.26	281.71	146.52	131.23	0	877.14
31.7478	0	0	0	0	0	0	0	0	38.83	22.99	26.51	178.53	40.26	284.13	148.83	133.76	0	873.84
31.7578	0	0	0	0	0	0	0	0	34.32	20.9	22.77	181.17	40.26	286.55	151.14	136.29	0	873.4
31.7678	0	0	0	0	0	0	0	0	29.7	18.81	20.9	181.17	40.26	289.08	155.87	136.29	0	872.08
31.7778	0	0	0	0	0	0	0	0	25.08	16.72	17.05	181.17	40.26	291.5	158.18	138.82	0	868.78
31.7878	0	0	0	0	0	0	0	0	22.88	16.72	15.18	181.17	38.06	293.92	160.49	141.35	0	869.77
31.7978	0	0	0	0	0	0	0	0	20.57	14.63	13.2	181.17	38.06	296.34	162.8	143.88	0	870.65
31.8078	0	0	0	0	0	0	0	0	18.26	12.54	13.2	178.53	38.06	296.34	165.11	143.88	0	865.92
31.8178	0	0	0	0	0	0	0	0	18.26	12.54	11.33	178.53	35.97	298.87	169.95	146.41	0	871.86
31.8278	0	0	0	0	0	0	0	0	15.95	10.45	9.46	175.89	35.97	301.29	172.37	148.94	0	870.32
31.8378	0	0	0	0	0	0	0	0	13.64	8.36	7.59	173.25	35.97	301.29	174.79	151.47	0	866.36
31.8478	0	0	0	0	0	0	0	0	13.64	8.36	7.59	170.61	33.88	303.71	174.79	151.47	0	864.05
31.8578	0	0	0	0	0	0	0	0	11.44	8.36	5.61	165.33	31.79	303.71	177.21	154	0	857.45
31.8678	0	0	0	0	0	0	0	0	11.44	6.27	5.61	160.27	29.59	303.71	179.63	154	0	850.52
31.8778	8.25	0	0	0	0	0	0	0	11.44	6.27	3.74	152.79	27.5	301.29	182.16	156.53	8.25	841.72
31.8878	12.32	3.74	0	0	0	0	0	0	11.44	6.27	3.74	145.42	23.21	301.29	184.58	159.06	16.06	835.01
31.8978	20.68	7.48	3.85	0	0	0	0	0	9.13	6.27	3.74	137.94	21.12	298.87	187	161.59	32.01	825.66
31.9078	35.09	15.07	7.81	4.18	0	0	4.51	0	9.13	4.18	0	127.93	19.03	296.34	189.42	164.12	66.66	810.15
31.9178	68.75	26.29	19.58	8.36	0	0	4.51	0	9.13	4.18	0	118.03	14.74	293.92	189.42	166.76	127.49	796.18
31.9278	110.22	41.36	35.42	25.08	4.29	6.27	9.02	0	9.13	4.18	0	105.49	12.65	289.08	191.84	169.18	231.66	781.55
31.9378	152.13	56.54	49.17	31.35	12.98	8.47	15.73	0	6.82	4.18	0	92.95	10.56	284.13	196.79	171.71	326.37	767.14
31.9478	160.05	60.5	55.11	33.44	15.18	10.56	20.24	0	6.82	4.18	0	80.41	10.56	276.76	196.79	174.24	355.08	749.76
31.9578	154.11	64.46	59.51	39.71	21.67	14.74	24.75	4.51	6.82	0	0	65.45	8.47	266.97	199.21	179.19	383.46	726.11
31.9678	156.09	70.4	66.22	45.98	19.47	23.21	33.77	4.51	4.51	0	0	50.38	8.47	249.92	201.63	181.72	419.65	696.63
31.9778	154.11	74.36	68.42	50.16	21.67	33.88	42.79	6.71	4.51	0	0	37.73	6.27	232.76	206.47	184.25	452.1	671.99
31.9878	160.05	80.3	77.33	56.54	23.87	42.35	49.61	9.02	4.51	0	0	27.72	6.27	211.09	209	189.31	499.07	647.9
31.9978	172.15	90.31	86.24	62.81	23.87	50.82	54.12	9.02	0	0	0	22.66	6.27	185.13	209	191.73	549.34	614.79
32.0078	184.25	98.23	95.15	69.19	23.87	59.73	58.63	11.22	0	0	0	15.07	6.27	150.81	204.05	191.73	600.27	567.93
32.0178	194.37	106.15	104.06	73.48	25.96	66.77	65.67	15.73	0	0	0	12.54	6.27	115.5	191.84	186.78	652.19	512.93
32.0278	202.51	110.22	108.57	77.66	25.96	73.81	70.4	18.04	0	0	0	10.01	4.18	89.1	172.37	181.72	687.17	457.38
32.0378	208.56	114.62	115.28	79.75	28.16	80.85	75.13	20.24	0	0	0	7.48	6.27	67.54	144.21	171.71	722.59	397.21
32.0478	212.63	119.02	121.88	84.04	28.16	88	82.28	22.55	0	0	0	4.95	6.27	50.38	111.65	159.06	758.56	332.31
32.0578	220.77	123.42	126.28	86.13	30.36	92.62	89.32	24.75	0	0	0	0	6.27	35.2	82.83	146.41	793.65	270.71
32.0678	226.82	127.82	132.88	90.42	32.56	99.66	94.05	29.26	0	0	0	0	6.27	25.19	66.11	123.64	833.47	221.21
32.0778	230.89	132.22	137.28	94.6	32.56	104.39	101.2	31.57	0	0	0	0	4.18	15.07	54.45	87.67	864.71	161.37
32.0878	232.87	134.42	139.48	98.89	34.65	111.43	105.93	36.08	0	0	0	0	0	12.54	44.33	41.8	893.75	98.67
32.0978	234.85	136.62	143.88	103.07	36.85	118.58	113.08	40.59	0	0	0	0	0	7.48	34.32	25.08	927.52	66.88
32.1078	234.85	138.82	143.88	107.36	36.85	125.73	117.59	45.1	0	0	0	0	0	4.95	20.13	19.47	950.18	44.55
32.1178	232.87	138.82	146.08	111.65	36.85	130.57	122.1	47.3	0	0	0	0	0	0	10.01	11.11	966.24	21.12
32.1278	230.89	141.02	146.08	115.72	39.05	137.72	126.61	51.81	0	0	0	0	0	0	6.05	5.5	988.9	11.55
32.1378	226.82	138.82	143.88	121.99	41.25	144.98	131.23	54.12	0	0	0	0	0	0	3.96	5.5	1003.09	9.46
32.1477	220.77	136.62	141.68	126.06	41.25	149.71	133.43	58.63	0	0	0	0	0	0	0	0	1008.15	0
32.1577	212.63	134.42	137.28	130.24	41.25	156.97	137.94	62.92	0	0	0	0	0	0	0	0	1013.65	0
32.1677	202.51	130.02	130.68	136.4	43.34	164.12	140.25	67.32	0	0	0	0	0	0	0	0	1014.64	0
32.1777	192.39	125.62	121.88	140.58	43.34	171.16	142.56	69.41	0	0	0	0	0	0	0	0	1006.94	0
32.1877	182.27	119.02	115.28	144.76	43.34	175.78	147.07	71.61	0	0	0	0	0	0	0	0	999.13	0
32.1977	172.15	112.42	108.57	148.83	45.54	180.4	149.38	71.61	0	0	0	0	0	0	0	0	988.9	0
32.2077	162.03	106.15	101.86	153.01	45.54	182.71	151.58	71.61	0	0	0	0	0	0	0	0	974.49	0
32.2177	154.11	100.21	95.15	155.1	45.54	187.22	153.89	73.81	0	0	0	0	0	0	0	0	965.03	0
32.2277	144.21	96.25	88.55	157.08	45.54	187.22	156.09	73.81	0	0	0	0	0	0	0	0	948.75	0
32.2377	136.18	90.31	81.84	159.17	47.74	189.53	158.4	76.01	0	0	0	0	0	0	0	0	939.18	0
32.2477	126.28	84.37	75.13	161.26	47.74	191.84	160.71	76.01	0	0	0	0	0	0	0	0	923.34	0
32.2577	118.36	78.32	68.42	163.35	47.74	194.15	165.22	76.01	0	0	0	0	0	0	0	0	911.57	0
32.2677	110.22	72.38	64.02	163.35	49.94	196.46	167.53	76.01	0	0	0	0	0	0	0	0	899.91	0
32.2777	103.62	68.42	59.51	165.44	49.94	196.46	169.84	76.01	0	0	0	0	0	0	0	0	889.24	0
32.2877	94.93	62.48	55.11	165.44	49.94	198.66	174.46	78.21	0	0	0	0	0	0	0	0	879.23	0
32.2977	90.53	58.52	53.13	165.44	49.94	198.66	179.08	78.21	0	0	0	0	0	0	0	0	873.51	0
32.3077	84.04	54.56	49.17	165.44	52.03	200.97	181.5	80.3	0	0	0	0	0	0	0	0	868.01	0
32.3177	77.55	50.82	47.19	165.44	52.03	203.28	186.12	80.3	0	0	0	0	0	0	0	0	862.73	0
32.3277	70.95	45.21	43.23	167.53	52.03	203.28	190.74	82.5	0	0	0	0	0	0	0	0	855.47	0
32.3377	64.46	43.34	39.27	167.53	54.23	205.59	193.05	84.7	0	0	0	0	0	0	0	0	852.17	0
32.3477	60.06	39.49	37.29	167.53	54.23	207.9	200.09	84.7	0	0	0	0	0	0	0	0	851.29	0
32.3577	53.79	37.62	33.44	169.62	54.23	207.9	202.4	86.9	0	0	0	0	0	0	0	0	845.9	0
32.3677	49.61	33.88	31.46	171.71	54.23	210.21	207.02	89.1	0	0	0	0	0	0	0	0	847.22	0
32.3777	43.45	30.14	27.5	171.71	54.23	210.21	209.44	91.19	0	0	0	0	0	0	0	0	837.87	0
32.3877	39.27	28.16	23.54	173.8	54.23	210.21	214.06	91.19	0	0	0	0	0	0	0	0	834.46	0
32.3977	35.09	26.29	21.56	173.8	54.23	212.41	218.68	93.39	0	0	0	4.95	0	0	0	0	835.45	4.95
32.4077	31.02	22.55	19.58	173.8	54.23	212.41	223.41	95.59	0	0	0	4.95	0	0	3.96	0	832.59	8.91
32.4177	28.93	20.68	17.71	171.71	52.03	212.41	227.92	95.59	0	0	0	7.48	0	0	0	0	826.98	7.48
32.4277	26.84	18.81	15.73	169.62	52.03	214.72	232.54	97.79	0	0	0	7.48	0	0	0	0	828.08	7.48
32.4377	24.75	16.94	13.75	167.53	49.94	214.72	237.16	99.99	6.82	0	0	7.48	0	0	0	0	824.78	14.3
32.4477	20.68	15.07	13.75	163.35	47.74	214.72	241.78	102.08	13.64	0	0	4.95	0	0	0	0	819.17	18.59
32.4577	18.59	13.09	9.79	159.17	45.54	214.72	248.6	102.08	22.88	0	0	0	0	0	0	0	811.58	22.88
32.4677	16.5	11.22	7.81	153.01	43.34	212.41	253.22	104.28	25.08	0	0	0	0	0	0	0	801.79	25.08
32.4777	12.32	9.35	5.83	146.74	41.25	212.41	260.15	106.48	29.7	0	3.74	0	0	0	0	0	794.53	33.44
32.4877	10.34	7.48	5.83	138.49	36.85	210.21	264.66	108.68	32.01	0	3.74	0	0	0	0	0	782.54	35.75
32.4977	10.34	7.48	3.85	130.24	34.65	207.9	271.59	113.08	34.32	0	3.74	0	0	0	0	0	779.13	38.06
32.5077	8.25	5.61	3.85	117.81	30.36	205.59	276.21	115.28	36.52	0	5.61	0	0	0	0	0	762.96	42.13
32.5177	8.25	5.61	3.85	107.36	25.96	200.97	283.03	117.59	41.14	6.27	7.59	4.95	0	0	0	0	752.62	59.95
32.5277	6.16	5.61	3.85	94.6	23.87	198.66	287.54	119.9	50.27	8.36	13.2	12.54	0	0	0	0	740.19	84.37
32.5377	6.16	5.61	0	84.04	19.47	191.84	294.36	122.21	69.08	16.72	24.64	22.66	4.18	4.95	3.96	0	723.69	146.19
32.5477	4.07	5.61	0	71.28	17.27	187.22	298.87	124.52	109.67	29.26	41.8	30.14	12.65	10.01	12.1	5.5	708.84	251.13
32.5577	4.07	5.61	0	58.63	15.18	178.09	301.18	126.83	150.81	39.71	59.4	35.2	14.74	15.07	18.15	5.5	689.59	338.58
32.5677	0	3.74	0	45.98	12.98	168.96	305.69	129.03	166.76	43.89	72.49	37.73	16.94	25.19	28.27	8.36	666.38	399.63
32.5777	0	3.74	0	33.44	10.78	152.13	308	131.34	178.42	50.16	85.47	42.79	16.94	37.73	36.3	13.86	639.43	461.67
32.5877	0	3.74	0	25.08	10.78	132.99	303.38	129.03	187.77	52.25	96.36	45.32	19.03	50.38	44.33	16.72	605	512.16
32.5977	0	3.74	0	20.9	8.58	106.7	289.85	129.03	197.12	56.43	107.25	47.85	19.03	62.7	48.4	22.33	558.8	561.11
32.6077	0	0	0	16.72	8.58	78.54	260.15	124.52	204.16	60.72	118.36	50.38	19.03	72.27	54.45	27.83	488.51	607.2
32.6177	0	0	0	14.63	8.58	57.42	211.75	119.9	213.51	64.9	129.91	55.44	21.12	81.84	58.85	36.19	412.28	661.76
32.6277	0	0	0	12.54	10.78	42.35	149.38	113.08	225.17	69.19	139.15	60.39	21.12	89.1	61.27	41.8	328.13	707.19
32.6377	0	0	0	10.45	10.78	33.88	96.47	104.28	234.41	75.57	148.28	65.45	23.21	98.67	66.11	47.41	255.86	759.11
32.6477	0	0	0	6.27	12.98	23.21	65.67	86.9	243.65	79.86	155.21	70.4	23.21	105.82	68.42	53.02	195.03	799.59
32.6577	0	0	0	4.18	10.78	16.94	49.61	69.41	250.58	86.13	159.83	75.46	23.21	115.5	70.84	58.63	150.92	840.18
32.6677	0	0	0	4.18	8.58	12.65	40.59	51.81	257.51	90.42	164.45	82.94	25.41	123.09	70.84	61.49	117.81	876.15
32.6777	0	0	0	0	6.49	8.47	33.77	20.24	259.82	96.8	166.76	90.53	25.41	130.68	70.84	64.35	68.97	905.19
32.6877	0	0	0	0	4.29	6.27	22.55	6.71	262.13	101.09	166.76	98.01	25.41	138.27	70.84	67.32	39.82	929.83
32.6977	0	0	0	0	0	4.18	15.73	0	262.13	105.27	166.76	105.49	25.41	145.75	73.26	70.18	19.91	954.25
32.7077	0	0	0	0	0	4.18	13.53	0	259.82	109.56	164.45	113.08	27.5	153.34	70.84	70.18	17.71	968.77
32.7177	0	0	0	0	0	4.18	9.02	0	257.51	109.56	162.14	120.45	27.5	158.4	73.26	73.15	13.2	981.97
32.7277	0	0	0	0	0	4.18	9.02	0	250.58	111.65	159.83	127.93	27.5	165.99	73.26	76.01	13.2	992.75
32.7377	0	0	0	0	0	0	6.71	0	243.65	111.65	152.9	135.41	29.59	171.05	73.26	76.01	6.71	993.52
32.7477	0	0	0	0	0	0	4.51	0	234.41	111.65	148.28	142.89	29.59	178.09	73.26	76.01	4.51	994.18
32.7577	0	0	0	0	0	0	0	0	222.86	109.56	139.15	150.37	29.59	182.82	73.26	78.98	0	986.59
32.7677	0	0	0	0	0	0	0	0	211.09	107.47	132.22	157.85	29.59	189.86	75.68	81.84	0	985.6
32.7777	0	0	0	0	0	0	0	0	199.43	105.27	125.29	165.33	31.79	194.59	75.68	84.81	0	982.19
32.7877	0	0	0	0	0	0	0	0	187.77	103.18	116.05	173.25	31.79	201.63	75.68	84.81	0	974.16
32.7977	0	0	0	0	0	0	0	0	178.42	101.09	109.45	181.17	33.88	208.67	75.68	87.67	0	976.03
32.8077	0	0	0	0	0	0	0	0	166.76	96.8	102.96	191.73	31.79	213.4	75.68	87.67	0	966.79
32.8177	0	0	0	0	0	0	0	0	157.63	92.51	96.36	199.76	33.88	220.55	78.1	90.53	0	969.32
32.8277	0	0	0	0	0	0	0	0	146.3	88.33	89.87	207.68	33.88	227.81	80.41	90.53	0	964.81
32.8377	0	0	0	0	0	0	0	0	137.17	84.04	83.38	215.6	33.88	232.76	80.41	93.5	0	960.74
32.8477	0	0	0	0	0	0	0	0	128.04	77.66	76.78	220.88	33.88	240.13	82.83	96.36	0	956.56
32.8577	0	0	0	0	0	0	0	0	119.02	73.48	72.49	228.69	33.88	247.39	85.25	99.33	0	959.53
32.8677	0	0	0	0	0	0	0	0	112.09	69.19	68.09	233.53	35.97	252.34	85.25	102.19	0	958.65
32.8777	0	0	0	0	0	0	0	0	104.94	64.9	61.6	238.37	35.97	257.18	87.67	102.19	0	952.82
32.8877	0	0	0	0	0	0	0	0	97.79	62.81	59.4	243.21	35.97	264.55	89.98	102.19	0	955.9
32.8977	0	0	0	0	0	0	0	0	92.95	58.63	55.11	250.47	35.97	266.97	89.98	105.16	0	955.24
32.9077	0	0	0	0	0	0	0	0	85.8	56.43	51.26	255.31	35.97	271.92	89.98	105.16	0	951.83
32.9177	0	0	0	0	0	0	0	0	81.07	52.25	45.54	260.15	35.97	276.76	92.4	108.02	0	952.16
32.9277	0	0	0	0	0	0	0	0	73.81	48.07	43.67	264.99	35.97	279.29	92.4	108.02	0	946.22
32.9377	0	0	0	0	0	0	6.71	0	69.08	45.98	37.95	269.83	35.97	284.13	92.4	110.99	6.71	946.33
32.9477	0	0	0	0	0	0	4.51	0	61.93	41.8	36.08	272.25	35.97	286.55	94.82	110.99	4.51	940.39
32.9577	0	0	0	0	0	0	0	0	54.89	39.71	32.23	274.67	35.97	291.5	94.82	110.99	0	934.78
32.9677	0	0	0	0	0	0	0	0	47.96	35.53	28.49	279.62	35.97	293.92	97.24	113.52	0	932.25
32.9777	0	0	0	0	0	0	0	0	41.14	31.35	22.77	279.62	35.97	296.34	97.24	113.52	0	917.95
32.9877	0	0	0	4.18	0	0	0	0	34.32	27.17	18.92	279.62	35.97	298.87	99.66	116.05	4.18	910.58
32.9977	0	0	0	0	0	0	0	0	29.7	25.08	15.18	279.62	33.88	301.29	104.39	118.58	0	907.72
33.0077	0	0	0	0	0	0	0	0	25.08	22.99	13.2	277.09	33.88	303.71	106.81	118.58	0	901.34
33.0177	0	0	0	0	0	0	0	0	22.88	18.81	11.33	272.25	31.79	308.66	109.23	123.64	0	898.59
33.0277	0	0	0	0	0	0	0	0	20.57	16.72	9.46	267.41	31.79	311.08	111.65	123.64	0	892.32
33.0377	0	0	0	0	0	0	0	0	18.26	14.63	7.59	262.57	31.79	313.5	113.96	128.7	0	891
33.0477	0	0	0	0	0	0	0	0	15.95	12.54	5.61	257.73	29.59	313.5	116.27	128.7	0	879.89
33.0577	0	0	0	0	0	0	0	0	13.64	10.45	5.61	250.47	27.5	316.03	116.27	131.23	0	871.2
33.0677	0	0	0	0	0	0	0	0	13.64	10.45	5.61	243.21	27.5	318.45	118.58	133.76	0	871.2
33.0777	6.16	0	0	0	0	0	0	0	11.44	8.36	3.74	235.95	23.21	318.45	118.58	136.29	6.16	856.02
33.0877	8.25	0	0	0	0	0	0	0	11.44	8.36	3.74	228.69	21.12	320.87	120.89	138.82	8.25	853.93
33.0977	14.41	0	0	0	0	0	0	0	11.44	8.36	3.74	218.24	19.03	320.87	120.89	141.35	14.41	843.92
33.1077	22.77	5.61	0	0	0	0	0	0	11.44	8.36	3.74	205.04	16.94	320.87	120.89	143.88	28.38	831.16
33.1177	41.36	15.07	7.81	0	0	0	0	0	11.44	6.27	0	194.37	14.74	320.87	120.89	148.94	64.24	817.52
33.1277	97.13	30.14	19.58	8.36	0	0	0	0	9.13	6.27	0	181.17	12.65	320.87	120.89	151.47	155.21	802.45
33.1377	162.03	48.95	39.27	14.63	0	0	6.71	0	9.13	6.27	0	165.33	12.65	320.87	120.89	154	271.59	789.14
33.1477	184.25	58.52	47.19	27.17	4.29	6.27	11.22	0	9.13	6.27	0	150.37	10.56	318.45	120.89	159.06	338.91	774.73
33.1577	178.2	62.48	53.13	31.35	6.49	10.56	11.22	0	9.13	4.18	0	132.88	8.47	316.03	120.89	164.12	353.43	755.7
33.1677	170.06	64.46	55.11	35.53	10.78	12.65	15.73	0	6.82	4.18	0	113.08	8.47	308.66	123.2	166.76	364.32	731.17
33.1777	168.08	70.4	59.51	41.8	15.18	16.94	20.24	0	6.82	4.18	0	92.95	8.47	298.87	123.2	171.71	392.15	706.2
33.1877	168.08	76.34	64.02	45.98	17.27	21.12	24.75	0	4.51	4.18	0	75.46	6.27	286.55	125.62	174.24	417.56	676.83
33.1977	174.13	84.37	68.42	52.25	17.27	29.59	29.26	0	4.51	4.18	0	60.39	6.27	271.92	127.93	179.19	455.29	654.39
33.2077	184.25	94.27	77.33	58.63	17.27	38.06	36.08	4.51	0	0	0	45.32	6.27	247.39	127.93	181.72	510.4	608.63
33.2177	196.46	104.17	88.55	65.01	19.47	46.53	42.79	6.71	0	0	0	37.73	6.27	220.55	125.62	181.72	569.69	571.89
33.2277	212.63	112.42	99.66	69.19	21.67	55.11	49.61	9.02	0	0	0	30.14	6.27	182.82	120.89	181.72	629.31	521.84
33.2377	222.75	121.22	108.57	73.48	21.67	64.46	58.63	11.22	0	0	0	25.19	6.27	138.27	111.65	179.19	682	460.57
33.2477	232.87	125.62	117.48	77.66	23.87	73.81	65.67	13.53	0	0	0	20.13	6.27	93.83	94.82	174.24	730.51	389.29
33.2577	240.9	130.02	126.28	79.75	25.96	80.85	75.13	18.04	0	0	0	17.6	6.27	62.7	73.26	161.59	776.93	321.42
33.2677	251.02	132.22	135.08	81.95	25.96	88	84.59	20.24	0	0	0	12.54	6.27	37.73	61.27	141.35	819.06	259.16
33.2777	259.16	136.62	143.88	84.04	28.16	95.04	94.05	24.75	0	0	0	7.48	6.27	27.72	52.47	108.02	865.7	201.96
33.2877	265.21	138.82	150.48	86.13	28.16	102.08	101.2	29.26	0	0	0	4.95	4.18	17.6	44.33	61.49	901.34	132.55
33.2977	267.19	141.02	154.88	88.33	30.36	106.7	108.24	33.77	0	0	0	0	0	12.54	34.32	33.44	930.49	80.3
33.3077	271.26	143.22	159.28	90.42	30.36	113.85	117.59	38.28	0	0	0	0	0	10.01	22.11	19.47	964.26	51.59
33.3177	271.26	143.22	161.48	92.51	32.56	118.58	122.1	40.59	0	0	0	4.95	0	7.48	12.1	11.11	982.3	35.64
33.3277	271.26	143.22	163.68	94.6	34.65	123.42	128.92	45.1	0	0	0	0	0	4.95	3.96	5.5	1004.85	14.41
33.3377	267.19	141.02	163.68	96.8	34.65	128.15	135.74	49.61	0	0	0	0	0	4.95	3.96	0	1016.84	8.91
33.3477	261.14	138.82	161.48	98.89	34.65	132.99	140.25	51.81	0	0	0	0	0	0	0	0	1020.03	0
33.3577	255.09	136.62	157.08	98.89	36.85	135.41	147.07	54.12	0	0	0	0	0	0	0	0	1021.13	0
33.3677	246.95	130.02	154.88	100.98	36.85	140.14	151.58	56.32	0	0	0	0	0	0	0	0	1017.72	0
33.3777	236.94	125.62	148.28	100.98	39.05	142.56	158.4	60.72	0	0	0	0	0	0	0	0	1012.55	0
33.3877	226.82	119.02	143.88	103.07	39.05	147.29	162.91	62.92	0	0	0	0	0	0	0	0	1004.96	0
33.3977	214.61	114.62	135.08	103.07	41.25	149.71	169.84	65.12	0	0	0	0	0	0	0	0	993.3	0
33.4077	202.51	108.13	128.48	105.27	41.25	154.55	174.46	67.32	0	0	0	0	0	0	0	0	981.97	0
33.4177	190.3	102.19	119.68	105.27	41.25	159.28	179.08	69.41	0	0	0	0	0	0	0	0	966.46	0
33.4277	178.2	96.25	113.08	107.36	43.34	161.7	183.81	73.81	0	0	0	0	0	0	0	0	957.55	0
33.4377	166.1	90.31	104.06	109.45	43.34	166.54	186.12	76.01	0	0	0	0	0	0	0	0	941.93	0
33.4477	154.11	84.37	95.15	111.65	45.54	171.16	190.74	78.21	0	0	0	0	0	0	0	0	930.93	0
33.4577	142.23	78.32	88.55	113.63	45.54	175.78	195.47	80.3	0	0	0	0	0	0	0	0	919.82	0
33.4677	132.22	72.38	79.53	115.72	47.74	178.09	200.09	84.7	0	0	0	0	0	0	0	0	910.47	0
33.4777	122.32	66.44	72.93	117.81	47.74	182.71	204.71	84.7	0	0	0	0	0	0	0	0	899.36	0
33.4877	110.22	60.5	66.22	119.9	49.94	184.91	209.44	86.9	0	0	0	0	0	0	0	0	888.03	0
33.4977	99.33	54.56	59.51	121.99	49.94	189.53	211.75	91.19	0	0	0	0	0	0	0	0	877.8	0
33.5077	90.53	48.95	53.13	121.99	52.03	191.84	218.68	93.39	0	0	0	0	0	0	0	0	870.54	0
33.5177	77.55	43.34	47.19	123.97	52.03	194.15	223.41	95.59	0	0	0	0	0	0	0	0	857.23	0
33.5277	66.66	37.62	41.25	126.06	52.03	196.46	225.61	95.59	0	0	0	0	0	0	0	0	841.28	0
33.5377	57.97	33.88	35.42	126.06	52.03	198.66	230.23	97.79	0	0	0	0	0	0	0	0	832.04	0
33.5477	49.61	30.14	31.46	126.06	52.03	198.66	234.85	99.99	0	0	0	0	0	0	0	0	822.8	0
33.5577	41.36	24.42	25.52	128.15	52.03	200.97	241.78	102.08	0	0	0	0	0	0	0	0	816.31	0
33.5677	35.09	22.55	21.56	128.15	52.03	200.97	246.29	104.28	0	0	0	0	0	0	0	0	810.92	0
33.5776	33.11	18.81	21.56	126.06	52.03	200.97	250.91	106.48	0	0	0	0	0	0	0	0	809.93	0
33.5876	28.93	18.81	19.58	126.06	49.94	200.97	257.84	108.68	0	0	0	0	0	0	0	0	810.81	0
33.5976	26.84	15.07	15.73	121.99	47.74	200.97	262.35	110.88	0	0	0	0	0	0	0	0	801.57	0
33.6076	22.77	13.09	13.75	119.9	47.74	200.97	266.97	113.08	0	0	0	0	0	0	0	0	798.27	0
33.6176	20.68	11.22	11.77	117.81	45.54	200.97	271.59	113.08	0	0	0	0	0	0	0	0	792.66	0
33.6276	18.59	9.35	9.79	113.63	43.34	200.97	278.52	115.28	0	0	0	0	0	0	0	0	789.47	0
33.6376	16.5	9.35	7.81	111.65	39.05	200.97	283.03	117.59	0	0	0	0	0	0	0	0	785.95	0
33.6476	14.41	7.48	7.81	105.27	36.85	200.97	285.23	119.9	6.82	0	0	0	0	0	0	0	777.92	6.82
33.6576	12.32	5.61	5.83	100.98	34.65	200.97	289.85	122.21	11.44	0	0	0	0	0	0	0	772.42	11.44
33.6676	10.34	5.61	3.85	94.6	30.36	200.97	292.05	126.83	13.64	0	0	0	0	0	0	0	764.61	13.64
33.6776	10.34	5.61	3.85	88.33	28.16	198.66	294.36	126.83	15.95	0	0	0	0	0	0	0	756.14	15.95
33.6876	10.34	3.74	3.85	81.95	23.87	198.66	294.36	129.03	22.88	0	0	0	0	0	0	0	745.8	22.88
33.6976	8.25	3.74	3.85	75.57	21.67	196.46	294.36	131.34	34.32	0	0	0	0	0	0	0	735.24	34.32
33.7076	8.25	5.61	3.85	69.19	17.27	196.46	294.36	133.65	50.27	4.18	5.61	4.95	0	0	0	0	728.64	65.01
33.7176	6.16	3.74	0	62.81	17.27	191.84	294.36	133.65	83.38	14.63	20.9	12.54	0	0	0	0	709.83	131.45
33.7276	6.16	3.74	0	54.34	12.98	189.53	296.67	135.96	148.5	37.62	47.41	37.73	6.27	7.48	8.03	5.5	699.38	298.54
33.7376	4.07	3.74	0	43.89	12.98	180.4	296.67	138.27	208.78	58.63	76.78	47.85	14.74	15.07	14.08	8.36	680.02	444.29
33.7476	4.07	3.74	0	31.35	10.78	171.16	298.87	138.27	201.74	56.43	85.47	47.85	14.74	17.6	18.15	8.36	658.24	450.34
33.7576	0	0	0	22.99	8.58	154.55	298.87	138.27	204.16	58.63	96.36	52.91	16.94	30.14	28.27	11.11	623.26	498.52
33.7676	0	0	0	16.72	8.58	132.99	294.36	138.27	206.47	60.72	105.05	52.91	19.03	40.26	36.3	13.86	590.92	534.6
33.7776	0	0	0	12.54	8.58	104.39	280.72	135.96	206.47	62.81	113.85	57.97	19.03	52.91	42.35	19.47	542.19	574.86
33.7876	0	0	0	10.45	6.49	76.23	253.22	131.34	213.51	64.9	125.29	60.39	21.12	65.12	48.4	22.33	477.73	621.06
33.7976	0	0	0	8.36	8.58	55.11	207.02	122.21	222.86	69.19	134.53	62.92	21.12	74.69	52.47	27.83	401.28	665.61
33.8076	0	0	0	6.27	8.58	40.26	147.07	115.28	232.1	73.48	145.97	65.45	21.12	81.84	56.54	36.19	317.46	712.69
33.8176	0	0	0	4.18	10.78	31.79	94.05	106.48	245.96	77.66	157.52	67.98	23.21	86.68	58.85	41.8	247.28	759.66
33.8276	0	0	0	4.18	10.78	21.12	63.36	91.19	255.2	79.86	169.07	72.93	23.21	93.83	63.69	47.41	190.63	805.2
33.8376	0	0	0	0	10.78	14.74	49.61	73.81	264.44	84.04	176.11	77.99	23.21	101.09	66.11	53.02	148.94	846.01
33.8476	0	0	0	0	8.58	10.56	40.59	54.12	269.06	88.33	180.73	82.94	25.41	108.24	68.42	55.77	113.85	878.9
33.8576	0	0	0	0	6.49	8.47	33.77	24.75	271.37	94.71	185.46	88	25.41	115.5	70.84	61.49	73.48	912.78
33.8676	0	0	0	0	4.29	6.27	22.55	6.71	273.68	96.8	185.46	95.48	25.41	123.09	70.84	64.35	39.82	935.11
33.8776	0	0	0	0	0	4.18	15.73	0	273.68	101.09	187.77	102.96	25.41	133.21	73.26	67.32	19.91	964.7
33.8876	0	0	0	0	0	4.18	13.53	0	271.37	105.27	187.77	110.55	27.5	138.27	73.26	70.18	17.71	984.17
33.8976	0	0	0	0	0	0	9.02	0	269.06	107.47	185.46	118.03	27.5	145.75	75.68	70.18	9.02	999.13
33.9076	0	0	0	0	0	0	6.71	0	264.44	107.47	180.73	122.98	27.5	150.81	75.68	73.15	6.71	1002.76
33.9176	0	0	0	0	0	0	4.51	0	257.51	107.47	178.42	127.93	27.5	155.87	75.68	76.01	4.51	1006.39
33.9276	0	0	0	0	0	0	4.51	0	250.58	107.47	171.38	132.88	29.59	160.93	78.1	76.01	4.51	1006.94
33.9376	0	0	0	0	0	0	0	0	241.34	107.47	166.76	135.41	29.59	165.99	78.1	78.98	0	1003.64
33.9476	0	0	0	0	0	0	0	0	234.41	105.27	162.14	140.36	29.59	171.05	80.41	78.98	0	1002.21
33.9576	0	0	0	0	0	0	0	0	225.17	103.18	155.21	142.89	29.59	173.36	80.41	81.84	0	991.65
33.9676	0	0	0	0	0	0	0	0	218.13	101.09	148.28	147.84	31.79	178.09	82.83	81.84	0	989.89
33.9776	0	0	0	0	0	0	0	0	208.78	98.89	143.66	150.37	31.79	180.4	85.25	81.84	0	980.98
33.9876	0	0	0	0	0	0	0	0	201.74	96.8	136.84	155.32	31.79	185.13	85.25	84.81	0	977.68
33.9976	0	0	0	0	0	0	0	0	192.39	94.71	132.22	157.85	31.79	189.86	87.67	84.81	0	971.3
34.0076	0	0	0	0	0	0	0	0	185.46	92.51	125.29	162.8	33.88	194.59	87.67	87.67	0	969.87
34.0176	0	0	0	0	0	0	0	0	176.11	88.33	120.67	167.97	31.79	199.32	89.98	87.67	0	961.84
34.0276	0	0	0	0	0	0	0	0	169.07	88.33	113.85	173.25	33.88	203.94	92.4	87.67	0	962.39
34.0376	0	0	0	0	0	0	0	0	162.14	84.04	109.45	178.53	33.88	208.67	92.4	90.53	0	959.64
34.0476	0	0	0	0	0	0	0	0	153.12	81.95	102.96	183.81	33.88	213.4	94.82	93.5	0	957.44
34.0576	0	0	0	0	0	0	0	0	146.3	77.66	98.56	189.09	35.97	218.13	97.24	93.5	0	956.45
34.0676	0	0	0	0	0	0	0	0	139.48	75.57	94.27	194.37	35.97	225.39	97.24	96.36	0	958.65
34.0776	0	0	0	0	0	0	0	0	132.66	73.48	89.87	197.12	35.97	230.34	99.66	99.33	0	958.43
34.0876	0	0	0	0	0	0	0	0	125.84	69.19	85.47	202.4	35.97	237.6	104.39	99.33	0	960.19
34.0976	0	0	0	0	0	0	0	0	119.02	67.1	81.18	207.68	38.06	242.55	106.81	105.16	0	967.56
34.1076	0	0	0	0	0	0	0	0	114.51	62.81	76.78	212.96	38.06	249.92	109.23	105.16	0	969.43
34.1176	0	0	0	0	0	0	0	0	107.25	60.72	72.49	215.6	38.06	254.76	111.65	108.02	0	968.55
34.1276	0	0	0	0	0	0	0	0	100.1	56.43	68.09	220.88	40.26	259.71	111.65	110.99	0	968.11
34.1376	0	0	0	0	0	0	0	0	95.37	54.34	63.8	223.52	40.26	264.55	113.96	113.52	0	969.32
34.1476	0	0	0	0	0	0	0	0	90.53	52.25	59.4	228.69	40.26	269.5	116.27	113.52	0	970.42
34.1576	0	0	0	0	0	0	0	0	85.8	50.16	55.11	231.11	40.26	274.34	118.58	116.05	0	971.41
34.1676	0	0	0	0	0	0	0	0	78.65	45.98	51.26	233.53	40.26	279.29	120.89	118.58	0	968.44
34.1776	0	0	0	0	0	0	0	0	73.81	43.89	47.41	235.95	40.26	281.71	123.2	118.58	0	964.81
34.1876	0	0	0	0	0	0	0	0	66.66	39.71	41.8	238.37	40.26	286.55	125.62	121.11	0	960.08
34.1976	0	0	0	0	0	0	0	0	59.51	35.53	37.95	238.37	40.26	291.5	127.93	123.64	0	954.69
34.2076	0	0	0	0	0	0	0	0	52.58	33.44	34.1	238.37	40.26	291.5	130.24	123.64	0	944.13
34.2176	0	0	0	0	0	0	0	0	47.96	29.26	28.49	238.37	40.26	296.34	134.86	126.17	0	941.71
34.2276	0	0	0	0	0	0	0	0	38.83	25.08	24.64	235.95	38.06	298.87	137.17	128.7	0	927.3
34.2376	0	0	0	0	0	0	0	0	32.01	22.99	20.9	233.53	38.06	298.87	139.59	131.23	0	917.18
34.2476	0	0	0	0	0	0	0	0	27.39	18.81	17.05	228.69	38.06	301.29	141.9	133.76	0	906.95
34.2576	0	0	0	0	0	0	0	0	22.88	16.72	13.2	226.27	35.97	301.29	146.52	136.29	0	899.14
34.2676	0	0	0	0	0	0	0	0	20.57	14.63	11.33	220.88	33.88	303.71	146.52	138.82	0	890.34
34.2776	0	0	0	0	0	0	0	0	18.26	12.54	9.46	212.96	33.88	301.29	148.83	141.35	0	878.57
34.2876	0	0	0	0	0	0	0	0	15.95	10.45	7.59	207.68	31.79	303.71	151.14	143.88	0	872.19
34.2976	4.07	0	0	0	0	0	0	0	13.64	8.36	5.61	199.76	29.59	303.71	151.14	143.88	4.07	855.69
34.3076	10.34	0	0	0	0	0	0	0	11.44	8.36	5.61	191.73	27.5	303.71	151.14	146.41	10.34	845.9
34.3176	22.77	7.48	0	0	0	0	0	0	11.44	6.27	3.74	183.81	23.21	303.71	151.14	146.41	30.25	829.73
34.3276	70.95	20.68	11.77	4.18	0	0	0	0	11.44	6.27	3.74	173.25	21.12	303.71	148.83	148.94	107.58	817.3
34.3376	160.05	45.21	31.46	10.45	0	0	4.51	0	11.44	6.27	3.74	165.33	19.03	303.71	146.52	148.94	251.68	804.98
34.3476	198.44	60.5	47.19	20.9	0	0	4.51	0	9.13	6.27	0	152.79	14.74	301.29	141.9	148.94	331.54	775.06
34.3576	192.39	68.42	55.11	31.35	4.29	8.47	9.02	0	9.13	6.27	0	140.36	12.65	298.87	139.59	148.94	369.05	755.81
34.3676	184.25	72.38	61.71	35.53	6.49	12.65	9.02	0	9.13	6.27	0	125.51	10.56	293.92	134.86	151.47	382.03	731.72
34.3776	172.15	72.38	61.71	39.71	12.98	14.74	15.73	0	6.82	4.18	0	108.02	8.47	286.55	132.55	151.47	389.4	698.06
34.3876	168.08	74.36	64.02	43.89	15.18	19.03	18.04	0	6.82	4.18	0	90.53	6.27	279.29	130.24	154	402.6	671.33
34.3976	170.06	80.3	68.42	50.16	19.47	23.21	22.55	0	6.82	4.18	0	70.4	6.27	269.5	132.55	154	434.17	643.72
34.4076	174.13	88.33	75.13	54.34	19.47	29.59	27.06	4.51	4.51	4.18	0	55.44	6.27	254.76	132.55	156.53	472.56	614.24
34.4176	184.25	96.25	84.04	58.63	21.67	38.06	33.77	6.71	4.51	0	0	40.26	6.27	235.18	132.55	159.06	523.38	577.83
34.4276	194.37	104.17	92.95	60.72	21.67	46.53	40.59	6.71	0	0	0	30.14	4.18	211.09	132.55	159.06	567.71	537.02
34.4376	204.49	110.22	101.86	65.01	23.87	52.91	47.3	9.02	0	0	0	25.19	4.18	180.4	127.93	159.06	614.68	496.76
34.4476	214.61	116.82	110.77	67.1	23.87	59.73	56.32	11.22	0	0	0	20.13	4.18	143.22	118.58	156.53	660.44	442.64
34.4576	222.75	123.42	119.68	69.19	25.96	69.19	60.94	13.53	0	0	0	17.6	6.27	101.09	104.39	154	704.66	383.35
34.4676	232.87	130.02	128.48	73.48	25.96	73.81	68.09	15.73	0	0	0	15.07	6.27	69.85	85.25	146.41	748.44	322.85
34.4776	242.99	138.82	137.28	77.66	28.16	83.27	72.82	20.24	0	0	0	12.54	6.27	42.79	66.11	133.76	801.24	261.47
34.4876	251.02	145.42	143.88	81.95	28.16	90.31	79.86	20.24	0	0	0	7.48	4.18	27.72	54.45	108.02	840.84	201.85
34.4976	257.07	149.82	150.48	86.13	28.16	97.35	82.28	24.75	0	0	0	0	4.18	20.13	46.42	73.15	876.04	143.88
34.5076	261.14	156.42	154.88	90.42	30.36	104.39	89.32	27.06	0	0	0	0	0	12.54	36.3	39.05	913.99	87.89
34.5176	263.12	158.62	157.08	92.51	30.36	111.43	94.05	31.57	0	0	0	0	0	10.01	26.18	22.33	938.74	58.52
34.5276	263.12	160.82	161.48	96.8	30.36	118.58	98.78	36.08	0	0	0	0	0	7.48	16.06	16.72	966.02	40.26
34.5376	265.21	163.02	163.68	100.98	32.56	125.73	103.51	38.28	0	0	0	0	0	4.95	10.01	5.5	992.97	20.46
34.5476	265.21	163.02	165.88	103.07	32.56	130.57	108.24	40.59	0	0	0	0	0	4.95	6.05	0	1009.14	11
34.5576	263.12	163.02	165.88	105.27	32.56	135.41	115.28	45.1	0	0	0	0	0	0	3.96	0	1025.64	3.96
34.5676	261.14	163.02	165.88	107.36	34.65	140.14	119.79	47.3	0	0	0	0	0	0	0	0	1039.28	0
34.5776	255.09	160.82	165.88	109.45	34.65	144.98	124.41	51.81	0	0	0	0	0	0	0	0	1047.09	0
34.5876	249.04	156.42	161.48	109.45	36.85	147.29	126.61	54.12	0	0	0	0	0	0	0	0	1041.26	0
34.5976	242.99	154.22	159.28	111.65	36.85	152.13	131.23	56.32	0	0	0	0	0	0	0	0	1044.67	0
34.6076	236.94	149.82	154.88	113.63	36.85	154.55	135.74	58.63	0	0	0	0	0	0	0	0	1041.04	0
34.6176	228.8	145.42	150.48	115.72	39.05	156.97	135.74	58.63	0	0	0	0	0	0	0	0	1030.81	0
34.6276	222.75	143.22	146.08	117.81	39.05	159.28	137.94	60.72	0	0	0	0	0	0	0	0	1026.85	0
34.6376	214.61	138.82	141.68	119.9	41.25	161.7	137.94	60.72	0	0	0	0	0	0	0	0	1016.62	0
34.6476	206.58	134.42	135.08	123.97	41.25	166.54	137.94	62.92	0	0	0	0	0	0	0	0	1008.7	0
34.6576	198.44	130.02	128.48	126.06	41.25	168.96	137.94	62.92	0	0	0	0	0	0	0	0	994.07	0
34.6676	190.3	125.62	121.88	130.24	41.25	173.47	140.25	65.12	0	0	0	0	0	0	0	0	988.13	0
34.6776	182.27	121.22	115.28	132.33	43.34	175.78	140.25	65.12	0	0	0	0	0	0	0	0	975.59	0
34.6876	174.13	116.82	110.77	136.4	43.34	178.09	140.25	67.32	0	0	0	0	0	0	0	0	967.12	0
34.6976	168.08	112.42	106.37	138.49	43.34	180.4	142.56	69.41	0	0	0	0	0	0	0	0	961.07	0
34.7076	162.03	108.13	101.86	142.67	43.34	182.71	142.56	69.41	0	0	0	0	0	0	0	0	952.71	0
34.7176	156.09	104.17	97.46	144.76	45.54	184.91	144.76	71.61	0	0	0	0	0	0	0	0	949.3	0
34.7276	148.17	100.21	92.95	148.83	45.54	189.53	147.07	71.61	0	0	0	0	0	0	0	0	943.91	0
34.7376	142.23	96.25	88.55	150.92	45.54	191.84	149.38	73.81	0	0	0	0	0	0	0	0	938.52	0
34.7476	136.18	92.29	84.04	153.01	47.74	194.15	151.58	73.81	0	0	0	0	0	0	0	0	932.8	0
34.7576	132.22	90.31	81.84	157.08	47.74	196.46	153.89	76.01	0	0	0	0	0	0	0	0	935.55	0
34.7676	128.26	86.35	77.33	159.17	47.74	198.66	156.09	76.01	0	0	0	0	0	0	0	0	929.61	0
34.7776	122.32	82.28	75.13	163.35	47.74	200.97	158.4	78.21	0	0	0	0	0	0	0	0	928.4	0
34.7876	118.36	80.3	70.62	167.53	47.74	205.59	160.71	78.21	0	0	0	0	0	0	0	0	929.06	0
34.7976	114.4	76.34	68.42	169.62	49.94	207.9	160.71	80.3	0	0	0	0	0	0	0	0	927.63	0
34.8076	110.22	74.36	64.02	173.8	49.94	210.21	162.91	80.3	0	0	0	0	0	0	0	0	925.76	0
34.8176	103.62	70.4	59.51	178.09	49.94	212.41	165.22	80.3	0	0	0	4.95	0	4.95	3.96	0	919.49	13.86
34.8276	97.13	66.44	57.31	180.18	49.94	214.72	167.53	82.5	0	0	0	7.48	0	4.95	3.96	0	915.75	16.39
34.8376	90.53	60.5	53.13	184.47	52.03	217.03	169.84	82.5	0	0	0	10.01	0	4.95	3.96	0	910.03	18.92
34.8476	79.64	54.56	47.19	188.65	52.03	217.03	172.15	84.7	0	0	0	10.01	0	0	3.96	0	895.95	13.97
34.8576	70.95	48.95	43.23	190.85	52.03	219.34	174.46	84.7	0	0	0	10.01	0	0	3.96	0	884.51	13.97
34.8676	62.26	43.34	37.29	192.94	52.03	219.34	179.08	86.9	0	0	0	10.01	0	0	3.96	0	873.18	13.97
34.8776	53.79	39.49	31.46	192.94	52.03	219.34	183.81	84.7	9.13	0	0	10.01	0	0	3.96	0	857.56	23.1
34.8876	45.54	33.88	27.5	192.94	49.94	219.34	186.12	86.9	20.57	0	5.61	15.07	0	0	6.05	0	842.16	47.3
34.8976	37.18	28.16	21.56	192.94	47.74	219.34	190.74	86.9	27.39	4.18	9.46	20.13	4.18	7.48	8.03	0	824.56	80.85
34.9076	33.11	24.42	19.58	190.85	45.54	219.34	193.05	86.9	34.32	8.36	13.2	25.19	8.47	7.48	12.1	0	812.79	109.12
34.9176	28.93	22.55	15.73	184.47	43.34	217.03	195.47	84.7	45.76	12.54	20.9	27.72	10.56	10.01	18.15	0	792.22	145.64
34.9276	24.75	16.94	13.75	180.18	41.25	217.03	195.47	84.7	61.93	18.81	32.23	32.67	12.65	20.13	26.18	0	774.07	204.6
34.9376	20.68	13.09	9.79	173.8	36.85	212.41	195.47	82.5	83.38	27.17	43.67	37.73	16.94	30.14	32.23	5.5	744.59	276.76
34.9476	16.5	11.22	7.81	163.35	32.56	207.9	193.05	80.3	114.51	33.44	59.4	45.32	19.03	37.73	38.28	11.11	712.69	358.82
34.9576	12.32	9.35	5.83	153.01	28.16	203.28	188.43	80.3	132.66	41.8	70.29	50.38	19.03	52.91	42.35	13.86	680.68	423.28
34.9676	10.34	7.48	3.85	138.49	23.87	196.46	186.12	78.21	141.68	45.98	81.18	52.91	19.03	65.12	46.42	16.72	644.82	469.04
34.9776	8.25	7.48	3.85	119.9	19.47	187.22	179.08	73.81	143.99	48.07	85.47	55.44	19.03	72.27	48.4	19.47	599.06	492.14
34.9876	6.16	7.48	0	100.98	15.18	173.47	174.46	73.81	148.5	50.16	92.07	57.97	19.03	79.53	50.38	27.83	551.54	525.47
34.9976	6.16	5.61	0	81.95	12.98	161.7	167.53	71.61	155.32	52.25	96.36	62.92	19.03	86.68	52.47	33.44	507.54	558.47
35.0075	4.07	5.61	0	62.81	10.78	144.98	160.71	69.41	159.94	56.43	102.96	62.92	21.12	93.83	56.54	36.19	458.37	589.93
35.0175	0	5.61	0	45.98	8.58	125.73	153.89	67.32	169.07	58.63	111.65	67.98	21.12	101.09	58.85	41.8	407.11	630.19
35.0275	0	3.74	0	35.53	8.58	106.7	140.25	65.12	178.42	62.81	118.36	72.93	21.12	105.82	61.27	44.66	359.92	665.39
35.0375	0	3.74	0	27.17	6.49	85.58	119.79	60.72	187.77	67.1	125.29	75.46	23.21	113.08	66.11	50.16	303.49	708.18
35.0475	0	3.74	0	22.99	6.49	62.15	96.47	56.32	197.12	69.19	132.22	77.99	23.21	118.03	68.42	53.02	248.16	739.2
35.0575	0	0	0	18.81	6.49	40.26	72.82	51.81	204.16	73.48	139.15	82.94	23.21	125.62	70.84	55.77	190.19	775.17
35.0675	0	0	0	14.63	6.49	27.5	51.81	47.3	213.51	77.66	145.97	88	23.21	133.21	75.68	58.63	147.73	815.87
35.0775	0	0	0	10.45	6.49	19.03	38.28	36.08	220.55	79.86	150.59	90.53	23.21	140.8	78.1	61.49	110.33	845.13
35.0875	0	0	0	10.45	4.29	14.74	29.26	22.55	225.17	84.04	155.21	95.48	23.21	145.75	80.41	64.35	81.29	873.62
35.0975	0	0	0	8.36	0	10.56	22.55	13.53	227.48	86.13	157.52	98.01	25.41	153.34	82.83	67.32	55	898.04
35.1075	0	0	0	6.27	0	10.56	18.04	6.71	227.48	84.04	159.83	100.54	25.41	158.4	85.25	70.18	41.58	911.13
35.1175	0	0	0	6.27	0	8.47	13.53	0	227.48	86.13	162.14	102.96	25.41	163.46	89.98	73.15	28.27	930.71
35.1275	0	0	0	4.18	0	8.47	11.22	0	225.17	84.04	162.14	102.96	27.5	168.52	92.4	76.01	23.87	938.74
35.1375	0	0	0	4.18	0	6.27	9.02	0	222.86	84.04	164.45	102.96	27.5	173.36	94.82	78.98	19.47	948.97
35.1475	0	0	0	4.18	0	6.27	9.02	0	218.13	81.95	164.45	105.49	27.5	175.67	97.24	81.84	19.47	952.27
35.1575	0	0	0	4.18	0	6.27	9.02	0	215.82	79.86	164.45	105.49	29.59	180.4	101.97	84.81	19.47	962.39
35.1675	0	0	0	0	0	6.27	9.02	0	211.09	79.86	162.14	105.49	29.59	182.82	104.39	87.67	15.29	963.05
35.1775	0	0	0	4.18	0	6.27	9.02	0	208.78	75.57	159.83	102.96	29.59	185.13	109.23	90.53	19.47	961.62
35.1875	0	0	0	0	0	4.18	6.71	0	204.16	75.57	159.83	102.96	29.59	187.44	111.65	93.5	10.89	964.7
35.1975	0	0	0	0	0	4.18	6.71	0	199.43	73.48	155.21	102.96	31.79	189.86	113.96	96.36	10.89	963.05
35.2075	0	0	0	0	0	4.18	9.02	0	194.81	73.48	152.9	105.49	31.79	194.59	116.27	96.36	13.2	965.69
35.2175	0	0	0	0	0	4.18	6.71	0	190.08	71.28	150.59	105.49	31.79	196.9	118.58	99.33	10.89	964.04
35.2275	0	0	0	0	0	4.18	6.71	0	185.46	71.28	145.97	108.02	31.79	199.32	118.58	102.19	10.89	962.61
35.2375	0	0	0	0	0	4.18	6.71	0	180.73	69.19	143.66	108.02	33.88	201.63	120.89	102.19	10.89	960.19
35.2475	0	0	0	0	0	0	6.71	0	176.11	69.19	141.35	110.55	33.88	203.94	120.89	105.16	6.71	961.07
35.2575	0	0	0	0	0	0	6.71	0	173.69	69.19	136.84	110.55	33.88	208.67	123.2	105.16	6.71	961.18
35.2675	0	0	0	4.18	0	4.18	6.71	0	169.07	67.1	132.22	113.08	35.97	211.09	125.62	108.02	15.07	962.17
35.2775	0	0	0	10.45	0	6.27	11.22	0	164.45	67.1	129.91	115.5	35.97	213.4	125.62	108.02	27.94	959.97
35.2875	0	0	0	18.81	0	10.56	11.22	0	162.14	64.9	125.29	115.5	35.97	218.13	127.93	110.99	40.59	960.85
35.2975	0	0	0	22.99	0	14.74	11.22	0	157.63	62.81	122.98	118.03	35.97	220.55	127.93	113.52	48.95	959.42
35.3075	4.07	0	0	27.17	0	16.94	11.22	0	150.81	62.81	116.05	118.03	38.06	222.97	130.24	113.52	59.4	952.49
35.3175	4.07	0	0	31.35	0	16.94	13.53	0	143.99	60.72	111.65	120.45	38.06	225.39	132.55	116.05	65.89	948.86
35.3275	6.16	3.74	0	35.53	0	19.03	11.22	0	139.48	58.63	105.05	120.45	38.06	227.81	134.86	116.05	75.68	940.39
35.3375	8.25	3.74	3.85	37.62	4.29	21.12	11.22	0	130.35	54.34	98.56	120.45	38.06	230.34	137.17	118.58	90.09	927.85
35.3475	8.25	5.61	3.85	41.8	6.49	27.5	13.53	4.51	123.53	52.25	92.07	120.45	40.26	232.76	139.59	121.11	111.54	922.02
35.3575	10.34	5.61	5.83	41.8	8.58	33.88	22.55	4.51	112.09	48.07	83.38	120.45	40.26	235.18	139.59	123.64	133.1	902.66
35.3675	10.34	7.48	5.83	39.71	10.78	44.44	36.08	6.71	102.52	43.89	74.69	120.45	40.26	240.13	141.9	123.64	161.37	887.48
35.3775	10.34	7.48	5.83	43.89	12.98	48.73	47.3	11.22	90.53	39.71	63.8	120.45	40.26	242.55	141.9	123.64	187.77	862.84
35.3875	10.34	9.35	5.83	50.16	17.27	52.91	56.32	13.53	78.65	35.53	53.13	120.45	38.06	244.97	141.9	126.17	215.71	838.86
35.3975	12.32	13.09	7.81	56.54	19.47	64.46	65.67	18.04	61.93	29.26	41.8	120.45	35.97	244.97	141.9	123.64	257.4	799.92
35.4075	16.5	16.94	11.77	65.01	19.47	80.85	70.4	24.75	45.76	22.99	32.23	115.5	35.97	244.97	137.17	123.64	305.69	758.23
35.4175	28.93	26.29	17.71	75.57	23.87	92.62	75.13	29.26	29.7	16.72	20.9	113.08	33.88	244.97	134.86	121.11	369.38	715.22
35.4275	60.06	41.36	29.48	88.33	25.96	104.39	79.86	36.08	22.88	12.54	15.18	105.49	29.59	240.13	132.55	118.58	465.52	676.94
35.4375	84.04	54.56	41.25	98.89	30.36	111.43	84.59	40.59	15.95	8.36	9.46	92.95	25.41	232.76	127.93	116.05	545.71	628.87
35.4475	92.73	58.52	43.23	103.07	30.36	118.58	89.32	42.79	13.64	4.18	7.59	77.99	19.03	225.39	123.2	113.52	578.6	584.54
35.4575	88.44	56.54	43.23	105.27	30.36	125.73	96.47	47.3	11.44	4.18	5.61	60.39	14.74	211.09	118.58	110.99	593.34	537.02
35.4675	86.24	54.56	43.23	107.36	30.36	130.57	101.2	51.81	9.13	0	3.74	40.26	8.47	194.59	113.96	108.02	605.33	478.17
35.4775	86.24	56.54	43.23	111.65	30.36	135.41	105.93	54.12	9.13	0	3.74	25.19	6.27	173.36	104.39	102.19	623.48	424.27
35.4875	92.73	60.5	47.19	115.72	32.56	140.14	108.24	56.32	6.82	0	3.74	12.54	4.18	145.75	97.24	99.33	653.4	369.6
35.4975	103.62	66.44	51.15	119.9	34.65	144.98	113.08	58.63	6.82	0	3.74	4.95	0	113.08	89.98	96.36	692.45	314.93
35.5075	114.4	74.36	57.31	123.97	34.65	149.71	115.28	60.72	4.51	0	3.74	0	0	81.84	80.41	90.53	730.4	261.03
35.5175	128.26	82.28	64.02	130.24	34.65	154.55	117.59	62.92	4.51	0	3.74	0	0	52.91	66.11	84.81	774.51	212.08
35.5275	142.23	92.29	72.93	134.31	36.85	156.97	119.79	62.92	0	0	0	0	0	30.14	50.38	73.15	818.29	153.67
35.5375	156.09	100.21	81.84	138.49	36.85	161.7	122.1	65.12	0	0	0	0	0	17.6	34.32	64.35	862.4	116.27
35.5475	168.08	110.22	88.55	142.67	39.05	164.12	122.1	67.32	0	0	0	0	0	12.54	24.2	44.66	902.11	81.4
35.5575	178.2	119.02	95.15	148.83	39.05	168.96	122.1	67.32	0	0	0	0	0	7.48	16.06	30.69	938.63	54.23
35.5675	184.25	123.42	97.46	150.92	39.05	171.16	122.1	67.32	0	0	0	0	0	7.48	10.01	16.72	955.68	34.21
35.5775	188.32	127.82	99.66	155.1	39.05	173.47	122.1	67.32	0	0	0	0	0	4.95	6.05	5.5	972.84	16.5
35.5875	188.32	130.02	99.66	159.17	39.05	175.78	122.1	67.32	0	0	0	0	0	4.95	6.05	0	981.42	11
35.5975	186.34	130.02	99.66	163.35	39.05	178.09	119.79	67.32	0	0	0	0	0	0	3.96	0	983.62	3.96
35.6075	184.25	130.02	97.46	167.53	39.05	180.4	119.79	67.32	0	0	0	0	0	0	6.05	0	985.82	6.05
35.6175	180.18	127.82	95.15	171.71	39.05	182.71	119.79	67.32	0	0	0	0	0	0	6.05	0	983.73	6.05
35.6275	178.2	127.82	92.95	173.8	39.05	184.91	119.79	67.32	0	0	0	0	0	0	6.05	0	983.84	6.05
35.6375	178.2	127.82	95.15	178.09	39.05	184.91	117.59	67.32	0	0	0	0	0	0	6.05	0	988.13	6.05
35.6475	178.2	130.02	95.15	180.18	39.05	187.22	117.59	65.12	0	0	0	0	0	0	6.05	0	992.53	6.05
35.6575	180.18	132.22	95.15	184.47	36.85	187.22	117.59	65.12	0	0	0	0	0	0	3.96	0	998.8	3.96
35.6675	182.27	134.42	97.46	188.65	39.05	189.53	115.28	65.12	0	0	0	0	0	0	3.96	0	1011.78	3.96
35.6775	182.27	134.42	97.46	192.94	39.05	189.53	113.08	62.92	0	0	0	0	0	0	3.96	0	1011.67	3.96
35.6875	182.27	134.42	95.15	195.03	36.85	189.53	113.08	62.92	0	0	0	0	0	0	0	0	1009.25	0
35.6975	182.27	136.62	95.15	199.32	39.05	191.84	110.66	62.92	0	0	0	0	0	0	0	0	1017.83	0
35.7075	180.18	136.62	95.15	203.61	36.85	189.53	108.24	60.72	0	0	0	0	0	0	0	0	1010.9	0
35.7175	178.2	136.62	92.95	207.79	36.85	191.84	108.24	58.63	0	0	0	0	0	0	0	0	1011.12	0
35.7275	178.2	136.62	92.95	209.88	36.85	191.84	105.93	58.63	0	0	0	0	0	0	0	0	1010.9	0
35.7375	176.22	136.62	90.75	214.17	36.85	191.84	105.93	56.32	0	0	0	0	0	0	0	0	1008.7	0
35.7475	178.2	136.62	90.75	216.26	36.85	189.53	105.93	56.32	0	0	0	0	0	0	0	0	1010.46	0
35.7575	178.2	136.62	90.75	216.26	36.85	189.53	105.93	56.32	0	0	0	0	0	0	0	0	1010.46	0
35.7675	176.22	136.62	90.75	218.46	36.85	189.53	103.51	56.32	0	0	0	0	0	0	0	0	1008.26	0
35.7775	176.22	138.82	90.75	220.55	36.85	189.53	103.51	56.32	0	0	0	0	0	0	0	0	1012.55	0
35.7875	178.2	136.62	90.75	220.55	36.85	189.53	103.51	54.12	0	0	0	0	0	0	0	0	1010.13	0
35.7975	178.2	136.62	90.75	220.55	36.85	187.22	103.51	54.12	0	0	0	0	0	0	3.96	0	1007.82	3.96
35.8075	178.2	136.62	92.95	220.55	36.85	187.22	103.51	54.12	0	0	0	0	4.18	0	3.96	0	1010.02	8.14
35.8175	180.18	136.62	92.95	220.55	34.65	187.22	103.51	54.12	0	0	0	10.01	4.18	7.48	10.01	5.5	1009.8	37.18
35.8275	180.18	138.82	95.15	220.55	34.65	184.91	101.2	51.81	0	0	0	15.07	6.27	15.07	16.06	5.5	1007.27	57.97
35.8375	180.18	138.82	95.15	220.55	34.65	184.91	101.2	51.81	0	0	0	22.66	6.27	17.6	18.15	8.36	1007.27	73.04
35.8475	180.18	136.62	95.15	220.55	34.65	182.71	98.78	49.61	0	0	0	27.72	6.27	25.19	24.2	8.36	998.25	91.74
35.8575	178.2	134.42	92.95	220.55	34.65	182.71	98.78	49.61	0	0	0	30.14	6.27	30.14	26.18	11.11	991.87	103.84
35.8675	176.22	132.22	90.75	220.55	34.65	180.4	96.47	49.61	4.51	0	0	35.2	6.27	40.26	30.25	11.11	980.87	127.6
35.8775	174.13	130.02	90.75	218.46	32.56	178.09	94.05	47.3	4.51	0	0	42.79	10.56	42.79	34.32	16.72	965.36	151.69
35.8875	170.06	127.82	88.55	214.17	32.56	173.47	91.74	45.1	4.51	0	0	50.38	14.74	47.85	38.28	19.47	943.47	175.23
35.8975	170.06	125.62	88.55	212.08	32.56	171.16	89.32	45.1	4.51	0	0	60.39	14.74	57.97	42.35	22.33	934.45	202.29
35.9075	168.08	123.42	88.55	207.79	32.56	166.54	87.01	42.79	4.51	4.18	3.74	67.98	16.94	72.27	46.42	25.08	916.74	241.12
35.9175	166.1	121.22	86.24	203.61	32.56	161.7	87.01	42.79	6.82	6.27	5.61	80.41	16.94	84.26	50.38	30.69	901.23	281.38
35.9275	164.01	116.82	84.04	199.32	30.36	156.97	82.28	40.59	11.44	10.45	11.33	92.95	21.12	93.83	54.45	36.19	874.39	331.76
35.9375	160.05	112.42	81.84	195.03	30.36	149.71	79.86	38.28	27.39	18.81	20.9	105.49	25.41	103.4	61.27	39.05	847.55	401.72
35.9475	154.11	106.15	77.33	190.85	28.16	144.98	79.86	36.08	50.27	29.26	32.23	115.5	27.5	113.08	63.69	44.66	817.52	476.19
35.9575	146.19	100.21	72.93	184.47	28.16	137.72	75.13	33.77	73.81	39.71	45.54	122.98	29.59	123.09	66.11	50.16	778.58	550.99
35.9675	134.2	90.31	66.22	178.09	28.16	132.99	72.82	33.77	92.95	48.07	57.2	127.93	29.59	130.68	66.11	55.77	736.56	608.3
35.9775	120.34	80.3	57.31	171.71	25.96	125.73	70.4	31.57	104.94	52.25	63.8	130.46	29.59	138.27	68.42	58.63	683.32	646.36
35.9875	105.82	70.4	49.17	161.26	25.96	116.16	68.09	29.26	109.67	54.34	68.09	135.41	29.59	143.22	68.42	61.49	626.12	670.23
35.9975	88.44	60.5	43.23	155.1	23.87	106.7	65.67	27.06	114.51	56.43	72.49	137.94	29.59	148.28	68.42	64.35	570.57	692.01
36.0075	73.15	50.82	37.29	144.76	23.87	97.35	63.36	27.06	119.02	58.63	74.69	140.36	29.59	155.87	70.84	64.35	517.66	713.35
36.0175	60.06	43.34	31.46	136.4	23.87	90.31	60.94	24.75	123.53	60.72	76.78	145.42	29.59	158.4	70.84	67.32	471.13	732.6
36.0275	49.61	37.62	27.5	130.24	21.67	80.85	54.12	22.55	130.35	62.81	81.18	147.84	29.59	163.46	73.26	67.32	424.16	755.81
36.0375	39.27	32.01	21.56	119.9	21.67	73.81	49.61	22.55	134.86	67.1	85.47	150.37	29.59	165.99	73.26	67.32	380.38	773.96
36.0475	33.11	28.16	17.71	111.65	19.47	66.77	45.1	20.24	143.99	69.19	89.87	152.79	29.59	168.52	73.26	67.32	342.21	794.53
36.0575	28.93	24.42	15.73	103.07	19.47	59.73	40.59	18.04	153.12	71.28	96.36	150.37	29.59	171.05	75.68	67.32	309.98	814.77
36.0675	24.75	22.55	13.75	94.6	17.27	50.82	36.08	18.04	159.94	75.57	100.76	150.37	29.59	171.05	75.68	70.18	277.86	833.14
36.0775	22.77	20.68	11.77	86.13	15.18	44.44	31.57	15.73	169.07	75.57	107.25	147.84	29.59	173.36	78.1	70.18	248.27	850.96
36.0875	20.68	18.81	9.79	75.57	12.98	38.06	27.06	13.53	173.69	77.66	109.45	147.84	29.59	175.67	80.41	73.15	216.48	867.46
36.0975	18.59	15.07	9.79	69.19	12.98	33.88	24.75	13.53	176.11	75.57	113.85	145.42	29.59	178.09	85.25	76.01	197.78	879.89
36.1075	18.59	15.07	9.79	60.72	10.78	29.59	22.55	11.22	180.73	75.57	116.05	142.89	31.79	180.4	87.67	76.01	178.31	891.11
36.1175	16.5	13.09	7.81	54.34	10.78	25.41	20.24	11.22	180.73	75.57	118.36	140.36	31.79	182.82	92.4	81.84	159.39	903.87
36.1275	14.41	11.22	7.81	48.07	8.58	23.21	15.73	9.02	183.04	73.48	122.98	137.94	31.79	185.13	94.82	84.81	138.05	913.99
36.1375	14.41	11.22	7.81	43.89	6.49	19.03	13.53	9.02	183.04	71.28	125.29	132.88	31.79	187.44	97.24	87.67	125.4	916.63
36.1475	14.41	9.35	5.83	39.71	4.29	16.94	11.22	4.51	185.46	71.28	127.6	130.46	31.79	189.86	101.97	90.53	106.26	928.95
36.1575	12.32	9.35	5.83	33.44	4.29	14.74	9.02	4.51	185.46	69.19	129.91	127.93	31.79	192.17	104.39	93.5	93.5	934.34
36.1675	12.32	7.48	5.83	29.26	4.29	12.65	6.71	0	185.46	67.1	132.22	127.93	31.79	194.59	109.23	96.36	78.54	944.68
36.1775	12.32	7.48	5.83	25.08	0	10.56	4.51	0	185.46	64.9	132.22	125.51	33.88	196.9	113.96	102.19	65.78	955.02
36.1875	12.32	7.48	5.83	20.9	0	8.47	4.51	0	183.04	64.9	132.22	122.98	33.88	199.32	118.58	105.16	59.51	960.08
36.1975	10.34	5.61	3.85	18.81	0	8.47	0	0	185.46	62.81	132.22	120.45	33.88	201.63	120.89	108.02	47.08	965.36
36.2075	10.34	5.61	3.85	14.63	0	6.27	0	0	185.46	62.81	132.22	118.03	33.88	201.63	125.62	110.99	40.7	970.64
36.2175	10.34	5.61	3.85	12.54	0	6.27	0	0	187.77	62.81	134.53	118.03	33.88	203.94	127.93	113.52	38.61	982.41
36.2275	10.34	3.74	3.85	10.45	0	4.18	0	0	190.08	62.81	136.84	115.5	33.88	203.94	130.24	113.52	32.56	986.81
36.2375	8.25	3.74	3.85	8.36	0	4.18	0	0	187.77	60.72	136.84	113.08	33.88	203.94	132.55	116.05	28.38	984.83
36.2475	8.25	3.74	3.85	8.36	0	4.18	0	0	187.77	58.63	136.84	110.55	33.88	203.94	137.17	118.58	28.38	987.36
36.2575	8.25	0	0	6.27	0	0	0	0	185.46	56.43	134.53	105.49	35.97	201.63	141.9	118.58	14.52	979.99
36.2675	8.25	0	0	6.27	0	0	0	0	185.46	54.34	136.84	102.96	33.88	201.63	144.21	121.11	14.52	980.43
36.2775	8.25	0	0	6.27	0	0	0	0	183.04	52.25	134.53	100.54	35.97	199.32	148.83	123.64	14.52	978.12
36.2875	8.25	0	0	6.27	0	0	0	0	180.73	50.16	134.53	95.48	35.97	199.32	151.14	126.17	14.52	973.5
36.2975	8.25	0	0	6.27	0	4.18	0	0	180.73	50.16	134.53	95.48	35.97	196.9	153.56	126.17	18.7	973.5
36.3075	8.25	0	0	8.36	0	6.27	4.51	0	178.42	48.07	134.53	92.95	35.97	196.9	155.87	128.7	27.39	971.41
36.3175	8.25	0	0	12.54	4.29	6.27	9.02	0	178.42	48.07	132.22	90.53	35.97	194.59	158.18	128.7	40.37	966.68
36.3275	8.25	0	0	14.63	6.49	8.47	15.73	0	178.42	45.98	132.22	88	35.97	194.59	158.18	128.7	53.57	962.06
36.3375	8.25	0	0	16.72	8.58	8.47	20.24	4.51	178.42	45.98	132.22	88	35.97	192.17	160.49	128.7	66.77	961.95
36.3475	8.25	0	0	18.81	8.58	10.56	22.55	4.51	178.42	45.98	129.91	85.47	35.97	192.17	160.49	131.23	73.26	959.64
36.3575	8.25	0	3.85	22.99	10.78	10.56	24.75	4.51	176.11	45.98	129.91	85.47	35.97	189.86	158.18	131.23	85.69	952.71
36.3675	8.25	0	3.85	27.17	12.98	10.56	24.75	4.51	173.69	45.98	127.6	85.47	35.97	189.86	158.18	131.23	92.07	947.98
36.3775	8.25	3.74	3.85	29.26	12.98	12.65	27.06	4.51	173.69	45.98	125.29	85.47	35.97	189.86	158.18	131.23	102.3	945.67
36.3875	8.25	3.74	3.85	31.35	12.98	12.65	27.06	4.51	171.38	43.89	122.98	82.94	35.97	189.86	155.87	131.23	104.39	934.12
36.3975	10.34	5.61	5.83	33.44	12.98	12.65	27.06	4.51	171.38	45.98	122.98	82.94	35.97	189.86	153.56	131.23	112.42	933.9
36.4075	10.34	5.61	5.83	33.44	12.98	14.74	27.06	4.51	169.07	45.98	120.67	82.94	35.97	189.86	153.56	128.7	114.51	926.75
36.4175	10.34	7.48	5.83	35.53	12.98	14.74	27.06	6.71	166.76	43.89	118.36	82.94	35.97	187.44	153.56	131.23	120.67	920.15
36.4275	12.32	7.48	7.81	35.53	15.18	14.74	27.06	4.51	166.76	43.89	118.36	82.94	35.97	187.44	155.87	131.23	124.63	922.46
36.4374	14.41	9.35	7.81	35.53	15.18	14.74	27.06	6.71	164.45	43.89	116.05	82.94	35.97	187.44	155.87	131.23	130.79	917.84
36.4474	16.5	11.22	11.77	37.62	15.18	16.94	29.26	6.71	162.14	43.89	116.05	80.41	35.97	187.44	155.87	131.23	145.2	913
36.4574	24.75	13.09	15.73	39.71	15.18	19.03	33.77	6.71	162.14	43.89	113.85	80.41	35.97	187.44	155.87	131.23	167.97	910.8
36.4674	33.11	16.94	21.56	39.71	17.27	23.21	38.28	6.71	157.63	41.8	111.65	80.41	35.97	185.13	155.87	131.23	196.79	899.69
36.4774	47.52	22.55	27.5	41.8	19.47	27.5	45.1	9.02	153.12	41.8	107.25	77.99	35.97	185.13	158.18	128.7	240.46	888.14
36.4874	62.26	30.14	35.42	43.89	19.47	33.88	47.3	9.02	148.5	41.8	105.05	77.99	35.97	182.82	155.87	128.7	281.38	876.7
36.4974	84.04	39.49	45.21	45.98	21.67	40.26	49.61	11.22	141.68	37.62	98.56	75.46	35.97	182.82	153.56	128.7	337.48	854.37
36.5074	108.02	48.95	55.11	48.07	21.67	46.53	51.81	13.53	132.66	37.62	89.87	75.46	35.97	180.4	151.14	126.17	393.69	829.29
36.5174	130.24	56.54	64.02	50.16	21.67	50.82	51.81	13.53	121.22	33.44	81.18	72.93	35.97	178.09	148.83	123.64	438.79	795.3
36.5274	150.15	64.46	75.13	54.34	21.67	52.91	54.12	15.73	107.25	31.35	70.29	70.4	33.88	173.36	141.9	118.58	488.51	747.01
36.5374	168.08	74.36	81.84	58.63	23.87	57.42	54.12	15.73	90.53	27.17	59.4	67.98	33.88	168.52	137.17	113.52	534.05	698.17
36.5474	186.34	82.28	90.75	62.81	23.87	59.73	54.12	18.04	71.5	20.9	45.54	62.92	31.79	160.93	130.24	108.02	577.94	631.84
36.5574	206.58	92.29	99.66	67.1	23.87	62.15	54.12	18.04	52.58	14.63	36.08	57.97	27.5	153.34	118.58	99.33	623.81	560.01
36.5674	226.82	102.19	108.57	69.19	23.87	64.46	56.32	18.04	34.32	10.45	24.64	52.91	25.41	143.22	106.81	90.53	669.46	488.29
36.5774	244.97	110.22	119.68	71.28	25.96	66.77	56.32	18.04	22.88	6.27	17.05	47.85	23.21	130.68	97.24	84.81	713.24	429.99
36.5874	267.19	119.02	128.48	75.57	25.96	66.77	58.63	18.04	18.26	6.27	13.2	40.26	19.03	115.5	87.67	76.01	759.66	376.2
36.5974	285.23	127.82	137.28	77.66	25.96	69.19	58.63	18.04	13.64	0	9.46	35.2	14.74	101.09	73.26	70.18	799.81	317.57
36.6074	302.72	136.62	143.88	79.75	25.96	69.19	58.63	20.24	11.44	0	7.59	30.14	12.65	84.26	61.27	64.35	836.99	271.7
36.6174	320.21	145.42	150.48	81.95	25.96	69.19	58.63	20.24	11.44	0	5.61	25.19	10.56	69.85	50.38	58.63	872.08	231.66
36.6274	335.83	154.22	157.08	84.04	28.16	69.19	58.63	18.04	9.13	0	5.61	20.13	10.56	55.44	38.28	53.02	905.19	192.17
36.6374	351.56	160.82	161.48	86.13	25.96	71.5	58.63	18.04	9.13	0	5.61	17.6	8.47	45.32	28.27	44.66	934.12	159.06
36.6474	361.35	167.53	165.88	88.33	28.16	71.5	56.32	18.04	9.13	0	3.74	15.07	6.27	32.67	18.15	39.05	957.11	124.08
36.6574	371.25	173.69	170.5	90.42	28.16	73.81	56.32	18.04	9.13	0	3.74	15.07	4.18	20.13	8.03	30.69	982.19	90.97
36.6674	379.06	177.87	172.81	92.51	28.16	73.81	56.32	20.24	9.13	0	3.74	12.54	4.18	15.07	0	22.33	1000.78	66.99
36.6774	383.02	181.94	172.81	94.6	28.16	73.81	54.12	18.04	9.13	0	3.74	12.54	4.18	10.01	0	16.72	1006.5	56.32
36.6874	386.98	184.03	175.23	96.8	28.16	73.81	54.12	18.04	9.13	0	3.74	15.07	4.18	10.01	0	11.11	1017.17	53.24
36.6974	388.96	186.12	172.81	96.8	25.96	76.23	54.12	18.04	6.82	0	3.74	15.07	4.18	15.07	0	11.11	1019.04	55.99
36.7074	386.98	186.12	172.81	98.89	25.96	73.81	54.12	18.04	9.13	0	3.74	20.13	4.18	15.07	0	11.11	1016.73	63.36
36.7174	385	186.12	170.5	98.89	25.96	73.81	51.81	18.04	9.13	0	3.74	25.19	4.18	17.6	0	11.11	1010.13	70.95
36.7274	381.04	184.03	168.19	98.89	25.96	73.81	51.81	18.04	9.13	0	3.74	30.14	4.18	20.13	0	11.11	1001.77	78.43
36.7374	375.1	181.94	165.88	98.89	25.96	73.81	51.81	18.04	9.13	0	3.74	35.2	4.18	25.19	0	11.11	991.43	88.55
36.7474	371.25	181.94	163.68	100.98	25.96	73.81	49.61	18.04	9.13	0	3.74	35.2	4.18	30.14	0	11.11	985.27	93.5
36.7574	365.31	179.85	159.28	98.89	25.96	71.5	49.61	18.04	9.13	0	3.74	40.26	6.27	32.67	0	13.86	968.44	105.93
36.7674	361.35	179.85	157.08	100.98	25.96	71.5	47.3	15.73	9.13	0	5.61	42.79	6.27	40.26	6.05	16.72	959.75	126.83
36.7774	353.54	177.87	154.88	100.98	25.96	71.5	47.3	18.04	9.13	0	5.61	42.79	6.27	45.32	10.01	16.72	950.07	135.85
36.7874	347.6	175.78	150.48	100.98	25.96	71.5	47.3	15.73	9.13	0	5.61	45.32	8.47	52.91	18.15	19.47	935.33	159.06
36.7974	339.68	173.69	146.08	100.98	23.87	71.5	45.1	15.73	11.44	4.18	7.59	47.85	12.65	55.44	24.2	25.08	916.63	188.43
36.8074	329.89	171.6	141.68	103.07	23.87	71.5	42.79	15.73	18.26	6.27	13.2	52.91	16.94	60.28	30.25	27.83	900.13	225.94
36.8174	318.23	169.51	137.28	103.07	23.87	71.5	42.79	15.73	36.52	10.45	24.64	57.97	21.12	65.12	38.28	30.69	881.98	284.79
36.8274	304.7	165.22	130.68	105.27	21.67	71.5	40.59	15.73	64.35	18.81	37.95	62.92	23.21	69.85	40.37	33.44	855.36	350.9
36.8374	285.23	158.62	121.88	105.27	21.67	71.5	38.28	15.73	97.79	29.26	55.11	67.98	25.41	72.27	44.33	36.19	818.18	428.34
36.8474	263.12	147.62	110.77	105.27	21.67	69.19	36.08	15.73	123.53	37.62	70.29	70.4	27.5	77.11	48.4	39.05	769.45	493.9
36.8574	234.85	134.42	99.66	103.07	19.47	69.19	33.77	15.73	137.17	39.71	78.98	72.93	27.5	84.26	50.38	41.8	710.16	532.73
36.8674	206.58	119.02	86.24	103.07	19.47	66.77	31.57	15.73	143.99	43.89	83.38	72.93	27.5	91.41	56.54	47.41	648.45	567.05
36.8774	182.27	104.17	72.93	98.89	17.27	64.46	27.06	13.53	150.81	45.98	89.87	77.99	27.5	101.09	61.27	50.16	580.58	604.67
36.8874	158.07	92.29	61.71	96.8	15.18	59.73	24.75	13.53	162.14	50.16	96.36	80.41	27.5	108.24	66.11	53.02	522.06	643.94
36.8974	136.18	78.32	53.13	92.51	12.98	55.11	22.55	13.53	173.69	54.34	105.05	85.47	27.5	115.5	70.84	58.63	464.31	691.02
36.9074	114.4	66.44	43.23	88.33	12.98	50.82	18.04	11.22	185.46	56.43	116.05	88	29.59	125.62	75.68	64.35	405.46	741.18
36.9174	94.93	56.54	37.29	81.95	10.78	44.44	15.73	11.22	197.12	58.63	125.29	90.53	29.59	133.21	78.1	67.32	352.88	779.79
36.9274	75.35	47.08	29.48	75.57	8.58	40.26	13.53	9.02	208.78	60.72	136.84	90.53	31.79	143.22	82.83	73.15	298.87	827.86
36.9374	57.97	37.62	23.54	69.19	8.58	33.88	13.53	9.02	220.55	62.81	145.97	90.53	31.79	145.75	85.25	76.01	253.33	858.66
36.9474	43.45	30.14	17.71	62.81	6.49	29.59	9.02	6.71	229.79	64.9	155.21	92.95	31.79	148.28	87.67	78.98	205.92	889.57
36.9574	35.09	24.42	13.75	56.54	6.49	25.41	6.71	6.71	239.03	67.1	162.14	92.95	31.79	153.34	89.98	81.84	175.12	918.17
36.9674	28.93	20.68	11.77	52.25	4.29	23.21	6.71	4.51	243.65	69.19	164.45	95.48	31.79	155.87	89.98	81.84	152.35	932.25
36.9774	26.84	16.94	9.79	45.98	4.29	21.12	4.51	0	248.27	69.19	166.76	95.48	31.79	158.4	92.4	84.81	129.47	947.1
36.9874	24.75	15.07	7.81	39.71	0	16.94	0	0	248.27	71.28	166.76	98.01	33.88	163.46	92.4	84.81	104.28	958.87
36.9974	20.68	11.22	7.81	33.44	0	14.74	0	0	250.58	73.48	166.76	100.54	33.88	165.99	92.4	87.67	87.89	971.3
37.0074	18.59	9.35	5.83	27.17	0	12.65	0	0	250.58	73.48	166.76	100.54	31.79	168.52	92.4	87.67	73.59	971.74
37.0174	16.5	7.48	3.85	20.9	0	8.47	0	0	250.58	73.48	166.76	100.54	31.79	168.52	92.4	87.67	57.2	971.74
37.0274	14.41	5.61	3.85	16.72	0	6.27	0	0	250.58	75.57	164.45	102.96	33.88	171.05	92.4	87.67	46.86	978.56
37.0374	14.41	5.61	3.85	12.54	0	4.18	0	0	248.27	75.57	164.45	102.96	31.79	171.05	92.4	87.67	40.59	974.16
37.0474	12.32	5.61	3.85	6.27	0	4.18	0	0	245.96	75.57	162.14	102.96	31.79	173.36	92.4	87.67	32.23	971.85
37.0574	12.32	3.74	3.85	6.27	0	0	0	0	245.96	75.57	159.83	105.49	33.88	173.36	92.4	87.67	26.18	974.16
37.0674	12.32	3.74	3.85	4.18	0	0	0	0	243.65	75.57	157.52	105.49	33.88	175.67	92.4	84.81	24.09	968.99
37.0774	10.34	3.74	0	0	0	0	0	0	241.34	75.57	157.52	105.49	33.88	175.67	94.82	87.67	14.08	971.96
37.0874	10.34	3.74	0	0	0	0	0	0	241.34	75.57	155.21	105.49	33.88	175.67	94.82	87.67	14.08	969.65
37.0974	10.34	3.74	0	0	0	0	0	0	239.03	75.57	155.21	105.49	33.88	178.09	94.82	84.81	14.08	966.9
37.1074	10.34	0	0	0	0	0	0	0	236.72	73.48	155.21	105.49	33.88	178.09	97.24	87.67	10.34	967.78
37.1174	10.34	0	0	0	0	0	0	0	234.41	73.48	152.9	105.49	33.88	178.09	97.24	84.81	10.34	960.3
37.1274	10.34	0	0	0	0	0	0	0	232.1	71.28	150.59	105.49	33.88	178.09	99.66	87.67	10.34	958.76
37.1374	8.25	0	0	0	0	0	0	0	229.79	71.28	150.59	102.96	33.88	178.09	99.66	87.67	8.25	953.92
37.1474	8.25	0	0	0	0	0	0	0	227.48	71.28	148.28	105.49	33.88	178.09	101.97	84.81	8.25	951.28
37.1574	8.25	0	0	0	0	0	0	0	225.17	69.19	148.28	105.49	33.88	178.09	101.97	87.67	8.25	949.74
37.1674	8.25	0	0	0	0	0	0	0	222.86	69.19	145.97	105.49	33.88	180.4	104.39	87.67	8.25	949.85
37.1774	8.25	0	0	0	0	0	0	0	220.55	69.19	145.97	105.49	33.88	180.4	104.39	87.67	8.25	947.54
37.1874	8.25	0	0	0	0	0	0	0	215.82	67.1	143.66	105.49	35.97	182.82	106.81	90.53	8.25	948.2
37.1974	8.25	0	0	0	0	0	0	0	213.51	67.1	141.35	105.49	35.97	185.13	111.65	90.53	8.25	950.73
37.2074	8.25	0	0	0	0	0	0	0	208.78	67.1	139.15	108.02	35.97	187.44	113.96	93.5	8.25	953.92
37.2174	8.25	0	0	0	0	0	0	0	204.16	64.9	139.15	108.02	35.97	189.86	116.27	93.5	8.25	951.83
37.2274	8.25	0	0	0	0	0	0	0	199.43	64.9	134.53	108.02	35.97	194.59	120.89	96.36	8.25	954.69
37.2374	8.25	0	0	0	0	0	0	0	192.39	62.81	132.22	108.02	38.06	199.32	125.62	99.33	8.25	957.77
37.2474	8.25	0	0	0	0	0	0	0	185.46	60.72	127.6	110.55	38.06	203.94	130.24	105.16	8.25	961.73
37.2574	8.25	0	0	0	0	0	0	0	178.42	58.63	122.98	110.55	38.06	208.67	137.17	108.02	8.25	962.5
37.2674	8.25	0	0	0	0	0	0	0	171.38	58.63	118.36	113.08	40.26	213.4	141.9	110.99	8.25	968
37.2774	8.25	0	0	0	0	0	0	0	162.14	56.43	113.85	113.08	40.26	218.13	146.52	113.52	8.25	963.93
37.2874	10.34	0	0	0	0	0	0	0	155.32	52.25	109.45	115.5	40.26	222.97	151.14	118.58	10.34	965.47
37.2974	14.41	3.74	3.85	0	0	0	0	0	146.3	50.16	102.96	115.5	42.35	227.81	158.18	121.11	22	964.37
37.3074	22.77	7.48	5.83	0	0	0	0	0	137.17	48.07	96.36	115.5	42.35	230.34	165.11	123.64	36.08	958.54
37.3174	28.93	9.35	7.81	0	0	0	0	0	128.04	43.89	92.07	118.03	44.44	235.18	169.95	128.7	46.09	960.3
37.3274	33.11	11.22	9.79	4.18	0	0	0	0	119.02	41.8	83.38	118.03	44.44	240.13	177.21	131.23	58.3	955.24
37.3374	35.09	13.09	11.77	6.27	0	0	0	0	107.25	37.62	76.78	118.03	44.44	242.55	182.16	133.76	66.22	942.59
37.3474	35.09	15.07	11.77	6.27	0	0	0	0	95.37	33.44	68.09	118.03	46.53	247.39	187	136.29	68.2	932.14
37.3574	35.09	15.07	11.77	8.36	0	0	0	0	85.8	31.35	59.4	118.03	46.53	249.92	191.84	138.82	70.29	921.69
37.3674	37.18	15.07	13.75	10.45	0	0	0	0	73.81	27.17	51.26	118.03	46.53	254.76	196.79	141.35	76.45	909.7
37.3774	43.45	18.81	17.71	18.81	0	4.18	0	0	61.93	22.99	43.67	118.03	46.53	257.18	199.21	143.88	102.96	893.42
37.3874	53.79	22.55	23.54	22.99	0	6.27	0	0	47.96	20.9	34.1	115.5	44.44	259.71	204.05	146.41	129.14	873.07
37.3974	68.75	28.16	27.5	27.17	4.29	10.56	4.51	0	36.52	16.72	26.51	113.08	44.44	259.71	206.47	148.94	170.94	852.39
37.4074	81.84	33.88	33.44	29.26	8.58	12.65	9.02	0	29.7	12.54	20.9	108.02	40.26	259.71	209	148.94	208.67	829.07
37.4174	90.53	37.62	37.29	31.35	10.78	16.94	15.73	0	25.08	10.45	17.05	100.54	38.06	259.71	211.42	151.47	240.24	813.78
37.4274	97.13	39.49	41.25	35.53	12.98	21.12	22.55	4.51	20.57	10.45	13.2	90.53	33.88	254.76	216.26	154	274.56	793.65
37.4374	103.62	45.21	47.19	37.62	15.18	27.5	31.57	4.51	18.26	6.27	11.33	80.41	31.79	249.92	218.68	156.53	312.4	773.19
37.4474	114.4	48.95	51.15	41.8	17.27	35.97	38.28	6.71	15.95	4.18	7.59	67.98	27.5	242.55	221.21	156.53	354.53	743.49
37.4574	124.3	52.69	57.31	43.89	17.27	42.35	45.1	6.71	13.64	4.18	5.61	55.44	21.12	230.34	223.52	159.06	389.62	712.91
37.4674	136.18	58.52	64.02	48.07	19.47	48.73	51.81	9.02	11.44	0	5.61	42.79	16.94	218.13	228.36	161.59	435.82	684.86
37.4774	148.17	64.46	70.62	50.16	21.67	55.11	56.32	11.22	11.44	0	3.74	30.14	12.65	199.32	230.78	161.59	477.73	649.66
37.4874	158.07	68.42	79.53	54.34	21.67	59.73	58.63	13.53	9.13	0	3.74	17.6	10.56	178.09	233.2	166.76	513.92	619.08
37.4974	166.1	74.36	84.04	58.63	21.67	64.46	60.94	13.53	9.13	0	3.74	10.01	8.47	150.81	230.78	166.76	543.73	579.7
37.5074	176.22	80.3	86.24	60.72	23.87	71.5	65.67	15.73	9.13	0	3.74	4.95	6.27	115.5	228.36	166.76	580.25	534.71
37.5174	184.25	86.35	90.75	67.1	23.87	76.23	65.67	18.04	6.82	0	3.74	0	4.18	79.53	218.68	166.76	612.26	479.71
37.5274	190.3	92.29	95.15	71.28	25.96	80.85	68.09	18.04	6.82	0	0	0	4.18	47.85	199.21	159.06	641.96	417.12
37.5374	198.44	98.23	99.66	77.66	25.96	88	70.4	20.24	4.51	0	0	0	0	27.72	162.8	148.94	678.59	343.97
37.5474	206.58	104.17	104.06	84.04	25.96	92.62	72.82	22.55	4.51	0	0	0	0	15.07	123.2	136.29	712.8	279.07
37.5574	214.61	112.42	108.57	88.33	28.16	97.35	75.13	24.75	0	0	0	0	0	12.54	85.25	123.64	749.32	221.43
37.5674	226.82	119.02	113.08	94.6	28.16	104.39	75.13	24.75	0	0	0	0	0	10.01	56.54	113.52	785.95	180.07
37.5774	236.94	130.02	119.68	100.98	30.36	109.12	77.55	27.06	0	0	0	0	0	10.01	40.37	99.33	831.71	149.71
37.5874	246.95	136.62	124.08	107.36	30.36	113.85	79.86	29.26	0	0	0	0	0	7.48	26.18	76.01	868.34	109.67
37.5974	253	145.42	128.48	113.63	30.36	118.58	82.28	31.57	0	0	0	0	0	4.95	14.08	44.66	903.32	63.69
37.6074	257.07	152.02	130.68	121.99	32.56	125.73	82.28	31.57	0	0	0	0	0	0	6.05	25.08	933.9	31.13
37.6174	257.07	156.42	132.88	128.15	32.56	132.99	84.59	33.77	0	0	0	0	0	0	0	13.86	958.43	13.86
37.6274	259.16	160.82	132.88	136.4	32.56	137.72	84.59	36.08	0	0	0	0	0	0	0	8.36	980.21	8.36
37.6374	255.09	163.02	130.68	144.76	34.65	142.56	84.59	36.08	0	0	0	0	0	0	0	5.5	991.43	5.5
37.6474	253	163.02	130.68	150.92	34.65	147.29	87.01	36.08	0	0	0	0	0	0	0	5.5	1002.65	5.5
37.6574	249.04	163.02	128.48	157.08	34.65	152.13	87.01	38.28	0	0	0	0	0	0	0	5.5	1009.69	5.5
37.6674	242.99	160.82	124.08	161.26	36.85	154.55	89.32	38.28	0	0	0	0	0	0	0	5.5	1008.15	5.5
37.6774	236.94	158.62	121.88	167.53	34.65	159.28	89.32	38.28	0	0	0	0	0	0	0	0	1006.5	0
37.6874	230.89	156.42	117.48	173.8	36.85	161.7	89.32	38.28	0	0	0	0	0	0	0	0	1004.74	0
37.6974	220.77	152.02	113.08	178.09	36.85	166.54	91.74	38.28	0	0	0	0	0	0	0	0	997.37	0
37.7074	212.63	147.62	108.57	184.47	36.85	168.96	91.74	40.59	0	0	0	0	0	0	0	0	991.43	0
37.7174	204.49	143.22	104.06	190.85	39.05	173.47	91.74	40.59	0	0	0	0	0	0	0	0	987.47	0
37.7274	194.37	138.82	99.66	197.23	39.05	178.09	91.74	42.79	0	0	0	0	0	0	0	0	981.75	0
37.7374	186.34	132.22	92.95	203.61	39.05	182.71	94.05	42.79	0	0	0	0	0	0	0	0	973.72	0
37.7474	176.22	127.82	88.55	209.88	39.05	184.91	96.47	42.79	0	0	0	0	0	0	0	0	965.69	0
37.7574	168.08	121.22	81.84	216.26	39.05	189.53	96.47	45.1	0	0	0	0	0	0	0	0	957.55	0
37.7674	158.07	114.62	77.33	220.55	39.05	194.15	98.78	47.3	0	0	0	0	0	0	0	0	949.85	0
37.7774	152.13	110.22	75.13	226.71	41.25	196.46	101.2	47.3	0	0	0	0	0	0	0	0	950.4	0
37.7874	142.23	102.19	68.42	232.43	41.25	200.97	103.51	49.61	0	0	0	0	0	0	0	0	940.61	0
37.7974	132.22	96.25	64.02	240.02	43.34	205.59	105.93	49.61	0	0	0	0	0	0	0	0	936.98	0
37.8074	122.32	90.31	59.51	247.72	43.34	207.9	108.24	54.12	0	0	0	0	0	0	0	0	933.46	0
37.8174	114.4	82.28	55.11	253.44	45.54	212.41	108.24	54.12	0	0	0	0	0	0	0	0	925.54	0
37.8274	105.82	76.34	51.15	259.16	45.54	214.72	113.08	56.32	0	0	0	0	0	0	0	0	922.13	0
37.8374	97.13	72.38	47.19	266.86	45.54	217.03	113.08	58.63	0	0	0	0	0	0	0	0	917.84	0
37.8474	88.44	66.44	43.23	272.58	45.54	219.34	115.28	60.72	0	0	0	0	0	0	0	0	911.57	0
37.8573	79.64	60.5	39.27	278.52	45.54	221.65	117.59	62.92	0	0	0	0	0	0	0	0	905.63	0
37.8673	70.95	54.56	35.42	284.9	47.74	223.96	119.79	65.12	0	0	0	0	0	0	0	0	902.44	0
37.8773	62.26	48.95	31.46	289.08	45.54	226.27	122.1	67.32	0	0	0	0	0	0	0	0	892.98	0
37.8873	53.79	43.34	27.5	293.37	45.54	230.78	122.1	69.41	0	0	0	0	0	0	0	0	885.83	0
37.8973	47.52	37.62	25.52	297.55	45.54	230.78	124.41	71.61	0	0	0	0	0	0	0	0	880.55	0
37.9073	41.36	35.75	21.56	299.75	43.34	233.09	124.41	73.81	0	0	0	0	0	0	0	0	873.07	0
37.9173	39.27	32.01	19.58	299.75	43.34	235.4	126.61	76.01	0	0	0	0	0	0	0	0	871.97	0
37.9273	35.09	30.14	17.71	297.55	41.25	237.71	126.61	78.21	0	0	0	0	0	0	0	0	864.27	0
37.9373	31.02	26.29	15.73	297.55	39.05	240.02	128.92	80.3	0	0	0	0	0	0	0	0	858.88	0
37.9473	28.93	22.55	13.75	295.46	36.85	242.33	128.92	84.7	0	0	0	0	0	0	0	0	853.49	0
37.9573	26.84	20.68	11.77	289.08	34.65	244.64	131.23	84.7	0	0	0	0	0	0	0	0	843.59	0
37.9673	22.77	15.07	9.79	282.7	32.56	244.64	133.43	86.9	0	0	0	0	0	0	0	0	827.86	0
37.9773	18.59	13.09	5.83	274.45	30.36	246.95	135.74	89.1	0	0	0	0	0	0	0	0	814.11	0
37.9873	16.5	9.35	5.83	266.86	28.16	249.26	135.74	91.19	0	0	0	0	0	0	0	0	802.89	0
37.9973	14.41	9.35	3.85	259.16	25.96	249.26	137.94	93.39	0	0	0	0	0	0	0	0	793.32	0
38.0073	12.32	7.48	3.85	247.72	23.87	251.57	137.94	95.59	0	0	0	0	0	0	0	0	780.34	0
38.0173	12.32	7.48	0	238.15	21.67	251.57	137.94	97.79	4.51	0	0	0	0	0	0	0	766.92	4.51
38.0273	10.34	7.48	0	228.58	19.47	251.57	140.25	99.99	9.13	0	0	0	0	0	0	0	757.68	9.13
38.0373	10.34	7.48	0	216.26	17.27	251.57	137.94	102.08	18.26	0	0	0	0	0	0	0	742.94	18.26
38.0473	8.25	5.61	0	203.61	17.27	251.57	137.94	104.28	45.76	0	0	0	0	0	0	0	728.53	45.76
38.0573	8.25	5.61	0	190.85	15.18	249.26	137.94	106.48	102.52	0	7.59	0	0	0	0	0	713.57	110.11
38.0673	6.16	5.61	0	176	15.18	246.95	135.74	110.88	187.77	6.27	17.05	0	0	0	0	0	696.52	211.09
38.0773	4.07	5.61	0	159.17	12.98	244.64	135.74	113.08	208.78	16.72	32.23	0	0	0	0	0	675.29	257.73
38.0873	0	5.61	0	140.58	12.98	237.71	133.43	117.59	232.1	31.35	51.26	7.48	0	0	0	0	647.9	322.19
38.0973	0	5.61	0	119.9	12.98	233.09	131.23	122.21	241.34	41.8	65.89	12.54	0	0	0	0	625.02	361.57
38.1073	0	3.74	0	98.89	12.98	221.65	126.61	126.83	255.2	50.16	83.38	25.19	0	0	0	5.5	590.7	419.43
38.1173	0	3.74	0	79.75	12.98	210.21	119.79	131.34	269.06	56.43	98.56	32.67	4.18	4.95	0	5.5	557.81	471.35
38.1273	0	3.74	0	65.01	12.98	191.84	108.24	135.96	278.3	64.9	111.65	37.73	6.27	10.01	3.96	8.36	517.77	521.18
38.1373	0	0	0	52.25	15.18	159.28	94.05	135.96	287.87	69.19	122.98	45.32	8.47	15.07	10.01	13.86	456.72	572.77
38.1473	0	0	0	45.98	15.18	109.12	75.13	135.96	302.28	73.48	139.15	50.38	12.65	20.13	14.08	16.72	381.37	628.87
38.1573	0	0	0	39.71	15.18	66.77	58.63	126.83	319.11	77.66	152.9	52.91	16.94	25.19	20.13	19.47	307.12	684.31
38.1673	0	0	0	33.44	12.98	42.35	47.3	106.48	335.83	81.95	166.76	55.44	16.94	30.14	26.18	22.33	242.55	735.57
38.1773	0	0	0	25.08	10.78	29.59	40.59	89.1	347.38	84.04	180.73	55.44	19.03	37.73	30.25	25.08	195.14	779.68
38.1873	0	0	0	16.72	8.58	19.03	33.77	73.81	356.51	86.13	192.39	57.97	21.12	40.26	34.32	27.83	151.91	816.53
38.1973	0	0	0	12.54	6.49	12.65	27.06	45.1	365.64	88.33	199.43	60.39	21.12	45.32	38.28	27.83	103.84	846.34
38.2073	0	0	0	10.45	0	10.56	18.04	18.04	372.57	90.42	204.16	62.92	23.21	50.38	42.35	30.69	57.09	876.7
38.2173	0	0	0	8.36	0	6.27	6.71	4.51	379.39	92.51	206.47	65.45	23.21	55.44	42.35	30.69	25.85	895.51
38.2273	0	0	0	6.27	0	4.18	0	0	384.01	96.8	211.09	67.98	23.21	57.97	44.33	33.44	10.45	918.83
38.2373	0	0	0	4.18	0	4.18	0	0	386.32	101.09	211.09	70.4	25.41	62.7	46.42	36.19	8.36	939.62
38.2473	0	0	0	4.18	0	4.18	0	0	384.01	105.27	211.09	77.99	25.41	69.85	48.4	36.19	8.36	958.21
38.2573	0	0	0	0	0	0	0	0	377.08	107.47	208.78	82.94	25.41	77.11	48.4	39.05	0	966.24
38.2673	0	0	0	0	0	0	0	0	367.95	111.65	204.16	92.95	25.41	84.26	50.38	41.8	0	978.56
38.2773	0	0	0	0	0	0	0	0	356.51	115.94	199.43	98.01	27.5	91.41	52.47	41.8	0	983.07
38.2873	0	0	0	0	0	0	0	0	342.76	115.94	192.39	105.49	27.5	98.67	54.45	44.66	0	981.86
38.2973	0	0	0	0	0	0	0	0	326.37	115.94	185.46	113.08	27.5	108.24	56.54	50.16	0	983.29
38.3073	0	0	0	0	0	0	0	0	307.12	115.94	178.42	120.45	29.59	115.5	61.27	53.02	0	981.31
38.3173	0	0	0	0	0	0	0	0	287.87	113.85	169.07	125.51	29.59	123.09	63.69	58.63	0	971.3
38.3273	0	0	0	0	0	0	0	0	271.37	109.56	159.83	130.46	29.59	133.21	68.42	61.49	0	963.93
38.3373	0	0	0	0	0	0	0	0	255.2	107.47	152.9	135.41	31.79	143.22	75.68	64.35	0	966.02
38.3473	0	0	0	0	0	0	0	0	239.03	103.18	145.97	140.36	31.79	150.81	80.41	67.32	0	958.87
38.3573	0	0	0	0	0	0	0	0	225.17	98.89	139.15	142.89	33.88	160.93	87.67	73.15	0	961.73
38.3673	0	0	0	0	0	0	0	0	211.09	94.71	134.53	145.42	33.88	168.52	92.4	76.01	0	956.56
38.3773	0	0	0	0	0	0	0	0	199.43	88.33	127.6	147.84	35.97	175.67	99.66	78.98	0	953.48
38.3873	0	0	0	0	0	0	0	0	185.46	84.04	120.67	150.37	35.97	182.82	104.39	81.84	0	945.56
38.3973	0	0	0	0	0	0	0	0	176.11	79.86	116.05	152.79	35.97	189.86	109.23	84.81	0	944.68
38.4073	0	0	0	0	0	0	0	0	164.45	75.57	109.45	155.32	35.97	196.9	116.27	90.53	0	944.46
38.4173	0	0	0	0	0	0	0	0	157.63	71.28	105.05	157.85	38.06	203.94	118.58	93.5	0	945.89
38.4273	0	0	0	0	0	0	0	0	146.3	69.19	98.56	162.8	40.26	211.09	123.2	96.36	0	947.76
38.4373	0	0	0	0	0	0	0	0	137.17	64.9	92.07	165.33	40.26	220.55	127.93	99.33	0	947.54
38.4473	0	0	0	0	0	0	0	0	125.84	60.72	85.47	167.97	40.26	227.81	134.86	102.19	0	945.12
38.4573	0	0	0	0	0	0	0	0	116.71	54.34	76.78	173.25	40.26	235.18	137.17	108.02	0	941.71
38.4673	0	0	0	0	0	0	0	0	104.94	50.16	70.29	173.25	42.35	242.55	141.9	110.99	0	936.43
38.4773	0	0	0	0	0	0	0	0	95.37	45.98	61.6	175.89	42.35	249.92	146.52	113.52	0	931.15
38.4873	0	0	0	0	0	0	0	0	85.8	41.8	55.11	175.89	42.35	254.76	151.14	116.05	0	922.9
38.4973	0	0	0	0	0	0	0	0	76.23	35.53	49.39	178.53	42.35	262.13	153.56	118.58	0	916.3
38.5073	0	0	0	0	0	0	0	0	66.66	31.35	41.8	181.17	42.35	269.5	158.18	121.11	0	912.12
38.5173	0	0	0	0	0	0	0	0	54.89	27.17	36.08	181.17	42.35	274.34	160.49	126.17	0	902.66
38.5273	0	0	0	0	0	0	0	0	43.45	22.99	28.49	181.17	40.26	279.29	165.11	128.7	0	889.46
38.5373	0	0	0	0	0	0	0	0	36.52	20.9	22.77	178.53	40.26	281.71	169.95	133.76	0	884.4
38.5473	0	0	0	0	0	0	0	0	29.7	18.81	17.05	175.89	38.06	284.13	174.79	136.29	0	874.72
38.5573	0	0	0	0	0	0	0	0	25.08	14.63	15.18	173.25	38.06	284.13	179.63	141.35	0	871.31
38.5673	0	0	0	0	0	0	0	0	22.88	14.63	11.33	167.97	35.97	286.55	182.16	143.88	0	865.37
38.5773	0	0	0	0	0	0	0	0	20.57	10.45	9.46	162.8	33.88	286.55	187	148.94	0	859.65
38.5873	0	0	0	0	0	0	0	0	18.26	8.36	7.59	155.32	31.79	286.55	189.42	151.47	0	848.76
38.5973	0	0	0	0	0	0	0	0	15.95	8.36	5.61	147.84	27.5	286.55	191.84	154	0	837.65
38.6073	0	0	0	0	0	0	0	0	15.95	6.27	5.61	137.94	25.41	289.08	194.37	159.06	0	833.69
38.6173	0	0	0	0	0	0	0	0	13.64	6.27	5.61	130.46	21.12	289.08	196.79	161.59	0	824.56
38.6273	6.16	0	0	0	0	0	0	0	13.64	6.27	3.74	120.45	19.03	289.08	201.63	166.76	6.16	820.6
38.6373	10.34	0	0	0	0	0	0	0	13.64	4.18	3.74	108.02	14.74	291.5	204.05	169.18	10.34	809.05
38.6473	20.68	0	0	0	0	0	0	0	11.44	4.18	3.74	98.01	12.65	291.5	206.47	174.24	20.68	802.23
38.6573	60.06	9.35	0	0	0	0	0	0	11.44	4.18	0	88	10.56	291.5	206.47	179.19	69.41	791.34
38.6673	208.56	32.01	21.56	0	0	0	0	0	11.44	4.18	0	75.46	8.47	289.08	209	184.25	262.13	781.88
38.6773	291.06	54.56	43.23	8.36	0	0	0	0	9.13	4.18	0	62.92	6.27	284.13	211.42	189.31	397.21	767.36
38.6873	265.21	64.46	49.17	12.54	0	0	0	0	9.13	4.18	0	50.38	4.18	276.76	211.42	194.26	391.38	750.31
38.6973	242.99	72.38	53.13	16.72	0	4.18	0	0	6.82	4.18	0	35.2	4.18	262.13	211.42	196.79	389.4	720.72
38.7073	220.77	78.32	57.31	27.17	0	6.27	0	0	6.82	0	0	27.72	0	242.55	211.42	201.85	389.84	690.36
38.7173	218.68	94.27	68.42	39.71	0	10.56	4.51	0	4.51	0	0	17.6	0	218.13	213.84	204.27	436.15	658.35
38.7273	220.77	110.22	79.53	54.34	6.49	16.94	6.71	0	4.51	0	0	15.07	4.18	185.13	211.42	204.27	495	624.58
38.7373	226.82	123.42	88.55	67.1	6.49	23.21	9.02	0	0	0	0	10.01	4.18	148.28	204.05	204.27	544.61	570.79
38.7473	244.97	143.22	101.86	77.66	10.78	29.59	13.53	0	0	0	0	7.48	4.18	110.66	187	199.32	621.61	508.64
38.7573	263.12	163.02	117.48	86.13	15.18	35.97	18.04	4.51	0	0	0	4.95	4.18	81.84	158.18	191.73	703.45	440.88
38.7673	277.31	173.69	130.68	94.6	19.47	46.53	20.24	4.51	0	0	0	4.95	6.27	60.28	123.2	181.72	767.03	376.42
38.7773	283.25	181.94	139.48	98.89	21.67	55.11	24.75	6.71	0	0	0	0	6.27	40.26	89.98	166.76	811.8	303.27
38.7873	291.06	188.21	148.28	105.27	23.87	64.46	31.57	9.02	0	0	0	0	4.18	25.19	73.26	141.35	861.74	243.98
38.7973	298.87	196.46	154.88	111.65	25.96	73.81	36.08	9.02	0	0	0	0	4.18	17.6	58.85	102.19	906.73	182.82
38.8073	300.74	202.62	161.48	119.9	25.96	83.27	42.79	11.22	0	0	0	0	0	10.01	46.42	47.41	947.98	103.84
38.8173	300.74	208.89	163.68	128.15	28.16	92.62	45.1	11.22	0	0	0	0	0	7.48	32.23	27.83	978.56	67.54
38.8273	296.89	212.96	163.68	138.49	28.16	102.08	49.61	15.73	0	0	0	0	0	4.95	18.15	19.47	1007.6	42.57
38.8373	289.08	215.05	161.48	150.92	28.16	113.85	51.81	15.73	0	0	0	0	0	0	10.01	8.36	1026.08	18.37
38.8473	281.38	215.05	157.08	161.26	30.36	123.42	54.12	18.04	0	0	0	0	0	0	8.03	8.36	1040.71	16.39
38.8573	269.17	212.96	150.48	173.8	30.36	132.99	54.12	20.24	0	0	0	0	0	0	6.05	5.5	1044.12	11.55
38.8673	259.16	210.98	146.08	184.47	30.36	140.14	56.32	20.24	0	0	0	0	0	0	3.96	5.5	1047.75	9.46
38.8773	249.04	204.71	139.48	195.03	30.36	147.29	58.63	22.55	0	0	0	0	0	0	0	0	1047.09	0
38.8873	236.94	198.55	132.88	201.41	32.56	152.13	60.94	24.75	0	0	0	0	0	0	0	0	1040.16	0
38.8973	224.84	188.21	126.28	209.88	32.56	159.28	60.94	24.75	0	0	0	0	0	0	0	0	1026.74	0
38.9073	210.65	177.87	117.48	216.26	34.65	164.12	65.67	27.06	0	0	0	0	0	0	0	0	1013.76	0
38.9173	196.46	167.53	110.77	222.64	34.65	171.16	68.09	27.06	0	0	0	0	0	0	0	0	998.36	0
38.9273	182.27	154.22	101.86	226.71	36.85	175.78	70.4	29.26	0	0	0	0	0	0	0	0	977.35	0
38.9373	168.08	143.22	92.95	232.43	36.85	180.4	72.82	29.26	0	0	0	0	0	0	0	0	956.01	0
38.9473	156.09	132.22	84.04	236.28	36.85	184.91	77.55	31.57	0	0	0	0	0	0	0	0	939.51	0
38.9573	144.21	121.22	77.33	240.02	39.05	189.53	79.86	31.57	0	0	0	0	0	0	0	0	922.79	0
38.9673	132.22	110.22	68.42	243.87	39.05	194.15	82.28	33.77	0	0	0	0	0	0	0	0	903.98	0
38.9773	120.34	100.21	61.71	247.72	39.05	198.66	87.01	33.77	0	0	0	0	0	0	0	0	888.47	0
38.9873	110.22	90.31	55.11	249.59	41.25	200.97	91.74	36.08	0	0	0	0	0	0	0	0	875.27	0
38.9973	97.13	80.3	51.15	249.59	41.25	205.59	94.05	38.28	0	0	0	0	0	0	0	0	857.34	0
39.0073	86.24	72.38	45.21	251.57	41.25	210.21	96.47	38.28	0	0	0	0	0	0	0	0	841.61	0
39.0173	77.55	64.46	41.25	251.57	41.25	214.72	101.2	40.59	0	0	0	0	0	0	0	0	832.59	0
39.0273	68.75	56.54	37.29	251.57	41.25	219.34	105.93	42.79	0	0	0	0	0	0	0	0	823.46	0
39.0373	60.06	48.95	31.46	253.44	41.25	221.65	110.66	45.1	0	0	0	0	0	0	0	0	812.57	0
39.0473	51.7	43.34	27.5	253.44	41.25	223.96	115.28	49.61	0	0	0	0	0	0	0	0	806.08	0
39.0573	43.45	39.49	25.52	253.44	41.25	226.27	119.79	51.81	0	0	0	0	0	0	0	0	801.02	0
39.0673	37.18	33.88	21.56	253.44	41.25	228.47	124.41	56.32	0	0	0	0	0	0	0	0	796.51	0
39.0773	35.09	32.01	19.58	253.44	39.05	230.78	128.92	60.72	0	0	0	0	0	0	0	0	799.59	0
39.0873	33.11	30.14	19.58	253.44	39.05	233.09	133.43	62.92	0	0	0	0	0	0	0	0	804.76	0
39.0973	31.02	28.16	17.71	253.44	39.05	235.4	137.94	67.32	0	0	0	0	0	0	0	0	810.04	0
39.1073	28.93	26.29	15.73	251.57	36.85	235.4	140.25	71.61	0	0	0	0	0	0	0	0	806.63	0
39.1173	26.84	24.42	13.75	251.57	36.85	240.02	142.56	73.81	0	0	0	0	0	0	0	0	809.82	0
39.1273	24.75	20.68	11.77	251.57	36.85	240.02	144.76	76.01	0	0	0	0	0	0	0	0	806.41	0
39.1373	22.77	18.81	9.79	249.59	34.65	242.33	147.07	80.3	0	0	0	0	0	0	0	0	805.31	0
39.1473	18.59	16.94	9.79	245.85	34.65	244.64	149.38	82.5	0	0	0	0	0	0	0	0	802.34	0
39.1573	16.5	15.07	7.81	243.87	32.56	244.64	151.58	84.7	0	0	0	0	0	0	0	0	796.73	0
39.1673	14.41	11.22	5.83	238.15	30.36	246.95	153.89	86.9	0	0	0	0	0	0	0	0	787.71	0
39.1773	12.32	9.35	3.85	232.43	28.16	249.26	156.09	89.1	0	0	0	0	0	0	0	0	780.56	0
39.1873	12.32	9.35	3.85	224.84	25.96	249.26	158.4	91.19	0	0	0	0	0	0	0	0	775.17	0
39.1973	10.34	7.48	0	214.17	23.87	249.26	162.91	93.39	0	0	0	0	0	0	0	0	761.42	0
39.2073	8.25	7.48	0	203.61	21.67	246.95	165.22	97.79	0	0	0	0	0	0	0	0	750.97	0
39.2173	8.25	7.48	0	190.85	19.47	246.95	169.84	99.99	4.51	0	0	0	0	0	0	0	742.83	4.51
39.2273	8.25	7.48	0	178.09	19.47	244.64	172.15	104.28	6.82	0	0	0	0	0	0	0	734.36	6.82
39.2373	6.16	5.61	0	163.35	17.27	244.64	176.77	106.48	13.64	0	0	0	0	0	0	0	720.28	13.64
39.2473	6.16	5.61	0	148.83	15.18	240.02	179.08	110.88	29.7	0	0	0	0	0	0	0	705.76	29.7
39.2573	4.07	5.61	0	134.31	15.18	237.71	181.5	115.28	69.08	0	0	0	0	0	0	0	693.66	69.08
39.2673	4.07	5.61	0	119.9	12.98	233.09	186.12	117.59	164.45	4.18	11.33	0	0	0	0	0	679.36	179.96
39.2773	0	3.74	0	103.07	12.98	226.27	186.12	122.21	213.51	14.63	30.36	4.95	0	0	0	0	654.39	263.45
39.2872	0	5.61	0	86.13	10.78	219.34	186.12	126.83	236.72	29.26	55.11	10.01	0	0	0	0	634.81	331.1
39.2972	0	3.74	0	67.1	12.98	207.9	186.12	131.34	259.82	48.07	85.47	25.19	0	0	0	0	609.18	418.55
39.3072	0	3.74	0	52.25	10.78	189.53	181.5	133.65	275.99	60.72	107.25	37.73	6.27	7.48	0	5.5	571.45	500.94
39.3172	0	0	0	41.8	10.78	164.12	169.84	135.96	285.45	64.9	122.98	42.79	6.27	10.01	3.96	8.36	522.5	544.72
39.3272	0	0	0	35.53	12.98	128.15	144.76	140.58	280.72	64.9	132.22	50.38	12.65	15.07	12.1	11.11	462	579.15
39.3372	0	0	0	29.26	15.18	88	110.66	140.58	287.87	69.19	148.28	52.91	16.94	22.66	22.11	13.86	383.68	633.82
39.3472	0	0	0	27.17	15.18	52.91	75.13	133.65	297.55	73.48	164.45	55.44	19.03	32.67	30.25	16.72	304.04	689.59
39.3572	0	0	0	20.9	12.98	33.88	51.81	115.28	311.96	75.57	183.04	57.97	21.12	42.79	38.28	22.33	234.85	753.06
39.3672	0	0	0	14.63	12.98	23.21	42.79	95.59	321.53	79.86	197.12	60.39	23.21	50.38	46.42	25.08	189.2	803.99
39.3772	0	0	0	10.45	10.78	14.74	36.08	73.81	331.21	81.95	208.78	60.39	25.41	60.28	52.47	27.83	145.86	848.32
39.3872	0	0	0	8.36	6.49	10.56	29.26	38.28	335.83	81.95	218.13	62.92	25.41	67.54	56.54	30.69	92.95	879.01
39.3972	0	0	0	8.36	0	8.47	18.04	13.53	340.45	84.04	225.06	65.45	25.41	74.69	58.85	33.44	48.4	907.39
39.4072	0	0	0	6.27	0	4.18	9.02	0	340.45	86.13	227.26	67.98	27.5	81.84	63.69	39.05	19.47	933.9
39.4172	0	0	0	4.18	0	4.18	4.51	0	342.76	90.42	229.57	72.93	27.5	86.68	66.11	44.66	12.87	960.63
39.4272	0	0	0	4.18	0	4.18	0	0	340.45	94.71	231.77	77.99	27.5	93.83	66.11	47.41	8.36	979.77
39.4372	0	0	0	0	0	4.18	0	0	338.14	96.8	229.57	82.94	27.5	98.67	68.42	53.02	4.18	995.06
39.4472	0	0	0	0	0	0	0	0	331.21	101.09	225.06	90.53	29.59	105.82	68.42	55.77	0	1007.49
39.4572	0	0	0	0	0	0	0	0	321.53	103.18	218.13	95.48	29.59	110.66	70.84	55.77	0	1005.18
39.4672	0	0	0	0	0	0	0	0	309.54	103.18	211.09	102.96	29.59	115.5	70.84	58.63	0	1001.33
39.4772	0	0	0	0	0	0	0	0	295.13	105.27	201.74	108.02	31.79	123.09	70.84	61.49	0	997.37
39.4872	0	0	0	0	0	0	0	0	280.72	105.27	192.39	115.5	31.79	130.68	73.26	64.35	0	993.96
39.4972	0	0	0	0	0	0	0	0	264.44	103.18	183.04	122.98	31.79	138.27	73.26	67.32	0	984.28
39.5072	0	0	0	0	0	0	0	0	245.96	101.09	171.38	130.46	31.79	145.75	78.1	70.18	0	974.71
39.5172	0	0	0	0	0	0	0	0	229.79	96.8	159.83	135.41	33.88	153.34	78.1	73.15	0	960.3
39.5272	0	0	0	0	0	0	0	0	213.51	94.71	148.28	142.89	33.88	160.93	82.83	76.01	0	953.04
39.5372	0	0	0	0	0	0	0	0	197.12	90.42	139.15	150.37	33.88	168.52	85.25	78.98	0	943.69
39.5472	0	0	0	0	0	0	0	0	183.04	86.13	127.6	155.32	33.88	178.09	85.25	81.84	0	931.15
39.5572	0	0	0	0	0	0	0	0	166.76	81.95	118.36	160.27	35.97	185.13	89.98	84.81	0	923.23
39.5672	0	0	0	0	0	0	0	0	155.32	75.57	109.45	165.33	35.97	194.59	92.4	87.67	0	916.3
39.5772	0	0	0	0	0	0	0	0	141.68	71.28	100.76	173.25	35.97	201.63	99.66	90.53	0	914.76
39.5872	0	0	0	0	0	0	0	0	130.35	64.9	92.07	175.89	38.06	208.67	101.97	93.5	0	905.41
39.5972	0	0	0	0	0	0	0	0	119.02	60.72	83.38	181.17	38.06	218.13	106.81	96.36	0	903.65
39.6072	0	0	0	0	0	0	0	0	109.67	54.34	74.69	183.81	38.06	225.39	111.65	99.33	0	896.94
39.6172	0	0	0	0	0	0	0	0	97.79	50.16	68.09	189.09	40.26	232.76	116.27	102.19	0	896.61
39.6272	0	0	0	0	0	0	0	0	88.22	45.98	59.4	194.37	40.26	240.13	118.58	108.02	0	894.96
39.6372	0	0	0	0	0	0	0	0	78.65	41.8	53.13	197.12	40.26	247.39	123.2	110.99	0	892.54
39.6472	0	0	0	0	0	0	0	0	69.08	37.62	45.54	199.76	40.26	254.76	125.62	113.52	0	886.16
39.6572	0	0	0	0	0	0	0	0	61.93	33.44	39.82	202.4	40.26	262.13	130.24	116.05	0	886.27
39.6672	0	0	0	0	0	0	0	0	52.58	29.26	34.1	202.4	40.26	266.97	134.86	121.11	0	881.54
39.6772	0	0	0	0	0	0	0	0	43.45	25.08	28.49	202.4	38.06	271.92	139.59	123.64	0	872.63
39.6872	0	0	0	0	0	0	0	0	34.32	20.9	22.77	199.76	38.06	276.76	146.52	128.7	0	867.79
39.6972	0	0	0	0	0	0	0	0	27.39	18.81	18.92	197.12	38.06	281.71	151.14	131.23	0	864.38
39.7072	0	0	0	0	0	0	0	0	22.88	16.72	15.18	194.37	38.06	284.13	158.18	136.29	0	865.81
39.7172	0	0	0	0	0	0	0	0	20.57	14.63	11.33	189.09	35.97	286.55	160.49	141.35	0	859.98
39.7272	0	0	0	0	0	0	0	0	20.57	12.54	9.46	186.45	33.88	286.55	165.11	146.41	0	860.97
39.7372	0	0	0	0	0	0	0	0	15.95	8.36	7.59	178.53	31.79	289.08	169.95	148.94	0	850.19
39.7472	0	0	0	0	0	0	0	0	15.95	8.36	5.61	173.25	29.59	291.5	172.37	151.47	0	848.1
39.7572	0	0	0	0	0	0	0	0	13.64	6.27	5.61	165.33	25.41	293.92	174.79	154	0	838.97
39.7672	0	0	0	0	0	0	0	0	11.44	6.27	5.61	152.79	23.21	293.92	179.63	159.06	0	831.93
39.7772	0	0	0	0	0	0	0	0	11.44	6.27	3.74	142.89	21.12	293.92	179.63	161.59	0	820.6
39.7872	4.07	0	0	0	0	0	0	0	11.44	4.18	3.74	130.46	16.94	293.92	184.58	166.76	4.07	812.02
39.7972	8.25	0	0	0	0	0	0	0	11.44	4.18	0	120.45	12.65	296.34	187	171.71	8.25	803.77
39.8072	14.41	0	0	0	0	0	0	0	9.13	4.18	0	105.49	10.56	293.92	189.42	176.77	14.41	789.47
39.8172	28.93	0	0	0	0	0	0	0	9.13	4.18	0	92.95	8.47	291.5	191.84	181.72	28.93	779.79
39.8272	97.13	13.09	7.81	0	0	0	0	0	9.13	4.18	0	77.99	6.27	289.08	194.37	186.78	118.03	767.8
39.8372	267.19	41.36	37.29	6.27	0	0	0	0	9.13	4.18	0	65.45	6.27	281.71	194.37	191.73	352.11	752.84
39.8472	310.53	64.46	57.31	10.45	0	0	0	0	6.82	4.18	0	50.38	4.18	274.34	194.37	196.79	442.75	731.06
39.8572	291.06	76.34	68.42	18.81	0	4.18	0	0	4.51	0	0	37.73	4.18	257.18	191.84	199.32	458.81	694.76
39.8672	269.17	88.33	77.33	25.08	0	6.27	0	0	4.51	0	0	27.72	4.18	235.18	191.84	204.27	466.18	667.7
39.8772	253	102.19	86.24	41.8	4.29	10.56	6.71	0	0	0	0	20.13	4.18	203.94	187	206.8	504.79	622.05
39.8872	257.07	127.82	99.66	62.81	6.49	21.12	11.22	0	0	0	0	15.07	4.18	163.46	177.21	204.27	586.19	564.19
39.8972	253	141.02	110.77	77.66	12.98	29.59	15.73	0	0	0	0	12.54	4.18	120.56	155.87	199.32	640.75	492.47
39.9072	265.21	163.02	126.28	90.42	19.47	42.35	22.55	4.51	0	0	0	10.01	6.27	81.84	125.62	189.31	733.81	413.05
39.9172	283.25	181.94	143.88	103.07	21.67	57.42	29.26	6.71	0	0	0	7.48	6.27	52.91	87.67	174.24	827.2	328.57
39.9272	294.91	194.37	159.28	111.65	23.87	73.81	36.08	9.02	0	0	0	0	4.18	32.67	68.42	143.88	902.99	249.15
39.9372	298.87	202.62	170.5	121.99	25.96	85.58	42.79	11.22	0	0	0	0	4.18	20.13	54.45	99.33	959.53	178.09
39.9472	300.74	208.89	177.54	130.24	28.16	99.66	49.61	13.53	0	0	0	0	0	12.54	40.37	41.8	1008.37	94.71
39.9572	298.87	210.98	179.96	138.49	30.36	109.12	54.12	15.73	0	0	0	0	0	7.48	24.2	25.08	1037.63	56.76
39.9672	294.91	212.96	179.96	146.74	30.36	121	60.94	18.04	0	0	0	0	0	4.95	10.01	13.86	1064.91	28.82
39.9772	289.08	210.98	177.54	155.1	32.56	130.57	65.67	20.24	0	0	0	0	0	4.95	3.96	8.36	1081.74	17.27
39.9872	279.29	210.98	170.5	165.44	32.56	142.56	68.09	22.55	0	0	0	0	0	0	0	5.5	1091.97	5.5
39.9972	265.21	204.71	163.68	176	34.65	152.13	70.4	24.75	0	0	0	0	0	0	0	0	1091.53	0
40.0072	251.02	198.55	152.68	184.47	34.65	159.28	72.82	24.75	0	0	0	0	0	0	0	0	1078.22	0
40.0172	236.94	190.19	143.88	190.85	34.65	166.54	75.13	27.06	0	0	0	0	0	0	0	0	1065.24	0
40.0272	222.75	181.94	137.28	197.23	34.65	171.16	77.55	27.06	0	0	0	0	0	0	0	0	1049.62	0
40.0372	210.65	171.6	128.48	201.41	36.85	175.78	82.28	29.26	0	0	0	0	0	0	0	0	1036.31	0
40.0472	196.46	158.62	119.68	205.7	39.05	178.09	87.01	29.26	0	0	0	0	0	0	0	0	1013.87	0
40.0572	182.27	145.42	110.77	205.7	39.05	180.4	89.32	31.57	0	0	0	0	0	0	0	0	984.5	0
40.0672	170.06	134.42	101.86	205.7	39.05	184.91	94.05	31.57	0	0	0	0	0	0	0	0	961.62	0
40.0772	156.09	121.22	92.95	207.79	41.25	184.91	98.78	31.57	0	0	0	0	0	0	0	0	934.56	0
40.0872	144.21	110.22	84.04	205.7	41.25	187.22	103.51	31.57	0	0	0	0	0	0	0	0	907.72	0
40.0972	134.2	100.21	77.33	203.61	41.25	189.53	108.24	33.77	0	0	0	0	0	0	0	0	888.14	0
40.1072	122.32	90.31	70.62	201.41	41.25	189.53	113.08	33.77	0	0	0	0	0	0	0	0	862.29	0
40.1172	114.4	82.28	66.22	199.32	43.34	191.84	117.59	33.77	0	0	0	0	0	0	0	0	848.76	0
40.1272	105.82	76.34	61.71	199.32	43.34	191.84	122.1	36.08	0	0	0	0	0	0	0	0	836.55	0
40.1372	97.13	68.42	57.31	197.23	43.34	194.15	126.61	36.08	0	0	0	0	0	0	0	0	820.27	0
40.1472	88.44	64.46	53.13	197.23	43.34	198.66	131.23	38.28	0	0	0	0	0	0	0	0	814.77	0
40.1572	84.04	58.52	51.15	197.23	45.54	198.66	135.74	40.59	0	0	0	0	0	0	0	0	811.47	0
40.1672	75.35	54.56	47.19	197.23	45.54	203.28	140.25	42.79	0	0	0	0	0	0	0	0	806.19	0
40.1772	70.95	50.82	43.23	199.32	45.54	205.59	144.76	45.1	0	0	0	0	0	0	0	0	805.31	0
40.1872	64.46	47.08	41.25	201.41	45.54	207.9	149.38	47.3	0	0	0	0	0	0	0	0	804.32	0
40.1972	60.06	45.21	37.29	203.61	45.54	212.41	153.89	49.61	0	0	0	0	0	0	0	0	807.62	0
40.2072	55.88	41.36	35.42	207.79	45.54	214.72	158.4	54.12	0	0	0	0	0	0	0	0	813.23	0
40.2172	51.7	39.49	33.44	212.08	47.74	217.03	162.91	56.32	0	0	0	0	0	0	0	0	820.71	0
40.2272	47.52	37.62	29.48	214.17	47.74	219.34	165.22	60.72	0	0	0	0	0	0	0	0	821.81	0
40.2372	45.54	35.75	27.5	218.46	49.94	223.96	169.84	65.12	0	0	0	0	0	0	0	0	836.11	0
40.2472	41.36	33.88	25.52	222.64	47.74	226.27	174.46	69.41	0	0	0	0	0	0	0	0	841.28	0
40.2572	37.18	30.14	23.54	224.84	49.94	230.78	176.77	71.61	0	0	0	0	0	0	0	0	844.8	0
40.2672	33.11	28.16	21.56	226.71	49.94	233.09	181.5	76.01	0	0	0	0	0	0	0	0	850.08	0
40.2772	31.02	26.29	19.58	226.71	47.74	235.4	186.12	80.3	0	0	0	0	0	0	0	0	853.16	0
40.2872	28.93	24.42	17.71	224.84	47.74	237.71	188.43	82.5	0	0	0	0	0	0	0	0	852.28	0
40.2972	24.75	20.68	13.75	220.55	45.54	240.02	193.05	84.7	0	0	0	0	0	0	0	0	843.04	0
40.3072	20.68	16.94	11.77	214.17	43.34	240.02	200.09	86.9	0	0	0	0	0	0	0	0	833.91	0
40.3172	18.59	13.09	9.79	207.79	41.25	242.33	204.71	91.19	0	0	0	0	0	0	0	0	828.74	0
40.3272	14.41	11.22	5.83	197.23	39.05	242.33	211.75	93.39	0	0	0	0	0	0	0	0	815.21	0
40.3372	12.32	7.48	3.85	186.56	34.65	242.33	216.37	95.59	0	0	0	0	0	0	0	0	799.15	0
40.3472	10.34	7.48	3.85	171.71	30.36	242.33	223.41	99.99	0	0	0	0	0	0	0	0	789.47	0
40.3572	10.34	7.48	3.85	157.08	25.96	242.33	230.23	104.28	0	0	0	0	0	0	0	0	781.55	0
40.3672	8.25	5.61	0	142.67	23.87	240.02	234.85	110.88	4.51	0	0	0	0	0	0	0	766.15	4.51
40.3772	6.16	5.61	0	126.06	19.47	237.71	241.78	115.28	18.26	0	0	0	0	0	0	0	752.07	18.26
40.3872	6.16	5.61	0	111.65	17.27	233.09	246.29	119.9	45.76	0	0	0	0	0	0	0	739.97	45.76
40.3972	4.07	5.61	0	94.6	15.18	226.27	250.91	124.52	121.22	0	7.59	0	0	0	0	0	721.16	128.81
40.4072	0	5.61	0	77.66	15.18	217.03	253.22	129.03	220.55	10.45	26.51	0	0	0	0	0	697.73	257.51
40.4172	0	5.61	0	58.63	12.98	203.28	255.53	131.34	236.72	27.17	49.39	10.01	0	0	0	0	667.37	323.29
40.4272	0	3.74	0	43.89	10.78	184.91	255.53	135.96	269.06	54.34	87.67	20.13	0	0	0	0	634.81	431.2
40.4372	0	3.74	0	35.53	10.78	156.97	248.6	138.27	280.72	69.19	113.85	42.79	4.18	7.48	0	5.5	593.89	523.71
40.4472	0	0	0	29.26	10.78	116.16	225.61	140.58	304.7	77.66	134.53	47.85	8.47	12.54	3.96	8.36	522.39	598.07
40.4572	0	0	0	22.99	12.98	80.85	176.77	140.58	295.13	73.48	141.35	50.38	14.74	17.6	12.1	11.11	434.17	615.89
40.4672	0	0	0	18.81	12.98	52.91	113.08	138.27	302.28	77.66	157.52	55.44	16.94	25.19	20.13	13.86	336.05	669.02
40.4772	0	0	0	14.63	15.18	33.88	68.09	122.21	307.12	81.95	171.38	57.97	19.03	32.67	28.27	19.47	253.99	717.86
40.4872	0	0	0	10.45	12.98	23.21	51.81	97.79	319.11	86.13	185.46	62.92	21.12	42.79	36.3	22.33	196.24	776.16
40.4972	0	0	0	8.36	10.78	16.94	40.59	76.01	331.21	92.51	199.43	65.45	23.21	52.91	44.33	25.08	152.68	834.13
40.5072	0	0	0	6.27	6.49	10.56	33.77	36.08	340.45	96.8	208.78	67.98	23.21	62.7	46.42	27.83	93.17	874.17
40.5172	0	0	0	6.27	4.29	8.47	22.55	13.53	345.07	101.09	215.82	72.93	25.41	72.27	50.38	30.69	55.11	913.66
40.5272	0	0	0	4.18	0	6.27	11.22	0	347.38	105.27	220.55	77.99	25.41	79.53	52.47	33.44	21.67	942.04
40.5372	0	0	0	4.18	0	6.27	9.02	0	345.07	107.47	222.75	82.94	25.41	86.68	56.54	39.05	19.47	965.91
40.5472	0	0	0	4.18	0	4.18	4.51	0	345.07	111.65	222.75	90.53	25.41	93.83	58.85	41.8	12.87	989.89
40.5572	0	0	0	0	0	4.18	0	0	340.45	113.85	220.55	95.48	27.5	101.09	61.27	47.41	4.18	1007.6
40.5672	0	0	0	0	0	4.18	0	0	331.21	115.94	218.13	100.54	27.5	108.24	63.69	50.16	4.18	1015.41
40.5772	0	0	0	0	0	0	0	0	321.53	115.94	213.51	105.49	29.59	113.08	68.42	53.02	0	1020.58
40.5872	0	0	0	0	0	0	0	0	309.54	115.94	208.78	110.55	29.59	120.56	70.84	55.77	0	1021.57
40.5972	0	0	0	0	0	0	0	0	295.13	113.85	199.43	118.03	29.59	128.15	75.68	58.63	0	1018.49
40.6072	0	0	0	0	0	0	0	0	280.72	111.65	192.39	120.45	31.79	135.74	78.1	61.49	0	1012.33
40.6172	0	0	0	0	0	0	0	0	264.44	107.47	183.04	125.51	31.79	143.22	82.83	64.35	0	1002.65
40.6272	0	0	0	0	0	0	0	0	245.96	103.18	173.69	130.46	31.79	148.28	87.67	67.32	0	988.35
40.6372	0	0	0	0	0	0	0	0	227.48	98.89	162.14	135.41	33.88	158.4	92.4	70.18	0	978.78
40.6472	0	0	0	0	0	0	0	0	211.09	94.71	150.59	137.94	33.88	168.52	97.24	76.01	0	969.98
40.6572	0	0	0	0	0	0	0	0	192.39	88.33	139.15	142.89	35.97	178.09	99.66	78.98	0	955.46
40.6672	0	0	0	0	0	0	0	0	173.69	84.04	125.29	150.37	35.97	187.44	101.97	84.81	0	943.58
40.6772	0	0	0	0	0	0	0	0	157.63	75.57	111.65	155.32	35.97	196.9	106.81	87.67	0	927.52
40.6872	0	0	0	0	0	0	0	0	141.68	69.19	100.76	160.27	35.97	206.36	109.23	90.53	0	913.99
40.6972	0	0	0	0	0	0	0	0	128.04	62.81	89.87	165.33	35.97	213.4	113.96	96.36	0	905.74
40.7072	0	0	0	0	0	0	0	0	114.51	56.43	78.98	170.61	35.97	220.55	116.27	99.33	0	892.65
40.7171	0	0	0	0	0	0	0	0	100.1	52.25	70.29	173.25	38.06	227.81	120.89	102.19	0	884.84
40.7271	0	0	0	0	0	0	0	0	90.53	45.98	61.6	175.89	38.06	235.18	123.2	105.16	0	875.6
40.7371	0	0	0	0	0	0	0	0	81.07	41.8	53.13	181.17	38.06	242.55	125.62	108.02	0	871.42
40.7471	0	0	0	0	0	0	0	0	73.81	39.71	47.41	181.17	38.06	249.92	130.24	110.99	0	871.31
40.7571	0	0	0	0	0	0	0	0	66.66	35.53	43.67	183.81	38.06	254.76	134.86	113.52	0	870.87
40.7671	0	0	0	0	0	0	0	0	59.51	31.35	37.95	183.81	35.97	259.71	139.59	116.05	0	863.94
40.7771	0	0	0	0	0	0	0	0	50.27	27.17	32.23	183.81	35.97	264.55	144.21	118.58	0	856.79
40.7871	0	0	0	0	0	0	0	0	43.45	25.08	26.51	183.81	35.97	269.5	148.83	123.64	0	856.79
40.7971	0	0	0	0	0	0	0	0	34.32	20.9	22.77	183.81	35.97	274.34	155.87	126.17	0	854.15
40.8071	0	0	0	0	0	0	0	0	29.7	18.81	18.92	181.17	35.97	276.76	160.49	131.23	0	853.05
40.8171	0	0	0	0	0	0	0	0	25.08	16.72	15.18	181.17	35.97	279.29	165.11	133.76	0	852.28
40.8271	0	0	0	0	0	0	0	0	22.88	14.63	13.2	181.17	33.88	281.71	169.95	138.82	0	856.24
40.8371	0	0	0	0	0	0	0	0	20.57	12.54	11.33	175.89	33.88	284.13	174.79	143.88	0	857.01
40.8471	0	0	0	0	0	0	0	0	18.26	12.54	9.46	173.25	31.79	286.55	179.63	146.41	0	857.89
40.8571	0	0	0	0	0	0	0	0	15.95	8.36	7.59	167.97	29.59	289.08	182.16	151.47	0	852.17
40.8671	0	0	0	0	0	0	0	0	13.64	8.36	5.61	160.27	27.5	289.08	187	154	0	845.46
40.8771	0	0	0	0	0	0	0	0	13.64	8.36	3.74	152.79	25.41	289.08	189.42	156.53	0	838.97
40.8871	0	0	0	0	0	0	0	0	11.44	6.27	3.74	142.89	21.12	289.08	191.84	159.06	0	825.44
40.8971	0	0	0	0	0	0	0	0	11.44	6.27	3.74	132.88	16.94	289.08	194.37	164.12	0	818.84
40.9071	0	0	0	0	0	0	0	0	11.44	6.27	0	122.98	14.74	291.5	196.79	169.18	0	812.9
40.9171	4.07	0	0	0	0	0	0	0	9.13	4.18	0	110.55	10.56	289.08	199.21	171.71	4.07	794.42
40.9271	12.32	0	0	0	0	0	0	0	9.13	4.18	0	95.48	10.56	289.08	201.63	176.77	12.32	786.83
40.9371	26.84	0	0	0	0	0	0	0	9.13	4.18	0	82.94	6.27	286.55	204.05	181.72	26.84	774.84
40.9471	99.33	11.22	5.83	0	0	0	0	0	9.13	4.18	0	70.4	6.27	281.71	206.47	186.78	116.38	764.94
40.9571	277.31	37.62	33.44	6.27	0	0	0	0	6.82	4.18	0	57.97	4.18	274.34	209	191.73	354.64	748.22
40.9671	302.72	56.54	53.13	10.45	0	0	0	0	6.82	4.18	0	45.32	4.18	264.55	209	194.26	422.84	728.31
40.9771	285.23	74.36	68.42	18.81	0	4.18	0	0	4.51	0	0	32.67	4.18	247.39	209	199.32	451	697.07
40.9871	265.21	86.35	79.53	33.44	0	8.47	4.51	0	4.51	0	0	25.19	4.18	225.39	209	204.27	477.51	672.54
40.9971	255.09	96.25	88.55	43.89	6.49	12.65	9.02	0	0	0	0	17.6	4.18	194.59	206.47	206.8	511.94	629.64
41.0071	251.02	106.15	97.46	52.25	10.78	19.03	15.73	0	0	0	0	15.07	4.18	160.93	199.21	206.8	552.42	586.19
41.0171	253	119.02	108.57	62.81	17.27	27.5	20.24	0	0	0	0	10.01	4.18	123.09	179.63	201.85	608.41	518.76
41.0271	265.21	134.42	124.08	71.28	19.47	38.06	29.26	4.51	0	0	0	10.01	4.18	91.41	151.14	196.79	686.29	453.53
41.0371	283.25	152.02	139.48	77.66	21.67	48.73	36.08	6.71	0	0	0	7.48	6.27	65.12	113.96	186.78	765.6	379.61
41.0471	304.7	165.22	154.88	86.13	23.87	59.73	40.59	9.02	0	0	0	4.95	6.27	42.79	85.25	169.18	844.14	308.44
41.0571	314.38	175.78	168.19	92.51	25.96	69.19	47.3	9.02	0	0	0	0	4.18	27.72	70.84	138.82	902.33	241.56
41.0671	320.21	184.03	175.23	98.89	28.16	80.85	51.81	11.22	0	0	0	0	4.18	17.6	56.54	96.36	950.4	174.68
41.0771	322.19	190.19	182.27	107.36	28.16	90.31	58.63	13.53	0	0	0	0	0	10.01	44.33	41.8	992.64	96.14
41.0871	320.21	192.28	187	115.72	30.36	102.08	65.67	15.73	0	0	0	0	0	7.48	30.25	25.08	1029.05	62.81
41.0971	316.36	194.37	187	121.99	30.36	111.43	70.4	18.04	0	0	0	0	0	4.95	16.06	16.72	1049.95	37.73
41.1071	312.4	196.46	189.42	128.15	30.36	121	77.55	22.55	0	0	0	0	0	0	8.03	8.36	1077.89	16.39
41.1171	306.57	196.46	184.69	134.31	32.56	130.57	82.28	24.75	0	0	0	0	0	0	6.05	5.5	1092.19	11.55
41.1271	298.87	194.37	179.96	140.58	32.56	140.14	84.59	27.06	0	0	0	0	0	0	3.96	0	1098.13	3.96
41.1371	285.23	188.21	175.23	146.74	34.65	147.29	89.32	29.26	0	0	0	0	0	0	0	0	1095.93	0
41.1471	271.26	181.94	165.88	150.92	34.65	154.55	94.05	31.57	0	0	0	0	0	0	0	0	1084.82	0
41.1571	255.09	173.69	159.28	153.01	36.85	159.28	98.78	36.08	0	0	0	0	0	0	0	0	1072.06	0
41.1671	238.92	160.82	148.28	155.1	36.85	166.54	105.93	38.28	0	0	0	0	0	0	0	0	1050.72	0
41.1771	220.77	147.62	139.48	155.1	39.05	171.16	113.08	42.79	0	0	0	0	0	0	0	0	1029.05	0
41.1871	200.53	134.42	128.48	155.1	39.05	175.78	119.79	45.1	0	0	0	0	0	0	0	0	998.25	0
41.1971	182.27	119.02	115.28	155.1	41.25	178.09	124.41	49.61	0	0	0	0	0	0	0	0	965.03	0
41.2071	164.01	106.15	104.06	155.1	41.25	182.71	133.43	54.12	0	0	0	0	0	0	0	0	940.83	0
41.2171	146.19	92.29	90.75	153.01	43.34	187.22	140.25	58.63	0	0	0	0	0	0	0	0	911.68	0
41.2271	128.26	80.3	79.53	153.01	43.34	189.53	147.07	62.92	0	0	0	0	0	0	0	0	883.96	0
41.2371	110.22	68.42	68.42	150.92	45.54	191.84	156.09	67.32	0	0	0	0	0	0	0	0	858.77	0
41.2471	94.93	58.52	57.31	148.83	45.54	196.46	165.22	69.41	0	0	0	0	0	0	0	0	836.22	0
41.2571	79.64	50.82	51.15	146.74	45.54	196.46	172.15	71.61	0	0	0	0	0	0	0	0	814.11	0
41.2671	68.75	43.34	43.23	144.76	45.54	198.66	181.5	73.81	0	0	0	0	0	0	0	0	799.59	0
41.2771	57.97	37.62	37.29	142.67	45.54	198.66	188.43	78.21	0	0	0	0	0	0	0	0	786.39	0
41.2871	47.52	30.14	31.46	140.58	45.54	200.97	197.78	78.21	0	0	0	0	0	0	0	0	772.2	0
41.2971	41.36	26.29	27.5	138.49	47.74	200.97	207.02	82.5	0	0	0	0	0	0	0	0	771.87	0
41.3071	33.11	24.42	21.56	134.31	45.54	200.97	218.68	84.7	0	0	0	0	0	0	0	0	763.29	0
41.3171	31.02	20.68	19.58	132.33	45.54	200.97	227.92	86.9	0	0	0	0	0	0	0	0	764.94	0
41.3271	26.84	18.81	17.71	128.15	45.54	200.97	237.16	89.1	0	0	0	0	0	0	0	0	764.28	0
41.3371	24.75	16.94	15.73	123.97	43.34	198.66	246.29	91.19	0	0	0	0	0	0	0	0	760.87	0
41.3471	22.77	15.07	15.73	121.99	43.34	198.66	255.53	93.39	0	0	0	0	0	0	0	0	766.48	0
41.3571	20.68	13.09	13.75	117.81	43.34	198.66	262.35	95.59	0	0	0	0	0	0	0	0	765.27	0
41.3671	18.59	11.22	11.77	115.72	41.25	198.66	271.59	97.79	0	0	0	0	0	0	0	0	766.59	0
41.3771	16.5	11.22	9.79	111.65	41.25	196.46	278.52	102.08	0	0	0	0	0	0	0	0	767.47	0
41.3871	14.41	9.35	7.81	109.45	39.05	198.66	285.23	104.28	0	0	0	0	0	0	0	0	768.24	0
41.3971	12.32	7.48	5.83	107.36	36.85	198.66	292.05	106.48	0	0	0	0	0	0	0	0	767.03	0
41.4071	12.32	7.48	5.83	103.07	36.85	198.66	298.87	110.88	4.51	0	0	0	0	0	0	0	773.96	4.51
41.4171	10.34	5.61	3.85	98.89	32.56	196.46	303.38	113.08	9.13	0	0	0	0	0	0	0	764.17	9.13
41.4271	10.34	5.61	3.85	92.51	30.36	196.46	310.2	115.28	9.13	0	0	0	0	0	0	0	764.61	9.13
41.4371	8.25	5.61	3.85	86.13	28.16	194.15	317.02	119.9	9.13	0	0	0	0	0	0	0	763.07	9.13
41.4471	8.25	5.61	3.85	79.75	25.96	191.84	323.84	122.21	9.13	0	0	0	0	0	0	0	761.31	9.13
41.4571	8.25	5.61	0	71.28	23.87	189.53	330.66	124.52	13.64	0	0	0	0	0	0	0	753.72	13.64
41.4671	6.16	5.61	0	65.01	21.67	187.22	337.48	126.83	20.57	0	0	0	0	0	0	0	749.98	20.57
41.4771	6.16	3.74	0	58.63	17.27	182.71	344.19	131.34	32.01	0	0	0	0	0	0	0	744.04	32.01
41.4871	6.16	3.74	0	50.16	15.18	178.09	348.7	133.65	50.27	0	0	0	0	0	0	0	735.68	50.27
41.4971	4.07	3.74	0	41.8	12.98	171.16	355.52	135.96	107.25	0	3.74	0	0	0	0	0	725.23	110.99
41.5071	4.07	3.74	0	33.44	10.78	161.7	360.03	138.27	204.16	14.63	28.49	0	0	0	0	0	712.03	247.28
41.5171	0	3.74	0	27.17	10.78	149.71	366.85	138.27	259.82	33.44	53.13	10.01	0	0	0	0	696.52	356.4
41.5271	0	3.74	0	20.9	8.58	130.57	366.85	138.27	275.99	54.34	81.18	22.66	0	0	0	0	668.91	434.17
41.5371	0	3.74	0	18.81	8.58	106.7	357.83	135.96	285.45	73.48	109.45	40.26	4.18	7.48	0	0	631.62	520.3
41.5471	0	0	0	16.72	8.58	78.54	332.97	135.96	295.13	86.13	134.53	57.97	10.56	17.6	8.03	8.36	572.77	618.31
41.5571	0	0	0	14.63	6.49	57.42	287.54	131.34	295.13	92.51	152.9	65.45	14.74	27.72	18.15	13.86	497.42	680.46
41.5671	0	0	0	12.54	8.58	42.35	216.37	124.52	299.86	101.09	173.69	72.93	16.94	45.32	30.25	16.72	404.36	756.8
41.5771	0	0	0	10.45	8.58	31.79	133.43	117.59	302.28	107.47	190.08	80.41	19.03	65.12	40.37	19.47	301.84	824.23
41.5871	0	0	0	8.36	10.78	25.41	79.86	104.28	307.12	113.85	204.16	85.47	21.12	81.84	46.42	25.08	228.69	885.06
41.5971	0	0	0	6.27	10.78	16.94	54.12	82.5	311.96	120.34	213.51	92.95	23.21	96.25	52.47	30.69	170.61	941.38
41.6071	0	0	0	4.18	8.58	12.65	42.79	60.72	314.38	126.83	218.13	102.96	25.41	108.24	56.54	36.19	128.92	988.68
41.6171	0	0	0	4.18	4.29	8.47	31.57	24.75	311.96	133.32	220.55	113.08	25.41	120.56	58.85	44.66	73.26	1028.39
41.6271	0	0	0	4.18	0	6.27	18.04	4.51	304.7	137.72	215.82	122.98	25.41	135.74	58.85	50.16	33	1051.38
41.6371	0	0	0	0	0	4.18	13.53	0	295.13	142.01	211.09	135.41	27.5	148.28	61.27	55.77	17.71	1076.46
41.6471	0	0	0	0	0	4.18	9.02	0	285.45	144.21	201.74	150.37	27.5	158.4	61.27	61.49	13.2	1090.43
41.6571	0	0	0	0	0	0	6.71	0	273.68	146.41	192.39	165.33	27.5	168.52	61.27	64.35	6.71	1099.45
41.6671	0	0	0	0	0	0	0	0	259.82	146.41	178.42	181.17	27.5	175.67	56.54	64.35	0	1089.88
41.6771	0	0	0	0	0	0	0	0	245.96	146.41	164.45	197.12	27.5	182.82	54.45	67.32	0	1086.03
41.6871	0	0	0	0	0	0	0	0	229.79	142.01	150.59	210.32	27.5	187.44	52.47	67.32	0	1067.44
41.6971	0	0	0	0	0	0	0	0	211.09	137.72	136.84	226.27	27.5	192.17	50.38	70.18	0	1052.15
41.7071	0	0	0	0	0	0	0	0	194.81	129.03	120.67	240.79	27.5	194.59	48.4	70.18	0	1025.97
41.7171	0	0	0	0	0	0	0	0	176.11	120.34	107.25	252.89	27.5	199.32	44.33	70.18	0	997.92
41.7271	0	0	0	0	0	0	0	0	159.94	111.65	96.36	264.99	25.41	201.63	42.35	67.32	0	969.65
41.7371	0	0	0	0	0	0	0	0	143.99	101.09	83.38	274.67	25.41	206.36	40.37	70.18	0	945.45
41.7471	0	0	0	0	0	0	0	0	130.35	92.51	74.69	284.79	25.41	208.67	40.37	70.18	0	926.97
41.7571	0	0	0	0	0	0	0	0	119.02	86.13	68.09	295.02	23.21	211.09	38.28	70.18	0	911.02
41.7671	0	0	0	0	0	0	0	0	107.25	79.86	59.4	302.72	23.21	213.4	36.3	70.18	0	892.32
41.7771	0	0	0	0	0	0	0	0	100.1	73.48	53.13	310.42	23.21	215.82	36.3	70.18	0	882.64
41.7871	0	0	0	0	0	0	0	0	90.53	67.1	47.41	318.12	23.21	220.55	34.32	70.18	0	871.42
41.7971	0	0	0	0	0	0	0	0	81.07	62.81	43.67	325.82	23.21	222.97	34.32	70.18	0	864.05
41.8071	0	0	0	0	0	0	0	0	76.23	58.63	39.82	330.99	23.21	225.39	32.23	73.15	0	859.65
41.8171	0	0	0	0	0	0	0	0	69.08	54.34	36.08	336.05	23.21	227.81	32.23	73.15	0	851.95
41.8271	0	0	0	0	0	0	0	0	64.35	50.16	32.23	341	23.21	232.76	32.23	73.15	0	849.09
41.8371	0	0	0	0	0	0	0	0	59.51	48.07	30.36	346.06	23.21	235.18	34.32	73.15	0	849.86
41.8471	0	0	0	0	0	0	0	0	54.89	45.98	26.51	351.01	23.21	237.6	32.23	76.01	0	847.44
41.8571	0	0	0	0	0	0	0	0	50.27	41.8	24.64	353.54	23.21	240.13	32.23	76.01	0	841.83
41.8671	0	0	0	0	0	0	0	0	47.96	41.8	22.77	358.49	23.21	244.97	34.32	76.01	0	849.53
41.8771	0	0	0	0	0	0	0	0	43.45	39.71	20.9	363.44	23.21	249.92	34.32	76.01	0	850.96
41.8871	0	0	0	0	0	0	0	0	41.14	37.62	20.9	365.97	23.21	254.76	34.32	78.98	0	856.9
41.8971	0	0	0	0	0	0	0	0	36.52	35.53	18.92	370.92	23.21	259.71	36.3	78.98	0	860.09
41.9071	0	0	0	0	0	0	0	0	34.32	33.44	17.05	375.98	25.41	264.55	36.3	78.98	0	866.03
41.9171	0	0	0	0	0	0	0	0	32.01	33.44	15.18	380.93	23.21	266.97	38.28	81.84	0	871.86
41.9271	0	0	0	0	0	0	0	0	29.7	31.35	13.2	383.46	25.41	271.92	38.28	84.81	0	878.13
41.9371	0	0	0	0	0	0	0	0	27.39	29.26	13.2	388.41	25.41	276.76	38.28	87.67	0	886.38
41.9471	0	0	0	0	0	0	0	0	25.08	27.17	11.33	390.83	25.41	281.71	40.37	87.67	0	889.57
41.9571	0	0	0	0	0	0	0	0	22.88	22.99	11.33	393.36	25.41	284.13	40.37	90.53	0	891
41.9671	0	0	0	0	0	0	0	0	20.57	22.99	9.46	393.36	25.41	289.08	40.37	90.53	0	891.77
41.9771	0	0	0	0	0	0	0	0	20.57	20.9	9.46	395.78	25.41	291.5	40.37	93.5	0	897.49
41.9871	0	0	0	0	0	0	0	0	18.26	18.81	7.59	395.78	23.21	293.92	40.37	93.5	0	891.44
41.9971	0	0	0	0	0	0	0	0	15.95	16.72	7.59	393.36	23.21	296.34	40.37	96.36	0	889.9
42.0071	0	0	0	0	0	0	0	0	15.95	14.63	5.61	390.83	21.12	298.87	38.28	96.36	0	881.65
42.0171	0	0	0	0	0	0	0	0	13.64	12.54	3.74	388.41	21.12	303.71	38.28	99.33	0	880.77
42.0271	0	0	0	0	0	0	0	0	11.44	10.45	3.74	380.93	21.12	306.24	38.28	99.33	0	871.53
42.0371	0	0	0	0	0	0	0	0	11.44	10.45	3.74	373.45	19.03	308.66	38.28	102.19	0	867.24
42.0471	0	0	0	0	0	0	0	0	11.44	8.36	0	361.02	16.94	313.5	40.37	105.16	0	856.79
42.0571	0	0	0	0	0	0	0	0	11.44	8.36	0	346.06	16.94	316.03	38.28	108.02	0	845.13
42.0671	0	0	0	0	0	0	0	0	9.13	8.36	0	328.46	14.74	320.87	40.37	113.52	0	835.45
42.0771	0	0	0	0	0	0	0	0	11.44	8.36	0	310.42	12.65	323.4	40.37	118.58	0	825.22
42.0871	0	0	0	0	0	0	0	0	9.13	8.36	0	289.85	10.56	325.82	42.35	123.64	0	809.71
42.0971	6.16	0	0	0	0	0	0	0	9.13	6.27	0	272.25	8.47	328.24	42.35	128.7	6.16	795.41
42.1071	24.75	0	0	0	0	0	0	0	9.13	6.27	0	250.47	8.47	328.24	44.33	133.76	24.75	780.67
42.1171	105.82	16.94	7.81	0	0	0	0	0	9.13	6.27	0	231.11	6.27	330.77	46.42	141.35	130.57	771.32
42.1271	341.66	45.21	29.48	6.27	0	0	0	0	6.82	6.27	0	207.68	6.27	328.24	50.38	148.94	422.62	754.6
42.1371	343.64	60.5	49.17	10.45	0	0	0	0	6.82	4.18	0	181.17	6.27	325.82	52.47	159.06	463.76	735.79
42.1470	333.85	84.37	72.93	16.72	0	0	0	0	4.51	4.18	0	147.84	6.27	316.03	54.45	166.76	507.87	700.04
42.1570	306.57	96.25	81.84	22.99	0	0	0	0	4.51	4.18	0	115.5	6.27	303.71	58.85	176.77	507.65	669.79
42.1670	300.74	110.22	90.75	37.62	0	6.27	0	0	0	0	0	85.47	6.27	281.71	61.27	184.25	545.6	618.97
42.1770	296.89	121.22	101.86	45.98	0	8.47	0	0	0	0	0	62.92	6.27	249.92	63.69	189.31	574.42	572.11
42.1870	300.74	138.82	115.28	60.72	4.29	14.74	4.51	0	0	0	0	47.85	6.27	201.63	63.69	189.31	639.1	508.75
42.1970	314.38	156.42	130.68	73.48	10.78	19.03	11.22	0	0	0	0	40.26	6.27	133.21	61.27	186.78	715.99	427.79
42.2070	328.02	171.6	143.88	81.95	17.27	25.41	18.04	4.51	0	0	0	32.67	8.47	77.11	58.85	176.77	790.68	353.87
42.2170	339.68	179.85	157.08	88.33	21.67	31.79	24.75	6.71	0	0	0	22.66	8.47	47.85	52.47	159.06	849.86	290.51
42.2270	349.58	184.03	165.88	90.42	28.16	38.06	33.77	6.71	0	0	0	15.07	6.27	30.14	46.42	118.58	896.61	216.48
42.2370	355.41	186.12	175.23	90.42	30.36	44.44	45.1	9.02	0	0	0	7.48	4.18	20.13	38.28	67.32	936.1	137.39
42.2470	359.37	188.21	182.27	92.51	34.65	50.82	54.12	11.22	0	0	0	4.95	0	10.01	28.27	33.44	973.17	76.67
42.2570	361.35	188.21	187	92.51	36.85	59.73	63.36	13.53	0	0	0	4.95	0	7.48	18.15	19.47	1002.54	50.05
42.2670	361.35	188.21	191.73	94.6	39.05	64.46	72.82	13.53	0	0	0	4.95	0	10.01	8.03	5.5	1025.75	28.49
42.2770	353.54	186.12	189.42	94.6	41.25	71.5	82.28	15.73	0	0	0	4.95	0	7.48	3.96	0	1034.44	16.39
42.2870	347.6	184.03	189.42	98.89	41.25	78.54	91.74	15.73	0	0	0	0	0	4.95	0	0	1047.2	4.95
42.2970	337.7	179.85	187	100.98	43.34	83.27	98.78	20.24	0	0	0	0	0	4.95	0	0	1051.16	4.95
42.3070	326.04	175.78	182.27	100.98	43.34	90.31	108.24	20.24	0	0	0	0	0	0	0	0	1047.2	0
42.3170	314.38	167.53	177.54	103.07	43.34	95.04	117.59	22.55	0	0	0	0	0	0	0	0	1041.04	0
42.3270	300.74	160.82	170.5	105.27	45.54	99.66	124.41	24.75	0	0	0	0	0	0	0	0	1031.69	0
42.3370	287.21	154.22	165.88	105.27	45.54	104.39	131.23	27.06	0	0	0	0	0	0	0	0	1020.8	0
42.3470	271.26	145.42	157.08	107.36	45.54	109.12	137.94	29.26	0	0	0	0	0	0	0	0	1002.98	0
42.3570	257.07	138.82	150.48	109.45	47.74	116.16	142.56	31.57	0	0	0	0	0	0	0	0	993.85	0
42.3670	240.9	132.22	141.68	111.65	47.74	121	149.38	33.77	0	0	0	0	0	0	0	0	978.34	0
42.3770	226.82	125.62	135.08	115.72	49.94	128.15	153.89	38.28	0	0	0	0	0	0	0	0	973.5	0
42.3870	214.61	119.02	126.28	117.81	49.94	132.99	160.71	40.59	0	0	0	0	0	0	0	0	961.95	0
42.3970	202.51	114.62	121.88	121.99	47.74	144.98	162.91	45.1	0	0	0	4.95	0	4.95	0	0	961.73	9.9
42.4070	182.27	104.17	108.57	126.06	49.94	147.29	165.22	47.3	0	0	0	0	0	0	0	0	930.82	0
42.4170	174.13	100.21	104.06	132.33	52.03	154.55	167.53	51.81	0	0	0	0	0	0	0	0	936.65	0
42.4270	164.01	96.25	97.46	138.49	52.03	161.7	169.84	54.12	0	0	0	0	0	0	0	0	933.9	0
42.4370	154.11	90.31	90.75	142.67	52.03	166.54	174.46	58.63	0	0	0	0	0	0	0	0	929.5	0
42.4470	140.25	82.28	81.84	148.83	54.23	173.47	176.77	62.92	0	0	0	0	0	0	0	0	920.59	0
42.4570	128.26	76.34	72.93	153.01	54.23	178.09	181.5	67.32	0	0	0	0	0	0	0	0	911.68	0
42.4670	114.4	68.42	66.22	155.1	54.23	184.91	186.12	71.61	0	0	0	0	0	0	0	0	901.01	0
42.4770	101.42	60.5	57.31	159.17	54.23	189.53	188.43	76.01	0	0	0	0	0	0	0	0	886.6	0
42.4870	88.44	52.69	51.15	161.26	54.23	194.15	193.05	78.21	0	0	0	0	0	0	0	0	873.18	0
42.4970	75.35	45.21	43.23	165.44	54.23	198.66	197.78	82.5	0	0	0	0	0	0	0	0	862.4	0
42.5070	64.46	39.49	35.42	167.53	54.23	200.97	202.4	84.7	0	0	0	0	0	0	0	0	849.2	0
42.5170	51.7	32.01	29.48	169.62	54.23	203.28	207.02	89.1	0	0	0	0	0	0	0	0	836.44	0
42.5270	43.45	26.29	23.54	169.62	54.23	203.28	211.75	91.19	0	0	0	0	0	0	0	0	823.35	0
42.5370	37.18	24.42	21.56	169.62	52.03	205.59	216.37	93.39	0	0	0	0	0	0	0	0	820.16	0
42.5470	35.09	22.55	17.71	167.53	49.94	205.59	220.99	95.59	0	0	0	0	0	0	0	0	814.99	0
42.5570	31.02	18.81	17.71	167.53	49.94	207.9	225.61	99.99	0	0	0	0	0	0	0	0	818.51	0
42.5670	28.93	16.94	13.75	165.44	47.74	210.21	227.92	102.08	0	0	0	0	0	0	0	0	813.01	0
42.5770	24.75	15.07	11.77	163.35	45.54	210.21	230.23	104.28	0	0	0	0	0	0	0	0	805.2	0
42.5870	22.77	11.22	9.79	163.35	41.25	212.41	230.23	106.48	0	0	0	0	0	0	0	0	797.5	0
42.5970	18.59	9.35	7.81	159.17	39.05	214.72	230.23	108.68	0	0	0	0	0	0	0	0	787.6	0
42.6070	16.5	7.48	5.83	155.1	36.85	217.03	230.23	110.88	0	0	0	0	0	0	0	0	779.9	0
42.6170	14.41	7.48	3.85	150.92	34.65	219.34	230.23	115.28	0	0	0	0	0	0	0	0	776.16	0
42.6270	12.32	5.61	3.85	146.74	30.36	219.34	230.23	117.59	0	0	0	0	0	0	0	0	766.04	0
42.6370	12.32	5.61	3.85	138.49	28.16	221.65	227.92	122.21	0	0	0	0	0	0	0	0	760.21	0
42.6470	10.34	5.61	0	130.24	25.96	223.96	227.92	124.52	0	0	0	0	0	0	0	0	748.55	0
42.6570	10.34	5.61	0	121.99	21.67	223.96	227.92	129.03	0	0	0	0	0	0	0	0	740.52	0
42.6670	8.25	5.61	0	113.63	21.67	223.96	225.61	131.34	0	0	0	0	0	0	0	0	730.07	0
42.6770	8.25	3.74	0	105.27	17.27	226.27	223.41	133.65	4.51	0	0	0	0	0	0	0	717.86	4.51
42.6870	6.16	3.74	0	98.89	17.27	226.27	220.99	138.27	13.64	0	0	0	0	0	0	0	711.59	13.64
42.6970	6.16	3.74	0	90.42	15.18	226.27	216.37	142.78	45.76	0	0	0	0	0	0	0	700.92	45.76
42.7070	4.07	3.74	0	84.04	15.18	226.27	209.44	145.09	121.22	0	5.61	0	0	0	0	0	687.83	126.83
42.7170	0	0	0	75.57	12.98	223.96	200.09	149.71	241.34	8.36	20.9	0	0	0	0	0	662.31	270.6
42.7270	0	0	0	67.1	12.98	219.34	190.74	152.02	255.2	20.9	41.8	7.48	0	0	0	0	642.18	325.38
42.7370	0	0	0	54.34	12.98	212.41	181.5	156.53	290.29	43.89	78.98	12.54	0	0	0	0	617.76	425.7
42.7470	0	0	0	43.89	12.98	198.66	165.22	158.84	292.71	56.43	100.76	20.13	0	0	0	0	579.59	470.03
42.7570	0	0	0	37.62	15.18	175.78	149.38	161.15	309.54	67.1	122.98	37.73	4.18	7.48	0	0	539.11	549.01
42.7670	0	0	0	33.44	15.18	140.14	124.41	165.77	311.96	73.48	139.15	45.32	6.27	12.54	6.05	0	478.94	594.77
42.7770	0	0	0	29.26	17.27	95.04	96.47	165.77	307.12	77.66	152.9	55.44	12.65	20.13	14.08	5.5	403.81	645.48
42.7870	0	0	0	25.08	17.27	57.42	70.4	154.33	316.69	84.04	173.69	60.39	16.94	25.19	24.2	11.11	324.5	712.25
42.7970	0	0	0	18.81	17.27	38.06	56.32	126.83	326.37	86.13	190.08	62.92	19.03	32.67	34.32	13.86	257.29	765.38
42.8070	0	0	0	10.45	15.18	25.41	47.3	106.48	338.14	90.42	206.47	67.98	21.12	42.79	42.35	16.72	204.82	825.99
42.8170	0	0	0	6.27	10.78	14.74	38.28	82.5	345.07	90.42	220.55	67.98	23.21	50.38	50.38	19.47	152.57	867.46
42.8270	0	0	0	4.18	6.49	10.56	29.26	42.79	349.58	92.51	231.77	70.4	25.41	57.97	56.54	22.33	93.28	906.51
42.8370	0	0	0	0	0	6.27	20.24	15.73	351.89	92.51	238.59	70.4	25.41	65.12	61.27	25.08	42.24	930.27
42.8470	0	0	0	0	0	4.18	11.22	0	351.89	94.71	240.9	72.93	25.41	72.27	63.69	27.83	15.4	949.63
42.8570	0	0	0	0	0	0	6.71	0	351.89	96.8	243.1	77.99	27.5	77.11	66.11	30.69	6.71	971.19
42.8670	0	0	0	0	0	0	0	0	351.89	98.89	243.1	80.41	27.5	81.84	68.42	33.44	0	985.49
42.8770	0	0	0	0	0	0	0	0	347.38	103.18	240.9	85.47	27.5	89.1	68.42	36.19	0	998.14
42.8870	0	0	0	0	0	0	0	0	338.14	103.18	234.08	90.53	27.5	93.83	70.84	39.05	0	997.15
42.8970	0	0	0	0	0	0	0	0	326.37	103.18	227.26	95.48	27.5	98.67	73.26	41.8	0	993.52
42.9070	0	0	0	0	0	0	0	0	314.38	103.18	220.55	100.54	27.5	105.82	75.68	44.66	0	992.31
42.9170	0	0	0	0	0	0	0	0	299.86	103.18	213.51	102.96	29.59	110.66	80.41	47.41	0	987.58
42.9270	0	0	0	0	0	0	0	0	283.03	98.89	204.16	105.49	29.59	115.5	85.25	50.16	0	972.07
42.9370	0	0	0	0	0	0	0	0	266.75	96.8	194.81	108.02	29.59	120.56	89.98	53.02	0	959.53
42.9470	0	0	0	0	0	0	0	0	250.58	92.51	185.46	110.55	29.59	125.62	94.82	58.63	0	947.76
42.9570	0	0	0	0	0	0	0	0	234.41	88.33	176.11	113.08	31.79	133.21	101.97	61.49	0	940.39
42.9670	0	0	0	0	0	0	0	0	218.13	81.95	166.76	113.08	31.79	138.27	106.81	67.32	0	924.11
42.9770	0	0	0	0	0	0	0	0	204.16	77.66	159.83	113.08	31.79	145.75	111.65	70.18	0	914.1
42.9870	0	0	0	0	0	0	0	0	190.08	73.48	152.9	115.5	31.79	150.81	118.58	76.01	0	909.15
42.9970	0	0	0	0	0	0	0	0	178.42	69.19	143.66	115.5	33.88	160.93	123.2	78.98	0	903.76
43.0070	0	0	0	0	0	0	0	0	166.76	64.9	136.84	118.03	33.88	165.99	130.24	84.81	0	901.45
43.0170	0	0	0	0	0	0	0	0	157.63	62.81	129.91	118.03	35.97	173.36	137.17	87.67	0	902.55
43.0270	0	0	0	0	0	0	0	0	146.3	58.63	120.67	120.45	35.97	180.4	141.9	93.5	0	897.82
43.0370	0	0	0	0	0	0	0	0	134.86	54.34	111.65	122.98	35.97	189.86	148.83	96.36	0	894.85
43.0470	0	0	0	0	0	0	0	0	125.84	50.16	105.05	125.51	38.06	196.9	155.87	102.19	0	899.58
43.0570	0	0	0	0	0	0	0	0	114.51	45.98	96.36	127.93	38.06	203.94	160.49	105.16	0	892.43
43.0670	0	0	0	0	0	0	0	0	104.94	41.8	87.67	127.93	40.26	213.4	169.95	110.99	0	896.94
43.0770	0	0	0	0	0	0	0	0	95.37	37.62	81.18	130.46	40.26	218.13	174.79	113.52	0	891.33
43.0870	0	0	0	0	0	0	0	0	88.22	33.44	72.49	132.88	40.26	225.39	182.16	118.58	0	893.42
43.0970	0	0	0	0	0	0	0	0	78.65	29.26	63.8	132.88	40.26	232.76	187	121.11	0	885.72
43.1070	0	0	0	0	0	0	0	0	69.08	25.08	57.2	132.88	42.35	237.6	194.37	126.17	0	884.73
43.1170	0	0	0	0	0	0	0	0	59.51	22.99	49.39	135.41	40.26	244.97	201.63	131.23	0	885.39
43.1270	0	0	0	0	0	0	0	0	52.58	20.9	41.8	135.41	40.26	249.92	206.47	136.29	0	883.63
43.1370	0	0	0	0	0	0	0	0	41.14	18.81	36.08	132.88	40.26	252.34	216.26	141.35	0	879.12
43.1470	0	0	0	0	0	0	0	0	34.32	16.72	28.49	130.46	40.26	257.18	223.52	148.94	0	879.89
43.1570	0	0	0	0	0	0	0	0	27.39	14.63	22.77	127.93	38.06	257.18	230.78	154	0	872.74
43.1670	0	0	0	0	0	0	0	0	22.88	12.54	17.05	125.51	38.06	257.18	240.35	159.06	0	872.63
43.1770	0	0	0	0	0	0	0	0	20.57	10.45	15.18	120.45	35.97	257.18	247.61	166.76	0	874.17
43.1870	4.07	0	0	0	0	0	0	0	18.26	10.45	11.33	115.5	33.88	257.18	254.76	171.71	4.07	873.07
43.1970	8.25	0	0	0	0	0	0	0	15.95	8.36	9.46	108.02	29.59	254.76	262.02	176.77	8.25	864.93
43.2070	16.5	0	0	0	0	0	0	0	13.64	6.27	7.59	100.54	27.5	252.34	266.75	181.72	16.5	856.35
43.2170	24.75	0	0	0	0	0	0	0	11.44	6.27	5.61	92.95	23.21	252.34	269.17	184.25	24.75	845.24
43.2270	55.88	9.35	3.85	0	0	0	0	0	11.44	4.18	3.74	82.94	19.03	249.92	274.01	186.78	69.08	832.04
43.2370	146.19	26.29	23.54	0	0	0	0	0	9.13	4.18	3.74	72.93	14.74	244.97	276.43	191.73	196.02	817.85
43.2470	210.65	52.69	53.13	6.27	0	0	0	0	9.13	4.18	3.74	60.39	10.56	242.55	276.43	194.26	322.74	801.24
43.2570	232.87	66.44	64.02	16.72	0	0	0	0	9.13	0	0	50.38	8.47	235.18	276.43	196.79	380.05	776.38
43.2670	244.97	72.38	64.02	29.26	0	4.18	4.51	0	6.82	0	0	37.73	6.27	222.97	276.43	201.85	419.32	752.07
43.2770	224.84	74.36	66.22	33.44	0	10.56	6.71	0	6.82	0	0	25.19	4.18	203.94	274.01	204.27	416.13	718.41
43.2870	212.63	84.37	75.13	45.98	10.78	16.94	13.53	0	6.82	0	0	15.07	4.18	178.09	271.59	206.8	459.36	682.55
43.2970	218.68	98.23	88.55	54.34	15.18	25.41	20.24	0	4.51	0	0	10.01	0	145.75	264.33	209.33	520.63	633.93
43.3070	214.61	106.15	95.15	60.72	17.27	38.06	31.57	0	0	0	0	7.48	0	110.66	252.34	206.8	563.53	577.28
43.3170	232.87	125.62	110.77	71.28	21.67	50.82	38.28	4.51	0	0	0	4.95	4.18	79.53	228.36	199.32	655.82	516.34
43.3270	253	145.42	126.28	79.75	21.67	64.46	45.1	6.71	0	0	0	0	0	57.97	194.37	189.31	742.39	441.65
43.3370	261.14	156.42	137.28	88.33	23.87	76.23	49.61	9.02	0	0	0	0	0	42.79	146.52	169.18	801.9	358.49
43.3470	263.12	163.02	141.68	96.8	23.87	88	54.12	11.22	0	0	0	0	4.18	30.14	99.66	154	841.83	287.98
43.3570	267.19	173.69	146.08	105.27	25.96	99.66	56.32	13.53	0	0	0	0	0	20.13	70.84	131.23	887.7	222.2
43.3670	269.17	181.94	148.28	115.72	25.96	111.43	60.94	18.04	0	0	0	0	0	15.07	58.85	87.67	931.48	161.59
43.3770	267.19	188.21	150.48	126.06	28.16	121	63.36	20.24	0	0	0	0	0	10.01	44.33	36.19	964.7	90.53
43.3870	263.12	192.28	148.28	136.4	28.16	130.57	63.36	22.55	0	0	0	0	0	4.95	30.25	22.33	984.72	57.53
43.3970	259.16	194.37	146.08	148.83	28.16	142.56	65.67	22.55	0	0	0	0	0	4.95	16.06	13.86	1007.38	34.87
43.4070	251.02	196.46	139.48	161.26	28.16	149.71	65.67	27.06	0	0	0	0	0	0	8.03	5.5	1018.82	13.53
43.4170	242.99	194.37	135.08	171.71	30.36	159.28	65.67	29.26	0	0	0	0	0	0	6.05	5.5	1028.72	11.55
43.4270	234.85	190.19	128.48	182.38	30.36	166.54	68.09	29.26	0	0	0	0	0	0	3.96	0	1030.15	3.96
43.4370	224.84	186.12	124.08	190.85	32.56	171.16	70.4	31.57	0	0	0	0	0	0	3.96	0	1031.58	3.96
43.4470	214.61	177.87	117.48	199.32	32.56	175.78	72.82	31.57	0	0	0	0	0	0	0	0	1022.01	0
43.4570	204.49	171.6	110.77	203.61	34.65	180.4	77.55	33.77	0	0	0	0	0	0	0	0	1016.84	0
43.4670	194.37	160.82	106.37	207.79	34.65	182.71	79.86	33.77	0	0	0	0	0	0	0	0	1000.34	0
43.4770	184.25	152.02	99.66	212.08	36.85	184.91	84.59	33.77	0	0	0	0	0	0	0	0	988.13	0
43.4870	172.15	143.22	92.95	214.17	36.85	187.22	87.01	33.77	0	0	0	0	0	0	0	0	967.34	0
43.4970	164.01	132.22	86.24	216.26	36.85	189.53	91.74	36.08	0	0	0	0	0	0	0	0	952.93	0
43.5070	152.13	123.42	81.84	218.46	39.05	191.84	96.47	36.08	0	0	0	0	0	0	0	0	939.29	0
43.5170	144.21	112.42	75.13	218.46	39.05	194.15	98.78	36.08	0	0	0	0	0	0	0	0	918.28	0
43.5270	134.2	104.17	68.42	220.55	39.05	196.46	103.51	38.28	0	0	0	0	0	0	0	0	904.64	0
43.5370	124.3	96.25	64.02	220.55	41.25	198.66	105.93	40.59	0	0	0	0	0	0	0	0	891.55	0
43.5470	116.38	88.33	59.51	220.55	41.25	203.28	108.24	42.79	0	0	0	0	0	0	0	0	880.33	0
43.5570	108.02	82.28	55.11	222.64	41.25	205.59	113.08	45.1	0	0	0	0	0	0	0	0	873.07	0
43.5670	101.42	76.34	53.13	222.64	41.25	210.21	115.28	47.3	0	0	0	0	0	0	0	0	867.57	0
43.5769	92.73	70.4	49.17	222.64	41.25	212.41	119.79	51.81	0	0	0	0	0	0	0	0	860.2	0
43.5869	86.24	64.46	45.21	222.64	41.25	217.03	124.41	54.12	0	0	0	0	0	0	0	0	855.36	0
43.5969	75.35	58.52	43.23	224.84	41.25	219.34	126.61	58.63	0	0	0	0	0	0	0	0	847.77	0
43.6069	68.75	52.69	37.29	226.71	43.34	221.65	131.23	60.72	0	0	0	0	0	0	0	0	842.38	0
43.6169	60.06	47.08	35.42	228.58	43.34	221.65	133.43	62.92	0	0	0	0	0	0	0	0	832.48	0
43.6269	53.79	43.34	31.46	230.56	43.34	223.96	140.25	67.32	0	0	0	0	0	0	0	0	834.02	0
43.6369	47.52	39.49	27.5	232.43	43.34	226.27	142.56	71.61	0	0	0	0	0	0	0	0	830.72	0
43.6469	41.36	35.75	23.54	234.3	43.34	228.47	147.07	73.81	0	0	0	0	0	0	0	0	827.64	0
43.6569	37.18	32.01	21.56	236.28	43.34	230.78	151.58	78.21	0	0	0	0	0	0	0	0	830.94	0
43.6669	33.11	30.14	19.58	236.28	43.34	233.09	153.89	80.3	0	0	0	0	0	0	0	0	829.73	0
43.6769	33.11	26.29	19.58	236.28	43.34	233.09	158.4	82.5	0	0	0	0	0	0	0	0	832.59	0
43.6869	28.93	26.29	17.71	234.3	41.25	235.4	160.71	84.7	0	0	0	0	0	0	0	0	829.29	0
43.6969	26.84	22.55	15.73	232.43	41.25	237.71	165.22	84.7	0	0	0	0	0	0	0	0	826.43	0
43.7069	24.75	20.68	13.75	228.58	41.25	237.71	169.84	86.9	0	0	0	0	0	0	0	0	823.46	0
43.7169	20.68	16.94	9.79	222.64	39.05	237.71	174.46	89.1	0	0	0	0	0	0	0	0	810.37	0
43.7269	18.59	15.07	7.81	216.26	36.85	237.71	179.08	91.19	0	0	0	0	0	0	0	0	802.56	0
43.7369	14.41	11.22	7.81	209.88	34.65	237.71	186.12	93.39	0	0	0	0	0	0	0	0	795.19	0
43.7469	12.32	9.35	5.83	199.32	32.56	237.71	190.74	95.59	0	0	0	0	0	0	0	0	783.42	0
43.7569	10.34	7.48	3.85	188.65	30.36	237.71	197.78	97.79	0	0	0	0	0	0	0	0	773.96	0
43.7669	10.34	7.48	0	176	25.96	235.4	204.71	102.08	0	0	0	0	0	0	0	0	761.97	0
43.7769	8.25	5.61	0	163.35	23.87	235.4	209.44	106.48	0	0	0	0	0	0	0	0	752.4	0
43.7869	8.25	5.61	0	150.92	21.67	233.09	216.37	108.68	4.51	0	0	0	0	0	0	0	744.59	4.51
43.7969	6.16	5.61	0	136.4	19.47	230.78	223.41	113.08	20.57	0	0	0	0	0	0	0	734.91	20.57
43.8069	6.16	5.61	0	123.97	17.27	228.47	227.92	115.28	50.27	0	0	0	0	0	0	0	724.68	50.27
43.8169	4.07	5.61	0	109.45	15.18	221.65	232.54	119.9	125.84	0	9.46	0	0	0	0	0	708.4	135.3
43.8269	4.07	3.74	0	94.6	15.18	214.72	239.47	122.21	197.12	10.45	26.51	0	0	0	0	0	693.99	234.08
43.8369	0	3.74	0	77.66	12.98	205.59	243.98	124.52	211.09	27.17	49.39	7.48	0	0	0	0	668.47	295.13
43.8469	0	3.74	0	58.63	12.98	191.84	248.6	129.03	239.03	50.16	85.47	30.14	0	7.48	0	0	644.82	412.28
43.8569	0	3.74	0	43.89	10.78	171.16	250.91	131.34	257.51	67.1	113.85	47.85	8.47	15.07	6.05	8.36	611.82	524.26
43.8669	0	0	0	35.53	10.78	142.56	243.98	133.65	264.44	69.19	125.29	50.38	12.65	22.66	14.08	11.11	566.5	569.8
43.8769	0	0	0	29.26	10.78	106.7	218.68	135.96	262.13	71.28	134.53	52.91	14.74	32.67	28.27	13.86	501.38	610.39
43.8869	0	0	0	22.99	12.98	73.81	167.53	135.96	264.44	77.66	150.59	60.39	16.94	50.38	36.3	19.47	413.27	676.17
43.8969	0	0	0	20.9	15.18	50.82	108.24	131.34	269.06	84.04	164.45	62.92	16.94	62.7	42.35	22.33	326.48	724.79
43.9069	0	0	0	16.72	15.18	33.88	68.09	117.59	280.72	90.42	178.42	70.4	19.03	74.69	48.4	27.83	251.46	789.91
43.9169	0	0	0	12.54	15.18	23.21	49.61	95.59	292.71	96.8	192.39	75.46	21.12	86.68	52.47	36.19	196.13	853.82
43.9269	0	0	0	8.36	10.78	14.74	40.59	76.01	299.86	103.18	201.74	82.94	21.12	96.25	56.54	44.66	150.48	906.29
43.9369	0	0	0	6.27	8.58	10.56	33.77	38.28	304.7	107.47	208.78	88	21.12	105.82	61.27	50.16	97.46	947.32
43.9469	0	0	0	6.27	4.29	8.47	22.55	11.22	302.28	111.65	211.09	95.48	23.21	113.08	66.11	55.77	52.8	978.67
43.9569	0	0	0	4.18	0	6.27	13.53	0	304.7	115.94	213.51	102.96	23.21	123.09	66.11	58.63	23.98	1008.15
43.9669	0	0	0	0	0	6.27	9.02	0	299.86	120.34	211.09	113.08	25.41	133.21	68.42	61.49	15.29	1032.9
43.9769	0	0	0	0	0	4.18	4.51	0	295.13	122.54	206.47	122.98	25.41	140.8	68.42	64.35	8.69	1046.1
43.9869	0	0	0	0	0	0	0	0	285.45	126.83	199.43	132.88	25.41	145.75	68.42	67.32	0	1051.49
43.9969	0	0	0	0	0	4.18	0	0	275.99	126.83	190.08	142.89	27.5	153.34	68.42	67.32	4.18	1052.37
44.0069	0	0	0	0	0	4.18	0	0	264.44	129.03	180.73	152.79	27.5	160.93	66.11	70.18	4.18	1051.71
44.0169	0	0	0	0	0	0	0	0	250.58	126.83	171.38	162.8	27.5	165.99	66.11	70.18	0	1041.37
44.0269	0	0	0	0	0	0	0	0	236.72	126.83	159.83	173.25	27.5	171.05	63.69	70.18	0	1029.05
44.0369	0	0	0	0	0	0	0	0	222.86	122.54	148.28	183.81	27.5	173.36	61.27	70.18	0	1009.8
44.0469	0	0	0	0	0	0	0	0	208.78	118.14	136.84	194.37	27.5	178.09	61.27	70.18	0	995.17
44.0569	0	0	0	0	0	0	0	0	194.81	113.85	125.29	202.4	27.5	180.4	61.27	70.18	0	975.7
44.0669	0	0	0	0	0	0	0	0	183.04	109.56	116.05	212.96	27.5	185.13	58.85	70.18	0	963.27
44.0769	0	0	0	0	0	0	0	0	169.07	103.18	107.25	223.52	29.59	187.44	58.85	70.18	0	949.08
44.0869	0	0	0	0	0	0	0	0	157.63	98.89	98.56	231.11	29.59	192.17	58.85	73.15	0	939.95
44.0969	0	0	0	0	0	0	0	0	146.3	92.51	89.87	240.79	29.59	194.59	58.85	73.15	0	925.65
44.1069	0	0	0	0	0	0	0	0	137.17	88.33	83.38	248.05	29.59	199.32	58.85	73.15	0	917.84
44.1169	0	0	0	0	0	0	0	0	125.84	81.95	78.98	255.31	29.59	203.94	61.27	73.15	0	910.03
44.1269	0	0	0	0	0	0	0	0	119.02	77.66	72.49	262.57	29.59	208.67	61.27	73.15	0	904.42
44.1369	0	0	0	0	0	0	0	0	112.09	73.48	68.09	267.41	29.59	211.09	61.27	73.15	0	896.17
44.1469	0	0	0	0	0	0	0	0	104.94	69.19	63.8	274.67	29.59	215.82	61.27	76.01	0	895.29
44.1569	0	0	0	0	0	0	0	0	100.1	67.1	59.4	282.15	29.59	220.55	61.27	76.01	0	896.17
44.1669	0	0	0	0	0	0	0	0	95.37	64.9	55.11	292.49	29.59	222.97	61.27	76.01	0	897.71
44.1769	0	0	0	0	0	0	0	0	90.53	60.72	53.13	300.19	29.59	227.81	63.69	76.01	0	901.67
44.1869	0	0	0	0	0	0	0	0	85.8	58.63	49.39	307.89	29.59	232.76	63.69	78.98	0	906.73
44.1969	0	0	0	0	0	0	0	0	81.07	56.43	45.54	313.06	29.59	237.6	63.69	78.98	0	905.96
44.2069	0	0	0	0	0	0	0	0	76.23	52.25	43.67	320.76	29.59	242.55	66.11	81.84	0	913
44.2169	0	0	0	0	0	0	0	0	71.5	50.16	39.82	325.82	29.59	247.39	66.11	81.84	0	912.23
44.2269	0	0	0	0	0	0	0	0	66.66	45.98	37.95	330.99	29.59	252.34	68.42	84.81	0	916.74
44.2369	0	0	0	0	0	0	0	0	61.93	43.89	34.1	336.05	31.79	257.18	68.42	84.81	0	918.17
44.2469	0	0	0	0	0	0	0	0	57.2	41.8	30.36	338.58	31.79	262.13	70.84	87.67	0	920.37
44.2569	0	0	0	0	0	0	0	0	52.58	37.62	28.49	341	31.79	266.97	73.26	90.53	0	922.24
44.2669	0	0	0	0	0	0	0	0	45.76	35.53	24.64	341	31.79	271.92	75.68	90.53	0	916.85
44.2769	0	0	0	0	0	0	0	0	38.83	33.44	20.9	341	31.79	276.76	78.1	93.5	0	914.32
44.2869	0	0	0	0	0	0	0	0	32.01	29.26	17.05	338.58	31.79	281.71	82.83	96.36	0	909.59
44.2969	0	0	0	0	0	0	0	0	29.7	25.08	15.18	333.63	31.79	284.13	85.25	99.33	0	904.09
44.3069	0	0	0	0	0	0	0	0	25.08	22.99	13.2	328.46	31.79	289.08	89.98	102.19	0	902.77
44.3169	0	0	0	0	0	0	0	0	22.88	20.9	11.33	323.29	29.59	291.5	92.4	105.16	0	897.05
44.3269	0	0	0	0	0	0	0	0	20.57	18.81	9.46	313.06	29.59	296.34	97.24	108.02	0	893.09
44.3369	0	0	0	0	0	0	0	0	18.26	16.72	9.46	305.36	29.59	298.87	99.66	110.99	0	888.91
44.3469	0	0	0	0	0	0	0	0	15.95	14.63	7.59	297.55	27.5	301.29	101.97	116.05	0	882.53
44.3569	0	0	0	0	0	0	0	0	13.64	12.54	5.61	287.32	27.5	303.71	104.39	118.58	0	873.29
44.3669	0	0	0	0	0	0	0	0	13.64	10.45	3.74	277.09	25.41	303.71	109.23	123.64	0	866.91
44.3769	0	0	0	0	0	0	0	0	13.64	10.45	3.74	264.99	23.21	306.24	109.23	126.17	0	857.67
44.3869	4.07	0	0	0	0	0	0	0	13.64	8.36	3.74	252.89	21.12	306.24	111.65	131.23	4.07	848.87
44.3969	12.32	0	0	0	0	0	0	0	11.44	8.36	0	240.79	16.94	306.24	113.96	133.76	12.32	831.49
44.4069	35.09	3.74	0	0	0	0	0	0	11.44	8.36	0	226.27	14.74	306.24	113.96	138.82	38.83	819.83
44.4169	134.2	18.81	11.77	0	0	0	0	0	11.44	8.36	0	210.32	12.65	306.24	113.96	141.35	164.78	804.32
44.4269	267.19	41.36	35.42	6.27	0	0	0	0	9.13	6.27	0	191.73	10.56	301.29	113.96	143.88	350.24	776.82
44.4369	259.16	52.69	45.21	8.36	0	0	0	0	9.13	6.27	0	170.61	8.47	298.87	113.96	148.94	365.42	756.25
44.4469	242.99	62.48	55.11	12.54	0	0	0	0	6.82	6.27	0	145.42	8.47	293.92	116.27	151.47	373.12	728.64
44.4569	234.85	72.38	61.71	22.99	0	0	0	0	6.82	6.27	0	120.45	6.27	284.13	116.27	159.06	391.93	699.27
44.4669	232.87	86.35	68.42	31.35	0	6.27	0	0	4.51	4.18	0	95.48	6.27	271.92	118.58	164.12	425.26	665.06
44.4769	234.85	96.25	77.33	39.71	4.29	12.65	0	0	4.51	4.18	0	72.93	8.47	254.76	118.58	169.18	465.08	632.61
44.4869	236.94	106.15	86.24	48.07	6.49	16.94	6.71	0	0	4.18	0	55.44	6.27	232.76	118.58	174.24	507.54	591.47
44.4969	249.04	116.82	97.46	52.25	10.78	21.12	11.22	0	0	0	0	42.79	6.27	201.63	113.96	176.77	558.69	541.42
44.5069	269.17	127.82	110.77	56.54	15.18	27.5	15.73	0	0	0	0	35.2	6.27	158.4	104.39	174.24	622.71	478.5
44.5169	289.08	138.82	124.08	60.72	19.47	31.79	22.55	0	0	0	0	30.14	6.27	108.24	89.98	171.71	686.51	406.34
44.5269	306.57	145.42	139.48	62.81	21.67	35.97	31.57	4.51	0	0	0	25.19	6.27	69.85	73.26	161.59	748	336.16
44.5369	322.19	152.02	150.48	62.81	23.87	42.35	38.28	6.71	0	0	0	20.13	6.27	42.79	63.69	141.35	798.71	274.23
44.5469	335.83	156.42	163.68	65.01	25.96	48.73	47.3	9.02	0	0	0	12.54	4.18	27.72	52.47	108.02	851.95	204.93
44.5569	345.62	163.02	172.81	67.1	28.16	55.11	56.32	9.02	0	0	0	7.48	4.18	20.13	44.33	58.63	897.16	134.75
44.5669	351.56	169.51	182.27	71.28	30.36	62.15	60.94	11.22	0	0	0	4.95	0	12.54	32.23	30.69	939.29	80.41
44.5769	355.41	173.69	187	75.57	30.36	69.19	68.09	11.22	0	0	0	4.95	0	10.01	20.13	22.33	970.53	57.42
44.5869	355.41	177.87	189.42	81.95	30.36	76.23	72.82	13.53	0	0	0	4.95	0	7.48	10.01	8.36	997.59	30.8
44.5969	351.56	179.85	191.73	86.13	32.56	83.27	79.86	15.73	0	0	0	4.95	0	7.48	3.96	5.5	1020.69	21.89
44.6069	345.62	181.94	191.73	92.51	32.56	90.31	84.59	18.04	0	0	0	4.95	0	4.95	0	0	1037.3	9.9
44.6169	339.68	181.94	189.42	94.6	32.56	97.35	89.32	18.04	0	0	0	4.95	0	4.95	0	0	1042.91	9.9
44.6269	331.87	177.87	189.42	96.8	34.65	102.08	96.47	20.24	0	0	0	0	0	0	0	0	1049.4	0
44.6369	322.19	171.6	187	98.89	34.65	106.7	101.2	22.55	0	0	0	0	0	0	0	0	1044.78	0
44.6469	314.38	167.53	184.69	98.89	34.65	109.12	108.24	24.75	0	0	0	0	0	0	0	0	1042.25	0
44.6569	302.72	158.62	179.96	96.8	34.65	113.85	115.28	27.06	0	0	0	0	0	0	0	0	1028.94	0
44.6669	293.04	152.02	175.23	96.8	36.85	116.16	122.1	29.26	0	0	0	0	0	0	0	0	1021.46	0
44.6769	281.38	143.22	170.5	94.6	36.85	118.58	128.92	33.77	0	0	0	0	0	0	0	0	1007.82	0
44.6869	269.17	134.42	165.88	94.6	36.85	121	133.43	36.08	0	0	0	0	0	0	0	0	991.43	0
44.6969	255.09	125.62	159.28	92.51	39.05	123.42	137.94	38.28	0	0	0	0	0	0	0	0	971.19	0
44.7069	242.99	119.02	154.88	92.51	39.05	125.73	144.76	40.59	0	0	0	0	0	0	0	0	959.53	0
44.7169	232.87	112.42	148.28	92.51	39.05	128.15	149.38	42.79	0	0	0	0	0	0	0	0	945.45	0
44.7269	220.77	106.15	141.68	90.42	39.05	130.57	153.89	45.1	0	0	0	0	0	0	0	0	927.63	0
44.7369	210.65	102.19	137.28	90.42	41.25	132.99	160.71	47.3	0	0	0	0	0	0	0	0	922.79	0
44.7469	202.51	96.25	132.88	92.51	41.25	135.41	165.22	51.81	0	0	0	0	0	0	0	0	917.84	0
44.7569	192.39	92.29	126.28	92.51	43.34	137.72	169.84	54.12	0	0	0	0	0	0	0	0	908.49	0
44.7669	182.27	88.33	119.68	94.6	43.34	142.56	174.46	56.32	0	0	0	0	0	0	0	0	901.56	0
44.7769	174.13	84.37	115.28	94.6	45.54	144.98	179.08	60.72	0	0	0	0	0	0	0	0	898.7	0
44.7869	166.1	78.32	110.77	96.8	45.54	149.71	186.12	62.92	0	0	0	0	0	0	0	0	896.28	0
44.7969	156.09	74.36	104.06	98.89	47.74	154.55	188.43	65.12	0	0	0	0	0	0	0	0	889.24	0
44.8069	148.17	70.4	99.66	98.89	47.74	156.97	195.47	69.41	0	0	0	0	0	0	0	0	886.71	0
44.8169	140.25	66.44	92.95	103.07	49.94	161.7	200.09	71.61	0	0	0	0	0	0	0	0	886.05	0
44.8269	132.22	62.48	88.55	105.27	52.03	166.54	202.4	73.81	0	0	0	0	0	0	0	0	883.3	0
44.8369	126.28	58.52	84.04	107.36	52.03	171.16	209.44	78.21	0	0	0	0	0	0	0	0	887.04	0
44.8469	116.38	54.56	77.33	109.45	52.03	175.78	214.06	80.3	0	0	0	0	0	0	0	0	879.89	0
44.8569	105.82	50.82	70.62	113.63	54.23	180.4	218.68	82.5	0	0	0	0	0	0	0	0	876.7	0
44.8669	94.93	47.08	61.71	117.81	56.43	182.71	223.41	84.7	0	0	0	0	0	0	0	0	868.78	0
44.8769	84.04	41.36	55.11	119.9	58.63	184.91	230.23	86.9	0	0	0	0	0	0	0	0	861.08	0
44.8869	73.15	37.62	49.17	121.99	58.63	187.22	237.16	91.19	0	0	0	0	0	0	0	0	856.13	0
44.8969	62.26	32.01	41.25	121.99	58.63	189.53	243.98	93.39	0	0	0	0	0	0	0	0	843.04	0
44.9069	51.7	28.16	35.42	123.97	60.72	191.84	253.22	95.59	6.82	0	0	0	0	0	0	0	840.62	6.82
44.9169	43.45	24.42	27.5	123.97	60.72	191.84	260.15	99.99	11.44	0	0	0	0	0	0	0	832.04	11.44
44.9269	35.09	20.68	23.54	121.99	58.63	191.84	269.28	102.08	18.26	0	0	0	0	0	0	0	823.13	18.26
44.9369	31.02	16.94	19.58	117.81	56.43	191.84	278.52	106.48	22.88	0	0	0	0	0	0	0	818.62	22.88
44.9469	26.84	15.07	15.73	113.63	54.23	191.84	287.54	108.68	34.32	0	0	0	0	0	0	0	813.56	34.32
44.9569	22.77	11.22	13.75	107.36	52.03	189.53	294.36	113.08	52.58	0	0	0	0	0	0	0	804.1	52.58
44.9669	18.59	9.35	9.79	100.98	47.74	187.22	301.18	115.28	92.95	8.36	15.18	0	0	0	0	0	790.13	116.49
44.9769	14.41	7.48	5.83	92.51	41.25	187.22	305.69	117.59	146.3	22.99	34.1	10.01	0	0	0	0	771.98	213.4
44.9869	14.41	5.61	5.83	81.95	34.65	182.71	308	119.9	187.77	37.62	51.26	27.72	0	0	0	0	753.06	304.37
44.9969	10.34	5.61	3.85	69.19	28.16	178.09	310.2	122.21	199.43	48.07	65.89	35.2	4.18	7.48	0	0	727.65	360.25
45.0068	10.34	5.61	3.85	56.54	21.67	173.47	310.2	122.21	197.12	52.25	76.78	40.26	6.27	12.54	6.05	0	703.89	391.27
45.0168	8.25	5.61	0	43.89	17.27	161.7	308	122.21	197.12	56.43	85.47	45.32	10.56	20.13	14.08	0	666.93	429.11
45.0268	6.16	3.74	0	31.35	12.98	147.29	308	124.52	206.47	60.72	98.56	47.85	12.65	30.14	22.11	0	634.04	478.5
45.0368	4.07	3.74	0	20.9	10.78	130.57	305.69	124.52	213.51	64.9	113.85	50.38	14.74	40.26	30.25	5.5	600.27	533.39
45.0468	0	0	0	16.72	8.58	102.08	296.67	122.21	227.48	69.19	129.91	52.91	14.74	50.38	38.28	11.11	546.26	594
45.0568	0	0	0	12.54	6.49	73.81	269.28	119.9	239.03	71.28	145.97	52.91	16.94	57.97	44.33	13.86	482.02	642.29
45.0668	0	0	0	8.36	8.58	50.82	218.68	113.08	250.58	73.48	159.83	52.91	19.03	65.12	50.38	19.47	399.52	690.8
45.0768	0	0	0	6.27	8.58	35.97	149.38	102.08	259.82	77.66	171.38	55.44	19.03	72.27	54.45	22.33	302.28	732.38
45.0868	0	0	0	4.18	10.78	27.5	87.01	93.39	266.75	79.86	180.73	57.97	21.12	79.53	61.27	30.69	222.86	777.92
45.0968	0	0	0	0	10.78	16.94	56.32	73.81	273.68	86.13	187.77	65.45	21.12	86.68	63.69	36.19	157.85	820.71
45.1068	0	0	0	0	8.58	12.65	40.59	54.12	278.3	92.51	192.39	72.93	23.21	96.25	66.11	41.8	115.94	863.5
45.1168	0	0	0	0	6.49	8.47	29.26	27.06	280.72	98.89	194.81	80.41	23.21	105.82	68.42	47.41	71.28	899.69
45.1268	0	0	0	0	0	4.18	20.24	4.51	278.3	105.27	194.81	92.95	25.41	118.03	68.42	53.02	28.93	936.21
45.1368	0	0	0	0	0	4.18	13.53	0	278.3	113.85	192.39	105.49	25.41	130.68	68.42	55.77	17.71	970.31
45.1468	0	0	0	0	0	4.18	9.02	0	273.68	118.14	187.77	120.45	25.41	140.8	68.42	61.49	13.2	996.16
45.1568	0	0	0	0	0	0	6.71	0	266.75	124.63	180.73	135.41	27.5	153.34	66.11	64.35	6.71	1018.82
45.1668	0	0	0	0	0	0	0	0	255.2	126.83	173.69	147.84	27.5	160.93	63.69	67.32	0	1023
45.1768	0	0	0	0	0	0	0	0	245.96	129.03	166.76	162.8	27.5	168.52	61.27	67.32	0	1029.16
45.1868	0	0	0	0	0	0	0	0	236.72	129.03	157.52	175.89	27.5	175.67	61.27	70.18	0	1033.78
45.1968	0	0	0	0	0	0	0	0	222.86	129.03	148.28	189.09	27.5	182.82	61.27	73.15	0	1034
45.2068	0	0	0	0	0	0	0	0	211.09	124.63	139.15	199.76	27.5	187.44	58.85	73.15	0	1021.57
45.2168	0	0	0	0	0	0	0	0	194.81	120.34	127.6	210.32	29.59	192.17	58.85	73.15	0	1006.83
45.2268	0	0	0	0	0	0	0	0	183.04	115.94	118.36	220.88	29.59	196.9	56.54	73.15	0	994.4
45.2368	0	0	0	0	0	0	0	0	169.07	109.56	109.45	231.11	29.59	201.63	56.54	73.15	0	980.1
45.2468	0	0	0	0	0	0	0	0	157.63	103.18	100.76	240.79	29.59	203.94	54.45	76.01	0	966.35
45.2568	0	0	0	0	0	0	0	0	143.99	98.89	92.07	250.47	29.59	206.36	54.45	76.01	0	951.83
45.2668	0	0	0	0	0	0	0	0	134.86	92.51	85.47	260.15	27.5	211.09	54.45	73.15	0	939.18
45.2768	0	0	0	0	0	0	0	0	125.84	88.33	76.78	267.41	29.59	213.4	52.47	73.15	0	926.97
45.2868	0	0	0	0	0	0	0	0	116.71	81.95	72.49	274.67	29.59	215.82	52.47	73.15	0	916.85
45.2968	0	0	0	0	0	0	0	0	109.67	77.66	65.89	282.15	29.59	218.13	52.47	76.01	0	911.57
45.3068	0	0	0	0	0	0	0	0	102.52	73.48	61.6	289.85	29.59	222.97	52.47	73.15	0	905.63
45.3168	0	0	0	0	0	0	0	0	95.37	69.19	57.2	295.02	27.5	225.39	54.45	73.15	0	897.27
45.3268	0	0	0	0	0	0	0	0	90.53	64.9	55.11	300.19	29.59	230.34	54.45	73.15	0	898.26
45.3368	0	0	0	0	0	0	0	0	85.8	62.81	51.26	305.36	29.59	232.76	56.54	76.01	0	900.13
45.3468	0	0	0	0	0	0	0	0	83.38	60.72	49.39	310.42	29.59	237.6	56.54	76.01	0	903.65
45.3568	0	0	0	0	0	0	0	0	78.65	58.63	47.41	313.06	29.59	240.13	58.85	76.01	0	902.33
45.3668	0	0	0	0	0	0	0	0	73.81	54.34	45.54	318.12	31.79	244.97	61.27	78.98	0	908.82
45.3768	0	0	0	0	0	0	0	0	71.5	54.34	43.67	320.76	31.79	249.92	63.69	78.98	0	914.65
45.3868	0	0	0	0	0	0	0	0	69.08	52.25	41.8	325.82	31.79	254.76	66.11	78.98	0	920.59
45.3968	0	0	0	0	0	0	0	0	64.35	50.16	39.82	330.99	31.79	259.71	66.11	81.84	0	924.77
45.4068	0	0	0	0	0	0	0	0	61.93	48.07	37.95	336.05	31.79	262.13	68.42	81.84	0	928.18
45.4168	0	0	0	0	0	0	0	0	59.51	45.98	36.08	341	31.79	266.97	70.84	84.81	0	936.98
45.4268	0	0	0	0	0	0	0	0	54.89	43.89	34.1	343.53	33.88	271.92	70.84	84.81	0	937.86
45.4368	0	0	0	0	0	0	0	0	52.58	41.8	32.23	346.06	31.79	276.76	73.26	87.67	0	942.15
45.4468	0	0	0	0	0	0	0	0	50.27	39.71	28.49	348.48	33.88	281.71	75.68	90.53	0	948.75
45.4568	0	0	0	0	0	0	0	0	45.76	37.62	26.51	348.48	33.88	286.55	78.1	90.53	0	947.43
45.4668	0	0	0	0	0	0	0	0	41.14	35.53	24.64	348.48	33.88	289.08	80.41	96.36	0	949.52
45.4768	0	0	0	0	0	0	0	0	36.52	31.35	20.9	346.06	33.88	293.92	82.83	99.33	0	944.79
45.4868	0	0	0	0	0	0	0	0	32.01	29.26	17.05	343.53	33.88	296.34	87.67	102.19	0	941.93
45.4968	0	0	0	0	0	0	0	0	27.39	25.08	15.18	338.58	33.88	301.29	89.98	105.16	0	936.54
45.5068	0	0	0	0	0	0	0	0	22.88	22.99	13.2	328.46	33.88	303.71	94.82	108.02	0	927.96
45.5168	0	0	0	0	0	0	0	0	22.88	20.9	11.33	320.76	31.79	306.24	97.24	110.99	0	922.13
45.5268	0	0	0	0	0	0	0	0	20.57	16.72	9.46	310.42	31.79	308.66	99.66	116.05	0	913.33
45.5368	0	0	0	0	0	0	0	0	15.95	14.63	7.59	300.19	29.59	311.08	101.97	121.11	0	902.11
45.5468	0	0	0	0	0	0	0	0	13.64	10.45	5.61	287.32	27.5	311.08	104.39	123.64	0	883.63
45.5568	4.07	0	0	0	0	0	0	0	13.64	10.45	3.74	274.67	25.41	311.08	106.81	126.17	4.07	871.97
45.5668	8.25	0	0	0	0	0	0	0	13.64	10.45	3.74	260.15	23.21	311.08	106.81	128.7	8.25	857.78
45.5768	20.68	3.74	0	0	0	0	0	0	11.44	8.36	0	245.63	19.03	311.08	109.23	133.76	24.42	838.53
45.5868	68.75	16.94	7.81	4.18	0	0	0	0	11.44	8.36	0	228.69	16.94	311.08	109.23	136.29	97.68	822.03
45.5968	172.15	39.49	23.54	8.36	0	0	0	0	11.44	6.27	0	210.32	14.74	308.66	109.23	141.35	243.54	802.01
45.6068	228.8	60.5	43.23	14.63	0	0	0	0	9.13	8.36	0	186.45	10.56	306.24	109.23	143.88	347.16	773.85
45.6168	224.84	70.4	55.11	25.08	0	4.18	0	0	9.13	6.27	0	160.27	8.47	298.87	109.23	148.94	379.61	741.18
45.6268	226.82	82.28	66.22	31.35	0	8.47	0	0	6.82	6.27	0	132.88	8.47	291.5	111.65	154	415.14	711.59
45.6368	218.68	88.33	70.62	37.62	0	12.65	0	0	6.82	4.18	0	105.49	6.27	279.29	113.96	161.59	427.9	677.6
45.6468	218.68	96.25	77.33	48.07	4.29	16.94	4.51	0	4.51	4.18	0	80.41	6.27	262.13	116.27	166.76	466.07	640.53
45.6568	224.84	106.15	84.04	56.54	8.58	21.12	9.02	0	4.51	4.18	0	60.39	6.27	240.13	120.89	171.71	510.29	608.08
45.6668	234.85	116.82	92.95	62.81	12.98	27.5	13.53	0	0	4.18	0	45.32	6.27	208.67	120.89	174.24	561.44	559.57
45.6768	249.04	130.02	104.06	69.19	15.18	33.88	18.04	0	0	0	0	35.2	6.27	171.05	116.27	174.24	619.41	503.03
45.6868	261.14	143.22	113.08	75.57	19.47	42.35	22.55	4.51	0	0	0	30.14	6.27	123.09	104.39	169.18	681.89	433.07
45.6968	273.24	154.22	121.88	81.95	19.47	50.82	29.26	6.71	0	0	0	25.19	6.27	79.53	87.67	161.59	737.55	360.25
45.7068	285.23	165.22	130.68	86.13	21.67	59.73	33.77	9.02	0	0	0	20.13	6.27	52.91	68.42	148.94	791.45	296.67
45.7168	293.04	175.78	139.48	92.51	21.67	69.19	36.08	9.02	0	0	0	15.07	6.27	32.67	58.85	123.64	836.77	236.5
45.7268	300.74	186.12	143.88	100.98	23.87	78.54	40.59	11.22	0	0	0	7.48	4.18	22.66	50.38	87.67	885.94	172.37
45.7368	304.7	194.37	150.48	107.36	23.87	85.58	42.79	11.22	0	0	0	4.95	4.18	15.07	40.37	44.66	920.37	109.23
45.7468	308.55	200.64	152.68	113.63	25.96	95.04	45.1	13.53	0	0	0	4.95	0	10.01	30.25	25.08	955.13	70.29
45.7568	308.55	204.71	154.88	121.99	25.96	102.08	47.3	15.73	0	0	0	4.95	0	7.48	20.13	16.72	981.2	49.28
45.7668	306.57	208.89	154.88	128.15	25.96	109.12	49.61	15.73	0	0	0	4.95	0	7.48	10.01	8.36	998.91	30.8
45.7768	304.7	210.98	152.68	134.31	25.96	116.16	51.81	18.04	0	0	0	4.95	0	4.95	3.96	5.5	1014.64	19.36
45.7868	300.74	210.98	152.68	140.58	28.16	121	54.12	20.24	0	0	0	4.95	0	4.95	0	5.5	1028.5	15.4
45.7968	296.89	210.98	150.48	146.74	28.16	125.73	56.32	20.24	0	0	0	0	0	0	0	0	1035.54	0
45.8068	293.04	208.89	150.48	148.83	28.16	130.57	58.63	22.55	0	0	0	0	0	0	0	0	1041.15	0
45.8168	287.21	206.8	148.28	153.01	28.16	132.99	58.63	22.55	0	0	0	0	0	0	0	0	1037.63	0
45.8268	279.29	202.62	143.88	157.08	30.36	137.72	60.94	22.55	0	0	0	0	0	0	0	0	1034.44	0
45.8368	271.26	200.64	139.48	163.35	30.36	140.14	60.94	24.75	0	0	0	0	0	0	0	0	1030.92	0
45.8468	263.12	194.37	135.08	167.53	30.36	142.56	60.94	24.75	0	0	0	0	0	0	0	0	1018.71	0
45.8568	253	190.19	130.68	169.62	30.36	144.98	63.36	24.75	0	0	0	0	0	0	0	0	1006.94	0
45.8668	244.97	184.03	126.28	173.8	32.56	147.29	65.67	27.06	0	0	0	0	0	0	0	0	1001.66	0
45.8768	232.87	177.87	119.68	176	32.56	149.71	68.09	27.06	0	0	0	0	0	0	0	0	983.84	0
45.8868	226.82	171.6	115.28	180.18	32.56	152.13	68.09	27.06	0	0	0	0	0	0	0	0	973.72	0
45.8968	216.7	167.53	110.77	182.38	34.65	154.55	70.4	27.06	0	0	0	0	0	0	0	0	964.04	0
45.9068	210.65	160.82	106.37	186.56	34.65	156.97	72.82	29.26	0	0	0	0	0	0	0	0	958.1	0
45.9168	202.51	154.22	104.06	188.65	34.65	161.7	75.13	29.26	0	0	0	0	0	0	0	0	950.18	0
45.9268	194.37	147.62	101.86	190.85	36.85	164.12	79.86	31.57	0	0	0	0	0	0	0	0	947.1	0
45.9368	190.3	143.22	99.66	192.94	36.85	168.96	82.28	31.57	0	0	0	0	0	0	0	0	945.78	0
45.9468	184.25	138.82	97.46	195.03	36.85	173.47	87.01	33.77	0	0	0	0	0	0	0	0	946.66	0
45.9568	178.2	132.22	95.15	197.23	39.05	178.09	89.32	36.08	0	0	0	0	0	0	0	0	945.34	0
45.9668	174.13	130.02	92.95	199.32	39.05	182.71	94.05	36.08	0	0	0	0	0	0	0	0	948.31	0
45.9768	170.06	123.42	90.75	201.41	41.25	184.91	98.78	40.59	0	0	0	0	0	0	0	0	951.17	0
45.9868	164.01	121.22	88.55	203.61	41.25	189.53	101.2	42.79	0	0	0	0	0	0	0	0	952.16	0
45.9968	160.05	116.82	86.24	207.79	41.25	194.15	105.93	45.1	0	0	0	0	0	0	0	0	957.33	0
46.0068	156.09	112.42	84.04	209.88	43.34	198.66	110.66	47.3	0	0	0	0	0	0	0	0	962.39	0
46.0168	150.15	106.15	79.53	214.17	43.34	203.28	115.28	49.61	0	0	0	0	0	0	0	0	961.51	0
46.0268	144.21	102.19	77.33	218.46	45.54	207.9	119.79	51.81	0	0	0	0	0	0	0	0	967.23	0
46.0368	136.18	98.23	72.93	220.55	45.54	212.41	122.1	54.12	0	0	0	0	0	0	0	0	962.06	0
46.0468	130.24	92.29	68.42	224.84	47.74	217.03	126.61	56.32	0	0	0	0	0	0	0	0	963.49	0
46.0568	120.34	86.35	64.02	228.58	47.74	219.34	131.23	58.63	0	0	0	0	0	0	0	0	956.23	0
46.0668	110.22	78.32	57.31	234.3	49.94	223.96	133.43	60.72	0	0	0	0	0	0	0	0	948.2	0
46.0768	97.13	70.4	51.15	240.02	49.94	223.96	137.94	62.92	0	0	0	0	0	0	0	0	933.46	0
46.0868	86.24	62.48	47.19	242	52.03	226.27	142.56	65.12	0	0	0	0	0	0	0	0	923.89	0
46.0968	75.35	54.56	41.25	243.87	52.03	228.47	149.38	67.32	0	0	0	0	0	0	0	0	912.23	0
46.1068	64.46	47.08	33.44	245.85	52.03	230.78	153.89	71.61	0	0	0	0	0	0	0	0	899.14	0
46.1168	51.7	39.49	27.5	245.85	52.03	230.78	158.4	73.81	0	0	0	0	0	0	0	0	879.56	0
46.1268	43.45	33.88	23.54	242	52.03	233.09	165.22	78.21	0	0	0	0	0	0	0	0	871.42	0
46.1368	39.27	28.16	19.58	240.02	49.94	233.09	169.84	80.3	0	0	0	0	0	0	0	0	860.2	0
46.1468	35.09	26.29	17.71	234.3	47.74	233.09	176.77	82.5	6.82	0	0	0	0	0	0	0	853.49	6.82
46.1568	31.02	20.68	13.75	228.58	45.54	233.09	181.5	84.7	11.44	0	0	0	0	0	0	0	838.86	11.44
46.1668	24.75	16.94	11.77	218.46	43.34	230.78	186.12	84.7	20.57	0	0	0	0	0	0	0	816.86	20.57
46.1768	20.68	13.09	7.81	207.79	41.25	230.78	193.05	86.9	32.01	0	0	0	0	0	0	0	801.35	32.01
46.1868	16.5	9.35	5.83	195.03	36.85	228.47	195.47	86.9	59.51	0	3.74	0	0	0	0	0	774.4	63.25
46.1968	14.41	9.35	3.85	180.18	32.56	226.27	200.09	89.1	114.51	4.18	13.2	0	0	0	0	0	755.81	131.89
46.2068	12.32	7.48	3.85	165.44	28.16	223.96	204.71	89.1	155.32	12.54	24.64	10.01	0	0	0	0	735.02	202.51
46.2168	10.34	7.48	0	146.74	23.87	219.34	207.02	91.19	164.45	20.9	37.95	15.07	0	0	0	0	705.98	238.37
46.2268	8.25	7.48	0	126.06	21.67	214.72	209.44	91.19	180.73	33.44	51.26	30.14	4.18	7.48	3.96	0	678.81	311.19
46.2368	6.16	5.61	0	107.36	17.27	205.59	211.75	93.39	197.12	45.98	68.09	37.73	6.27	12.54	8.03	0	647.13	375.76
46.2468	6.16	5.61	0	86.13	15.18	196.46	211.75	95.59	208.78	50.16	78.98	40.26	10.56	17.6	14.08	0	616.88	420.42
46.2568	4.07	5.61	0	65.01	12.98	182.71	209.44	97.79	215.82	54.34	85.47	42.79	12.65	22.66	20.13	0	577.61	453.86
46.2668	0	3.74	0	48.07	12.98	166.54	204.71	99.99	225.17	58.63	96.36	47.85	14.74	27.72	28.27	5.5	536.03	504.24
46.2768	0	3.74	0	37.62	12.98	142.56	190.74	99.99	239.03	64.9	109.45	50.38	14.74	35.2	34.32	8.36	487.63	556.38
46.2868	0	3.74	0	31.35	12.98	116.16	165.22	99.99	252.89	69.19	122.98	52.91	16.94	42.79	40.37	8.36	429.44	606.43
46.2968	0	0	0	25.08	12.98	80.85	126.61	97.79	269.06	75.57	136.84	55.44	16.94	50.38	44.33	11.11	343.31	659.67
46.3068	0	0	0	20.9	12.98	55.11	87.01	91.19	287.87	79.86	148.28	57.97	19.03	55.44	46.42	13.86	267.19	708.73
46.3168	0	0	0	16.72	12.98	33.88	56.32	78.21	304.7	86.13	159.83	60.39	19.03	60.28	50.38	16.72	198.11	757.46
46.3268	0	0	0	12.54	10.78	23.21	42.79	58.63	319.11	92.51	171.38	65.45	19.03	67.54	52.47	16.72	147.95	804.21
46.3368	0	0	0	8.36	10.78	16.94	36.08	45.1	331.21	98.89	178.42	70.4	19.03	74.69	54.45	19.47	117.26	846.56
46.3468	0	0	0	6.27	6.49	12.65	27.06	22.55	338.14	103.18	185.46	75.46	21.12	81.84	54.45	22.33	75.02	881.98
46.3568	0	0	0	6.27	4.29	8.47	20.24	0	345.07	109.56	190.08	82.94	21.12	86.68	54.45	25.08	39.27	914.98
46.3668	0	0	0	4.18	0	8.47	13.53	0	349.58	115.94	192.39	90.53	21.12	91.41	54.45	25.08	26.18	940.5
46.3768	0	0	0	4.18	0	6.27	9.02	0	349.58	120.34	194.81	98.01	21.12	98.67	54.45	27.83	19.47	964.81
46.3868	0	0	0	0	0	4.18	6.71	0	347.38	124.63	192.39	102.96	21.12	103.4	54.45	30.69	10.89	977.02
46.3968	0	0	0	0	0	4.18	4.51	0	345.07	126.83	192.39	110.55	21.12	108.24	52.47	33.44	8.69	990.11
46.4068	0	0	0	0	0	4.18	0	0	340.45	129.03	190.08	115.5	23.21	113.08	52.47	33.44	4.18	997.26
46.4168	0	0	0	0	0	4.18	0	0	333.63	131.23	187.77	122.98	23.21	115.5	52.47	36.19	4.18	1002.98
46.4268	0	0	0	0	0	4.18	0	0	326.37	131.23	183.04	127.93	21.12	120.56	52.47	36.19	4.18	998.91
46.4367	0	0	0	0	0	0	0	0	319.11	133.32	180.73	130.46	23.21	123.09	52.47	39.05	0	1001.44
46.4467	0	0	0	0	0	0	0	0	311.96	133.32	176.11	135.41	23.21	125.62	52.47	39.05	0	997.15
46.4567	0	0	0	0	0	0	0	0	302.28	133.32	171.38	140.36	23.21	130.68	52.47	41.8	0	995.5
46.4667	0	0	0	0	0	0	0	0	295.13	133.32	166.76	142.89	23.21	130.68	50.38	41.8	0	984.17
46.4767	0	0	0	0	0	0	0	0	287.87	133.32	162.14	147.84	23.21	133.21	50.38	41.8	0	979.77
46.4867	0	0	0	0	0	0	0	0	283.03	131.23	159.83	152.79	23.21	135.74	50.38	41.8	0	978.01
46.4967	0	0	0	0	0	0	0	0	275.99	131.23	155.21	155.32	23.21	135.74	50.38	41.8	0	968.88
46.5067	0	0	0	0	0	0	0	0	271.37	131.23	150.59	160.27	25.41	138.27	48.4	41.8	0	967.34
46.5167	0	0	0	0	0	0	0	0	264.44	131.23	148.28	162.8	25.41	138.27	48.4	41.8	0	960.63
46.5267	0	0	0	0	0	0	0	0	259.82	129.03	145.97	167.97	23.21	140.8	48.4	41.8	0	957
46.5367	0	0	0	0	0	0	0	0	255.2	129.03	143.66	170.61	25.41	140.8	48.4	41.8	0	954.91
46.5467	0	0	0	0	0	0	0	0	250.58	129.03	139.15	173.25	25.41	143.22	48.4	41.8	0	950.84
46.5567	0	0	0	0	0	0	0	0	245.96	129.03	139.15	178.53	25.41	145.75	48.4	41.8	0	954.03
46.5667	0	0	0	0	0	0	0	0	241.34	126.83	136.84	181.17	25.41	148.28	48.4	44.66	0	952.93
46.5767	0	0	0	0	0	0	0	0	236.72	126.83	134.53	186.45	27.5	150.81	48.4	44.66	0	955.9
46.5867	0	0	0	0	0	0	0	0	232.1	124.63	132.22	191.73	25.41	155.87	50.38	44.66	0	957
46.5967	0	0	0	0	0	0	0	0	225.17	122.54	129.91	197.12	27.5	158.4	50.38	47.41	0	958.43
46.6067	0	0	0	0	0	0	0	0	220.55	122.54	127.6	202.4	27.5	163.46	52.47	47.41	0	963.93
46.6167	0	0	0	0	0	0	0	0	213.51	118.14	122.98	207.68	27.5	171.05	54.45	50.16	0	965.47
46.6267	0	0	0	0	0	0	0	0	204.16	115.94	120.67	212.96	27.5	175.67	54.45	50.16	0	961.51
46.6367	0	0	0	0	0	0	0	0	194.81	111.65	116.05	220.88	29.59	182.82	56.54	53.02	0	965.36
46.6467	0	0	0	0	0	0	0	0	185.46	107.47	111.65	228.69	29.59	189.86	58.85	55.77	0	967.34
46.6567	0	0	0	0	0	0	0	0	176.11	103.18	107.25	233.53	31.79	196.9	63.69	58.63	0	971.08
46.6667	0	0	0	0	0	0	0	0	164.45	98.89	100.76	240.79	31.79	206.36	66.11	61.49	0	970.64
46.6767	0	0	0	0	0	0	0	0	155.32	92.51	96.36	245.63	31.79	218.13	70.84	67.32	0	977.9
46.6867	0	0	0	0	0	0	0	0	141.68	84.04	89.87	250.47	33.88	227.81	78.1	70.18	0	976.03
46.6967	0	0	0	0	0	0	0	0	132.66	77.66	83.38	252.89	33.88	237.6	85.25	76.01	0	979.33
46.7067	0	0	0	0	0	0	0	0	123.53	69.19	76.78	252.89	35.97	247.39	92.4	81.84	0	979.99
46.7167	0	0	0	0	0	0	0	0	112.09	62.81	70.29	255.31	35.97	257.18	99.66	87.67	0	980.98
46.7267	0	0	0	0	0	0	0	0	100.1	56.43	63.8	255.31	38.06	264.55	106.81	93.5	0	978.56
46.7367	0	0	0	0	0	0	0	0	90.53	50.16	55.11	255.31	38.06	271.92	113.96	99.33	0	974.38
46.7467	0	0	0	0	0	0	0	0	78.65	43.89	49.39	255.31	40.26	276.76	123.2	105.16	0	972.62
46.7567	4.07	0	0	0	0	0	0	0	66.66	37.62	41.8	252.89	40.26	284.13	130.24	110.99	4.07	964.59
46.7667	10.34	0	0	0	0	0	0	0	54.89	31.35	34.1	250.47	40.26	289.08	139.59	116.05	10.34	955.79
46.7767	16.5	0	0	0	0	0	0	0	43.45	27.17	26.51	243.21	40.26	293.92	146.52	121.11	16.5	942.15
46.7867	28.93	5.61	0	0	0	0	0	0	32.01	22.99	18.92	238.37	40.26	296.34	153.56	126.17	34.54	928.62
46.7967	75.35	16.94	9.79	0	0	0	0	0	27.39	18.81	15.18	228.69	38.06	296.34	160.49	133.76	102.08	918.72
46.8067	152.13	35.75	25.52	4.18	0	0	0	0	22.88	14.63	11.33	218.24	35.97	298.87	165.11	138.82	217.58	905.85
46.8167	192.39	50.82	37.29	10.45	0	0	0	0	20.57	12.54	7.59	205.04	31.79	296.34	169.95	141.35	290.95	885.17
46.8267	176.22	50.82	39.27	18.81	0	0	0	0	15.95	8.36	5.61	183.81	27.5	293.92	172.37	146.41	285.12	853.93
46.8367	156.09	50.82	37.29	20.9	0	4.18	0	0	15.95	8.36	3.74	162.8	21.12	289.08	174.79	148.94	269.28	824.78
46.8467	146.19	52.69	39.27	22.99	0	8.47	4.51	0	15.95	8.36	3.74	140.36	16.94	281.71	177.21	151.47	274.12	795.74
46.8567	144.21	56.54	41.25	31.35	6.49	10.56	6.71	0	13.64	6.27	0	118.03	12.65	274.34	177.21	156.53	297.11	758.67
46.8667	152.13	66.44	47.19	35.53	6.49	16.94	6.71	0	11.44	6.27	0	95.48	8.47	264.55	177.21	159.06	331.43	722.48
46.8767	162.03	74.36	55.11	41.8	8.58	21.12	9.02	0	11.44	6.27	0	72.93	8.47	249.92	179.63	164.12	372.02	692.78
46.8867	180.18	86.35	64.02	45.98	10.78	23.21	11.22	0	9.13	4.18	0	52.91	6.27	232.76	179.63	169.18	421.74	654.06
46.8967	204.49	100.21	77.33	52.25	12.98	29.59	13.53	0	6.82	4.18	0	37.73	6.27	208.67	179.63	171.71	490.38	615.01
46.9067	228.8	114.62	90.75	58.63	15.18	38.06	18.04	0	6.82	4.18	0	27.72	6.27	175.67	177.21	174.24	564.08	572.11
46.9167	246.95	127.82	104.06	62.81	15.18	44.44	22.55	0	4.51	0	0	22.66	6.27	133.21	169.95	174.24	623.81	510.84
46.9267	259.16	136.62	113.08	69.19	15.18	52.91	27.06	4.51	0	0	0	17.6	4.18	93.83	148.83	169.18	677.71	433.62
46.9367	271.26	147.62	121.88	73.48	17.27	62.15	31.57	4.51	0	0	0	15.07	4.18	65.12	116.27	159.06	729.74	359.7
46.9467	283.25	158.62	130.68	79.75	17.27	69.19	36.08	6.71	0	0	0	10.01	4.18	42.79	82.83	146.41	781.55	286.22
46.9567	294.91	171.6	139.48	88.33	17.27	76.23	38.28	9.02	0	0	0	4.95	4.18	27.72	63.69	128.7	835.12	229.24
46.9667	302.72	181.94	146.08	96.8	19.47	85.58	40.59	9.02	0	0	0	0	0	17.6	50.38	90.53	882.2	158.51
46.9767	308.55	192.28	148.28	103.07	19.47	92.62	40.59	11.22	0	0	0	0	0	12.54	38.28	41.8	916.08	92.62
46.9867	312.4	200.64	150.48	113.63	19.47	99.66	42.79	13.53	0	0	0	0	0	10.01	24.2	25.08	952.6	59.29
46.9967	312.4	206.8	150.48	121.99	19.47	106.7	42.79	13.53	0	0	0	0	0	7.48	12.1	13.86	974.16	33.44
47.0067	310.53	212.96	152.68	130.24	21.67	113.85	42.79	15.73	0	0	0	4.95	0	4.95	6.05	5.5	1000.45	21.45
47.0167	308.55	217.14	150.48	140.58	21.67	118.58	42.79	15.73	0	0	0	4.95	0	0	3.96	5.5	1015.52	14.41
47.0267	302.72	219.23	148.28	148.83	21.67	125.73	42.79	18.04	0	0	0	0	0	4.95	0	0	1027.29	4.95
47.0367	296.89	219.23	146.08	155.1	21.67	130.57	42.79	18.04	0	0	0	0	0	0	0	0	1030.37	0
47.0467	289.08	219.23	141.68	163.35	21.67	135.41	45.1	20.24	0	0	0	0	0	0	0	0	1035.76	0
47.0567	281.38	215.05	137.28	169.62	21.67	137.72	45.1	20.24	0	0	0	0	0	0	0	0	1028.06	0
47.0667	271.26	210.98	132.88	176	23.87	142.56	47.3	20.24	0	0	0	0	0	0	0	0	1025.09	0
47.0767	261.14	204.71	128.48	182.38	23.87	144.98	49.61	22.55	0	0	0	0	0	0	0	0	1017.72	0
47.0867	251.02	198.55	121.88	188.65	25.96	149.71	51.81	22.55	0	0	0	0	0	0	0	0	1010.13	0
47.0967	238.92	192.28	117.48	192.94	25.96	152.13	54.12	24.75	0	0	0	0	0	0	0	0	998.58	0
47.1067	226.82	184.03	110.77	199.32	25.96	156.97	56.32	24.75	0	0	0	0	0	0	0	0	984.94	0
47.1167	216.7	175.78	106.37	203.61	28.16	159.28	60.94	24.75	0	0	0	0	0	0	0	0	975.59	0
47.1267	206.58	167.53	99.66	207.79	30.36	164.12	63.36	24.75	0	0	0	0	0	0	0	0	964.15	0
47.1367	196.46	160.82	95.15	212.08	30.36	166.54	65.67	27.06	0	0	0	0	0	0	0	0	954.14	0
47.1467	188.32	152.02	90.75	216.26	32.56	171.16	70.4	27.06	0	0	0	0	0	0	0	0	948.53	0
47.1567	180.18	143.22	86.24	218.46	32.56	173.47	75.13	29.26	0	0	0	0	0	0	0	0	938.52	0
47.1667	172.15	136.62	81.84	222.64	34.65	178.09	77.55	31.57	0	0	0	0	0	0	0	0	935.11	0
47.1767	164.01	130.02	79.53	224.84	34.65	180.4	82.28	31.57	0	0	0	0	0	0	0	0	927.3	0
47.1867	156.09	123.42	75.13	226.71	36.85	184.91	87.01	33.77	0	0	0	0	0	0	0	0	923.89	0
47.1967	150.15	116.82	72.93	228.58	36.85	189.53	91.74	33.77	0	0	0	0	0	0	0	0	920.37	0
47.2067	144.21	110.22	70.62	230.56	39.05	191.84	94.05	36.08	0	0	0	0	0	0	0	0	916.63	0
47.2167	140.25	104.17	68.42	234.3	39.05	196.46	98.78	38.28	0	0	0	0	0	0	0	0	919.71	0
47.2267	134.2	100.21	66.22	236.28	39.05	200.97	103.51	40.59	0	0	0	0	0	0	0	0	921.03	0
47.2367	128.26	94.27	64.02	238.15	41.25	205.59	108.24	42.79	0	0	0	0	0	0	0	0	922.57	0
47.2467	118.36	90.31	59.51	243.87	43.34	207.9	110.66	45.1	0	0	0	0	0	0	0	0	919.05	0
47.2567	112.42	84.37	57.31	247.72	43.34	210.21	117.59	47.3	0	0	0	0	0	0	0	0	920.26	0
47.2667	105.82	78.32	53.13	253.44	45.54	214.72	119.79	51.81	0	0	0	0	0	0	0	0	922.57	0
47.2767	97.13	72.38	49.17	257.29	45.54	217.03	124.41	54.12	0	0	0	0	0	0	0	0	917.07	0
47.2867	88.44	66.44	45.21	261.14	47.74	219.34	128.92	56.32	0	0	0	0	0	0	0	0	913.55	0
47.2967	77.55	58.52	41.25	264.88	47.74	221.65	133.43	58.63	0	0	0	0	0	0	0	0	903.65	0
47.3067	66.66	50.82	35.42	268.73	47.74	226.27	137.94	62.92	0	0	0	0	0	0	0	0	896.5	0
47.3167	55.88	43.34	29.48	268.73	47.74	228.47	140.25	67.32	0	0	0	0	0	0	0	0	881.21	0
47.3267	45.54	37.62	23.54	268.73	47.74	230.78	147.07	69.41	0	0	0	0	0	0	0	0	870.43	0
47.3367	39.27	32.01	19.58	264.88	45.54	233.09	151.58	73.81	0	0	0	0	0	0	0	0	859.76	0
47.3467	35.09	28.16	17.71	261.14	45.54	233.09	156.09	76.01	4.51	0	0	0	0	0	0	0	852.83	4.51
47.3567	31.02	24.42	13.75	257.29	41.25	235.4	160.71	80.3	6.82	0	0	0	0	0	0	0	844.14	6.82
47.3667	24.75	20.68	11.77	247.72	39.05	235.4	165.22	82.5	9.13	0	0	0	0	0	0	0	827.09	9.13
47.3767	20.68	15.07	7.81	238.15	36.85	235.4	172.15	84.7	15.95	0	0	0	0	0	0	0	810.81	15.95
47.3867	18.59	13.09	5.83	228.58	34.65	235.4	176.77	86.9	27.39	0	0	0	0	0	0	0	799.81	27.39
47.3967	14.41	9.35	3.85	214.17	30.36	233.09	181.5	89.1	52.58	0	3.74	0	0	0	0	0	775.83	56.32
47.4067	12.32	9.35	3.85	199.32	28.16	233.09	186.12	91.19	114.51	8.36	15.18	0	0	0	0	0	763.4	138.05
47.4167	10.34	7.48	0	182.38	23.87	230.78	190.74	93.39	173.69	20.9	30.36	10.01	0	0	0	0	738.98	234.96
47.4267	10.34	7.48	0	163.35	21.67	228.47	195.47	95.59	173.69	29.26	39.82	17.6	0	0	0	0	722.37	260.37
47.4367	8.25	7.48	0	140.58	19.47	223.96	200.09	97.79	180.73	37.62	51.26	27.72	0	7.48	3.96	0	697.62	308.77
47.4467	6.16	5.61	0	119.9	17.27	217.03	204.71	99.99	194.81	45.98	68.09	35.2	6.27	10.01	8.03	0	670.67	368.39
47.4567	6.16	5.61	0	98.89	15.18	207.9	207.02	102.08	199.43	50.16	76.78	37.73	8.47	15.07	12.1	0	642.84	399.74
47.4667	4.07	5.61	0	79.75	12.98	194.15	209.44	104.28	204.16	54.34	83.38	40.26	12.65	22.66	20.13	5.5	610.28	443.08
47.4767	0	3.74	0	60.72	12.98	180.4	207.02	106.48	213.51	58.63	94.27	42.79	12.65	30.14	28.27	5.5	571.34	485.76
47.4867	0	3.74	0	45.98	10.78	161.7	202.4	106.48	225.17	64.9	105.05	47.85	14.74	40.26	34.32	8.36	531.08	540.65
47.4967	0	3.74	0	39.71	10.78	132.99	186.12	106.48	239.03	69.19	118.36	50.38	16.94	50.38	38.28	11.11	479.82	593.67
47.5067	0	0	0	31.35	12.98	99.66	153.89	106.48	250.58	73.48	129.91	52.91	16.94	57.97	44.33	13.86	404.36	639.98
47.5167	0	0	0	27.17	12.98	69.19	113.08	106.48	262.13	79.86	141.35	55.44	16.94	65.12	48.4	19.47	328.9	688.71
47.5267	0	0	0	22.99	12.98	46.53	72.82	97.79	273.68	84.04	150.59	60.39	19.03	72.27	52.47	22.33	253.11	734.8
47.5367	0	0	0	16.72	12.98	29.59	51.81	82.5	280.72	88.33	159.83	65.45	19.03	81.84	54.45	27.83	193.6	777.48
47.5467	0	0	0	12.54	10.78	21.12	40.59	62.92	287.87	94.71	166.76	70.4	19.03	89.1	56.54	33.44	147.95	817.85
47.5567	0	0	0	10.45	8.58	14.74	33.77	47.3	295.13	101.09	171.38	75.46	21.12	96.25	58.85	39.05	114.84	858.33
47.5667	0	0	0	8.36	6.49	12.65	27.06	22.55	302.28	107.47	176.11	82.94	21.12	103.4	61.27	41.8	77.11	896.39
47.5767	0	0	0	6.27	4.29	8.47	18.04	4.51	304.7	111.65	176.11	90.53	21.12	108.24	61.27	44.66	41.58	918.28
47.5867	0	0	0	6.27	0	6.27	13.53	0	304.7	115.94	178.42	98.01	23.21	115.5	61.27	47.41	26.07	944.46
47.5967	0	0	0	4.18	0	6.27	9.02	0	304.7	122.54	176.11	105.49	23.21	123.09	63.69	50.16	19.47	968.99
47.6067	0	0	0	4.18	0	6.27	6.71	0	302.28	124.63	176.11	115.5	23.21	130.68	63.69	53.02	17.16	989.12
47.6167	0	0	0	0	0	4.18	0	0	295.13	126.83	171.38	122.98	25.41	138.27	63.69	55.77	4.18	999.46
47.6267	0	0	0	0	0	4.18	0	0	287.87	129.03	169.07	132.88	25.41	143.22	61.27	58.63	4.18	1007.38
47.6367	0	0	0	0	0	4.18	0	0	278.3	131.23	164.45	140.36	25.41	148.28	61.27	58.63	4.18	1007.93
47.6467	0	0	0	0	0	0	0	0	269.06	129.03	157.52	147.84	25.41	153.34	63.69	61.49	0	1007.38
47.6567	0	0	0	0	0	0	0	0	259.82	129.03	150.59	157.85	27.5	158.4	61.27	61.49	0	1005.95
47.6667	0	0	0	0	0	0	0	0	245.96	129.03	143.66	165.33	27.5	163.46	61.27	64.35	0	1000.56
47.6767	0	0	0	0	0	0	0	0	236.72	126.83	136.84	173.25	27.5	168.52	61.27	64.35	0	995.28
47.6867	0	0	0	0	0	0	0	0	225.17	124.63	129.91	181.17	27.5	173.36	61.27	64.35	0	987.36
47.6967	0	0	0	0	0	0	0	0	215.82	122.54	122.98	191.73	27.5	178.09	61.27	64.35	0	984.28
47.7067	0	0	0	0	0	0	0	0	204.16	118.14	116.05	199.76	29.59	180.4	61.27	67.32	0	976.69
47.7167	0	0	0	0	0	0	0	0	192.39	113.85	111.65	207.68	29.59	185.13	63.69	67.32	0	971.3
47.7267	0	0	0	0	0	0	0	0	183.04	109.56	107.25	212.96	29.59	189.86	63.69	67.32	0	963.27
47.7367	0	0	0	0	0	0	0	0	176.11	105.27	100.76	218.24	29.59	192.17	66.11	70.18	0	958.43
47.7467	0	0	0	0	0	0	0	0	166.76	103.18	98.56	223.52	29.59	196.9	68.42	70.18	0	957.11
47.7567	0	0	0	0	0	0	0	0	162.14	98.89	94.27	228.69	31.79	199.32	70.84	70.18	0	956.12
47.7667	0	0	0	0	0	0	0	0	153.12	94.71	92.07	231.11	31.79	203.94	70.84	70.18	0	947.76
47.7767	0	0	0	0	0	0	0	0	148.5	92.51	89.87	235.95	31.79	208.67	73.26	73.15	0	953.7
47.7867	0	0	0	0	0	0	0	0	141.68	88.33	85.47	240.79	31.79	213.4	75.68	73.15	0	950.29
47.7967	0	0	0	0	0	0	0	0	134.86	84.04	81.18	245.63	31.79	218.13	78.1	76.01	0	949.74
47.8067	0	0	0	0	0	0	0	0	130.35	79.86	78.98	248.05	33.88	222.97	78.1	78.98	0	951.17
47.8167	0	0	0	0	0	0	0	0	123.53	75.57	74.69	250.47	33.88	227.81	80.41	78.98	0	945.34
47.8267	0	0	0	0	0	0	0	0	119.02	73.48	72.49	255.31	33.88	235.18	82.83	81.84	0	954.03
47.8367	0	0	0	0	0	0	0	0	109.67	69.19	68.09	260.15	33.88	240.13	85.25	84.81	0	951.17
47.8467	0	0	0	0	0	0	0	0	104.94	64.9	61.6	264.99	35.97	244.97	87.67	84.81	0	949.85
47.8567	0	0	0	0	0	0	0	0	97.79	60.72	55.11	269.83	35.97	249.92	89.98	87.67	0	946.99
47.8666	0	0	0	0	0	0	0	0	88.22	56.43	51.26	274.67	35.97	254.76	89.98	90.53	0	941.82
47.8766	0	0	0	0	0	0	0	0	78.65	50.16	45.54	279.62	38.06	259.71	92.4	93.5	0	937.64
47.8866	0	0	0	0	0	0	0	0	71.5	48.07	39.82	284.79	35.97	264.55	97.24	96.36	0	938.3
47.8966	0	0	0	0	0	0	0	0	64.35	41.8	34.1	287.32	35.97	269.5	99.66	99.33	0	932.03
47.9066	0	0	0	0	0	0	0	0	57.2	37.62	30.36	289.85	35.97	274.34	101.97	102.19	0	929.5
47.9166	0	0	0	0	0	0	0	0	45.76	33.44	24.64	289.85	35.97	276.76	104.39	108.02	0	918.83
47.9266	0	0	0	0	0	0	0	0	38.83	29.26	18.92	289.85	35.97	281.71	109.23	110.99	0	914.76
47.9366	0	0	0	0	0	0	0	0	32.01	25.08	15.18	287.32	35.97	286.55	113.96	113.52	0	909.59
47.9466	0	0	0	0	0	0	0	0	27.39	22.99	13.2	282.15	35.97	289.08	118.58	118.58	0	907.94
47.9566	0	0	0	0	0	0	0	0	25.08	18.81	11.33	277.09	33.88	291.5	123.2	121.11	0	902
47.9666	4.07	0	0	0	0	0	0	0	20.57	16.72	9.46	269.83	33.88	296.34	125.62	123.64	4.07	896.06
47.9766	8.25	0	0	0	0	0	0	0	18.26	12.54	5.61	260.15	31.79	296.34	130.24	128.7	8.25	883.63
47.9866	14.41	0	0	0	0	0	0	0	15.95	10.45	5.61	250.47	27.5	298.87	132.55	133.76	14.41	875.16
47.9966	24.75	5.61	0	0	0	0	0	0	15.95	10.45	3.74	235.95	25.41	298.87	134.86	136.29	30.36	861.52
48.0066	53.79	15.07	7.81	0	0	0	0	0	13.64	8.36	3.74	220.88	21.12	298.87	137.17	141.35	76.67	845.13
48.0166	140.25	37.62	27.5	6.27	0	0	0	0	13.64	8.36	0	202.4	16.94	298.87	139.59	143.88	211.64	823.68
48.0266	216.7	62.48	51.15	14.63	0	0	0	0	13.64	8.36	0	181.17	12.65	298.87	139.59	146.41	344.96	800.69
48.0366	216.7	70.4	55.11	27.17	0	6.27	6.71	0	11.44	6.27	0	157.85	10.56	293.92	139.59	151.47	382.36	771.1
48.0466	200.53	70.4	59.51	31.35	4.29	8.47	6.71	0	11.44	6.27	0	132.88	8.47	289.08	141.9	156.53	381.26	746.57
48.0566	186.34	72.38	59.51	35.53	6.49	12.65	11.22	0	9.13	6.27	0	108.02	8.47	279.29	141.9	161.59	384.12	714.67
48.0666	182.27	80.3	64.02	45.98	10.78	19.03	15.73	0	9.13	4.18	0	82.94	6.27	266.97	144.21	166.76	418.11	680.46
48.0766	186.34	90.31	70.62	54.34	12.98	23.21	18.04	0	6.82	4.18	0	62.92	6.27	247.39	146.52	174.24	455.84	648.34
48.0866	192.39	100.21	75.13	60.72	15.18	29.59	20.24	0	4.51	4.18	0	47.85	6.27	222.97	148.83	179.19	493.46	613.8
48.0966	210.65	114.62	88.55	67.1	19.47	38.06	24.75	0	0	0	0	35.2	6.27	189.86	144.21	181.72	563.2	557.26
48.1066	230.89	130.02	101.86	73.48	21.67	46.53	31.57	0	0	0	0	30.14	6.27	145.75	137.17	179.19	636.02	498.52
48.1166	249.04	141.02	117.48	79.75	23.87	55.11	38.28	4.51	0	0	0	25.19	4.18	103.4	118.58	176.77	709.06	428.12
48.1266	261.14	147.62	128.48	84.04	25.96	66.77	47.3	6.71	0	0	0	20.13	6.27	69.85	94.82	166.76	768.02	357.83
48.1366	271.26	152.02	139.48	88.33	28.16	76.23	56.32	9.02	0	0	0	15.07	6.27	42.79	70.84	151.47	820.82	286.44
48.1466	279.29	158.62	150.48	92.51	28.16	85.58	65.67	11.22	0	0	0	10.01	4.18	27.72	58.85	121.11	871.53	221.87
48.1566	287.21	165.22	159.28	96.8	30.36	92.62	72.82	13.53	0	0	0	4.95	4.18	20.13	48.4	76.01	917.84	153.67
48.1666	291.06	167.53	163.68	103.07	30.36	102.08	82.28	15.73	0	0	0	0	0	12.54	38.28	33.44	955.79	84.26
48.1766	289.08	169.51	165.88	107.36	32.56	111.43	87.01	18.04	0	0	0	0	0	10.01	26.18	22.33	980.87	58.52
48.1866	285.23	169.51	165.88	113.63	32.56	118.58	91.74	20.24	0	0	0	4.95	0	7.48	12.1	13.86	997.37	38.39
48.1966	277.31	169.51	163.68	121.99	32.56	130.57	96.47	22.55	0	0	0	4.95	0	4.95	3.96	5.5	1014.64	19.36
48.2066	269.17	169.51	159.28	128.15	34.65	137.72	101.2	24.75	0	0	0	4.95	0	4.95	0	5.5	1024.43	15.4
48.2166	259.16	165.22	154.88	134.31	34.65	147.29	105.93	27.06	0	0	0	0	0	4.95	0	0	1028.5	4.95
48.2266	246.95	160.82	148.28	140.58	36.85	154.55	110.66	29.26	0	0	0	0	0	0	0	0	1027.95	0
48.2366	234.85	154.22	141.68	144.76	36.85	161.7	115.28	31.57	0	0	0	0	0	0	0	0	1020.91	0
48.2466	222.75	147.62	135.08	148.83	36.85	168.96	117.59	36.08	0	0	0	0	0	0	0	0	1013.76	0
48.2566	208.56	138.82	128.48	150.92	39.05	173.47	122.1	36.08	0	0	0	0	0	0	0	0	997.48	0
48.2666	196.46	130.02	119.68	155.1	39.05	175.78	126.61	38.28	0	0	0	0	0	0	0	0	980.98	0
48.2766	184.25	121.22	113.08	157.08	41.25	180.4	131.23	40.59	0	0	0	0	0	0	0	0	969.1	0
48.2866	172.15	112.42	104.06	159.17	41.25	182.71	133.43	40.59	0	0	0	0	0	0	0	0	945.78	0
48.2966	160.05	104.17	97.46	161.26	41.25	187.22	137.94	40.59	0	0	0	0	0	0	0	0	929.94	0
48.3066	148.17	96.25	88.55	161.26	43.34	189.53	142.56	42.79	0	0	0	0	0	0	0	0	912.45	0
48.3166	136.18	88.33	79.53	163.35	43.34	191.84	147.07	42.79	0	0	0	0	0	0	0	0	892.43	0
48.3266	126.28	80.3	72.93	165.44	43.34	196.46	151.58	45.1	0	0	0	0	0	0	0	0	881.43	0
48.3366	116.38	72.38	66.22	165.44	45.54	198.66	156.09	45.1	0	0	0	0	0	0	0	0	865.81	0
48.3466	103.62	66.44	59.51	167.53	45.54	203.28	160.71	49.61	0	0	0	0	0	0	0	0	856.24	0
48.3566	92.73	58.52	53.13	169.62	45.54	205.59	165.22	51.81	0	0	0	0	0	0	0	0	842.16	0
48.3666	81.84	52.69	47.19	169.62	47.74	207.9	172.15	54.12	0	0	0	0	0	0	0	0	833.25	0
48.3766	73.15	47.08	43.23	169.62	47.74	212.41	176.77	56.32	0	0	0	0	0	0	0	0	826.32	0
48.3866	64.46	41.36	37.29	171.71	47.74	214.72	183.81	60.72	0	0	0	0	0	0	0	0	821.81	0
48.3966	53.79	35.75	31.46	171.71	49.94	217.03	188.43	62.92	0	0	0	0	0	0	0	0	811.03	0
48.4066	45.54	32.01	27.5	171.71	47.74	217.03	195.47	67.32	0	0	0	0	0	0	0	0	804.32	0
48.4166	39.27	28.16	23.54	171.71	47.74	219.34	202.4	69.41	0	0	0	0	0	0	0	0	801.57	0
48.4266	35.09	24.42	21.56	169.62	47.74	219.34	209.44	71.61	0	0	0	0	0	0	0	0	798.82	0
48.4366	33.11	22.55	19.58	167.53	47.74	221.65	216.37	73.81	0	0	0	0	0	0	0	0	802.34	0
48.4466	28.93	20.68	17.71	165.44	45.54	221.65	220.99	76.01	0	0	0	0	0	0	0	0	796.95	0
48.4566	26.84	18.81	15.73	163.35	45.54	221.65	225.61	78.21	0	0	0	0	0	0	0	0	795.74	0
48.4666	22.77	16.94	13.75	161.26	43.34	223.96	230.23	78.21	0	0	0	0	0	0	0	0	790.46	0
48.4766	20.68	13.09	11.77	157.08	43.34	223.96	234.85	80.3	0	0	0	0	0	0	0	0	785.07	0
48.4866	18.59	13.09	9.79	155.1	41.25	223.96	241.78	80.3	0	0	0	0	0	0	0	0	783.86	0
48.4966	16.5	11.22	7.81	148.83	39.05	221.65	246.29	82.5	13.64	0	0	0	0	0	0	0	773.85	13.64
48.5066	14.41	9.35	5.83	144.76	36.85	223.96	250.91	82.5	20.57	0	0	0	0	0	0	0	768.57	20.57
48.5166	14.41	7.48	5.83	138.49	34.65	221.65	255.53	84.7	27.39	0	0	0	0	0	0	0	762.74	27.39
48.5266	12.32	7.48	3.85	132.33	32.56	221.65	262.35	86.9	32.01	0	0	0	0	0	0	0	759.44	32.01
48.5366	10.34	5.61	3.85	123.97	30.36	219.34	266.97	89.1	36.52	0	0	0	0	0	0	0	749.54	36.52
48.5466	10.34	5.61	3.85	115.72	28.16	217.03	271.59	93.39	41.14	0	0	0	0	0	0	0	745.69	41.14
48.5566	10.34	5.61	0	107.36	25.96	214.72	276.21	95.59	50.27	0	0	0	0	0	0	0	735.79	50.27
48.5666	8.25	5.61	0	96.8	21.67	212.41	280.72	99.99	61.93	0	3.74	0	0	0	0	0	725.45	65.67
48.5766	8.25	5.61	0	88.33	19.47	210.21	285.23	102.08	81.07	4.18	11.33	0	0	0	0	0	719.18	96.58
48.5866	6.16	3.74	0	79.75	17.27	205.59	287.54	104.28	109.67	12.54	22.77	4.95	0	0	0	0	704.33	149.93
48.5966	6.16	3.74	0	71.28	15.18	200.97	289.85	106.48	153.12	25.08	37.95	12.54	0	0	0	0	693.66	228.69
48.6066	4.07	3.74	0	60.72	15.18	194.15	289.85	108.68	185.46	37.62	51.26	30.14	4.18	4.95	3.96	0	676.39	317.57
48.6166	4.07	3.74	0	50.16	12.98	184.91	292.05	108.68	201.74	50.16	70.29	37.73	6.27	10.01	8.03	0	656.59	384.23
48.6266	0	3.74	0	37.62	10.78	173.47	292.05	110.88	208.78	56.43	85.47	42.79	10.56	20.13	14.08	0	628.54	438.24
48.6366	0	3.74	0	29.26	10.78	154.55	294.36	110.88	218.13	62.81	98.56	47.85	14.74	32.67	24.2	5.5	603.57	504.46
48.6466	0	3.74	0	22.99	8.58	128.15	289.85	110.88	227.48	64.9	109.45	52.91	14.74	42.79	32.23	11.11	564.19	555.61
48.6566	0	0	0	18.81	8.58	99.66	273.9	110.88	234.41	71.28	120.67	55.44	16.94	57.97	38.28	13.86	511.83	608.85
48.6666	0	0	0	16.72	8.58	71.5	241.78	108.68	239.03	73.48	132.22	57.97	16.94	67.54	44.33	19.47	447.26	650.98
48.6766	0	0	0	12.54	8.58	50.82	190.74	106.48	243.65	75.57	141.35	60.39	19.03	74.69	50.38	27.83	369.16	692.89
48.6866	0	0	0	10.45	10.78	38.06	126.61	99.99	248.27	77.66	150.59	62.92	21.12	81.84	54.45	33.44	285.89	730.29
48.6966	0	0	0	8.36	12.98	29.59	77.55	91.19	255.2	81.95	157.52	65.45	21.12	89.1	58.85	41.8	219.67	770.99
48.7066	0	0	0	6.27	10.78	21.12	54.12	73.81	259.82	86.13	162.14	70.4	21.12	96.25	63.69	44.66	166.1	804.21
48.7166	0	0	0	4.18	8.58	14.74	42.79	56.32	264.44	90.42	166.76	75.46	21.12	105.82	66.11	50.16	126.61	840.29
48.7266	0	0	0	4.18	6.49	10.56	33.77	29.26	266.75	96.8	171.38	85.47	23.21	115.5	68.42	55.77	84.26	883.3
48.7366	0	0	0	4.18	4.29	8.47	22.55	6.71	269.06	101.09	173.69	92.95	23.21	125.62	70.84	61.49	46.2	917.95
48.7466	0	0	0	0	0	6.27	15.73	0	271.37	105.27	173.69	102.96	23.21	133.21	70.84	61.49	22	942.04
48.7566	0	0	0	0	0	6.27	13.53	0	269.06	111.65	173.69	110.55	25.41	143.22	70.84	64.35	19.8	968.77
48.7666	0	0	0	0	0	4.18	9.02	0	266.75	115.94	171.38	120.45	25.41	150.81	73.26	67.32	13.2	991.32
48.7766	0	0	0	0	0	4.18	6.71	0	262.13	118.14	166.76	130.46	25.41	158.4	73.26	70.18	10.89	1004.74
48.7866	0	0	0	0	0	4.18	6.71	0	255.2	120.34	164.45	137.94	27.5	165.99	73.26	70.18	10.89	1014.86
48.7966	0	0	0	0	0	0	4.51	0	245.96	120.34	157.52	147.84	27.5	173.36	75.68	73.15	4.51	1021.35
48.8066	0	0	0	0	0	0	4.51	0	236.72	118.14	152.9	152.79	29.59	180.4	75.68	76.01	4.51	1022.23
48.8166	0	0	0	0	0	0	0	0	225.17	115.94	145.97	160.27	29.59	185.13	78.1	78.98	0	1019.15
48.8266	0	0	0	0	0	0	0	0	213.51	111.65	136.84	165.33	29.59	192.17	80.41	78.98	0	1008.48
48.8366	0	0	0	0	0	0	0	0	199.43	107.47	129.91	170.61	29.59	196.9	82.83	81.84	0	998.58
48.8466	0	0	0	0	0	0	0	0	187.77	103.18	122.98	175.89	31.79	201.63	82.83	81.84	0	987.91
48.8566	0	0	0	0	0	0	0	0	178.42	98.89	113.85	183.81	31.79	206.36	85.25	84.81	0	983.18
48.8666	0	0	0	0	0	0	0	0	166.76	94.71	107.25	186.45	31.79	211.09	87.67	84.81	0	970.53
48.8766	0	0	0	0	0	0	0	0	155.32	90.42	100.76	191.73	31.79	215.82	87.67	84.81	0	958.32
48.8866	0	0	0	0	0	0	0	0	146.3	84.04	94.27	197.12	31.79	220.55	89.98	87.67	0	951.72
48.8966	0	0	0	0	0	0	0	0	137.17	79.86	87.67	202.4	33.88	222.97	92.4	87.67	0	944.02
48.9066	0	0	0	0	0	0	0	0	128.04	73.48	81.18	207.68	33.88	227.81	92.4	90.53	0	935
48.9166	0	0	0	0	0	0	0	0	119.02	69.19	74.69	210.32	33.88	232.76	94.82	90.53	0	925.21
48.9266	0	0	0	0	0	0	0	0	112.09	64.9	70.29	215.6	33.88	237.6	97.24	90.53	0	922.13
48.9366	0	0	0	0	0	0	0	0	104.94	60.72	65.89	218.24	33.88	242.55	99.66	93.5	0	919.38
48.9466	0	0	0	0	0	0	0	0	97.79	56.43	61.6	220.88	33.88	247.39	99.66	93.5	0	911.13
48.9566	0	0	0	0	0	0	0	0	92.95	54.34	55.11	226.27	35.97	252.34	101.97	96.36	0	915.31
48.9666	0	0	0	0	0	0	0	0	85.8	50.16	51.26	228.69	35.97	254.76	104.39	99.33	0	910.36
48.9766	0	0	0	0	0	0	0	0	78.65	45.98	47.41	231.11	35.97	259.71	106.81	99.33	0	904.97
48.9866	0	0	0	0	0	0	0	0	73.81	43.89	43.67	233.53	35.97	262.13	111.65	102.19	0	906.84
48.9966	0	0	0	0	0	0	0	0	66.66	41.8	39.82	235.95	38.06	266.97	113.96	105.16	0	908.38
49.0066	0	0	0	0	0	0	0	0	61.93	37.62	37.95	235.95	38.06	269.5	116.27	108.02	0	905.3
49.0166	0	0	0	0	0	0	0	0	57.2	35.53	34.1	238.37	38.06	274.34	118.58	108.02	0	904.2
49.0266	0	0	0	0	0	0	0	0	52.58	33.44	32.23	240.79	38.06	276.76	123.2	113.52	0	910.58
49.0366	0	0	0	0	0	0	0	0	47.96	31.35	28.49	240.79	38.06	279.29	125.62	116.05	0	907.61
49.0466	0	0	0	0	0	0	0	0	41.14	27.17	24.64	240.79	38.06	284.13	130.24	118.58	0	904.75
49.0566	0	0	0	0	0	0	0	0	36.52	25.08	20.9	240.79	38.06	286.55	132.55	121.11	0	901.56
49.0666	0	0	0	0	0	0	0	0	32.01	22.99	18.92	240.79	38.06	289.08	134.86	123.64	0	900.35
49.0766	0	0	0	0	0	0	0	0	27.39	20.9	15.18	240.79	38.06	293.92	139.59	126.17	0	902
49.0866	0	0	0	0	0	0	0	0	22.88	18.81	13.2	238.37	35.97	293.92	141.9	128.7	0	893.75
49.0966	0	0	0	0	0	0	0	0	20.57	16.72	11.33	235.95	35.97	296.34	144.21	133.76	0	894.85
49.1066	0	0	0	0	0	0	0	0	20.57	14.63	9.46	231.11	33.88	298.87	146.52	136.29	0	891.33
49.1166	0	0	0	0	0	0	0	0	18.26	12.54	7.59	223.52	33.88	298.87	148.83	138.82	0	882.31
49.1266	0	0	0	0	0	0	0	0	15.95	10.45	5.61	218.24	29.59	301.29	151.14	141.35	0	873.62
49.1366	8.25	0	0	0	0	0	0	0	13.64	8.36	5.61	210.32	27.5	301.29	153.56	143.88	8.25	864.16
49.1466	12.32	0	0	0	0	0	0	0	13.64	8.36	3.74	199.76	25.41	301.29	155.87	146.41	12.32	854.48
49.1566	26.84	3.74	0	0	0	0	0	0	11.44	8.36	3.74	189.09	21.12	301.29	155.87	148.94	30.58	839.85
49.1666	73.15	18.81	9.79	0	0	0	0	0	11.44	6.27	0	175.89	19.03	301.29	158.18	151.47	101.75	823.57
49.1766	172.15	41.36	35.42	6.27	0	0	0	0	11.44	6.27	0	160.27	14.74	298.87	158.18	154	255.2	803.77
49.1866	226.82	58.52	51.15	12.54	0	0	4.51	0	9.13	6.27	0	145.42	12.65	296.34	158.18	156.53	353.54	784.52
49.1966	224.84	62.48	53.13	25.08	0	6.27	6.71	0	9.13	4.18	0	125.51	10.56	291.5	160.49	159.06	378.51	760.43
49.2066	214.61	68.42	59.51	29.26	4.29	8.47	9.02	0	9.13	4.18	0	102.96	8.47	281.71	160.49	161.59	393.58	728.53
49.2166	202.51	76.34	66.22	37.62	6.49	12.65	13.53	0	6.82	4.18	0	82.94	6.27	269.5	162.8	166.76	415.36	699.27
49.2266	200.53	86.35	72.93	48.07	12.98	19.03	18.04	0	6.82	4.18	0	62.92	6.27	252.34	165.11	171.71	457.93	669.35
49.2366	198.44	92.29	77.33	54.34	15.18	25.41	20.24	0	4.51	0	0	47.85	6.27	227.81	167.53	176.77	483.23	630.74
49.2466	204.49	102.19	84.04	62.81	17.27	33.88	22.55	0	4.51	0	0	35.2	6.27	201.63	169.95	181.72	527.23	599.28
49.2566	216.7	116.82	92.95	71.28	19.47	42.35	27.06	0	0	0	0	27.72	6.27	160.93	167.53	184.25	586.63	546.7
49.2666	230.89	127.82	104.06	77.66	21.67	50.82	29.26	4.51	0	0	0	22.66	6.27	118.03	153.56	179.19	646.69	479.71
49.2766	240.9	136.62	115.28	86.13	21.67	62.15	36.08	4.51	0	0	0	20.13	6.27	84.26	130.24	174.24	703.34	415.14
49.2865	249.04	145.42	121.88	92.51	23.87	71.5	40.59	6.71	0	0	0	15.07	6.27	57.97	97.24	164.12	751.52	340.67
49.2965	255.09	152.02	128.48	96.8	25.96	80.85	45.1	6.71	0	0	0	10.01	4.18	37.73	70.84	146.41	791.01	269.17
49.3065	263.12	156.42	137.28	103.07	25.96	90.31	51.81	9.02	0	0	0	7.48	4.18	25.19	56.54	116.05	836.99	209.44
49.3165	269.17	163.02	143.88	109.45	30.36	97.35	58.63	13.53	0	0	0	0	0	17.6	46.42	64.35	885.39	128.37
49.3265	273.24	167.53	148.28	115.72	30.36	106.7	65.67	13.53	0	0	0	0	0	12.54	34.32	30.69	921.03	77.55
49.3365	275.22	171.6	152.68	119.9	32.56	116.16	70.4	15.73	0	0	0	0	0	10.01	20.13	19.47	954.25	49.61
49.3465	273.24	173.69	152.68	126.06	32.56	125.73	75.13	18.04	0	0	0	0	0	7.48	8.03	11.11	977.13	26.62
49.3565	271.26	173.69	154.88	132.33	34.65	132.99	79.86	20.24	0	0	0	4.95	0	4.95	0	5.5	999.9	15.4
49.3665	267.19	173.69	154.88	138.49	34.65	140.14	84.59	22.55	0	0	0	4.95	0	4.95	0	5.5	1016.18	15.4
49.3765	263.12	171.6	152.68	142.67	36.85	147.29	89.32	22.55	0	0	0	0	0	0	0	0	1026.08	0
49.3865	257.07	169.51	150.48	146.74	36.85	154.55	94.05	24.75	0	0	0	0	0	0	0	0	1034	0
49.3965	249.04	165.22	148.28	150.92	39.05	159.28	96.47	27.06	0	0	0	0	0	0	0	0	1035.32	0
49.4065	238.92	158.62	143.88	153.01	39.05	164.12	101.2	27.06	0	0	0	0	0	0	0	0	1025.86	0
49.4165	230.89	152.02	139.48	155.1	41.25	166.54	105.93	29.26	0	0	0	0	0	0	0	0	1020.47	0
49.4265	218.68	145.42	132.88	157.08	41.25	171.16	110.66	29.26	0	0	0	0	0	0	0	0	1006.39	0
49.4365	208.56	136.62	126.28	159.17	41.25	175.78	115.28	31.57	0	0	0	0	0	0	0	0	994.51	0
49.4465	196.46	127.82	119.68	159.17	41.25	178.09	119.79	31.57	0	0	0	0	0	0	0	0	973.83	0
49.4565	186.34	119.02	113.08	161.26	43.34	180.4	122.1	31.57	0	0	0	0	0	0	0	0	957.11	0
49.4665	172.15	110.22	106.37	161.26	43.34	182.71	126.61	33.77	0	0	0	0	0	0	0	0	936.43	0
49.4765	162.03	102.19	97.46	163.35	45.54	187.22	131.23	33.77	0	0	0	0	0	0	0	0	922.79	0
49.4865	150.15	94.27	90.75	163.35	45.54	189.53	135.74	36.08	0	0	0	0	0	0	0	0	905.41	0
49.4965	138.16	86.35	81.84	165.44	45.54	194.15	140.25	38.28	0	0	0	0	0	0	0	0	890.01	0
49.5065	128.26	78.32	75.13	165.44	47.74	198.66	144.76	40.59	0	0	0	0	0	0	0	0	878.9	0
49.5165	116.38	70.4	68.42	165.44	47.74	200.97	149.38	42.79	0	0	0	0	0	0	0	0	861.52	0
49.5265	105.82	64.46	61.71	167.53	47.74	205.59	153.89	45.1	0	0	0	0	0	0	0	0	851.84	0
49.5365	92.73	56.54	55.11	167.53	47.74	210.21	158.4	49.61	0	0	0	0	0	0	0	0	837.87	0
49.5465	81.84	50.82	49.17	169.62	49.94	210.21	162.91	51.81	0	0	0	0	0	0	0	0	826.32	0
49.5565	70.95	45.21	43.23	171.71	49.94	212.41	167.53	56.32	0	0	0	0	0	0	0	0	817.3	0
49.5665	62.26	39.49	37.29	173.8	52.03	214.72	174.46	58.63	0	0	0	0	0	0	0	0	812.68	0
49.5765	53.79	35.75	31.46	176	49.94	217.03	179.08	62.92	0	0	0	0	0	0	0	0	805.97	0
49.5865	45.54	32.01	27.5	176	52.03	219.34	186.12	67.32	0	0	0	0	0	0	0	0	805.86	0
49.5965	39.27	26.29	23.54	173.8	52.03	221.65	190.74	69.41	0	0	0	0	0	0	0	0	796.73	0
49.6065	35.09	24.42	21.56	173.8	49.94	221.65	197.78	73.81	0	0	0	0	0	0	0	0	798.05	0
49.6165	33.11	22.55	19.58	173.8	49.94	223.96	202.4	76.01	0	0	0	0	0	0	0	0	801.35	0
49.6265	28.93	20.68	17.71	171.71	49.94	223.96	209.44	80.3	0	0	0	0	0	0	0	0	802.67	0
49.6365	26.84	18.81	15.73	169.62	47.74	226.27	214.06	80.3	0	0	0	0	0	0	0	0	799.37	0
49.6465	22.77	16.94	13.75	167.53	47.74	226.27	216.37	82.5	0	0	0	0	0	0	0	0	793.87	0
49.6565	20.68	15.07	11.77	165.44	45.54	228.47	220.99	84.7	0	0	0	0	0	0	0	0	792.66	0
49.6665	18.59	13.09	9.79	161.26	43.34	228.47	225.61	84.7	0	0	0	0	0	0	0	0	784.85	0
49.6765	16.5	11.22	7.81	157.08	41.25	228.47	230.23	86.9	0	0	0	0	0	0	0	0	779.46	0
49.6865	14.41	7.48	5.83	150.92	39.05	228.47	234.85	89.1	4.51	0	0	0	0	0	0	0	770.11	4.51
49.6965	12.32	7.48	3.85	144.76	36.85	228.47	239.47	91.19	4.51	0	0	0	0	0	0	0	764.39	4.51
49.7065	12.32	5.61	3.85	136.4	32.56	228.47	243.98	93.39	6.82	0	0	0	0	0	0	0	756.58	6.82
49.7165	10.34	5.61	3.85	126.06	30.36	226.27	250.91	97.79	11.44	0	0	0	0	0	0	0	751.19	11.44
49.7265	10.34	5.61	3.85	117.81	28.16	226.27	255.53	99.99	18.26	0	0	0	0	0	0	0	747.56	18.26
49.7365	8.25	5.61	0	107.36	25.96	223.96	260.15	104.28	25.08	0	0	0	0	0	0	0	735.57	25.08
49.7465	8.25	5.61	0	96.8	21.67	221.65	264.66	106.48	38.83	0	0	0	0	0	0	0	725.12	38.83
49.7565	6.16	5.61	0	86.13	19.47	217.03	269.28	110.88	81.07	4.18	9.46	0	0	0	0	0	714.56	94.71
49.7665	6.16	5.61	0	75.57	17.27	212.41	273.9	113.08	150.81	14.63	26.51	7.48	0	0	0	0	704	199.43
49.7765	4.07	5.61	0	65.01	15.18	205.59	276.21	115.28	183.04	27.17	43.67	22.66	0	4.95	0	0	686.95	281.49
49.7865	4.07	3.74	0	50.16	12.98	196.46	278.52	119.9	194.81	39.71	63.8	30.14	4.18	10.01	3.96	0	665.83	346.61
49.7965	0	3.74	0	39.71	12.98	182.71	280.72	122.21	213.51	48.07	85.47	35.2	6.27	15.07	8.03	0	642.07	411.62
49.8065	0	3.74	0	29.26	10.78	161.7	280.72	124.52	222.86	54.34	98.56	40.26	10.56	25.19	14.08	0	610.72	465.85
49.8165	0	0	0	22.99	10.78	135.41	276.21	124.52	232.1	56.43	107.25	42.79	12.65	32.67	22.11	5.5	569.91	511.5
49.8265	0	0	0	18.81	10.78	102.08	257.84	124.52	239.03	58.63	116.05	42.79	14.74	40.26	30.25	8.36	514.03	550.11
49.8365	0	0	0	14.63	10.78	71.5	218.68	122.21	248.27	64.9	127.6	47.85	14.74	50.38	34.32	11.11	437.8	599.17
49.8465	0	0	0	12.54	10.78	50.82	158.4	117.59	259.82	69.19	139.15	50.38	14.74	57.97	38.28	13.86	350.13	643.39
49.8565	0	0	0	10.45	12.98	38.06	98.78	110.88	273.68	73.48	152.9	52.91	16.94	65.12	44.33	19.47	271.15	698.83
49.8665	0	0	0	8.36	12.98	27.5	63.36	93.39	287.87	79.86	162.14	55.44	16.94	72.27	46.42	22.33	205.59	743.27
49.8765	0	0	0	4.18	10.78	19.03	47.3	73.81	297.55	84.04	173.69	60.39	16.94	79.53	50.38	27.83	155.1	790.35
49.8865	0	0	0	4.18	8.58	14.74	40.59	51.81	307.12	88.33	183.04	65.45	19.03	86.68	54.45	36.19	119.9	840.29
49.8965	0	0	0	4.18	6.49	10.56	31.57	18.04	311.96	94.71	190.08	70.4	19.03	96.25	56.54	39.05	70.84	878.02
49.9065	0	0	0	0	4.29	8.47	20.24	0	314.38	98.89	192.39	75.46	19.03	103.4	58.85	44.66	33	907.06
49.9165	0	0	0	0	0	6.27	15.73	0	316.69	103.18	194.81	85.47	21.12	113.08	61.27	47.41	22	943.03
49.9265	0	0	0	0	0	6.27	11.22	0	316.69	107.47	197.12	90.53	21.12	120.56	63.69	50.16	17.49	967.34
49.9365	0	0	0	0	0	4.18	9.02	0	314.38	111.65	194.81	98.01	21.12	128.15	63.69	55.77	13.2	987.58
49.9465	0	0	0	0	0	4.18	6.71	0	307.12	113.85	192.39	105.49	23.21	135.74	63.69	58.63	10.89	1000.12
49.9565	0	0	0	0	0	0	4.51	0	302.28	115.94	187.77	110.55	23.21	140.8	66.11	58.63	4.51	1005.29
49.9665	0	0	0	0	0	0	4.51	0	292.71	115.94	183.04	118.03	23.21	145.75	68.42	61.49	4.51	1008.59
49.9765	0	0	0	0	0	0	0	0	283.03	113.85	178.42	120.45	23.21	150.81	68.42	61.49	0	999.68
49.9865	0	0	0	0	0	0	0	0	271.37	113.85	171.38	125.51	25.41	155.87	70.84	64.35	0	998.58
49.9965	0	0	0	0	0	0	0	0	259.82	111.65	164.45	130.46	25.41	158.4	73.26	64.35	0	987.8
50.0065	0	0	0	0	0	0	0	0	250.58	109.56	157.52	135.41	25.41	163.46	73.26	64.35	0	979.55
50.0165	0	0	0	0	0	0	0	0	236.72	105.27	150.59	137.94	27.5	165.99	75.68	67.32	0	967.01
50.0265	0	0	0	0	0	0	0	0	225.17	103.18	141.35	142.89	27.5	171.05	78.1	67.32	0	956.56
50.0365	0	0	0	0	0	0	0	0	213.51	98.89	134.53	145.42	27.5	173.36	80.41	67.32	0	940.94
50.0465	0	0	0	0	0	0	0	0	204.16	96.8	127.6	150.37	29.59	178.09	80.41	70.18	0	937.2
50.0565	0	0	0	0	0	0	0	0	192.39	92.51	120.67	152.79	29.59	182.82	82.83	73.15	0	926.75
50.0665	0	0	0	0	0	0	0	0	183.04	88.33	116.05	157.85	29.59	187.44	85.25	73.15	0	920.7
50.0765	0	0	0	0	0	0	0	0	171.38	86.13	109.45	162.8	31.79	192.17	87.67	73.15	0	914.54
50.0865	0	0	0	0	0	0	0	0	162.14	81.95	102.96	167.97	31.79	196.9	89.98	76.01	0	909.7
50.0965	0	0	0	0	0	0	0	0	153.12	77.66	96.36	173.25	31.79	203.94	92.4	78.98	0	907.5
50.1065	0	0	0	0	0	0	0	0	143.99	75.57	92.07	178.53	33.88	208.67	94.82	81.84	0	909.37
50.1165	0	0	0	0	0	0	0	0	134.86	71.28	87.67	186.45	33.88	215.82	97.24	84.81	0	912.01
50.1265	0	0	0	0	0	0	0	0	128.04	67.1	81.18	191.73	33.88	220.55	99.66	87.67	0	909.81
50.1365	0	0	0	0	0	0	0	0	119.02	62.81	76.78	197.12	33.88	230.34	101.97	87.67	0	909.59
50.1465	0	0	0	0	0	0	0	0	112.09	58.63	72.49	202.4	35.97	235.18	104.39	90.53	0	911.68
50.1565	0	0	0	0	0	0	0	0	104.94	56.43	65.89	207.68	35.97	242.55	109.23	93.5	0	916.19
50.1665	0	0	0	0	0	0	0	0	95.37	52.25	59.4	212.96	35.97	247.39	111.65	96.36	0	911.35
50.1765	0	0	0	0	0	0	0	0	88.22	48.07	53.13	218.24	38.06	254.76	116.27	99.33	0	916.08
50.1865	0	0	0	0	0	0	0	0	78.65	43.89	47.41	223.52	38.06	259.71	120.89	102.19	0	914.32
50.1965	0	0	0	0	0	0	0	0	69.08	39.71	41.8	228.69	38.06	266.97	125.62	108.02	0	917.95
50.2065	0	0	0	0	0	0	0	0	61.93	35.53	37.95	231.11	40.26	271.92	132.55	110.99	0	922.24
50.2165	0	0	0	0	0	0	0	0	54.89	31.35	32.23	231.11	40.26	276.76	137.17	116.05	0	919.82
50.2265	0	0	0	0	0	0	0	0	43.45	29.26	26.51	231.11	40.26	281.71	144.21	118.58	0	915.09
50.2365	0	0	0	0	0	0	0	0	36.52	22.99	20.9	231.11	40.26	284.13	148.83	123.64	0	908.38
50.2465	0	0	0	0	0	0	0	0	29.7	20.9	17.05	228.69	38.06	286.55	155.87	128.7	0	905.52
50.2565	0	0	0	0	0	0	0	0	25.08	18.81	13.2	226.27	38.06	289.08	160.49	131.23	0	902.22
50.2665	0	0	0	0	0	0	0	0	22.88	16.72	11.33	220.88	35.97	291.5	165.11	136.29	0	900.68
50.2765	0	0	0	0	0	0	0	0	18.26	12.54	9.46	215.6	33.88	291.5	169.95	138.82	0	890.01
50.2865	0	0	0	0	0	0	0	0	18.26	10.45	5.61	207.68	31.79	293.92	172.37	143.88	0	883.96
50.2965	0	0	0	0	0	0	0	0	13.64	8.36	5.61	199.76	29.59	293.92	174.79	146.41	0	872.08
50.3065	0	0	0	0	0	0	0	0	13.64	8.36	3.74	189.09	25.41	296.34	177.21	148.94	0	862.73
50.3165	0	0	0	0	0	0	0	0	13.64	6.27	3.74	175.89	23.21	296.34	177.21	151.47	0	847.77
50.3265	8.25	0	0	0	0	0	0	0	11.44	6.27	3.74	162.8	19.03	296.34	179.63	154	8.25	833.25
50.3365	22.77	3.74	0	0	0	0	0	0	11.44	6.27	0	147.84	14.74	293.92	179.63	156.53	26.51	810.37
50.3465	86.24	20.68	11.77	4.18	0	0	0	0	11.44	4.18	0	130.46	12.65	291.5	179.63	159.06	122.87	788.92
50.3565	230.89	52.69	39.27	10.45	0	0	4.51	0	11.44	4.18	0	113.08	10.56	289.08	179.63	164.12	337.81	772.09
50.3665	253	68.42	55.11	18.81	0	0	6.71	0	9.13	4.18	0	95.48	8.47	281.71	179.63	166.76	402.05	745.36
50.3765	240.9	82.28	70.62	31.35	4.29	8.47	9.02	0	6.82	4.18	0	75.46	6.27	269.5	179.63	171.71	446.93	713.57
50.3865	236.94	92.29	81.84	39.71	8.58	12.65	13.53	0	6.82	4.18	0	55.44	6.27	249.92	179.63	174.24	485.54	676.5
50.3965	228.8	96.25	84.04	45.98	12.98	16.94	18.04	0	4.51	4.18	0	40.26	6.27	227.81	182.16	179.19	503.03	644.38
50.4065	228.8	106.15	92.95	54.34	19.47	23.21	20.24	0	0	0	0	30.14	6.27	194.59	182.16	181.72	545.16	594.88
50.4165	236.94	119.02	104.06	60.72	21.67	31.79	24.75	0	0	0	0	25.19	6.27	153.34	174.79	181.72	598.95	541.31
50.4265	246.95	132.22	115.28	69.19	21.67	42.35	31.57	0	0	0	0	20.13	6.27	110.66	155.87	176.77	659.23	469.7
50.4365	261.14	145.42	128.48	75.57	23.87	52.91	38.28	4.51	0	0	0	15.07	6.27	79.53	127.93	169.18	730.18	397.98
50.4465	275.22	156.42	141.68	81.95	25.96	62.15	42.79	6.71	0	0	0	12.54	6.27	55.44	97.24	156.53	792.88	328.02
50.4565	287.21	165.22	150.48	86.13	28.16	69.19	47.3	9.02	0	0	0	10.01	6.27	35.2	73.26	136.29	842.71	261.03
50.4665	293.04	173.69	157.08	92.51	28.16	78.54	54.12	11.22	0	0	0	4.95	4.18	25.19	58.85	102.19	888.36	195.36
50.4765	296.89	179.85	161.48	98.89	28.16	85.58	58.63	13.53	0	0	0	0	0	17.6	48.4	50.16	923.01	116.16
50.4865	296.89	184.03	163.68	103.07	30.36	95.04	63.36	15.73	0	0	0	0	0	12.54	36.3	25.08	952.16	73.92
50.4965	296.89	186.12	165.88	109.45	32.56	102.08	68.09	15.73	0	0	0	0	0	10.01	22.11	22.33	976.8	54.45
50.5065	294.91	188.21	165.88	115.72	32.56	111.43	72.82	18.04	0	0	0	0	0	7.48	10.01	8.36	999.57	25.85
50.5165	289.08	188.21	165.88	123.97	34.65	116.16	77.55	20.24	0	0	0	0	0	4.95	6.05	5.5	1015.74	16.5
50.5265	283.25	188.21	161.48	128.15	34.65	123.42	79.86	20.24	0	0	0	0	0	4.95	3.96	5.5	1019.26	14.41
50.5365	275.22	186.12	159.28	136.4	34.65	130.57	82.28	22.55	0	0	0	0	0	0	0	0	1027.07	0
50.5465	267.19	184.03	154.88	140.58	36.85	135.41	87.01	24.75	0	0	0	0	0	0	0	0	1030.7	0
50.5565	259.16	177.87	150.48	144.76	36.85	142.56	91.74	24.75	0	0	0	0	0	0	0	0	1028.17	0
50.5665	249.04	173.69	146.08	148.83	39.05	147.29	96.47	24.75	0	0	0	0	0	0	0	0	1025.2	0
50.5765	240.9	167.53	139.48	150.92	39.05	149.71	101.2	27.06	0	0	0	0	0	0	0	0	1015.85	0
50.5865	228.8	158.62	135.08	153.01	41.25	152.13	105.93	27.06	0	0	0	0	0	0	0	0	1001.88	0
50.5965	218.68	152.02	128.48	155.1	41.25	156.97	110.66	29.26	0	0	0	0	0	0	0	0	992.42	0
50.6065	206.58	143.22	121.88	157.08	43.34	161.7	113.08	31.57	0	0	0	0	0	0	0	0	978.45	0
50.6165	194.37	132.22	115.28	157.08	43.34	164.12	117.59	31.57	0	0	0	0	0	0	0	0	955.57	0
50.6265	182.27	123.42	106.37	159.17	45.54	168.96	122.1	33.77	0	0	0	0	0	0	0	0	941.6	0
50.6365	168.08	112.42	99.66	159.17	45.54	173.47	126.61	38.28	0	0	0	0	0	0	0	0	923.23	0
50.6465	158.07	104.17	92.95	159.17	45.54	178.09	131.23	38.28	0	0	0	0	0	0	0	0	907.5	0
50.6565	146.19	96.25	86.24	161.26	45.54	182.71	135.74	42.79	0	0	0	0	0	0	0	0	896.72	0
50.6665	136.18	88.33	79.53	161.26	47.74	187.22	142.56	45.1	0	0	0	0	0	0	0	0	887.92	0
50.6765	126.28	82.28	72.93	163.35	47.74	191.84	147.07	49.61	0	0	0	0	0	0	0	0	881.1	0
50.6865	116.38	74.36	68.42	165.44	49.94	196.46	151.58	54.12	0	0	0	0	0	0	0	0	876.7	0
50.6965	105.82	68.42	61.71	167.53	49.94	200.97	156.09	58.63	0	0	0	0	0	0	0	0	869.11	0
50.7065	94.93	60.5	55.11	169.62	49.94	203.28	160.71	62.92	0	0	0	0	0	0	0	0	857.01	0
50.7164	86.24	54.56	51.15	169.62	52.03	207.9	167.53	65.12	0	0	0	0	0	0	0	0	854.15	0
50.7264	75.35	48.95	45.21	171.71	52.03	210.21	172.15	69.41	0	0	0	0	0	0	0	0	845.02	0
50.7364	66.66	45.21	39.27	173.8	52.03	212.41	176.77	71.61	0	0	0	0	0	0	0	0	837.76	0
50.7464	57.97	39.49	33.44	178.09	52.03	214.72	181.5	73.81	0	0	0	0	0	0	0	0	831.05	0
50.7564	49.61	33.88	29.48	178.09	52.03	217.03	186.12	76.01	0	0	0	0	0	0	0	0	822.25	0
50.7664	43.45	30.14	25.52	178.09	52.03	217.03	193.05	80.3	0	0	0	0	0	0	0	0	819.61	0
50.7764	35.09	26.29	21.56	178.09	52.03	217.03	197.78	82.5	0	0	0	0	0	0	0	0	810.37	0
50.7864	33.11	24.42	19.58	178.09	49.94	219.34	204.71	82.5	0	0	0	0	0	0	0	0	811.69	0
50.7964	28.93	22.55	17.71	176	49.94	219.34	209.44	84.7	0	0	0	0	0	0	0	0	808.61	0
50.8064	26.84	18.81	15.73	173.8	49.94	219.34	216.37	86.9	0	0	0	0	0	0	0	0	807.73	0
50.8164	24.75	16.94	11.77	169.62	45.54	217.03	220.99	89.1	0	0	0	0	0	0	0	0	795.74	0
50.8264	20.68	15.07	11.77	165.44	45.54	217.03	227.92	91.19	0	0	0	0	0	0	0	0	794.64	0
50.8364	18.59	11.22	7.81	159.17	43.34	217.03	234.85	91.19	0	0	0	0	0	0	0	0	783.2	0
50.8464	14.41	9.35	7.81	155.1	41.25	217.03	239.47	93.39	0	0	0	0	0	0	0	0	777.81	0
50.8564	12.32	7.48	3.85	146.74	36.85	217.03	246.29	95.59	0	0	0	0	0	0	0	0	766.15	0
50.8664	10.34	7.48	3.85	138.49	34.65	214.72	253.22	99.99	4.51	0	0	0	0	0	0	0	762.74	4.51
50.8764	10.34	7.48	3.85	128.15	32.56	212.41	260.15	102.08	9.13	0	0	0	0	0	0	0	757.02	9.13
50.8864	8.25	5.61	3.85	117.81	28.16	212.41	266.97	104.28	13.64	0	0	0	0	0	0	0	747.34	13.64
50.8964	8.25	5.61	0	107.36	23.87	210.21	271.59	108.68	22.88	0	0	0	0	0	0	0	735.57	22.88
50.9064	8.25	5.61	0	96.8	21.67	205.59	278.52	110.88	36.52	0	0	0	0	0	0	0	727.32	36.52
50.9164	6.16	3.74	0	86.13	19.47	200.97	283.03	113.08	78.65	4.18	7.59	0	0	0	0	0	712.58	90.42
50.9264	4.07	3.74	0	75.57	17.27	196.46	287.54	115.28	162.14	18.81	26.51	10.01	0	0	0	0	699.93	217.47
50.9364	4.07	3.74	0	65.01	15.18	189.53	289.85	117.59	206.47	35.53	47.41	25.19	0	4.95	3.96	0	684.97	323.51
50.9464	0	3.74	0	52.25	12.98	180.4	292.05	119.9	218.13	50.16	68.09	37.73	4.18	12.54	8.03	0	661.32	398.86
50.9564	0	3.74	0	39.71	10.78	166.54	292.05	122.21	234.41	60.72	89.87	45.32	8.47	20.13	14.08	0	635.03	473
50.9664	0	3.74	0	31.35	10.78	147.29	292.05	119.9	239.03	62.81	98.56	45.32	12.65	27.72	24.2	5.5	605.11	515.79
50.9764	0	0	0	25.08	8.58	121	280.72	119.9	241.34	67.1	107.25	50.38	14.74	37.73	34.32	8.36	555.28	561.22
50.9864	0	0	0	18.81	8.58	90.31	255.53	117.59	245.96	71.28	118.36	57.97	14.74	52.91	42.35	11.11	490.82	614.68
50.9964	0	0	0	16.72	10.78	64.46	211.75	115.28	252.89	79.86	129.91	62.92	16.94	65.12	46.42	13.86	418.99	667.92
51.0064	0	0	0	12.54	12.98	46.53	147.07	108.68	259.82	84.04	139.15	67.98	16.94	74.69	50.38	19.47	327.8	712.47
51.0164	0	0	0	10.45	12.98	35.97	89.32	102.08	271.37	92.51	150.59	72.93	19.03	84.26	52.47	22.33	250.8	765.49
51.0264	0	0	0	8.36	12.98	25.41	60.94	84.7	280.72	96.8	157.52	77.99	19.03	93.83	56.54	27.83	192.39	810.26
51.0364	0	0	0	6.27	10.78	16.94	47.3	67.32	285.45	103.18	162.14	85.47	19.03	101.09	58.85	33.44	148.61	848.65
51.0464	0	0	0	4.18	8.58	12.65	38.28	45.1	287.87	107.47	166.76	92.95	21.12	108.24	58.85	39.05	108.79	882.31
51.0564	0	0	0	4.18	6.49	8.47	29.26	13.53	292.71	111.65	169.07	100.54	21.12	115.5	61.27	44.66	61.93	916.52
51.0664	0	0	0	0	4.29	6.27	18.04	0	292.71	118.14	169.07	110.55	21.12	125.62	61.27	47.41	28.6	945.89
51.0764	0	0	0	0	0	6.27	15.73	0	292.71	120.34	169.07	118.03	23.21	133.21	63.69	50.16	22	970.42
51.0864	0	0	0	0	0	4.18	11.22	0	287.87	124.63	166.76	125.51	23.21	138.27	63.69	53.02	15.4	982.96
51.0964	0	0	0	0	0	4.18	6.71	0	283.03	126.83	164.45	135.41	23.21	145.75	63.69	55.77	10.89	998.14
51.1064	0	0	0	0	0	4.18	6.71	0	275.99	126.83	159.83	142.89	25.41	153.34	63.69	55.77	10.89	1003.75
51.1164	0	0	0	0	0	0	4.51	0	266.75	126.83	155.21	147.84	25.41	158.4	66.11	58.63	4.51	1005.18
51.1264	0	0	0	0	0	0	0	0	257.51	126.83	150.59	155.32	25.41	163.46	66.11	58.63	0	1003.86
51.1364	0	0	0	0	0	0	0	0	248.27	124.63	145.97	160.27	27.5	168.52	68.42	61.49	0	1005.07
51.1464	0	0	0	0	0	0	0	0	236.72	120.34	139.15	167.97	27.5	173.36	70.84	61.49	0	997.37
51.1564	0	0	0	0	0	0	0	0	227.48	118.14	132.22	173.25	29.59	175.67	70.84	64.35	0	991.54
51.1664	0	0	0	0	0	0	0	0	215.82	115.94	127.6	178.53	29.59	180.4	70.84	64.35	0	983.07
51.1764	0	0	0	0	0	0	0	0	206.47	111.65	120.67	183.81	29.59	182.82	73.26	67.32	0	975.59
51.1864	0	0	0	0	0	0	0	0	194.81	109.56	116.05	189.09	29.59	187.44	73.26	67.32	0	967.12
51.1964	0	0	0	0	0	0	0	0	185.46	105.27	109.45	194.37	29.59	192.17	73.26	70.18	0	959.75
51.2064	0	0	0	0	0	0	0	0	176.11	101.09	102.96	202.4	29.59	194.59	73.26	70.18	0	950.18
51.2164	0	0	0	0	0	0	0	0	166.76	96.8	98.56	207.68	31.79	199.32	75.68	70.18	0	946.77
51.2264	0	0	0	0	0	0	0	0	157.63	92.51	92.07	212.96	31.79	203.94	78.1	73.15	0	942.15
51.2364	0	0	0	0	0	0	0	0	148.5	88.33	89.87	218.24	31.79	211.09	78.1	76.01	0	941.93
51.2464	0	0	0	0	0	0	0	0	141.68	84.04	85.47	223.52	31.79	215.82	80.41	76.01	0	938.74
51.2564	0	0	0	0	0	0	0	0	134.86	79.86	81.18	228.69	31.79	220.55	82.83	78.98	0	938.74
51.2664	0	0	0	0	0	0	0	0	128.04	75.57	76.78	233.53	33.88	227.81	82.83	81.84	0	940.28
51.2764	0	0	0	0	0	0	0	0	121.22	73.48	72.49	238.37	33.88	232.76	85.25	81.84	0	939.29
51.2864	0	0	0	0	0	0	0	0	114.51	69.19	68.09	243.21	33.88	237.6	87.67	81.84	0	935.99
51.2964	0	0	0	0	0	0	0	0	109.67	64.9	65.89	248.05	33.88	242.55	87.67	84.81	0	937.42
51.3064	0	0	0	0	0	0	0	0	102.52	62.81	59.4	252.89	33.88	247.39	89.98	87.67	0	936.54
51.3164	0	0	0	0	0	0	0	0	95.37	58.63	55.11	260.15	35.97	254.76	92.4	90.53	0	942.92
51.3264	0	0	0	0	0	0	0	0	85.8	54.34	49.39	264.99	35.97	259.71	94.82	93.5	0	938.52
51.3364	0	0	0	0	0	0	0	0	78.65	50.16	43.67	267.41	35.97	264.55	97.24	96.36	0	934.01
51.3464	0	0	0	0	0	0	0	0	71.5	45.98	39.82	269.83	35.97	269.5	99.66	99.33	0	931.59
51.3564	0	0	0	0	0	0	0	0	61.93	41.8	34.1	272.25	35.97	274.34	104.39	102.19	0	926.97
51.3664	0	0	0	0	0	0	0	0	54.89	37.62	30.36	274.67	35.97	279.29	109.23	105.16	0	927.19
51.3764	0	0	0	0	0	0	0	0	47.96	33.44	26.51	272.25	35.97	281.71	113.96	108.02	0	919.82
51.3864	0	0	0	0	0	0	0	0	41.14	29.26	22.77	269.83	38.06	286.55	116.27	110.99	0	914.87
51.3964	0	0	0	0	0	0	0	0	34.32	25.08	17.05	269.83	35.97	289.08	120.89	113.52	0	905.74
51.4064	0	0	0	0	0	0	0	0	27.39	22.99	15.18	264.99	35.97	291.5	125.62	118.58	0	902.22
51.4164	0	0	0	0	0	0	0	0	25.08	20.9	13.2	262.57	35.97	293.92	130.24	121.11	0	902.99
51.4264	0	0	0	0	0	0	0	0	22.88	18.81	11.33	255.31	33.88	296.34	134.86	123.64	0	897.05
51.4364	0	0	0	0	0	0	0	0	20.57	14.63	9.46	248.05	33.88	298.87	137.17	126.17	0	888.8
51.4464	0	0	0	0	0	0	0	0	18.26	12.54	7.59	240.79	31.79	301.29	139.59	131.23	0	883.08
51.4564	0	0	0	0	0	0	0	0	13.64	10.45	5.61	231.11	29.59	301.29	144.21	133.76	0	869.66
51.4664	0	0	0	0	0	0	0	0	13.64	8.36	3.74	220.88	27.5	301.29	146.52	133.76	0	855.69
51.4764	6.16	0	0	0	0	0	0	0	13.64	8.36	3.74	207.68	23.21	301.29	146.52	136.29	6.16	840.73
51.4864	14.41	0	0	0	0	0	0	0	11.44	8.36	0	194.37	19.03	303.71	146.52	138.82	14.41	822.25
51.4964	31.02	7.48	0	0	0	0	0	0	11.44	6.27	0	178.53	16.94	301.29	148.83	141.35	38.5	804.65
51.5064	105.82	26.29	17.71	4.18	0	0	0	0	11.44	6.27	0	162.8	12.65	298.87	148.83	143.88	154	784.74
51.5164	214.61	52.69	43.23	8.36	0	0	4.51	0	11.44	6.27	0	145.42	10.56	298.87	151.14	146.41	323.4	770.11
51.5264	228.8	62.48	55.11	16.72	0	0	6.71	0	9.13	6.27	0	127.93	8.47	293.92	151.14	151.47	369.82	748.33
51.5364	214.61	70.4	61.71	27.17	4.29	8.47	9.02	0	9.13	4.18	0	105.49	8.47	286.55	153.56	154	395.67	721.38
51.5464	206.58	76.34	68.42	31.35	8.58	10.56	13.53	0	9.13	4.18	0	82.94	6.27	271.92	155.87	159.06	415.36	689.37
51.5564	196.46	78.32	70.62	37.62	15.18	14.74	18.04	0	6.82	4.18	0	62.92	6.27	254.76	158.18	164.12	430.98	657.25
51.5664	194.37	86.35	77.33	41.8	17.27	19.03	20.24	0	4.51	4.18	0	45.32	6.27	235.18	160.49	169.18	456.39	625.13
51.5764	200.53	96.25	86.24	48.07	19.47	27.5	27.06	0	0	0	0	35.2	6.27	203.94	162.8	174.24	505.12	582.45
51.5864	210.65	106.15	97.46	54.34	19.47	35.97	33.77	0	0	0	0	27.72	6.27	168.52	158.18	174.24	557.81	534.93
51.5964	226.82	119.02	110.77	60.72	21.67	44.44	40.59	0	0	0	0	22.66	4.18	125.62	144.21	171.71	624.03	468.38
51.6064	244.97	132.22	124.08	67.1	23.87	55.11	47.3	4.51	0	0	0	17.6	4.18	89.1	123.2	166.76	699.16	400.84
51.6164	261.14	143.22	137.28	71.28	25.96	64.46	54.12	6.71	0	0	0	15.07	4.18	62.7	92.4	156.53	764.17	330.88
51.6264	271.26	152.02	148.28	77.66	25.96	71.5	60.94	9.02	0	0	0	10.01	6.27	37.73	70.84	141.35	816.64	266.2
51.6364	281.38	158.62	157.08	81.95	28.16	80.85	65.67	11.22	0	0	0	7.48	4.18	25.19	56.54	108.02	864.93	201.41
51.6464	287.21	167.53	165.88	88.33	28.16	90.31	72.82	13.53	0	0	0	0	0	17.6	44.33	61.49	913.77	123.42
51.6564	293.04	171.6	170.5	94.6	28.16	99.66	77.55	15.73	0	0	0	0	0	12.54	32.23	27.83	950.84	72.6
51.6664	294.91	177.87	175.23	98.89	30.36	106.7	79.86	18.04	0	0	0	0	0	10.01	18.15	19.47	981.86	47.63
51.6764	296.89	181.94	175.23	105.27	30.36	113.85	82.28	20.24	0	0	0	4.95	0	7.48	8.03	11.11	1006.06	31.57
51.6864	294.91	184.03	175.23	111.65	30.36	121	84.59	20.24	0	0	0	4.95	0	7.48	0	5.5	1022.01	17.93
51.6964	291.06	186.12	175.23	117.81	32.56	125.73	87.01	22.55	0	0	0	4.95	0	4.95	0	0	1038.07	9.9
51.7064	285.23	184.03	170.5	123.97	32.56	132.99	89.32	24.75	0	0	0	0	0	4.95	0	0	1043.35	4.95
51.7164	279.29	184.03	168.19	128.15	32.56	137.72	94.05	24.75	0	0	0	0	0	4.95	0	0	1048.74	4.95
51.7264	271.26	179.85	163.68	130.24	34.65	140.14	96.47	24.75	0	0	0	0	0	0	0	0	1041.04	0
51.7364	261.14	173.69	159.28	132.33	34.65	144.98	98.78	27.06	0	0	0	0	0	0	0	0	1031.91	0
51.7464	251.02	167.53	152.68	134.31	36.85	147.29	103.51	27.06	0	0	0	0	0	0	0	0	1020.25	0
51.7564	240.9	160.82	148.28	136.4	36.85	149.71	108.24	29.26	0	0	0	0	0	0	0	0	1010.46	0
51.7664	230.89	154.22	141.68	136.4	39.05	152.13	110.66	29.26	0	0	0	0	0	0	0	0	994.29	0
51.7764	220.77	145.42	135.08	138.49	39.05	152.13	115.28	29.26	0	0	0	0	0	0	0	0	975.48	0
51.7864	210.65	138.82	130.68	138.49	39.05	154.55	117.59	31.57	0	0	0	0	0	0	0	0	961.4	0
51.7964	202.51	134.42	124.08	140.58	41.25	156.97	122.1	31.57	0	0	0	0	0	0	0	0	953.48	0
51.8064	192.39	125.62	119.68	140.58	41.25	159.28	124.41	33.77	0	0	0	0	0	0	0	0	936.98	0
51.8164	182.27	119.02	113.08	142.67	41.25	161.7	128.92	33.77	0	0	0	0	0	0	0	0	922.68	0
51.8264	176.22	112.42	108.57	142.67	43.34	164.12	133.43	36.08	0	0	0	0	0	0	0	0	916.85	0
51.8364	166.1	108.13	104.06	144.76	43.34	168.96	137.94	38.28	0	0	0	0	0	0	0	0	911.57	0
51.8464	158.07	102.19	99.66	144.76	45.54	173.47	142.56	40.59	0	0	0	0	0	0	0	0	906.84	0
51.8564	150.15	96.25	95.15	146.74	45.54	175.78	147.07	42.79	0	0	0	0	0	0	0	0	899.47	0
51.8664	142.23	90.31	90.75	146.74	45.54	180.4	151.58	47.3	0	0	0	0	0	0	0	0	894.85	0
51.8764	134.2	84.37	84.04	148.83	45.54	187.22	156.09	51.81	0	0	0	0	0	0	0	0	892.1	0
51.8864	126.28	78.32	79.53	150.92	47.74	191.84	162.91	54.12	0	0	0	0	0	0	0	0	891.66	0
51.8964	118.36	72.38	75.13	153.01	47.74	196.46	167.53	58.63	0	0	0	0	0	0	0	0	889.24	0
51.9064	110.22	66.44	68.42	153.01	47.74	198.66	174.46	62.92	0	0	0	0	0	0	0	0	881.87	0
51.9164	99.33	60.5	61.71	157.08	52.03	203.28	179.08	67.32	0	0	0	0	0	0	0	0	880.33	0
51.9264	88.44	54.56	55.11	161.26	52.03	205.59	183.81	69.41	0	0	0	0	0	0	0	0	870.21	0
51.9364	79.64	50.82	49.17	165.44	52.03	207.9	188.43	73.81	0	0	0	0	0	0	0	0	867.24	0
51.9464	70.95	45.21	43.23	167.53	54.23	210.21	193.05	78.21	0	0	0	0	0	0	0	0	862.62	0
51.9564	62.26	39.49	39.27	169.62	54.23	214.72	197.78	78.21	0	0	0	0	0	0	0	0	855.58	0
51.9664	51.7	33.88	33.44	171.71	54.23	214.72	204.71	80.3	0	0	0	0	0	0	0	0	844.69	0
51.9764	43.45	30.14	27.5	171.71	54.23	217.03	209.44	82.5	0	0	0	0	0	0	0	0	836	0
51.9864	37.18	24.42	21.56	169.62	54.23	217.03	216.37	84.7	0	0	0	0	0	0	0	0	825.11	0
51.9964	31.02	22.55	19.58	167.53	52.03	217.03	225.61	86.9	0	0	0	0	0	0	0	0	822.25	0
52.0064	26.84	18.81	15.73	163.35	49.94	217.03	232.54	89.1	0	0	0	0	0	0	0	0	813.34	0
52.0164	22.77	16.94	13.75	157.08	47.74	217.03	239.47	91.19	0	0	0	0	0	0	0	0	805.97	0
52.0264	20.68	13.09	11.77	150.92	45.54	217.03	246.29	95.59	6.82	0	0	0	0	0	0	0	800.91	6.82
52.0364	16.5	11.22	7.81	144.76	41.25	214.72	255.53	97.79	13.64	0	0	0	0	0	0	0	789.58	13.64
52.0464	14.41	7.48	5.83	134.31	39.05	214.72	262.35	102.08	20.57	0	0	0	0	0	0	0	780.23	20.57
52.0564	12.32	7.48	3.85	123.97	34.65	210.21	271.59	104.28	29.7	0	0	0	0	0	0	0	768.35	29.7
52.0664	12.32	7.48	3.85	111.65	30.36	210.21	276.21	106.48	43.45	4.18	5.61	4.95	0	0	0	0	758.56	58.19
52.0764	10.34	7.48	3.85	98.89	25.96	205.59	283.03	110.88	73.81	14.63	17.05	10.01	0	0	0	0	746.02	115.5
52.0864	8.25	5.61	0	86.13	21.67	200.97	289.85	113.08	137.17	33.44	41.8	27.72	0	4.95	0	0	725.56	245.08
52.0964	8.25	5.61	0	73.48	17.27	194.15	294.36	117.59	199.43	54.34	70.29	40.26	10.56	10.01	10.01	0	710.71	394.9
52.1064	6.16	3.74	0	56.54	15.18	184.91	298.87	119.9	201.74	54.34	81.18	37.73	10.56	15.07	14.08	0	685.3	414.7
52.1164	4.07	3.74	0	41.8	12.98	171.16	301.18	122.21	197.12	54.34	87.67	40.26	14.74	20.13	24.2	5.5	657.14	443.96
52.1264	0	3.74	0	29.26	10.78	152.13	305.69	122.21	204.16	56.43	98.56	42.79	14.74	30.14	32.23	11.11	623.81	490.16
52.1364	0	3.74	0	20.9	8.58	128.15	303.38	122.21	208.78	58.63	107.25	45.32	16.94	37.73	40.37	11.11	586.96	526.13
52.1463	0	3.74	0	16.72	8.58	97.35	285.23	119.9	213.51	60.72	118.36	47.85	16.94	47.85	46.42	13.86	531.52	565.51
52.1563	0	0	0	12.54	8.58	69.19	253.22	115.28	220.55	64.9	127.6	50.38	19.03	57.97	50.38	19.47	458.81	610.28
52.1663	0	0	0	10.45	8.58	48.73	195.47	108.68	229.79	69.19	139.15	52.91	19.03	65.12	56.54	22.33	371.91	654.06
52.1763	0	0	0	8.36	10.78	35.97	128.92	104.28	239.03	73.48	148.28	55.44	21.12	72.27	58.85	25.08	288.31	693.55
52.1863	0	0	0	6.27	12.98	27.5	79.86	95.59	250.58	77.66	157.52	60.39	21.12	81.84	63.69	33.44	222.2	746.24
52.1963	0	0	0	4.18	10.78	19.03	54.12	76.01	257.51	81.95	166.76	65.45	21.12	89.1	66.11	39.05	164.12	787.05
52.2063	0	0	0	0	10.78	14.74	45.1	60.72	266.75	88.33	173.69	70.4	23.21	96.25	68.42	44.66	131.34	831.71
52.2163	0	0	0	0	8.58	10.56	36.08	38.28	271.37	92.51	178.42	77.99	23.21	103.4	70.84	47.41	93.5	865.15
52.2263	0	0	0	0	4.29	6.27	27.06	11.22	273.68	96.8	183.04	82.94	23.21	110.66	73.26	53.02	48.84	896.61
52.2363	0	0	0	0	4.29	6.27	20.24	0	275.99	103.18	185.46	90.53	25.41	120.56	75.68	55.77	30.8	932.58
52.2463	0	0	0	0	0	4.18	13.53	0	273.68	105.27	185.46	98.01	25.41	128.15	78.1	61.49	17.71	955.57
52.2563	0	0	0	0	0	4.18	11.22	0	271.37	107.47	185.46	102.96	25.41	135.74	78.1	64.35	15.4	970.86
52.2663	0	0	0	0	0	0	6.71	0	266.75	109.56	180.73	110.55	25.41	145.75	80.41	67.32	6.71	986.48
52.2763	0	0	0	0	0	0	4.51	0	259.82	109.56	178.42	115.5	27.5	150.81	82.83	70.18	4.51	994.62
52.2863	0	0	0	0	0	0	0	0	250.58	107.47	173.69	120.45	27.5	158.4	87.67	73.15	0	998.91
52.2963	0	0	0	0	0	0	0	0	241.34	107.47	169.07	125.51	29.59	163.46	89.98	76.01	0	1002.43
52.3063	0	0	0	0	0	0	0	0	232.1	105.27	162.14	127.93	29.59	171.05	92.4	78.98	0	999.46
52.3163	0	0	0	0	0	0	0	0	222.86	103.18	157.52	130.46	29.59	175.67	94.82	78.98	0	993.08
52.3263	0	0	0	0	0	0	0	0	211.09	101.09	150.59	135.41	31.79	180.4	97.24	81.84	0	989.45
52.3363	0	0	0	0	0	0	0	0	204.16	96.8	143.66	137.94	31.79	185.13	99.66	84.81	0	983.95
52.3463	0	0	0	0	0	0	0	0	192.39	94.71	136.84	142.89	31.79	189.86	101.97	84.81	0	975.26
52.3563	0	0	0	0	0	0	0	0	183.04	90.42	129.91	145.42	33.88	194.59	104.39	87.67	0	969.32
52.3663	0	0	0	0	0	0	0	0	173.69	88.33	122.98	147.84	33.88	199.32	106.81	90.53	0	963.38
52.3763	0	0	0	0	0	0	0	0	164.45	84.04	116.05	152.79	33.88	203.94	109.23	90.53	0	954.91
52.3863	0	0	0	0	0	0	0	0	155.32	79.86	109.45	157.85	35.97	208.67	111.65	93.5	0	952.27
52.3963	0	0	0	0	0	0	0	0	146.3	75.57	102.96	160.27	35.97	215.82	113.96	96.36	0	947.21
52.4063	0	0	0	0	0	0	0	0	137.17	73.48	94.27	165.33	35.97	220.55	116.27	99.33	0	942.37
52.4163	0	0	0	0	0	0	0	0	128.04	69.19	87.67	170.61	35.97	227.81	118.58	99.33	0	937.2
52.4263	0	0	0	0	0	0	0	0	119.02	64.9	81.18	173.25	38.06	232.76	120.89	102.19	0	932.25
52.4363	0	0	0	0	0	0	0	0	112.09	60.72	74.69	178.53	38.06	240.13	123.2	102.19	0	929.61
52.4463	0	0	0	0	0	0	0	0	102.52	56.43	68.09	183.81	38.06	244.97	125.62	105.16	0	924.66
52.4563	0	0	0	0	0	0	0	0	92.95	52.25	61.6	186.45	38.06	252.34	127.93	108.02	0	919.6
52.4663	0	0	0	0	0	0	0	0	85.8	48.07	55.11	191.73	38.06	257.18	130.24	110.99	0	917.18
52.4763	0	0	0	0	0	0	0	0	78.65	43.89	49.39	194.37	38.06	262.13	134.86	113.52	0	914.87
52.4863	0	0	0	0	0	0	0	0	69.08	41.8	45.54	197.12	38.06	266.97	137.17	113.52	0	909.26
52.4963	0	0	0	0	0	0	0	0	61.93	37.62	39.82	199.76	38.06	271.92	141.9	116.05	0	907.06
52.5063	0	0	0	0	0	0	0	0	54.89	33.44	34.1	202.4	38.06	274.34	144.21	118.58	0	900.02
52.5163	0	0	0	0	0	0	0	0	47.96	29.26	30.36	202.4	38.06	276.76	148.83	121.11	0	894.74
52.5263	0	0	0	0	0	0	0	0	41.14	27.17	26.51	202.4	38.06	281.71	153.56	123.64	0	894.19
52.5363	0	0	0	0	0	0	0	0	34.32	22.99	20.9	202.4	38.06	284.13	155.87	126.17	0	884.84
52.5463	0	0	0	0	0	0	0	0	27.39	20.9	17.05	202.4	38.06	286.55	160.49	128.7	0	881.54
52.5563	0	0	0	0	0	0	0	0	25.08	18.81	13.2	199.76	35.97	289.08	165.11	131.23	0	878.24
52.5663	0	0	0	0	0	0	0	0	20.57	14.63	11.33	197.12	35.97	291.5	169.95	133.76	0	874.83
52.5763	0	0	0	0	0	0	0	0	20.57	12.54	9.46	191.73	35.97	291.5	172.37	138.82	0	872.96
52.5863	0	0	0	0	0	0	0	0	15.95	12.54	7.59	186.45	31.79	293.92	174.79	141.35	0	864.38
52.5963	0	0	0	0	0	0	0	0	13.64	10.45	5.61	181.17	29.59	293.92	177.21	143.88	0	855.47
52.6063	0	0	0	0	0	0	0	0	13.64	8.36	5.61	173.25	27.5	296.34	179.63	146.41	0	850.74
52.6163	0	0	0	0	0	0	0	0	11.44	8.36	3.74	162.8	23.21	296.34	179.63	146.41	0	831.93
52.6263	0	0	0	0	0	0	0	0	11.44	6.27	3.74	152.79	21.12	296.34	182.16	148.94	0	822.8
52.6363	8.25	0	0	0	0	0	0	0	11.44	6.27	0	142.89	16.94	293.92	182.16	151.47	8.25	805.09
52.6463	20.68	5.61	0	0	0	0	0	0	11.44	6.27	0	132.88	14.74	293.92	182.16	154	26.29	795.41
52.6563	55.88	16.94	7.81	0	0	0	0	0	9.13	6.27	0	120.45	12.65	291.5	182.16	156.53	80.63	778.69
52.6663	146.19	45.21	37.29	6.27	0	0	4.51	0	6.82	4.18	0	108.02	10.56	289.08	182.16	159.06	239.47	759.88
52.6763	210.65	72.38	59.51	27.17	0	6.27	9.02	0	9.13	4.18	0	95.48	8.47	286.55	179.63	161.59	385	745.03
52.6863	228.8	82.28	70.62	35.53	10.78	10.56	13.53	0	6.82	4.18	0	80.41	6.27	279.29	177.21	161.59	452.1	715.77
52.6963	214.61	82.28	75.13	33.44	8.58	12.65	13.53	0	6.82	4.18	0	65.45	6.27	266.97	174.79	164.12	440.22	688.6
52.7063	202.51	84.37	77.33	41.8	17.27	16.94	20.24	0	6.82	4.18	0	50.38	4.18	252.34	172.37	166.76	460.46	657.03
52.7163	200.53	94.27	84.04	48.07	19.47	25.41	24.75	0	4.51	0	0	37.73	4.18	232.76	172.37	169.18	496.54	620.73
52.7263	196.46	100.21	88.55	56.54	19.47	35.97	31.57	0	4.51	0	0	27.72	4.18	203.94	169.95	169.18	528.77	579.48
52.7363	204.49	110.22	97.46	62.81	19.47	48.73	40.59	4.51	0	0	0	22.66	4.18	171.05	165.11	169.18	588.28	532.18
52.7463	214.61	121.22	106.37	71.28	21.67	59.73	47.3	6.71	0	0	0	17.6	4.18	128.15	151.14	166.76	648.89	467.83
52.7563	228.8	132.22	119.68	77.66	23.87	71.5	56.32	9.02	0	0	0	15.07	4.18	93.83	130.24	161.59	719.07	404.91
52.7663	240.9	138.82	132.88	81.95	25.96	80.85	65.67	11.22	0	0	0	12.54	4.18	65.12	99.66	151.47	778.25	332.97
52.7763	251.02	143.22	141.68	86.13	25.96	90.31	72.82	13.53	0	0	0	7.48	4.18	40.26	73.26	141.35	824.67	266.53
52.7863	259.16	149.82	152.68	90.42	28.16	97.35	77.55	15.73	0	0	0	4.95	4.18	25.19	58.85	110.99	870.87	204.16
52.7963	267.19	154.22	159.28	92.51	28.16	106.7	84.59	18.04	0	0	0	0	0	17.6	48.4	64.35	910.69	130.35
52.8063	273.24	158.62	165.88	96.8	30.36	113.85	91.74	22.55	0	0	0	0	0	12.54	36.3	27.83	953.04	76.67
52.8163	273.24	160.82	170.5	100.98	30.36	121	96.47	24.75	0	0	0	0	0	10.01	22.11	19.47	978.12	51.59
52.8263	273.24	163.02	170.5	105.27	32.56	130.57	103.51	27.06	0	0	0	0	0	7.48	10.01	11.11	1005.73	28.6
52.8363	269.17	163.02	170.5	111.65	32.56	137.72	108.24	29.26	0	0	0	0	0	4.95	0	5.5	1022.12	10.45
52.8463	265.21	160.82	168.19	115.72	34.65	144.98	110.66	31.57	0	0	0	0	0	0	0	0	1031.8	0
52.8563	257.07	158.62	165.88	121.99	34.65	149.71	115.28	33.77	0	0	0	0	0	0	0	0	1036.97	0
52.8663	251.02	156.42	161.48	123.97	36.85	154.55	119.79	36.08	0	0	0	0	0	0	0	0	1040.16	0
52.8763	242.99	152.02	157.08	128.15	36.85	161.7	124.41	38.28	0	0	0	0	0	0	0	0	1041.48	0
52.8863	232.87	147.62	150.48	130.24	39.05	164.12	128.92	40.59	0	0	0	0	0	0	0	0	1033.89	0
52.8963	220.77	141.02	143.88	132.33	39.05	168.96	133.43	42.79	0	0	0	0	0	0	0	0	1022.23	0
52.9063	208.56	132.22	135.08	134.31	39.05	171.16	137.94	45.1	0	0	0	0	0	0	0	0	1003.42	0
52.9163	194.37	123.42	126.28	134.31	41.25	173.47	142.56	45.1	0	0	0	0	0	0	0	0	980.76	0
52.9263	182.27	114.62	117.48	136.4	43.34	175.78	147.07	47.3	0	0	0	0	0	0	0	0	964.26	0
52.9363	168.08	106.15	108.57	136.4	43.34	180.4	151.58	49.61	0	0	0	0	0	0	0	0	944.13	0
52.9463	156.09	96.25	99.66	138.49	43.34	182.71	153.89	51.81	0	0	0	0	0	0	0	0	922.24	0
52.9563	144.21	88.33	88.55	138.49	43.34	184.91	158.4	54.12	0	0	0	0	0	0	0	0	900.35	0
52.9663	130.24	80.3	81.84	140.58	45.54	187.22	162.91	56.32	0	0	0	0	0	0	0	0	884.95	0
52.9763	120.34	74.36	72.93	140.58	45.54	189.53	167.53	58.63	0	0	0	0	0	0	0	0	869.44	0
52.9863	110.22	68.42	66.22	140.58	45.54	191.84	172.15	60.72	0	0	0	0	0	0	0	0	855.69	0
52.9963	101.42	60.5	61.71	140.58	45.54	194.15	176.77	62.92	0	0	0	0	0	0	0	0	843.59	0
53.0063	92.73	54.56	55.11	140.58	47.74	196.46	183.81	65.12	0	0	0	0	0	0	0	0	836.11	0
53.0163	84.04	48.95	51.15	140.58	47.74	200.97	188.43	69.41	0	0	0	0	0	0	0	0	831.27	0
53.0263	75.35	45.21	47.19	140.58	47.74	200.97	195.47	71.61	0	0	0	0	0	0	0	0	824.12	0
53.0363	66.66	41.36	41.25	140.58	49.94	203.28	200.09	76.01	0	0	0	0	0	0	0	0	819.17	0
53.0463	60.06	37.62	39.27	142.67	49.94	205.59	207.02	78.21	0	0	0	0	0	0	0	0	820.38	0
53.0563	53.79	33.88	33.44	142.67	49.94	205.59	214.06	80.3	0	0	0	0	0	0	0	0	813.67	0
53.0663	47.52	30.14	31.46	142.67	49.94	207.9	218.68	82.5	0	0	0	0	0	0	0	0	810.81	0
53.0763	41.36	28.16	27.5	142.67	52.03	207.9	225.61	84.7	0	0	0	0	0	0	0	0	809.93	0
53.0863	37.18	24.42	23.54	142.67	52.03	210.21	230.23	86.9	0	0	0	0	0	0	0	0	807.18	0
53.0963	33.11	22.55	21.56	142.67	52.03	210.21	237.16	89.1	0	0	0	0	0	0	0	0	808.39	0
53.1063	28.93	20.68	19.58	144.76	49.94	212.41	241.78	91.19	0	0	0	0	0	0	0	0	809.27	0
53.1163	26.84	18.81	17.71	142.67	49.94	212.41	246.29	93.39	0	0	0	0	0	0	0	0	808.06	0
53.1263	24.75	16.94	15.73	142.67	47.74	212.41	250.91	95.59	0	0	0	0	0	0	0	0	806.74	0
53.1363	22.77	15.07	13.75	140.58	47.74	214.72	255.53	95.59	0	0	0	0	0	0	0	0	805.75	0
53.1463	20.68	13.09	11.77	138.49	45.54	212.41	260.15	97.79	0	0	0	0	0	0	0	0	799.92	0
53.1563	18.59	11.22	9.79	134.31	43.34	214.72	264.66	99.99	6.82	0	0	0	0	0	0	0	796.62	6.82
53.1663	16.5	9.35	7.81	130.24	41.25	212.41	269.28	102.08	13.64	0	0	0	0	0	0	0	788.92	13.64
53.1763	12.32	7.48	5.83	126.06	39.05	212.41	273.9	104.28	15.95	0	0	0	0	0	0	0	781.33	15.95
53.1863	10.34	5.61	3.85	119.9	34.65	210.21	280.72	106.48	18.26	0	0	0	0	0	0	0	771.76	18.26
53.1963	10.34	5.61	3.85	111.65	32.56	207.9	285.23	106.48	22.88	0	0	0	0	0	0	0	763.62	22.88
53.2063	8.25	5.61	3.85	103.07	30.36	207.9	289.85	110.88	27.39	0	0	0	0	0	0	0	759.77	27.39
53.2163	8.25	5.61	3.85	94.6	25.96	205.59	294.36	113.08	32.01	0	0	0	0	0	0	0	751.3	32.01
53.2263	8.25	5.61	0	84.04	23.87	200.97	298.87	115.28	43.45	0	3.74	0	0	0	0	0	736.89	47.19
53.2363	6.16	5.61	0	75.57	19.47	198.66	303.38	117.59	61.93	8.36	13.2	4.95	0	0	0	0	726.44	88.44
53.2463	6.16	3.74	0	67.1	17.27	191.84	305.69	119.9	102.52	20.9	28.49	17.6	0	0	3.96	0	711.7	173.47
53.2563	4.07	3.74	0	56.54	15.18	187.22	305.69	122.21	155.32	37.62	51.26	30.14	8.47	7.48	10.01	0	694.65	300.3
53.2663	4.07	3.74	0	48.07	12.98	178.09	308	122.21	183.04	48.07	70.29	35.2	10.56	12.54	12.1	0	677.16	371.8
53.2763	0	3.74	0	37.62	10.78	168.96	308	124.52	180.73	48.07	78.98	35.2	12.65	20.13	22.11	5.5	653.62	403.37
53.2863	0	3.74	0	29.26	10.78	152.13	305.69	124.52	190.08	52.25	89.87	40.26	14.74	30.14	30.25	8.36	626.12	455.95
53.2963	0	0	0	22.99	8.58	132.99	303.38	124.52	194.81	56.43	98.56	45.32	14.74	40.26	36.3	11.11	592.46	497.53
53.3063	0	3.74	0	18.81	8.58	106.7	289.85	122.21	204.16	60.72	109.45	47.85	16.94	52.91	42.35	13.86	549.89	548.24
53.3163	0	0	0	14.63	8.58	78.54	264.66	117.59	213.51	67.1	120.67	52.91	16.94	65.12	46.42	19.47	484	602.14
53.3263	0	0	0	12.54	8.58	57.42	218.68	113.08	222.86	71.28	132.22	57.97	19.03	74.69	52.47	25.08	410.3	655.6
53.3363	0	0	0	10.45	8.58	42.35