0.0000	305.91	120.12	149.49	56.87	40.15	58.63	39.71	22.88	0	0	0	0	8.25	37.95	74.36	57.53	793.76	178.09
0.0100	305.91	120.12	149.49	56.87	40.15	58.63	39.71	22.88	0	0	0	0	8.25	37.95	74.36	57.53	793.76	178.09
0.0200	316.14	128.48	156.97	60.83	42.35	60.83	41.25	24.64	0	0	0	0	8.25	28.49	62.48	44.44	831.49	143.66
0.0300	328.9	134.75	164.34	65.23	44.44	65.34	42.68	26.4	0	0	0	0	5.5	21.34	53.9	33.88	872.08	114.62
0.0400	336.71	141.02	166.87	67.43	44.44	67.54	44.22	26.4	0	0	0	0	0	16.61	46.2	23.21	894.63	86.02
0.0500	344.63	145.2	171.82	71.83	44.44	69.74	44.22	28.27	0	0	0	0	0	14.19	35.97	19.03	920.15	69.19
0.0600	349.8	151.47	171.82	76.23	46.53	72.05	44.22	30.03	0	0	0	0	0	11.88	23.1	10.56	942.15	45.54
0.0700	352.44	153.56	171.82	78.43	46.53	72.05	44.22	30.03	3.41	0	0	0	0	9.46	15.4	6.27	949.08	34.54
0.0800	352.44	153.56	171.82	80.63	46.53	72.05	44.22	30.03	3.41	0	4.73	0	0	9.46	12.76	6.27	951.28	36.63
0.0900	349.8	153.56	169.29	80.63	46.53	74.25	44.22	30.03	3.41	0	0	0	0	7.04	10.23	4.18	948.31	24.86
0.1000	344.63	153.56	164.34	80.63	46.53	74.25	44.22	30.03	3.41	0	4.73	0	0	7.04	7.7	0	938.19	22.88
0.1100	339.35	153.56	159.39	82.83	46.53	72.05	42.68	30.03	3.41	0	4.73	0	0	4.73	7.7	0	926.42	20.57
0.1200	331.54	151.47	152.02	85.03	46.53	72.05	42.68	30.03	3.41	0	4.73	0	0	4.73	5.06	0	911.35	17.93
0.1300	323.84	151.47	147.07	87.34	46.53	74.25	42.68	30.03	3.41	0	4.73	0	0	4.73	0	0	903.21	12.87
0.1400	313.61	149.38	139.59	89.54	44.44	74.25	42.68	28.27	3.41	0	4.73	0	0	0	0	0	881.76	8.14
0.1500	305.91	149.38	134.64	93.94	46.53	74.25	41.25	30.03	3.41	0	4.73	0	0	0	0	0	875.93	8.14
0.1600	298.21	149.38	132.22	98.34	44.44	76.56	41.25	30.03	3.41	0	4.73	0	0	0	0	0	870.43	8.14
0.1700	287.98	147.29	127.27	102.74	44.44	78.76	41.25	30.03	3.41	0	4.73	0	0	0	0	0	859.76	8.14
0.1800	277.86	147.29	122.32	109.34	44.44	83.27	41.25	30.03	3.41	0	4.73	0	0	0	0	0	855.8	8.14
0.1900	267.41	147.29	119.79	118.25	46.53	87.67	41.25	30.03	3.41	0	4.73	0	0	0	0	0	858.22	8.14
0.2000	257.07	147.29	114.84	124.96	46.53	92.18	42.68	30.03	3.41	0	4.73	0	0	0	0	0	855.58	8.14
0.2100	249.26	147.29	114.84	131.67	46.53	96.69	42.68	30.03	3.41	0	0	0	0	0	0	0	858.99	3.41
0.2200	238.92	147.29	110	138.38	46.53	101.2	42.68	30.03	3.41	0	4.73	0	0	0	0	0	855.03	8.14
0.2300	231.11	145.2	110	145.09	46.53	105.6	44.22	30.03	3.41	0	4.73	0	0	0	0	0	857.78	8.14
0.2400	220.88	143.11	107.69	154.11	46.53	112.42	45.76	30.03	3.41	0	0	0	0	0	0	0	860.53	3.41
0.2500	211.2	141.02	102.96	160.82	48.62	118.69	45.76	30.03	3.41	0	4.73	0	0	0	0	0	859.1	8.14
0.2600	201.52	136.84	100.54	167.64	48.62	122.98	47.3	30.03	0	0	0	0	0	0	0	0	855.47	0
0.2700	189.31	132.66	98.23	174.68	48.62	131.45	50.38	31.79	3.41	0	4.73	0	0	0	0	0	857.12	8.14
0.2800	177.21	126.39	93.5	181.83	50.82	137.72	51.92	33.55	3.41	0	0	0	0	0	0	0	852.94	3.41
0.2900	162.58	122.21	86.35	191.29	50.82	146.19	55	35.31	0	0	0	0	0	0	0	0	849.75	0
0.3000	150.26	113.85	81.73	198.33	52.91	156.86	58.3	37.07	0	0	0	0	0	0	0	0	849.31	0
0.3100	135.52	107.14	77	205.37	52.91	165.33	61.93	38.83	0	0	0	0	0	0	0	0	844.03	0
0.3200	120.78	96.14	69.85	212.52	55	176.33	65.56	40.59	0	0	0	0	0	0	0	0	836.77	0
0.3300	104.28	87.34	62.81	217.25	55	185.13	70.95	44.11	0	0	0	0	0	0	0	0	826.87	0
0.3400	86.68	74.14	53.24	221.98	57.2	191.73	78.21	49.39	0	0	0	0	0	0	5.06	0	812.57	5.06
0.3500	73.37	60.94	43.56	224.18	59.4	200.64	85.47	56.54	0	0	0	0	0	0	0	0	804.1	0
0.3600	62.37	50.6	36.3	226.49	61.71	209.44	94.49	62.59	0	0	0	0	0	0	5.06	0	803.99	5.06
0.3700	51.04	40.92	29.04	226.49	64.02	216.04	103.62	76.67	0	0	4.73	0	0	0	5.06	0	807.84	9.79
0.3800	41.8	33.11	24.2	226.49	64.02	222.75	110.88	88.77	0	0	4.73	0	0	0	5.06	0	812.02	9.79
0.3900	34.76	29.15	19.36	221.98	64.02	229.35	118.47	96.91	0	0	4.73	0	0	0	5.06	0	814	9.79
0.4000	32.45	23.32	16.94	219.56	64.02	235.95	126.5	109.01	3.41	0	4.73	0	0	0	7.7	0	827.75	15.84
0.4100	27.83	17.49	14.52	210.1	61.71	240.35	134.64	117.26	5.17	6.93	4.73	0	0	0	5.06	0	823.9	21.89
0.4200	25.52	15.51	14.52	200.64	59.4	244.75	138.6	127.71	8.69	6.93	4.73	0	0	0	5.06	0	826.65	25.41
0.4300	23.21	15.51	12.1	186.56	55	249.15	142.67	140.25	12.21	9.35	4.73	0	0	0	5.06	0	824.45	31.35
0.4400	23.21	15.51	12.1	169.95	50.82	253.55	142.67	146.52	15.73	11.66	4.73	0	0	0	5.06	0	814.33	37.18
0.4500	20.9	13.64	12.1	154.11	44.44	257.95	142.67	154.88	24.53	18.7	7.15	8.47	0	4.73	5.06	0	800.69	68.64
0.4600	20.9	13.64	9.68	133.98	40.15	260.15	142.67	161.15	50.93	35.09	9.57	11.22	0	4.73	5.06	0	782.32	116.6
0.4700	18.59	11.66	9.68	111.54	33.88	262.35	138.6	165.33	103.73	65.67	16.72	19.8	0	7.04	10.23	0	751.63	223.19
0.4800	18.59	11.66	9.68	91.74	27.5	260.15	136.62	169.62	138.49	98.78	26.29	42.35	8.25	21.34	15.4	6.27	725.56	357.17
0.4900	16.17	9.68	7.26	69.63	23.21	255.75	132.55	176.44	159.72	123.09	40.7	56.54	11	37.95	17.93	6.27	690.69	453.2
0.5000	16.17	7.7	7.26	49.94	19.03	244.75	130.57	181.06	182.27	135.52	55.11	59.4	13.75	52.25	25.63	10.56	656.48	534.49
0.5100	11.55	5.83	7.26	34.43	14.74	224.95	124.52	183.37	193.82	138.05	63.25	65.67	19.25	59.4	41.03	16.94	606.65	597.41
0.5200	9.24	5.83	4.84	25.85	12.65	189.53	116.49	183.37	196.24	138.05	68.75	65.67	22	64.79	46.2	16.94	547.8	618.64
0.5300	4.62	3.85	4.84	18.92	10.56	146.19	103.62	181.06	193.82	138.05	71.39	68.75	24.75	70.18	53.9	21.12	473.66	641.96
0.5400	0	0	4.84	13.75	10.56	105.6	85.47	176.44	198.55	140.58	76.89	71.94	24.75	75.68	59.51	25.41	396.66	673.31
0.5500	0	0	0	10.34	10.56	74.25	67.32	159.06	210.1	145.64	87.78	75.02	27.5	83.82	71.39	29.59	321.53	730.84
0.5600	0	0	0	6.82	10.56	52.69	55	115.17	228.91	153.12	98.67	75.02	33	89.21	80.3	33.88	240.24	792.11
0.5700	0	0	0	5.17	8.47	41.03	47.3	70.62	248.6	160.6	112.42	78.21	35.75	97.35	92.29	40.26	172.59	865.48
0.5800	0	0	0	0	6.27	31.24	39.71	38.83	265.87	165.66	120.78	78.21	41.25	100.1	104.17	42.35	116.05	918.39
0.5900	0	0	0	0	0	23.43	32.01	22.88	275.77	170.61	129.14	81.29	44	105.49	113.08	46.53	78.32	965.91
0.6000	0	0	0	0	0	17.49	24.42	12.32	278.19	173.03	131.89	84.48	46.75	108.24	121.77	48.73	54.23	993.08
0.6100	0	0	0	3.41	0	13.64	16.72	0	275.77	175.45	137.5	87.56	49.5	113.63	130.46	50.82	33.77	1020.69
0.6200	0	0	0	3.41	0	9.68	12.21	0	273.24	175.45	137.5	90.75	52.25	119.13	139.15	55.11	25.3	1042.58
0.6300	0	0	0	3.41	0	9.68	10.67	0	265.87	175.45	137.5	93.94	52.25	124.52	147.84	55.11	23.76	1052.48
0.6400	0	0	0	3.41	0	7.81	7.59	0	260.92	175.45	137.5	97.02	55.11	130.02	153.67	57.53	18.81	1067.22
0.6500	0	0	0	3.41	0	5.83	6.05	0	251.13	173.03	134.64	100.21	58.08	132.77	159.5	57.53	15.29	1066.89
0.6600	0	0	0	3.41	0	3.85	2.97	0	238.81	170.61	131.89	103.29	58.08	135.41	165.33	59.95	10.23	1063.37
0.6700	0	0	0	3.41	0	3.85	0	0	228.91	168.19	129.14	106.48	58.08	138.16	168.3	62.37	7.26	1059.63
0.6800	0	0	0	3.41	0	0	0	0	217.03	160.6	123.53	109.56	58.08	140.91	171.27	62.37	3.41	1043.35
0.6900	0	0	0	3.41	0	0	0	0	203.17	155.65	117.92	109.56	61.05	143.66	174.24	62.37	3.41	1027.62
0.7000	0	0	0	0	0	0	0	0	189.2	148.06	109.67	112.75	61.05	146.3	177.21	64.9	0	1009.14
0.7100	0	0	0	0	0	0	0	0	175.34	140.58	104.17	115.94	61.05	149.05	180.18	64.9	0	991.21
0.7199	0	0	0	0	0	0	0	0	159.72	133.1	98.67	119.02	61.05	151.8	180.18	67.32	0	970.86
0.7299	0	0	0	0	0	0	0	0	146.96	125.51	93.28	122.21	61.05	154.55	183.15	67.32	0	954.03
0.7399	0	0	0	0	0	0	0	0	136.4	120.56	87.78	125.4	61.05	157.19	186.12	69.74	0	944.24
0.7499	0	0	0	0	0	0	0	0	123.75	113.08	82.39	125.4	64.02	159.94	189.09	69.74	0	927.41
0.7599	0	0	0	0	0	0	0	0	115.28	108.24	76.89	128.48	64.02	162.69	192.06	72.16	0	919.82
0.7699	0	0	0	0	0	0	0	0	107.58	101.2	71.39	131.67	66.99	165.44	198.11	72.16	0	914.54
0.7799	0	0	0	0	0	0	0	0	99.99	98.78	68.75	134.86	66.99	168.19	204.05	72.16	0	913.77
0.7899	0	0	0	0	0	0	0	0	94.16	94.05	63.25	134.86	66.99	170.83	207.02	74.69	0	905.85
0.7999	0	0	0	0	0	0	0	0	86.57	89.32	60.5	137.94	66.99	176.22	212.96	77.11	0	907.61
0.8099	0	0	0	0	0	0	0	0	80.85	84.59	57.75	141.13	69.96	178.86	221.98	79.53	0	914.65
0.8199	0	0	0	0	0	0	0	0	75.13	79.86	52.69	141.13	69.96	184.25	227.59	81.95	0	912.56
0.8299	0	0	0	0	0	0	0	0	67.43	72.82	50.27	147.51	72.93	189.64	236.06	81.95	0	918.61
0.8399	0	0	0	0	0	0	0	0	59.84	68.09	45.43	150.59	72.93	195.03	241.67	86.9	0	920.48
0.8499	0	0	0	0	0	0	0	0	50.93	60.94	40.7	153.78	72.93	200.42	250.14	89.32	0	919.16
0.8599	0	0	0	0	0	0	0	0	42.13	51.59	33.44	156.97	75.9	205.81	255.86	91.74	0	913.44
0.8699	0	0	0	0	0	0	0	0	35.09	44.55	28.71	160.05	75.9	211.2	264.33	96.69	0	916.52
0.8799	0	0	0	0	0	0	0	0	29.81	35.09	23.87	166.43	75.9	219.23	269.94	99.11	0	919.38
0.8899	0	0	0	0	0	0	0	0	26.29	28.05	21.56	169.62	72.93	224.73	275.66	101.53	0	920.37
0.8999	0	0	0	0	0	0	0	0	24.53	23.43	19.14	169.62	72.93	230.34	281.49	106.48	0	927.96
0.9099	0	0	0	0	0	0	0	0	21.01	16.39	16.72	169.62	69.96	238.7	284.46	106.48	0	923.34
0.9199	0	0	0	0	0	0	0	0	19.25	11.66	14.3	169.62	66.99	241.45	287.43	108.9	0	919.6
0.9299	0	0	0	0	0	0	0	0	15.73	6.93	11.88	163.24	61.05	247.06	287.43	111.32	0	904.64
0.9399	0	0	0	0	0	0	0	0	15.73	6.93	9.57	153.78	55.11	249.92	284.46	111.32	0	886.82
0.9499	0	0	0	0	0	0	0	0	15.73	4.62	9.57	141.13	49.5	249.92	281.49	113.85	0	865.81
0.9599	6.93	0	0	0	0	0	0	0	13.97	4.62	9.57	128.48	41.25	252.67	281.49	116.05	6.93	848.1
0.9699	13.86	0	0	0	0	0	0	0	13.97	0	7.15	112.75	35.75	258.28	275.66	118.25	13.86	821.81
0.9799	27.83	0	0	0	0	0	0	0	13.97	0	7.15	97.02	27.5	261.03	269.94	120.45	27.83	797.06
0.9899	95.48	5.83	0	0	0	0	0	0	12.21	0	7.15	81.29	22	263.89	261.47	124.96	101.31	772.97
0.9999	231.11	25.3	14.52	8.58	0	5.83	0	0	12.21	0	4.73	65.67	16.5	263.89	253	127.16	285.34	743.16
1.0099	244.09	48.73	26.62	13.75	4.18	5.83	0	0	10.45	0	4.73	50.82	13.75	261.03	241.67	129.47	343.2	711.92
1.0199	262.24	82.94	50.82	29.26	12.65	15.62	0	0	10.45	0	4.73	39.6	11	249.92	230.45	131.67	453.53	677.82
1.0299	270.05	115.94	72.27	49.94	19.03	23.43	6.05	0	6.93	0	4.73	31.02	8.25	230.34	212.96	131.67	556.71	625.9
1.0399	282.92	134.75	88.77	65.23	23.21	31.24	12.21	5.28	6.93	0	0	22.55	8.25	197.67	195.14	131.67	643.61	562.21
1.0499	293.15	141.02	102.96	78.43	25.41	37.07	15.18	7.04	3.41	0	0	14.08	8.25	157.19	171.27	127.16	700.26	481.36
1.0599	298.21	147.29	114.84	89.54	29.59	48.84	19.8	12.32	0	0	0	8.47	8.25	121.88	147.84	120.45	760.43	406.89
1.0699	303.38	151.47	127.27	93.94	31.68	58.63	25.96	14.08	0	0	0	5.61	8.25	89.21	121.77	106.48	806.41	331.32
1.0799	311.08	157.74	139.59	96.14	38.06	67.54	32.01	15.84	0	0	0	0	8.25	67.54	101.2	86.9	858	263.89
1.0899	321.31	159.83	149.49	100.54	40.15	74.25	36.63	15.84	0	0	0	0	8.25	52.25	83.27	62.37	898.04	206.14
1.0999	328.9	166.1	156.97	102.74	42.35	80.96	39.71	17.6	0	0	0	0	8.25	37.95	71.39	46.53	935.33	164.12
1.1099	334.07	168.3	161.92	107.14	44.44	83.27	41.25	17.6	0	0	0	0	5.5	28.49	59.51	31.79	957.99	125.29
1.1199	336.71	172.81	164.34	111.54	44.44	85.47	42.68	19.36	0	0	0	0	0	21.34	48.73	25.41	977.35	95.48
1.1299	336.71	175.12	164.34	116.05	46.53	87.67	42.68	19.36	0	0	0	0	0	14.19	38.5	16.94	988.46	69.63
1.1399	334.07	177.43	159.39	118.25	46.53	87.67	44.22	19.36	0	0	0	0	0	9.46	20.46	6.27	986.92	36.19
1.1499	328.9	177.43	154.44	120.56	48.62	89.98	44.22	21.12	0	0	0	0	0	4.73	7.7	0	985.27	12.43
1.1599	318.67	175.12	152.02	122.76	48.62	89.98	45.76	21.12	0	0	0	0	0	4.73	5.06	0	974.05	9.79
1.1699	311.08	170.61	147.07	124.96	50.82	92.18	47.3	22.88	0	0	0	0	0	4.73	5.06	0	966.9	9.79
1.1799	303.38	168.3	142.12	124.96	52.91	92.18	48.84	22.88	0	0	0	0	0	0	5.06	0	955.57	5.06
1.1899	293.15	164.01	137.17	124.96	52.91	92.18	50.38	22.88	0	0	0	0	0	0	0	0	937.64	0
1.1999	282.92	157.74	132.22	122.76	52.91	89.98	50.38	24.64	0	0	0	0	0	0	0	0	913.55	0
1.2099	270.05	151.47	127.27	122.76	55	92.18	51.92	24.64	0	0	0	0	0	0	0	0	895.29	0
1.2199	259.6	145.2	122.32	120.56	55	89.98	53.46	24.64	0	0	0	0	0	0	0	0	870.76	0
1.2299	246.73	138.93	117.37	120.56	57.2	89.98	53.46	26.4	0	0	0	0	0	0	0	0	850.63	0
1.2399	236.28	134.75	114.84	120.56	57.2	89.98	55	26.4	0	0	0	0	0	0	0	0	835.01	0
1.2499	228.58	130.57	110	120.56	57.2	92.18	56.54	26.4	0	0	0	0	0	0	0	0	822.03	0
1.2599	220.88	126.39	107.69	120.56	59.4	92.18	58.3	26.4	0	0	0	0	0	0	0	0	811.8	0
1.2699	213.62	122.21	107.69	122.76	59.4	94.49	58.3	28.27	0	0	0	0	0	0	0	0	806.74	0
1.2799	206.36	120.12	107.69	122.76	59.4	96.69	60.06	30.03	0	0	0	0	0	0	0	0	803.11	0
1.2899	201.52	118.03	107.69	127.27	59.4	98.89	61.93	30.03	0	0	0	0	0	0	0	0	804.76	0
1.2999	194.15	113.85	107.69	129.47	61.71	105.6	61.93	31.79	0	0	0	0	0	0	0	0	806.19	0
1.3099	186.89	111.54	107.69	133.98	61.71	110.11	65.56	33.55	0	0	0	0	0	0	0	0	811.03	0
1.3199	177.21	109.34	105.27	140.69	61.71	118.69	69.19	35.31	0	0	0	0	0	0	0	0	817.41	0
1.3299	167.53	104.94	102.96	147.4	64.02	127.16	72.82	38.83	0	0	0	0	0	0	0	0	825.66	0
1.3399	155.21	100.54	98.23	154.11	66.33	133.54	78.21	42.35	0	0	0	0	0	0	0	0	828.52	0
1.3499	142.89	93.94	93.5	158.51	66.33	144.1	81.84	44.11	0	0	0	0	0	0	0	0	825.22	0
1.3599	130.57	87.34	88.77	165.33	68.64	152.57	89.1	49.39	0	0	0	0	0	0	0	0	831.71	0
1.3699	118.36	80.74	81.73	169.95	70.95	161.04	94.49	52.91	0	0	0	0	0	0	0	0	830.17	0
1.3799	106.48	74.14	74.58	172.37	73.26	171.93	101.75	56.54	0	0	0	0	0	0	0	0	831.05	0
1.3899	93.28	65.34	67.54	177.1	73.26	180.73	109.01	62.59	0	0	0	0	0	0	0	0	828.85	0
1.3999	82.17	56.54	58.08	179.41	75.57	189.53	116.49	70.62	0	0	0	0	0	0	0	0	828.41	0
1.4099	68.97	48.73	48.4	181.83	75.57	198.44	122.54	84.81	0	0	0	0	0	0	0	0	829.29	0
1.4199	55.77	40.92	36.3	184.14	75.57	207.24	130.57	96.91	0	0	0	0	0	0	0	0	827.42	0
1.4299	44.11	33.11	26.62	181.83	75.57	213.84	140.69	106.92	0	0	0	0	0	0	0	0	822.69	0
1.4399	37.18	27.28	24.2	179.41	75.57	220.55	148.72	115.17	0	0	0	0	0	0	0	0	828.08	0
1.4499	32.45	23.32	19.36	177.1	73.26	224.95	156.75	123.53	0	0	0	0	0	0	0	0	830.72	0
1.4599	30.14	19.47	16.94	172.37	70.95	231.55	164.89	131.89	0	0	0	0	0	0	0	0	838.2	0
1.4699	25.52	15.51	14.52	165.33	68.64	233.75	170.94	142.34	0	0	0	0	0	0	0	0	836.55	0
1.4799	23.21	13.64	14.52	156.31	64.02	235.95	175.12	152.79	0	0	0	0	0	0	0	0	835.56	0
1.4899	23.21	11.66	12.1	145.09	59.4	238.15	177.21	159.06	5.17	4.62	0	0	0	0	0	0	825.88	9.79
1.4999	20.9	11.66	12.1	129.47	52.91	240.35	179.3	165.33	10.45	11.66	0	0	0	0	0	0	812.02	22.11
1.5099	18.59	11.66	9.68	111.54	46.53	242.55	177.21	169.62	26.29	16.39	0	0	0	0	0	0	787.38	42.68
1.5199	18.59	9.68	9.68	93.94	40.15	244.75	175.12	176.44	43.89	18.7	4.73	0	0	0	0	0	768.35	67.32
1.5299	18.59	9.68	9.68	76.23	31.68	244.75	170.94	181.06	86.57	37.51	11.88	11.22	0	7.04	7.7	0	742.61	161.92
1.5399	16.17	7.7	7.26	56.87	27.5	242.55	166.87	187.99	119.46	51.59	14.3	16.94	0	7.04	10.23	0	712.91	219.56
1.5499	13.86	7.7	7.26	44.77	21.12	238.15	160.82	194.92	132.22	65.67	19.14	45.21	8.25	30.8	15.4	10.56	688.6	327.25
1.5599	11.55	5.83	7.26	32.67	16.94	227.15	154.77	201.74	163.9	79.86	23.87	56.54	11	47.52	15.4	10.56	657.91	408.65
1.5699	9.24	3.85	4.84	24.09	12.65	202.84	146.74	204.05	198.55	91.74	33.44	68.75	16.5	62.04	33.33	14.74	608.3	519.09
1.5799	6.93	0	4.84	17.16	10.56	167.53	132.55	204.05	226.49	98.78	43.12	75.02	19.25	72.93	41.03	23.21	543.62	599.83
1.5899	0	0	0	11.99	8.47	125.07	110.88	201.74	243.76	103.51	50.27	78.21	22	81.07	51.37	25.41	458.15	655.6
1.5999	0	0	0	6.82	10.56	87.67	87.23	190.3	248.6	103.51	55.11	78.21	22	89.21	59.51	29.59	382.58	685.74
1.6099	0	0	0	5.17	10.56	60.83	65.56	159.06	260.92	105.93	60.5	81.29	24.75	97.35	71.39	33.88	301.18	736.01
1.6199	0	0	0	0	8.47	44.88	51.92	100.87	280.72	110.66	68.75	81.29	27.5	102.74	83.27	38.06	206.14	792.99
1.6299	0	0	0	0	4.18	33.22	42.68	66.55	306.24	113.08	76.89	78.21	33	108.24	98.23	42.35	146.63	856.24
1.6399	0	0	0	0	0	23.43	33.55	33.55	329.23	113.08	87.78	78.21	35.75	110.99	113.08	46.53	90.53	914.65
1.6499	0	0	0	0	0	15.62	24.42	19.36	346.72	113.08	96.03	75.02	38.5	113.63	127.6	50.82	59.4	961.4
1.6599	0	0	0	0	0	11.66	15.18	3.52	356.62	113.08	101.42	75.02	41.25	116.38	139.15	55.11	30.36	998.03
1.6699	0	0	0	0	0	7.81	9.13	0	359.15	113.08	104.17	75.02	44	119.13	147.84	57.53	16.94	1019.92
1.6799	0	0	0	0	0	5.83	6.05	0	356.62	113.08	104.17	78.21	44	121.88	156.53	59.95	11.88	1034.44
1.6899	0	0	0	0	0	5.83	4.51	0	349.25	113.08	104.17	78.21	46.75	124.52	162.36	62.37	10.34	1040.71
1.6999	0	0	0	0	0	3.85	2.97	0	336.82	110.66	101.42	78.21	46.75	127.27	168.3	64.9	6.82	1034.33
1.7099	0	0	0	0	0	0	0	0	321.53	108.24	98.67	81.29	49.5	130.02	174.24	67.32	0	1030.81
1.7199	0	0	0	0	0	0	0	0	306.24	105.93	96.03	84.48	49.5	132.77	177.21	67.32	0	1019.48
1.7299	0	0	0	0	0	0	0	0	288.31	103.51	93.28	84.48	49.5	135.41	180.18	69.74	0	1004.41
1.7399	0	0	0	0	0	0	0	0	273.24	101.2	90.53	87.56	52.25	138.16	186.12	69.74	0	998.8
1.7499	0	0	0	0	0	0	0	0	256.08	98.78	85.03	87.56	52.25	140.91	186.12	69.74	0	976.47
1.7599	0	0	0	0	0	0	0	0	236.28	96.47	79.64	90.75	52.25	143.66	189.09	69.74	0	957.88
1.7699	0	0	0	0	0	0	0	0	219.34	91.74	76.89	90.75	52.25	143.66	192.06	72.16	0	938.85
1.7799	0	0	0	0	0	0	0	0	203.17	87.01	71.39	90.75	52.25	143.66	195.14	72.16	0	915.53
1.7899	0	0	0	0	0	0	0	0	189.2	82.28	66	90.75	52.25	146.3	198.11	72.16	0	897.05
1.7999	0	0	0	0	0	0	0	0	173.03	77.55	63.25	90.75	55.11	146.3	201.08	72.16	0	879.23
1.8099	0	0	0	0	0	0	0	0	159.72	75.13	60.5	90.75	55.11	146.3	204.05	74.69	0	866.25
1.8199	0	0	0	0	0	0	0	0	146.96	70.4	55.11	90.75	55.11	149.05	209.99	74.69	0	852.06
1.8299	0	0	0	0	0	0	0	0	138.49	68.09	52.69	93.94	58.08	149.05	212.96	74.69	0	847.99
1.8399	0	0	0	0	0	0	0	0	127.93	63.36	50.27	93.94	58.08	151.8	218.9	74.69	0	838.97
1.8499	0	0	0	0	0	0	0	0	117.37	60.94	47.85	97.02	61.05	154.55	224.73	77.11	0	840.62
1.8599	0	0	0	0	0	0	0	0	107.58	56.21	45.43	97.02	61.05	157.19	230.45	79.53	0	834.46
1.8699	0	0	0	0	0	0	0	0	96.14	51.59	43.12	100.21	64.02	162.69	236.06	81.95	0	835.78
1.8799	0	0	0	0	0	0	0	0	84.7	46.86	38.28	106.48	64.02	168.19	244.53	84.48	0	837.54
1.8899	0	0	0	0	0	0	0	0	71.28	42.13	35.86	109.56	66.99	173.47	253	86.9	0	839.19
1.8999	0	0	0	0	0	0	0	0	59.84	37.51	31.13	112.75	66.99	178.86	261.47	91.74	0	840.29
1.9099	0	0	0	0	0	0	0	0	47.41	30.47	26.29	115.94	69.96	184.25	269.94	94.27	0	838.53
1.9199	0	0	0	0	0	0	0	0	38.61	25.74	23.87	119.02	69.96	189.64	281.49	99.11	0	847.44
1.9299	0	0	0	0	0	0	0	0	31.57	21.01	21.56	125.4	72.93	195.03	290.4	101.53	0	859.43
1.9399	0	0	0	0	0	0	0	0	26.29	13.97	19.14	131.67	72.93	200.42	299.31	106.48	0	870.21
1.9499	0	0	0	0	0	0	0	0	22.77	11.66	16.72	134.86	72.93	205.81	305.25	111.32	0	881.32
1.9599	0	0	0	0	0	0	0	0	21.01	6.93	14.3	137.94	69.96	213.84	311.19	113.85	0	889.02
1.9699	0	0	0	0	0	0	0	0	19.25	4.62	11.88	137.94	66.99	221.98	311.19	116.05	0	889.9
1.9799	0	0	0	0	0	0	0	0	17.49	0	9.57	137.94	64.02	227.48	311.19	120.45	0	888.14
1.9899	0	0	0	0	0	0	0	0	15.73	0	7.15	131.67	55.11	233.09	308.22	120.45	0	871.42
1.9999	0	0	0	0	0	0	0	0	15.73	0	7.15	119.02	49.5	238.7	305.25	122.76	0	858.11
2.0099	0	0	0	0	0	0	0	0	13.97	0	7.15	106.48	41.25	244.31	299.31	127.16	0	839.63
2.0199	4.62	3.85	0	0	0	0	0	0	13.97	0	4.73	90.75	33	252.67	296.34	129.47	8.47	820.93
2.0299	13.86	3.85	0	0	0	0	0	0	12.21	0	4.73	78.21	27.5	258.28	287.43	131.67	17.71	800.03
2.0399	32.45	3.85	0	0	0	0	0	0	12.21	0	4.73	62.48	19.25	261.03	275.66	133.87	36.3	769.23
2.0499	135.52	23.32	7.26	5.17	0	0	0	0	10.45	0	0	50.82	16.5	263.89	267.19	136.18	171.27	745.03
2.0599	290.62	56.54	21.78	17.16	6.27	7.81	0	0	10.45	0	0	39.6	11	261.03	253	138.38	400.18	713.46
2.0699	287.98	87.34	41.14	29.26	10.56	11.66	0	0	8.69	0	0	31.02	11	247.06	233.2	138.38	467.94	669.35
2.0799	295.68	132.66	69.85	48.18	16.94	21.45	2.97	3.52	6.93	0	0	22.55	8.25	221.98	212.96	138.38	591.25	611.05
2.0899	298.21	159.83	88.77	69.63	21.12	31.24	7.59	7.04	5.17	0	0	14.08	8.25	187	192.06	136.18	683.43	542.74
2.0999	313.61	170.61	102.96	85.03	25.41	39.05	13.75	10.56	0	0	0	8.47	8.25	146.3	168.3	129.47	760.98	460.79
2.1099	311.08	170.61	110	93.94	27.5	46.86	18.26	12.32	0	0	0	5.61	8.25	110.99	142.12	118.25	790.57	385.22
2.1199	305.91	175.12	117.37	102.74	29.59	58.63	22.88	15.84	0	0	0	0	11	81.07	115.94	99.11	828.08	307.12
2.1299	305.91	179.63	124.74	109.34	33.88	69.74	27.5	17.6	0	0	0	0	8.25	56.98	92.29	74.69	868.34	232.21
2.1399	311.08	186.45	134.64	118.25	38.06	78.76	32.01	19.36	0	0	0	0	8.25	42.68	77.33	52.91	918.61	181.17
2.1498	318.67	193.27	144.54	124.96	42.35	87.67	36.63	21.12	0	0	0	0	5.5	30.8	62.48	38.06	969.21	136.84
2.1598	321.31	197.78	147.07	133.98	44.44	94.49	39.71	22.88	0	0	0	0	0	23.65	51.37	29.59	1001.66	104.61
2.1698	318.67	202.4	147.07	142.89	46.53	98.89	41.25	24.64	0	0	0	0	0	16.61	38.5	19.03	1022.34	74.14
2.1798	311.08	204.6	144.54	151.8	46.53	103.4	41.25	22.88	0	0	0	0	0	9.46	23.1	8.47	1026.08	41.03
2.1898	295.68	204.6	137.17	165.33	46.53	105.6	41.25	24.64	0	0	0	0	0	4.73	10.23	0	1020.8	14.96
2.1998	277.86	200.09	127.27	177.1	46.53	110.11	41.25	24.64	0	0	0	0	0	4.73	7.7	0	1004.85	12.43
2.2098	257.07	193.27	114.84	188.87	46.53	114.51	39.71	24.64	0	0	0	0	0	0	5.06	0	979.44	5.06
2.2198	233.75	186.45	105.27	198.33	46.53	116.6	39.71	24.64	0	0	0	0	0	0	0	0	951.28	0
2.2298	211.2	175.12	95.81	210.1	46.53	120.78	39.71	24.64	0	0	0	0	0	0	0	0	923.89	0
2.2398	191.73	164.01	86.35	217.25	46.53	122.98	39.71	24.64	0	0	0	0	0	0	0	0	893.2	0
2.2498	172.37	151.47	79.31	224.18	46.53	125.07	39.71	26.4	0	0	0	0	0	0	0	0	865.04	0
2.2598	157.63	141.02	72.27	231	44.44	127.16	39.71	26.4	0	0	0	0	0	0	0	0	839.63	0
2.2698	140.47	130.57	65.12	235.51	44.44	129.25	39.71	26.4	0	0	0	0	0	0	0	0	811.47	0
2.2798	128.15	120.12	58.08	242.33	46.53	131.45	39.71	26.4	0	0	0	0	0	0	0	0	792.77	0
2.2898	115.83	109.34	50.82	246.84	44.44	133.54	41.25	26.4	0	0	0	0	0	0	0	0	768.46	0
2.2998	104.28	100.54	45.98	251.46	44.44	137.72	41.25	28.27	0	0	0	0	0	0	0	0	753.94	0
2.3098	95.48	91.74	41.14	255.97	44.44	139.92	41.25	28.27	0	0	0	0	0	0	0	0	738.21	0
2.3198	86.68	85.14	38.72	260.48	44.44	144.1	41.25	28.27	0	0	0	0	0	0	0	0	729.08	0
2.3298	79.97	80.74	36.3	264.99	44.44	148.39	42.68	30.03	0	0	0	0	0	0	0	0	727.54	0
2.3398	73.37	74.14	31.46	269.61	44.44	150.48	42.68	30.03	0	0	0	0	0	0	0	0	716.21	0
2.3498	66.77	67.54	29.04	274.12	44.44	154.66	44.22	31.79	0	0	0	0	0	0	0	0	712.58	0
2.3598	60.17	60.94	26.62	278.74	44.44	158.95	44.22	31.79	0	0	0	0	0	0	0	0	705.87	0
2.3698	55.77	54.56	24.2	281.05	46.53	165.33	47.3	33.55	0	0	0	0	0	0	0	0	708.29	0
2.3798	48.73	50.6	21.78	285.78	46.53	171.93	47.3	33.55	0	0	0	0	0	0	0	0	706.2	0
2.3898	41.8	44.77	19.36	288.2	46.53	176.33	48.84	33.55	0	0	0	0	0	0	0	0	699.38	0
2.3998	37.18	38.94	19.36	290.51	46.53	185.13	51.92	35.31	0	0	0	0	0	0	0	0	704.88	0
2.4098	34.76	36.96	16.94	290.51	46.53	189.53	53.46	35.31	0	0	0	0	0	0	0	0	704	0
2.4198	30.14	33.11	16.94	292.93	46.53	198.44	56.54	37.07	0	0	0	0	0	0	0	0	711.7	0
2.4298	30.14	31.13	14.52	292.93	46.53	205.04	58.3	38.83	0	0	0	0	0	0	0	0	717.42	0
2.4398	27.83	29.15	12.1	292.93	46.53	211.64	61.93	42.35	0	0	0	0	0	0	0	0	724.46	0
2.4498	25.52	25.3	12.1	290.51	46.53	220.55	65.56	45.87	0	0	0	0	0	0	0	0	731.94	0
2.4598	23.21	21.34	9.68	288.2	46.53	229.35	67.32	52.91	0	0	0	0	0	0	0	0	738.54	0
2.4698	20.9	19.47	9.68	285.78	44.44	238.15	70.95	58.52	0	0	0	0	0	0	0	0	747.89	0
2.4798	20.9	17.49	9.68	278.74	42.35	244.75	74.58	66.55	0	0	0	0	0	0	0	0	755.04	0
2.4898	20.9	17.49	7.26	271.81	42.35	253.55	76.45	76.67	0	0	0	0	0	0	0	0	766.48	0
2.4998	18.59	15.51	9.68	264.99	40.15	262.35	80.08	92.84	0	0	0	0	0	0	0	0	784.19	0
2.5098	18.59	15.51	7.26	253.66	40.15	268.95	81.84	106.92	0	0	0	0	0	0	0	0	792.88	0
2.5198	18.59	15.51	7.26	242.33	38.06	275.55	83.71	123.53	0	0	0	0	0	0	0	0	804.54	0
2.5298	18.59	15.51	7.26	226.49	33.88	281.82	85.47	136.07	0	0	0	0	0	0	0	0	805.09	0
2.5398	16.17	13.64	7.26	205.37	31.68	285.89	85.47	150.7	0	0	0	0	0	0	0	0	796.18	0
2.5498	16.17	13.64	4.84	184.14	29.59	289.96	83.71	167.42	0	0	0	0	0	0	0	0	789.47	0
2.5598	13.86	11.66	4.84	163.02	25.41	293.92	81.84	178.75	5.17	0	0	0	0	0	0	0	773.3	5.17
2.5698	13.86	11.66	4.84	145.09	23.21	296.01	78.21	185.68	8.69	6.93	0	0	0	0	0	0	758.56	15.62
2.5798	13.86	11.66	4.84	122.76	19.03	297.99	74.58	194.92	13.97	13.97	0	0	0	0	0	0	739.64	27.94
2.5898	11.55	9.68	4.84	104.94	14.74	297.99	70.95	201.74	26.29	23.43	4.73	8.47	0	4.73	0	0	716.43	67.65
2.5998	9.24	7.7	4.84	87.34	12.65	291.94	67.32	210.98	98.01	65.67	11.88	16.94	0	9.46	7.7	0	692.01	209.66
2.6098	9.24	7.7	0	69.63	8.47	279.84	63.69	217.91	166.1	123.09	23.87	36.74	0	16.61	7.7	0	656.48	374.11
2.6198	6.93	5.83	0	53.35	6.27	253.55	60.06	222.53	191.51	163.13	38.28	62.48	8.25	30.8	5.06	8.47	608.52	507.98
2.6298	0	3.85	0	43.01	6.27	209.44	58.3	224.84	231.44	197.23	68.75	78.21	11	47.52	7.7	10.56	545.71	652.41
2.6398	0	0	0	36.19	8.47	150.48	56.54	213.29	270.82	211.75	93.28	90.75	19.25	67.54	30.8	21.12	464.97	805.31
2.6498	0	0	0	29.26	8.47	101.2	55	187.99	288.31	216.59	109.67	93.94	24.75	81.07	48.73	27.5	381.92	890.56
2.6598	0	0	0	22.33	8.47	69.74	50.38	140.25	285.78	214.17	117.92	97.02	30.25	91.96	65.45	31.79	291.17	934.34
2.6698	0	0	0	13.75	6.27	52.69	42.68	96.91	285.78	211.75	126.28	100.21	35.75	100.1	77.33	35.97	212.3	973.17
2.6798	0	0	0	8.58	4.18	39.05	35.09	62.59	288.31	216.59	137.5	103.29	41.25	110.99	92.29	40.26	149.49	1030.48
2.6898	0	0	0	5.17	0	27.28	28.93	37.07	298.54	219.01	148.61	106.48	44	119.13	104.17	44.44	98.45	1084.38
2.6998	0	0	0	3.41	0	19.47	21.34	22.88	308.77	221.43	156.97	109.56	46.75	124.52	115.94	48.73	67.1	1132.67
2.7098	0	0	0	3.41	0	15.62	13.75	8.8	311.3	223.85	162.58	109.56	49.5	127.27	124.63	50.82	41.58	1159.51
2.7198	0	0	0	5.17	0	7.81	6.05	0	311.3	223.85	165.33	112.75	52.25	130.02	133.32	52.91	19.03	1181.73
2.7298	0	0	0	5.17	0	5.83	2.97	0	306.24	223.85	162.58	115.94	55.11	135.41	136.29	55.11	13.97	1190.53
2.7398	0	0	0	5.17	0	5.83	0	0	293.48	221.43	156.97	119.02	55.11	135.41	139.15	55.11	11	1175.68
2.7498	0	0	0	5.17	0	3.85	0	0	278.19	216.59	151.36	119.02	55.11	138.16	144.98	55.11	9.02	1158.52
2.7598	0	0	0	3.41	0	0	0	0	260.92	206.91	143	119.02	55.11	138.16	144.98	55.11	3.41	1123.21
2.7698	0	0	0	3.41	0	0	0	0	241.23	197.23	131.89	119.02	58.08	140.91	150.81	55.11	3.41	1094.28
2.7798	0	0	0	3.41	0	0	0	0	224.07	187.55	126.28	119.02	58.08	140.91	153.67	55.11	3.41	1064.69
2.7898	0	0	0	3.41	0	0	0	0	207.79	177.87	115.17	119.02	58.08	140.91	153.67	55.11	3.41	1027.62
2.7998	0	0	0	3.41	0	0	0	0	191.51	168.19	109.67	119.02	58.08	140.91	156.53	55.11	3.41	999.02
2.8098	0	0	0	3.41	0	0	0	0	175.34	155.65	101.42	119.02	58.08	140.91	159.5	55.11	3.41	965.03
2.8198	0	0	0	3.41	0	0	0	0	159.72	145.64	93.28	115.94	58.08	140.91	162.36	55.11	3.41	931.04
2.8298	0	0	0	0	0	0	0	0	146.96	135.52	87.78	115.94	61.05	140.91	165.33	55.11	0	908.6
2.8398	0	0	0	0	0	0	0	0	136.4	128.04	82.39	119.02	61.05	143.66	168.3	55.11	0	893.97
2.8498	0	0	0	0	0	0	0	0	125.84	120.56	76.89	119.02	61.05	146.3	171.27	57.53	0	878.46
2.8598	0	0	0	0	0	0	0	0	115.28	113.08	71.39	125.4	64.02	149.05	177.21	57.53	0	872.96
2.8698	0	0	0	0	0	0	0	0	105.71	108.24	68.75	128.48	64.02	154.55	183.15	59.95	0	872.85
2.8798	0	0	0	0	0	0	0	0	99.99	103.51	66	131.67	64.02	159.94	189.09	62.37	0	876.59
2.8898	0	0	0	0	0	0	0	0	92.29	98.78	63.25	137.94	66.99	165.44	195.14	64.9	0	884.73
2.8998	0	0	0	0	0	0	0	0	86.57	96.47	57.75	144.32	66.99	170.83	201.08	67.32	0	891.33
2.9098	0	0	0	0	0	0	0	0	80.85	91.74	55.11	150.59	66.99	178.86	204.05	67.32	0	895.51
2.9198	0	0	0	0	0	0	0	0	75.13	89.32	52.69	160.05	66.99	187	209.99	72.16	0	913.33
2.9298	0	0	0	0	0	0	0	0	67.43	84.59	50.27	166.43	66.99	192.39	212.96	74.69	0	915.75
2.9398	0	0	0	0	0	0	0	0	61.71	79.86	45.43	169.62	69.96	200.42	221.98	77.11	0	926.09
2.9498	0	0	0	0	0	0	0	0	56.21	72.82	43.12	176	69.96	205.81	227.59	79.53	0	931.04
2.9598	0	0	0	0	0	0	0	0	50.93	65.67	38.28	179.19	69.96	213.84	236.06	81.95	0	935.88
2.9698	0	0	0	0	0	0	0	0	43.89	58.63	33.44	182.38	69.96	219.23	244.53	84.48	0	936.54
2.9798	0	0	0	0	0	0	0	0	36.85	51.59	28.71	182.38	72.93	224.73	253	86.9	0	937.09
2.9898	0	0	0	0	0	0	0	0	31.57	39.82	23.87	185.57	72.93	227.48	261.47	89.32	0	932.03
2.9998	0	0	0	0	0	0	0	0	28.05	32.78	21.56	188.76	69.96	233.09	267.19	91.74	0	933.13
3.0098	0	0	0	0	0	0	0	0	24.53	25.74	19.14	185.57	69.96	238.7	275.66	94.27	0	933.57
3.0198	0	0	0	0	0	0	0	0	22.77	18.7	16.72	182.38	66.99	241.45	284.46	94.27	0	927.74
3.0298	0	0	0	0	0	0	0	0	19.25	11.66	11.88	172.81	64.02	244.31	287.43	96.69	0	908.05
3.0398	0	0	0	0	0	0	0	0	15.73	6.93	9.57	163.24	61.05	244.31	293.37	96.69	0	890.89
3.0498	6.93	0	0	0	0	0	0	0	15.73	4.62	9.57	147.51	55.11	247.06	293.37	96.69	6.93	869.66
3.0598	13.86	0	0	0	0	0	0	0	13.97	0	7.15	134.86	49.5	244.31	296.34	99.11	13.86	845.24
3.0698	25.52	0	0	0	0	0	0	0	13.97	0	7.15	115.94	41.25	247.06	299.31	101.53	25.52	826.21
3.0798	75.57	3.85	0	0	0	0	0	0	13.97	0	4.73	100.21	35.75	249.92	296.34	106.48	79.42	807.4
3.0898	211.2	17.49	9.68	3.41	0	3.85	0	0	12.21	0	4.73	84.48	27.5	249.92	293.37	108.9	245.63	781.11
3.0998	238.92	36.96	19.36	10.34	0	5.83	0	0	12.21	0	4.73	68.75	22	249.92	287.43	111.32	311.41	756.36
3.1098	246.73	58.74	33.88	17.16	6.27	7.81	0	0	10.45	0	4.73	50.82	16.5	247.06	275.66	113.85	370.59	719.07
3.1198	251.9	89.54	53.24	31.02	12.65	15.62	0	0	8.69	0	0	39.6	13.75	235.95	261.47	116.05	453.97	675.51
3.1298	249.26	113.85	67.54	46.53	19.03	23.43	6.05	5.28	8.69	0	0	31.02	11	219.23	241.67	118.25	530.97	629.86
3.1398	257.07	128.48	79.31	58.63	23.21	29.26	10.67	7.04	5.17	0	0	22.55	8.25	187	218.9	118.25	593.67	560.12
3.1498	259.6	136.84	91.08	71.83	25.41	37.07	13.75	8.8	3.41	0	0	14.08	8.25	151.8	189.09	116.05	644.38	482.68
3.1598	267.41	143.11	102.96	80.63	27.5	48.84	19.8	14.08	0	0	0	5.61	8.25	119.13	159.5	111.32	704.33	403.81
3.1698	277.86	147.29	117.37	82.83	31.68	58.63	25.96	15.84	0	0	0	0	8.25	91.96	127.6	99.11	757.46	326.92
3.1798	287.98	153.56	132.22	85.03	35.97	67.54	33.55	19.36	0	0	0	0	8.25	64.79	104.17	79.53	815.21	256.74
3.1898	300.85	157.74	144.54	87.34	40.15	74.25	39.71	21.12	0	0	0	0	8.25	49.83	83.27	57.53	865.7	198.88
3.1998	311.08	161.92	156.97	89.54	44.44	80.96	44.22	22.88	0	0	0	0	8.25	35.64	71.39	44.44	912.01	159.72
3.2098	313.61	166.1	164.34	91.74	46.53	87.67	48.84	24.64	0	0	0	0	5.5	26.07	62.48	31.79	943.47	125.84
3.2198	316.14	168.3	171.82	96.14	48.62	89.98	51.92	28.27	0	0	0	0	0	21.34	51.37	27.5	971.19	100.21
3.2298	316.14	170.61	174.24	98.34	50.82	94.49	53.46	30.03	0	0	0	0	0	16.61	41.03	19.03	988.13	76.67
3.2398	313.61	170.61	174.24	102.74	50.82	96.69	55	31.79	0	0	0	0	0	9.46	23.1	6.27	995.5	38.83
3.2498	305.91	170.61	174.24	104.94	52.91	101.2	56.54	33.55	0	0	0	0	0	4.73	10.23	0	999.9	14.96
3.2598	298.21	166.1	171.82	107.14	52.91	103.4	60.06	35.31	0	0	0	0	0	0	7.7	0	994.95	7.7
3.2698	290.62	164.01	169.29	109.34	52.91	105.6	61.93	37.07	0	0	0	0	0	0	7.7	0	990.77	7.7
3.2798	280.39	159.83	164.34	111.54	55	105.6	63.69	38.83	0	0	0	0	0	0	5.06	0	979.22	5.06
3.2898	270.05	155.65	159.39	111.54	55	107.91	63.69	40.59	0	0	0	0	0	0	0	0	963.82	0
3.2998	257.07	149.38	154.44	111.54	55	107.91	65.56	40.59	0	0	0	0	0	0	0	0	941.49	0
3.3098	244.09	143.11	147.07	111.54	55	107.91	65.56	40.59	0	0	0	0	0	0	0	0	914.87	0
3.3198	231.11	136.84	142.12	113.85	55	110.11	67.32	42.35	0	0	0	0	0	0	0	0	898.7	0
3.3298	218.46	132.66	134.64	113.85	55	112.42	67.32	42.35	0	0	0	0	0	0	0	0	876.7	0
3.3398	206.36	128.48	127.27	118.25	57.2	114.51	67.32	42.35	0	0	0	0	0	0	0	0	861.74	0
3.3498	194.15	122.21	117.37	122.76	57.2	114.51	67.32	44.11	0	0	0	0	0	0	0	0	839.63	0
3.3598	184.47	118.03	110	127.27	55	116.6	67.32	44.11	0	0	0	0	0	0	0	0	822.8	0
3.3698	172.37	113.85	102.96	131.67	55	120.78	67.32	44.11	0	0	0	0	0	0	0	0	808.06	0
3.3798	162.58	111.54	98.23	136.18	55	122.98	67.32	45.87	0	0	0	0	0	0	0	0	799.7	0
3.3898	152.68	107.14	93.5	142.89	55	127.16	67.32	45.87	0	0	0	0	0	0	0	0	791.56	0
3.3998	145.31	102.74	88.77	147.4	57.2	131.45	69.19	45.87	0	0	0	0	0	0	0	0	787.93	0
3.4098	135.52	100.54	84.04	154.11	57.2	135.63	69.19	47.63	0	0	0	0	0	0	0	0	783.86	0
3.4198	130.57	93.94	81.73	158.51	57.2	139.92	72.82	49.39	0	0	0	0	0	0	0	0	784.08	0
3.4298	120.78	91.74	77	165.33	57.2	146.19	74.58	49.39	0	0	0	0	0	0	0	0	782.21	0
3.4398	113.41	85.14	72.27	169.95	59.4	152.57	78.21	51.15	0	0	0	0	0	0	0	0	782.1	0
3.4498	104.28	80.74	67.54	174.68	59.4	158.95	81.84	52.91	0	0	0	0	0	0	0	0	780.34	0
3.4598	97.68	74.14	62.81	179.41	61.71	167.53	87.23	56.54	0	0	0	0	0	0	0	0	787.05	0
3.4698	86.68	69.74	58.08	186.56	61.71	174.13	90.86	60.5	0	0	0	0	0	0	0	0	788.26	0
3.4798	77.77	60.94	50.82	191.29	64.02	182.93	96.36	64.57	0	0	0	0	0	0	0	0	788.7	0
3.4898	66.77	54.56	43.56	193.6	64.02	191.73	103.62	70.62	0	0	0	0	0	0	0	0	788.48	0
3.4998	55.77	46.75	33.88	198.33	66.33	200.64	110.88	80.74	0	0	0	0	0	0	0	0	793.32	0
3.5098	44.11	38.94	26.62	198.33	66.33	209.44	118.47	96.91	0	0	0	0	0	0	0	0	799.15	0
3.5198	37.18	33.11	24.2	198.33	66.33	220.55	126.5	109.01	0	0	0	0	0	0	0	0	815.21	0
3.5298	34.76	27.28	19.36	198.33	66.33	227.15	134.64	119.35	0	0	0	0	0	0	0	0	827.2	0
3.5398	30.14	23.32	16.94	193.6	66.33	233.75	142.67	129.8	0	0	0	0	0	0	0	0	836.55	0
3.5498	25.52	19.47	14.52	191.29	64.02	238.15	148.72	140.25	0	0	0	0	0	0	0	0	841.94	0
3.5598	23.21	15.51	14.52	184.14	61.71	242.55	152.79	150.7	0	0	0	0	0	0	0	0	845.13	0
3.5698	20.9	13.64	12.1	172.37	57.2	244.75	156.75	163.24	0	0	0	0	0	0	0	0	840.95	0
3.5797	20.9	13.64	12.1	158.51	52.91	246.95	156.75	169.62	5.17	0	0	0	0	0	0	0	831.38	5.17
3.5897	18.59	11.66	9.68	142.89	46.53	246.95	158.84	178.75	8.69	0	0	0	0	0	0	0	813.89	8.69
3.5997	18.59	11.66	9.68	122.76	40.15	246.95	156.75	183.37	12.21	6.93	0	0	0	0	0	0	789.91	19.14
3.6097	18.59	9.68	7.26	102.74	35.97	249.15	152.79	190.3	19.25	11.66	0	0	0	0	0	0	766.48	30.91
3.6197	16.17	9.68	7.26	82.83	29.59	249.15	148.72	197.23	35.09	23.43	7.15	5.61	0	0	0	0	740.63	71.28
3.6297	13.86	7.7	7.26	65.23	25.41	246.95	146.74	204.05	92.29	58.63	11.88	14.08	0	0	5.06	0	717.2	181.94
3.6397	13.86	7.7	4.84	48.18	19.03	240.35	142.67	208.67	138.49	103.51	21.56	39.6	0	16.61	10.23	0	685.3	330
3.6497	11.55	5.83	4.84	36.19	14.74	227.15	136.62	210.98	163.9	140.58	38.28	56.54	11	35.64	7.7	8.47	647.9	462.11
3.6597	9.24	3.85	4.84	25.85	10.56	202.84	126.5	215.6	196.24	165.66	60.5	71.94	13.75	56.98	15.4	12.65	599.28	593.12
3.6697	4.62	0	4.84	18.92	8.47	163.13	114.51	215.6	219.34	177.87	76.89	81.29	19.25	70.18	35.97	19.03	530.09	699.82
3.6797	0	0	0	11.99	8.47	118.69	96.36	210.98	224.07	180.29	85.03	84.48	22	78.32	46.2	23.21	446.49	743.6
3.6897	0	0	0	8.58	10.56	80.96	74.58	190.3	221.65	180.29	87.78	90.75	24.75	89.21	53.9	27.5	364.98	775.83
3.6997	0	0	0	5.17	10.56	56.65	56.54	146.52	224.07	187.55	98.67	97.02	27.5	102.74	68.42	31.79	275.44	837.76
3.7097	0	0	0	0	6.27	42.9	47.3	90.86	236.28	199.65	109.67	103.29	30.25	116.38	83.27	35.97	187.33	914.76
3.7197	0	0	0	0	4.18	31.24	38.17	56.54	251.13	206.91	123.53	109.56	33	127.27	95.26	40.26	130.13	986.92
3.7297	0	0	0	0	0	21.45	30.47	30.03	263.45	214.17	134.64	115.94	35.75	135.41	107.14	46.53	81.95	1053.03
3.7397	0	0	0	0	0	15.62	21.34	17.6	273.24	219.01	145.86	119.02	41.25	143.66	118.91	48.73	54.56	1109.68
3.7497	0	0	0	0	0	11.66	13.75	3.52	275.77	223.85	148.61	122.21	41.25	146.3	124.63	50.82	28.93	1133.44
3.7597	0	0	0	0	0	7.81	7.59	0	275.77	223.85	148.61	128.48	44	151.8	130.46	52.91	15.4	1155.88
3.7697	0	0	0	0	0	7.81	6.05	0	270.82	223.85	145.86	128.48	44	151.8	133.32	52.91	13.86	1151.04
3.7797	0	0	0	0	0	5.83	4.51	0	263.45	221.43	140.25	128.48	44	151.8	133.32	52.91	10.34	1135.64
3.7897	0	0	0	0	0	3.85	2.97	0	253.55	214.17	134.64	128.48	44	151.8	133.32	52.91	6.82	1112.87
3.7997	0	0	0	0	0	3.85	0	0	241.23	206.91	129.14	128.48	44	149.05	133.32	52.91	3.85	1085.04
3.8097	0	0	0	0	0	0	0	0	226.49	199.65	120.78	128.48	44	149.05	133.32	50.82	0	1052.59
3.8197	0	0	0	0	0	0	0	0	210.1	189.97	112.42	128.48	44	146.3	133.32	50.82	0	1015.41
3.8297	0	0	0	0	0	0	0	0	193.82	180.29	104.17	128.48	44	146.3	133.32	50.82	0	981.2
3.8397	0	0	0	0	0	0	0	0	179.96	170.61	96.03	128.48	44	143.66	133.32	50.82	0	946.88
3.8497	0	0	0	0	0	0	0	0	166.1	160.6	90.53	128.48	46.75	143.66	133.32	50.82	0	920.26
3.8597	0	0	0	0	0	0	0	0	155.43	153.12	85.03	128.48	46.75	143.66	136.29	50.82	0	899.58
3.8697	0	0	0	0	0	0	0	0	146.96	145.64	82.39	128.48	46.75	143.66	139.15	50.82	0	883.85
3.8797	0	0	0	0	0	0	0	0	138.49	140.58	79.64	131.67	46.75	146.3	142.12	50.82	0	876.37
3.8897	0	0	0	0	0	0	0	0	132.22	135.52	76.89	131.67	49.5	149.05	144.98	52.91	0	872.74
3.8997	0	0	0	0	0	0	0	0	125.84	130.57	74.14	131.67	49.5	149.05	147.84	55.11	0	863.72
3.9097	0	0	0	0	0	0	0	0	121.55	125.51	74.14	134.86	52.25	151.8	153.67	55.11	0	868.89
3.9197	0	0	0	0	0	0	0	0	117.37	123.09	74.14	137.94	52.25	154.55	156.53	57.53	0	873.4
3.9297	0	0	0	0	0	0	0	0	113.3	120.56	74.14	141.13	55.11	159.94	165.33	57.53	0	887.04
3.9397	0	0	0	0	0	0	0	0	111.43	118.03	71.39	141.13	55.11	162.69	171.27	62.37	0	893.42
3.9497	0	0	0	0	0	0	0	0	107.58	113.08	71.39	144.32	58.08	168.19	180.18	64.9	0	907.72
3.9597	0	0	0	0	0	0	0	0	103.73	110.66	71.39	147.51	61.05	173.47	192.06	67.32	0	927.19
3.9697	0	0	0	0	0	0	0	0	98.01	105.93	71.39	150.59	64.02	181.61	201.08	72.16	0	944.79
3.9797	0	0	0	0	0	0	0	0	94.16	101.2	66	156.97	64.02	187	212.96	74.69	0	957
3.9897	0	0	0	0	0	0	0	0	86.57	96.47	63.25	160.05	66.99	195.03	221.98	77.11	0	967.45
3.9997	0	0	0	0	0	0	0	0	77	91.74	57.75	166.43	69.96	203.06	233.2	79.53	0	978.67
4.0097	0	0	0	0	0	0	0	0	69.41	84.59	52.69	172.81	72.93	211.2	244.53	84.48	0	992.64
4.0197	0	0	0	0	0	0	0	0	59.84	75.13	47.85	176	72.93	216.59	250.14	86.9	0	985.38
4.0297	0	0	0	0	0	0	0	0	50.93	65.67	40.7	179.19	72.93	224.73	261.47	91.74	0	987.36
4.0397	0	0	0	0	0	0	0	0	40.37	53.9	33.44	185.57	75.9	230.34	267.19	94.27	0	980.98
4.0497	0	0	0	0	0	0	0	0	31.57	39.82	26.29	188.76	72.93	238.7	278.52	96.69	0	973.28
4.0597	0	0	0	0	0	0	0	0	28.05	30.47	21.56	191.95	72.93	244.31	284.46	99.11	0	972.84
4.0697	0	0	0	0	0	0	0	0	24.53	23.43	19.14	188.76	69.96	249.92	290.4	101.53	0	967.67
4.0797	0	0	0	0	0	0	0	0	21.01	13.97	14.3	182.38	66.99	252.67	293.37	104.06	0	948.75
4.0897	0	0	0	0	0	0	0	0	17.49	6.93	9.57	172.81	61.05	255.42	293.37	106.48	0	923.12
4.0997	6.93	0	0	0	0	0	0	0	15.73	6.93	9.57	156.97	52.25	255.42	290.4	106.48	6.93	893.75
4.1097	13.86	0	0	0	0	0	0	0	15.73	4.62	7.15	141.13	46.75	258.28	287.43	108.9	13.86	869.99
4.1197	32.45	0	0	0	0	0	0	0	13.97	0	7.15	122.21	38.5	261.03	284.46	113.85	32.45	841.17
4.1297	113.41	9.68	0	0	0	0	0	0	13.97	0	7.15	106.48	30.25	263.89	275.66	116.05	123.09	813.45
4.1397	238.92	29.15	14.52	8.58	0	5.83	0	0	12.21	0	4.73	90.75	22	266.64	264.33	118.25	297	778.91
4.1497	244.09	48.73	24.2	10.34	4.18	5.83	0	0	10.45	0	4.73	71.94	19.25	269.39	253	120.45	337.37	749.21
4.1597	254.43	76.34	45.98	20.68	8.47	11.66	0	0	8.69	0	4.73	56.54	13.75	263.89	236.06	122.76	417.56	706.42
4.1697	259.6	109.34	65.12	37.84	14.74	19.47	4.51	5.28	8.69	0	0	42.35	11	247.06	218.9	122.76	515.9	650.76
4.1797	270.05	126.39	81.73	51.7	19.03	27.28	10.67	12.32	6.93	0	0	31.02	8.25	219.23	198.11	122.76	599.17	586.3
4.1897	282.92	134.75	95.81	56.87	21.12	33.22	13.75	12.32	5.17	0	0	19.8	8.25	178.86	174.24	122.76	650.76	509.08
4.1997	285.45	136.84	107.69	63.03	23.21	41.03	16.72	15.84	0	0	0	11.22	8.25	138.16	150.81	120.45	689.81	428.89
4.2097	287.98	138.93	117.37	65.23	27.5	50.71	22.88	17.6	0	0	0	5.61	8.25	105.49	121.77	108.9	728.2	350.02
4.2197	293.15	138.93	129.69	65.23	31.68	56.65	28.93	19.36	0	0	0	0	8.25	75.68	101.2	89.32	763.62	274.45
4.2297	303.38	141.02	142.12	65.23	33.88	63.03	36.63	22.88	0	0	0	0	8.25	52.25	83.27	64.9	808.17	208.67
4.2397	313.61	145.2	156.97	65.23	38.06	67.54	42.68	24.64	0	0	0	0	5.5	37.95	68.42	50.82	853.93	162.69
4.2497	323.84	145.2	169.29	65.23	42.35	72.05	48.84	28.27	0	0	0	0	0	28.49	59.51	38.06	895.07	126.06
4.2597	331.54	147.29	181.83	65.23	44.44	76.56	53.46	30.03	0	0	0	0	0	21.34	51.37	29.59	930.38	102.3
4.2697	336.71	147.29	189.31	65.23	46.53	78.76	58.3	31.79	0	0	0	0	0	16.61	38.5	21.12	953.92	76.23
4.2797	336.71	147.29	194.37	67.43	48.62	80.96	61.93	33.55	0	0	0	0	0	11.88	23.1	8.47	970.86	43.45
4.2897	334.07	147.29	194.37	67.43	50.82	83.27	65.56	35.31	0	0	0	0	0	7.04	15.4	6.27	978.12	28.71
4.2997	328.9	145.2	194.37	69.63	52.91	85.47	69.19	35.31	0	0	0	0	0	7.04	12.76	4.18	980.98	23.98
4.3097	321.31	143.11	189.31	69.63	52.91	87.67	70.95	37.07	0	0	0	0	0	4.73	10.23	4.18	971.96	19.14
4.3197	313.61	138.93	186.78	69.63	55	87.67	72.82	37.07	0	0	0	0	0	0	7.7	0	961.51	7.7
4.3297	303.38	134.75	181.83	69.63	55	89.98	76.45	38.83	0	0	0	0	0	0	5.06	0	949.85	5.06
4.3397	293.15	130.57	176.77	69.63	55	89.98	78.21	38.83	0	0	0	0	0	0	0	0	932.14	0
4.3497	282.92	124.3	171.82	69.63	57.2	89.98	80.08	38.83	0	0	0	0	0	0	0	0	914.76	0
4.3597	267.41	120.12	164.34	69.63	57.2	92.18	81.84	40.59	0	0	0	0	0	0	0	0	893.31	0
4.3697	254.43	115.94	156.97	69.63	57.2	92.18	81.84	40.59	0	0	0	0	0	0	0	0	868.78	0
4.3797	241.45	109.34	149.49	71.83	59.4	94.49	83.71	42.35	0	0	0	0	0	0	0	0	852.06	0
4.3897	228.58	104.94	142.12	74.03	59.4	96.69	85.47	42.35	0	0	0	0	0	0	0	0	833.58	0
4.3997	213.62	102.74	134.64	78.43	59.4	101.2	87.23	44.11	0	0	0	0	0	0	0	0	821.37	0
4.4097	201.52	98.34	129.69	82.83	61.71	105.6	89.1	45.87	0	0	0	0	0	0	0	0	814.66	0
4.4197	189.31	96.14	122.32	87.34	61.71	110.11	89.1	47.63	0	0	0	0	0	0	0	0	803.66	0
4.4297	177.21	91.74	114.84	93.94	61.71	116.6	90.86	49.39	0	0	0	0	0	0	0	0	796.29	0
4.4397	165	89.54	107.69	102.74	61.71	122.98	92.73	51.15	0	0	0	0	0	0	0	0	793.54	0
4.4497	152.68	87.34	102.96	109.34	61.71	129.25	92.73	54.67	0	0	0	0	0	0	0	0	790.68	0
4.4597	142.89	82.94	93.5	118.25	61.71	137.72	94.49	56.54	0	0	0	0	0	0	0	0	788.04	0
4.4697	130.57	78.54	86.35	127.27	61.71	146.19	94.49	60.5	0	0	0	0	0	0	0	0	785.62	0
4.4797	118.36	74.14	79.31	136.18	59.4	154.66	96.36	64.57	0	0	0	0	0	0	0	0	782.98	0
4.4897	106.48	69.74	72.27	142.89	61.71	163.13	98.12	68.64	0	0	0	0	0	0	0	0	782.98	0
4.4997	95.48	63.14	65.12	149.6	61.71	169.73	101.75	74.69	0	0	0	0	0	0	0	0	781.22	0
4.5097	84.48	56.54	55.77	154.11	61.71	178.53	105.38	78.65	0	0	0	0	0	0	0	0	775.17	0
4.5197	73.37	50.6	48.4	156.31	61.71	187.33	110.88	92.84	0	0	0	0	0	0	0	0	781.44	0
4.5297	64.57	44.77	41.14	160.82	64.02	196.24	116.49	100.87	0	0	0	0	0	0	0	0	788.92	0
4.5397	53.35	38.94	33.88	163.02	64.02	205.04	122.54	109.01	0	0	0	0	0	0	0	0	789.8	0
4.5497	44.11	31.13	26.62	165.33	64.02	211.64	130.57	119.35	0	0	0	0	0	0	0	0	792.77	0
4.5597	37.18	27.28	21.78	165.33	64.02	218.24	136.62	127.71	0	0	0	0	0	0	0	0	798.16	0
4.5697	34.76	23.32	19.36	165.33	64.02	224.95	142.67	136.07	0	0	0	0	0	0	0	0	810.48	0
4.5797	30.14	19.47	16.94	163.02	64.02	229.35	150.7	146.52	0	0	0	0	0	0	0	0	820.16	0
4.5897	27.83	15.51	14.52	160.82	61.71	233.75	154.77	154.88	0	0	0	0	0	0	0	0	823.79	0
4.5997	23.21	13.64	12.1	154.11	59.4	238.15	158.84	165.33	0	0	0	0	0	0	0	0	824.78	0
4.6097	23.21	11.66	12.1	145.09	55	240.35	162.8	174.13	0	0	0	0	0	0	0	0	824.34	0
4.6197	20.9	11.66	12.1	133.98	50.82	242.55	164.89	181.06	0	0	0	0	0	0	0	0	817.96	0
4.6297	20.9	9.68	9.68	120.56	44.44	244.75	164.89	185.68	5.17	0	0	0	0	0	0	0	800.58	5.17
4.6397	18.59	9.68	9.68	102.74	38.06	244.75	164.89	192.61	8.69	4.62	0	0	0	0	0	0	781	13.31
4.6497	18.59	7.7	7.26	87.34	33.88	246.95	162.8	199.43	13.97	9.35	0	0	0	0	0	0	763.95	23.32
4.6597	16.17	7.7	7.26	71.83	29.59	246.95	158.84	206.36	19.25	13.97	4.73	0	0	0	0	0	744.7	37.95
4.6697	16.17	5.83	7.26	56.87	25.41	244.75	156.75	210.98	50.93	32.78	7.15	8.47	0	0	0	0	724.02	99.33
4.6797	13.86	5.83	7.26	44.77	21.12	240.35	152.79	215.6	115.28	70.4	14.3	14.08	0	4.73	0	0	701.58	218.79
4.6897	11.55	3.85	4.84	34.43	16.94	229.35	146.74	217.91	144.87	103.51	26.29	33.88	0	14.19	0	0	665.61	322.74
4.6997	9.24	3.85	4.84	25.85	12.65	211.64	140.69	220.22	175.34	135.52	45.43	50.82	8.25	28.49	0	6.27	628.98	450.12
4.7097	6.93	0	4.84	18.92	10.56	180.73	128.59	222.53	212.41	163.13	71.39	65.67	11	52.25	12.76	12.65	573.1	601.26
4.7197	0	0	4.84	13.75	8.47	142.01	112.64	220.22	238.81	175.45	90.53	71.94	16.5	62.04	33.33	21.12	501.93	709.72
4.7297	0	0	0	10.34	10.56	105.6	92.73	213.29	246.18	173.03	101.42	71.94	22	70.18	43.67	23.21	432.52	751.63
4.7397	0	0	0	6.82	10.56	74.25	72.82	187.99	241.23	170.61	106.92	75.02	24.75	78.32	53.9	27.5	352.44	778.25
4.7497	0	0	0	3.41	10.56	52.69	56.54	138.16	241.23	170.61	115.17	75.02	27.5	86.46	68.42	33.88	261.36	818.29
4.7597	0	0	0	0	6.27	41.03	48.84	92.84	248.6	175.45	126.28	78.21	30.25	94.6	83.27	38.06	188.98	874.72
4.7697	0	0	0	0	4.18	29.26	41.25	62.59	260.92	180.29	137.5	81.29	35.75	102.74	101.2	44.44	137.28	944.13
4.7797	0	0	0	0	0	21.45	33.55	33.55	273.24	185.13	151.36	84.48	41.25	108.24	115.94	46.53	88.55	1006.17
4.7897	0	0	0	0	0	15.62	25.96	21.12	283.25	187.55	159.72	84.48	44	113.63	130.46	50.82	62.7	1053.91
4.7997	0	0	0	0	0	11.66	16.72	7.04	285.78	189.97	165.33	87.56	46.75	119.13	142.12	52.91	35.42	1089.55
4.8097	0	0	0	0	0	7.81	10.67	3.52	283.25	192.39	168.19	93.94	49.5	127.27	150.81	57.53	22	1122.88
4.8197	0	0	0	0	0	5.83	9.13	3.52	275.77	192.39	165.33	97.02	49.5	132.77	159.5	57.53	18.48	1129.81
4.8297	0	0	0	0	0	5.83	6.05	0	265.87	192.39	162.58	100.21	52.25	135.41	162.36	62.37	11.88	1133.44
4.8397	0	0	0	0	0	3.85	4.51	0	256.08	187.55	159.72	103.29	55.11	140.91	168.3	62.37	8.36	1133.33
4.8497	0	0	0	0	0	0	2.97	0	241.23	182.71	151.36	106.48	55.11	143.66	174.24	62.37	2.97	1117.16
4.8597	0	0	0	0	0	0	0	0	224.07	175.45	145.86	109.56	55.11	146.3	177.21	64.9	0	1098.46
4.8697	0	0	0	0	0	0	0	0	210.1	168.19	134.64	112.75	55.11	149.05	177.21	64.9	0	1071.95
4.8797	0	0	0	0	0	0	0	0	193.82	160.6	126.28	112.75	55.11	149.05	180.18	62.37	0	1040.16
4.8897	0	0	0	0	0	0	0	0	177.65	153.12	117.92	112.75	55.11	151.8	180.18	62.37	0	1010.9
4.8997	0	0	0	0	0	0	0	0	163.9	145.64	109.67	115.94	55.11	151.8	180.18	62.37	0	984.61
4.9097	0	0	0	0	0	0	0	0	151.25	135.52	101.42	119.02	55.11	151.8	180.18	62.37	0	956.67
4.9197	0	0	0	0	0	0	0	0	138.49	128.04	93.28	119.02	55.11	154.55	180.18	62.37	0	931.04
4.9297	0	0	0	0	0	0	0	0	125.84	120.56	85.03	122.21	55.11	157.19	180.18	62.37	0	908.49
4.9397	0	0	0	0	0	0	0	0	113.3	113.08	76.89	125.4	55.11	157.19	180.18	62.37	0	883.52
4.9497	0	0	0	0	0	0	0	0	105.71	105.93	71.39	128.48	55.11	162.69	180.18	62.37	0	871.86
4.9597	0	0	0	0	0	0	0	0	96.14	101.2	68.75	131.67	55.11	165.44	183.15	64.9	0	866.36
4.9697	0	0	0	0	0	0	0	0	90.42	98.78	63.25	137.94	55.11	168.19	183.15	64.9	0	861.74
4.9797	0	0	0	0	0	0	0	0	84.7	94.05	60.5	144.32	55.11	173.47	186.12	67.32	0	865.59
4.9897	0	0	0	0	0	0	0	0	78.98	91.74	57.75	150.59	55.11	178.86	186.12	69.74	0	868.89
4.9997	0	0	0	0	0	0	0	0	73.15	89.32	55.11	160.05	55.11	187	189.09	72.16	0	880.99
5.0096	0	0	0	0	0	0	0	0	67.43	87.01	50.27	166.43	55.11	192.39	189.09	72.16	0	879.89
5.0196	0	0	0	0	0	0	0	0	61.71	82.28	47.85	176	55.11	200.42	192.06	74.69	0	890.12
5.0296	0	0	0	0	0	0	0	0	57.97	77.55	43.12	182.38	55.11	208.45	198.11	77.11	0	899.8
5.0396	0	0	0	0	0	0	0	0	50.93	72.82	40.7	188.76	58.08	216.59	204.05	79.53	0	911.46
5.0496	0	0	0	0	0	0	0	0	45.65	65.67	35.86	195.14	58.08	221.98	209.99	81.95	0	914.32
5.0596	0	0	0	0	0	0	0	0	38.61	56.21	31.13	198.44	58.08	227.48	218.9	84.48	0	913.33
5.0696	0	0	0	0	0	0	0	0	33.33	46.86	26.29	201.63	61.05	235.95	227.59	86.9	0	919.6
5.0796	0	0	0	0	0	0	0	0	28.05	37.51	21.56	201.63	61.05	241.45	236.06	89.32	0	916.63
5.0896	0	0	0	0	0	0	0	0	24.53	32.78	19.14	204.82	61.05	244.31	244.53	91.74	0	922.9
5.0996	0	0	0	0	0	0	0	0	22.77	25.74	16.72	201.63	58.08	249.92	253	94.27	0	922.13
5.1096	0	0	0	0	0	0	0	0	21.01	18.7	14.3	198.44	58.08	252.67	261.47	96.69	0	921.36
5.1196	0	0	0	0	0	0	0	0	19.25	11.66	11.88	191.95	58.08	255.42	267.19	96.69	0	912.12
5.1296	0	0	0	0	0	0	0	0	15.73	6.93	9.57	179.19	55.11	258.28	269.94	99.11	0	893.86
5.1396	0	0	0	0	0	0	0	0	15.73	4.62	9.57	163.24	49.5	258.28	272.8	99.11	0	872.85
5.1496	6.93	0	0	0	0	0	0	0	13.97	0	7.15	150.59	46.75	258.28	275.66	101.53	6.93	853.93
5.1596	13.86	0	0	0	0	0	0	0	13.97	0	7.15	134.86	38.5	258.28	275.66	104.06	13.86	832.48
5.1696	32.45	0	0	0	0	0	0	0	12.21	0	4.73	115.94	33	261.03	275.66	106.48	32.45	809.05
5.1796	135.52	9.68	4.84	0	0	0	0	0	12.21	0	4.73	100.21	27.5	261.03	275.66	108.9	150.04	790.24
5.1896	249.26	31.13	19.36	8.58	0	5.83	0	0	12.21	0	4.73	84.48	22	261.03	269.94	113.85	314.16	768.24
5.1996	259.6	52.58	31.46	13.75	4.18	5.83	0	0	10.45	0	4.73	62.48	16.5	258.28	264.33	116.05	367.4	732.82
5.2096	264.88	85.14	55.77	25.85	10.56	13.64	2.97	0	8.69	0	0	48.07	13.75	249.92	253	118.25	458.81	691.68
5.2196	262.24	113.85	72.27	41.36	14.74	21.45	7.59	5.28	8.69	0	0	33.88	11	233.09	236.06	120.45	538.78	643.17
5.2296	264.88	132.66	84.04	55.11	21.12	29.26	12.21	8.8	6.93	0	0	22.55	8.25	200.42	215.93	120.45	608.08	574.53
5.2396	267.41	138.93	95.81	67.43	23.21	35.09	15.18	8.8	3.41	0	0	14.08	8.25	159.94	189.09	120.45	651.86	495.22
5.2496	270.05	145.2	107.69	76.23	25.41	44.88	18.26	12.32	0	0	0	5.61	8.25	124.52	159.5	113.85	700.04	411.73
5.2596	277.86	151.47	119.79	80.63	29.59	56.65	24.42	14.08	0	0	0	0	5.5	94.6	127.6	101.53	754.49	329.23
5.2696	287.98	155.65	137.17	82.83	33.88	65.34	32.01	15.84	0	0	0	0	8.25	67.54	104.17	81.95	810.7	261.91
5.2796	300.85	161.92	152.02	85.03	38.06	74.25	38.17	17.6	0	0	0	0	8.25	47.52	83.27	59.95	867.9	198.99
5.2896	316.14	168.3	166.87	87.34	40.15	78.76	42.68	19.36	0	0	0	0	5.5	35.64	71.39	44.44	919.6	156.97
5.2996	323.84	170.61	176.77	89.54	42.35	83.27	45.76	22.88	0	0	0	0	5.5	26.07	59.51	31.79	955.02	122.87
5.3096	328.9	172.81	184.25	91.74	44.44	87.67	48.84	24.64	0	0	0	0	0	18.92	51.37	25.41	983.29	95.7
5.3196	331.54	175.12	186.78	91.74	46.53	89.98	50.38	26.4	0	0	0	0	0	14.19	38.5	16.94	998.47	69.63
5.3296	328.9	175.12	186.78	93.94	46.53	89.98	51.92	26.4	0	0	0	0	0	9.46	23.1	6.27	999.57	38.83
5.3396	323.84	172.81	184.25	96.14	46.53	92.18	51.92	28.27	0	0	0	0	0	7.04	15.4	4.18	995.94	26.62
5.3496	318.67	170.61	181.83	96.14	48.62	92.18	53.46	28.27	0	0	0	0	0	4.73	12.76	4.18	989.78	21.67
5.3596	308.44	166.1	176.77	98.34	48.62	92.18	53.46	30.03	0	0	0	0	0	4.73	10.23	0	973.94	14.96
5.3696	300.85	161.92	171.82	98.34	48.62	92.18	55	30.03	0	0	0	0	0	0	7.7	0	958.76	7.7
5.3796	290.62	157.74	166.87	96.14	48.62	89.98	55	31.79	0	0	0	0	0	0	5.06	0	936.76	5.06
5.3896	280.39	151.47	161.92	93.94	50.82	89.98	56.54	31.79	0	0	0	0	0	0	0	0	916.85	0
5.3996	272.58	145.2	156.97	91.74	50.82	89.98	58.3	33.55	0	0	0	0	0	0	0	0	899.14	0
5.4096	262.24	138.93	154.44	91.74	50.82	87.67	58.3	31.79	0	0	0	0	0	0	0	0	875.93	0
5.4196	251.9	134.75	149.49	89.54	52.91	87.67	60.06	33.55	0	0	0	0	0	0	0	0	859.87	0
5.4296	244.09	128.48	144.54	89.54	52.91	87.67	60.06	33.55	0	0	0	0	0	0	0	0	840.84	0
5.4396	236.28	124.3	142.12	89.54	52.91	87.67	61.93	33.55	0	0	0	0	0	0	0	0	828.3	0
5.4496	231.11	122.21	137.17	89.54	52.91	87.67	63.69	33.55	0	0	0	0	0	0	0	0	817.85	0
5.4596	223.41	118.03	134.64	91.74	55	89.98	63.69	35.31	0	0	0	0	0	0	0	0	811.8	0
5.4696	216.04	115.94	129.69	93.94	55	92.18	65.56	35.31	0	0	0	0	0	0	0	0	803.66	0
5.4796	206.36	113.85	127.27	96.14	57.2	96.69	67.32	37.07	0	0	0	0	0	0	0	0	801.9	0
5.4896	201.52	111.54	127.27	100.54	57.2	98.89	69.19	38.83	0	0	0	0	0	0	0	0	804.98	0
5.4996	194.15	109.34	124.74	107.14	59.4	105.6	70.95	38.83	0	0	0	0	0	0	0	0	810.15	0
5.5096	184.47	107.14	122.32	113.85	59.4	112.42	74.58	40.59	0	0	0	0	0	0	0	0	814.77	0
5.5196	177.21	104.94	119.79	120.56	61.71	118.69	78.21	42.35	0	0	0	0	0	0	0	0	823.46	0
5.5296	167.53	100.54	114.84	127.27	61.71	125.07	81.84	44.11	0	0	0	0	0	0	0	0	822.91	0
5.5396	157.63	96.14	110	131.67	61.71	133.54	85.47	45.87	0	0	0	0	0	0	0	0	822.03	0
5.5496	147.84	91.74	105.27	138.38	64.02	142.01	90.86	47.63	0	0	0	0	0	0	0	0	827.75	0
5.5596	135.52	87.34	100.54	145.09	66.33	150.48	96.36	51.15	0	0	0	0	0	0	0	0	832.81	0
5.5696	123.2	80.74	93.5	149.6	66.33	158.95	101.75	54.67	0	0	0	0	0	0	0	0	828.74	0
5.5796	110.99	74.14	84.04	156.31	68.64	167.53	107.25	58.52	0	0	0	0	0	0	0	0	827.42	0
5.5896	99.88	67.54	77	160.82	70.95	176.33	114.51	64.57	0	0	0	0	0	0	0	0	831.6	0
5.5996	88.88	58.74	67.54	167.64	70.95	187.33	120.45	72.6	0	0	0	0	0	0	0	0	834.13	0
5.6096	73.37	50.6	55.77	172.37	73.26	196.24	128.59	78.65	0	0	0	0	0	0	0	0	828.85	0
5.6196	60.17	42.79	43.56	177.1	75.57	207.24	136.62	96.91	0	0	0	0	0	0	0	0	839.96	0
5.6296	46.42	33.11	31.46	179.41	75.57	216.04	146.74	106.92	0	0	0	0	0	0	0	0	835.67	0
5.6396	37.18	27.28	24.2	179.41	75.57	222.75	154.77	119.35	0	0	0	0	0	0	0	0	840.51	0
5.6496	32.45	21.34	21.78	177.1	73.26	229.35	162.8	127.71	0	0	0	0	0	0	0	0	845.79	0
5.6596	27.83	17.49	16.94	169.95	68.64	233.75	168.96	136.07	0	0	0	0	0	0	0	0	839.63	0
5.6696	23.21	13.64	14.52	160.82	64.02	235.95	175.12	144.43	0	0	0	0	0	0	0	0	831.71	0
5.6796	23.21	13.64	12.1	147.4	59.4	238.15	177.21	150.7	6.93	0	0	0	0	0	0	0	821.81	6.93
5.6896	20.9	11.66	12.1	131.67	52.91	238.15	177.21	159.06	12.21	4.62	0	0	0	0	0	0	803.66	16.83
5.6996	20.9	11.66	9.68	113.85	46.53	240.35	175.12	167.42	17.49	11.66	0	0	0	0	0	0	785.51	29.15
5.7096	18.59	9.68	9.68	96.14	38.06	242.55	170.94	174.13	42.13	25.74	4.73	5.61	0	0	0	0	759.77	78.21
5.7196	16.17	7.7	9.68	78.43	31.68	242.55	164.89	178.75	101.86	60.94	11.88	14.08	0	4.73	5.06	0	729.85	198.55
5.7296	16.17	7.7	7.26	58.63	25.41	240.35	158.84	183.37	134.31	94.05	19.14	31.02	5.5	14.19	7.7	4.18	697.73	310.09
5.7396	13.86	5.83	7.26	44.77	19.03	231.55	152.79	190.3	159.72	125.51	35.86	48.07	8.25	35.64	5.06	8.47	665.39	426.58
5.7496	11.55	3.85	7.26	31.02	14.74	216.04	144.65	194.92	193.82	153.12	57.75	62.48	13.75	52.25	15.4	14.74	624.03	563.31
5.7596	6.93	0	4.84	22.33	10.56	187.33	134.64	194.92	214.72	165.66	71.39	71.94	19.25	64.79	33.33	19.03	561.55	660.11
5.7696	0	0	4.84	15.51	8.47	144.1	116.49	194.92	221.65	170.61	79.64	75.02	19.25	72.93	41.03	23.21	484.33	703.34
5.7796	0	0	0	8.58	8.47	101.2	94.49	183.37	214.72	170.61	82.39	78.21	22	81.07	48.73	25.41	396.11	723.14
5.7896	0	0	0	6.82	10.56	69.74	70.95	159.06	212.41	175.45	85.03	84.48	24.75	91.96	56.54	29.59	317.13	760.21
5.7996	0	0	0	0	8.47	50.71	55	110.99	219.34	182.71	93.28	93.94	27.5	102.74	68.42	33.88	225.17	821.81
5.8096	0	0	0	0	6.27	39.05	47.3	72.6	228.91	192.39	104.17	97.02	30.25	113.63	80.3	38.06	165.22	884.73
5.8196	0	0	0	0	4.18	29.26	39.71	44.11	243.76	202.07	115.17	103.29	33	121.88	92.29	42.35	117.26	953.81
5.8296	0	0	0	0	0	21.45	32.01	22.88	256.08	206.91	123.53	109.56	35.75	127.27	101.2	44.44	76.34	1004.74
5.8396	0	0	0	0	0	15.62	24.42	12.32	260.92	211.75	129.14	112.75	38.5	135.41	110.22	48.73	52.36	1047.42
5.8496	0	0	0	0	0	11.66	15.18	5.28	258.5	214.17	131.89	119.02	38.5	140.91	113.08	48.73	32.12	1064.8
5.8596	0	0	0	0	0	7.81	10.67	3.52	251.13	214.17	129.14	125.4	41.25	146.3	118.91	50.82	22	1077.12
5.8696	0	0	0	0	0	5.83	7.59	3.52	241.23	214.17	126.28	131.67	41.25	151.8	121.77	52.91	16.94	1081.08
5.8796	0	0	0	0	0	5.83	6.05	0	228.91	209.33	123.53	137.94	44	154.55	121.77	52.91	11.88	1072.94
5.8896	0	0	0	0	0	3.85	4.51	0	214.72	202.07	115.17	141.13	44	157.19	127.6	55.11	8.36	1056.99
5.8996	0	0	0	0	0	0	2.97	0	200.86	194.81	109.67	144.32	44	159.94	127.6	55.11	2.97	1036.31
5.9096	0	0	0	0	0	0	0	0	186.89	187.55	104.17	147.51	44	162.69	130.46	55.11	0	1018.38
5.9196	0	0	0	0	0	0	0	0	173.03	177.87	98.67	150.59	46.75	165.44	130.46	55.11	0	997.92
5.9296	0	0	0	0	0	0	0	0	159.72	170.61	90.53	150.59	46.75	165.44	130.46	57.53	0	971.63
5.9396	0	0	0	0	0	0	0	0	146.96	160.6	85.03	153.78	44	165.44	133.32	55.11	0	944.24
5.9496	0	0	0	0	0	0	0	0	136.4	150.59	79.64	156.97	46.75	168.19	133.32	57.53	0	929.39
5.9596	0	0	0	0	0	0	0	0	125.84	143.11	74.14	156.97	44	168.19	133.32	55.11	0	900.68
5.9696	0	0	0	0	0	0	0	0	115.28	135.52	68.75	160.05	46.75	170.83	136.29	57.53	0	891
5.9796	0	0	0	0	0	0	0	0	107.58	128.04	66	163.24	46.75	173.47	139.15	57.53	0	881.76
5.9896	0	0	0	0	0	0	0	0	99.99	123.09	60.5	166.43	46.75	178.86	139.15	59.95	0	874.72
5.9996	0	0	0	0	0	0	0	0	94.16	115.5	57.75	169.62	46.75	181.61	144.98	59.95	0	870.32
6.0096	0	0	0	0	0	0	0	0	88.44	110.66	55.11	176	46.75	187	147.84	62.37	0	874.17
6.0196	0	0	0	0	0	0	0	0	80.85	105.93	52.69	179.19	49.5	192.39	153.67	64.9	0	879.12
6.0296	0	0	0	0	0	0	0	0	75.13	101.2	47.85	182.38	49.5	197.67	156.53	67.32	0	877.58
6.0396	0	0	0	0	0	0	0	0	67.43	94.05	45.43	188.76	49.5	203.06	162.36	69.74	0	880.33
6.0496	0	0	0	0	0	0	0	0	61.71	87.01	40.7	195.14	49.5	211.2	165.33	72.16	0	882.75
6.0596	0	0	0	0	0	0	0	0	54.45	82.28	38.28	198.44	49.5	216.59	171.27	74.69	0	885.5
6.0696	0	0	0	0	0	0	0	0	47.41	72.82	33.44	204.82	49.5	224.73	177.21	77.11	0	887.04
6.0796	0	0	0	0	0	0	0	0	38.61	65.67	28.71	211.2	49.5	230.34	183.15	81.95	0	889.13
6.0896	0	0	0	0	0	0	0	0	33.33	53.9	26.29	217.58	49.5	238.7	189.09	84.48	0	892.87
6.0996	0	0	0	0	0	0	0	0	29.81	46.86	21.56	220.77	49.5	247.06	195.14	86.9	0	897.6
6.1096	0	0	0	0	0	0	0	0	26.29	37.51	19.14	224.07	52.25	252.67	201.08	89.32	0	902.33
6.1196	0	0	0	0	0	0	0	0	24.53	32.78	16.72	226.93	49.5	258.28	207.02	91.74	0	907.5
6.1296	0	0	0	0	0	0	0	0	21.01	28.05	14.3	226.93	49.5	266.64	212.96	94.27	0	913.66
6.1396	0	0	0	0	0	0	0	0	19.25	21.01	11.88	226.93	49.5	272.25	215.93	96.69	0	913.44
6.1496	0	0	0	0	0	0	0	0	17.49	13.97	11.88	226.93	46.75	277.86	218.9	99.11	0	912.89
6.1596	0	0	0	0	0	0	0	0	13.97	6.93	9.57	220.77	46.75	283.47	218.9	101.53	0	901.89
6.1696	0	0	0	0	0	0	0	0	13.97	6.93	7.15	208.01	41.25	286.33	218.9	104.06	0	886.6
6.1796	0	0	0	0	0	0	0	0	13.97	4.62	7.15	195.14	35.75	289.08	218.9	108.9	0	873.51
6.1896	0	0	0	0	0	0	0	0	12.21	4.62	7.15	179.19	33	294.8	215.93	111.32	0	858.22
6.1996	0	0	0	0	0	0	0	0	12.21	4.62	4.73	156.97	27.5	297.55	212.96	116.05	0	832.59
6.2096	9.24	0	0	0	0	0	0	0	12.21	0	4.73	137.94	22	303.27	209.99	120.45	9.24	810.59
6.2196	23.21	0	0	0	0	0	0	0	10.45	0	4.73	119.02	16.5	308.88	204.05	124.96	23.21	788.59
6.2296	66.77	7.7	0	0	0	0	0	0	10.45	0	0	100.21	13.75	314.49	198.11	131.67	74.47	768.68
6.2396	223.41	38.94	14.52	10.34	4.18	7.81	2.97	0	8.69	0	0	81.29	11	317.35	189.09	136.18	302.17	743.6
6.2496	259.6	56.54	29.04	15.51	6.27	7.81	0	0	8.69	0	0	59.4	8.25	314.49	180.18	140.58	374.77	711.59
6.2596	267.41	87.34	53.24	27.5	10.56	13.64	2.97	3.52	6.93	0	0	45.21	5.5	297.55	165.33	142.89	466.18	663.41
6.2696	270.05	120.12	79.31	41.36	16.94	21.45	4.51	8.8	5.17	0	0	33.88	5.5	266.64	150.81	145.09	562.54	607.09
6.2796	272.58	134.75	95.81	56.87	21.12	29.26	9.13	14.08	3.41	0	0	22.55	5.5	219.23	139.15	145.09	633.6	534.93
6.2896	285.45	141.02	112.42	60.83	23.21	37.07	15.18	17.6	0	0	0	16.94	5.5	170.83	127.6	140.58	692.78	461.45
6.2996	285.45	141.02	124.74	63.03	27.5	46.86	21.34	21.12	0	0	0	11.22	5.5	130.02	110.22	129.47	731.06	386.43
6.3096	290.62	143.11	139.59	67.43	33.88	56.65	30.47	22.88	0	0	0	11.22	5.5	91.96	95.26	108.9	784.63	312.84
6.3196	298.21	145.2	154.44	67.43	38.06	63.03	39.71	24.64	0	0	0	5.61	5.5	64.79	80.3	81.95	830.72	238.15
6.3296	311.08	149.38	171.82	67.43	42.35	69.74	47.3	26.4	0	0	0	0	5.5	45.1	68.42	59.95	885.5	178.97
6.3396	326.37	153.56	189.31	69.63	44.44	74.25	53.46	30.03	0	0	0	0	0	33.22	59.51	44.44	941.05	137.17
6.3496	334.07	155.65	199.32	69.63	46.53	76.56	56.54	31.79	0	0	0	0	0	23.65	51.37	33.88	970.09	108.9
6.3596	339.35	157.74	206.91	71.83	48.62	80.96	60.06	33.55	0	0	0	0	0	18.92	38.5	23.21	999.02	80.63
6.3696	339.35	157.74	209.33	74.03	50.82	83.27	63.69	35.31	0	0	0	0	0	11.88	25.63	12.65	1013.54	50.16
6.3796	336.71	155.65	209.33	74.03	52.91	85.47	67.32	37.07	0	0	0	0	0	7.04	12.76	4.18	1018.49	23.98
6.3896	328.9	153.56	206.91	76.23	52.91	87.67	69.19	38.83	0	0	0	0	0	7.04	7.7	0	1014.2	14.74
6.3996	321.31	151.47	201.85	78.43	55	89.98	72.82	38.83	0	0	0	0	0	4.73	7.7	0	1009.69	12.43
6.4096	311.08	147.29	194.37	78.43	55	89.98	74.58	38.83	0	0	0	0	0	4.73	5.06	0	989.56	9.79
6.4196	298.21	143.11	186.78	80.63	57.2	92.18	74.58	40.59	0	0	0	0	0	0	0	0	973.28	0
6.4295	285.45	138.93	179.3	80.63	57.2	92.18	76.45	40.59	0	0	0	0	0	0	0	0	950.73	0
6.4395	272.58	132.66	169.29	80.63	57.2	94.49	78.21	40.59	0	0	0	0	0	0	0	0	925.65	0
6.4495	257.07	128.48	161.92	80.63	59.4	94.49	80.08	42.35	0	0	0	0	0	0	0	0	904.42	0
6.4595	244.09	120.12	154.44	80.63	59.4	94.49	81.84	40.59	0	0	0	0	0	0	0	0	875.6	0
6.4695	231.11	115.94	147.07	80.63	59.4	96.69	83.71	42.35	0	0	0	0	0	0	0	0	856.9	0
6.4795	218.46	109.34	142.12	82.83	61.71	96.69	85.47	42.35	0	0	0	0	0	0	0	0	838.97	0
6.4895	208.78	104.94	134.64	82.83	61.71	98.89	89.1	42.35	0	0	0	0	0	0	0	0	823.24	0
6.4995	199.1	100.54	129.69	85.03	64.02	101.2	90.86	44.11	0	0	0	0	0	0	0	0	814.55	0
6.5095	189.31	96.14	122.32	87.34	64.02	103.4	94.49	44.11	0	0	0	0	0	0	0	0	801.13	0
6.5195	177.21	91.74	117.37	89.54	66.33	107.91	96.36	45.87	0	0	0	0	0	0	0	0	792.33	0
6.5295	167.53	87.34	112.42	91.74	68.64	110.11	101.75	49.39	0	0	0	0	0	0	0	0	788.92	0
6.5395	157.63	82.94	107.69	93.94	68.64	116.6	105.38	51.15	0	0	0	0	0	0	0	0	783.97	0
6.5495	147.84	78.54	102.96	98.34	70.95	120.78	109.01	54.67	0	0	0	0	0	0	0	0	783.09	0
6.5595	137.94	74.14	98.23	102.74	73.26	127.16	114.51	58.52	0	0	0	0	0	0	0	0	786.5	0
6.5695	125.73	69.74	91.08	107.14	73.26	133.54	118.47	64.57	0	0	0	0	0	0	0	0	783.53	0
6.5795	113.41	65.34	84.04	113.85	75.57	142.01	124.52	70.62	0	0	0	0	0	0	0	0	789.36	0
6.5895	104.28	58.74	77	116.05	77.88	150.48	130.57	82.72	0	0	0	0	0	0	0	0	797.72	0
6.5995	93.28	54.56	69.85	120.56	77.88	156.86	136.62	90.86	0	0	0	0	0	0	0	0	800.47	0
6.6095	82.17	48.73	60.39	124.96	80.19	165.33	144.65	98.89	0	0	0	0	0	0	0	0	805.31	0
6.6195	71.17	40.92	53.24	129.47	80.19	174.13	152.79	109.01	0	0	0	0	0	0	0	0	810.92	0
6.6295	57.97	35.09	43.56	131.67	80.19	182.93	158.84	119.35	0	0	0	0	0	0	0	0	809.6	0
6.6395	48.73	29.15	31.46	133.98	80.19	189.53	166.87	127.71	0	0	0	0	0	0	0	0	807.62	0
6.6495	37.18	23.32	24.2	133.98	80.19	198.44	175.12	138.16	0	0	0	0	0	0	0	0	810.59	0
6.6595	32.45	19.47	21.78	133.98	77.88	205.04	181.28	146.52	0	0	0	0	0	0	0	0	818.4	0
6.6695	30.14	17.49	19.36	133.98	77.88	209.44	187.55	159.06	0	0	0	0	0	0	0	0	834.9	0
6.6795	25.52	13.64	14.52	129.47	73.26	213.84	191.62	167.42	0	0	0	0	0	0	0	0	829.29	0
6.6895	23.21	9.68	14.52	124.96	70.95	216.04	195.8	171.82	0	0	0	0	0	0	0	0	826.98	0
6.6995	20.9	9.68	12.1	116.05	66.33	218.24	197.89	178.75	0	0	0	0	0	0	0	0	819.94	0
6.7095	20.9	9.68	12.1	104.94	59.4	218.24	197.89	183.37	0	0	0	0	0	0	0	0	806.52	0
6.7195	18.59	7.7	9.68	89.54	50.82	218.24	195.8	190.3	0	0	0	0	0	0	0	0	780.67	0
6.7295	16.17	7.7	9.68	76.23	42.35	220.55	193.71	197.23	5.17	4.62	0	0	0	0	0	0	763.62	9.79
6.7395	16.17	5.83	7.26	63.03	35.97	220.55	187.55	201.74	10.45	9.35	0	0	0	0	0	0	738.1	19.8
6.7495	13.86	5.83	7.26	53.35	29.59	220.55	179.3	206.36	17.49	13.97	0	0	0	0	0	0	716.1	31.46
6.7595	13.86	5.83	7.26	44.77	25.41	220.55	170.94	210.98	45.65	32.78	7.15	8.47	0	0	0	0	699.6	94.05
6.7695	11.55	3.85	7.26	36.19	19.03	220.55	158.84	213.29	125.84	79.86	14.3	16.94	0	7.04	0	0	670.56	243.98
6.7795	9.24	3.85	4.84	29.26	14.74	211.64	148.72	215.6	155.43	123.09	23.87	39.6	0	18.92	0	0	637.89	360.91
6.7895	6.93	0	4.84	22.33	12.65	196.24	134.64	215.6	186.89	160.6	40.7	62.48	8.25	40.37	0	8.47	593.23	507.76
6.7995	4.62	0	4.84	17.16	8.47	167.53	120.45	213.29	221.65	189.97	63.25	75.02	11	59.4	7.7	12.65	536.36	640.64
6.8095	0	0	0	11.99	8.47	129.25	101.75	208.67	246.18	199.65	79.64	81.29	16.5	72.93	28.27	19.03	460.13	743.49
6.8195	0	0	0	8.58	8.47	92.18	81.84	194.92	243.76	197.23	82.39	84.48	19.25	78.32	38.5	19.03	385.99	762.96
6.8295	0	0	0	5.17	10.56	63.03	63.69	163.24	233.86	192.39	87.78	87.56	22	89.21	48.73	23.21	305.69	784.74
6.8395	0	0	0	3.41	8.47	46.86	53.46	106.92	233.86	199.65	96.03	93.94	24.75	100.1	59.51	27.5	219.12	835.34
6.8495	0	0	0	0	6.27	35.09	45.76	74.69	246.18	206.91	106.92	100.21	27.5	110.99	74.36	31.79	161.81	904.86
6.8595	0	0	0	0	0	25.3	39.71	45.87	260.92	214.17	117.92	103.29	30.25	121.88	89.32	35.97	110.88	973.72
6.8695	0	0	0	0	0	19.47	32.01	26.4	278.19	219.01	129.14	106.48	33	127.27	101.2	40.26	77.88	1034.55
6.8795	0	0	0	0	0	13.64	22.88	14.08	290.84	223.85	137.5	109.56	38.5	132.77	107.14	42.35	50.6	1082.51
6.8895	0	0	0	0	0	7.81	13.75	3.52	290.84	226.27	140.25	112.75	38.5	138.16	115.94	44.44	25.08	1107.15
6.8995	0	0	0	0	0	5.83	9.13	0	283.25	228.69	140.25	119.02	41.25	143.66	118.91	44.44	14.96	1119.47
6.9095	0	0	0	0	0	3.85	6.05	0	273.24	226.27	137.5	125.4	41.25	149.05	124.63	48.73	9.9	1126.07
6.9195	0	0	0	0	0	3.85	4.51	0	258.5	221.43	131.89	128.48	44	151.8	130.46	48.73	8.36	1115.29
6.9295	0	0	0	0	0	0	2.97	0	241.23	211.75	123.53	131.67	44	154.55	133.32	48.73	2.97	1088.78
6.9395	0	0	0	0	0	0	0	0	224.07	202.07	117.92	128.48	46.75	154.55	139.15	50.82	0	1063.81
6.9495	0	0	0	0	0	0	0	0	207.79	192.39	112.42	128.48	46.75	157.19	142.12	50.82	0	1037.96
6.9595	0	0	0	0	0	0	0	0	193.82	182.71	104.17	128.48	49.5	154.55	144.98	50.82	0	1009.03
6.9695	0	0	0	0	0	0	0	0	179.96	170.61	98.67	128.48	49.5	154.55	147.84	50.82	0	980.43
6.9795	0	0	0	0	0	0	0	0	166.1	160.6	93.28	128.48	49.5	154.55	150.81	50.82	0	954.14
6.9895	0	0	0	0	0	0	0	0	153.34	150.59	87.78	125.4	49.5	154.55	153.67	50.82	0	925.65
6.9995	0	0	0	0	0	0	0	0	140.69	138.05	82.39	125.4	49.5	154.55	153.67	50.82	0	895.07
7.0095	0	0	0	0	0	0	0	0	130.02	130.57	76.89	125.4	52.25	154.55	156.53	52.91	0	879.12
7.0195	0	0	0	0	0	0	0	0	121.55	123.09	71.39	125.4	52.25	154.55	159.5	52.91	0	860.64
7.0295	0	0	0	0	0	0	0	0	113.3	115.5	68.75	125.4	52.25	154.55	165.33	52.91	0	847.99
7.0395	0	0	0	0	0	0	0	0	105.71	110.66	66	128.48	55.11	157.19	168.3	52.91	0	844.36
7.0495	0	0	0	0	0	0	0	0	99.99	105.93	63.25	128.48	55.11	159.94	174.24	55.11	0	842.05
7.0595	0	0	0	0	0	0	0	0	96.14	101.2	60.5	131.67	58.08	165.44	180.18	57.53	0	850.74
7.0695	0	0	0	0	0	0	0	0	90.42	96.47	57.75	137.94	58.08	170.83	186.12	59.95	0	857.56
7.0795	0	0	0	0	0	0	0	0	84.7	94.05	55.11	141.13	61.05	176.22	192.06	62.37	0	866.69
7.0895	0	0	0	0	0	0	0	0	77	89.32	52.69	147.51	61.05	184.25	201.08	64.9	0	877.8
7.0995	0	0	0	0	0	0	0	0	71.28	84.59	47.85	153.78	64.02	189.64	207.02	69.74	0	887.92
7.1095	0	0	0	0	0	0	0	0	63.69	79.86	45.43	160.05	64.02	197.67	215.93	74.69	0	901.34
7.1195	0	0	0	0	0	0	0	0	57.97	72.82	43.12	166.43	66.99	208.45	224.73	77.11	0	917.62
7.1295	0	0	0	0	0	0	0	0	50.93	68.09	38.28	172.81	66.99	213.84	230.45	81.95	0	923.34
7.1395	0	0	0	0	0	0	0	0	42.13	58.63	31.13	179.19	69.96	221.98	238.92	84.48	0	926.42
7.1495	0	0	0	0	0	0	0	0	35.09	49.17	26.29	185.57	69.96	230.34	244.53	89.32	0	930.27
7.1595	0	0	0	0	0	0	0	0	29.81	42.13	21.56	191.95	69.96	235.95	247.39	91.74	0	930.49
7.1695	0	0	0	0	0	0	0	0	26.29	32.78	19.14	198.44	66.99	241.45	253	94.27	0	932.36
7.1795	0	0	0	0	0	0	0	0	22.77	25.74	16.72	198.44	66.99	249.92	255.86	96.69	0	933.13
7.1895	0	0	0	0	0	0	0	0	21.01	18.7	14.3	198.44	64.02	255.42	258.72	99.11	0	929.72
7.1995	0	0	0	0	0	0	0	0	17.49	11.66	11.88	195.14	61.05	258.28	258.72	101.53	0	915.75
7.2095	0	0	0	0	0	0	0	0	15.73	6.93	9.57	185.57	55.11	263.89	258.72	106.48	0	902
7.2195	0	0	0	0	0	0	0	0	13.97	6.93	7.15	172.81	49.5	266.64	255.86	106.48	0	879.34
7.2295	0	0	0	0	0	0	0	0	13.97	4.62	7.15	156.97	44	269.39	255.86	111.32	0	863.28
7.2395	6.93	0	0	0	0	0	0	0	13.97	0	4.73	137.94	38.5	272.25	253	113.85	6.93	834.24
7.2495	18.59	0	0	0	0	0	0	0	13.97	0	4.73	119.02	30.25	275	250.14	118.25	18.59	811.36
7.2595	44.11	0	0	0	0	0	0	0	12.21	0	4.73	100.21	24.75	277.86	244.53	120.45	44.11	784.74
7.2695	167.53	19.47	7.26	0	0	0	0	0	10.45	0	0	84.48	19.25	277.86	241.67	124.96	194.26	758.67
7.2795	246.73	38.94	19.36	10.34	0	5.83	0	0	10.45	0	0	62.48	13.75	275	233.2	127.16	321.2	722.04
7.2895	257.07	60.94	36.3	17.16	6.27	7.81	0	0	8.69	0	0	48.07	11	266.64	224.73	129.47	385.55	688.6
7.2995	270.05	100.54	62.81	32.67	12.65	17.49	2.97	3.52	6.93	0	0	33.88	8.25	249.92	212.96	131.67	502.7	643.61
7.3095	270.05	126.39	81.73	49.94	16.94	25.3	6.05	7.04	5.17	0	0	25.41	5.5	219.23	195.14	131.67	583.44	582.12
7.3195	282.92	141.02	95.81	60.83	21.12	31.24	12.21	10.56	3.41	0	0	16.94	5.5	178.86	174.24	131.67	655.71	510.62
7.3295	285.45	143.11	107.69	69.63	23.21	37.07	15.18	12.32	0	0	0	8.47	5.5	138.16	150.81	124.96	693.66	427.9
7.3395	282.92	145.2	119.79	76.23	27.5	48.84	21.34	15.84	0	0	0	5.61	5.5	105.49	127.6	113.85	737.66	358.05
7.3495	287.98	147.29	132.22	76.23	31.68	58.63	28.93	17.6	0	0	0	0	8.25	75.68	104.17	94.27	780.56	282.37
7.3595	295.68	149.38	147.07	78.43	35.97	67.54	36.63	19.36	0	0	0	0	8.25	54.56	83.27	69.74	830.06	215.82
7.3695	308.44	153.56	161.92	78.43	40.15	72.05	42.68	22.88	0	0	0	0	5.5	40.37	71.39	52.91	880.11	170.17
7.3795	321.31	155.65	176.77	78.43	42.35	76.56	47.3	24.64	0	0	0	0	0	28.49	59.51	38.06	923.01	126.06
7.3895	326.37	157.74	186.78	80.63	44.44	80.96	48.84	26.4	0	0	0	0	0	21.34	48.73	29.59	952.16	99.66
7.3995	331.54	159.83	194.37	82.83	44.44	85.47	51.92	28.27	0	0	0	0	0	16.61	41.03	23.21	978.67	80.85
7.4095	331.54	159.83	196.79	82.83	46.53	87.67	53.46	30.03	0	0	0	0	0	11.88	28.27	12.65	988.68	52.8
7.4195	326.37	159.83	199.32	87.34	46.53	89.98	55	31.79	0	0	0	0	0	4.73	10.23	0	996.16	14.96
7.4295	321.31	159.83	196.79	89.54	48.62	92.18	56.54	33.55	0	0	0	0	0	0	7.7	0	998.36	7.7
7.4395	313.61	157.74	191.84	91.74	48.62	96.69	56.54	33.55	0	0	0	0	0	0	5.06	0	990.33	5.06
7.4495	303.38	155.65	184.25	96.14	48.62	98.89	58.3	35.31	0	0	0	0	0	0	5.06	0	980.54	5.06
7.4595	290.62	153.56	176.77	98.34	48.62	101.2	60.06	35.31	0	0	0	0	0	0	0	0	964.48	0
7.4695	277.86	149.38	169.29	102.74	50.82	103.4	60.06	37.07	0	0	0	0	0	0	0	0	950.62	0
7.4795	264.88	145.2	159.39	104.94	50.82	105.6	60.06	37.07	0	0	0	0	0	0	0	0	927.96	0
7.4895	251.9	141.02	152.02	109.34	48.62	105.6	60.06	37.07	0	0	0	0	0	0	0	0	905.63	0
7.4995	238.92	136.84	144.54	111.54	50.82	107.91	60.06	37.07	0	0	0	0	0	0	0	0	887.7	0
7.5095	225.94	132.66	137.17	113.85	50.82	107.91	60.06	38.83	0	0	0	0	0	0	0	0	867.24	0
7.5195	213.62	128.48	129.69	118.25	50.82	110.11	60.06	37.07	0	0	0	0	0	0	0	0	848.1	0
7.5295	203.94	124.3	122.32	120.56	50.82	112.42	60.06	38.83	0	0	0	0	0	0	0	0	833.25	0
7.5395	191.73	120.12	114.84	124.96	50.82	112.42	61.93	38.83	0	0	0	0	0	0	0	0	815.65	0
7.5495	182.05	115.94	110	127.27	52.91	116.6	63.69	38.83	0	0	0	0	0	0	0	0	807.29	0
7.5595	174.79	111.54	105.27	129.47	52.91	118.69	65.56	38.83	0	0	0	0	0	0	0	0	797.06	0
7.5695	167.53	107.14	102.96	131.67	55	120.78	69.19	40.59	0	0	0	0	0	0	0	0	794.86	0
7.5795	160.05	102.74	98.23	136.18	57.2	125.07	72.82	42.35	0	0	0	0	0	0	0	0	794.64	0
7.5895	152.68	98.34	95.81	138.38	57.2	129.25	74.58	42.35	0	0	0	0	0	0	0	0	788.59	0
7.5995	145.31	93.94	93.5	142.89	59.4	133.54	78.21	45.87	0	0	0	0	0	0	0	0	792.66	0
7.6095	135.52	89.54	88.77	147.4	61.71	137.72	81.84	47.63	0	0	0	0	0	0	0	0	790.13	0
7.6195	125.73	85.14	84.04	151.8	61.71	144.1	87.23	49.39	0	0	0	0	0	0	0	0	789.14	0
7.6295	115.83	80.74	79.31	158.51	64.02	152.57	90.86	51.15	0	0	0	0	0	0	0	0	792.99	0
7.6395	106.48	74.14	74.58	163.02	64.02	158.95	94.49	54.67	0	0	0	0	0	0	0	0	790.35	0
7.6495	97.68	67.54	67.54	169.95	66.33	167.53	99.99	60.5	0	0	0	0	0	0	0	0	797.06	0
7.6595	86.68	63.14	60.39	174.68	66.33	174.13	103.62	66.55	0	0	0	0	0	0	0	0	795.52	0
7.6695	75.57	56.54	53.24	179.41	66.33	182.93	109.01	72.6	0	0	0	0	0	0	0	0	795.63	0
7.6795	64.57	48.73	43.56	184.14	68.64	191.73	114.51	84.81	0	0	0	0	0	0	0	0	800.69	0
7.6895	55.77	40.92	36.3	186.56	68.64	200.64	120.45	98.89	0	0	0	0	0	0	0	0	808.17	0
7.6995	44.11	33.11	26.62	191.29	68.64	209.44	128.59	109.01	0	0	0	0	0	0	0	0	810.81	0
7.7095	37.18	29.15	24.2	188.87	66.33	218.24	134.64	121.44	0	0	0	0	0	0	0	0	820.05	0
7.7195	32.45	23.32	19.36	188.87	66.33	224.95	140.69	129.8	0	0	0	0	0	0	0	0	825.77	0
7.7295	27.83	19.47	16.94	184.14	64.02	229.35	148.72	140.25	0	0	0	0	0	0	0	0	830.72	0
7.7395	23.21	15.51	14.52	179.41	61.71	233.75	154.77	150.7	0	0	0	0	0	0	0	0	833.58	0
7.7495	23.21	13.64	12.1	169.95	59.4	235.95	158.84	159.06	0	0	0	0	0	0	0	0	832.15	0
7.7595	20.9	11.66	12.1	156.31	52.91	238.15	160.82	163.24	3.41	0	0	0	0	0	0	0	816.09	3.41
7.7695	20.9	11.66	9.68	142.89	48.62	238.15	160.82	167.42	6.93	4.62	0	0	0	0	0	0	800.14	11.55
7.7795	18.59	9.68	9.68	124.96	44.44	235.95	158.84	171.82	13.97	9.35	0	0	0	0	0	0	773.96	23.32
7.7895	18.59	9.68	9.68	104.94	38.06	235.95	156.75	176.44	24.53	18.7	0	5.61	0	0	0	0	750.09	48.84
7.7995	16.17	7.7	9.68	87.34	31.68	235.95	154.77	181.06	67.43	49.17	9.57	11.22	0	0	0	0	724.35	137.39
7.8095	13.86	7.7	7.26	69.63	25.41	233.75	150.7	185.68	136.4	105.93	23.87	22.55	0	9.46	7.7	0	693.99	305.91
7.8195	13.86	5.83	7.26	53.35	21.12	229.35	144.65	190.3	159.72	145.64	40.7	50.82	8.25	28.49	10.23	8.47	665.72	452.32
7.8295	11.55	5.83	7.26	39.6	16.94	218.24	136.62	192.61	184.58	168.19	66	65.67	13.75	49.83	15.4	8.47	628.65	571.89
7.8395	6.93	3.85	4.84	27.5	12.65	198.44	128.59	194.92	210.1	177.87	85.03	68.75	16.5	59.4	30.8	14.74	577.72	663.19
7.8495	4.62	0	4.84	18.92	8.47	163.13	118.47	194.92	214.72	175.45	93.28	71.94	22	64.79	43.67	19.03	513.37	704.88
7.8594	0	0	0	11.99	8.47	120.78	99.99	187.99	205.48	170.61	96.03	71.94	22	72.93	51.37	21.12	429.22	711.48
7.8694	0	0	0	8.58	8.47	85.47	78.21	174.13	198.55	168.19	98.67	75.02	24.75	81.07	59.51	25.41	354.86	731.17
7.8794	0	0	0	5.17	8.47	58.63	60.06	142.34	205.48	175.45	109.67	78.21	27.5	91.96	71.39	29.59	274.67	789.25
7.8894	0	0	0	0	6.27	44.88	50.38	88.77	217.03	185.13	123.53	81.29	30.25	100.1	86.35	33.88	190.3	857.56
7.8994	0	0	0	0	4.18	33.22	42.68	60.5	233.86	192.39	137.5	87.56	35.75	108.24	98.23	38.06	140.58	931.59
7.9094	0	0	0	0	0	25.3	36.63	33.55	246.18	199.65	151.36	90.75	38.5	113.63	113.08	42.35	95.48	995.5
7.9194	0	0	0	0	0	19.47	30.47	21.12	256.08	206.91	159.72	93.94	41.25	121.88	121.77	44.44	71.06	1045.99
7.9294	0	0	0	0	0	15.62	21.34	10.56	256.08	209.33	162.58	100.21	44	127.27	130.46	46.53	47.52	1076.46
7.9394	0	0	0	0	0	9.68	13.75	3.52	251.13	211.75	162.58	106.48	46.75	132.77	133.32	48.73	26.95	1093.51
7.9494	0	0	0	0	0	7.81	10.67	3.52	246.18	214.17	159.72	112.75	46.75	140.91	139.15	50.82	22	1110.45
7.9594	0	0	0	0	0	7.81	9.13	0	233.86	211.75	156.97	115.94	49.5	143.66	142.12	50.82	16.94	1104.62
7.9694	0	0	0	0	0	5.83	6.05	0	224.07	206.91	151.36	122.21	49.5	146.3	144.98	52.91	11.88	1098.24
7.9794	0	0	0	0	0	3.85	4.51	0	210.1	199.65	143	125.4	49.5	149.05	147.84	52.91	8.36	1077.45
7.9894	0	0	0	0	0	3.85	2.97	0	196.24	192.39	137.5	128.48	49.5	151.8	150.81	52.91	6.82	1059.63
7.9994	0	0	0	0	0	0	0	0	182.27	182.71	129.14	131.67	49.5	154.55	150.81	52.91	0	1033.56
8.0094	0	0	0	0	0	0	0	0	166.1	175.45	117.92	131.67	49.5	154.55	150.81	55.11	0	1001.11
8.0194	0	0	0	0	0	0	0	0	155.43	165.66	109.67	134.86	49.5	157.19	150.81	52.91	0	976.03
8.0294	0	0	0	0	0	0	0	0	142.78	155.65	101.42	137.94	49.5	157.19	150.81	52.91	0	948.2
8.0394	0	0	0	0	0	0	0	0	132.22	148.06	96.03	137.94	49.5	159.94	150.81	52.91	0	927.41
8.0494	0	0	0	0	0	0	0	0	123.75	140.58	90.53	141.13	49.5	159.94	150.81	55.11	0	911.35
8.0594	0	0	0	0	0	0	0	0	115.28	133.1	85.03	141.13	49.5	159.94	150.81	55.11	0	889.9
8.0694	0	0	0	0	0	0	0	0	107.58	125.51	79.64	144.32	49.5	162.69	153.67	55.11	0	878.02
8.0794	0	0	0	0	0	0	0	0	101.86	120.56	74.14	147.51	52.25	165.44	156.53	55.11	0	873.4
8.0894	0	0	0	0	0	0	0	0	94.16	113.08	71.39	147.51	52.25	168.19	159.5	57.53	0	863.61
8.0994	0	0	0	0	0	0	0	0	88.44	108.24	68.75	150.59	52.25	170.83	165.33	57.53	0	861.96
8.1094	0	0	0	0	0	0	0	0	82.72	103.51	66	153.78	55.11	176.22	171.27	59.95	0	868.56
8.1194	0	0	0	0	0	0	0	0	78.98	98.78	60.5	156.97	55.11	181.61	177.21	59.95	0	869.11
8.1294	0	0	0	0	0	0	0	0	73.15	94.05	57.75	163.24	58.08	187	186.12	64.9	0	884.29
8.1394	0	0	0	0	0	0	0	0	67.43	89.32	55.11	166.43	58.08	192.39	195.14	64.9	0	888.8
8.1494	0	0	0	0	0	0	0	0	63.69	82.28	52.69	169.62	61.05	200.42	204.05	69.74	0	903.54
8.1594	0	0	0	0	0	0	0	0	57.97	77.55	47.85	172.81	64.02	205.81	212.96	72.16	0	911.13
8.1694	0	0	0	0	0	0	0	0	52.69	70.4	45.43	176	64.02	211.2	224.73	74.69	0	919.16
8.1794	0	0	0	0	0	0	0	0	47.41	63.36	40.7	179.19	66.99	216.59	233.2	77.11	0	924.55
8.1894	0	0	0	0	0	0	0	0	40.37	56.21	35.86	182.38	66.99	221.98	241.67	81.95	0	927.41
8.1994	0	0	0	0	0	0	0	0	33.33	49.17	31.13	185.57	69.96	224.73	250.14	81.95	0	925.98
8.2094	0	0	0	0	0	0	0	0	29.81	39.82	26.29	188.76	69.96	230.34	255.86	86.9	0	927.74
8.2194	0	0	0	0	0	0	0	0	26.29	32.78	21.56	191.95	69.96	235.95	261.47	86.9	0	926.86
8.2294	0	0	0	0	0	0	0	0	22.77	25.74	19.14	195.14	69.96	241.45	267.19	91.74	0	933.13
8.2394	0	0	0	0	0	0	0	0	21.01	21.01	16.72	195.14	66.99	249.92	269.94	94.27	0	935
8.2494	0	0	0	0	0	0	0	0	19.25	11.66	14.3	191.95	64.02	252.67	269.94	96.69	0	920.48
8.2594	0	0	0	0	0	0	0	0	15.73	6.93	9.57	182.38	61.05	258.28	272.8	99.11	0	905.85
8.2694	0	0	0	0	0	0	0	0	13.97	4.62	9.57	169.62	55.11	261.03	272.8	101.53	0	888.25
8.2794	6.93	0	0	0	0	0	0	0	13.97	4.62	7.15	150.59	46.75	261.03	269.94	104.06	6.93	858.11
8.2894	13.86	0	0	0	0	0	0	0	12.21	0	7.15	134.86	41.25	263.89	267.19	108.9	13.86	835.45
8.2994	23.21	0	0	0	0	0	0	0	12.21	0	4.73	115.94	33	266.64	264.33	111.32	23.21	808.17
8.3094	51.04	5.83	0	0	0	0	0	0	12.21	0	4.73	100.21	27.5	269.39	255.86	116.05	56.87	785.95
8.3194	174.79	25.3	9.68	6.82	0	3.85	0	0	10.45	0	4.73	81.29	22	272.25	250.14	118.25	220.44	759.11
8.3294	241.45	46.75	19.36	11.99	4.18	5.83	0	0	8.69	0	4.73	65.67	16.5	272.25	241.67	122.76	329.56	732.27
8.3394	251.9	71.94	38.72	20.68	6.27	7.81	0	0	8.69	0	0	48.07	11	263.89	227.59	122.76	397.32	682
8.3494	262.24	111.54	62.81	36.19	14.74	17.49	2.97	0	6.93	0	0	36.74	8.25	252.67	212.96	124.96	507.98	642.51
8.3594	262.24	132.66	79.31	53.35	19.03	25.3	7.59	7.04	6.93	0	0	28.27	8.25	227.48	195.14	124.96	586.52	591.03
8.3694	277.86	145.2	93.5	63.03	23.21	31.24	13.75	10.56	3.41	0	0	19.8	5.5	189.64	174.24	124.96	658.35	517.55
8.3794	277.86	147.29	102.96	69.63	23.21	39.05	16.72	10.56	0	0	0	11.22	8.25	149.05	153.67	120.45	687.28	442.64
8.3894	277.86	149.38	112.42	74.03	27.5	50.71	22.88	14.08	0	0	0	5.61	8.25	116.38	130.46	111.32	728.86	372.02
8.3994	282.92	151.47	124.74	76.23	31.68	60.83	27.5	15.84	0	0	0	0	8.25	86.46	110.22	96.69	771.21	301.62
8.4094	293.15	153.56	137.17	76.23	35.97	67.54	35.09	17.6	0	0	0	0	8.25	62.04	89.32	74.69	816.31	234.3
8.4194	303.38	157.74	149.49	78.43	38.06	74.25	39.71	19.36	0	0	0	0	8.25	45.1	74.36	57.53	860.42	185.24
8.4294	313.61	161.92	164.34	80.63	40.15	78.76	45.76	21.12	0	0	0	0	5.5	33.22	65.45	42.35	906.29	146.52
8.4394	321.31	164.01	171.82	82.83	42.35	85.47	47.3	21.12	0	0	0	0	0	26.07	56.54	31.79	936.21	114.4
8.4494	321.31	168.3	176.77	87.34	44.44	89.98	50.38	24.64	0	0	0	0	0	18.92	48.73	25.41	963.16	93.06
8.4594	318.67	170.61	179.3	93.94	44.44	96.69	50.38	26.4	0	0	0	0	0	14.19	38.5	16.94	980.43	69.63
8.4694	311.08	172.81	176.77	102.74	46.53	103.4	51.92	26.4	0	0	0	0	0	9.46	23.1	10.56	991.65	43.12
8.4794	303.38	175.12	171.82	109.34	46.53	107.91	51.92	28.27	0	0	0	0	0	0	7.7	0	994.29	7.7
8.4894	290.62	175.12	164.34	118.25	46.53	112.42	51.92	28.27	0	0	0	0	0	0	0	0	987.47	0
8.4994	280.39	172.81	156.97	124.96	46.53	114.51	53.46	30.03	0	0	0	0	0	0	0	0	979.66	0
8.5094	264.88	170.61	149.49	131.67	46.53	116.6	51.92	30.03	0	0	0	0	0	0	0	0	961.73	0
8.5194	251.9	166.1	142.12	138.38	46.53	118.69	51.92	30.03	0	0	0	0	0	0	0	0	945.67	0
8.5294	241.45	161.92	134.64	142.89	46.53	120.78	51.92	30.03	0	0	0	0	0	0	0	0	930.16	0
8.5394	225.94	155.65	127.27	147.4	46.53	120.78	51.92	30.03	0	0	0	0	0	0	0	0	905.52	0
8.5494	213.62	151.47	119.79	149.6	46.53	120.78	50.38	30.03	0	0	0	0	0	0	0	0	882.2	0
8.5594	203.94	145.2	114.84	151.8	46.53	122.98	50.38	31.79	0	0	0	0	0	0	0	0	867.46	0
8.5694	194.15	141.02	110	154.11	46.53	122.98	50.38	31.79	0	0	0	0	0	0	0	0	850.96	0
8.5794	186.89	134.75	102.96	154.11	46.53	122.98	51.92	31.79	0	0	0	0	0	0	0	0	831.93	0
8.5894	177.21	130.57	98.23	156.31	48.62	125.07	51.92	31.79	0	0	0	0	0	0	0	0	819.72	0
8.5994	169.95	126.39	95.81	158.51	48.62	125.07	53.46	31.79	0	0	0	0	0	0	0	0	809.6	0
8.6094	162.58	122.21	91.08	160.82	48.62	127.16	53.46	31.79	0	0	0	0	0	0	0	0	797.72	0
8.6194	157.63	118.03	88.77	160.82	50.82	129.25	55	33.55	0	0	0	0	0	0	0	0	793.87	0
8.6294	152.68	113.85	86.35	163.02	50.82	131.45	56.54	33.55	0	0	0	0	0	0	0	0	788.26	0
8.6394	145.31	111.54	84.04	167.64	50.82	133.54	58.3	33.55	0	0	0	0	0	0	0	0	784.74	0
8.6494	140.47	107.14	81.73	169.95	52.91	137.72	60.06	35.31	0	0	0	0	0	0	0	0	785.29	0
8.6594	133.1	100.54	77	174.68	52.91	142.01	61.93	35.31	0	0	0	0	0	0	0	0	777.48	0
8.6694	125.73	96.14	74.58	179.41	55	146.19	65.56	37.07	0	0	0	0	0	0	0	0	779.68	0
8.6794	115.83	89.54	72.27	181.83	55	150.48	69.19	38.83	0	0	0	0	0	0	0	0	772.97	0
8.6894	108.68	85.14	67.54	184.14	55	156.86	72.82	40.59	0	0	0	0	0	0	0	0	770.77	0
8.6994	102.08	78.54	65.12	186.56	57.2	163.13	78.21	42.35	0	0	0	0	0	0	0	0	773.19	0
8.7094	95.48	74.14	62.81	188.87	59.4	171.93	83.71	45.87	0	0	0	0	0	0	0	0	782.21	0
8.7194	86.68	67.54	58.08	193.6	59.4	180.73	89.1	51.15	0	0	0	0	0	0	0	0	786.28	0
8.7294	77.77	63.14	53.24	198.33	61.71	189.53	94.49	56.54	0	0	0	0	0	0	0	0	794.75	0
8.7394	68.97	56.54	45.98	200.64	61.71	198.44	99.99	64.57	0	0	0	0	0	0	0	0	796.84	0
8.7494	60.17	50.6	38.72	205.37	61.71	207.24	105.38	72.6	0	0	0	0	0	0	0	0	801.79	0
8.7594	51.04	42.79	33.88	210.1	64.02	216.04	112.64	82.72	0	0	0	0	0	0	0	0	813.23	0
8.7694	41.8	36.96	26.62	210.1	64.02	222.75	118.47	100.87	0	0	0	0	0	0	0	0	821.59	0
8.7794	37.18	31.13	24.2	212.52	64.02	231.55	124.52	110.99	0	0	0	0	0	0	0	0	836.11	0
8.7894	32.45	27.28	19.36	210.1	64.02	235.95	132.55	119.35	0	0	0	0	0	0	0	0	841.06	0
8.7994	30.14	23.32	16.94	205.37	61.71	242.55	136.62	127.71	0	0	0	0	0	0	0	0	844.36	0
8.8094	23.21	17.49	14.52	200.64	59.4	244.75	142.67	133.98	0	0	0	0	0	0	0	0	836.66	0
8.8194	20.9	15.51	12.1	191.29	55	246.95	144.65	140.25	0	0	0	0	0	0	0	0	826.65	0
8.8294	20.9	13.64	9.68	177.1	52.91	249.15	144.65	146.52	5.17	0	0	0	0	0	0	0	814.55	5.17
8.8394	18.59	13.64	9.68	160.82	46.53	251.35	144.65	152.79	8.69	6.93	0	0	0	0	0	0	798.05	15.62
8.8494	18.59	11.66	9.68	145.09	42.35	253.55	142.67	161.15	15.73	11.66	0	0	0	0	0	0	784.74	27.39
8.8594	18.59	11.66	7.26	124.96	35.97	253.55	138.6	167.42	26.29	21.01	4.73	5.61	0	0	0	0	758.01	57.64
8.8694	16.17	9.68	7.26	102.74	29.59	253.55	134.64	171.82	75.13	49.17	9.57	11.22	0	0	0	0	725.45	145.09
8.8794	13.86	7.7	7.26	80.63	23.21	251.35	130.57	178.75	127.93	91.74	16.72	28.27	0	9.46	5.06	0	693.33	279.18
8.8894	11.55	5.83	4.84	60.83	19.03	244.75	126.5	183.37	153.34	125.51	28.71	48.07	5.5	26.07	0	4.18	656.7	391.38
8.8994	9.24	5.83	4.84	43.01	14.74	229.35	122.54	187.99	182.27	158.07	47.85	65.67	11	47.52	7.7	6.27	617.54	526.35
8.9094	6.93	3.85	4.84	29.26	10.56	202.84	116.49	190.3	205.48	175.45	57.75	75.02	11	62.04	15.4	12.65	565.07	614.79
8.9194	4.62	0	4.84	20.68	8.47	161.04	107.25	190.3	212.41	180.29	66	78.21	13.75	72.93	30.8	16.94	497.2	671.33
8.9294	0	0	0	13.75	6.27	116.6	92.73	183.37	210.1	180.29	71.39	84.48	16.5	78.32	38.5	19.03	412.72	698.61
8.9394	0	0	0	10.34	8.47	80.96	70.95	163.24	212.41	187.55	76.89	87.56	19.25	89.21	46.2	21.12	333.96	740.19
8.9494	0	0	0	6.82	8.47	56.65	56.54	121.44	224.07	197.23	85.03	93.94	19.25	97.35	53.9	23.21	249.92	793.98
8.9594	0	0	0	3.41	6.27	42.9	48.84	78.65	241.23	206.91	96.03	97.02	22	105.49	62.48	27.5	180.07	858.66
8.9694	0	0	0	0	4.18	33.22	41.25	52.91	258.5	216.59	106.92	100.21	24.75	110.99	74.36	29.59	131.56	921.91
8.9794	0	0	0	0	0	25.3	35.09	30.03	278.19	223.85	115.17	103.29	27.5	116.38	80.3	31.79	90.42	976.47
8.9894	0	0	0	0	0	17.49	27.5	21.12	283.25	228.69	120.78	106.48	27.5	121.88	86.35	33.88	66.11	1008.81
8.9994	0	0	0	0	0	13.64	18.26	10.56	283.25	231.11	120.78	112.75	30.25	127.27	89.32	35.97	42.46	1030.7
9.0094	0	0	0	3.41	0	9.68	9.13	3.52	275.77	235.95	120.78	119.02	30.25	132.77	92.29	35.97	25.74	1042.8
9.0194	0	0	0	3.41	0	5.83	4.51	3.52	265.87	235.95	117.92	125.4	30.25	138.16	95.26	38.06	17.27	1046.87
9.0294	0	0	0	3.41	0	5.83	2.97	0	256.08	233.53	115.17	131.67	30.25	143.66	95.26	38.06	12.21	1043.68
9.0394	0	0	0	0	0	3.85	0	0	241.23	228.69	109.67	137.94	30.25	146.3	95.26	40.26	3.85	1029.6
9.0494	0	0	0	0	0	0	0	0	226.49	223.85	104.17	144.32	30.25	149.05	95.26	40.26	0	1013.65
9.0594	0	0	0	0	0	0	0	0	210.1	216.59	98.67	150.59	30.25	151.8	95.26	40.26	0	993.52
9.0694	0	0	0	0	0	0	0	0	193.82	209.33	93.28	156.97	33	157.19	95.26	42.35	0	981.2
9.0794	0	0	0	0	0	0	0	0	179.96	202.07	85.03	160.05	33	159.94	92.29	42.35	0	954.69
9.0894	0	0	0	0	0	0	0	0	166.1	192.39	79.64	166.43	33	159.94	92.29	42.35	0	932.14
9.0994	0	0	0	0	0	0	0	0	153.34	182.71	74.14	172.81	33	162.69	92.29	42.35	0	913.33
9.1094	0	0	0	0	0	0	0	0	142.78	175.45	68.75	179.19	33	165.44	92.29	44.44	0	901.34
9.1194	0	0	0	0	0	0	0	0	132.22	168.19	63.25	185.57	33	168.19	92.29	44.44	0	887.15
9.1294	0	0	0	0	0	0	0	0	121.55	160.6	60.5	188.76	33	173.47	95.26	44.44	0	877.58
9.1394	0	0	0	0	0	0	0	0	113.3	153.12	55.11	195.14	33	176.22	95.26	46.53	0	867.68
9.1494	0	0	0	0	0	0	0	0	105.71	145.64	52.69	198.44	33	181.61	98.23	46.53	0	861.85
9.1594	0	0	0	0	0	0	0	0	99.99	138.05	52.69	201.63	35.75	184.25	101.2	48.73	0	862.29
9.1694	0	0	0	0	0	0	0	0	96.14	130.57	50.27	201.63	35.75	189.64	107.14	48.73	0	859.87
9.1794	0	0	0	0	0	0	0	0	90.42	125.51	47.85	204.82	38.5	195.03	113.08	48.73	0	863.94
9.1894	0	0	0	0	0	0	0	0	84.7	120.56	47.85	208.01	38.5	200.42	118.91	50.82	0	869.77
9.1994	0	0	0	0	0	0	0	0	80.85	115.5	45.43	211.2	38.5	205.81	124.63	52.91	0	874.83
9.2094	0	0	0	0	0	0	0	0	75.13	108.24	45.43	214.39	41.25	213.84	133.32	55.11	0	886.71
9.2194	0	0	0	0	0	0	0	0	69.41	103.51	43.12	217.58	41.25	219.23	142.12	57.53	0	893.75
9.2294	0	0	0	0	0	0	0	0	61.71	96.47	40.7	220.77	44	224.73	150.81	59.95	0	899.14
9.2394	0	0	0	0	0	0	0	0	56.21	87.01	38.28	220.77	44	230.34	159.5	64.9	0	901.01
9.2494	0	0	0	0	0	0	0	0	49.17	79.86	33.44	224.07	46.75	235.95	171.27	67.32	0	907.83
9.2594	0	0	0	0	0	0	0	0	42.13	70.4	31.13	226.93	49.5	241.45	180.18	72.16	0	913.88
9.2694	0	0	0	0	0	0	0	0	36.85	60.94	26.29	226.93	49.5	247.06	192.06	77.11	0	916.74
9.2794	0	0	0	0	0	0	0	0	31.57	51.59	21.56	229.79	52.25	252.67	201.08	79.53	0	920.04
9.2893	0	0	0	0	0	0	0	0	28.05	42.13	21.56	229.79	52.25	258.28	209.99	84.48	0	926.53
9.2993	0	0	0	0	0	0	0	0	24.53	35.09	16.72	232.76	55.11	263.89	215.93	86.9	0	930.93
9.3093	0	0	0	0	0	0	0	0	21.01	28.05	14.3	232.76	52.25	269.39	221.98	89.32	0	929.06
9.3193	0	0	0	0	0	0	0	0	19.25	21.01	11.88	229.79	52.25	275	227.59	91.74	0	928.51
9.3293	0	0	0	0	0	0	0	0	17.49	13.97	9.57	220.77	49.5	280.61	233.2	94.27	0	919.38
9.3393	0	0	0	0	0	0	0	0	13.97	6.93	7.15	211.2	46.75	283.47	233.2	99.11	0	901.78
9.3493	6.93	0	0	0	0	0	0	0	13.97	6.93	7.15	191.95	44	283.47	236.06	101.53	6.93	885.06
9.3593	13.86	0	0	0	0	0	0	0	13.97	4.62	4.73	172.81	38.5	286.33	236.06	104.06	13.86	861.08
9.3693	25.52	0	0	0	0	0	0	0	12.21	4.62	4.73	153.78	33	289.08	236.06	108.9	25.52	842.38
9.3793	84.48	5.83	0	0	0	0	0	0	12.21	0	4.73	134.86	27.5	289.08	233.2	113.85	90.31	815.43
9.3893	211.2	25.3	14.52	6.82	0	3.85	0	0	10.45	0	4.73	112.75	22	291.94	230.45	116.05	261.69	788.37
9.3993	231.11	44.77	24.2	11.99	4.18	3.85	0	0	10.45	0	0	93.94	16.5	291.94	224.73	118.25	320.1	755.81
9.4093	238.92	67.54	43.56	20.68	8.47	9.68	0	0	8.69	0	0	71.94	13.75	286.33	215.93	120.45	388.85	717.09
9.4193	244.09	96.14	65.12	34.43	14.74	15.62	4.51	3.52	6.93	0	0	53.68	11	275	207.02	124.96	478.17	678.59
9.4293	246.73	113.85	79.31	48.18	19.03	23.43	7.59	8.8	6.93	0	0	36.74	8.25	255.42	195.14	127.16	546.92	629.64
9.4393	254.43	124.3	91.08	56.87	21.12	29.26	12.21	10.56	5.17	0	0	25.41	5.5	219.23	177.21	129.47	599.83	561.99
9.4493	257.07	126.39	100.54	60.83	23.21	39.05	16.72	12.32	3.41	0	0	16.94	5.5	173.47	156.53	127.16	636.13	483.01
9.4593	262.24	130.57	112.42	63.03	27.5	50.71	22.88	14.08	0	0	0	11.22	5.5	132.77	136.29	122.76	683.43	408.54
9.4693	270.05	132.66	127.27	63.03	31.68	56.65	30.47	17.6	0	0	0	5.61	5.5	100.1	113.08	111.32	729.41	335.61
9.4793	280.39	136.84	142.12	65.23	35.97	63.03	38.17	19.36	0	0	0	0	5.5	72.93	92.29	89.32	781.11	260.04
9.4893	293.15	141.02	156.97	65.23	38.06	67.54	42.68	22.88	0	0	0	0	5.5	52.25	77.33	67.32	827.53	202.4
9.4993	308.44	147.29	171.82	67.43	40.15	72.05	47.3	24.64	0	0	0	0	5.5	37.95	65.45	50.82	879.12	159.72
9.5093	316.14	149.38	181.83	69.63	42.35	76.56	50.38	28.27	0	0	0	0	0	26.07	53.9	38.06	914.54	118.03
9.5193	321.31	153.56	189.31	71.83	42.35	78.76	51.92	28.27	0	0	0	0	0	21.34	46.2	29.59	937.31	97.13
9.5293	321.31	155.65	191.84	74.03	44.44	83.27	53.46	31.79	0	0	0	0	0	16.61	43.67	21.12	955.79	81.4
9.5393	321.31	157.74	194.37	78.43	44.44	87.67	55	31.79	0	0	0	0	0	11.88	25.63	10.56	970.75	48.07
9.5493	318.67	157.74	191.84	80.63	44.44	89.98	55	33.55	0	0	0	0	0	7.04	10.23	4.18	971.85	21.45
9.5593	313.61	157.74	189.31	85.03	46.53	89.98	56.54	33.55	0	0	0	0	0	4.73	7.7	0	972.29	12.43
9.5693	308.44	157.74	186.78	87.34	46.53	92.18	56.54	33.55	0	0	0	0	0	4.73	5.06	0	969.1	9.79
9.5793	300.85	155.65	181.83	89.54	46.53	92.18	58.3	33.55	0	0	0	0	0	0	0	0	958.43	0
9.5893	293.15	151.47	176.77	89.54	46.53	92.18	58.3	35.31	0	0	0	0	0	0	0	0	943.25	0
9.5993	285.45	147.29	171.82	89.54	46.53	92.18	58.3	33.55	0	0	0	0	0	0	0	0	924.66	0
9.6093	275.22	143.11	166.87	89.54	48.62	92.18	60.06	33.55	0	0	0	0	0	0	0	0	909.15	0
9.6193	264.88	138.93	161.92	87.34	48.62	92.18	61.93	35.31	0	0	0	0	0	0	0	0	891.11	0
9.6293	257.07	132.66	156.97	87.34	48.62	94.49	63.69	35.31	0	0	0	0	0	0	0	0	876.15	0
9.6393	249.26	128.48	152.02	87.34	48.62	92.18	63.69	35.31	0	0	0	0	0	0	0	0	856.9	0
9.6493	238.92	124.3	149.49	87.34	50.82	94.49	65.56	35.31	0	0	0	0	0	0	0	0	846.23	0
9.6593	231.11	120.12	144.54	89.54	50.82	94.49	67.32	35.31	0	0	0	0	0	0	0	0	833.25	0
9.6693	223.41	118.03	139.59	91.74	52.91	96.69	69.19	37.07	0	0	0	0	0	0	0	0	828.63	0
9.6793	216.04	115.94	134.64	93.94	52.91	98.89	70.95	37.07	0	0	0	0	0	0	0	0	820.38	0
9.6893	208.78	111.54	132.22	96.14	52.91	101.2	72.82	37.07	0	0	0	0	0	0	0	0	812.68	0
9.6993	201.52	107.14	129.69	98.34	55	105.6	76.45	38.83	0	0	0	0	0	0	0	0	812.57	0
9.7093	194.15	104.94	127.27	102.74	57.2	110.11	78.21	40.59	0	0	0	0	0	0	0	0	815.21	0
9.7193	184.47	102.74	124.74	107.14	59.4	114.51	83.71	42.35	0	0	0	0	0	0	0	0	819.06	0
9.7293	174.79	98.34	119.79	111.54	59.4	122.98	87.23	44.11	0	0	0	0	0	0	0	0	818.18	0
9.7393	165	93.94	117.37	118.25	61.71	127.16	90.86	47.63	0	0	0	0	0	0	0	0	821.92	0
9.7493	152.68	89.54	110	122.76	61.71	137.72	96.36	51.15	0	0	0	0	0	0	0	0	821.92	0
9.7593	140.47	85.14	102.96	127.27	64.02	144.1	101.75	54.67	0	0	0	0	0	0	0	0	820.38	0
9.7693	128.15	78.54	95.81	136.18	66.33	152.57	107.25	60.5	0	0	0	0	0	0	0	0	825.33	0
9.7793	113.41	71.94	86.35	140.69	68.64	161.04	112.64	66.55	0	0	0	0	0	0	0	0	821.26	0
9.7893	102.08	65.34	77	145.09	68.64	169.73	120.45	72.6	0	0	0	0	0	0	0	0	820.93	0
9.7993	88.88	58.74	67.54	151.8	70.95	180.73	128.59	88.77	0	0	0	0	0	0	0	0	836	0
9.8093	75.57	50.6	55.77	156.31	70.95	189.53	134.64	98.89	0	0	0	0	0	0	0	0	832.26	0
9.8193	62.37	42.79	45.98	158.51	73.26	196.24	142.67	109.01	0	0	0	0	0	0	0	0	830.83	0
9.8293	51.04	35.09	33.88	160.82	73.26	202.84	148.72	117.26	0	0	0	0	0	0	0	0	822.91	0
9.8393	39.49	27.28	26.62	163.02	73.26	209.44	156.75	125.62	0	0	0	0	0	0	0	0	821.48	0
9.8493	34.76	23.32	21.78	160.82	73.26	213.84	162.8	133.98	0	0	0	0	0	0	0	0	824.56	0
9.8593	30.14	19.47	19.36	158.51	70.95	218.24	168.96	142.34	0	0	0	0	0	0	0	0	827.97	0
9.8693	27.83	15.51	16.94	151.8	68.64	218.24	175.12	148.61	0	0	0	0	0	0	0	0	822.69	0
9.8793	23.21	11.66	14.52	142.89	64.02	220.55	177.21	154.88	0	0	0	0	0	0	0	0	808.94	0
9.8893	20.9	11.66	12.1	131.67	59.4	220.55	179.3	163.24	3.41	0	0	0	0	0	0	0	798.82	3.41
9.8993	20.9	9.68	12.1	118.25	52.91	220.55	179.3	165.33	6.93	0	0	0	0	0	0	0	779.02	6.93
9.9093	18.59	7.7	9.68	102.74	46.53	220.55	175.12	171.82	12.21	9.35	0	0	0	0	0	0	752.73	21.56
9.9193	18.59	7.7	9.68	87.34	40.15	220.55	173.03	176.44	19.25	13.97	0	0	0	0	0	0	733.48	33.22
9.9293	16.17	7.7	9.68	69.63	31.68	220.55	166.87	181.06	50.93	35.09	7.15	8.47	0	0	0	0	703.34	101.64
9.9393	16.17	5.83	7.26	56.87	27.5	220.55	160.82	185.68	123.75	77.55	14.3	16.94	0	4.73	0	0	680.68	237.27
9.9493	13.86	5.83	7.26	44.77	21.12	216.04	154.77	190.3	151.25	118.03	23.87	39.6	0	16.61	0	0	653.95	349.36
9.9593	11.55	3.85	7.26	32.67	14.74	205.04	146.74	194.92	179.96	155.65	40.7	62.48	8.25	40.37	0	6.27	616.77	493.68
9.9693	9.24	3.85	4.84	22.33	12.65	185.13	136.62	197.23	214.72	182.71	60.5	78.21	11	62.04	12.76	10.56	571.89	632.5
9.9793	4.62	0	4.84	15.51	8.47	150.48	124.52	197.23	231.44	194.81	71.39	84.48	13.75	72.93	28.27	14.74	505.67	711.81
9.9893	0	0	4.84	10.34	8.47	112.42	101.75	190.3	224.07	194.81	74.14	87.56	16.5	81.07	38.5	16.94	428.12	733.59
9.9993	0	0	0	5.17	8.47	78.76	78.21	174.13	212.41	192.39	76.89	93.94	19.25	91.96	48.73	21.12	344.74	756.69
10.0093	0	0	0	0	8.47	54.67	60.06	136.07	212.41	197.23	82.39	103.29	19.25	102.74	56.54	23.21	259.27	797.06
10.0193	0	0	0	0	6.27	41.03	48.84	86.79	219.34	206.91	90.53	109.56	22	116.38	68.42	29.59	182.93	862.73
10.0293	0	0	0	0	4.18	31.24	41.25	54.67	228.91	211.75	101.42	115.94	24.75	124.52	80.3	31.79	131.34	919.38
10.0393	0	0	0	0	0	23.43	33.55	28.27	241.23	219.01	112.42	119.02	27.5	132.77	92.29	33.88	85.25	978.12
10.0493	0	0	0	0	0	17.49	25.96	17.6	251.13	223.85	120.78	125.4	30.25	140.91	101.2	38.06	61.05	1031.58
10.0593	0	0	0	0	0	11.66	18.26	5.28	253.55	226.27	123.53	131.67	30.25	146.3	107.14	40.26	35.2	1058.97
10.0693	0	0	0	0	0	7.81	10.67	0	251.13	228.69	123.53	134.86	33	149.05	110.22	42.35	18.48	1072.83
10.0793	0	0	0	0	0	7.81	9.13	0	246.18	228.69	120.78	141.13	33	151.8	110.22	42.35	16.94	1074.15
10.0893	0	0	0	0	0	5.83	7.59	0	236.28	223.85	117.92	144.32	33	154.55	113.08	42.35	13.42	1065.35
10.0993	0	0	0	0	0	3.85	4.51	0	224.07	219.01	112.42	147.51	33	157.19	110.22	44.44	8.36	1047.86
10.1093	0	0	0	0	0	3.85	2.97	0	210.1	211.75	106.92	150.59	35.75	159.94	113.08	44.44	6.82	1032.57
10.1193	0	0	0	0	0	0	0	0	196.24	204.49	101.42	153.78	35.75	159.94	110.22	44.44	0	1006.28
10.1293	0	0	0	0	0	0	0	0	179.96	194.81	96.03	156.97	35.75	162.69	110.22	46.53	0	982.96
10.1393	0	0	0	0	0	0	0	0	168.41	187.55	90.53	160.05	35.75	162.69	110.22	46.53	0	961.73
10.1493	0	0	0	0	0	0	0	0	157.63	177.87	85.03	163.24	35.75	162.69	110.22	46.53	0	938.96
10.1593	0	0	0	0	0	0	0	0	146.96	170.61	79.64	166.43	35.75	162.69	110.22	46.53	0	918.83
10.1693	0	0	0	0	0	0	0	0	136.4	163.13	74.14	166.43	35.75	165.44	107.14	46.53	0	894.96
10.1793	0	0	0	0	0	0	0	0	127.93	155.65	71.39	166.43	35.75	165.44	107.14	46.53	0	876.26
10.1893	0	0	0	0	0	0	0	0	121.55	148.06	68.75	169.62	35.75	165.44	107.14	48.73	0	865.04
10.1993	0	0	0	0	0	0	0	0	115.28	143.11	66	169.62	35.75	168.19	113.08	48.73	0	859.76
10.2093	0	0	0	0	0	0	0	0	111.43	138.05	66	169.62	35.75	170.83	113.08	48.73	0	853.49
10.2193	0	0	0	0	0	0	0	0	107.58	133.1	63.25	172.81	38.5	170.83	118.91	50.82	0	855.8
10.2293	0	0	0	0	0	0	0	0	105.71	130.57	63.25	169.62	38.5	173.47	124.63	50.82	0	856.57
10.2393	0	0	0	0	0	0	0	0	103.73	128.04	63.25	172.81	41.25	176.22	130.46	52.91	0	868.67
10.2493	0	0	0	0	0	0	0	0	101.86	125.51	63.25	172.81	41.25	181.61	136.29	52.91	0	875.49
10.2593	0	0	0	0	0	0	0	0	98.01	123.09	66	176	44	184.25	142.12	55.11	0	888.58
10.2693	0	0	0	0	0	0	0	0	96.14	118.03	63.25	179.19	46.75	187	150.81	59.95	0	901.12
10.2793	0	0	0	0	0	0	0	0	92.29	115.5	63.25	182.38	46.75	195.03	159.5	62.37	0	917.07
10.2893	0	0	0	0	0	0	0	0	88.44	113.08	60.5	182.38	49.5	200.42	171.27	64.9	0	930.49
10.2993	0	0	0	0	0	0	0	0	84.7	108.24	60.5	185.57	52.25	208.45	177.21	69.74	0	946.66
10.3093	0	0	0	0	0	0	0	0	77	101.2	55.11	191.95	52.25	213.84	189.09	72.16	0	952.6
10.3193	0	0	0	0	0	0	0	0	71.28	96.47	52.69	195.14	55.11	221.98	198.11	74.69	0	965.47
10.3293	0	0	0	0	0	0	0	0	61.71	87.01	47.85	201.63	58.08	227.48	207.02	77.11	0	967.89
10.3393	0	0	0	0	0	0	0	0	54.45	77.55	40.7	204.82	58.08	235.95	215.93	81.95	0	969.43
10.3493	0	0	0	0	0	0	0	0	43.89	65.67	33.44	211.2	58.08	241.45	221.98	84.48	0	960.19
10.3593	0	0	0	0	0	0	0	0	33.33	53.9	26.29	217.58	58.08	249.92	227.59	86.9	0	953.59
10.3693	0	0	0	0	0	0	0	0	28.05	42.13	21.56	217.58	58.08	255.42	236.06	91.74	0	950.62
10.3793	0	0	0	0	0	0	0	0	24.53	32.78	19.14	217.58	58.08	261.03	241.67	94.27	0	949.08
10.3893	0	0	0	0	0	0	0	0	21.01	25.74	14.3	211.2	55.11	266.64	247.39	96.69	0	938.08
10.3993	0	0	0	0	0	0	0	0	19.25	13.97	11.88	201.63	55.11	266.64	250.14	96.69	0	915.31
10.4093	4.62	0	0	0	0	0	0	0	15.73	6.93	9.57	185.57	49.5	266.64	255.86	96.69	4.62	886.49
10.4193	13.86	0	0	0	0	0	0	0	13.97	6.93	7.15	169.62	44	269.39	255.86	99.11	13.86	866.03
10.4293	30.14	0	0	0	0	0	0	0	13.97	4.62	7.15	150.59	38.5	269.39	253	101.53	30.14	838.75
10.4393	110.99	13.64	4.84	0	0	0	0	0	12.21	4.62	4.73	128.48	33	269.39	253	104.06	129.47	809.49
10.4493	231.11	38.94	16.94	10.34	4.18	7.81	4.51	0	12.21	0	4.73	109.56	27.5	272.25	247.39	106.48	313.83	780.12
10.4593	241.45	58.74	29.04	17.16	6.27	9.68	2.97	0	10.45	0	4.73	90.75	19.25	269.39	241.67	111.32	365.31	747.56
10.4693	249.26	96.14	53.24	34.43	12.65	19.47	6.05	0	10.45	0	0	71.94	16.5	263.89	233.2	113.85	471.24	709.83
10.4793	254.43	120.12	72.27	48.18	16.94	27.28	9.13	3.52	8.69	0	0	50.82	11	252.67	218.9	116.05	551.87	658.13
10.4893	262.24	130.57	84.04	60.83	21.12	33.22	13.75	8.8	6.93	0	0	36.74	8.25	230.34	204.05	118.25	614.57	604.56
10.4993	267.41	134.75	93.5	65.23	23.21	41.03	18.26	10.56	5.17	0	0	25.41	5.5	192.39	183.15	118.25	653.95	529.87
10.5093	264.88	134.75	100.54	67.43	27.5	52.69	22.88	12.32	3.41	0	0	14.08	5.5	149.05	156.53	116.05	682.99	444.62
10.5193	267.41	136.84	110	69.63	29.59	58.63	28.93	14.08	0	0	0	8.47	5.5	113.63	130.46	108.9	715.11	366.96
10.5293	272.58	138.93	119.79	67.43	33.88	65.34	35.09	17.6	0	0	0	0	5.5	83.82	104.17	91.74	750.64	285.23
10.5393	285.45	141.02	132.22	69.63	35.97	69.74	39.71	17.6	0	0	0	0	5.5	59.4	83.27	72.16	791.34	220.33
10.5493	300.85	145.2	147.07	69.63	38.06	74.25	44.22	22.88	0	0	0	0	5.5	42.68	71.39	50.82	842.16	170.39
10.5593	313.61	149.38	161.92	69.63	40.15	76.56	47.3	24.64	0	0	0	0	0	30.8	59.51	40.26	883.19	130.57
10.5693	323.84	151.47	171.82	69.63	42.35	80.96	50.38	28.27	0	0	0	0	0	23.65	53.9	29.59	918.72	107.14
10.5793	328.9	151.47	179.3	71.83	42.35	83.27	53.46	30.03	0	0	0	0	0	18.92	46.2	25.41	940.61	90.53
10.5893	328.9	153.56	184.25	71.83	44.44	85.47	55	31.79	0	0	0	0	0	14.19	35.97	16.94	955.24	67.1
10.5993	326.37	153.56	184.25	74.03	44.44	85.47	56.54	33.55	0	0	0	0	0	9.46	23.1	6.27	958.21	38.83
10.6093	323.84	151.47	184.25	76.23	46.53	87.67	58.3	35.31	0	0	0	0	0	4.73	12.76	0	963.6	17.49
10.6193	318.67	149.38	181.83	76.23	46.53	87.67	60.06	35.31	0	0	0	0	0	4.73	10.23	0	955.68	14.96
10.6293	311.08	147.29	179.3	76.23	48.62	87.67	61.93	35.31	0	0	0	0	0	4.73	7.7	0	947.43	12.43
10.6393	305.91	145.2	176.77	76.23	48.62	89.98	61.93	35.31	0	0	0	0	0	0	5.06	0	939.95	5.06
10.6493	298.21	141.02	171.82	76.23	48.62	89.98	63.69	37.07	0	0	0	0	0	0	0	0	926.64	0
10.6593	290.62	136.84	169.29	76.23	48.62	87.67	63.69	37.07	0	0	0	0	0	0	0	0	910.03	0
10.6693	282.92	132.66	164.34	76.23	48.62	87.67	65.56	37.07	0	0	0	0	0	0	0	0	895.07	0
10.6793	272.58	126.39	159.39	74.03	50.82	87.67	67.32	37.07	0	0	0	0	0	0	0	0	875.27	0
10.6893	264.88	122.21	156.97	74.03	50.82	87.67	67.32	37.07	0	0	0	0	0	0	0	0	860.97	0
10.6993	257.07	118.03	154.44	74.03	50.82	87.67	69.19	37.07	0	0	0	0	0	0	0	0	848.32	0
10.7093	249.26	115.94	149.49	76.23	52.91	89.98	72.82	37.07	0	0	0	0	0	0	0	0	843.7	0
10.7192	241.45	113.85	147.07	76.23	52.91	92.18	72.82	38.83	0	0	0	0	0	0	0	0	835.34	0
10.7292	231.11	109.34	142.12	78.43	55	92.18	74.58	38.83	0	0	0	0	0	0	0	0	821.59	0
10.7392	223.41	107.14	139.59	80.63	55	96.69	78.21	38.83	0	0	0	0	0	0	0	0	819.5	0
10.7492	216.04	104.94	137.17	82.83	57.2	98.89	80.08	38.83	0	0	0	0	0	0	0	0	815.98	0
10.7592	206.36	102.74	132.22	87.34	57.2	103.4	81.84	40.59	0	0	0	0	0	0	0	0	811.69	0
10.7692	199.1	98.34	129.69	93.94	57.2	110.11	85.47	42.35	0	0	0	0	0	0	0	0	816.2	0
10.7792	186.89	96.14	124.74	98.34	59.4	116.6	89.1	42.35	0	0	0	0	0	0	0	0	813.56	0
10.7892	177.21	91.74	119.79	102.74	61.71	120.78	92.73	44.11	0	0	0	0	0	0	0	0	810.81	0
10.7992	167.53	87.34	114.84	107.14	61.71	127.16	96.36	47.63	0	0	0	0	0	0	0	0	809.71	0
10.8092	157.63	82.94	110	111.54	64.02	133.54	101.75	49.39	0	0	0	0	0	0	0	0	810.81	0
10.8192	145.31	78.54	105.27	116.05	64.02	142.01	107.25	54.67	0	0	0	0	0	0	0	0	813.12	0
10.8292	133.1	74.14	98.23	120.56	66.33	150.48	114.51	60.5	0	0	0	0	0	0	0	0	817.85	0
10.8392	118.36	67.54	88.77	124.96	68.64	158.95	120.45	66.55	0	0	0	0	0	0	0	0	814.22	0
10.8492	106.48	63.14	81.73	131.67	70.95	167.53	128.59	72.6	0	0	0	0	0	0	0	0	822.69	0
10.8592	93.28	54.56	69.85	136.18	73.26	176.33	136.62	88.77	0	0	0	0	0	0	0	0	828.85	0
10.8692	79.97	48.73	60.39	140.69	73.26	185.13	144.65	96.91	0	0	0	0	0	0	0	0	829.73	0
10.8792	66.77	40.92	48.4	145.09	75.57	194.04	152.79	106.92	0	0	0	0	0	0	0	0	830.5	0
10.8892	53.35	33.11	36.3	147.4	77.88	200.64	158.84	115.17	0	0	0	0	0	0	0	0	822.69	0
10.8992	41.8	27.28	26.62	149.6	75.57	207.24	166.87	123.53	0	0	0	0	0	0	0	0	818.51	0
10.9092	34.76	21.34	21.78	147.4	75.57	213.84	175.12	129.8	0	0	0	0	0	0	0	0	819.61	0
10.9192	32.45	17.49	19.36	145.09	73.26	216.04	181.28	140.25	0	0	0	0	0	0	0	0	825.22	0
10.9292	27.83	15.51	16.94	138.38	70.95	218.24	185.46	146.52	0	0	0	0	0	0	0	0	819.83	0
10.9392	25.52	11.66	14.52	129.47	66.33	220.55	189.64	154.88	0	0	0	0	0	0	0	0	812.57	0
10.9492	23.21	9.68	12.1	118.25	59.4	220.55	189.64	161.15	6.93	4.62	0	0	0	0	0	0	793.98	11.55
10.9592	20.9	9.68	12.1	104.94	52.91	220.55	187.55	167.42	13.97	6.93	0	0	0	0	0	0	776.05	20.9
10.9692	20.9	7.7	9.68	91.74	44.44	222.75	181.28	171.82	21.01	13.97	0	0	0	0	0	0	750.31	34.98
10.9792	18.59	7.7	9.68	76.23	38.06	222.75	175.12	178.75	57.97	35.09	7.15	8.47	0	0	0	0	726.88	108.68
10.9892	16.17	7.7	7.26	60.83	31.68	222.75	168.96	183.37	123.75	72.82	14.3	14.08	0	4.73	0	0	698.72	229.68
10.9992	13.86	5.83	7.26	48.18	23.21	220.55	162.8	187.99	144.87	105.93	26.29	36.74	0	16.61	5.06	4.18	669.68	339.68
11.0092	13.86	5.83	7.26	36.19	19.03	209.44	154.77	194.92	175.34	140.58	47.85	53.68	8.25	37.95	0	6.27	641.3	469.92
11.0192	9.24	3.85	4.84	24.09	12.65	194.04	144.65	197.23	214.72	163.13	71.39	62.48	13.75	54.56	17.93	12.65	590.59	610.61
11.0292	6.93	0	4.84	17.16	10.56	163.13	132.55	197.23	236.28	168.19	87.78	68.75	16.5	64.79	38.5	19.03	532.4	699.82
11.0392	0	0	4.84	10.34	8.47	122.98	114.51	194.92	233.86	165.66	93.28	68.75	19.25	70.18	43.67	21.12	456.06	715.77
11.0492	0	0	0	5.17	8.47	87.67	90.86	183.37	224.07	160.6	96.03	71.94	19.25	78.32	51.37	25.41	375.54	726.99
11.0592	0	0	0	3.41	8.47	60.83	67.32	159.06	221.65	163.13	101.42	75.02	22	89.21	65.45	29.59	299.09	767.47
11.0692	0	0	0	0	8.47	44.88	53.46	110.99	233.86	173.03	115.17	78.21	24.75	100.1	80.3	33.88	217.8	839.3
11.0792	0	0	0	0	6.27	35.09	45.76	74.69	248.6	180.29	126.28	81.29	27.5	108.24	92.29	38.06	161.81	902.55
11.0892	0	0	0	0	0	25.3	39.71	45.87	263.45	187.55	140.25	87.56	33	113.63	104.17	42.35	110.88	971.96
11.0992	0	0	0	0	0	19.47	32.01	24.64	275.77	192.39	148.61	90.75	35.75	119.13	115.94	44.44	76.12	1022.78
11.1092	0	0	0	0	0	13.64	24.42	14.08	278.19	197.23	154.22	93.94	38.5	127.27	124.63	46.53	52.14	1060.51
11.1192	0	0	0	0	0	9.68	16.72	0	275.77	199.65	156.97	100.21	38.5	132.77	130.46	48.73	26.4	1083.06
11.1292	0	0	0	0	0	5.83	10.67	0	268.4	202.07	154.22	106.48	41.25	138.16	133.32	50.82	16.5	1094.72
11.1392	0	0	0	0	0	5.83	7.59	0	256.08	199.65	151.36	112.75	41.25	143.66	139.15	52.91	13.42	1096.81
11.1492	0	0	0	0	0	3.85	6.05	0	243.76	197.23	145.86	119.02	41.25	149.05	142.12	52.91	9.9	1091.2
11.1592	0	0	0	0	0	0	4.51	0	228.91	192.39	137.5	122.21	41.25	154.55	144.98	55.11	4.51	1076.9
11.1692	0	0	0	0	0	0	2.97	0	212.41	185.13	129.14	125.4	44	157.19	147.84	55.11	2.97	1056.22
11.1792	0	0	0	0	0	0	0	0	196.24	177.87	120.78	128.48	44	159.94	147.84	55.11	0	1030.26
11.1892	0	0	0	0	0	0	0	0	179.96	168.19	112.42	134.86	44	162.69	147.84	57.53	0	1007.49
11.1992	0	0	0	0	0	0	0	0	163.9	160.6	104.17	137.94	44	162.69	150.81	57.53	0	981.64
11.2092	0	0	0	0	0	0	0	0	149.16	150.59	96.03	141.13	44	165.44	150.81	57.53	0	954.69
11.2192	0	0	0	0	0	0	0	0	136.4	140.58	87.78	141.13	44	168.19	150.81	57.53	0	926.42
11.2292	0	0	0	0	0	0	0	0	123.75	133.1	82.39	144.32	44	170.83	153.67	57.53	0	909.59
11.2392	0	0	0	0	0	0	0	0	113.3	123.09	74.14	147.51	44	173.47	156.53	59.95	0	891.99
11.2492	0	0	0	0	0	0	0	0	103.73	115.5	68.75	150.59	46.75	176.22	159.5	59.95	0	880.99
11.2592	0	0	0	0	0	0	0	0	94.16	108.24	63.25	150.59	46.75	178.86	162.36	59.95	0	864.16
11.2692	0	0	0	0	0	0	0	0	86.57	101.2	60.5	153.78	46.75	181.61	168.3	62.37	0	861.08
11.2792	0	0	0	0	0	0	0	0	80.85	96.47	55.11	153.78	46.75	184.25	171.27	64.9	0	853.38
11.2892	0	0	0	0	0	0	0	0	73.15	89.32	52.69	156.97	46.75	187	177.21	64.9	0	847.99
11.2992	0	0	0	0	0	0	0	0	67.43	84.59	50.27	160.05	49.5	192.39	186.12	67.32	0	857.67
11.3092	0	0	0	0	0	0	0	0	61.71	79.86	45.43	160.05	49.5	195.03	189.09	69.74	0	850.41
11.3192	0	0	0	0	0	0	0	0	56.21	72.82	43.12	163.24	52.25	200.42	198.11	72.16	0	858.33
11.3292	0	0	0	0	0	0	0	0	50.93	68.09	38.28	166.43	52.25	205.81	204.05	74.69	0	860.53
11.3392	0	0	0	0	0	0	0	0	45.65	60.94	35.86	166.43	52.25	208.45	215.93	77.11	0	862.62
11.3492	0	0	0	0	0	0	0	0	40.37	56.21	31.13	169.62	55.11	213.84	224.73	79.53	0	870.54
11.3592	0	0	0	0	0	0	0	0	35.09	49.17	28.71	172.81	55.11	219.23	233.2	81.95	0	875.27
11.3692	0	0	0	0	0	0	0	0	31.57	44.55	26.29	176	58.08	224.73	241.67	84.48	0	887.37
11.3792	0	0	0	0	0	0	0	0	28.05	37.51	21.56	176	58.08	227.48	250.14	86.9	0	885.72
11.3892	0	0	0	0	0	0	0	0	24.53	30.47	19.14	179.19	61.05	233.09	255.86	91.74	0	895.07
11.3992	0	0	0	0	0	0	0	0	22.77	25.74	19.14	182.38	61.05	238.7	264.33	94.27	0	908.38
11.4092	0	0	0	0	0	0	0	0	21.01	21.01	16.72	182.38	61.05	244.31	269.94	96.69	0	913.11
11.4192	0	0	0	0	0	0	0	0	19.25	16.39	14.3	179.19	58.08	249.92	275.66	99.11	0	911.9
11.4292	0	0	0	0	0	0	0	0	17.49	9.35	9.57	176	55.11	252.67	278.52	101.53	0	900.24
11.4392	0	0	0	0	0	0	0	0	13.97	4.62	9.57	169.62	52.25	255.42	281.49	101.53	0	888.47
11.4492	0	0	0	0	0	0	0	0	13.97	4.62	7.15	156.97	49.5	258.28	281.49	104.06	0	876.04
11.4592	0	0	0	0	0	0	0	0	13.97	0	7.15	144.32	44	261.03	281.49	108.9	0	860.86
11.4692	4.62	0	0	0	0	0	0	0	13.97	0	7.15	131.67	38.5	263.89	278.52	111.32	4.62	845.02
11.4792	11.55	0	0	0	0	0	0	0	12.21	0	4.73	115.94	33	263.89	275.66	113.85	11.55	819.28
11.4892	30.14	0	0	0	0	0	0	0	10.45	0	4.73	100.21	27.5	266.64	272.8	118.25	30.14	800.58
11.4992	104.28	9.68	0	0	0	0	0	0	10.45	0	4.73	81.29	19.25	269.39	267.19	120.45	113.96	772.75
11.5092	241.45	35.09	14.52	8.58	0	5.83	0	0	8.69	0	0	65.67	16.5	269.39	258.72	122.76	305.47	741.73
11.5192	246.73	56.54	29.04	13.75	4.18	5.83	0	0	8.69	0	0	50.82	11	263.89	250.14	124.96	356.07	709.5
11.5292	257.07	96.14	55.77	31.02	12.65	15.62	0	3.52	6.93	0	0	36.74	8.25	252.67	238.92	127.16	471.79	670.67
11.5392	259.6	126.39	74.58	48.18	16.94	23.43	6.05	7.04	6.93	0	0	28.27	8.25	227.48	218.9	127.16	562.21	616.99
11.5492	270.05	141.02	91.08	63.03	21.12	31.24	12.21	10.56	3.41	0	0	19.8	5.5	192.39	198.11	127.16	640.31	546.37
11.5592	277.86	145.2	105.27	71.83	23.21	39.05	15.18	14.08	0	0	0	11.22	5.5	151.8	174.24	122.76	691.68	465.52
11.5692	277.86	149.38	114.84	76.23	27.5	52.69	22.88	15.84	0	0	0	5.61	5.5	119.13	144.98	116.05	737.22	391.27
11.5792	282.92	151.47	127.27	80.63	31.68	63.03	28.93	17.6	0	0	0	0	8.25	89.21	115.94	99.11	783.53	312.51
11.5892	287.98	157.74	137.17	82.83	35.97	72.05	36.63	21.12	0	0	0	0	8.25	62.04	95.26	74.69	831.49	240.24
11.5992	300.85	161.92	152.02	85.03	38.06	78.76	42.68	22.88	0	0	0	0	5.5	45.1	77.33	52.91	882.2	180.84
11.6092	313.61	168.3	164.34	87.34	40.15	83.27	45.76	24.64	0	0	0	0	5.5	33.22	65.45	40.26	927.41	144.43
11.6192	321.31	172.81	171.82	89.54	42.35	87.67	47.3	24.64	0	0	0	0	0	26.07	56.54	27.5	957.44	110.11
11.6292	326.37	177.43	176.77	93.94	42.35	92.18	48.84	24.64	0	0	0	0	0	18.92	46.2	23.21	982.52	88.33
11.6392	326.37	179.63	176.77	98.34	42.35	94.49	48.84	26.4	0	0	0	0	0	14.19	33.33	12.65	993.19	60.17
11.6492	323.84	181.94	176.77	104.94	42.35	98.89	48.84	26.4	0	0	0	0	0	7.04	17.93	4.18	1003.97	29.15
11.6592	316.14	184.25	171.82	109.34	44.44	101.2	48.84	26.4	0	0	0	0	0	4.73	7.7	0	1002.43	12.43
11.6692	308.44	184.25	166.87	116.05	44.44	103.4	50.38	28.27	0	0	0	0	0	0	7.7	0	1002.1	7.7
11.6792	295.68	179.63	159.39	120.56	44.44	105.6	48.84	28.27	0	0	0	0	0	0	5.06	0	982.41	5.06
11.6892	282.92	177.43	152.02	124.96	44.44	107.91	48.84	28.27	0	0	0	0	0	0	0	0	966.79	0
11.6992	270.05	172.81	144.54	127.27	44.44	107.91	50.38	28.27	0	0	0	0	0	0	0	0	945.67	0
11.7092	259.6	166.1	137.17	127.27	44.44	107.91	50.38	28.27	0	0	0	0	0	0	0	0	921.14	0
11.7192	249.26	159.83	132.22	124.96	46.53	107.91	53.46	30.03	0	0	0	0	0	0	0	0	904.2	0
11.7292	238.92	153.56	127.27	122.76	46.53	105.6	55	30.03	0	0	0	0	0	0	0	0	879.67	0
11.7392	231.11	147.29	122.32	120.56	48.62	103.4	56.54	30.03	0	0	0	0	0	0	0	0	859.87	0
11.7492	223.41	138.93	119.79	118.25	50.82	103.4	58.3	31.79	0	0	0	0	0	0	0	0	844.69	0
11.7592	216.04	134.75	117.37	116.05	50.82	101.2	60.06	31.79	0	0	0	0	0	0	0	0	828.08	0
11.7692	208.78	130.57	114.84	116.05	50.82	101.2	60.06	31.79	0	0	0	0	0	0	0	0	814.11	0
11.7792	203.94	126.39	112.42	116.05	52.91	101.2	61.93	31.79	0	0	0	0	0	0	0	0	806.63	0
11.7892	199.1	122.21	110	116.05	52.91	101.2	63.69	33.55	0	0	0	0	0	0	0	0	798.71	0
11.7992	196.68	118.03	110	116.05	52.91	103.4	65.56	35.31	0	0	0	0	0	0	0	0	797.94	0
11.8092	191.73	115.94	112.42	116.05	55	105.6	67.32	35.31	0	0	0	0	0	0	0	0	799.37	0
11.8192	189.31	113.85	112.42	118.25	55	107.91	69.19	37.07	0	0	0	0	0	0	0	0	803	0
11.8292	184.47	111.54	112.42	120.56	57.2	112.42	72.82	38.83	0	0	0	0	0	0	0	0	810.26	0
11.8392	177.21	109.34	112.42	127.27	57.2	118.69	74.58	40.59	0	0	0	0	0	0	0	0	817.3	0
11.8492	169.95	107.14	110	133.98	59.4	125.07	78.21	42.35	0	0	0	0	0	0	0	0	826.1	0
11.8592	160.05	104.94	105.27	140.69	61.71	131.45	81.84	44.11	0	0	0	0	0	0	0	0	830.06	0
11.8692	152.68	100.54	102.96	147.4	61.71	139.92	85.47	45.87	0	0	0	0	0	0	0	0	836.55	0
11.8792	140.47	96.14	98.23	156.31	61.71	148.39	89.1	49.39	0	0	0	0	0	0	0	0	839.74	0
11.8892	130.57	91.74	91.08	165.33	61.71	156.86	90.86	52.91	0	0	0	0	0	0	0	0	841.06	0
11.8992	118.36	87.34	84.04	174.68	64.02	167.53	94.49	56.54	0	0	0	0	0	0	0	0	847	0
11.9092	106.48	80.74	77	184.14	64.02	178.53	96.36	62.59	0	0	0	0	0	0	0	0	849.86	0
11.9192	95.48	74.14	67.54	191.29	66.33	187.33	101.75	68.64	0	0	0	0	0	0	0	0	852.5	0
11.9292	84.48	65.34	58.08	200.64	66.33	198.44	105.38	86.79	0	0	0	0	0	0	0	0	865.48	0
11.9392	71.17	56.54	48.4	207.79	66.33	207.24	109.01	94.82	0	0	0	0	0	0	0	0	861.3	0
11.9492	60.17	46.75	36.3	212.52	66.33	216.04	114.51	106.92	0	0	0	0	0	0	0	0	859.54	0
11.9592	46.42	38.94	29.04	217.25	66.33	224.95	120.45	117.26	0	0	0	0	0	0	0	0	860.64	0
11.9692	37.18	31.13	24.2	217.25	66.33	231.55	126.5	127.71	0	0	0	0	0	0	0	0	861.85	0
11.9792	32.45	25.3	19.36	214.83	64.02	235.95	130.57	138.16	0	0	0	0	0	0	0	0	860.64	0
11.9892	27.83	19.47	16.94	207.79	59.4	240.35	134.64	146.52	0	0	0	0	0	0	0	0	852.94	0
11.9992	23.21	15.51	14.52	195.91	57.2	242.55	136.62	156.97	0	0	0	0	0	0	0	0	842.49	0
12.0092	23.21	15.51	12.1	181.83	50.82	244.75	136.62	165.33	0	0	0	0	0	0	0	0	830.17	0
12.0192	20.9	13.64	12.1	167.64	46.53	246.95	136.62	169.62	6.93	4.62	0	0	0	0	0	0	814	11.55
12.0292	20.9	13.64	9.68	149.6	40.15	249.15	134.64	174.13	12.21	9.35	0	0	0	0	0	0	791.89	21.56
12.0392	18.59	11.66	9.68	129.47	33.88	249.15	130.57	176.44	19.25	13.97	0	0	0	0	0	0	759.44	33.22
12.0492	16.17	9.68	9.68	107.14	29.59	251.35	128.59	181.06	47.41	35.09	4.73	8.47	0	0	0	0	733.26	95.7
12.0592	16.17	9.68	7.26	85.03	23.21	249.15	124.52	187.99	117.37	75.13	11.88	16.94	0	4.73	0	0	703.01	226.05
12.0692	13.86	7.7	7.26	65.23	19.03	244.75	120.45	190.3	146.96	110.66	21.56	39.6	5.5	14.19	0	0	668.58	338.47
12.0792	11.55	5.83	7.26	48.18	14.74	231.55	120.45	192.61	177.65	145.64	38.28	56.54	8.25	40.37	0	6.27	632.17	473
12.0892	9.24	3.85	4.84	34.43	10.56	209.44	110.88	194.92	212.41	175.45	57.75	75.02	11	59.4	10.23	10.56	578.16	611.82
12.0992	4.62	3.85	4.84	24.09	8.47	171.93	103.62	194.92	231.44	185.13	68.75	78.21	13.75	70.18	25.63	16.94	516.34	690.03
12.1092	0	0	0	17.16	8.47	127.16	89.1	187.99	228.91	182.71	71.39	81.29	16.5	78.32	35.97	19.03	429.88	714.12
12.1192	0	0	0	11.99	8.47	89.98	72.82	167.42	217.03	182.71	71.39	87.56	19.25	86.46	43.67	23.21	350.68	731.28
12.1292	0	0	0	10.34	8.47	60.83	56.54	133.98	212.41	187.55	76.89	90.75	19.25	100.1	53.9	25.41	270.16	766.26
12.1392	0	0	0	6.82	6.27	44.88	47.3	84.81	219.34	194.81	85.03	100.21	22	110.99	65.45	29.59	190.08	827.42
12.1491	0	0	0	3.41	4.18	33.22	41.25	58.52	228.91	204.49	93.28	106.48	24.75	121.88	74.36	31.79	140.58	885.94
12.1591	0	0	0	0	0	25.3	33.55	31.79	241.23	211.75	104.17	112.75	27.5	130.02	86.35	35.97	90.64	949.74
12.1691	0	0	0	0	0	17.49	24.42	19.36	251.13	219.01	112.42	119.02	30.25	138.16	95.26	40.26	61.27	1005.51
12.1791	0	0	0	0	0	13.64	16.72	7.04	251.13	223.85	115.17	128.48	30.25	146.3	101.2	42.35	37.4	1038.73
12.1891	0	0	0	0	0	7.81	7.59	0	246.18	226.27	112.42	134.86	30.25	154.55	104.17	42.35	15.4	1051.05
12.1991	0	0	0	0	0	5.83	6.05	0	238.81	226.27	112.42	144.32	33	159.94	107.14	44.44	11.88	1066.34
12.2091	0	0	0	0	0	5.83	4.51	0	226.49	223.85	109.67	156.97	33	165.44	107.14	44.44	10.34	1067
12.2191	0	0	0	0	0	3.85	2.97	0	212.41	219.01	101.42	163.24	33	170.83	107.14	44.44	6.82	1051.49
12.2291	0	0	0	0	0	0	0	0	196.24	211.75	96.03	172.81	33	176.22	107.14	46.53	0	1039.72
12.2391	0	0	0	0	0	0	0	0	177.65	204.49	87.78	182.38	33	178.86	104.17	46.53	0	1014.86
12.2491	0	0	0	0	0	0	0	0	161.81	194.81	79.64	191.95	33	181.61	101.2	48.73	0	992.75
12.2591	0	0	0	0	0	0	0	0	149.16	185.13	74.14	198.44	33	184.25	101.2	48.73	0	974.05
12.2691	0	0	0	0	0	0	0	0	134.31	175.45	66	208.01	33	187	98.23	48.73	0	950.73
12.2791	0	0	0	0	0	0	0	0	123.75	165.66	60.5	214.39	33	187	95.26	48.73	0	928.29
12.2891	0	0	0	0	0	0	0	0	113.3	155.65	52.69	220.77	33	189.64	92.29	48.73	0	906.07
12.2991	0	0	0	0	0	0	0	0	103.73	145.64	47.85	229.79	30.25	192.39	92.29	48.73	0	890.67
12.3091	0	0	0	0	0	0	0	0	92.29	135.52	43.12	235.62	30.25	192.39	89.32	48.73	0	867.24
12.3191	0	0	0	0	0	0	0	0	82.72	125.51	40.7	241.45	30.25	195.03	89.32	48.73	0	853.71
12.3291	0	0	0	0	0	0	0	0	73.15	115.5	35.86	244.42	30.25	197.67	86.35	48.73	0	831.93
12.3391	0	0	0	0	0	0	0	0	65.56	108.24	33.44	250.14	30.25	200.42	86.35	50.82	0	825.22
12.3491	0	0	0	0	0	0	0	0	57.97	101.2	28.71	255.97	30.25	205.81	86.35	50.82	0	817.08
12.3591	0	0	0	0	0	0	0	0	50.93	94.05	28.71	258.94	30.25	208.45	89.32	50.82	0	811.47
12.3691	0	0	0	0	0	0	0	0	45.65	87.01	26.29	264.77	30.25	213.84	89.32	50.82	0	807.95
12.3791	0	0	0	0	0	0	0	0	42.13	79.86	23.87	267.63	30.25	219.23	92.29	50.82	0	806.08
12.3891	0	0	0	0	0	0	0	0	36.85	75.13	21.56	273.46	30.25	224.73	95.26	52.91	0	810.15
12.3991	0	0	0	0	0	0	0	0	35.09	70.4	21.56	276.43	33	230.34	101.2	52.91	0	820.93
12.4091	0	0	0	0	0	0	0	0	31.57	65.67	19.14	282.7	33	235.95	104.17	55.11	0	827.31
12.4191	0	0	0	0	0	0	0	0	29.81	60.94	19.14	285.89	33	241.45	110.22	57.53	0	837.98
12.4291	0	0	0	0	0	0	0	0	28.05	56.21	16.72	288.97	33	247.06	115.94	57.53	0	843.48
12.4391	0	0	0	0	0	0	0	0	26.29	51.59	16.72	295.35	35.75	255.42	118.91	59.95	0	859.98
12.4491	0	0	0	0	0	0	0	0	24.53	46.86	14.3	298.43	35.75	261.03	124.63	62.37	0	867.9
12.4591	0	0	0	0	0	0	0	0	22.77	42.13	14.3	304.81	35.75	269.39	130.46	64.9	0	884.51
12.4691	0	0	0	0	0	0	0	0	21.01	39.82	11.88	308	35.75	277.86	133.32	67.32	0	894.96
12.4791	0	0	0	0	0	0	0	0	19.25	32.78	11.88	308	35.75	286.33	139.15	72.16	0	905.3
12.4891	0	0	0	0	0	0	0	0	19.25	28.05	9.57	308	35.75	294.8	142.12	77.11	0	914.65
12.4991	0	0	0	0	0	0	0	0	15.73	23.43	9.57	304.81	35.75	303.27	147.84	79.53	0	919.93
12.5091	0	0	0	0	0	0	0	0	13.97	16.39	7.15	298.43	35.75	308.88	153.67	86.9	0	921.14
12.5191	0	0	0	0	0	0	0	0	13.97	9.35	7.15	285.89	33	317.35	156.53	89.32	0	912.56
12.5291	0	0	0	0	0	0	0	0	12.21	6.93	4.73	270.6	30.25	322.96	159.5	94.27	0	901.45
12.5391	0	0	0	0	0	0	0	0	12.21	6.93	4.73	250.14	27.5	325.82	159.5	96.69	0	883.52
12.5491	6.93	0	0	0	0	0	0	0	12.21	6.93	4.73	226.93	24.75	331.54	162.36	101.53	6.93	870.98
12.5591	18.59	3.85	0	0	0	0	0	0	10.45	4.62	4.73	201.63	19.25	334.29	159.5	106.48	22.44	840.95
12.5691	48.73	5.83	0	0	0	0	0	0	10.45	4.62	4.73	172.81	16.5	340.01	159.5	111.32	54.56	819.94
12.5791	184.47	29.15	9.68	6.82	0	5.83	0	0	8.69	0	0	147.51	13.75	345.62	156.53	116.05	235.95	788.15
12.5891	254.43	50.6	21.78	13.75	4.18	5.83	0	0	8.69	0	0	122.21	11	348.48	150.81	118.25	350.57	759.44
12.5991	251.9	78.54	38.72	27.5	8.47	11.66	0	0	8.69	0	0	97.02	8.25	342.76	144.98	122.76	416.79	724.46
12.6091	259.6	111.54	62.81	41.36	14.74	19.47	2.97	0	6.93	0	0	71.94	5.5	328.68	136.29	127.16	512.49	676.5
12.6191	259.6	130.57	74.58	56.87	19.03	27.28	7.59	5.28	5.17	0	0	50.82	5.5	303.27	127.6	129.47	580.8	621.83
12.6291	272.58	138.93	84.04	67.43	21.12	33.22	12.21	7.04	3.41	0	0	39.6	0	255.42	118.91	131.67	636.57	549.01
12.6391	270.05	141.02	93.5	74.03	23.21	42.9	15.18	8.8	0	0	0	31.02	0	197.67	110.22	129.47	668.69	468.38
12.6491	272.58	143.11	102.96	78.43	25.41	54.67	21.34	10.56	0	0	0	22.55	0	146.3	98.23	122.76	709.06	389.84
12.6591	282.92	147.29	112.42	78.43	29.59	63.03	25.96	12.32	0	0	0	14.08	0	105.49	86.35	104.06	751.96	309.98
12.6691	295.68	153.56	124.74	82.83	31.68	69.74	33.55	15.84	0	0	0	11.22	0	72.93	74.36	79.53	807.62	238.04
12.6791	311.08	159.83	137.17	85.03	35.97	76.56	36.63	17.6	0	0	0	8.47	0	52.25	62.48	57.53	859.87	180.73
12.6891	326.37	168.3	147.07	87.34	35.97	78.76	39.71	17.6	0	0	0	0	0	37.95	53.9	46.53	901.12	138.38
12.6991	334.07	175.12	154.44	93.94	38.06	83.27	41.25	19.36	0	0	0	0	0	28.49	46.2	33.88	939.51	108.57
12.7091	336.71	179.63	154.44	98.34	38.06	87.67	42.68	19.36	0	0	0	0	0	21.34	38.5	27.5	956.89	87.34
12.7191	334.07	184.25	154.44	104.94	40.15	89.98	42.68	21.12	0	0	0	0	0	14.19	25.63	16.94	971.63	56.76
12.7291	331.54	188.76	152.02	111.54	40.15	92.18	41.25	21.12	0	0	0	0	0	9.46	10.23	4.18	978.56	23.87
12.7391	321.31	190.96	147.07	118.25	40.15	94.49	41.25	21.12	0	0	0	0	0	4.73	0	0	974.6	4.73
12.7491	313.61	190.96	139.59	124.96	38.06	96.69	39.71	21.12	0	0	0	0	0	0	0	0	964.7	0
12.7591	303.38	193.27	134.64	131.67	40.15	96.69	39.71	21.12	0	0	0	0	0	0	0	0	960.63	0
12.7691	293.15	190.96	129.69	136.18	38.06	96.69	38.17	21.12	0	0	0	0	0	0	0	0	944.02	0
12.7791	282.92	186.45	122.32	138.38	38.06	96.69	36.63	21.12	0	0	0	0	0	0	0	0	922.57	0
12.7891	270.05	181.94	117.37	140.69	38.06	94.49	36.63	21.12	0	0	0	0	0	0	0	0	900.35	0
12.7991	257.07	177.43	110	142.89	38.06	94.49	35.09	21.12	0	0	0	0	0	0	0	0	876.15	0
12.8091	246.73	172.81	105.27	145.09	38.06	94.49	35.09	21.12	0	0	0	0	0	0	0	0	858.66	0
12.8191	236.28	166.1	100.54	147.4	38.06	94.49	35.09	21.12	0	0	0	0	0	0	0	0	839.08	0
12.8291	228.58	164.01	98.23	149.6	38.06	94.49	35.09	21.12	0	0	0	0	0	0	0	0	829.18	0
12.8391	220.88	159.83	93.5	151.8	38.06	94.49	35.09	21.12	0	0	0	0	0	0	0	0	814.77	0
12.8491	213.62	157.74	91.08	154.11	38.06	94.49	35.09	21.12	0	0	0	0	0	0	0	0	805.31	0
12.8591	206.36	153.56	88.77	158.51	38.06	96.69	35.09	22.88	0	0	0	0	0	0	0	0	799.92	0
12.8691	201.52	151.47	86.35	160.82	40.15	98.89	36.63	22.88	0	0	0	0	0	0	0	0	798.71	0
12.8791	196.68	149.38	86.35	165.33	40.15	101.2	38.17	22.88	0	0	0	0	0	0	0	0	800.14	0
12.8891	189.31	147.29	84.04	169.95	40.15	105.6	39.71	24.64	0	0	0	0	0	0	0	0	800.69	0
12.8991	184.47	143.11	84.04	177.1	42.35	110.11	39.71	24.64	0	0	0	0	0	0	0	0	805.53	0
12.9091	177.21	141.02	81.73	181.83	42.35	114.51	42.68	24.64	0	0	0	0	0	0	0	0	805.97	0
12.9191	172.37	136.84	81.73	188.87	44.44	118.69	44.22	26.4	0	0	0	0	0	0	0	0	813.56	0
12.9291	165	134.75	79.31	193.6	44.44	122.98	45.76	28.27	0	0	0	0	0	0	0	0	814.11	0
12.9391	157.63	128.48	79.31	198.33	46.53	131.45	47.3	28.27	0	0	0	0	0	0	0	0	817.3	0
12.9491	147.84	124.3	77	205.37	46.53	137.72	50.38	30.03	0	0	0	0	0	0	0	0	819.17	0
12.9591	140.47	118.03	74.58	212.52	48.62	146.19	51.92	33.55	0	0	0	0	0	0	0	0	825.88	0
12.9691	128.15	109.34	69.85	221.98	50.82	156.86	56.54	35.31	0	0	0	0	0	0	0	0	828.85	0
12.9791	115.83	100.54	62.81	228.69	50.82	167.53	60.06	37.07	0	0	0	0	0	0	0	0	823.35	0
12.9891	102.08	91.74	58.08	235.51	52.91	178.53	65.56	40.59	0	0	0	0	0	0	0	0	825	0
12.9991	91.08	80.74	50.82	242.33	52.91	191.73	70.95	44.11	0	0	0	0	0	0	0	0	824.67	0
13.0091	77.77	69.74	41.14	249.15	55	202.84	76.45	49.39	0	0	0	0	0	0	0	0	821.48	0
13.0191	64.57	58.74	33.88	255.97	55	213.84	81.84	56.54	0	0	0	0	0	0	0	0	820.38	0
13.0291	51.04	48.73	26.62	260.48	55	222.75	87.23	64.57	0	0	0	0	0	0	0	0	816.42	0
13.0391	41.8	38.94	21.78	262.79	55	231.55	90.86	72.6	0	0	0	0	0	0	0	0	815.32	0
13.0491	37.18	33.11	19.36	262.79	55	242.55	96.36	82.72	0	0	0	0	0	0	0	0	829.07	0
13.0591	32.45	27.28	16.94	260.48	52.91	249.15	99.99	102.96	0	0	0	0	0	0	0	0	842.16	0
13.0691	25.52	21.34	14.52	255.97	52.91	255.75	103.62	113.08	0	4.62	0	0	0	0	0	0	842.71	4.62
13.0791	23.21	19.47	12.1	249.15	48.62	260.15	105.38	123.53	3.41	6.93	0	0	0	0	0	0	841.61	10.34
13.0891	23.21	17.49	9.68	235.51	44.44	264.55	105.38	129.8	6.93	9.35	0	0	0	0	0	0	830.06	16.28
13.0991	20.9	17.49	9.68	219.56	42.35	268.95	103.62	136.07	12.21	11.66	0	0	0	0	0	0	818.62	23.87
13.1091	20.9	15.51	7.26	200.64	35.97	271.15	101.75	142.34	17.49	16.39	0	0	0	0	0	0	795.52	33.88
13.1191	18.59	15.51	7.26	177.1	31.68	275.55	98.12	148.61	29.81	25.74	4.73	5.61	0	0	0	0	772.42	65.89
13.1291	16.17	13.64	7.26	151.8	27.5	275.55	94.49	154.88	77	56.21	9.57	14.08	0	0	0	0	741.29	156.86
13.1391	16.17	11.66	7.26	124.96	21.12	275.55	90.86	163.24	123.75	96.47	16.72	25.41	0	9.46	5.06	0	710.82	276.87
13.1491	13.86	9.68	4.84	96.14	16.94	271.15	87.23	169.62	142.78	125.51	31.13	50.82	8.25	23.65	5.06	6.27	669.46	393.47
13.1591	11.55	7.7	4.84	67.43	12.65	257.95	81.84	176.44	173.03	145.64	50.27	62.48	8.25	45.1	0	8.47	620.4	493.24
13.1691	6.93	5.83	4.84	46.53	10.56	233.75	80.08	181.06	210.1	160.6	71.39	68.75	16.5	56.98	23.1	14.74	569.58	622.16
13.1791	4.62	5.83	4.84	32.67	8.47	194.04	74.58	183.37	228.91	165.66	85.03	71.94	19.25	67.54	38.5	21.12	508.42	697.95
13.1891	4.62	3.85	0	25.85	6.27	137.72	65.56	176.44	226.49	160.6	90.53	71.94	22	72.93	46.2	25.41	420.31	716.1
13.1991	0	0	0	20.68	6.27	89.98	56.54	156.97	221.65	158.07	93.28	71.94	24.75	81.07	53.9	29.59	330.44	734.25
13.2091	0	0	0	15.51	6.27	63.03	48.84	117.26	224.07	160.6	101.42	75.02	27.5	89.21	68.42	33.88	250.91	780.12
13.2191	0	0	0	10.34	4.18	46.86	42.68	76.67	236.28	168.19	115.17	78.21	33	97.35	86.35	38.06	180.73	852.61
13.2291	0	0	0	5.17	0	33.22	35.09	49.39	251.13	175.45	126.28	81.29	35.75	105.49	101.2	44.44	122.87	921.03
13.2391	0	0	0	0	0	25.3	27.5	26.4	265.87	180.29	140.25	81.29	38.5	110.99	115.94	48.73	79.2	981.86
13.2491	0	0	0	0	0	17.49	19.8	15.84	278.19	185.13	148.61	84.48	44	116.38	130.46	52.91	53.13	1040.16
13.2591	0	0	0	0	0	11.66	12.21	3.52	283.25	187.55	154.22	90.75	46.75	121.88	139.15	55.11	27.39	1078.66
13.2691	0	0	0	3.41	0	7.81	4.51	0	280.72	192.39	156.97	93.94	46.75	127.27	147.84	57.53	15.73	1103.41
13.2791	0	0	0	3.41	0	7.81	2.97	0	273.24	192.39	154.22	97.02	49.5	135.41	156.53	59.95	14.19	1118.26
13.2891	0	0	0	0	0	5.83	0	0	263.45	189.97	154.22	103.29	49.5	140.91	162.36	62.37	5.83	1126.07
13.2991	0	0	0	3.41	0	3.85	0	0	251.13	185.13	148.61	106.48	52.25	143.66	168.3	62.37	7.26	1117.93
13.3091	0	0	0	0	0	0	0	0	236.28	180.29	143	109.56	52.25	146.3	171.27	64.9	0	1103.85
13.3191	0	0	0	0	0	0	0	0	221.65	175.45	134.64	112.75	55.11	151.8	174.24	64.9	0	1090.54
13.3291	0	0	0	0	0	0	0	0	205.48	165.66	126.28	115.94	55.11	151.8	177.21	64.9	0	1062.38
13.3391	0	0	0	0	0	0	0	0	186.89	158.07	117.92	119.02	55.11	154.55	177.21	64.9	0	1033.67
13.3491	0	0	0	0	0	0	0	0	173.03	150.59	109.67	122.21	55.11	157.19	177.21	64.9	0	1009.91
13.3591	0	0	0	0	0	0	0	0	155.43	140.58	101.42	122.21	55.11	157.19	180.18	64.9	0	977.02
13.3691	0	0	0	0	0	0	0	0	142.78	133.1	93.28	125.4	55.11	159.94	180.18	64.9	0	954.69
13.3791	0	0	0	0	0	0	0	0	127.93	123.09	85.03	128.48	55.11	162.69	180.18	67.32	0	929.83
13.3891	0	0	0	0	0	0	0	0	115.28	115.5	76.89	131.67	55.11	165.44	183.15	67.32	0	910.36
13.3991	0	0	0	0	0	0	0	0	103.73	108.24	68.75	134.86	55.11	168.19	183.15	69.74	0	891.77
13.4091	0	0	0	0	0	0	0	0	94.16	101.2	63.25	137.94	55.11	170.83	186.12	69.74	0	878.35
13.4191	0	0	0	0	0	0	0	0	84.7	94.05	57.75	141.13	55.11	173.47	189.09	69.74	0	865.04
13.4291	0	0	0	0	0	0	0	0	78.98	89.32	55.11	144.32	58.08	178.86	195.14	69.74	0	869.55
13.4391	0	0	0	0	0	0	0	0	71.28	84.59	50.27	147.51	58.08	181.61	198.11	72.16	0	863.61
13.4491	0	0	0	0	0	0	0	0	65.56	79.86	47.85	150.59	58.08	187	201.08	74.69	0	864.71
13.4591	0	0	0	0	0	0	0	0	57.97	72.82	43.12	153.78	58.08	192.39	204.05	77.11	0	859.32
13.4691	0	0	0	0	0	0	0	0	52.69	68.09	38.28	160.05	58.08	197.67	209.99	77.11	0	861.96
13.4791	0	0	0	0	0	0	0	0	45.65	63.36	35.86	163.24	58.08	203.06	212.96	79.53	0	861.74
13.4891	0	0	0	0	0	0	0	0	40.37	56.21	31.13	169.62	58.08	208.45	218.9	81.95	0	864.71
13.4991	0	0	0	0	0	0	0	0	35.09	51.59	28.71	176	58.08	213.84	221.98	84.48	0	869.77
13.5091	0	0	0	0	0	0	0	0	31.57	44.55	23.87	179.19	58.08	219.23	230.45	84.48	0	871.42
13.5191	0	0	0	0	0	0	0	0	28.05	39.82	21.56	185.57	61.05	227.48	236.06	89.32	0	888.91
13.5291	0	0	0	0	0	0	0	0	24.53	32.78	19.14	188.76	61.05	233.09	241.67	91.74	0	892.76
13.5391	0	0	0	0	0	0	0	0	24.53	28.05	19.14	191.95	61.05	238.7	250.14	94.27	0	907.83
13.5491	0	0	0	0	0	0	0	0	22.77	25.74	16.72	195.14	61.05	244.31	255.86	96.69	0	918.28
13.5591	0	0	0	0	0	0	0	0	21.01	18.7	14.3	195.14	61.05	249.92	258.72	99.11	0	917.95
13.5691	0	0	0	0	0	0	0	0	17.49	13.97	11.88	191.95	58.08	258.28	261.47	101.53	0	914.65
13.5790	0	0	0	0	0	0	0	0	15.73	6.93	9.57	191.95	55.11	261.03	261.47	104.06	0	905.85
13.5890	0	0	0	0	0	0	0	0	13.97	4.62	7.15	182.38	52.25	266.64	258.72	106.48	0	892.21
13.5990	0	0	0	0	0	0	0	0	13.97	4.62	7.15	176	46.75	272.25	255.86	108.9	0	885.5
13.6090	4.62	0	0	0	0	0	0	0	12.21	0	7.15	160.05	41.25	275	250.14	111.32	4.62	857.12
13.6190	9.24	0	0	0	0	0	0	0	12.21	0	4.73	147.51	33	280.61	247.39	116.05	9.24	841.5
13.6290	18.59	3.85	0	0	0	0	0	0	12.21	0	4.73	131.67	27.5	286.33	238.92	118.25	22.44	819.61
13.6390	37.18	3.85	0	0	0	0	0	0	10.45	0	4.73	115.94	22	291.94	233.2	122.76	41.03	801.02
13.6490	135.52	19.47	4.84	3.41	0	0	0	0	10.45	0	0	100.21	16.5	297.55	224.73	127.16	163.24	776.6
13.6590	233.75	38.94	16.94	10.34	0	5.83	0	0	8.69	0	0	84.48	13.75	300.41	212.96	131.67	305.8	751.96
13.6690	241.45	54.56	31.46	13.75	4.18	5.83	0	0	6.93	0	0	62.48	11	297.55	204.05	136.18	351.23	718.19
13.6790	257.07	85.14	55.77	24.09	8.47	11.66	0	0	6.93	0	0	48.07	8.25	283.47	189.09	138.38	442.2	674.19
13.6890	262.24	107.14	74.58	37.84	14.74	17.49	0	5.28	5.17	0	0	36.74	5.5	261.03	171.27	142.89	519.31	622.6
13.6990	270.05	120.12	88.77	48.18	19.03	25.3	7.59	12.32	3.41	0	0	25.41	5.5	224.73	156.53	142.89	591.36	558.47
13.7090	275.22	124.3	100.54	53.35	21.12	29.26	10.67	14.08	0	0	0	16.94	5.5	178.86	139.15	140.58	628.54	481.03
13.7190	270.05	124.3	107.69	56.87	23.21	39.05	16.72	17.6	0	0	0	11.22	5.5	138.16	121.77	133.87	655.49	410.52
13.7290	270.05	126.39	117.37	58.63	29.59	48.84	25.96	19.36	0	0	0	8.47	5.5	105.49	104.17	118.25	696.19	341.88
13.7390	277.86	128.48	132.22	60.83	33.88	54.67	35.09	22.88	0	0	0	8.47	5.5	75.68	89.32	99.11	745.91	278.08
13.7490	293.15	132.66	149.49	63.03	38.06	60.83	41.25	24.64	0	0	0	5.61	5.5	56.98	77.33	74.69	803.11	220.11
13.7590	308.44	138.93	169.29	65.23	42.35	67.54	47.3	28.27	0	0	0	0	5.5	42.68	65.45	57.53	867.35	171.16
13.7690	321.31	143.11	184.25	67.43	44.44	72.05	51.92	31.79	0	0	0	0	0	30.8	56.54	42.35	916.3	129.69
13.7790	328.9	145.2	194.37	69.63	46.53	76.56	55	33.55	0	0	0	0	0	23.65	48.73	33.88	949.74	106.26
13.7890	331.54	149.38	199.32	74.03	48.62	80.96	58.3	33.55	0	0	0	0	0	18.92	38.5	25.41	975.7	82.83
13.7990	328.9	151.47	201.85	78.43	48.62	87.67	61.93	37.07	0	0	0	0	0	11.88	23.1	12.65	995.94	47.63
13.8090	326.37	153.56	201.85	85.03	50.82	92.18	63.69	38.83	0	0	0	0	0	7.04	10.23	6.27	1012.33	23.54
13.8190	316.14	153.56	196.79	89.54	50.82	96.69	65.56	38.83	0	0	0	0	0	4.73	7.7	4.18	1007.93	16.61
13.8290	305.91	153.56	191.84	96.14	50.82	101.2	67.32	40.59	0	0	0	0	0	4.73	5.06	0	1007.38	9.79
13.8390	295.68	151.47	184.25	100.54	52.91	105.6	69.19	40.59	0	0	0	0	0	0	0	0	1000.23	0
13.8490	280.39	149.38	176.77	104.94	52.91	107.91	69.19	42.35	0	0	0	0	0	0	0	0	983.84	0
13.8590	267.41	147.29	166.87	109.34	50.82	112.42	67.32	42.35	0	0	0	0	0	0	0	0	963.82	0
13.8690	251.9	143.11	156.97	113.85	52.91	114.51	67.32	42.35	0	0	0	0	0	0	0	0	942.92	0
13.8790	236.28	136.84	147.07	118.25	52.91	114.51	67.32	42.35	0	0	0	0	0	0	0	0	915.53	0
13.8890	220.88	132.66	137.17	124.96	50.82	118.69	67.32	42.35	0	0	0	0	0	0	0	0	894.85	0
13.8990	206.36	126.39	127.27	129.47	50.82	120.78	67.32	42.35	0	0	0	0	0	0	0	0	870.76	0
13.9090	189.31	120.12	117.37	133.98	50.82	125.07	67.32	42.35	0	0	0	0	0	0	0	0	846.34	0
13.9190	174.79	115.94	110	140.69	50.82	129.25	67.32	42.35	0	0	0	0	0	0	0	0	831.16	0
13.9290	162.58	109.34	100.54	145.09	50.82	133.54	67.32	44.11	0	0	0	0	0	0	0	0	813.34	0
13.9390	147.84	102.74	93.5	151.8	50.82	137.72	69.19	44.11	0	0	0	0	0	0	0	0	797.72	0
13.9490	137.94	96.14	86.35	156.31	50.82	142.01	69.19	45.87	0	0	0	0	0	0	0	0	784.63	0
13.9590	125.73	89.54	81.73	158.51	52.91	146.19	72.82	47.63	0	0	0	0	0	0	0	0	775.06	0
13.9690	118.36	85.14	77	165.33	52.91	150.48	72.82	47.63	0	0	0	0	0	0	0	0	769.67	0
13.9790	108.68	78.54	69.85	169.95	52.91	156.86	76.45	51.15	0	0	0	0	0	0	0	0	764.39	0
13.9890	99.88	74.14	65.12	174.68	52.91	161.04	78.21	52.91	0	0	0	0	0	0	0	0	758.89	0
13.9990	91.08	67.54	60.39	179.41	55	167.53	81.84	56.54	0	0	0	0	0	0	0	0	759.33	0
14.0090	82.17	63.14	55.77	184.14	55	174.13	85.47	60.5	0	0	0	0	0	0	0	0	760.32	0
14.0190	73.37	56.54	48.4	188.87	55	180.73	89.1	64.57	0	0	0	0	0	0	0	0	756.58	0
14.0290	66.77	50.6	43.56	193.6	57.2	187.33	92.73	70.62	0	0	0	0	0	0	0	0	762.41	0
14.0390	55.77	44.77	36.3	195.91	57.2	196.24	96.36	78.65	0	0	0	0	0	0	0	0	761.2	0
14.0490	46.42	38.94	29.04	198.33	57.2	202.84	101.75	92.84	0	0	0	0	0	0	0	0	767.36	0
14.0590	39.49	31.13	24.2	200.64	57.2	211.64	107.25	104.94	0	0	0	0	0	0	0	0	776.49	0
14.0690	34.76	29.15	21.78	198.33	57.2	218.24	112.64	115.17	0	0	0	0	0	0	0	0	787.27	0
14.0790	30.14	25.3	19.36	198.33	55	224.95	118.47	123.53	0	0	0	0	0	0	0	0	795.08	0
14.0890	27.83	21.34	16.94	195.91	55	229.35	124.52	129.8	0	0	0	0	0	0	0	0	800.69	0
14.0990	25.52	17.49	14.52	191.29	52.91	233.75	128.59	138.16	0	0	0	0	0	0	0	0	802.23	0
14.1090	23.21	15.51	12.1	186.56	52.91	238.15	132.55	146.52	0	0	0	0	0	0	0	0	807.51	0
14.1190	20.9	13.64	12.1	179.41	50.82	240.35	136.62	154.88	0	0	0	0	0	0	0	0	808.72	0
14.1290	20.9	11.66	9.68	172.37	48.62	242.55	140.69	163.24	0	0	0	0	0	0	0	0	809.71	0
14.1390	20.9	11.66	9.68	160.82	46.53	242.55	140.69	169.62	0	0	0	0	0	0	0	0	802.45	0
14.1490	18.59	11.66	9.68	147.4	42.35	242.55	142.67	174.13	3.41	0	0	0	0	0	0	0	789.03	3.41
14.1590	18.59	9.68	7.26	131.67	38.06	242.55	142.67	178.75	6.93	0	0	0	0	0	0	0	769.23	6.93
14.1690	16.17	9.68	7.26	113.85	31.68	242.55	140.69	183.37	12.21	9.35	0	0	0	0	0	0	745.25	21.56
14.1790	16.17	7.7	7.26	96.14	27.5	242.55	140.69	187.99	19.25	16.39	0	0	0	0	0	0	726	35.64
14.1890	13.86	7.7	7.26	80.63	23.21	242.55	138.6	192.61	52.69	37.51	7.15	11.22	0	0	0	0	706.42	108.57
14.1990	13.86	5.83	7.26	65.23	21.12	240.35	136.62	194.92	132.22	89.32	16.72	22.55	0	7.04	0	0	685.19	267.85
14.2090	9.24	5.83	4.84	49.94	16.94	233.75	132.55	199.43	166.1	143.11	28.71	53.68	5.5	23.65	5.06	4.18	652.52	429.99
14.2190	9.24	3.85	4.84	37.84	12.65	220.55	128.59	201.74	191.51	180.29	45.43	81.29	11	47.52	5.06	6.27	619.3	568.37
14.2290	4.62	3.85	4.84	27.5	10.56	196.24	120.45	201.74	212.41	197.23	60.5	90.75	11	64.79	12.76	10.56	569.8	660
14.2390	0	0	4.84	18.92	8.47	158.95	109.01	197.23	217.03	197.23	66	93.94	13.75	72.93	25.63	16.94	497.42	703.45
14.2490	0	0	0	15.51	8.47	116.6	90.86	187.99	210.1	194.81	68.75	97.02	16.5	83.82	35.97	19.03	419.43	726
14.2590	0	0	0	10.34	8.47	80.96	72.82	165.33	207.79	199.65	74.14	106.48	19.25	94.6	46.2	21.12	337.92	769.23
14.2690	0	0	0	6.82	8.47	56.65	56.54	123.53	214.72	206.91	82.39	112.75	22	105.49	53.9	25.41	252.01	823.57
14.2790	0	0	0	5.17	6.27	44.88	48.84	80.74	224.07	216.59	93.28	119.02	24.75	116.38	65.45	29.59	185.9	889.13
14.2890	0	0	0	0	4.18	33.22	41.25	51.15	241.23	226.27	104.17	125.4	27.5	124.52	77.33	33.88	129.8	960.3
14.2990	0	0	0	0	0	25.3	35.09	30.03	253.55	233.53	115.17	128.48	27.5	132.77	86.35	35.97	90.42	1013.32
14.3090	0	0	0	0	0	19.47	25.96	19.36	258.5	235.95	120.78	134.86	30.25	138.16	92.29	40.26	64.79	1051.05
14.3190	0	0	0	0	0	13.64	16.72	7.04	258.5	238.37	120.78	141.13	30.25	146.3	98.23	40.26	37.4	1073.82
14.3290	0	0	0	3.41	0	7.81	7.59	0	251.13	240.79	120.78	147.51	30.25	149.05	101.2	42.35	18.81	1083.06
14.3390	0	0	0	0	0	7.81	6.05	0	243.76	238.37	115.17	156.97	33	154.55	101.2	42.35	13.86	1085.37
14.3490	0	0	0	0	0	5.83	4.51	0	228.91	235.95	112.42	163.24	33	159.94	101.2	42.35	10.34	1077.01
14.3590	0	0	0	0	0	3.85	2.97	0	217.03	231.11	106.92	166.43	33	159.94	101.2	42.35	6.82	1057.98
14.3690	0	0	0	0	0	3.85	0	0	203.17	223.85	101.42	172.81	33	162.69	101.2	44.44	3.85	1042.58
14.3790	0	0	0	0	0	0	0	0	186.89	214.17	93.28	176	33	165.44	98.23	44.44	0	1011.45
14.3890	0	0	0	0	0	0	0	0	173.03	204.49	87.78	179.19	33	165.44	98.23	44.44	0	985.6
14.3990	0	0	0	0	0	0	0	0	159.72	197.23	82.39	185.57	33	168.19	95.26	44.44	0	965.8
14.4090	0	0	0	0	0	0	0	0	149.16	185.13	76.89	188.76	33	168.19	95.26	44.44	0	940.83
14.4190	0	0	0	0	0	0	0	0	136.4	177.87	71.39	191.95	33	168.19	92.29	46.53	0	917.62
14.4290	0	0	0	0	0	0	0	0	127.93	168.19	66	191.95	33	168.19	92.29	46.53	0	894.08
14.4390	0	0	0	0	0	0	0	0	119.46	160.6	60.5	195.14	33	170.83	92.29	46.53	0	878.35
14.4490	0	0	0	0	0	0	0	0	113.3	153.12	60.5	198.44	33	170.83	92.29	46.53	0	868.01
14.4590	0	0	0	0	0	0	0	0	107.58	145.64	57.75	198.44	33	173.47	95.26	46.53	0	857.67
14.4690	0	0	0	0	0	0	0	0	105.71	143.11	55.11	198.44	35.75	173.47	98.23	48.73	0	858.55
14.4790	0	0	0	0	0	0	0	0	101.86	140.58	55.11	201.63	35.75	176.22	101.2	48.73	0	861.08
14.4890	0	0	0	0	0	0	0	0	98.01	138.05	55.11	204.82	35.75	181.61	107.14	48.73	0	869.22
14.4990	0	0	0	0	0	0	0	0	96.14	133.1	55.11	208.01	35.75	184.25	107.14	52.91	0	872.41
14.5090	0	0	0	0	0	0	0	0	92.29	128.04	55.11	211.2	38.5	189.64	113.08	52.91	0	880.77
14.5190	0	0	0	0	0	0	0	0	86.57	123.09	52.69	217.58	38.5	195.03	118.91	55.11	0	887.48
14.5290	0	0	0	0	0	0	0	0	80.85	120.56	50.27	220.77	41.25	203.06	124.63	57.53	0	898.92
14.5390	0	0	0	0	0	0	0	0	75.13	113.08	47.85	224.07	41.25	211.2	133.32	57.53	0	903.43
14.5490	0	0	0	0	0	0	0	0	69.41	105.93	45.43	229.79	44	216.59	142.12	62.37	0	915.64
14.5590	0	0	0	0	0	0	0	0	63.69	98.78	43.12	232.76	44	224.73	150.81	64.9	0	922.79
14.5690	0	0	0	0	0	0	0	0	56.21	89.32	38.28	232.76	46.75	230.34	162.36	69.74	0	925.76
14.5790	0	0	0	0	0	0	0	0	50.93	82.28	35.86	232.76	49.5	238.7	174.24	72.16	0	936.43
14.5890	0	0	0	0	0	0	0	0	43.89	72.82	31.13	232.76	49.5	244.31	186.12	77.11	0	937.64
14.5990	0	0	0	0	0	0	0	0	36.85	63.36	28.71	235.62	52.25	249.92	195.14	79.53	0	941.38
14.6090	0	0	0	0	0	0	0	0	31.57	53.9	23.87	238.59	52.25	255.42	207.02	81.95	0	944.57
14.6190	0	0	0	0	0	0	0	0	28.05	44.55	21.56	238.59	55.11	261.03	212.96	84.48	0	946.33
14.6290	0	0	0	0	0	0	0	0	24.53	37.51	19.14	241.45	55.11	266.64	218.9	86.9	0	950.18
14.6390	0	0	0	0	0	0	0	0	22.77	30.47	16.72	241.45	55.11	272.25	224.73	91.74	0	955.24
14.6490	0	0	0	0	0	0	0	0	19.25	23.43	14.3	238.59	52.25	277.86	230.45	94.27	0	950.4
14.6590	0	0	0	0	0	0	0	0	17.49	13.97	11.88	232.76	52.25	280.61	233.2	94.27	0	936.43
14.6690	0	0	0	0	0	0	0	0	13.97	6.93	9.57	220.77	46.75	283.47	236.06	96.69	0	914.21
14.6790	6.93	0	0	0	0	0	0	0	13.97	6.93	7.15	204.82	41.25	286.33	236.06	99.11	6.93	895.62
14.6890	20.9	0	0	0	0	0	0	0	13.97	6.93	7.15	182.38	38.5	286.33	236.06	101.53	20.9	872.85
14.6990	99.88	7.7	0	0	0	0	0	0	12.21	4.62	4.73	156.97	30.25	289.08	233.2	104.06	107.58	835.12
14.7090	241.45	33.11	16.94	8.58	0	5.83	0	0	12.21	4.62	4.73	134.86	24.75	291.94	230.45	108.9	305.91	812.46
14.7190	254.43	56.54	31.46	15.51	4.18	5.83	0	0	10.45	0	4.73	112.75	19.25	289.08	227.59	113.85	367.95	777.7
14.7290	259.6	89.54	53.24	31.02	12.65	15.62	0	0	8.69	0	0	84.48	13.75	283.47	218.9	116.05	461.67	725.34
14.7390	259.6	115.94	69.85	46.53	16.94	21.45	6.05	3.52	8.69	0	0	59.4	11	269.39	209.99	118.25	539.88	676.72
14.7490	259.6	128.48	79.31	56.87	21.12	27.28	10.67	7.04	6.93	0	0	42.35	8.25	247.06	198.11	120.45	590.37	623.15
14.7590	259.6	130.57	88.77	65.23	23.21	37.07	15.18	7.04	5.17	0	0	28.27	8.25	205.81	180.18	122.76	626.67	550.44
14.7690	259.6	134.75	95.81	69.63	23.21	48.84	19.8	8.8	0	0	0	16.94	5.5	154.55	156.53	120.45	660.44	453.97
14.7790	264.88	138.93	105.27	71.83	25.41	56.65	24.42	10.56	0	0	0	8.47	5.5	116.38	127.6	113.85	697.95	371.8
14.7890	275.22	143.11	117.37	74.03	29.59	63.03	32.01	12.32	0	0	0	5.61	5.5	83.82	104.17	94.27	746.68	293.37
14.7990	293.15	149.38	132.22	76.23	31.68	69.74	38.17	15.84	0	0	0	0	5.5	59.4	83.27	72.16	806.41	220.33
14.8090	311.08	155.65	147.07	76.23	35.97	76.56	41.25	17.6	0	0	0	0	5.5	42.68	71.39	52.91	861.41	172.48
14.8190	323.84	164.01	156.97	80.63	35.97	80.96	44.22	17.6	0	0	0	0	0	30.8	59.51	40.26	904.2	130.57
14.8290	331.54	168.3	164.34	82.83	38.06	85.47	47.3	19.36	0	0	0	0	0	23.65	51.37	27.5	937.2	102.52
14.8390	336.71	172.81	166.87	87.34	38.06	87.67	47.3	21.12	0	0	0	0	0	18.92	43.67	23.21	957.88	85.8
14.8490	336.71	175.12	166.87	91.74	38.06	89.98	47.3	21.12	0	0	0	0	0	14.19	30.8	14.74	966.9	59.73
14.8590	334.07	177.43	164.34	93.94	38.06	92.18	47.3	22.88	0	0	0	0	0	7.04	12.76	4.18	970.2	23.98
14.8690	328.9	179.63	159.39	98.34	38.06	94.49	47.3	22.88	0	0	0	0	0	4.73	7.7	0	968.99	12.43
14.8790	321.31	179.63	156.97	102.74	40.15	94.49	47.3	22.88	0	0	0	0	0	4.73	5.06	0	965.47	9.79
14.8890	313.61	177.43	149.49	104.94	40.15	94.49	47.3	24.64	0	0	0	0	0	0	0	0	952.05	0
14.8990	303.38	175.12	144.54	107.14	40.15	94.49	47.3	24.64	0	0	0	0	0	0	0	0	936.76	0
14.9090	293.15	170.61	142.12	109.34	40.15	96.69	47.3	26.4	0	0	0	0	0	0	0	0	925.76	0
14.9190	282.92	166.1	134.64	109.34	40.15	96.69	47.3	26.4	0	0	0	0	0	0	0	0	903.54	0
14.9290	270.05	159.83	129.69	109.34	42.35	96.69	48.84	26.4	0	0	0	0	0	0	0	0	883.19	0
14.9390	257.07	155.65	124.74	111.54	42.35	94.49	48.84	26.4	0	0	0	0	0	0	0	0	861.08	0
14.9490	246.73	151.47	117.37	113.85	42.35	96.69	48.84	28.27	0	0	0	0	0	0	0	0	845.57	0
14.9590	236.28	147.29	112.42	116.05	42.35	96.69	48.84	28.27	0	0	0	0	0	0	0	0	828.19	0
14.9690	225.94	143.11	107.69	118.25	42.35	98.89	48.84	28.27	0	0	0	0	0	0	0	0	813.34	0
14.9790	216.04	138.93	102.96	122.76	42.35	101.2	50.38	30.03	0	0	0	0	0	0	0	0	804.65	0
14.9890	203.94	136.84	100.54	129.47	44.44	103.4	50.38	30.03	0	0	0	0	0	0	0	0	799.04	0
14.9990	194.15	132.66	95.81	133.98	44.44	105.6	51.92	30.03	0	0	0	0	0	0	0	0	788.59	0
15.0089	186.89	128.48	93.5	140.69	44.44	110.11	53.46	31.79	0	0	0	0	0	0	0	0	789.36	0
15.0189	177.21	126.39	91.08	147.4	46.53	116.6	53.46	33.55	0	0	0	0	0	0	0	0	792.22	0
15.0289	167.53	122.21	86.35	154.11	46.53	122.98	55	35.31	0	0	0	0	0	0	0	0	790.02	0
15.0389	157.63	118.03	84.04	163.02	46.53	129.25	58.3	37.07	0	0	0	0	0	0	0	0	793.87	0
15.0489	147.84	111.54	81.73	172.37	48.62	137.72	60.06	38.83	0	0	0	0	0	0	0	0	798.71	0
15.0589	137.94	107.14	77	179.41	48.62	146.19	61.93	40.59	0	0	0	0	0	0	0	0	798.82	0
15.0689	125.73	100.54	72.27	188.87	50.82	154.66	65.56	42.35	0	0	0	0	0	0	0	0	800.8	0
15.0789	113.41	93.94	65.12	198.33	50.82	163.13	67.32	45.87	0	0	0	0	0	0	0	0	797.94	0
15.0889	102.08	85.14	60.39	207.79	50.82	174.13	70.95	47.63	0	0	0	0	0	0	0	0	798.93	0
15.0989	91.08	76.34	53.24	217.25	50.82	185.13	76.45	52.91	0	0	0	0	0	0	0	0	803.22	0
15.1089	77.77	67.54	43.56	224.18	52.91	194.04	80.08	58.52	0	0	0	0	0	0	0	0	798.6	0
15.1189	66.77	58.74	36.3	231	52.91	205.04	85.47	66.55	0	0	0	0	0	0	0	0	802.78	0
15.1289	55.77	50.6	29.04	235.51	52.91	213.84	90.86	74.69	0	0	0	0	0	0	0	0	803.22	0
15.1389	44.11	40.92	24.2	237.82	52.91	224.95	96.36	84.81	0	0	0	0	0	0	0	0	806.08	0
15.1489	37.18	35.09	21.78	237.82	52.91	231.55	101.75	102.96	0	0	0	0	0	0	0	0	821.04	0
15.1589	32.45	31.13	19.36	235.51	52.91	240.35	107.25	117.26	0	0	0	0	0	0	0	0	836.22	0
15.1689	27.83	25.3	14.52	233.31	52.91	246.95	112.64	127.71	0	0	0	0	0	0	0	0	841.17	0
15.1789	25.52	19.47	12.1	226.49	50.82	251.35	116.49	136.07	0	0	0	0	0	0	0	0	838.31	0
15.1889	23.21	17.49	12.1	217.25	48.62	255.75	118.47	144.43	0	0	0	0	0	0	0	0	837.32	0
15.1989	20.9	15.51	12.1	205.37	44.44	260.15	120.45	152.79	3.41	4.62	0	0	0	0	0	0	831.71	8.03
15.2089	20.9	15.51	9.68	191.29	40.15	262.35	120.45	163.24	8.69	6.93	0	0	0	0	0	0	823.57	15.62
15.2189	18.59	13.64	9.68	172.37	35.97	266.75	116.49	169.62	12.21	11.66	0	0	0	0	0	0	803.11	23.87
15.2289	16.17	13.64	7.26	151.8	31.68	268.95	114.51	178.75	19.25	18.7	4.73	0	0	0	0	0	782.76	42.68
15.2389	16.17	11.66	7.26	129.47	27.5	271.15	110.88	183.37	42.13	32.78	7.15	11.22	0	0	0	0	757.46	93.28
15.2489	16.17	11.66	7.26	104.94	21.12	271.15	105.38	190.3	107.58	72.82	14.3	16.94	0	4.73	0	0	727.98	216.37
15.2589	13.86	9.68	4.84	80.63	16.94	268.95	101.75	194.92	140.69	105.93	26.29	39.6	5.5	16.61	5.06	0	691.57	339.68
15.2689	11.55	7.7	4.84	56.87	12.65	257.95	98.12	201.74	161.81	133.1	43.12	56.54	11	42.68	5.06	8.47	651.42	461.78
15.2789	9.24	5.83	4.84	39.6	10.56	235.95	92.73	206.36	203.17	155.65	66	65.67	13.75	56.98	17.93	12.65	605.11	591.8
15.2889	4.62	3.85	4.84	27.5	6.27	196.24	85.47	208.67	224.07	168.19	82.39	68.75	19.25	67.54	38.5	21.12	537.46	689.81
15.2989	0	0	0	20.68	6.27	142.01	74.58	201.74	224.07	163.13	87.78	71.94	22	72.93	43.67	23.21	445.28	708.73
15.3089	0	0	0	17.16	8.47	94.49	63.69	181.06	214.72	163.13	87.78	75.02	22	81.07	53.9	27.5	364.87	725.12
15.3189	0	0	0	11.99	8.47	63.03	53.46	142.34	214.72	168.19	96.03	78.21	24.75	91.96	65.45	31.79	279.29	771.1
15.3289	0	0	0	6.82	4.18	46.86	45.76	90.86	224.07	175.45	106.92	84.48	30.25	102.74	80.3	38.06	194.48	842.27
15.3389	0	0	0	3.41	0	35.09	38.17	64.57	241.23	185.13	120.78	87.56	33	113.63	95.26	42.35	141.24	918.94
15.3489	0	0	0	0	0	25.3	30.47	31.79	256.08	192.39	134.64	90.75	35.75	121.88	110.22	48.73	87.56	990.44
15.3589	0	0	0	0	0	19.47	24.42	19.36	268.4	197.23	145.86	97.02	38.5	127.27	121.77	52.91	63.25	1048.96
15.3689	0	0	0	0	0	13.64	15.18	5.28	273.24	202.07	151.36	100.21	41.25	135.41	133.32	57.53	34.1	1094.39
15.3789	0	0	0	3.41	0	9.68	7.59	0	268.4	204.49	154.22	106.48	44	143.66	139.15	59.95	20.68	1120.35
15.3889	0	0	0	3.41	0	7.81	6.05	0	260.92	204.49	154.22	115.94	46.75	149.05	147.84	62.37	17.27	1141.58
15.3989	0	0	0	0	0	5.83	2.97	0	248.6	202.07	148.61	122.21	46.75	157.19	150.81	64.9	8.8	1141.14
15.4089	0	0	0	0	0	3.85	0	0	231.44	197.23	143	128.48	46.75	162.69	156.53	64.9	3.85	1131.02
15.4189	0	0	0	3.41	0	3.85	0	0	214.72	189.97	134.64	131.67	46.75	168.19	159.5	67.32	7.26	1112.76
15.4289	0	0	0	0	0	0	0	0	196.24	182.71	126.28	137.94	46.75	173.47	159.5	67.32	0	1090.21
15.4389	0	0	0	0	0	0	0	0	177.65	173.03	117.92	144.32	49.5	173.47	159.5	67.32	0	1062.71
15.4489	0	0	0	0	0	0	0	0	159.72	163.13	106.92	147.51	46.75	178.86	156.53	67.32	0	1026.74
15.4589	0	0	0	0	0	0	0	0	144.87	153.12	96.03	153.78	46.75	178.86	156.53	67.32	0	997.26
15.4689	0	0	0	0	0	0	0	0	127.93	143.11	85.03	156.97	46.75	181.61	153.67	67.32	0	962.39
15.4789	0	0	0	0	0	0	0	0	115.28	133.1	76.89	160.05	46.75	184.25	153.67	67.32	0	937.31
15.4889	0	0	0	0	0	0	0	0	101.86	123.09	68.75	163.24	44	187	150.81	67.32	0	906.07
15.4989	0	0	0	0	0	0	0	0	90.42	113.08	60.5	169.62	44	189.64	150.81	67.32	0	885.39
15.5089	0	0	0	0	0	0	0	0	80.85	105.93	55.11	172.81	44	192.39	150.81	67.32	0	869.22
15.5189	0	0	0	0	0	0	0	0	71.28	96.47	50.27	176	44	197.67	150.81	69.74	0	856.24
15.5289	0	0	0	0	0	0	0	0	63.69	89.32	43.12	182.38	44	203.06	153.67	69.74	0	848.98
15.5389	0	0	0	0	0	0	0	0	56.21	82.28	38.28	185.57	41.25	208.45	153.67	72.16	0	837.87
15.5489	0	0	0	0	0	0	0	0	47.41	72.82	33.44	191.95	41.25	211.2	156.53	74.69	0	829.29
15.5589	0	0	0	0	0	0	0	0	40.37	63.36	28.71	195.14	41.25	216.59	159.5	74.69	0	819.61
15.5689	0	0	0	0	0	0	0	0	33.33	56.21	26.29	201.63	44	221.98	162.36	77.11	0	822.91
15.5789	0	0	0	0	0	0	0	0	29.81	49.17	21.56	204.82	44	227.48	168.3	79.53	0	824.67
15.5889	0	0	0	0	0	0	0	0	28.05	42.13	21.56	208.01	44	233.09	171.27	79.53	0	827.64
15.5989	0	0	0	0	0	0	0	0	24.53	37.51	19.14	211.2	44	238.7	177.21	84.48	0	836.77
15.6089	0	0	0	0	0	0	0	0	22.77	32.78	16.72	214.39	44	247.06	183.15	86.9	0	847.77
15.6189	0	0	0	0	0	0	0	0	21.01	30.47	16.72	220.77	44	252.67	186.12	89.32	0	861.08
15.6289	0	0	0	0	0	0	0	0	21.01	25.74	14.3	224.07	44	258.28	192.06	89.32	0	868.78
15.6389	0	0	0	0	0	0	0	0	19.25	23.43	14.3	226.93	44	263.89	195.14	94.27	0	881.21
15.6489	0	0	0	0	0	0	0	0	17.49	18.7	11.88	226.93	44	272.25	198.11	96.69	0	886.05
15.6589	0	0	0	0	0	0	0	0	15.73	13.97	9.57	229.79	44	277.86	201.08	99.11	0	891.11
15.6689	0	0	0	0	0	0	0	0	13.97	9.35	9.57	226.93	41.25	286.33	204.05	101.53	0	892.98
15.6789	0	0	0	0	0	0	0	0	13.97	4.62	7.15	224.07	41.25	289.08	204.05	106.48	0	890.67
15.6889	0	0	0	0	0	0	0	0	12.21	4.62	7.15	214.39	35.75	294.8	204.05	108.9	0	881.87
15.6989	0	0	0	0	0	0	0	0	12.21	4.62	7.15	201.63	33	300.41	204.05	111.32	0	874.39
15.7089	0	0	0	0	0	0	0	0	12.21	4.62	7.15	185.57	30.25	303.27	201.08	116.05	0	860.2
15.7189	0	0	0	0	0	0	0	0	12.21	0	4.73	169.62	24.75	308.88	198.11	120.45	0	838.75
15.7289	0	0	0	0	0	0	0	0	10.45	0	4.73	153.78	19.25	314.49	192.06	124.96	0	819.72
15.7389	9.24	0	0	0	0	0	0	0	10.45	0	4.73	134.86	13.75	320.21	186.12	129.47	9.24	799.59
15.7489	25.52	3.85	0	0	0	0	0	0	10.45	0	0	115.94	13.75	325.82	180.18	136.18	29.37	782.32
15.7589	79.97	9.68	0	0	0	0	0	0	8.69	0	0	97.02	11	328.68	174.24	140.58	89.65	760.21
15.7689	238.92	35.09	14.52	10.34	0	7.81	0	0	6.93	0	0	78.21	8.25	328.68	162.36	145.09	306.68	729.52
15.7789	259.6	54.56	29.04	15.51	4.18	7.81	0	0	6.93	0	0	59.4	5.5	322.96	150.81	147.29	370.7	692.89
15.7889	272.58	87.34	55.77	31.02	10.56	15.62	0	3.52	5.17	0	0	45.21	5.5	303.27	139.15	151.8	476.41	650.1
15.7989	280.39	118.03	81.73	44.77	14.74	23.43	4.51	7.04	3.41	0	0	36.74	0	266.64	127.6	154	574.64	588.39
15.8089	287.98	128.48	95.81	58.63	21.12	31.24	10.67	14.08	0	0	0	28.27	0	216.59	115.94	154	648.01	514.8
15.8189	295.68	132.66	107.69	63.03	23.21	35.09	13.75	17.6	0	0	0	19.8	5.5	168.19	107.14	147.29	688.71	447.92
15.8289	290.62	130.57	119.79	67.43	27.5	44.88	21.34	19.36	0	0	0	16.94	5.5	127.27	95.26	131.67	721.49	376.64
15.8389	295.68	132.66	132.22	69.63	33.88	56.65	32.01	22.88	0	0	0	11.22	5.5	89.21	86.35	108.9	775.61	301.18
15.8489	303.38	136.84	152.02	69.63	38.06	63.03	41.25	24.64	0	0	0	5.61	5.5	64.79	77.33	81.95	828.85	235.18
15.8589	318.67	138.93	169.29	69.63	42.35	69.74	48.84	28.27	0	0	0	0	5.5	47.52	68.42	62.37	885.72	183.81
15.8689	334.07	143.11	189.31	71.83	46.53	74.25	55	31.79	0	0	0	0	0	35.64	59.51	46.53	945.89	141.68
15.8789	347.27	145.2	204.38	71.83	46.53	78.76	58.3	33.55	0	0	0	0	0	26.07	51.37	35.97	985.82	113.41
15.8889	352.44	145.2	211.86	71.83	48.62	80.96	61.93	35.31	0	0	0	0	0	21.34	38.5	27.5	1008.15	87.34
15.8989	352.44	145.2	216.92	74.03	50.82	83.27	65.56	37.07	0	0	0	0	0	11.88	23.1	12.65	1025.31	47.63
15.9089	349.8	145.2	216.92	76.23	52.91	85.47	69.19	38.83	0	0	0	0	0	7.04	10.23	4.18	1034.55	21.45
15.9189	344.63	143.11	214.39	76.23	52.91	87.67	70.95	38.83	0	0	0	0	0	7.04	7.7	4.18	1028.72	18.92
15.9289	331.54	141.02	206.91	78.43	55	89.98	74.58	40.59	0	0	0	0	0	4.73	5.06	0	1018.05	9.79
15.9389	318.67	136.84	199.32	80.63	55	92.18	76.45	42.35	0	0	0	0	0	0	0	0	1001.44	0
15.9489	305.91	132.66	191.84	80.63	57.2	94.49	78.21	42.35	0	0	0	0	0	0	0	0	983.29	0
15.9589	290.62	128.48	184.25	80.63	57.2	94.49	80.08	42.35	0	0	0	0	0	0	0	0	958.1	0
15.9689	277.86	122.21	174.24	80.63	57.2	94.49	83.71	44.11	0	0	0	0	0	0	0	0	934.45	0
15.9789	264.88	115.94	166.87	80.63	59.4	94.49	85.47	44.11	0	0	0	0	0	0	0	0	911.79	0
15.9889	251.9	109.34	159.39	78.43	59.4	94.49	87.23	44.11	0	0	0	0	0	0	0	0	884.29	0
15.9989	238.92	102.74	152.02	78.43	59.4	94.49	87.23	44.11	0	0	0	0	0	0	0	0	857.34	0
16.0089	228.58	100.54	144.54	80.63	61.71	94.49	89.1	45.87	0	0	0	0	0	0	0	0	845.46	0
16.0189	216.04	93.94	137.17	80.63	61.71	96.69	90.86	45.87	0	0	0	0	0	0	0	0	822.91	0
16.0289	203.94	89.54	129.69	82.83	64.02	98.89	92.73	47.63	0	0	0	0	0	0	0	0	809.27	0
16.0389	191.73	85.14	122.32	85.03	64.02	101.2	96.36	47.63	0	0	0	0	0	0	0	0	793.43	0
16.0489	179.63	80.74	117.37	87.34	66.33	105.6	98.12	49.39	0	0	0	0	0	0	0	0	784.52	0
16.0589	167.53	78.54	112.42	91.74	66.33	110.11	101.75	52.91	0	0	0	0	0	0	0	0	781.33	0
16.0689	157.63	74.14	107.69	96.14	68.64	116.6	105.38	54.67	0	0	0	0	0	0	0	0	780.89	0
16.0789	147.84	69.74	102.96	100.54	68.64	120.78	109.01	60.5	0	0	0	0	0	0	0	0	780.01	0
16.0889	135.52	67.54	95.81	104.94	70.95	127.16	112.64	64.57	0	0	0	0	0	0	0	0	779.13	0
16.0989	125.73	63.14	91.08	109.34	70.95	135.63	116.49	68.64	0	0	0	0	0	0	0	0	781	0
16.1089	115.83	58.74	84.04	113.85	73.26	142.01	122.54	74.69	0	0	0	0	0	0	0	0	784.96	0
16.1189	104.28	54.56	77	120.56	73.26	150.48	126.5	86.79	0	0	0	0	0	0	0	0	793.43	0
16.1289	95.48	50.6	69.85	124.96	73.26	156.86	130.57	92.84	0	0	0	0	0	0	0	0	794.42	0
16.1389	84.48	46.75	62.81	131.67	75.57	165.33	136.62	100.87	0	0	0	0	0	0	0	0	804.1	0
16.1489	73.37	40.92	55.77	136.18	75.57	174.13	142.67	109.01	0	0	0	0	0	0	0	0	807.62	0
16.1589	62.37	36.96	45.98	140.69	77.88	182.93	150.7	117.26	0	0	0	0	0	0	0	0	814.77	0
16.1689	51.04	31.13	36.3	142.89	77.88	191.73	156.75	125.62	0	0	0	0	0	0	0	0	813.34	0
16.1789	39.49	25.3	26.62	145.09	75.57	198.44	162.8	133.98	0	0	0	0	0	0	0	0	807.29	0
16.1889	34.76	21.34	24.2	147.4	75.57	205.04	168.96	144.43	0	0	0	0	0	0	0	0	821.7	0
16.1989	32.45	19.47	19.36	145.09	75.57	209.44	175.12	150.7	0	0	0	0	0	0	0	0	827.2	0
16.2089	27.83	15.51	16.94	145.09	73.26	213.84	179.3	161.15	0	0	0	0	0	0	0	0	832.92	0
16.2189	25.52	13.64	14.52	140.69	70.95	218.24	183.37	167.42	0	0	0	0	0	0	0	0	834.35	0
16.2289	23.21	11.66	12.1	133.98	66.33	218.24	185.46	174.13	0	0	0	0	0	0	0	0	825.11	0
16.2389	20.9	11.66	12.1	124.96	61.71	220.55	183.37	181.06	0	0	0	0	0	0	0	0	816.31	0
16.2489	20.9	9.68	12.1	113.85	55	220.55	181.28	185.68	3.41	0	0	0	0	0	0	0	799.04	3.41
16.2589	18.59	7.7	9.68	100.54	48.62	220.55	177.21	187.99	8.69	4.62	0	0	0	0	0	0	770.88	13.31
16.2689	18.59	7.7	9.68	85.03	40.15	220.55	173.03	192.61	13.97	9.35	0	0	0	0	0	0	747.34	23.32
16.2789	16.17	7.7	7.26	71.83	33.88	222.75	166.87	197.23	21.01	16.39	0	0	0	0	0	0	723.69	37.4
16.2889	13.86	5.83	7.26	56.87	27.5	222.75	158.84	204.05	49.17	32.78	7.15	8.47	0	0	0	0	696.96	97.57
16.2989	13.86	5.83	7.26	46.53	21.12	220.55	150.7	208.67	119.46	75.13	14.3	16.94	0	4.73	0	0	674.52	230.56
16.3089	11.55	3.85	7.26	36.19	16.94	213.84	142.67	210.98	151.25	120.56	23.87	42.35	0	18.92	0	4.18	643.28	361.13
16.3189	9.24	0	4.84	25.85	12.65	200.64	134.64	210.98	184.58	160.6	43.12	68.75	8.25	40.37	0	6.27	598.84	511.94
16.3289	6.93	0	4.84	18.92	8.47	174.13	122.54	210.98	226.49	185.13	68.75	84.48	11	62.04	10.23	12.65	546.81	660.77
16.3389	0	0	0	13.75	8.47	137.72	107.25	206.36	248.6	189.97	82.39	87.56	19.25	75.68	33.33	19.03	473.55	755.81
16.3489	0	0	0	8.58	8.47	98.89	87.23	194.92	243.76	185.13	87.78	87.56	19.25	81.07	41.03	23.21	398.09	768.79
16.3589	0	0	0	6.82	8.47	69.74	67.32	169.62	231.44	180.29	87.78	90.75	22	91.96	51.37	25.41	321.97	781
16.3689	0	0	0	3.41	8.47	50.71	55	121.44	228.91	182.71	96.03	97.02	27.5	105.49	62.48	31.79	239.03	831.93
16.3789	0	0	0	0	4.18	39.05	45.76	80.74	236.28	189.97	106.92	103.29	27.5	116.38	77.33	35.97	169.73	893.64
16.3889	0	0	0	0	0	29.26	39.71	51.15	248.6	197.23	117.92	106.48	33	127.27	92.29	40.26	120.12	963.05
16.3989	0	0	0	0	0	21.45	32.01	26.4	260.92	202.07	129.14	109.56	35.75	135.41	107.14	44.44	79.86	1024.43
16.4089	0	0	0	0	0	15.62	24.42	15.84	268.4	206.91	137.5	115.94	38.5	143.66	115.94	48.73	55.88	1075.58
16.4189	0	0	0	0	0	11.66	16.72	3.52	268.4	211.75	140.25	122.21	38.5	149.05	124.63	50.82	31.9	1105.61
16.4288	0	0	0	0	0	7.81	10.67	0	260.92	211.75	140.25	131.67	41.25	159.94	130.46	52.91	18.48	1129.15
16.4388	0	0	0	0	0	5.83	9.13	0	251.13	211.75	137.5	137.94	41.25	168.19	133.32	55.11	14.96	1136.19
16.4488	0	0	0	0	0	5.83	7.59	0	236.28	209.33	131.89	147.51	44	173.47	136.29	55.11	13.42	1133.88
16.4588	0	0	0	0	0	3.85	6.05	0	221.65	202.07	123.53	150.59	44	176.22	139.15	57.53	9.9	1114.74
16.4688	0	0	0	0	0	0	4.51	0	203.17	194.81	117.92	156.97	44	181.61	139.15	57.53	4.51	1095.16
16.4788	0	0	0	0	0	0	2.97	0	184.58	185.13	106.92	163.24	44	184.25	139.15	57.53	2.97	1064.8
16.4888	0	0	0	0	0	0	0	0	168.41	175.45	98.67	169.62	44	187	139.15	59.95	0	1042.25
16.4988	0	0	0	0	0	0	0	0	151.25	165.66	90.53	172.81	44	189.64	136.29	59.95	0	1010.13
16.5088	0	0	0	0	0	0	0	0	136.4	155.65	79.64	176	44	189.64	136.29	59.95	0	977.57
16.5188	0	0	0	0	0	0	0	0	121.55	143.11	71.39	179.19	44	192.39	133.32	59.95	0	944.9
16.5288	0	0	0	0	0	0	0	0	109.45	133.1	63.25	185.57	41.25	195.03	133.32	59.95	0	920.92
16.5388	0	0	0	0	0	0	0	0	98.01	123.09	57.75	188.76	41.25	197.67	133.32	59.95	0	899.8
16.5488	0	0	0	0	0	0	0	0	88.44	113.08	52.69	191.95	41.25	200.42	133.32	59.95	0	881.1
16.5588	0	0	0	0	0	0	0	0	77	103.51	45.43	195.14	41.25	203.06	130.46	62.37	0	858.22
16.5688	0	0	0	0	0	0	0	0	69.41	96.47	43.12	201.63	41.25	208.45	133.32	62.37	0	856.02
16.5788	0	0	0	0	0	0	0	0	61.71	89.32	38.28	204.82	38.5	211.2	133.32	62.37	0	839.52
16.5888	0	0	0	0	0	0	0	0	54.45	82.28	33.44	211.2	38.5	216.59	133.32	62.37	0	832.15
16.5988	0	0	0	0	0	0	0	0	49.17	77.55	31.13	214.39	38.5	219.23	136.29	62.37	0	828.63
16.6088	0	0	0	0	0	0	0	0	43.89	72.82	28.71	217.58	38.5	224.73	139.15	64.9	0	830.28
16.6188	0	0	0	0	0	0	0	0	38.61	65.67	26.29	224.07	38.5	230.34	142.12	64.9	0	830.5
16.6288	0	0	0	0	0	0	0	0	35.09	60.94	23.87	229.79	41.25	235.95	144.98	67.32	0	839.19
16.6388	0	0	0	0	0	0	0	0	33.33	56.21	21.56	232.76	41.25	241.45	147.84	69.74	0	844.14
16.6488	0	0	0	0	0	0	0	0	29.81	51.59	21.56	238.59	41.25	247.06	150.81	72.16	0	852.83
16.6588	0	0	0	0	0	0	0	0	28.05	49.17	19.14	244.42	41.25	252.67	156.53	72.16	0	863.39
16.6688	0	0	0	0	0	0	0	0	26.29	44.55	19.14	247.28	44	258.28	159.5	74.69	0	873.73
16.6788	0	0	0	0	0	0	0	0	24.53	42.13	16.72	253.11	44	263.89	165.33	77.11	0	886.82
16.6888	0	0	0	0	0	0	0	0	22.77	39.82	16.72	255.97	41.25	269.39	168.3	79.53	0	893.75
16.6988	0	0	0	0	0	0	0	0	22.77	35.09	14.3	261.8	44	275	171.27	79.53	0	903.76
16.7088	0	0	0	0	0	0	0	0	21.01	30.47	14.3	264.77	44	280.61	174.24	81.95	0	911.35
16.7188	0	0	0	0	0	0	0	0	19.25	28.05	11.88	267.63	44	286.33	177.21	81.95	0	916.3
16.7288	0	0	0	0	0	0	0	0	17.49	23.43	11.88	270.6	44	291.94	180.18	86.9	0	926.42
16.7388	0	0	0	0	0	0	0	0	15.73	16.39	9.57	267.63	41.25	297.55	183.15	89.32	0	920.59
16.7488	0	0	0	0	0	0	0	0	13.97	11.66	9.57	258.94	41.25	303.27	186.12	91.74	0	916.52
16.7588	0	0	0	0	0	0	0	0	13.97	6.93	7.15	247.28	38.5	306.02	192.06	94.27	0	906.18
16.7688	0	0	0	0	0	0	0	0	12.21	6.93	7.15	229.79	35.75	308.88	192.06	96.69	0	889.46
16.7788	0	0	0	0	0	0	0	0	12.21	4.62	7.15	211.2	30.25	311.74	195.14	101.53	0	873.84
16.7888	9.24	0	0	0	0	0	0	0	10.45	4.62	4.73	188.76	24.75	314.49	192.06	106.48	9.24	846.34
16.7988	20.9	0	0	0	0	0	0	0	10.45	0	4.73	166.43	22	317.35	192.06	111.32	20.9	824.34
16.8088	60.17	5.83	0	0	0	0	0	0	10.45	0	4.73	144.32	16.5	322.96	189.09	113.85	66	801.9
16.8188	189.31	27.28	12.1	6.82	0	5.83	0	0	8.69	0	0	122.21	13.75	322.96	186.12	118.25	241.34	771.98
16.8288	228.58	46.75	21.78	11.99	4.18	5.83	0	0	8.69	0	0	100.21	11	322.96	183.15	124.96	319.11	750.97
16.8388	238.92	71.94	43.56	24.09	8.47	11.66	0	0	6.93	0	0	78.21	8.25	314.49	180.18	127.16	398.64	715.22
16.8488	251.9	104.94	67.54	37.84	14.74	21.45	6.05	0	5.17	0	0	56.54	8.25	297.55	168.3	129.47	504.46	665.28
16.8588	257.07	122.21	81.73	51.7	19.03	27.28	10.67	5.28	5.17	0	0	42.35	5.5	269.39	159.5	133.87	574.97	615.78
16.8688	270.05	130.57	93.5	58.63	21.12	33.22	13.75	5.28	0	0	0	31.02	5.5	224.73	147.84	133.87	626.12	542.96
16.8788	267.41	130.57	100.54	65.23	23.21	39.05	16.72	8.8	0	0	0	22.55	5.5	176.22	133.32	133.87	651.53	471.46
16.8888	270.05	134.75	107.69	69.63	25.41	48.84	21.34	10.56	0	0	0	14.08	5.5	135.41	115.94	122.76	688.27	393.69
16.8988	272.58	138.93	117.37	71.83	29.59	54.67	25.96	12.32	0	0	0	11.22	5.5	100.1	98.23	106.48	723.25	321.53
16.9088	285.45	143.11	127.27	76.23	33.88	63.03	30.47	14.08	0	0	0	8.47	5.5	70.18	80.3	84.48	773.52	248.93
16.9188	298.21	149.38	139.59	78.43	35.97	67.54	35.09	15.84	0	0	0	5.61	5.5	52.25	71.39	62.37	820.05	197.12
16.9288	316.14	157.74	152.02	80.63	38.06	72.05	38.17	17.6	0	0	0	0	0	37.95	62.48	48.73	872.41	149.16
16.9388	326.37	164.01	161.92	85.03	40.15	76.56	41.25	19.36	0	0	0	0	0	28.49	53.9	35.97	914.65	118.36
16.9488	334.07	168.3	166.87	87.34	42.35	80.96	41.25	21.12	0	0	0	0	0	23.65	43.67	29.59	942.26	96.91
16.9588	336.71	172.81	169.29	91.74	42.35	83.27	42.68	21.12	0	0	0	0	0	18.92	35.97	21.12	959.97	76.01
16.9688	334.07	177.43	169.29	98.34	42.35	87.67	42.68	22.88	0	0	0	0	0	11.88	20.46	8.47	974.71	40.81
16.9788	331.54	177.43	166.87	102.74	42.35	89.98	42.68	22.88	0	0	0	0	0	7.04	10.23	4.18	976.47	21.45
16.9888	326.37	179.63	161.92	107.14	42.35	92.18	42.68	22.88	0	0	0	0	0	7.04	10.23	4.18	975.15	21.45
16.9988	318.67	179.63	159.39	111.54	42.35	94.49	42.68	22.88	0	0	0	0	0	4.73	7.7	0	971.63	12.43
17.0088	305.91	177.43	152.02	116.05	44.44	96.69	44.22	24.64	0	0	0	0	0	0	0	0	961.4	0
17.0188	295.68	175.12	147.07	120.56	44.44	98.89	42.68	24.64	0	0	0	0	0	0	0	0	949.08	0
17.0288	282.92	172.81	139.59	124.96	44.44	98.89	42.68	24.64	0	0	0	0	0	0	0	0	930.93	0
17.0388	270.05	168.3	132.22	127.27	44.44	101.2	42.68	24.64	0	0	0	0	0	0	0	0	910.8	0
17.0488	257.07	161.92	127.27	131.67	44.44	101.2	42.68	24.64	0	0	0	0	0	0	0	0	890.89	0
17.0588	244.09	157.74	119.79	133.98	44.44	103.4	42.68	26.4	0	0	0	0	0	0	0	0	872.52	0
17.0688	231.11	153.56	112.42	138.38	44.44	103.4	42.68	24.64	0	0	0	0	0	0	0	0	850.63	0
17.0788	218.46	149.38	107.69	142.89	44.44	105.6	42.68	26.4	0	0	0	0	0	0	0	0	837.54	0
17.0888	206.36	145.2	102.96	147.4	44.44	107.91	42.68	26.4	0	0	0	0	0	0	0	0	823.35	0
17.0988	196.68	141.02	98.23	151.8	46.53	110.11	44.22	26.4	0	0	0	0	0	0	0	0	814.99	0
17.1088	189.31	136.84	93.5	156.31	46.53	112.42	45.76	26.4	0	0	0	0	0	0	0	0	807.07	0
17.1188	179.63	132.66	93.5	158.51	48.62	114.51	47.3	28.27	0	0	0	0	0	0	0	0	803	0
17.1288	174.79	128.48	91.08	160.82	48.62	116.6	48.84	28.27	0	0	0	0	0	0	0	0	797.5	0
17.1388	169.95	124.3	91.08	165.33	50.82	120.78	51.92	30.03	0	0	0	0	0	0	0	0	804.21	0
17.1488	162.58	120.12	88.77	169.95	52.91	125.07	53.46	30.03	0	0	0	0	0	0	0	0	802.89	0
17.1588	157.63	115.94	86.35	172.37	55	129.25	56.54	31.79	0	0	0	0	0	0	0	0	804.87	0
17.1688	150.26	111.54	84.04	177.1	55	133.54	60.06	33.55	0	0	0	0	0	0	0	0	805.09	0
17.1788	140.47	104.94	81.73	179.41	57.2	139.92	65.56	35.31	0	0	0	0	0	0	0	0	804.54	0
17.1888	130.57	98.34	79.31	184.14	59.4	148.39	70.95	37.07	0	0	0	0	0	0	0	0	808.17	0
17.1988	120.78	91.74	74.58	188.87	59.4	156.86	76.45	40.59	0	0	0	0	0	0	0	0	809.27	0
17.2088	108.68	85.14	69.85	193.6	61.71	167.53	81.84	45.87	0	0	0	0	0	0	0	0	814.22	0
17.2188	97.68	76.34	62.81	198.33	64.02	176.33	89.1	51.15	0	0	0	0	0	0	0	0	815.76	0
17.2288	86.68	67.54	55.77	203.06	66.33	187.33	96.36	58.52	0	0	0	0	0	0	0	0	821.59	0
17.2388	73.37	58.74	48.4	207.79	66.33	196.24	101.75	66.55	0	0	0	0	0	0	0	0	819.17	0
17.2488	62.37	50.6	38.72	210.1	68.64	205.04	109.01	78.65	0	0	0	0	0	0	0	0	823.13	0
17.2588	51.04	40.92	31.46	212.52	68.64	213.84	116.49	96.91	0	0	0	0	0	0	0	0	831.82	0
17.2688	41.8	33.11	24.2	212.52	68.64	222.75	122.54	109.01	0	0	0	0	0	0	0	0	834.57	0
17.2788	37.18	29.15	21.78	212.52	68.64	229.35	128.59	119.35	0	0	0	0	0	0	0	0	846.56	0
17.2888	32.45	25.3	19.36	212.52	66.33	235.95	134.64	127.71	0	0	0	0	0	0	0	0	854.26	0
17.2988	27.83	19.47	14.52	207.79	64.02	240.35	138.6	136.07	0	0	0	0	0	0	0	0	848.65	0
17.3088	23.21	15.51	12.1	200.64	61.71	242.55	140.69	142.34	0	0	0	0	0	0	0	0	838.75	0
17.3188	23.21	15.51	12.1	191.29	57.2	246.95	140.69	152.79	3.41	4.62	0	0	0	0	0	0	839.74	8.03
17.3288	20.9	13.64	9.68	177.1	50.82	249.15	140.69	161.15	6.93	6.93	0	0	0	0	0	0	823.13	13.86
17.3388	20.9	13.64	9.68	160.82	46.53	251.35	138.6	169.62	10.45	11.66	0	0	0	0	0	0	811.14	22.11
17.3488	18.59	11.66	7.26	142.89	40.15	253.55	132.55	176.44	15.73	16.39	0	0	0	0	0	0	783.09	32.12
17.3588	16.17	9.68	7.26	120.56	33.88	253.55	128.59	183.37	33.33	28.05	7.15	8.47	0	0	0	0	753.06	77
17.3688	16.17	9.68	7.26	100.54	27.5	253.55	122.54	187.99	92.29	63.36	11.88	16.94	0	0	0	0	725.23	184.47
17.3788	13.86	7.7	7.26	80.63	23.21	251.35	116.49	192.61	138.49	108.24	23.87	36.74	0	14.19	5.06	0	693.11	326.59
17.3888	11.55	5.83	4.84	60.83	16.94	244.75	110.88	197.23	157.63	135.52	40.7	56.54	8.25	33.22	5.06	8.47	652.85	445.39
17.3988	9.24	5.83	4.84	44.77	12.65	229.35	105.38	199.43	189.2	155.65	63.25	65.67	11	49.83	10.23	10.56	611.49	555.39
17.4088	6.93	3.85	4.84	32.67	8.47	202.84	98.12	201.74	214.72	163.13	79.64	68.75	19.25	62.04	35.97	16.94	559.46	660.44
17.4188	0	0	0	22.33	8.47	158.95	87.23	199.43	219.34	160.6	87.78	68.75	19.25	67.54	43.67	21.12	476.41	688.05
17.4288	0	0	0	15.51	6.27	112.42	74.58	187.99	214.72	158.07	90.53	68.75	22	72.93	48.73	23.21	396.77	698.94
17.4388	0	0	0	11.99	6.27	76.56	60.06	163.24	210.1	155.65	96.03	71.94	24.75	81.07	62.48	27.5	318.12	729.52
17.4488	0	0	0	8.58	6.27	54.67	51.92	117.26	217.03	160.6	106.92	75.02	27.5	91.96	74.36	33.88	238.7	787.27
17.4588	0	0	0	5.17	4.18	42.9	44.22	80.74	231.44	168.19	120.78	78.21	33	100.1	92.29	38.06	177.21	862.07
17.4688	0	0	0	0	0	31.24	36.63	51.15	246.18	175.45	134.64	78.21	35.75	105.49	107.14	42.35	119.02	925.21
17.4788	0	0	0	0	0	23.43	30.47	28.27	263.45	180.29	145.86	81.29	38.5	110.99	121.77	46.53	82.17	988.68
17.4888	0	0	0	0	0	15.62	21.34	17.6	270.82	185.13	154.22	84.48	41.25	116.38	133.32	50.82	54.56	1036.42
17.4988	0	0	0	0	0	11.66	13.75	3.52	270.82	187.55	156.97	87.56	44	124.52	142.12	52.91	28.93	1066.45
17.5088	0	0	0	0	0	7.81	7.59	0	265.87	187.55	159.72	93.94	46.75	130.02	150.81	55.11	15.4	1089.77
17.5188	0	0	0	0	0	5.83	4.51	0	258.5	187.55	156.97	97.02	49.5	135.41	156.53	59.95	10.34	1101.43
17.5288	0	0	0	0	0	3.85	2.97	0	248.6	185.13	154.22	103.29	49.5	140.91	162.36	59.95	6.82	1103.96
17.5388	0	0	0	0	0	3.85	0	0	236.28	180.29	148.61	106.48	52.25	143.66	168.3	62.37	3.85	1098.24
17.5488	0	0	0	0	0	0	0	0	221.65	175.45	143	109.56	52.25	146.3	171.27	62.37	0	1081.85
17.5588	0	0	0	0	0	0	0	0	207.79	168.19	134.64	112.75	52.25	151.8	174.24	64.9	0	1066.56
17.5688	0	0	0	0	0	0	0	0	191.51	163.13	126.28	115.94	55.11	154.55	177.21	64.9	0	1048.63
17.5788	0	0	0	0	0	0	0	0	175.34	153.12	117.92	119.02	55.11	157.19	180.18	64.9	0	1022.78
17.5888	0	0	0	0	0	0	0	0	159.72	145.64	112.42	122.21	55.11	159.94	183.15	64.9	0	1003.09
17.5988	0	0	0	0	0	0	0	0	146.96	135.52	101.42	125.4	55.11	159.94	183.15	64.9	0	972.4
17.6088	0	0	0	0	0	0	0	0	132.22	128.04	96.03	128.48	55.11	162.69	183.15	67.32	0	953.04
17.6188	0	0	0	0	0	0	0	0	121.55	120.56	87.78	131.67	55.11	165.44	186.12	67.32	0	935.55
17.6288	0	0	0	0	0	0	0	0	109.45	110.66	79.64	131.67	55.11	168.19	189.09	67.32	0	911.13
17.6388	0	0	0	0	0	0	0	0	99.99	103.51	74.14	134.86	55.11	170.83	192.06	67.32	0	897.82
17.6488	0	0	0	0	0	0	0	0	90.42	96.47	68.75	137.94	55.11	173.47	195.14	69.74	0	887.04
17.6588	0	0	0	0	0	0	0	0	82.72	91.74	63.25	137.94	55.11	176.22	198.11	69.74	0	874.83
17.6688	0	0	0	0	0	0	0	0	77	87.01	60.5	137.94	58.08	178.86	201.08	69.74	0	870.21
17.6788	0	0	0	0	0	0	0	0	73.15	82.28	55.11	141.13	58.08	181.61	207.02	72.16	0	870.54
17.6888	0	0	0	0	0	0	0	0	67.43	77.55	52.69	144.32	58.08	187	212.96	72.16	0	872.19
17.6988	0	0	0	0	0	0	0	0	61.71	75.13	50.27	147.51	61.05	189.64	218.9	74.69	0	878.9
17.7088	0	0	0	0	0	0	0	0	56.21	70.4	47.85	150.59	61.05	195.03	224.73	77.11	0	882.97
17.7188	0	0	0	0	0	0	0	0	50.93	63.36	43.12	153.78	61.05	200.42	233.2	79.53	0	885.39
17.7288	0	0	0	0	0	0	0	0	45.65	58.63	38.28	156.97	61.05	205.81	238.92	79.53	0	884.84
17.7388	0	0	0	0	0	0	0	0	38.61	51.59	33.44	160.05	64.02	208.45	244.53	81.95	0	882.64
17.7488	0	0	0	0	0	0	0	0	33.33	44.55	28.71	163.24	64.02	213.84	253	86.9	0	887.59
17.7588	0	0	0	0	0	0	0	0	28.05	37.51	23.87	166.43	64.02	221.98	258.72	86.9	0	887.48
17.7688	0	0	0	0	0	0	0	0	26.29	30.47	21.56	169.62	64.02	227.48	264.33	89.32	0	893.09
17.7788	0	0	0	0	0	0	0	0	24.53	25.74	19.14	172.81	64.02	233.09	269.94	91.74	0	901.01
17.7888	0	0	0	0	0	0	0	0	21.01	21.01	16.72	172.81	64.02	238.7	275.66	94.27	0	904.2
17.7988	0	0	0	0	0	0	0	0	19.25	16.39	14.3	172.81	61.05	241.45	278.52	96.69	0	900.46
17.8088	0	0	0	0	0	0	0	0	17.49	9.35	11.88	172.81	58.08	247.06	281.49	99.11	0	897.27
17.8188	0	0	0	0	0	0	0	0	15.73	4.62	9.57	166.43	55.11	252.67	281.49	101.53	0	887.15
17.8288	0	0	0	0	0	0	0	0	13.97	4.62	9.57	156.97	49.5	252.67	281.49	104.06	0	872.85
17.8388	0	0	0	0	0	0	0	0	13.97	0	7.15	144.32	46.75	255.42	278.52	106.48	0	852.61
17.8488	0	0	0	0	0	0	0	0	12.21	0	7.15	131.67	41.25	258.28	275.66	108.9	0	835.12
17.8587	6.93	0	0	0	0	0	0	0	12.21	0	4.73	115.94	33	258.28	272.8	111.32	6.93	808.28
17.8687	23.21	0	0	0	0	0	0	0	10.45	0	4.73	103.29	27.5	261.03	267.19	116.05	23.21	790.24
17.8787	73.37	5.83	0	0	0	0	0	0	10.45	0	4.73	87.56	22	263.89	261.47	118.25	79.2	768.35
17.8887	231.11	29.15	12.1	8.58	0	5.83	0	0	8.69	0	0	71.94	16.5	263.89	255.86	122.76	286.77	739.64
17.8987	251.9	52.58	24.2	13.75	4.18	5.83	0	0	8.69	0	0	56.54	13.75	261.03	247.39	124.96	352.44	712.36
17.9087	259.6	89.54	48.4	29.26	10.56	13.64	0	0	6.93	0	0	42.35	11	252.67	233.2	124.96	451	671.11
17.9187	267.41	122.21	72.27	46.53	16.94	21.45	4.51	0	6.93	0	0	31.02	8.25	230.34	218.9	127.16	551.32	622.6
17.9287	275.22	138.93	86.35	63.03	19.03	29.26	9.13	5.28	5.17	0	0	22.55	8.25	200.42	198.11	127.16	626.23	561.66
17.9387	282.92	145.2	95.81	74.03	23.21	37.07	12.21	7.04	0	0	0	16.94	5.5	159.94	174.24	124.96	677.49	481.58
17.9487	280.39	147.29	105.27	80.63	23.21	46.86	16.72	10.56	0	0	0	8.47	5.5	124.52	147.84	118.25	710.93	404.58
17.9587	282.92	151.47	114.84	85.03	27.5	58.63	22.88	12.32	0	0	0	5.61	5.5	94.6	118.91	101.53	755.59	326.15
17.9687	290.62	155.65	124.74	89.54	31.68	67.54	27.5	14.08	0	0	0	0	5.5	67.54	98.23	81.95	801.35	253.22
17.9787	305.91	164.01	137.17	93.94	33.88	76.56	32.01	15.84	0	0	0	0	8.25	49.83	80.3	57.53	859.32	195.91
17.9887	318.67	170.61	149.49	98.34	35.97	78.76	36.63	17.6	0	0	0	0	5.5	35.64	68.42	44.44	906.07	154
17.9987	331.54	177.43	156.97	102.74	38.06	85.47	38.17	17.6	0	0	0	0	0	26.07	56.54	31.79	947.98	114.4
18.0087	334.07	181.94	161.92	109.34	38.06	87.67	39.71	19.36	0	0	0	0	0	21.34	48.73	25.41	972.07	95.48
18.0187	334.07	186.45	164.34	116.05	40.15	92.18	41.25	19.36	0	0	0	0	0	16.61	38.5	19.03	993.85	74.14
18.0287	328.9	190.96	161.92	122.76	40.15	94.49	41.25	19.36	0	0	0	0	0	9.46	23.1	6.27	999.79	38.83
18.0387	321.31	190.96	156.97	131.67	40.15	98.89	41.25	19.36	0	0	0	0	0	4.73	7.7	0	1000.56	12.43
18.0487	308.44	190.96	149.49	138.38	40.15	101.2	39.71	19.36	0	0	0	0	0	0	5.06	0	987.69	5.06
18.0587	295.68	188.76	142.12	142.89	40.15	101.2	39.71	21.12	0	0	0	0	0	0	5.06	0	971.63	5.06
18.0687	282.92	186.45	134.64	149.6	40.15	103.4	39.71	21.12	0	0	0	0	0	0	0	0	957.99	0
18.0787	270.05	179.63	127.27	154.11	40.15	105.6	39.71	21.12	0	0	0	0	0	0	0	0	937.64	0
18.0887	254.43	175.12	122.32	158.51	40.15	105.6	38.17	21.12	0	0	0	0	0	0	0	0	915.42	0
18.0987	241.45	170.61	114.84	160.82	40.15	105.6	38.17	21.12	0	0	0	0	0	0	0	0	892.76	0
18.1087	228.58	164.01	107.69	163.02	40.15	105.6	38.17	21.12	0	0	0	0	0	0	0	0	868.34	0
18.1187	218.46	159.83	105.27	165.33	40.15	103.4	38.17	21.12	0	0	0	0	0	0	0	0	851.73	0
18.1287	208.78	155.65	98.23	165.33	40.15	105.6	38.17	21.12	0	0	0	0	0	0	0	0	833.03	0
18.1387	201.52	151.47	93.5	167.64	40.15	105.6	38.17	22.88	0	0	0	0	0	0	0	0	820.93	0
18.1487	191.73	147.29	91.08	169.95	40.15	105.6	38.17	22.88	0	0	0	0	0	0	0	0	806.85	0
18.1587	184.47	143.11	88.77	172.37	40.15	107.91	39.71	22.88	0	0	0	0	0	0	0	0	799.37	0
18.1687	179.63	138.93	86.35	177.1	42.35	110.11	39.71	22.88	0	0	0	0	0	0	0	0	797.06	0
18.1787	172.37	136.84	84.04	177.1	42.35	112.42	41.25	24.64	0	0	0	0	0	0	0	0	791.01	0
18.1887	167.53	132.66	84.04	181.83	44.44	114.51	42.68	24.64	0	0	0	0	0	0	0	0	792.33	0
18.1987	162.58	128.48	81.73	184.14	44.44	118.69	44.22	26.4	0	0	0	0	0	0	0	0	790.68	0
18.2087	157.63	124.3	81.73	184.14	46.53	122.98	47.3	26.4	0	0	0	0	0	0	0	0	791.01	0
18.2187	152.68	118.03	81.73	186.56	46.53	127.16	48.84	28.27	0	0	0	0	0	0	0	0	789.8	0
18.2287	147.84	113.85	81.73	186.56	48.62	133.54	51.92	30.03	0	0	0	0	0	0	0	0	794.09	0
18.2387	142.89	109.34	81.73	186.56	50.82	139.92	56.54	31.79	0	0	0	0	0	0	0	0	799.59	0
18.2487	137.94	104.94	81.73	191.29	50.82	148.39	60.06	35.31	0	0	0	0	0	0	0	0	810.48	0
18.2587	130.57	100.54	81.73	193.6	55	154.66	67.32	37.07	0	0	0	0	0	0	0	0	820.49	0
18.2687	120.78	93.94	79.31	198.33	57.2	163.13	70.95	40.59	0	0	0	0	0	0	0	0	824.23	0
18.2787	110.99	87.34	72.27	203.06	57.2	171.93	76.45	44.11	0	0	0	0	0	0	0	0	823.35	0
18.2887	102.08	80.74	67.54	210.1	59.4	180.73	81.84	47.63	0	0	0	0	0	0	0	0	830.06	0
18.2987	91.08	71.94	58.08	217.25	59.4	191.73	87.23	52.91	0	0	0	0	0	0	0	0	829.62	0
18.3087	77.77	63.14	50.82	221.98	61.71	200.64	90.86	58.52	0	0	0	0	0	0	0	0	825.44	0
18.3187	66.77	54.56	41.14	228.69	61.71	211.64	98.12	64.57	0	0	0	0	0	0	0	0	827.2	0
18.3287	55.77	46.75	33.88	231	61.71	220.55	103.62	72.6	0	0	0	0	0	0	0	0	825.88	0
18.3387	44.11	38.94	26.62	231	61.71	229.35	109.01	80.74	0	0	0	0	0	0	0	0	821.48	0
18.3487	37.18	33.11	21.78	231	61.71	235.95	116.49	98.89	0	0	0	0	0	0	0	0	836.11	0
18.3587	32.45	27.28	19.36	226.49	59.4	242.55	122.54	110.99	0	0	0	0	0	0	0	0	841.06	0
18.3687	27.83	21.34	14.52	221.98	59.4	246.95	128.59	119.35	0	0	0	0	0	0	0	0	839.96	0
18.3787	23.21	17.49	12.1	212.52	57.2	249.15	132.55	125.62	0	0	0	0	0	0	0	0	829.84	0
18.3887	23.21	15.51	12.1	200.64	52.91	251.35	134.64	131.89	0	0	0	0	0	0	0	0	822.25	0
18.3987	20.9	13.64	9.68	184.14	48.62	253.55	136.62	136.07	3.41	0	0	0	0	0	0	0	803.22	3.41
18.4087	20.9	13.64	9.68	167.64	44.44	253.55	134.64	140.25	8.69	4.62	0	0	0	0	0	0	784.74	13.31
18.4187	18.59	11.66	9.68	149.6	38.06	255.75	134.64	144.43	13.97	11.66	0	0	0	0	0	0	762.41	25.63
18.4287	18.59	11.66	7.26	127.27	33.88	255.75	130.57	150.7	33.33	25.74	4.73	5.61	0	0	0	0	735.68	69.41
18.4387	16.17	9.68	7.26	104.94	27.5	255.75	128.59	159.06	96.14	58.63	11.88	14.08	0	4.73	0	0	708.95	185.46
18.4487	13.86	7.7	7.26	82.83	23.21	253.55	124.52	165.33	134.31	101.2	19.14	33.88	0	16.61	7.7	0	678.26	312.84
18.4587	11.55	7.7	7.26	60.83	16.94	244.75	122.54	169.62	157.63	130.57	33.44	53.68	8.25	42.68	5.06	6.27	641.19	437.58
18.4687	9.24	5.83	4.84	43.01	12.65	229.35	118.47	174.13	193.82	160.6	55.11	65.67	11	59.4	17.93	12.65	597.52	576.18
18.4787	6.93	3.85	4.84	29.26	10.56	200.64	112.64	178.75	219.34	173.03	68.75	71.94	16.5	70.18	33.33	16.94	547.47	670.01
18.4887	0	0	4.84	20.68	8.47	154.66	101.75	178.75	224.07	175.45	74.14	75.02	16.5	75.68	41.03	21.12	469.15	703.01
18.4987	0	0	0	15.51	8.47	110.11	85.47	169.62	217.03	175.45	76.89	75.02	19.25	83.82	46.2	23.21	389.18	716.87
18.5087	0	0	0	11.99	8.47	76.56	65.56	150.7	210.1	175.45	79.64	81.29	19.25	89.21	51.37	25.41	313.28	731.72
18.5187	0	0	0	8.58	8.47	54.67	53.46	109.01	214.72	182.71	85.03	84.48	22	100.1	59.51	29.59	234.19	778.14
18.5287	0	0	0	5.17	4.18	41.03	45.76	70.62	226.49	192.39	96.03	87.56	22	108.24	68.42	33.88	166.76	835.01
18.5387	0	0	0	0	0	31.24	38.17	44.11	241.23	202.07	106.92	93.94	24.75	116.38	77.33	35.97	113.52	898.59
18.5487	0	0	0	0	0	23.43	30.47	24.64	258.5	211.75	115.17	97.02	27.5	124.52	89.32	40.26	78.54	964.04
18.5587	0	0	0	0	0	15.62	21.34	12.32	268.4	216.59	123.53	103.29	30.25	130.02	98.23	42.35	49.28	1012.66
18.5687	0	0	0	0	0	11.66	10.67	0	273.24	221.43	126.28	106.48	30.25	135.41	104.17	44.44	22.33	1041.7
18.5787	0	0	0	3.41	0	7.81	4.51	0	270.82	223.85	126.28	112.75	33	140.91	107.14	44.44	15.73	1059.19
18.5887	0	0	0	3.41	0	5.83	2.97	0	260.92	223.85	126.28	119.02	35.75	146.3	110.22	46.53	12.21	1068.87
18.5987	0	0	0	0	0	3.85	0	0	251.13	221.43	123.53	122.21	35.75	149.05	115.94	48.73	3.85	1067.77
18.6087	0	0	0	0	0	3.85	0	0	238.81	216.59	120.78	125.4	35.75	151.8	118.91	48.73	3.85	1056.77
18.6187	0	0	0	0	0	0	0	0	226.49	209.33	115.17	128.48	35.75	154.55	121.77	50.82	0	1042.36
18.6287	0	0	0	0	0	0	0	0	212.41	202.07	109.67	131.67	38.5	157.19	124.63	50.82	0	1026.96
18.6387	0	0	0	0	0	0	0	0	200.86	194.81	104.17	131.67	38.5	157.19	127.6	50.82	0	1005.62
18.6487	0	0	0	0	0	0	0	0	186.89	187.55	98.67	131.67	38.5	157.19	127.6	50.82	0	978.89
18.6587	0	0	0	0	0	0	0	0	175.34	177.87	93.28	134.86	38.5	157.19	127.6	52.91	0	957.55
18.6687	0	0	0	0	0	0	0	0	163.9	170.61	90.53	137.94	38.5	159.94	127.6	52.91	0	941.93
18.6787	0	0	0	0	0	0	0	0	155.43	163.13	85.03	137.94	41.25	159.94	130.46	52.91	0	926.09
18.6887	0	0	0	0	0	0	0	0	146.96	155.65	82.39	137.94	41.25	159.94	133.32	52.91	0	910.36
18.6987	0	0	0	0	0	0	0	0	138.49	148.06	76.89	137.94	41.25	162.69	136.29	52.91	0	894.52
18.7087	0	0	0	0	0	0	0	0	130.02	143.11	76.89	141.13	41.25	162.69	139.15	55.11	0	889.35
18.7187	0	0	0	0	0	0	0	0	125.84	138.05	74.14	141.13	44	165.44	142.12	55.11	0	885.83
18.7287	0	0	0	0	0	0	0	0	121.55	133.1	74.14	141.13	44	168.19	147.84	57.53	0	887.48
18.7387	0	0	0	0	0	0	0	0	117.37	128.04	71.39	141.13	44	168.19	153.67	57.53	0	881.32
18.7487	0	0	0	0	0	0	0	0	113.3	125.51	71.39	144.32	46.75	170.83	159.5	59.95	0	891.55
18.7587	0	0	0	0	0	0	0	0	111.43	123.09	71.39	144.32	49.5	176.22	168.3	62.37	0	906.62
18.7687	0	0	0	0	0	0	0	0	107.58	118.03	71.39	147.51	49.5	178.86	174.24	64.9	0	912.01
18.7787	0	0	0	0	0	0	0	0	105.71	115.5	68.75	150.59	52.25	184.25	183.15	67.32	0	927.52
18.7887	0	0	0	0	0	0	0	0	99.99	113.08	68.75	153.78	52.25	189.64	189.09	67.32	0	933.9
18.7987	0	0	0	0	0	0	0	0	94.16	108.24	66	156.97	55.11	195.03	198.11	72.16	0	945.78
18.8087	0	0	0	0	0	0	0	0	88.44	103.51	63.25	160.05	55.11	200.42	207.02	74.69	0	952.49
18.8187	0	0	0	0	0	0	0	0	82.72	98.78	60.5	163.24	58.08	205.81	215.93	77.11	0	962.17
18.8287	0	0	0	0	0	0	0	0	77	91.74	55.11	166.43	61.05	211.2	224.73	79.53	0	966.79
18.8387	0	0	0	0	0	0	0	0	69.41	87.01	52.69	172.81	61.05	216.59	233.2	81.95	0	974.71
18.8487	0	0	0	0	0	0	0	0	59.84	79.86	47.85	176	64.02	221.98	241.67	84.48	0	975.7
18.8587	0	0	0	0	0	0	0	0	52.69	70.4	43.12	182.38	64.02	227.48	247.39	86.9	0	974.38
18.8687	0	0	0	0	0	0	0	0	42.13	58.63	33.44	185.57	66.99	235.95	258.72	89.32	0	970.75
18.8787	0	0	0	0	0	0	0	0	33.33	46.86	26.29	188.76	66.99	241.45	264.33	91.74	0	959.75
18.8887	0	0	0	0	0	0	0	0	26.29	35.09	21.56	188.76	66.99	247.06	272.8	94.27	0	952.82
18.8987	0	0	0	0	0	0	0	0	22.77	25.74	16.72	185.57	64.02	249.92	278.52	96.69	0	939.95
18.9087	4.62	0	0	0	0	0	0	0	21.01	16.39	14.3	179.19	61.05	252.67	284.46	96.69	4.62	925.76
18.9187	9.24	0	0	0	0	0	0	0	17.49	9.35	9.57	166.43	55.11	252.67	287.43	99.11	9.24	897.16
18.9287	23.21	0	0	0	0	0	0	0	13.97	4.62	7.15	150.59	49.5	252.67	287.43	99.11	23.21	865.04
18.9387	79.97	5.83	0	0	0	0	0	0	13.97	4.62	7.15	134.86	44	252.67	287.43	101.53	85.8	846.23
18.9487	203.94	23.32	12.1	6.82	0	3.85	0	0	12.21	0	7.15	119.02	38.5	252.67	284.46	106.48	250.03	820.49
18.9587	218.46	40.92	19.36	10.34	4.18	3.85	0	0	12.21	0	4.73	100.21	30.25	252.67	278.52	108.9	297.11	787.49
18.9687	225.94	65.34	38.72	24.09	8.47	11.66	0	0	10.45	0	4.73	81.29	22	249.92	272.8	111.32	374.22	752.51
18.9787	238.92	96.14	58.08	37.84	14.74	17.49	4.51	0	8.69	0	0	62.48	16.5	241.45	261.47	113.85	467.72	704.44
18.9887	241.45	113.85	72.27	49.94	16.94	25.3	7.59	5.28	8.69	0	0	45.21	13.75	230.34	250.14	116.05	532.62	664.18
18.9987	249.26	120.12	81.73	58.63	21.12	31.24	12.21	8.8	6.93	0	0	31.02	8.25	211.2	233.2	116.05	583.11	606.65
19.0087	251.9	124.3	88.77	63.03	23.21	41.03	15.18	8.8	5.17	0	0	22.55	8.25	176.22	212.96	116.05	616.22	541.2
19.0187	257.07	126.39	98.23	67.43	25.41	50.71	19.8	12.32	3.41	0	0	11.22	5.5	138.16	183.15	113.85	657.36	455.29
19.0287	262.24	130.57	107.69	69.63	29.59	56.65	25.96	12.32	0	0	0	0	5.5	108.24	150.81	106.48	694.65	371.03
19.0387	272.58	134.75	117.37	69.63	31.68	63.03	30.47	14.08	0	0	0	0	5.5	83.82	118.91	94.27	733.59	302.5
19.0487	285.45	138.93	129.69	71.83	33.88	67.54	35.09	15.84	0	0	0	0	5.5	59.4	95.26	74.69	778.25	234.85
19.0587	300.85	145.2	139.59	74.03	35.97	72.05	38.17	17.6	0	0	0	0	5.5	45.1	77.33	55.11	823.46	183.04
19.0687	313.61	151.47	147.07	78.43	35.97	76.56	39.71	19.36	0	0	0	0	5.5	33.22	68.42	42.35	862.18	149.49
19.0787	321.31	155.65	152.02	82.83	38.06	78.76	41.25	19.36	0	0	0	0	0	23.65	56.54	31.79	889.24	111.98
19.0887	326.37	161.92	154.44	87.34	38.06	83.27	42.68	19.36	0	0	0	0	0	18.92	48.73	25.41	913.44	93.06
19.0987	326.37	166.1	156.97	91.74	38.06	85.47	42.68	19.36	0	0	0	0	0	14.19	41.03	19.03	926.75	74.25
19.1087	323.84	168.3	154.44	96.14	40.15	87.67	42.68	19.36	0	0	0	0	0	9.46	25.63	8.47	932.58	43.56
19.1187	321.31	170.61	154.44	100.54	40.15	92.18	42.68	21.12	0	0	0	0	0	4.73	12.76	0	943.03	17.49
19.1287	318.67	172.81	152.02	104.94	40.15	92.18	42.68	21.12	0	0	0	0	0	4.73	10.23	0	944.57	14.96
19.1387	311.08	172.81	149.49	109.34	40.15	94.49	42.68	21.12	0	0	0	0	0	0	7.7	0	941.16	7.7
19.1487	305.91	170.61	144.54	111.54	40.15	94.49	42.68	21.12	0	0	0	0	0	0	7.7	0	931.04	7.7
19.1587	298.21	168.3	139.59	113.85	40.15	96.69	42.68	21.12	0	0	0	0	0	0	0	0	920.59	0
19.1687	287.98	166.1	134.64	116.05	40.15	96.69	42.68	21.12	0	0	0	0	0	0	0	0	905.41	0
19.1787	277.86	161.92	129.69	118.25	40.15	96.69	42.68	21.12	0	0	0	0	0	0	0	0	888.36	0
19.1887	267.41	159.83	124.74	122.76	40.15	96.69	41.25	21.12	0	0	0	0	0	0	0	0	873.95	0
19.1987	254.43	155.65	119.79	124.96	40.15	96.69	41.25	21.12	0	0	0	0	0	0	0	0	854.04	0
19.2087	246.73	153.56	114.84	129.47	40.15	98.89	41.25	22.88	0	0	0	0	0	0	0	0	847.77	0
19.2187	236.28	151.47	110	133.98	40.15	98.89	41.25	22.88	0	0	0	0	0	0	0	0	834.9	0
19.2287	228.58	149.38	105.27	136.18	40.15	101.2	41.25	22.88	0	0	0	0	0	0	0	0	824.89	0
19.2387	220.88	145.2	102.96	140.69	42.35	103.4	42.68	22.88	0	0	0	0	0	0	0	0	821.04	0
19.2487	213.62	143.11	100.54	142.89	42.35	105.6	42.68	24.64	0	0	0	0	0	0	0	0	815.43	0
19.2587	208.78	141.02	100.54	147.4	42.35	110.11	44.22	24.64	0	0	0	0	0	0	0	0	819.06	0
19.2687	201.52	138.93	98.23	151.8	44.44	112.42	45.76	24.64	0	0	0	0	0	0	0	0	817.74	0
19.2787	196.68	134.75	98.23	154.11	44.44	116.6	47.3	26.4	0	0	0	0	0	0	0	0	818.51	0
19.2886	191.73	132.66	98.23	158.51	44.44	120.78	48.84	26.4	0	0	0	0	0	0	0	0	821.59	0
19.2986	184.47	128.48	98.23	160.82	46.53	125.07	51.92	28.27	0	0	0	0	0	0	0	0	823.79	0
19.3086	177.21	124.3	95.81	165.33	46.53	129.25	55	28.27	0	0	0	0	0	0	0	0	821.7	0
19.3186	169.95	120.12	95.81	169.95	48.62	137.72	56.54	30.03	0	0	0	0	0	0	0	0	828.74	0
19.3286	162.58	115.94	93.5	174.68	50.82	144.1	61.93	33.55	0	0	0	0	0	0	0	0	837.1	0
19.3386	150.26	109.34	88.77	179.41	52.91	152.57	65.56	35.31	0	0	0	0	0	0	0	0	834.13	0
19.3486	140.47	102.74	84.04	186.56	52.91	161.04	69.19	37.07	0	0	0	0	0	0	0	0	834.02	0
19.3586	128.15	96.14	79.31	195.91	55	169.73	74.58	40.59	0	0	0	0	0	0	0	0	839.41	0
19.3686	113.41	87.34	72.27	203.06	57.2	180.73	80.08	44.11	0	0	0	0	0	0	0	0	838.2	0
19.3786	102.08	80.74	62.81	210.1	57.2	191.73	83.71	49.39	0	0	0	0	0	0	0	0	837.76	0
19.3886	86.68	71.94	55.77	217.25	57.2	200.64	89.1	54.67	0	0	0	0	0	0	0	0	833.25	0
19.3986	73.37	60.94	45.98	224.18	59.4	211.64	94.49	60.5	0	0	0	0	0	0	0	0	830.5	0
19.4086	60.17	52.58	36.3	228.69	59.4	218.24	99.99	68.64	0	0	0	0	0	0	0	0	824.01	0
19.4186	48.73	42.79	26.62	233.31	59.4	224.95	103.62	76.67	0	0	0	0	0	0	0	0	816.09	0
19.4286	39.49	35.09	24.2	233.31	59.4	233.75	109.01	84.81	0	0	0	0	0	0	0	0	819.06	0
19.4386	34.76	29.15	19.36	231	59.4	240.35	114.51	100.87	0	0	0	0	0	0	0	0	829.4	0
19.4486	30.14	23.32	16.94	228.69	57.2	246.95	120.45	110.99	0	0	0	0	0	0	0	0	834.68	0
19.4586	25.52	17.49	14.52	221.98	55	253.55	124.52	119.35	5.17	4.62	0	0	0	0	0	0	831.93	9.79
19.4686	23.21	17.49	12.1	210.1	50.82	255.75	126.5	125.62	8.69	6.93	0	0	0	0	0	0	821.59	15.62
19.4786	23.21	15.51	9.68	193.6	46.53	260.15	126.5	129.8	12.21	11.66	0	0	0	0	0	0	804.98	23.87
19.4886	20.9	13.64	9.68	177.1	42.35	262.35	124.52	136.07	17.49	18.7	4.73	0	0	0	0	0	786.61	40.92
19.4986	20.9	13.64	9.68	156.31	35.97	264.55	122.54	142.34	38.61	30.47	7.15	8.47	0	0	0	0	765.93	84.7
19.5086	18.59	11.66	7.26	131.67	31.68	264.55	118.47	146.52	94.16	63.36	11.88	14.08	0	0	5.06	0	730.4	188.54
19.5186	16.17	11.66	7.26	107.14	25.41	264.55	112.64	156.97	134.31	103.51	23.87	36.74	5.5	16.61	7.7	0	701.8	328.24
19.5286	13.86	9.68	7.26	82.83	19.03	260.15	109.01	163.24	157.63	128.04	38.28	53.68	8.25	40.37	7.7	6.27	665.06	440.22
19.5386	11.55	7.7	4.84	56.87	14.74	249.15	105.38	167.42	191.51	145.64	57.75	62.48	13.75	52.25	17.93	10.56	617.65	551.87
19.5486	9.24	5.83	4.84	39.6	10.56	227.15	99.99	171.82	214.72	158.07	71.39	65.67	16.5	62.04	35.97	16.94	569.03	641.3
19.5586	6.93	3.85	4.84	27.5	8.47	187.33	94.49	174.13	217.03	158.07	76.89	68.75	19.25	67.54	41.03	19.03	507.54	667.59
19.5686	0	0	0	17.16	6.27	135.63	81.84	169.62	210.1	155.65	76.89	71.94	22	72.93	48.73	21.12	410.52	679.36
19.5786	0	0	0	13.75	6.27	92.18	67.32	156.97	203.17	155.65	82.39	75.02	22	83.82	56.54	25.41	336.49	704
19.5886	0	0	0	8.58	6.27	63.03	55	125.62	205.48	160.6	87.78	78.21	24.75	91.96	68.42	29.59	258.5	746.79
19.5986	0	0	0	5.17	4.18	46.86	45.76	82.72	217.03	168.19	98.67	84.48	27.5	102.74	80.3	35.97	184.69	814.88
19.6086	0	0	0	3.41	0	35.09	38.17	54.67	231.44	175.45	109.67	87.56	33	110.99	95.26	40.26	131.34	883.63
19.6186	0	0	0	0	0	25.3	32.01	30.03	243.76	182.71	123.53	90.75	35.75	119.13	110.22	44.44	87.34	950.29
19.6286	0	0	0	0	0	19.47	25.96	17.6	253.55	187.55	129.14	93.94	38.5	124.52	118.91	48.73	63.03	994.84
19.6386	0	0	0	0	0	13.64	16.72	7.04	256.08	189.97	134.64	100.21	41.25	132.77	130.46	50.82	37.4	1036.2
19.6486	0	0	0	0	0	9.68	9.13	0	248.6	192.39	134.64	106.48	44	138.16	136.29	52.91	18.81	1053.47
19.6586	0	0	0	3.41	0	5.83	4.51	0	241.23	192.39	131.89	112.75	44	146.3	144.98	55.11	13.75	1068.65
19.6686	0	0	0	0	0	5.83	2.97	0	231.44	189.97	129.14	122.21	46.75	151.8	150.81	57.53	8.8	1079.65
19.6786	0	0	0	0	0	3.85	0	0	219.34	185.13	126.28	128.48	46.75	157.19	156.53	59.95	3.85	1079.65
19.6886	0	0	0	0	0	3.85	0	0	205.48	180.29	120.78	131.67	49.5	162.69	159.5	62.37	3.85	1072.28
19.6986	0	0	0	0	0	0	0	0	191.51	175.45	115.17	137.94	49.5	168.19	162.36	62.37	0	1062.49
19.7086	0	0	0	0	0	0	0	0	179.96	168.19	109.67	141.13	49.5	170.83	162.36	62.37	0	1044.01
19.7186	0	0	0	0	0	0	0	0	163.9	160.6	101.42	144.32	49.5	173.47	165.33	62.37	0	1020.91
19.7286	0	0	0	0	0	0	0	0	151.25	153.12	96.03	147.51	49.5	176.22	165.33	64.9	0	1003.86
19.7386	0	0	0	0	0	0	0	0	138.49	143.11	87.78	150.59	49.5	178.86	165.33	64.9	0	978.56
19.7486	0	0	0	0	0	0	0	0	127.93	135.52	82.39	153.78	46.75	181.61	165.33	64.9	0	958.21
19.7586	0	0	0	0	0	0	0	0	115.28	128.04	74.14	156.97	49.5	184.25	168.3	64.9	0	941.38
19.7686	0	0	0	0	0	0	0	0	105.71	120.56	68.75	160.05	46.75	187	165.33	64.9	0	919.05
19.7786	0	0	0	0	0	0	0	0	96.14	113.08	60.5	163.24	49.5	189.64	168.3	64.9	0	905.3
19.7886	0	0	0	0	0	0	0	0	86.57	103.51	55.11	166.43	49.5	192.39	171.27	64.9	0	889.68
19.7986	0	0	0	0	0	0	0	0	78.98	96.47	50.27	169.62	46.75	195.03	174.24	67.32	0	878.68
19.8086	0	0	0	0	0	0	0	0	71.28	91.74	45.43	169.62	49.5	197.67	177.21	67.32	0	869.77
19.8186	0	0	0	0	0	0	0	0	63.69	84.59	43.12	172.81	49.5	200.42	180.18	69.74	0	864.05
19.8286	0	0	0	0	0	0	0	0	54.45	75.13	38.28	176	49.5	205.81	189.09	72.16	0	860.42
19.8386	0	0	0	0	0	0	0	0	49.17	68.09	33.44	179.19	49.5	208.45	192.06	72.16	0	852.06
19.8486	0	0	0	0	0	0	0	0	42.13	63.36	31.13	179.19	52.25	213.84	201.08	74.69	0	857.67
19.8586	0	0	0	0	0	0	0	0	36.85	56.21	28.71	182.38	52.25	216.59	207.02	74.69	0	854.7
19.8686	0	0	0	0	0	0	0	0	31.57	49.17	26.29	185.57	52.25	219.23	215.93	77.11	0	857.12
19.8786	0	0	0	0	0	0	0	0	28.05	42.13	21.56	185.57	55.11	224.73	221.98	79.53	0	858.66
19.8886	0	0	0	0	0	0	0	0	26.29	35.09	21.56	188.76	55.11	230.34	230.45	81.95	0	869.55
19.8986	0	0	0	0	0	0	0	0	24.53	32.78	19.14	188.76	55.11	233.09	238.92	81.95	0	874.28
19.9086	0	0	0	0	0	0	0	0	22.77	28.05	16.72	191.95	58.08	238.7	244.53	84.48	0	885.28
19.9186	0	0	0	0	0	0	0	0	21.01	23.43	16.72	195.14	58.08	244.31	250.14	86.9	0	895.73
19.9286	0	0	0	0	0	0	0	0	19.25	18.7	14.3	195.14	58.08	249.92	255.86	89.32	0	900.57
19.9386	0	0	0	0	0	0	0	0	17.49	13.97	11.88	191.95	55.11	252.67	261.47	91.74	0	896.28
19.9486	0	0	0	0	0	0	0	0	15.73	9.35	9.57	188.76	55.11	258.28	264.33	94.27	0	895.4
19.9586	0	0	0	0	0	0	0	0	13.97	4.62	9.57	182.38	52.25	261.03	267.19	94.27	0	885.28
19.9686	0	0	0	0	0	0	0	0	13.97	4.62	7.15	172.81	49.5	261.03	269.94	96.69	0	875.71
19.9786	0	0	0	0	0	0	0	0	12.21	0	7.15	160.05	46.75	263.89	269.94	99.11	0	859.1
19.9886	6.93	0	0	0	0	0	0	0	12.21	0	4.73	147.51	41.25	263.89	269.94	101.53	6.93	841.06
19.9986	9.24	0	0	0	0	0	0	0	12.21	0	4.73	131.67	35.75	263.89	269.94	106.48	9.24	824.67
20.0086	20.9	0	0	0	0	0	0	0	10.45	0	4.73	119.02	30.25	266.64	267.19	108.9	20.9	807.18
20.0186	66.77	3.85	0	0	0	0	0	0	10.45	0	4.73	103.29	24.75	269.39	264.33	113.85	70.62	790.79
20.0286	196.68	25.3	9.68	5.17	0	3.85	0	0	10.45	0	4.73	87.56	19.25	269.39	258.72	116.05	240.68	766.15
20.0386	231.11	44.77	21.78	10.34	4.18	5.83	0	0	8.69	0	0	71.94	16.5	269.39	253	120.45	318.01	739.97
20.0486	236.28	69.74	38.72	22.33	8.47	9.68	0	0	6.93	0	0	53.68	11	263.89	241.67	122.76	385.22	699.93
20.0586	249.26	102.74	62.81	37.84	14.74	17.49	2.97	0	6.93	0	0	39.6	11	252.67	230.45	122.76	487.85	663.41
20.0686	249.26	120.12	77	51.7	19.03	25.3	7.59	5.28	5.17	0	0	31.02	8.25	233.09	215.93	124.96	555.28	618.42
20.0786	259.6	130.57	86.35	63.03	21.12	33.22	10.67	7.04	3.41	0	0	22.55	5.5	195.03	195.14	124.96	611.6	546.59
20.0886	262.24	134.75	95.81	69.63	23.21	42.9	15.18	8.8	0	0	0	14.08	5.5	157.19	174.24	122.76	652.52	473.77
20.0986	264.88	138.93	105.27	74.03	25.41	54.67	19.8	10.56	0	0	0	8.47	5.5	121.88	147.84	116.05	693.55	399.74
20.1086	272.58	145.2	114.84	78.43	29.59	63.03	25.96	12.32	0	0	0	0	5.5	94.6	121.77	101.53	741.95	323.4
20.1186	285.45	151.47	127.27	80.63	31.68	69.74	32.01	15.84	0	0	0	0	8.25	70.18	98.23	79.53	794.09	256.19
20.1286	300.85	157.74	139.59	82.83	33.88	74.25	36.63	17.6	0	0	0	0	5.5	52.25	83.27	57.53	843.37	198.55
20.1386	316.14	164.01	152.02	87.34	35.97	80.96	39.71	17.6	0	0	0	0	5.5	37.95	68.42	44.44	893.75	156.31
20.1486	323.84	168.3	156.97	91.74	38.06	85.47	41.25	19.36	0	0	0	0	0	28.49	59.51	31.79	924.99	119.79
20.1586	326.37	172.81	161.92	96.14	40.15	89.98	42.68	19.36	0	0	0	0	0	21.34	51.37	27.5	949.41	100.21
20.1686	326.37	177.43	164.34	102.74	40.15	94.49	44.22	21.12	0	0	0	0	0	16.61	41.03	19.03	970.86	76.67
20.1786	323.84	179.63	161.92	107.14	40.15	96.69	45.76	21.12	0	0	0	0	0	9.46	23.1	6.27	976.25	38.83
20.1886	316.14	181.94	159.39	113.85	40.15	101.2	45.76	21.12	0	0	0	0	0	4.73	10.23	0	979.55	14.96
20.1986	308.44	181.94	154.44	120.56	40.15	103.4	45.76	21.12	0	0	0	0	0	4.73	10.23	0	975.81	14.96
20.2086	298.21	179.63	149.49	124.96	42.35	107.91	45.76	22.88	0	0	0	0	0	0	7.7	0	971.19	7.7
20.2186	285.45	177.43	142.12	129.47	42.35	107.91	45.76	22.88	0	0	0	0	0	0	5.06	0	953.37	5.06
20.2286	275.22	175.12	137.17	133.98	40.15	110.11	45.76	22.88	0	0	0	0	0	0	0	0	940.39	0
20.2386	264.88	170.61	129.69	136.18	42.35	110.11	45.76	22.88	0	0	0	0	0	0	0	0	922.46	0
20.2486	251.9	166.1	124.74	138.38	42.35	110.11	44.22	22.88	0	0	0	0	0	0	0	0	900.68	0
20.2586	238.92	159.83	117.37	140.69	42.35	110.11	45.76	22.88	0	0	0	0	0	0	0	0	877.91	0
20.2686	228.58	155.65	112.42	142.89	42.35	110.11	44.22	22.88	0	0	0	0	0	0	0	0	859.1	0
20.2786	218.46	151.47	105.27	145.09	42.35	110.11	45.76	22.88	0	0	0	0	0	0	0	0	841.39	0
20.2886	208.78	147.29	100.54	147.4	42.35	110.11	45.76	24.64	0	0	0	0	0	0	0	0	826.87	0
20.2986	201.52	143.11	98.23	149.6	42.35	112.42	45.76	24.64	0	0	0	0	0	0	0	0	817.63	0
20.3086	194.15	138.93	93.5	151.8	42.35	112.42	45.76	24.64	0	0	0	0	0	0	0	0	803.55	0
20.3186	186.89	134.75	91.08	154.11	44.44	114.51	47.3	24.64	0	0	0	0	0	0	0	0	797.72	0
20.3286	179.63	132.66	88.77	158.51	44.44	114.51	47.3	24.64	0	0	0	0	0	0	0	0	790.46	0
20.3386	174.79	128.48	86.35	160.82	44.44	116.6	48.84	26.4	0	0	0	0	0	0	0	0	786.72	0
20.3486	169.95	126.39	86.35	165.33	44.44	118.69	48.84	26.4	0	0	0	0	0	0	0	0	786.39	0
20.3586	162.58	122.21	84.04	169.95	46.53	122.98	50.38	26.4	0	0	0	0	0	0	0	0	785.07	0
20.3686	155.21	118.03	81.73	174.68	46.53	129.25	51.92	28.27	0	0	0	0	0	0	0	0	785.62	0
20.3786	147.84	113.85	79.31	181.83	48.62	133.54	53.46	30.03	0	0	0	0	0	0	0	0	788.48	0
20.3886	140.47	107.14	79.31	184.14	48.62	139.92	56.54	31.79	0	0	0	0	0	0	0	0	787.93	0
20.3986	133.1	102.74	74.58	188.87	48.62	148.39	60.06	33.55	0	0	0	0	0	0	0	0	789.91	0
20.4086	123.2	98.34	74.58	193.6	50.82	156.86	63.69	35.31	0	0	0	0	0	0	0	0	796.4	0
20.4186	115.83	91.74	69.85	200.64	52.91	165.33	69.19	38.83	0	0	0	0	0	0	0	0	804.32	0
20.4286	104.28	85.14	65.12	207.79	55	174.13	74.58	42.35	0	0	0	0	0	0	0	0	808.39	0
20.4386	93.28	76.34	58.08	214.83	55	185.13	78.21	45.87	0	0	0	0	0	0	0	0	806.74	0
20.4486	79.97	67.54	50.82	221.98	57.2	196.24	83.71	51.15	0	0	0	0	0	0	0	0	808.61	0
20.4586	71.17	58.74	43.56	228.69	57.2	205.04	90.86	58.52	0	0	0	0	0	0	0	0	813.78	0
20.4686	60.17	52.58	36.3	233.31	59.4	216.04	96.36	66.55	0	0	0	0	0	0	0	0	820.71	0
20.4786	48.73	44.77	29.04	237.82	59.4	224.95	101.75	76.67	0	0	0	0	0	0	0	0	823.13	0
20.4886	39.49	36.96	24.2	240.13	59.4	233.75	107.25	86.79	0	0	0	0	0	0	0	0	827.97	0
20.4986	34.76	31.13	19.36	242.33	59.4	238.15	112.64	102.96	0	0	0	0	0	0	0	0	840.73	0
20.5086	30.14	27.28	16.94	240.13	59.4	244.75	116.49	113.08	0	0	0	0	0	0	0	0	848.21	0
20.5186	25.52	21.34	14.52	235.51	55	251.35	120.45	121.44	3.41	0	0	0	0	0	0	0	845.13	3.41
20.5286	23.21	17.49	12.1	224.18	52.91	253.55	120.45	127.71	6.93	0	0	0	0	0	0	0	831.6	6.93
20.5386	20.9	15.51	9.68	210.1	48.62	255.75	120.45	131.89	10.45	6.93	0	0	0	0	0	0	812.9	17.38
20.5486	20.9	13.64	9.68	193.6	44.44	257.95	118.47	138.16	15.73	11.66	0	0	0	0	0	0	796.84	27.39
20.5586	18.59	13.64	9.68	172.37	38.06	257.95	116.49	142.34	24.53	21.01	0	0	0	0	0	0	769.12	45.54
20.5686	18.59	11.66	7.26	149.6	33.88	260.15	114.51	148.61	59.84	39.82	7.15	8.47	0	0	0	0	744.26	115.28
20.5786	16.17	11.66	7.26	124.96	27.5	257.95	110.88	156.97	121.55	84.59	16.72	19.8	0	7.04	5.06	0	713.35	254.76
20.5886	13.86	9.68	7.26	98.34	23.21	253.55	109.01	163.24	151.25	125.51	28.71	50.82	8.25	23.65	7.7	6.27	678.15	402.16
20.5986	11.55	7.7	7.26	71.83	16.94	246.95	105.38	167.42	177.65	158.07	45.43	71.94	11	52.25	10.23	6.27	635.03	532.84
20.6086	11.55	7.7	4.84	49.94	14.74	231.55	101.75	171.82	205.48	175.45	60.5	81.29	13.75	64.79	23.1	12.65	593.89	637.01
20.6186	6.93	3.85	4.84	32.67	8.47	200.64	98.12	174.13	212.41	177.87	68.75	84.48	16.5	70.18	38.5	16.94	529.65	685.63
20.6286	4.62	0	4.84	24.09	6.27	154.66	89.1	171.82	203.17	177.87	68.75	84.48	16.5	78.32	41.03	16.94	455.4	687.06
20.6386	0	0	0	17.16	6.27	107.91	74.58	161.15	198.55	177.87	71.39	90.75	19.25	86.46	48.73	21.12	367.07	714.12
20.6486	0	0	0	11.99	6.27	74.25	60.06	140.25	200.86	185.13	76.89	97.02	22	97.35	56.54	23.21	292.82	759
20.6586	0	0	0	8.58	6.27	52.69	50.38	98.89	212.41	192.39	87.78	103.29	22	108.24	68.42	27.5	216.81	822.03
20.6686	0	0	0	5.17	4.18	41.03	42.68	62.59	226.49	202.07	96.03	106.48	24.75	116.38	77.33	31.79	155.65	881.32
20.6786	0	0	0	3.41	0	31.24	36.63	37.07	238.81	209.33	109.67	109.56	27.5	121.88	89.32	33.88	108.35	939.95
20.6886	0	0	0	0	0	23.43	28.93	21.12	246.18	211.75	115.17	115.94	30.25	130.02	98.23	38.06	73.48	985.6
20.6986	0	0	0	0	0	17.49	21.34	12.32	246.18	216.59	117.92	125.4	33	138.16	104.17	40.26	51.15	1021.68
20.7086	0	0	0	0	0	11.66	12.21	0	238.81	216.59	117.92	131.67	35.75	143.66	110.22	42.35	23.87	1036.97
20.7185	0	0	0	3.41	0	7.81	6.05	0	228.91	216.59	115.17	137.94	35.75	151.8	113.08	44.44	17.27	1043.68
20.7285	0	0	0	0	0	5.83	4.51	0	219.34	211.75	115.17	147.51	35.75	157.19	118.91	46.53	10.34	1052.15
20.7385	0	0	0	0	0	3.85	2.97	0	207.79	206.91	109.67	153.78	38.5	162.69	121.77	48.73	6.82	1049.84
20.7485	0	0	0	0	0	3.85	0	0	193.82	202.07	104.17	160.05	38.5	165.44	124.63	48.73	3.85	1037.41
20.7585	0	0	0	0	0	0	0	0	179.96	194.81	98.67	163.24	41.25	170.83	124.63	48.73	0	1022.12
20.7685	0	0	0	0	0	0	0	0	166.1	185.13	93.28	169.62	41.25	173.47	127.6	50.82	0	1007.27
20.7785	0	0	0	0	0	0	0	0	155.43	177.87	87.78	172.81	41.25	176.22	127.6	50.82	0	989.78
20.7885	0	0	0	0	0	0	0	0	144.87	168.19	82.39	176	41.25	178.86	127.6	50.82	0	969.98
20.7985	0	0	0	0	0	0	0	0	132.22	160.6	76.89	179.19	41.25	181.61	127.6	52.91	0	952.27
20.8085	0	0	0	0	0	0	0	0	121.55	150.59	71.39	182.38	41.25	184.25	130.46	52.91	0	934.78
20.8185	0	0	0	0	0	0	0	0	113.3	140.58	66	185.57	41.25	187	130.46	52.91	0	917.07
20.8285	0	0	0	0	0	0	0	0	103.73	133.1	60.5	185.57	41.25	187	133.32	55.11	0	899.58
20.8385	0	0	0	0	0	0	0	0	96.14	125.51	57.75	188.76	41.25	192.39	136.29	55.11	0	893.2
20.8485	0	0	0	0	0	0	0	0	88.44	118.03	52.69	191.95	41.25	195.03	136.29	57.53	0	881.21
20.8585	0	0	0	0	0	0	0	0	80.85	110.66	50.27	195.14	41.25	197.67	139.15	57.53	0	872.52
20.8685	0	0	0	0	0	0	0	0	75.13	105.93	47.85	195.14	41.25	203.06	144.98	57.53	0	870.87
20.8785	0	0	0	0	0	0	0	0	69.41	98.78	43.12	198.44	41.25	205.81	147.84	59.95	0	864.6
20.8885	0	0	0	0	0	0	0	0	63.69	94.05	40.7	201.63	44	211.2	150.81	59.95	0	866.03
20.8985	0	0	0	0	0	0	0	0	57.97	89.32	38.28	204.82	44	213.84	153.67	62.37	0	864.27
20.9085	0	0	0	0	0	0	0	0	52.69	84.59	35.86	208.01	44	219.23	159.5	62.37	0	866.25
20.9185	0	0	0	0	0	0	0	0	49.17	77.55	33.44	211.2	44	221.98	162.36	62.37	0	862.07
20.9285	0	0	0	0	0	0	0	0	43.89	72.82	31.13	214.39	44	227.48	168.3	67.32	0	869.33
20.9385	0	0	0	0	0	0	0	0	40.37	65.67	28.71	217.58	46.75	233.09	174.24	67.32	0	873.73
20.9485	0	0	0	0	0	0	0	0	35.09	63.36	26.29	220.77	46.75	235.95	180.18	69.74	0	878.13
20.9585	0	0	0	0	0	0	0	0	31.57	56.21	23.87	224.07	46.75	241.45	186.12	72.16	0	882.2
20.9685	0	0	0	0	0	0	0	0	29.81	51.59	21.56	226.93	49.5	247.06	195.14	74.69	0	896.28
20.9785	0	0	0	0	0	0	0	0	26.29	44.55	21.56	232.76	49.5	252.67	198.11	77.11	0	902.55
20.9885	0	0	0	0	0	0	0	0	24.53	39.82	19.14	235.62	49.5	258.28	204.05	79.53	0	910.47
20.9985	0	0	0	0	0	0	0	0	22.77	35.09	16.72	235.62	52.25	263.89	209.99	81.95	0	918.28
21.0085	0	0	0	0	0	0	0	0	21.01	30.47	14.3	238.59	52.25	269.39	215.93	84.48	0	926.42
21.0185	0	0	0	0	0	0	0	0	19.25	25.74	14.3	238.59	49.5	272.25	221.98	86.9	0	928.51
21.0285	0	0	0	0	0	0	0	0	17.49	18.7	11.88	235.62	49.5	277.86	227.59	89.32	0	927.96
21.0385	0	0	0	0	0	0	0	0	15.73	11.66	9.57	229.79	46.75	280.61	230.45	91.74	0	916.3
21.0485	0	0	0	0	0	0	0	0	13.97	6.93	7.15	217.58	44	283.47	233.2	91.74	0	898.04
21.0585	0	0	0	0	0	0	0	0	12.21	4.62	7.15	201.63	41.25	283.47	236.06	91.74	0	878.13
21.0685	6.93	0	0	0	0	0	0	0	12.21	4.62	7.15	182.38	35.75	286.33	236.06	96.69	6.93	861.19
21.0785	18.59	0	0	0	0	0	0	0	12.21	4.62	4.73	163.24	30.25	286.33	236.06	99.11	18.59	836.55
21.0885	48.73	3.85	0	0	0	0	0	0	12.21	0	4.73	144.32	27.5	291.94	233.2	104.06	52.58	817.96
21.0985	172.37	27.28	9.68	6.82	0	5.83	0	0	10.45	0	4.73	125.4	22	294.8	230.45	106.48	221.98	794.31
21.1085	233.75	46.75	21.78	11.99	4.18	5.83	0	0	8.69	0	0	106.48	16.5	294.8	224.73	111.32	324.28	762.52
21.1185	233.75	67.54	38.72	22.33	8.47	9.68	0	0	8.69	0	0	87.56	13.75	291.94	218.9	116.05	380.49	736.89
21.1285	246.73	98.34	65.12	36.19	12.65	17.49	2.97	0	6.93	0	0	62.48	11	283.47	209.99	118.25	479.49	692.12
21.1385	249.26	113.85	81.73	49.94	16.94	27.28	7.59	5.28	5.17	0	0	48.07	8.25	263.89	198.11	120.45	551.87	643.94
21.1485	264.88	122.21	93.5	56.87	21.12	37.07	13.75	8.8	5.17	0	0	33.88	5.5	230.34	183.15	122.76	618.2	580.8
21.1585	267.41	124.3	102.96	58.63	23.21	44.88	18.26	8.8	0	0	0	22.55	5.5	184.25	162.36	122.76	648.45	497.42
21.1685	267.41	126.39	110	60.83	27.5	54.67	25.96	12.32	0	0	0	14.08	5.5	140.91	142.12	118.25	685.08	420.86
21.1785	272.58	130.57	117.37	63.03	29.59	60.83	30.47	12.32	0	0	0	8.47	5.5	108.24	115.94	106.48	716.76	344.63
21.1885	282.92	134.75	129.69	65.23	31.68	67.54	35.09	14.08	0	0	0	5.61	5.5	78.32	95.26	86.9	760.98	271.59
21.1985	298.21	141.02	139.59	67.43	33.88	72.05	38.17	15.84	0	0	0	0	5.5	56.98	80.3	62.37	806.19	205.15
21.2085	313.61	149.38	152.02	71.83	35.97	76.56	41.25	17.6	0	0	0	0	5.5	42.68	68.42	46.53	858.22	163.13
21.2185	323.84	155.65	159.39	78.43	38.06	80.96	42.68	17.6	0	0	0	0	5.5	30.8	59.51	33.88	896.61	129.69
21.2285	328.9	161.92	161.92	82.83	38.06	85.47	44.22	19.36	0	0	0	0	0	23.65	51.37	29.59	922.68	104.61
21.2385	331.54	166.1	164.34	89.54	38.06	89.98	44.22	19.36	0	0	0	0	0	18.92	43.67	23.21	943.14	85.8
21.2485	328.9	170.61	161.92	93.94	38.06	92.18	45.76	19.36	0	0	0	0	0	14.19	30.8	12.65	950.73	57.64
21.2585	323.84	170.61	159.39	100.54	40.15	96.69	44.22	19.36	0	0	0	0	0	9.46	12.76	4.18	954.8	26.4
21.2685	316.14	172.81	154.44	104.94	40.15	98.89	44.22	21.12	0	0	0	0	0	7.04	10.23	0	952.71	17.27
21.2785	308.44	172.81	152.02	109.34	40.15	101.2	44.22	21.12	0	0	0	0	0	4.73	7.7	0	949.3	12.43
21.2885	298.21	170.61	147.07	111.54	40.15	101.2	44.22	21.12	0	0	0	0	0	4.73	5.06	0	934.12	9.79
21.2985	290.62	168.3	142.12	113.85	40.15	103.4	44.22	21.12	0	0	0	0	0	0	0	0	923.78	0
21.3085	280.39	164.01	134.64	116.05	40.15	103.4	44.22	22.88	0	0	0	0	0	0	0	0	905.74	0
21.3185	267.41	159.83	129.69	118.25	40.15	103.4	45.76	21.12	0	0	0	0	0	0	0	0	885.61	0
21.3285	257.07	153.56	124.74	118.25	40.15	103.4	45.76	22.88	0	0	0	0	0	0	0	0	865.81	0
21.3385	246.73	149.38	119.79	118.25	40.15	103.4	45.76	22.88	0	0	0	0	0	0	0	0	846.34	0
21.3485	238.92	145.2	117.37	120.56	40.15	105.6	47.3	22.88	0	0	0	0	0	0	0	0	837.98	0
21.3585	228.58	141.02	112.42	122.76	42.35	105.6	48.84	22.88	0	0	0	0	0	0	0	0	824.45	0
21.3685	220.88	138.93	110	124.96	42.35	107.91	50.38	24.64	0	0	0	0	0	0	0	0	820.05	0
21.3785	216.04	134.75	107.69	127.27	44.44	110.11	51.92	24.64	0	0	0	0	0	0	0	0	816.86	0
21.3885	208.78	130.57	105.27	129.47	46.53	112.42	53.46	24.64	0	0	0	0	0	0	0	0	811.14	0
21.3985	201.52	128.48	105.27	131.67	46.53	114.51	56.54	26.4	0	0	0	0	0	0	0	0	810.92	0
21.4085	194.15	124.3	102.96	133.98	46.53	118.69	58.3	28.27	0	0	0	0	0	0	0	0	807.18	0
21.4185	186.89	120.12	102.96	138.38	48.62	122.98	61.93	30.03	0	0	0	0	0	0	0	0	811.91	0
21.4285	179.63	115.94	100.54	140.69	50.82	127.16	63.69	30.03	0	0	0	0	0	0	0	0	808.5	0
21.4385	172.37	111.54	100.54	142.89	50.82	133.54	67.32	33.55	0	0	0	0	0	0	0	0	812.57	0
21.4485	162.58	104.94	98.23	147.4	52.91	139.92	72.82	35.31	0	0	0	0	0	0	0	0	814.11	0
21.4585	155.21	100.54	95.81	149.6	55	146.19	78.21	37.07	0	0	0	0	0	0	0	0	817.63	0
21.4685	142.89	93.94	93.5	156.31	55	154.66	83.71	40.59	0	0	0	0	0	0	0	0	820.6	0
21.4785	130.57	89.54	86.35	160.82	57.2	163.13	90.86	44.11	0	0	0	0	0	0	0	0	822.58	0
21.4885	118.36	80.74	79.31	165.33	59.4	174.13	96.36	49.39	0	0	0	0	0	0	0	0	823.02	0
21.4985	104.28	74.14	72.27	172.37	59.4	182.93	101.75	52.91	0	0	0	0	0	0	0	0	820.05	0
21.5085	93.28	67.54	62.81	179.41	61.71	194.04	107.25	60.5	0	0	0	0	0	0	0	0	826.54	0
21.5185	77.77	58.74	53.24	184.14	64.02	202.84	112.64	66.55	0	0	0	0	0	0	0	0	819.94	0
21.5285	64.57	48.73	41.14	188.87	64.02	209.44	118.47	74.69	0	0	0	0	0	0	0	0	809.93	0
21.5385	53.35	40.92	33.88	191.29	64.02	216.04	124.52	82.72	0	0	0	0	0	0	0	0	806.74	0
21.5485	41.8	33.11	24.2	193.6	64.02	222.75	130.57	96.91	0	0	0	0	0	0	0	0	806.96	0
21.5585	37.18	29.15	21.78	191.29	64.02	229.35	136.62	106.92	0	0	0	0	0	0	0	0	816.31	0
21.5685	32.45	23.32	19.36	188.87	64.02	233.75	142.67	115.17	0	0	0	0	0	0	0	0	819.61	0
21.5785	27.83	19.47	16.94	184.14	61.71	235.95	148.72	121.44	0	0	0	0	0	0	0	0	816.2	0
21.5885	25.52	15.51	14.52	174.68	59.4	238.15	152.79	127.71	0	0	0	0	0	0	0	0	808.28	0
21.5985	23.21	13.64	12.1	165.33	55	238.15	156.75	131.89	3.41	0	0	0	0	0	0	0	796.07	3.41
21.6085	20.9	13.64	12.1	149.6	50.82	238.15	156.75	138.16	6.93	0	0	0	0	0	0	0	780.12	6.93
21.6185	20.9	11.66	9.68	136.18	46.53	238.15	156.75	142.34	13.97	9.35	0	0	0	0	0	0	762.19	23.32
21.6285	18.59	9.68	9.68	118.25	40.15	235.95	154.77	148.61	21.01	18.7	0	0	0	0	0	0	735.68	39.71
21.6385	16.17	9.68	7.26	100.54	33.88	238.15	150.7	154.88	63.69	44.55	7.15	11.22	0	0	0	0	711.26	126.61
21.6485	16.17	7.7	7.26	82.83	29.59	235.95	148.72	161.15	127.93	91.74	16.72	22.55	0	9.46	5.06	0	689.37	273.46
21.6585	13.86	7.7	7.26	65.23	23.21	231.55	144.65	167.42	151.25	135.52	26.29	48.07	5.5	21.34	5.06	4.18	660.88	397.21
21.6685	11.55	5.83	4.84	49.94	19.03	224.95	138.6	171.82	175.34	165.66	43.12	68.75	8.25	47.52	5.06	4.18	626.56	517.88
21.6785	9.24	5.83	4.84	34.43	14.74	209.44	132.55	176.44	198.55	182.71	55.11	78.21	11	62.04	15.4	10.56	587.51	613.58
21.6885	6.93	3.85	4.84	24.09	10.56	178.53	124.52	176.44	207.79	187.55	63.25	81.29	13.75	70.18	30.8	14.74	529.76	669.35
21.6985	4.62	0	4.84	17.16	8.47	139.92	110.88	174.13	200.86	185.13	66	84.48	16.5	78.32	38.5	16.94	460.02	686.73
21.7085	0	0	0	10.34	6.27	101.2	90.86	167.42	196.24	185.13	68.75	90.75	16.5	86.46	46.2	19.03	376.09	709.06
21.7185	0	0	0	6.82	8.47	72.05	70.95	148.61	198.55	189.97	74.14	93.94	19.25	94.6	53.9	23.21	306.9	747.56
21.7285	0	0	0	5.17	8.47	50.71	56.54	109.01	207.79	199.65	82.39	100.21	22	105.49	62.48	25.41	229.9	805.42
21.7385	0	0	0	0	6.27	41.03	47.3	70.62	221.65	209.33	90.53	103.29	24.75	113.63	71.39	29.59	165.22	864.16
21.7485	0	0	0	0	0	29.26	39.71	44.11	236.28	216.59	101.42	109.56	24.75	119.13	80.3	31.79	113.08	919.82
21.7585	0	0	0	0	0	23.43	33.55	24.64	246.18	223.85	109.67	112.75	27.5	127.27	89.32	33.88	81.62	970.42
21.7685	0	0	0	0	0	17.49	25.96	15.84	248.6	226.27	112.42	119.02	27.5	132.77	95.26	35.97	59.29	997.81
21.7785	0	0	0	0	0	11.66	16.72	5.28	243.76	228.69	112.42	128.48	30.25	140.91	98.23	38.06	33.66	1020.8
21.7885	0	0	0	0	0	7.81	7.59	0	236.28	231.11	109.67	137.94	30.25	146.3	101.2	38.06	15.4	1030.81
21.7985	0	0	0	0	0	5.83	6.05	0	226.49	228.69	106.92	144.32	30.25	154.55	101.2	40.26	11.88	1032.68
21.8085	0	0	0	0	0	5.83	4.51	0	217.03	226.27	104.17	153.78	33	157.19	104.17	40.26	10.34	1035.87
21.8185	0	0	0	0	0	3.85	2.97	0	205.48	219.01	101.42	156.97	33	162.69	104.17	42.35	6.82	1025.09
21.8285	0	0	0	0	0	0	0	0	191.51	214.17	96.03	163.24	33	165.44	104.17	42.35	0	1009.91
21.8385	0	0	0	0	0	0	0	0	179.96	206.91	93.28	169.62	33	168.19	107.14	42.35	0	1000.45
21.8485	0	0	0	0	0	0	0	0	168.41	199.65	87.78	172.81	33	170.83	104.17	44.44	0	981.09
21.8585	0	0	0	0	0	0	0	0	155.43	189.97	79.64	179.19	33	170.83	104.17	44.44	0	956.67
21.8685	0	0	0	0	0	0	0	0	144.87	180.29	74.14	182.38	33	173.47	104.17	44.44	0	936.76
21.8785	0	0	0	0	0	0	0	0	134.31	173.03	68.75	185.57	33	176.22	104.17	44.44	0	919.49
21.8885	0	0	0	0	0	0	0	0	125.84	165.66	63.25	191.95	33	176.22	101.2	46.53	0	903.65
21.8985	0	0	0	0	0	0	0	0	117.37	158.07	60.5	195.14	33	181.61	104.17	46.53	0	896.39
21.9085	0	0	0	0	0	0	0	0	109.45	150.59	57.75	198.44	33	184.25	104.17	46.53	0	884.18
21.9185	0	0	0	0	0	0	0	0	103.73	145.64	52.69	201.63	33	187	104.17	46.53	0	874.39
21.9285	0	0	0	0	0	0	0	0	98.01	138.05	50.27	204.82	33	189.64	104.17	46.53	0	864.49
21.9385	0	0	0	0	0	0	0	0	94.16	133.1	50.27	208.01	33	192.39	107.14	46.53	0	864.6
21.9485	0	0	0	0	0	0	0	0	90.42	130.57	47.85	211.2	35.75	195.03	110.22	48.73	0	869.77
21.9585	0	0	0	0	0	0	0	0	84.7	125.51	47.85	214.39	33	200.42	113.08	48.73	0	867.68
21.9685	0	0	0	0	0	0	0	0	82.72	120.56	45.43	217.58	35.75	203.06	115.94	48.73	0	869.77
21.9785	0	0	0	0	0	0	0	0	78.98	118.03	45.43	220.77	35.75	208.45	118.91	50.82	0	877.14
21.9885	0	0	0	0	0	0	0	0	75.13	115.5	45.43	224.07	38.5	213.84	124.63	52.91	0	890.01
21.9985	0	0	0	0	0	0	0	0	71.28	110.66	43.12	229.79	38.5	219.23	130.46	52.91	0	895.95
22.0085	0	0	0	0	0	0	0	0	65.56	105.93	40.7	232.76	38.5	224.73	133.32	55.11	0	896.61
22.0185	0	0	0	0	0	0	0	0	61.71	101.2	38.28	238.59	38.5	233.09	139.15	57.53	0	908.05
22.0285	0	0	0	0	0	0	0	0	56.21	94.05	35.86	244.42	41.25	238.7	144.98	59.95	0	915.42
22.0385	0	0	0	0	0	0	0	0	49.17	87.01	33.44	250.14	41.25	247.06	150.81	62.37	0	921.25
22.0485	0	0	0	0	0	0	0	0	42.13	77.55	28.71	253.11	44	252.67	156.53	64.9	0	919.6
22.0585	0	0	0	0	0	0	0	0	35.09	68.09	26.29	258.94	44	261.03	162.36	67.32	0	923.12
22.0685	0	0	0	0	0	0	0	0	31.57	58.63	23.87	264.77	44	266.64	168.3	69.74	0	927.52
22.0785	0	0	0	0	0	0	0	0	28.05	49.17	19.14	267.63	44	275	171.27	72.16	0	926.42
22.0885	0	0	0	0	0	0	0	0	24.53	42.13	16.72	270.6	44	280.61	177.21	74.69	0	930.49
22.0985	0	0	0	0	0	0	0	0	21.01	35.09	14.3	270.6	44	289.08	183.15	79.53	0	936.76
22.1085	0	0	0	0	0	0	0	0	19.25	28.05	11.88	270.6	44	294.8	186.12	81.95	0	936.65
22.1185	0	0	0	0	0	0	0	0	17.49	21.01	9.57	261.8	41.25	300.41	189.09	84.48	0	925.1
22.1285	0	0	0	0	0	0	0	0	13.97	11.66	7.15	250.14	41.25	303.27	195.14	84.48	0	907.06
22.1385	6.93	0	0	0	0	0	0	0	12.21	9.35	7.15	235.62	35.75	303.27	195.14	86.9	6.93	885.39
22.1484	18.59	0	0	0	0	0	0	0	13.97	6.93	7.15	214.39	33	306.02	192.06	89.32	18.59	862.84
22.1584	53.35	3.85	0	0	0	0	0	0	12.21	6.93	4.73	191.95	27.5	308.88	192.06	91.74	57.2	836
22.1684	184.47	27.28	9.68	6.82	0	5.83	0	0	12.21	6.93	4.73	169.62	22	311.74	192.06	94.27	234.08	813.56
22.1784	246.73	50.6	21.78	13.75	4.18	7.81	0	0	10.45	4.62	4.73	147.51	19.25	314.49	189.09	96.69	344.85	786.83
22.1884	238.92	76.34	36.3	27.5	8.47	11.66	0	0	10.45	4.62	4.73	122.21	13.75	311.74	183.15	101.53	399.19	752.18
22.1984	249.26	107.14	60.39	41.36	14.74	19.47	2.97	0	8.69	0	0	97.02	11	306.02	177.21	104.06	495.33	704
22.2084	251.9	122.21	74.58	55.11	19.03	27.28	7.59	5.28	6.93	0	0	68.75	8.25	289.08	171.27	106.48	562.98	650.76
22.2184	259.6	130.57	84.04	65.23	21.12	33.22	12.21	8.8	5.17	0	0	48.07	5.5	263.89	159.5	108.9	614.79	591.03
22.2284	259.6	130.57	91.08	67.43	21.12	42.9	15.18	8.8	3.41	0	0	33.88	5.5	216.59	144.98	111.32	636.68	515.68
22.2384	259.6	132.66	98.23	69.63	25.41	52.69	21.34	12.32	0	0	0	22.55	5.5	162.69	127.6	108.9	671.88	427.24
22.2484	264.88	134.75	107.69	71.83	27.5	58.63	25.96	12.32	0	0	0	14.08	5.5	121.88	110.22	101.53	703.56	353.21
22.2584	277.86	138.93	119.79	71.83	31.68	65.34	32.01	15.84	0	0	0	11.22	5.5	89.21	92.29	84.48	753.28	282.7
22.2684	293.15	145.2	132.22	74.03	33.88	72.05	36.63	15.84	0	0	0	8.47	5.5	62.04	74.36	64.9	803	215.27
22.2784	311.08	151.47	144.54	76.23	35.97	76.56	39.71	17.6	0	0	0	0	5.5	47.52	65.45	48.73	853.16	167.2
22.2884	321.31	155.65	154.44	78.43	35.97	80.96	41.25	19.36	0	0	0	0	0	35.64	59.51	38.06	887.37	133.21
22.2984	328.9	159.83	159.39	82.83	38.06	83.27	42.68	19.36	0	0	0	0	0	26.07	51.37	27.5	914.32	104.94
22.3084	328.9	164.01	161.92	87.34	38.06	87.67	44.22	21.12	0	0	0	0	0	21.34	43.67	25.41	933.24	90.42
22.3184	328.9	166.1	161.92	91.74	40.15	89.98	44.22	21.12	0	0	0	0	0	16.61	33.33	16.94	944.13	66.88
22.3284	323.84	168.3	161.92	96.14	40.15	94.49	44.22	22.88	0	0	0	0	0	9.46	17.93	6.27	951.94	33.66
22.3384	318.67	170.61	159.39	100.54	40.15	96.69	44.22	24.64	0	0	0	0	0	7.04	7.7	0	954.91	14.74
22.3484	313.61	168.3	156.97	104.94	40.15	98.89	45.76	24.64	0	0	0	0	0	4.73	7.7	0	953.26	12.43
22.3584	305.91	168.3	154.44	109.34	40.15	101.2	45.76	26.4	0	0	0	0	0	4.73	5.06	0	951.5	9.79
22.3684	295.68	164.01	152.02	109.34	40.15	101.2	47.3	26.4	0	0	0	0	0	0	0	0	936.1	0
22.3784	287.98	161.92	147.07	111.54	42.35	103.4	47.3	26.4	0	0	0	0	0	0	0	0	927.96	0
22.3884	277.86	155.65	142.12	113.85	42.35	105.6	47.3	26.4	0	0	0	0	0	0	0	0	911.13	0
22.3984	264.88	151.47	139.59	113.85	42.35	105.6	48.84	28.27	0	0	0	0	0	0	0	0	894.85	0
22.4084	254.43	147.29	134.64	116.05	42.35	105.6	48.84	28.27	0	0	0	0	0	0	0	0	877.47	0
22.4184	244.09	143.11	127.27	120.56	42.35	107.91	48.84	30.03	0	0	0	0	0	0	0	0	864.16	0
22.4284	233.75	141.02	122.32	124.96	42.35	110.11	48.84	30.03	0	0	0	0	0	0	0	0	853.38	0
22.4384	223.41	136.84	117.37	127.27	44.44	112.42	50.38	30.03	0	0	0	0	0	0	0	0	842.16	0
22.4484	211.2	134.75	112.42	131.67	44.44	116.6	50.38	31.79	0	0	0	0	0	0	0	0	833.25	0
22.4584	203.94	130.57	107.69	138.38	44.44	118.69	50.38	31.79	0	0	0	0	0	0	0	0	825.88	0
22.4684	194.15	128.48	105.27	142.89	46.53	122.98	51.92	33.55	0	0	0	0	0	0	0	0	825.77	0
22.4784	184.47	124.3	102.96	149.6	46.53	127.16	53.46	33.55	0	0	0	0	0	0	0	0	822.03	0
22.4884	177.21	122.21	100.54	154.11	48.62	133.54	55	35.31	0	0	0	0	0	0	0	0	826.54	0
22.4984	167.53	118.03	95.81	160.82	48.62	137.72	56.54	37.07	0	0	0	0	0	0	0	0	822.14	0
22.5084	157.63	113.85	91.08	165.33	48.62	144.1	60.06	38.83	0	0	0	0	0	0	0	0	819.5	0
22.5184	147.84	109.34	86.35	172.37	50.82	148.39	63.69	40.59	0	0	0	0	0	0	0	0	819.39	0
22.5284	140.47	102.74	81.73	177.1	50.82	154.66	65.56	42.35	0	0	0	0	0	0	0	0	815.43	0
22.5384	130.57	98.34	77	184.14	52.91	161.04	69.19	44.11	0	0	0	0	0	0	0	0	817.3	0
22.5484	120.78	91.74	72.27	188.87	52.91	169.73	72.82	47.63	0	0	0	0	0	0	0	0	816.75	0
22.5584	108.68	85.14	67.54	195.91	55	176.33	76.45	51.15	0	0	0	0	0	0	0	0	816.2	0
22.5684	99.88	78.54	60.39	200.64	55	185.13	81.84	52.91	0	0	0	0	0	0	0	0	814.33	0
22.5784	88.88	71.94	55.77	205.37	57.2	191.73	85.47	56.54	0	0	0	0	0	0	0	0	812.9	0
22.5884	77.77	63.14	48.4	210.1	57.2	200.64	90.86	62.59	0	0	0	0	0	0	0	0	810.7	0
22.5984	68.97	56.54	41.14	214.83	59.4	207.24	94.49	66.55	0	0	0	0	0	0	0	0	809.16	0
22.6084	57.97	48.73	33.88	219.56	59.4	213.84	99.99	72.6	0	0	0	0	0	0	0	0	805.97	0
22.6184	48.73	40.92	26.62	221.98	61.71	220.55	105.38	80.74	0	0	0	0	0	0	0	0	806.63	0
22.6284	39.49	35.09	21.78	224.18	59.4	227.15	110.88	94.82	0	0	0	0	0	0	0	0	812.79	0
22.6384	34.76	31.13	19.36	224.18	59.4	235.95	114.51	102.96	0	0	0	0	0	0	0	0	822.25	0
22.6484	30.14	25.3	16.94	224.18	59.4	240.35	120.45	110.99	0	0	0	0	0	0	0	0	827.75	0
22.6584	27.83	21.34	14.52	219.56	57.2	246.95	122.54	119.35	0	0	0	0	0	0	0	0	829.29	0
22.6684	23.21	17.49	12.1	212.52	55	249.15	124.52	125.62	0	0	0	0	0	0	0	0	819.61	0
22.6784	20.9	15.51	12.1	200.64	50.82	251.35	126.5	131.89	5.17	4.62	0	0	0	0	0	0	809.71	9.79
22.6884	20.9	13.64	9.68	186.56	48.62	253.55	124.52	136.07	8.69	6.93	0	0	0	0	0	0	793.54	15.62
22.6984	20.9	13.64	9.68	169.95	42.35	255.75	124.52	142.34	12.21	11.66	0	0	0	0	0	0	779.13	23.87
22.7084	18.59	11.66	7.26	151.8	38.06	257.95	120.45	146.52	17.49	18.7	0	0	0	0	0	0	752.29	36.19
22.7184	18.59	11.66	7.26	131.67	31.68	257.95	118.47	154.88	36.85	28.05	7.15	8.47	0	0	0	0	732.16	80.52
22.7284	16.17	9.68	7.26	111.54	27.5	257.95	114.51	163.24	90.42	60.94	11.88	14.08	0	0	0	0	707.85	177.32
22.7384	13.86	9.68	7.26	89.54	23.21	255.75	110.88	167.42	130.02	101.2	23.87	39.6	0	16.61	5.06	0	677.6	316.36
22.7484	13.86	7.7	4.84	67.43	16.94	249.15	107.25	174.13	159.72	135.52	40.7	62.48	8.25	37.95	5.06	6.27	641.3	455.95
22.7584	11.55	5.83	4.84	48.18	12.65	235.95	103.62	176.44	198.55	163.13	60.5	75.02	11	56.98	12.76	10.56	599.06	588.5
22.7684	6.93	5.83	4.84	32.67	10.56	209.44	98.12	178.75	224.07	173.03	74.14	78.21	16.5	67.54	30.8	16.94	547.14	681.23
22.7784	4.62	3.85	0	22.33	6.27	167.53	90.86	178.75	224.07	173.03	79.64	81.29	16.5	72.93	38.5	19.03	474.21	704.99
22.7884	0	0	0	17.16	6.27	120.78	78.21	169.62	212.41	168.19	79.64	81.29	16.5	78.32	43.67	21.12	392.04	701.14
22.7984	0	0	0	11.99	6.27	83.27	63.69	152.79	205.48	168.19	82.39	87.56	19.25	89.21	51.37	23.21	318.01	726.66
22.8084	0	0	0	8.58	6.27	58.63	53.46	115.17	207.79	175.45	87.78	90.75	22	100.1	59.51	29.59	242.11	772.97
22.8184	0	0	0	5.17	6.27	44.88	45.76	76.67	217.03	182.71	98.67	97.02	22	110.99	71.39	31.79	178.75	831.6
22.8284	0	0	0	0	4.18	33.22	39.71	52.91	231.44	192.39	109.67	103.29	24.75	119.13	83.27	35.97	130.02	899.91
22.8384	0	0	0	0	0	25.3	33.55	30.03	243.76	199.65	120.78	106.48	27.5	127.27	95.26	40.26	88.88	960.96
22.8484	0	0	0	0	0	19.47	25.96	19.36	253.55	204.49	126.28	112.75	30.25	132.77	104.17	42.35	64.79	1006.61
22.8584	0	0	0	0	0	13.64	16.72	7.04	253.55	209.33	131.89	119.02	33	140.91	110.22	44.44	37.4	1042.36
22.8684	0	0	0	0	0	7.81	7.59	0	251.13	211.75	131.89	128.48	33	149.05	115.94	48.73	15.4	1069.97
22.8784	0	0	0	0	0	5.83	4.51	0	241.23	211.75	129.14	134.86	35.75	154.55	118.91	50.82	10.34	1077.01
22.8884	0	0	0	0	0	5.83	2.97	0	231.44	209.33	126.28	141.13	35.75	162.69	121.77	50.82	8.8	1079.21
22.8984	0	0	0	0	0	3.85	0	0	217.03	204.49	120.78	147.51	38.5	168.19	127.6	50.82	3.85	1074.92
22.9084	0	0	0	0	0	3.85	0	0	203.17	199.65	115.17	153.78	38.5	170.83	127.6	52.91	3.85	1061.61
22.9184	0	0	0	0	0	0	0	0	189.2	192.39	106.92	160.05	38.5	173.47	130.46	55.11	0	1046.1
22.9284	0	0	0	0	0	0	0	0	173.03	182.71	98.67	166.43	38.5	178.86	130.46	55.11	0	1023.77
22.9384	0	0	0	0	0	0	0	0	157.63	175.45	93.28	169.62	38.5	181.61	130.46	55.11	0	1001.66
22.9484	0	0	0	0	0	0	0	0	144.87	165.66	85.03	176	38.5	184.25	130.46	57.53	0	982.3
22.9584	0	0	0	0	0	0	0	0	132.22	158.07	76.89	179.19	38.5	184.25	127.6	55.11	0	951.83
22.9684	0	0	0	0	0	0	0	0	121.55	148.06	71.39	182.38	38.5	187	127.6	57.53	0	934.01
22.9784	0	0	0	0	0	0	0	0	111.43	140.58	66	185.57	38.5	189.64	127.6	57.53	0	916.85
22.9884	0	0	0	0	0	0	0	0	103.73	133.1	60.5	191.95	38.5	192.39	127.6	57.53	0	905.3
22.9984	0	0	0	0	0	0	0	0	98.01	125.51	55.11	191.95	38.5	195.03	127.6	57.53	0	889.24
23.0084	0	0	0	0	0	0	0	0	90.42	120.56	52.69	195.14	38.5	195.03	127.6	59.95	0	879.89
23.0184	0	0	0	0	0	0	0	0	82.72	113.08	50.27	198.44	38.5	197.67	130.46	57.53	0	868.67
23.0284	0	0	0	0	0	0	0	0	77	108.24	45.43	201.63	38.5	200.42	130.46	59.95	0	861.63
23.0384	0	0	0	0	0	0	0	0	71.28	103.51	43.12	204.82	38.5	203.06	133.32	59.95	0	857.56
23.0484	0	0	0	0	0	0	0	0	67.43	98.78	40.7	208.01	38.5	208.45	136.29	59.95	0	858.11
23.0584	0	0	0	0	0	0	0	0	61.71	94.05	38.28	211.2	38.5	211.2	139.15	62.37	0	856.46
23.0684	0	0	0	0	0	0	0	0	57.97	89.32	35.86	214.39	41.25	216.59	144.98	62.37	0	862.73
23.0784	0	0	0	0	0	0	0	0	52.69	84.59	33.44	217.58	41.25	219.23	147.84	64.9	0	861.52
23.0884	0	0	0	0	0	0	0	0	49.17	79.86	33.44	220.77	41.25	221.98	153.67	67.32	0	867.46
23.0984	0	0	0	0	0	0	0	0	45.65	75.13	31.13	224.07	44	227.48	159.5	69.74	0	876.7
23.1084	0	0	0	0	0	0	0	0	40.37	70.4	28.71	226.93	44	233.09	165.33	69.74	0	878.57
23.1184	0	0	0	0	0	0	0	0	36.85	63.36	26.29	229.79	46.75	235.95	174.24	72.16	0	885.39
23.1284	0	0	0	0	0	0	0	0	33.33	58.63	26.29	232.76	46.75	241.45	180.18	74.69	0	894.08
23.1384	0	0	0	0	0	0	0	0	29.81	53.9	23.87	235.62	46.75	247.06	189.09	79.53	0	905.63
23.1484	0	0	0	0	0	0	0	0	28.05	46.86	21.56	238.59	49.5	252.67	195.14	81.95	0	914.32
23.1584	0	0	0	0	0	0	0	0	26.29	42.13	19.14	241.45	49.5	258.28	204.05	84.48	0	925.32
23.1684	0	0	0	0	0	0	0	0	24.53	35.09	16.72	244.42	49.5	263.89	209.99	86.9	0	931.04
23.1784	0	0	0	0	0	0	0	0	22.77	30.47	16.72	244.42	49.5	269.39	212.96	89.32	0	935.55
23.1884	0	0	0	0	0	0	0	0	19.25	25.74	14.3	244.42	49.5	275	218.9	94.27	0	941.38
23.1984	0	0	0	0	0	0	0	0	17.49	18.7	11.88	241.45	49.5	280.61	221.98	94.27	0	935.88
23.2084	0	0	0	0	0	0	0	0	15.73	11.66	9.57	235.62	46.75	283.47	224.73	99.11	0	926.64
23.2184	0	0	0	0	0	0	0	0	13.97	6.93	9.57	229.79	44	286.33	224.73	101.53	0	916.85
23.2284	4.62	0	0	0	0	0	0	0	13.97	6.93	7.15	214.39	38.5	289.08	221.98	104.06	4.62	896.06
23.2384	9.24	0	0	0	0	0	0	0	12.21	6.93	7.15	198.44	35.75	291.94	218.9	106.48	9.24	877.8
23.2484	18.59	3.85	0	0	0	0	0	0	12.21	4.62	7.15	182.38	30.25	297.55	215.93	108.9	22.44	858.99
23.2584	41.8	3.85	0	0	0	0	0	0	12.21	4.62	4.73	163.24	24.75	300.41	209.99	113.85	45.65	833.8
23.2684	133.1	23.32	4.84	5.17	0	0	0	0	10.45	0	4.73	144.32	19.25	303.27	204.05	116.05	166.43	802.12
23.2784	211.2	40.92	14.52	10.34	0	3.85	0	0	10.45	0	0	125.4	16.5	308.88	198.11	120.45	280.83	779.79
23.2884	216.04	58.74	26.62	15.51	4.18	5.83	0	0	8.69	0	0	106.48	11	306.02	186.12	122.76	326.92	741.07
23.2984	233.75	91.74	48.4	29.26	10.56	13.64	0	0	8.69	0	0	84.48	11	300.41	177.21	124.96	427.35	706.75
23.3084	241.45	115.94	62.81	43.01	16.94	19.47	0	5.28	6.93	0	0	62.48	8.25	286.33	159.5	127.16	504.9	650.65
23.3184	254.43	128.48	74.58	49.94	19.03	23.43	4.51	10.56	5.17	0	0	48.07	5.5	263.89	144.98	127.16	564.96	594.77
23.3284	257.07	132.66	84.04	56.87	21.12	29.26	7.59	10.56	3.41	0	0	36.74	5.5	221.98	130.46	127.16	599.17	525.25
23.3384	254.43	132.66	91.08	60.83	21.12	37.07	12.21	14.08	0	0	0	25.41	5.5	173.47	113.08	124.96	623.48	442.42
23.3484	257.07	134.75	100.54	63.03	25.41	46.86	18.26	15.84	0	0	0	16.94	5.5	132.77	98.23	116.05	661.76	369.49
23.3584	264.88	138.93	110	65.23	29.59	56.65	25.96	19.36	0	0	0	14.08	5.5	97.35	86.35	96.69	710.6	299.97
23.3684	277.86	145.2	127.27	67.43	33.88	63.03	33.55	21.12	0	0	0	11.22	5.5	70.18	74.36	74.69	769.34	235.95
23.3784	293.15	151.47	142.12	69.63	38.06	69.74	39.71	24.64	0	0	0	5.61	5.5	52.25	68.42	55.11	828.52	186.89
23.3884	303.38	155.65	154.44	71.83	40.15	76.56	44.22	28.27	0	0	0	0	0	40.37	59.51	44.44	874.5	144.32
23.3984	311.08	159.83	164.34	76.23	42.35	80.96	48.84	31.79	0	0	0	0	0	30.8	53.9	33.88	915.42	118.58
23.4084	313.61	161.92	171.82	80.63	42.35	87.67	51.92	33.55	0	0	0	0	0	23.65	46.2	27.5	943.47	97.35
23.4184	313.61	166.1	176.77	82.83	44.44	92.18	55	37.07	0	0	0	0	0	18.92	35.97	21.12	968	76.01
23.4284	308.44	166.1	179.3	87.34	46.53	98.89	60.06	40.59	0	0	0	0	0	11.88	20.46	8.47	987.25	40.81
23.4384	303.38	166.1	179.3	89.54	48.62	103.4	63.69	42.35	0	0	0	0	0	7.04	7.7	0	996.38	14.74
23.4484	295.68	164.01	179.3	91.74	48.62	105.6	67.32	44.11	0	0	0	0	0	4.73	7.7	0	996.38	12.43
23.4584	287.98	159.83	176.77	93.94	50.82	110.11	70.95	45.87	0	0	0	0	0	4.73	5.06	0	996.27	9.79
23.4684	280.39	155.65	174.24	96.14	52.91	112.42	74.58	49.39	0	0	0	0	0	0	0	0	995.72	0
23.4784	270.05	151.47	169.29	96.14	52.91	114.51	76.45	51.15	0	0	0	0	0	0	0	0	981.97	0
23.4884	259.6	147.29	164.34	96.14	55	114.51	80.08	52.91	0	0	0	0	0	0	0	0	969.87	0
23.4984	249.26	141.02	161.92	98.34	57.2	116.6	83.71	54.67	0	0	0	0	0	0	0	0	962.72	0
23.5084	238.92	136.84	156.97	96.14	57.2	116.6	85.47	58.52	0	0	0	0	0	0	0	0	946.66	0
23.5184	231.11	130.57	152.02	96.14	59.4	116.6	87.23	60.5	0	0	0	0	0	0	0	0	933.57	0
23.5284	220.88	126.39	147.07	96.14	59.4	118.69	89.1	62.59	0	0	0	0	0	0	0	0	920.26	0
23.5384	211.2	122.21	139.59	98.34	61.71	118.69	90.86	62.59	0	0	0	0	0	0	0	0	905.19	0
23.5484	201.52	118.03	132.22	98.34	61.71	120.78	94.49	64.57	0	0	0	0	0	0	0	0	891.66	0
23.5584	189.31	113.85	124.74	100.54	64.02	122.98	96.36	66.55	0	0	0	0	0	0	0	0	878.35	0
23.5684	179.63	107.14	119.79	102.74	64.02	125.07	99.99	68.64	0	0	0	0	0	0	0	0	867.02	0
23.5783	169.95	102.74	112.42	104.94	66.33	129.25	103.62	72.6	0	0	0	0	0	0	0	0	861.85	0
23.5883	160.05	96.14	107.69	107.14	68.64	131.45	105.38	76.67	0	0	0	0	0	0	0	0	853.16	0
23.5983	150.26	91.74	100.54	109.34	68.64	135.63	109.01	82.72	0	0	0	0	0	0	0	0	847.88	0
23.6083	140.47	87.34	95.81	113.85	70.95	139.92	112.64	84.81	0	0	0	0	0	0	0	0	845.79	0
23.6183	133.1	82.94	91.08	116.05	70.95	142.01	116.49	88.77	0	0	0	0	0	0	0	0	841.39	0
23.6283	123.2	78.54	84.04	118.25	73.26	148.39	120.45	94.82	0	0	0	0	0	0	0	0	840.95	0
23.6383	115.83	74.14	79.31	120.56	75.57	150.48	124.52	100.87	0	0	0	0	0	0	0	0	841.28	0
23.6483	108.68	69.74	74.58	122.76	75.57	154.66	128.59	106.92	0	0	0	0	0	0	0	0	841.5	0
23.6583	99.88	65.34	69.85	124.96	77.88	158.95	132.55	113.08	0	0	0	0	0	0	0	0	842.49	0
23.6683	93.28	60.94	62.81	127.27	77.88	163.13	134.64	117.26	0	0	0	0	0	0	0	0	837.21	0
23.6783	86.68	56.54	58.08	129.47	80.19	167.53	138.6	123.53	0	0	0	0	0	0	0	0	840.62	0
23.6883	77.77	52.58	53.24	131.67	80.19	169.73	142.67	129.8	0	0	0	0	0	0	0	0	837.65	0
23.6983	71.17	46.75	45.98	133.98	80.19	174.13	146.74	138.16	0	0	0	0	0	0	0	0	837.1	0
23.7083	64.57	42.79	41.14	136.18	82.5	178.53	148.72	144.43	0	0	0	0	0	0	0	0	838.86	0
23.7183	57.97	38.94	36.3	138.38	82.5	180.73	152.79	150.7	0	0	0	0	0	0	0	0	838.31	0
23.7283	51.04	35.09	31.46	138.38	82.5	185.13	154.77	156.97	0	0	0	0	0	0	0	0	835.34	0
23.7383	44.11	29.15	26.62	140.69	82.5	189.53	158.84	163.24	0	0	0	0	0	0	0	0	834.68	0
23.7483	37.18	25.3	21.78	140.69	82.5	191.73	160.82	167.42	0	0	0	0	0	0	0	0	827.42	0
23.7583	34.76	23.32	19.36	140.69	82.5	194.04	164.89	174.13	0	0	0	0	0	0	0	0	833.69	0
23.7683	32.45	19.47	19.36	138.38	80.19	196.24	166.87	178.75	0	0	0	0	0	0	0	0	831.71	0
23.7783	30.14	17.49	16.94	133.98	77.88	198.44	168.96	183.37	0	0	0	0	0	0	0	0	827.2	0
23.7883	27.83	13.64	14.52	129.47	73.26	198.44	168.96	185.68	0	0	0	0	0	0	0	0	811.8	0
23.7983	27.83	11.66	12.1	122.76	68.64	198.44	168.96	187.99	0	0	0	0	0	0	0	0	798.38	0
23.8083	23.21	11.66	12.1	116.05	66.33	196.24	168.96	190.3	0	0	0	0	0	0	0	0	784.85	0
23.8183	20.9	9.68	9.68	107.14	61.71	191.73	166.87	192.61	0	0	0	0	0	0	0	0	760.32	0
23.8283	20.9	7.7	9.68	96.14	55	187.33	164.89	192.61	3.41	0	0	0	0	0	0	0	734.25	3.41
23.8383	18.59	7.7	9.68	85.03	50.82	180.73	160.82	192.61	8.69	0	0	0	0	0	0	0	705.98	8.69
23.8483	18.59	7.7	7.26	71.83	44.44	174.13	158.84	192.61	17.49	0	0	0	0	0	0	0	675.4	17.49
23.8583	18.59	5.83	7.26	58.63	40.15	167.53	156.75	192.61	59.84	16.39	4.73	0	0	0	0	0	647.35	80.96
23.8683	16.17	5.83	7.26	49.94	35.97	156.86	154.77	192.61	153.34	63.36	14.3	11.22	0	4.73	0	0	619.41	246.95
23.8783	13.86	5.83	4.84	41.36	29.59	146.19	154.77	190.3	191.51	123.09	26.29	25.41	0	9.46	0	4.18	586.74	379.94
23.8883	13.86	3.85	7.26	32.67	25.41	135.63	152.79	187.99	214.72	197.23	43.12	59.4	5.5	23.65	5.06	10.56	559.46	559.24
23.8983	11.55	3.85	4.84	25.85	21.12	122.98	150.7	185.68	238.81	233.53	66	87.56	11	30.8	5.06	12.65	526.57	685.41
23.9083	11.55	3.85	4.84	18.92	16.94	110.11	142.67	181.06	253.55	240.79	85.03	100.21	13.75	40.37	10.23	14.74	489.94	758.67
23.9183	9.24	0	4.84	13.75	14.74	94.49	136.62	178.75	241.23	226.27	87.78	109.56	13.75	54.56	15.4	14.74	452.43	763.29
23.9283	9.24	0	0	10.34	10.56	78.76	128.59	171.82	214.72	209.33	87.78	115.94	16.5	67.54	23.1	16.94	409.31	751.85
23.9383	6.93	0	0	6.82	8.47	63.03	118.47	165.33	191.51	192.39	87.78	122.21	22	81.07	35.97	19.03	369.05	751.96
23.9483	6.93	0	0	5.17	8.47	52.69	109.01	159.06	173.03	180.29	87.78	131.67	24.75	91.96	48.73	23.21	341.33	761.42
23.9583	4.62	0	0	3.41	6.27	46.86	98.12	150.7	163.9	173.03	93.28	137.94	30.25	108.24	62.48	27.5	309.98	796.62
23.9683	4.62	0	0	0	6.27	39.05	85.47	140.25	159.72	165.66	96.03	147.51	33	119.13	74.36	31.79	275.66	827.2
23.9783	4.62	0	0	0	4.18	35.09	72.82	133.98	153.34	160.6	98.67	153.78	38.5	132.77	89.32	35.97	250.69	862.95
23.9883	0	0	0	0	4.18	31.24	63.69	123.53	146.96	155.65	101.42	160.05	41.25	143.66	104.17	40.26	222.64	893.42
23.9983	0	0	0	0	0	27.28	55	115.17	136.4	148.06	98.67	166.43	44	154.55	118.91	42.35	197.45	909.37
24.0083	0	0	0	0	0	23.43	51.92	106.92	125.84	140.58	96.03	172.81	46.75	165.44	130.46	44.44	182.27	922.35
24.0183	0	0	0	0	0	21.45	47.3	98.89	115.28	133.1	90.53	176	49.5	173.47	142.12	48.73	167.64	928.73
24.0283	0	0	0	0	0	17.49	42.68	86.79	105.71	123.09	87.78	182.38	52.25	184.25	153.67	52.91	146.96	942.04
24.0383	0	0	0	0	0	15.62	39.71	78.65	96.14	115.5	82.39	185.57	55.11	192.39	162.36	52.91	133.98	942.37
24.0483	0	0	0	0	0	11.66	35.09	68.64	84.7	105.93	74.14	188.76	55.11	197.67	174.24	57.53	115.39	938.08
24.0583	0	0	0	0	0	7.81	30.47	54.67	77	98.78	68.75	191.95	58.08	205.81	183.15	57.53	92.95	941.05
24.0683	0	0	0	0	0	5.83	24.42	49.39	67.43	89.32	63.25	195.14	61.05	208.45	192.06	59.95	79.64	936.65
24.0783	4.62	0	0	0	0	3.85	19.8	44.11	59.84	82.28	55.11	195.14	61.05	213.84	204.05	62.37	72.38	933.68
24.0883	4.62	0	0	0	0	0	18.26	38.83	52.69	72.82	50.27	195.14	61.05	216.59	209.99	62.37	61.71	920.92
24.0983	4.62	0	0	0	0	0	15.18	35.31	47.41	65.67	45.43	195.14	61.05	219.23	218.9	62.37	55.11	915.2
24.1083	4.62	0	0	0	0	0	13.75	33.55	42.13	58.63	40.7	188.76	61.05	221.98	224.73	64.9	51.92	902.88
24.1183	4.62	0	0	0	0	0	13.75	31.79	36.85	51.59	35.86	185.57	64.02	221.98	233.2	64.9	50.16	893.97
24.1283	4.62	0	0	0	0	0	15.18	31.79	31.57	46.86	33.44	179.19	64.02	221.98	241.67	64.9	51.59	883.63
24.1383	4.62	0	0	0	0	0	16.72	33.55	28.05	42.13	28.71	172.81	64.02	221.98	247.39	64.9	54.89	869.99
24.1483	4.62	0	0	0	0	0	19.8	35.31	24.53	35.09	23.87	166.43	64.02	221.98	250.14	64.9	59.73	850.96
24.1583	4.62	0	0	0	0	0	21.34	37.07	21.01	32.78	21.56	160.05	64.02	221.98	255.86	62.37	63.03	839.63
24.1683	4.62	0	0	0	0	0	24.42	38.83	19.25	28.05	19.14	153.78	61.05	221.98	258.72	62.37	67.87	824.34
24.1783	4.62	0	0	0	0	0	25.96	38.83	17.49	23.43	16.72	144.32	61.05	219.23	261.47	62.37	69.41	806.08
24.1883	4.62	0	0	0	0	0	27.5	38.83	17.49	21.01	14.3	134.86	58.08	219.23	264.33	62.37	70.95	791.67
24.1983	4.62	0	0	0	0	0	28.93	38.83	15.73	18.7	14.3	128.48	55.11	219.23	264.33	59.95	72.38	775.83
24.2083	4.62	0	0	0	0	0	30.47	38.83	13.97	16.39	11.88	122.21	55.11	219.23	264.33	59.95	73.92	763.07
24.2183	4.62	0	0	0	4.18	0	32.01	38.83	13.97	13.97	11.88	119.02	52.25	219.23	267.19	59.95	79.64	757.46
24.2283	4.62	0	0	0	4.18	3.85	32.01	38.83	13.97	11.66	9.57	115.94	52.25	221.98	264.33	57.53	83.49	747.23
24.2383	4.62	0	0	0	4.18	3.85	32.01	38.83	12.21	9.35	9.57	115.94	49.5	224.73	264.33	57.53	83.49	743.16
24.2483	4.62	0	0	0	4.18	5.83	33.55	37.07	12.21	9.35	9.57	112.75	49.5	224.73	264.33	57.53	85.25	739.97
24.2583	4.62	0	0	0	6.27	5.83	35.09	35.31	12.21	9.35	9.57	112.75	46.75	227.48	264.33	57.53	87.12	739.97
24.2683	4.62	0	0	0	6.27	7.81	35.09	35.31	10.45	6.93	7.15	109.56	46.75	230.34	261.47	57.53	89.1	730.18
24.2783	4.62	0	0	0	8.47	9.68	36.63	35.31	10.45	6.93	7.15	112.75	46.75	233.09	258.72	57.53	94.71	733.37
24.2883	4.62	0	0	0	8.47	9.68	36.63	35.31	10.45	6.93	7.15	112.75	44	235.95	258.72	57.53	94.71	733.48
24.2983	4.62	0	0	3.41	8.47	13.64	36.63	35.31	10.45	6.93	7.15	112.75	44	238.7	255.86	57.53	102.08	733.37
24.3083	0	0	0	3.41	10.56	13.64	38.17	33.55	10.45	6.93	7.15	115.94	44	241.45	253	57.53	99.33	736.45
24.3183	4.62	0	0	5.17	12.65	15.62	38.17	33.55	10.45	6.93	7.15	115.94	44	244.31	250.14	57.53	109.78	736.45
24.3283	4.62	0	0	5.17	14.74	17.49	39.71	31.79	10.45	6.93	4.73	119.02	41.25	247.06	247.39	59.95	113.52	736.78
24.3383	4.62	3.85	0	5.17	14.74	17.49	39.71	31.79	10.45	6.93	4.73	119.02	41.25	249.92	247.39	57.53	117.37	737.22
24.3483	4.62	3.85	0	6.82	16.94	17.49	39.71	31.79	8.69	6.93	4.73	115.94	41.25	249.92	244.53	59.95	121.22	731.94
24.3583	4.62	3.85	0	6.82	16.94	19.47	38.17	30.03	8.69	6.93	4.73	115.94	41.25	252.67	244.53	59.95	119.9	734.69
24.3683	4.62	3.85	0	6.82	16.94	19.47	38.17	30.03	8.69	4.62	4.73	112.75	38.5	252.67	241.67	59.95	119.9	723.58
24.3783	4.62	3.85	0	6.82	19.03	19.47	38.17	28.27	8.69	4.62	4.73	112.75	38.5	255.42	241.67	59.95	120.23	726.33
24.3883	4.62	3.85	0	6.82	19.03	17.49	38.17	26.4	8.69	4.62	4.73	109.56	38.5	255.42	244.53	59.95	116.38	726
24.3983	4.62	3.85	0	6.82	19.03	17.49	36.63	26.4	8.69	4.62	4.73	106.48	38.5	255.42	244.53	62.37	114.84	725.34
24.4083	6.93	3.85	0	6.82	19.03	17.49	36.63	26.4	8.69	4.62	4.73	106.48	35.75	255.42	244.53	62.37	117.15	722.59
24.4183	6.93	3.85	0	6.82	19.03	17.49	36.63	24.64	8.69	4.62	4.73	103.29	35.75	255.42	244.53	62.37	115.39	719.4
24.4283	6.93	3.85	0	6.82	19.03	17.49	35.09	22.88	8.69	0	0	103.29	35.75	255.42	241.67	62.37	112.09	707.19
24.4383	6.93	3.85	4.84	6.82	19.03	17.49	35.09	22.88	8.69	0	0	100.21	33	258.28	241.67	64.9	116.93	706.75
24.4483	6.93	5.83	0	8.58	19.03	19.47	36.63	24.64	6.93	0	0	100.21	33	258.28	241.67	62.37	121.11	702.46
24.4583	4.62	3.85	0	8.58	21.12	19.47	36.63	24.64	8.69	0	0	97.02	33	258.28	241.67	64.9	118.91	703.56
24.4683	6.93	5.83	4.84	8.58	21.12	19.47	38.17	24.64	6.93	0	0	97.02	33	261.03	241.67	64.9	129.58	704.55
24.4783	6.93	3.85	4.84	8.58	21.12	19.47	41.25	24.64	6.93	0	0	97.02	33	261.03	238.92	64.9	130.68	701.8
24.4883	6.93	3.85	4.84	8.58	23.21	21.45	41.25	26.4	6.93	0	0	97.02	33	261.03	238.92	64.9	136.51	701.8
24.4983	6.93	3.85	4.84	8.58	21.12	19.47	42.68	26.4	6.93	0	0	93.94	30.25	261.03	241.67	64.9	133.87	698.72
24.5083	6.93	3.85	4.84	8.58	23.21	19.47	42.68	26.4	6.93	0	0	93.94	30.25	263.89	238.92	64.9	135.96	698.83
24.5183	6.93	3.85	4.84	8.58	23.21	19.47	42.68	26.4	6.93	0	0	93.94	30.25	263.89	241.67	64.9	135.96	701.58
24.5283	6.93	3.85	4.84	8.58	23.21	21.45	42.68	24.64	6.93	0	0	90.75	30.25	263.89	241.67	64.9	136.18	698.39
24.5383	6.93	3.85	4.84	8.58	23.21	21.45	44.22	24.64	6.93	0	0	90.75	30.25	263.89	241.67	64.9	137.72	698.39
24.5483	6.93	3.85	4.84	8.58	23.21	19.47	42.68	24.64	6.93	0	0	90.75	30.25	263.89	241.67	64.9	134.2	698.39
24.5583	6.93	3.85	4.84	8.58	23.21	21.45	42.68	24.64	6.93	0	0	87.56	27.5	263.89	241.67	64.9	136.18	692.45
24.5683	6.93	3.85	4.84	10.34	23.21	21.45	42.68	22.88	6.93	0	0	87.56	27.5	263.89	238.92	64.9	136.18	689.7
24.5783	6.93	5.83	7.26	11.99	23.21	23.43	42.68	22.88	6.93	0	0	87.56	27.5	263.89	238.92	64.9	144.21	689.7
24.5883	6.93	3.85	7.26	11.99	23.21	23.43	42.68	22.88	6.93	0	0	84.48	27.5	266.64	238.92	64.9	142.23	689.37
24.5983	9.24	5.83	7.26	11.99	23.21	23.43	41.25	22.88	6.93	0	0	84.48	24.75	266.64	236.06	64.9	145.09	683.76
24.6083	9.24	5.83	7.26	13.75	23.21	23.43	41.25	21.12	6.93	0	0	84.48	24.75	266.64	236.06	64.9	145.09	683.76
24.6183	11.55	5.83	9.68	13.75	23.21	25.3	41.25	21.12	6.93	0	0	84.48	24.75	266.64	236.06	64.9	151.69	683.76
24.6283	11.55	5.83	9.68	13.75	23.21	25.3	41.25	21.12	6.93	0	0	84.48	24.75	266.64	236.06	64.9	151.69	683.76
24.6383	11.55	5.83	9.68	15.51	23.21	25.3	41.25	21.12	6.93	0	0	81.29	24.75	266.64	236.06	64.9	153.45	680.57
24.6483	13.86	5.83	9.68	15.51	23.21	25.3	41.25	21.12	6.93	0	0	81.29	24.75	266.64	236.06	64.9	155.76	680.57
24.6583	13.86	5.83	9.68	15.51	23.21	25.3	39.71	19.36	5.17	0	0	84.48	24.75	266.64	236.06	67.32	152.46	684.42
24.6683	16.17	7.7	9.68	17.16	23.21	25.3	39.71	21.12	5.17	0	0	84.48	24.75	266.64	236.06	67.32	160.05	684.42
24.6783	16.17	7.7	9.68	17.16	23.21	25.3	39.71	19.36	6.93	0	0	84.48	24.75	266.64	236.06	64.9	158.29	683.76
24.6883	18.59	7.7	9.68	17.16	23.21	25.3	38.17	19.36	6.93	0	0	84.48	24.75	266.64	236.06	67.32	159.17	686.18
24.6983	20.9	7.7	12.1	17.16	23.21	25.3	38.17	19.36	6.93	0	0	84.48	24.75	266.64	236.06	67.32	163.9	686.18
24.7083	23.21	9.68	14.52	18.92	23.21	25.3	36.63	17.6	5.17	0	0	84.48	24.75	266.64	236.06	67.32	169.07	684.42
24.7183	27.83	9.68	14.52	18.92	23.21	25.3	35.09	17.6	6.93	0	0	87.56	27.5	266.64	236.06	67.32	172.15	692.01
24.7283	32.45	11.66	16.94	18.92	23.21	23.43	33.55	15.84	6.93	0	0	87.56	27.5	266.64	236.06	67.32	176	692.01
24.7383	37.18	11.66	19.36	18.92	23.21	23.43	30.47	15.84	5.17	0	0	87.56	27.5	266.64	236.06	64.9	180.07	687.83
24.7483	44.11	13.64	21.78	18.92	21.12	21.45	27.5	14.08	5.17	0	0	87.56	27.5	266.64	236.06	64.9	182.6	687.83
24.7583	51.04	15.51	24.2	20.68	21.12	19.47	24.42	12.32	6.93	0	0	87.56	27.5	266.64	236.06	64.9	188.76	689.59
24.7683	60.17	17.49	26.62	20.68	19.03	19.47	21.34	10.56	6.93	0	0	90.75	27.5	266.64	236.06	64.9	195.36	692.78
24.7783	66.77	19.47	26.62	20.68	19.03	17.49	18.26	8.8	6.93	0	0	90.75	27.5	263.89	233.2	64.9	197.12	687.17
24.7883	73.37	21.34	31.46	18.92	16.94	15.62	16.72	7.04	6.93	0	0	90.75	27.5	263.89	233.2	64.9	201.41	687.17
24.7983	79.97	21.34	31.46	18.92	16.94	11.66	13.75	7.04	6.93	0	0	90.75	27.5	261.03	233.2	64.9	201.08	684.31
24.8083	84.48	21.34	33.88	17.16	14.74	9.68	12.21	5.28	6.93	0	0	90.75	27.5	261.03	230.45	64.9	198.77	681.56
24.8183	88.88	21.34	36.3	15.51	14.74	7.81	10.67	3.52	6.93	0	0	93.94	30.25	261.03	233.2	62.37	198.77	687.72
24.8283	93.28	23.32	36.3	13.75	14.74	5.83	10.67	3.52	6.93	0	0	93.94	30.25	258.28	233.2	62.37	201.41	684.97
24.8383	97.68	23.32	38.72	11.99	14.74	3.85	9.13	0	6.93	0	0	97.02	30.25	258.28	233.2	62.37	199.43	688.05
24.8483	99.88	23.32	38.72	10.34	12.65	0	7.59	0	6.93	0	0	93.94	30.25	258.28	233.2	62.37	192.5	684.97
24.8583	102.08	23.32	38.72	10.34	12.65	0	7.59	0	6.93	0	0	97.02	33	258.28	233.2	62.37	194.7	690.8
24.8683	104.28	21.34	38.72	8.58	10.56	0	6.05	0	6.93	0	0	97.02	33	258.28	233.2	62.37	189.53	690.8
24.8783	106.48	21.34	38.72	6.82	10.56	0	6.05	0	6.93	0	0	97.02	33	255.42	236.06	62.37	189.97	690.8
24.8883	106.48	19.47	38.72	6.82	10.56	0	6.05	0	6.93	0	0	97.02	33	255.42	236.06	62.37	188.1	690.8
24.8983	110.99	17.49	36.3	6.82	8.47	0	4.51	0	6.93	0	0	93.94	35.75	252.67	236.06	59.95	184.58	685.3
24.9083	110.99	15.51	36.3	5.17	8.47	0	4.51	0	6.93	0	0	93.94	35.75	252.67	236.06	59.95	180.95	685.3
24.9183	113.41	15.51	36.3	3.41	8.47	0	4.51	0	6.93	0	0	93.94	35.75	249.92	238.92	59.95	181.61	685.41
24.9283	115.83	13.64	36.3	3.41	6.27	0	2.97	0	6.93	0	0	93.94	35.75	249.92	238.92	59.95	178.42	685.41
24.9383	115.83	11.66	33.88	0	6.27	0	2.97	0	6.93	0	0	93.94	35.75	249.92	238.92	59.95	170.61	685.41
24.9483	115.83	11.66	33.88	0	6.27	0	2.97	0	6.93	0	0	93.94	35.75	247.06	241.67	59.95	170.61	685.3
24.9583	118.36	9.68	33.88	0	4.18	0	2.97	0	6.93	0	0	90.75	35.75	247.06	238.92	59.95	169.07	679.36
24.9683	118.36	9.68	31.46	0	4.18	0	2.97	0	6.93	0	0	90.75	38.5	244.31	241.67	59.95	166.65	682.11
24.9783	118.36	9.68	31.46	0	4.18	0	2.97	0	6.93	0	0	90.75	35.75	244.31	241.67	57.53	166.65	676.94
24.9883	118.36	9.68	29.04	0	4.18	0	2.97	0	6.93	0	0	87.56	38.5	241.45	244.53	59.95	164.23	678.92
24.9983	118.36	7.7	29.04	0	4.18	0	2.97	0	6.93	0	0	87.56	38.5	241.45	244.53	57.53	162.25	676.5
25.0082	118.36	7.7	29.04	0	4.18	0	2.97	0	6.93	0	0	87.56	38.5	238.7	244.53	57.53	162.25	673.75
25.0182	115.83	7.7	26.62	0	4.18	0	2.97	0	6.93	0	0	84.48	38.5	238.7	244.53	57.53	157.3	670.67
25.0282	115.83	7.7	26.62	0	4.18	0	4.51	0	6.93	0	0	84.48	38.5	238.7	247.39	57.53	158.84	673.53
25.0382	118.36	9.68	26.62	0	4.18	0	4.51	0	6.93	0	0	84.48	38.5	238.7	247.39	57.53	163.35	673.53
25.0482	120.78	9.68	29.04	0	4.18	0	2.97	0	6.93	0	0	84.48	38.5	235.95	247.39	57.53	166.65	670.78
25.0582	123.2	9.68	29.04	0	4.18	0	4.51	0	6.93	0	0	81.29	38.5	238.7	250.14	57.53	170.61	673.09
25.0682	125.73	11.66	31.46	0	4.18	0	4.51	0	6.93	0	0	81.29	38.5	235.95	250.14	59.95	177.54	672.76
25.0782	128.15	11.66	33.88	0	4.18	0	4.51	0	6.93	0	0	81.29	38.5	235.95	253	59.95	182.38	675.62
25.0882	130.57	13.64	33.88	0	6.27	0	4.51	0	6.93	0	0	78.21	38.5	235.95	253	62.37	188.87	674.96
25.0982	133.1	15.51	36.3	0	6.27	0	4.51	0	6.93	0	0	75.02	38.5	235.95	253	62.37	195.69	671.77
25.1082	135.52	15.51	36.3	0	6.27	0	4.51	0	6.93	0	0	71.94	38.5	235.95	253	64.9	198.11	671.22
25.1182	135.52	17.49	38.72	3.41	6.27	0	4.51	0	6.93	0	0	68.75	35.75	233.09	253	64.9	205.92	662.42
25.1282	135.52	19.47	38.72	3.41	8.47	0	6.05	0	6.93	0	0	68.75	35.75	233.09	253	67.32	211.64	664.84
25.1382	135.52	21.34	41.14	3.41	8.47	0	6.05	0	6.93	0	0	62.48	35.75	230.34	253	67.32	215.93	655.82
25.1482	137.94	23.32	43.56	5.17	10.56	0	6.05	0	6.93	0	0	59.4	33	230.34	253	69.74	226.6	652.41
25.1582	142.89	25.3	45.98	5.17	10.56	0	7.59	3.52	6.93	0	0	56.54	33	227.48	253	69.74	241.01	646.69
25.1682	145.31	27.28	48.4	6.82	10.56	0	7.59	3.52	6.93	0	0	53.68	30.25	224.73	253	72.16	249.48	640.75
25.1782	147.84	29.15	50.82	8.58	12.65	0	9.13	3.52	6.93	0	0	50.82	30.25	224.73	253	72.16	261.69	637.89
25.1882	150.26	31.13	53.24	8.58	12.65	0	9.13	5.28	6.93	0	0	45.21	27.5	221.98	253	72.16	270.27	626.78
25.1982	152.68	33.11	55.77	10.34	14.74	3.85	12.21	5.28	6.93	0	0	42.35	27.5	219.23	250.14	74.69	287.98	620.84
25.2082	155.21	35.09	58.08	11.99	16.94	3.85	13.75	7.04	6.93	0	0	39.6	24.75	216.59	250.14	74.69	301.95	612.7
25.2182	157.63	36.96	62.81	11.99	19.03	5.83	15.18	8.8	6.93	0	0	36.74	22	213.84	247.39	74.69	318.23	601.59
25.2282	160.05	38.94	65.12	11.99	19.03	7.81	18.26	8.8	6.93	0	0	33.88	22	208.45	250.14	77.11	330	598.51
25.2382	162.58	38.94	67.54	11.99	21.12	9.68	19.8	10.56	5.17	0	0	28.27	19.25	205.81	247.39	79.53	342.21	585.42
25.2482	167.53	40.92	69.85	11.99	23.21	11.66	24.42	12.32	6.93	0	0	25.41	16.5	203.06	244.53	79.53	361.9	575.96
25.2582	169.95	42.79	74.58	13.75	25.41	13.64	27.5	14.08	6.93	0	0	22.55	16.5	197.67	238.92	81.95	381.7	564.52
25.2682	174.79	44.77	79.31	13.75	27.5	15.62	30.47	15.84	5.17	0	0	19.8	13.75	192.39	236.06	86.9	402.05	554.07
25.2782	179.63	44.77	84.04	13.75	29.59	15.62	35.09	15.84	5.17	0	0	16.94	11	187	230.45	86.9	418.33	537.46
25.2882	184.47	46.75	88.77	13.75	29.59	17.49	36.63	17.6	5.17	0	0	14.08	11	178.86	224.73	91.74	435.05	525.58
25.2982	189.31	48.73	91.08	13.75	31.68	19.47	39.71	19.36	5.17	0	0	11.22	8.25	170.83	218.9	91.74	453.09	506.11
25.3082	194.15	48.73	95.81	13.75	33.88	19.47	41.25	19.36	5.17	0	0	8.47	8.25	162.69	212.96	94.27	466.4	491.81
25.3182	199.1	50.6	98.23	13.75	33.88	19.47	42.68	21.12	5.17	0	0	8.47	5.5	151.8	207.02	94.27	478.83	472.23
25.3282	203.94	50.6	100.54	13.75	33.88	19.47	44.22	21.12	5.17	0	0	5.61	5.5	140.91	201.08	96.69	487.52	454.96
25.3382	208.78	50.6	105.27	13.75	33.88	19.47	44.22	22.88	5.17	0	0	0	5.5	130.02	192.06	99.11	498.85	431.86
25.3482	213.62	50.6	107.69	13.75	35.97	19.47	45.76	22.88	3.41	0	0	0	5.5	116.38	186.12	101.53	509.74	412.94
25.3582	220.88	52.58	110	13.75	35.97	19.47	45.76	22.88	3.41	0	0	0	0	105.49	174.24	104.06	521.29	387.2
25.3682	225.94	52.58	114.84	13.75	35.97	19.47	47.3	24.64	3.41	0	0	0	0	91.96	165.33	104.06	534.49	364.76
25.3782	233.75	54.56	117.37	15.51	38.06	19.47	48.84	24.64	3.41	0	0	0	0	81.07	156.53	104.06	552.2	345.07
25.3882	238.92	56.54	122.32	15.51	38.06	21.45	51.92	26.4	0	0	0	0	0	70.18	144.98	104.06	571.12	319.22
25.3982	246.73	58.74	127.27	15.51	40.15	21.45	53.46	28.27	0	0	0	0	0	56.98	136.29	99.11	591.58	292.38
25.4082	251.9	58.74	129.69	17.16	42.35	23.43	56.54	28.27	0	0	0	0	0	47.52	121.77	96.69	608.08	265.98
25.4182	259.6	60.94	137.17	17.16	42.35	23.43	58.3	30.03	0	0	0	0	0	37.95	110.22	89.32	628.98	237.49
25.4282	264.88	63.14	142.12	17.16	44.44	25.3	61.93	30.03	0	0	0	0	0	30.8	98.23	84.48	649	213.51
25.4382	272.58	67.54	147.07	18.92	44.44	27.28	65.56	31.79	0	0	0	0	0	26.07	89.32	74.69	675.18	190.08
25.4482	280.39	69.74	152.02	18.92	46.53	29.26	69.19	33.55	0	0	0	0	0	18.92	80.3	62.37	699.6	161.59
25.4582	285.45	74.14	156.97	20.68	48.62	29.26	70.95	35.31	0	0	0	0	0	14.19	71.39	52.91	721.38	138.49
25.4682	295.68	76.34	164.34	20.68	48.62	31.24	74.58	35.31	0	0	0	0	0	11.88	62.48	44.44	746.79	118.8
25.4782	303.38	80.74	169.29	22.33	50.82	33.22	76.45	37.07	0	0	0	0	0	9.46	56.54	38.06	773.3	104.06
25.4882	311.08	85.14	174.24	24.09	50.82	33.22	80.08	38.83	0	0	0	0	0	7.04	51.37	29.59	797.5	88
25.4982	316.14	87.34	179.3	24.09	52.91	35.09	81.84	42.35	0	0	0	0	0	7.04	43.67	23.21	819.06	73.92
25.5082	321.31	89.54	184.25	25.85	52.91	37.07	85.47	44.11	0	0	0	0	0	7.04	33.33	21.12	840.51	61.49
25.5182	328.9	93.94	186.78	25.85	55	39.05	87.23	45.87	0	0	0	0	0	7.04	25.63	14.74	862.62	47.41
25.5282	331.54	96.14	189.31	27.5	57.2	41.03	89.1	49.39	0	0	0	0	0	4.73	15.4	6.27	881.21	26.4
25.5382	331.54	98.34	191.84	29.26	57.2	42.9	90.86	51.15	0	0	0	0	0	0	7.7	0	893.09	7.7
25.5482	331.54	100.54	191.84	29.26	59.4	44.88	94.49	56.54	0	0	0	0	0	0	5.06	0	908.49	5.06
25.5582	328.9	100.54	194.37	31.02	59.4	46.86	96.36	58.52	0	0	0	0	0	0	0	0	915.97	0
25.5682	326.37	100.54	194.37	32.67	61.71	48.84	98.12	62.59	0	0	0	0	0	0	0	0	925.21	0
25.5782	323.84	102.74	191.84	32.67	61.71	48.84	99.99	66.55	0	0	0	0	0	0	0	0	928.18	0
25.5882	321.31	100.54	191.84	34.43	64.02	50.71	101.75	68.64	0	0	0	0	0	0	0	0	933.24	0
25.5982	318.67	100.54	189.31	34.43	64.02	52.69	103.62	70.62	0	0	0	0	0	0	0	0	933.9	0
25.6082	316.14	100.54	189.31	36.19	64.02	52.69	103.62	70.62	0	0	0	0	0	0	0	0	933.13	0
25.6182	313.61	100.54	186.78	36.19	64.02	54.67	105.38	74.69	0	0	0	0	0	0	0	0	935.88	0
25.6282	308.44	100.54	181.83	37.84	64.02	56.65	105.38	74.69	0	0	0	0	0	0	0	0	929.39	0
25.6382	305.91	100.54	179.3	39.6	66.33	56.65	105.38	74.69	0	0	0	0	0	0	0	0	928.4	0
25.6482	300.85	100.54	176.77	39.6	66.33	58.63	105.38	76.67	0	0	0	0	0	0	0	0	924.77	0
25.6582	298.21	100.54	174.24	39.6	66.33	58.63	105.38	76.67	0	0	0	0	0	0	0	0	919.6	0
25.6682	295.68	100.54	169.29	41.36	66.33	58.63	105.38	76.67	0	0	0	0	0	0	0	0	913.88	0
25.6782	293.15	98.34	166.87	41.36	66.33	58.63	103.62	76.67	0	0	0	0	0	0	0	0	904.97	0
25.6882	290.62	98.34	164.34	41.36	66.33	58.63	103.62	74.69	0	0	0	0	0	0	0	0	897.93	0
25.6982	287.98	98.34	161.92	43.01	66.33	60.83	103.62	74.69	0	0	0	0	0	0	0	0	896.72	0
25.7082	287.98	98.34	159.39	43.01	66.33	60.83	103.62	74.69	0	0	0	0	0	0	0	0	894.19	0
25.7182	287.98	98.34	159.39	43.01	66.33	60.83	103.62	74.69	0	0	0	0	0	0	0	0	894.19	0
25.7282	285.45	98.34	159.39	44.77	66.33	63.03	103.62	74.69	0	0	0	0	0	0	0	0	895.62	0
25.7382	285.45	98.34	156.97	46.53	66.33	63.03	103.62	74.69	0	0	0	0	0	0	0	0	894.96	0
25.7482	282.92	98.34	156.97	46.53	68.64	65.34	103.62	74.69	0	0	0	0	0	0	0	0	897.05	0
25.7582	282.92	100.54	156.97	48.18	68.64	67.54	105.38	76.67	0	0	0	0	0	0	0	0	906.84	0
25.7682	280.39	98.34	156.97	49.94	68.64	69.74	105.38	76.67	0	0	0	0	0	0	0	0	906.07	0
25.7782	277.86	100.54	156.97	51.7	70.95	72.05	105.38	76.67	0	0	0	0	0	0	0	0	912.12	0
25.7882	275.22	100.54	156.97	53.35	70.95	74.25	107.25	78.65	0	0	0	0	0	0	0	0	917.18	0
25.7982	272.58	100.54	156.97	55.11	70.95	76.56	107.25	78.65	0	0	0	0	0	0	0	0	918.61	0
25.8082	270.05	100.54	156.97	58.63	70.95	80.96	109.01	82.72	0	0	0	0	0	0	0	0	929.83	0
25.8182	264.88	102.74	156.97	60.83	73.26	83.27	109.01	82.72	0	0	0	0	0	0	0	0	933.68	0
25.8282	257.07	102.74	154.44	65.23	73.26	87.67	109.01	86.79	0	0	0	0	0	0	0	0	936.21	0
25.8382	249.26	100.54	152.02	69.63	73.26	92.18	110.88	88.77	0	0	0	0	0	0	0	0	936.54	0
25.8482	238.92	100.54	149.49	74.03	73.26	96.69	110.88	90.86	0	0	0	0	0	0	0	0	934.67	0
25.8582	228.58	98.34	147.07	78.43	73.26	103.4	112.64	92.84	0	0	0	0	0	0	0	0	934.56	0
25.8682	218.46	96.14	142.12	82.83	73.26	107.91	114.51	94.82	0	0	0	0	0	0	0	0	930.05	0
25.8782	206.36	93.94	137.17	87.34	73.26	114.51	114.51	96.91	0	0	0	0	0	0	0	0	924	0
25.8882	194.15	89.54	132.22	91.74	73.26	120.78	116.49	100.87	0	0	0	0	0	0	0	0	919.05	0
25.8982	182.05	87.34	124.74	98.34	70.95	125.07	116.49	102.96	0	0	0	0	0	0	0	0	907.94	0
25.9082	169.95	82.94	117.37	102.74	70.95	129.25	116.49	104.94	0	0	0	5.61	0	0	0	0	894.63	5.61
25.9182	157.63	78.54	110	109.34	70.95	133.54	116.49	104.94	3.41	6.93	4.73	11.22	0	0	0	0	881.43	26.29
25.9282	142.89	74.14	102.96	113.85	68.64	139.92	116.49	106.92	6.93	9.35	7.15	19.8	0	7.04	0	0	865.81	50.27
25.9382	128.15	67.54	93.5	120.56	68.64	146.19	114.51	109.01	6.93	13.97	7.15	28.27	0	18.92	5.06	0	848.1	80.3
25.9482	110.99	60.94	81.73	129.47	66.33	150.48	114.51	110.99	17.49	25.74	9.57	36.74	8.25	35.64	17.93	6.27	825.44	157.63
25.9582	93.28	54.56	67.54	136.18	66.33	154.66	114.51	115.17	40.37	44.55	19.14	48.07	13.75	47.52	30.8	10.56	802.23	254.76
25.9682	73.37	44.77	53.24	140.69	64.02	161.04	112.64	117.26	75.13	72.82	35.86	56.54	16.5	54.56	38.5	19.03	767.03	368.94
25.9782	55.77	35.09	36.3	140.69	61.71	165.33	114.51	121.44	111.43	96.47	47.85	65.67	24.75	62.04	51.37	25.41	730.84	484.99
25.9882	39.49	23.32	24.2	136.18	57.2	167.53	114.51	125.62	127.93	108.24	55.11	71.94	27.5	72.93	59.51	29.59	688.05	552.75
25.9982	30.14	17.49	19.36	127.27	50.82	167.53	114.51	127.71	125.84	108.24	57.75	75.02	30.25	81.07	68.42	31.79	654.83	578.38
26.0082	23.21	11.66	14.52	109.34	44.44	163.13	114.51	127.71	117.37	103.51	60.5	78.21	33	89.21	77.33	35.97	608.52	595.1
26.0182	23.21	9.68	12.1	87.34	38.06	156.86	110.88	127.71	109.45	101.2	57.75	81.29	33	97.35	86.35	38.06	565.84	604.45
26.0282	18.59	7.7	12.1	65.23	29.59	150.48	105.38	127.71	105.71	101.2	60.5	87.56	35.75	105.49	92.29	42.35	516.78	630.85
26.0382	16.17	7.7	9.68	48.18	23.21	142.01	99.99	125.62	105.71	101.2	60.5	93.94	35.75	110.99	101.2	44.44	472.56	653.73
26.0482	11.55	5.83	9.68	32.67	16.94	131.45	92.73	123.53	107.58	103.51	63.25	97.02	38.5	116.38	107.14	46.53	424.38	679.91
26.0582	9.24	3.85	7.26	22.33	12.65	114.51	83.71	119.35	109.45	108.24	66	100.21	41.25	121.88	115.94	48.73	372.9	711.7
26.0682	6.93	3.85	7.26	15.51	10.56	89.98	72.82	113.08	113.3	110.66	68.75	106.48	41.25	127.27	121.77	50.82	319.99	740.3
26.0782	4.62	0	4.84	10.34	6.27	67.54	58.3	104.94	119.46	115.5	71.39	109.56	44	132.77	130.46	52.91	256.85	776.05
26.0882	0	0	0	6.82	4.18	50.71	47.3	90.86	125.84	120.56	76.89	112.75	46.75	135.41	136.29	55.11	199.87	809.6
26.0982	0	0	0	5.17	4.18	37.07	39.71	68.64	132.22	128.04	79.64	115.94	46.75	138.16	142.12	57.53	154.77	840.4
26.1082	0	0	0	3.41	0	27.28	32.01	45.87	136.4	133.1	82.39	122.21	49.5	143.66	150.81	62.37	108.57	880.44
26.1182	0	0	0	0	0	21.45	25.96	24.64	138.49	135.52	85.03	125.4	52.25	151.8	156.53	62.37	72.05	907.39
26.1282	0	0	0	0	0	15.62	19.8	12.32	138.49	140.58	87.78	131.67	55.11	157.19	165.33	64.9	47.74	941.05
26.1382	0	0	0	0	0	9.68	13.75	5.28	138.49	143.11	87.78	141.13	55.11	165.44	171.27	67.32	28.71	969.65
26.1482	0	0	0	0	0	5.83	7.59	0	138.49	145.64	87.78	147.51	55.11	173.47	177.21	69.74	13.42	994.95
26.1582	0	0	0	0	0	3.85	6.05	0	136.4	145.64	87.78	153.78	58.08	178.86	183.15	72.16	9.9	1015.85
26.1682	4.62	0	0	0	0	0	2.97	0	134.31	145.64	87.78	160.05	58.08	187	189.09	74.69	7.59	1036.64
26.1782	4.62	0	0	0	0	0	2.97	0	127.93	143.11	85.03	166.43	61.05	192.39	192.06	77.11	7.59	1045.11
26.1882	4.62	0	0	0	0	0	0	0	121.55	140.58	79.64	172.81	61.05	200.42	192.06	79.53	4.62	1047.64
26.1982	0	0	0	0	0	0	0	0	115.28	135.52	76.89	179.19	61.05	203.06	195.14	79.53	0	1045.66
26.2082	0	0	0	0	0	0	0	0	107.58	130.57	71.39	182.38	58.08	208.45	198.11	81.95	0	1038.51
26.2182	4.62	0	0	0	0	0	0	0	101.86	125.51	66	188.76	58.08	213.84	198.11	79.53	4.62	1031.69
26.2282	4.62	0	0	0	0	0	0	0	94.16	118.03	60.5	191.95	58.08	216.59	198.11	81.95	4.62	1019.37
26.2382	0	0	0	0	0	0	0	0	86.57	113.08	55.11	195.14	58.08	221.98	198.11	81.95	0	1010.02
26.2482	0	0	0	0	0	0	0	0	77	105.93	50.27	198.44	55.11	221.98	195.14	81.95	0	985.82
26.2582	0	0	0	0	0	0	0	0	67.43	98.78	45.43	204.82	55.11	227.48	195.14	81.95	0	976.14
26.2682	0	0	0	0	0	0	0	0	59.84	89.32	40.7	208.01	52.25	230.34	192.06	81.95	0	954.47
26.2782	0	0	0	0	0	0	0	0	50.93	79.86	35.86	211.2	52.25	233.09	189.09	81.95	0	934.23
26.2882	0	0	0	0	0	0	0	0	43.89	72.82	31.13	217.58	52.25	235.95	189.09	81.95	0	924.66
26.2982	0	0	0	0	0	0	0	0	36.85	63.36	26.29	217.58	49.5	238.7	186.12	81.95	0	900.35
26.3082	0	0	0	0	0	0	0	0	31.57	56.21	23.87	220.77	52.25	238.7	186.12	81.95	0	891.44
26.3182	0	0	0	0	0	0	0	0	28.05	49.17	21.56	224.07	49.5	241.45	186.12	81.95	0	881.87
26.3282	0	0	0	0	0	0	0	0	24.53	44.55	19.14	224.07	49.5	244.31	189.09	81.95	0	877.14
26.3382	0	0	0	0	0	0	0	0	22.77	39.82	16.72	224.07	49.5	247.06	189.09	81.95	0	870.98
26.3482	0	0	0	0	0	0	0	0	21.01	35.09	16.72	224.07	49.5	249.92	192.06	81.95	0	870.32
26.3582	0	0	0	0	0	0	0	0	19.25	32.78	14.3	226.93	49.5	252.67	195.14	81.95	0	872.52
26.3682	0	0	0	0	0	0	0	0	19.25	30.47	14.3	224.07	49.5	252.67	198.11	81.95	0	870.32
26.3782	0	0	0	0	0	0	0	0	17.49	28.05	11.88	224.07	49.5	255.42	201.08	81.95	0	869.44
26.3882	0	0	0	0	0	0	0	0	15.73	25.74	11.88	224.07	49.5	258.28	204.05	81.95	0	871.2
26.3982	0	0	0	0	0	0	0	0	15.73	23.43	11.88	224.07	49.5	261.03	207.02	81.95	0	874.61
26.4082	0	0	0	0	0	0	0	0	15.73	21.01	9.57	224.07	49.5	263.89	212.96	84.48	0	881.21
26.4182	0	0	0	0	0	0	0	0	13.97	16.39	9.57	224.07	49.5	266.64	215.93	84.48	0	880.55
26.4282	0	0	0	0	0	0	0	0	12.21	13.97	9.57	220.77	52.25	272.25	218.9	84.48	0	884.4
26.4381	0	0	0	0	0	0	0	0	12.21	11.66	7.15	220.77	49.5	275	224.73	86.9	0	887.92
26.4481	0	0	0	0	0	0	0	0	10.45	6.93	7.15	214.39	49.5	277.86	227.59	89.32	0	883.19
26.4581	0	0	0	0	0	0	0	0	10.45	4.62	4.73	208.01	49.5	280.61	230.45	89.32	0	877.69
26.4681	0	0	0	0	0	0	0	0	10.45	4.62	4.73	198.44	46.75	283.47	230.45	89.32	0	868.23
26.4781	4.62	0	0	0	0	0	0	0	8.69	0	4.73	185.57	44	283.47	233.2	91.74	4.62	851.4
26.4881	9.24	0	0	0	0	0	0	0	8.69	0	4.73	172.81	38.5	286.33	233.2	91.74	9.24	836
26.4981	34.76	5.83	0	0	0	0	0	0	8.69	0	4.73	160.05	35.75	286.33	233.2	94.27	40.59	823.02
26.5081	115.83	27.28	14.52	5.17	4.18	0	0	0	8.69	0	0	144.32	30.25	286.33	230.45	94.27	166.98	794.31
26.5181	206.36	46.75	33.88	11.99	6.27	3.85	0	0	8.69	0	0	128.48	27.5	286.33	227.59	96.69	309.1	775.28
26.5281	231.11	60.94	53.24	18.92	8.47	7.81	0	0	6.93	0	0	109.56	24.75	280.61	227.59	99.11	380.49	748.55
26.5381	241.45	76.34	65.12	27.5	12.65	11.66	2.97	0	6.93	0	0	90.75	19.25	275	221.98	99.11	437.69	713.02
26.5481	244.09	82.94	72.27	31.02	12.65	15.62	4.51	3.52	6.93	0	0	68.75	13.75	263.89	215.93	101.53	466.62	670.78
26.5581	246.73	89.54	77	34.43	14.74	19.47	6.05	5.28	5.17	0	0	50.82	11	247.06	209.99	101.53	493.24	625.57
26.5681	246.73	93.94	84.04	41.36	16.94	23.43	9.13	7.04	3.41	0	0	33.88	8.25	224.73	204.05	101.53	522.61	575.85
26.5781	249.26	98.34	88.77	44.77	19.03	29.26	12.21	8.8	3.41	0	0	25.41	8.25	195.03	192.06	104.06	550.44	528.22
26.5881	254.43	104.94	95.81	48.18	21.12	37.07	15.18	10.56	0	0	0	14.08	5.5	159.94	174.24	101.53	587.29	455.29
26.5981	264.88	109.34	102.96	49.94	23.21	42.9	19.8	12.32	0	0	0	8.47	5.5	127.27	156.53	99.11	625.35	396.88
26.6081	275.22	113.85	110	53.35	25.41	46.86	24.42	14.08	0	0	0	0	5.5	100.1	133.32	96.69	663.19	335.61
26.6181	282.92	118.03	117.37	55.11	27.5	50.71	27.5	15.84	0	0	0	0	5.5	78.32	113.08	84.48	694.98	281.38
26.6281	293.15	122.21	124.74	56.87	31.68	52.69	30.47	17.6	0	0	0	0	5.5	59.4	95.26	72.16	729.41	232.32
26.6381	303.38	128.48	132.22	58.63	31.68	56.65	33.55	19.36	0	0	0	0	5.5	45.1	77.33	57.53	763.95	185.46
26.6481	313.61	132.66	137.17	63.03	33.88	60.83	35.09	19.36	0	0	0	0	5.5	35.64	68.42	44.44	795.63	154
26.6581	321.31	138.93	144.54	65.23	35.97	65.34	38.17	21.12	0	0	0	0	0	26.07	56.54	33.88	830.61	116.49
26.6681	328.9	143.11	149.49	69.63	38.06	67.54	39.71	22.88	0	0	0	0	0	21.34	51.37	25.41	859.32	98.12
26.6781	334.07	147.29	152.02	71.83	38.06	69.74	41.25	24.64	0	0	0	0	0	16.61	43.67	19.03	878.9	79.31
26.6881	339.35	151.47	156.97	76.23	40.15	74.25	44.22	26.4	0	0	0	0	0	11.88	30.8	12.65	909.04	55.33
26.6981	341.99	153.56	159.39	78.43	40.15	76.56	44.22	26.4	0	0	0	0	0	7.04	20.46	4.18	920.7	31.68
26.7081	347.27	155.65	159.39	80.63	40.15	76.56	45.76	28.27	0	0	0	0	0	4.73	12.76	0	933.68	17.49
26.7181	344.63	155.65	161.92	80.63	40.15	78.76	47.3	28.27	0	0	0	0	0	4.73	10.23	0	937.31	14.96
26.7281	344.63	155.65	161.92	82.83	42.35	78.76	48.84	30.03	0	0	0	0	0	4.73	10.23	0	945.01	14.96
26.7381	339.35	153.56	161.92	82.83	42.35	80.96	48.84	30.03	0	0	0	0	0	0	7.7	0	939.84	7.7
26.7481	331.54	151.47	159.39	85.03	44.44	83.27	51.92	30.03	0	0	0	0	0	0	5.06	0	937.09	5.06
26.7581	323.84	149.38	159.39	85.03	44.44	85.47	51.92	31.79	0	0	0	0	0	0	5.06	0	931.26	5.06
26.7681	318.67	147.29	156.97	87.34	44.44	85.47	55	31.79	0	0	0	0	0	0	0	0	926.97	0
26.7781	311.08	145.2	154.44	89.54	46.53	87.67	55	33.55	0	0	0	0	0	0	0	0	923.01	0
26.7881	303.38	141.02	152.02	89.54	46.53	89.98	56.54	33.55	0	0	0	0	0	0	0	0	912.56	0
26.7981	298.21	138.93	152.02	91.74	48.62	89.98	58.3	33.55	0	0	0	0	0	0	0	0	911.35	0
26.8081	293.15	136.84	149.49	91.74	48.62	89.98	60.06	35.31	0	0	0	0	0	0	0	0	905.19	0
26.8181	285.45	134.75	147.07	91.74	48.62	92.18	60.06	35.31	0	0	0	0	0	0	0	0	895.18	0
26.8281	280.39	132.66	147.07	93.94	48.62	94.49	61.93	37.07	0	0	0	0	0	0	0	0	896.17	0
26.8381	272.58	128.48	144.54	96.14	48.62	94.49	63.69	37.07	0	0	0	0	0	0	0	0	885.61	0
26.8481	264.88	128.48	142.12	98.34	50.82	96.69	65.56	38.83	0	0	0	0	0	0	0	0	885.72	0
26.8581	257.07	126.39	137.17	100.54	50.82	101.2	67.32	38.83	0	0	0	0	0	0	0	0	879.34	0
26.8681	249.26	124.3	134.64	107.14	52.91	105.6	69.19	40.59	0	0	0	0	0	0	0	0	883.63	0
26.8781	238.92	122.21	132.22	111.54	52.91	110.11	70.95	42.35	0	0	0	0	0	0	0	0	881.21	0
26.8881	228.58	120.12	127.27	116.05	55	114.51	74.58	42.35	0	0	0	0	0	0	0	0	878.46	0
26.8981	218.46	115.94	124.74	120.56	55	120.78	76.45	44.11	0	0	0	0	0	0	0	0	876.04	0
26.9081	206.36	113.85	122.32	127.27	57.2	125.07	80.08	45.87	0	0	0	0	0	0	0	0	878.02	0
26.9181	196.68	109.34	117.37	131.67	57.2	131.45	81.84	47.63	0	0	0	0	0	0	0	0	873.18	0
26.9281	184.47	104.94	112.42	138.38	57.2	137.72	87.23	51.15	0	0	0	0	0	0	0	0	873.51	0
26.9381	172.37	100.54	107.69	142.89	59.4	144.1	89.1	52.91	0	0	0	0	0	0	0	0	869	0
26.9481	160.05	96.14	100.54	149.6	59.4	152.57	92.73	56.54	0	0	0	0	0	0	0	0	867.57	0
26.9581	147.84	89.54	93.5	154.11	61.71	158.95	96.36	58.52	0	0	0	0	0	0	0	0	860.53	0
26.9681	133.1	85.14	86.35	158.51	61.71	165.33	99.99	62.59	0	0	0	0	0	0	0	0	852.72	0
26.9781	120.78	78.54	81.73	167.64	61.71	174.13	103.62	68.64	0	0	0	0	0	0	0	0	856.79	0
26.9881	108.68	74.14	72.27	174.68	64.02	182.93	107.25	74.69	0	0	0	0	0	0	0	0	858.66	0
26.9981	93.28	65.34	62.81	181.83	64.02	189.53	109.01	88.77	0	0	0	0	0	0	0	0	854.59	0
27.0081	79.97	58.74	55.77	191.29	64.02	198.44	112.64	96.91	0	0	0	0	0	0	0	0	857.78	0
27.0181	68.97	52.58	45.98	198.33	66.33	205.04	114.51	104.94	0	0	0	0	0	0	0	0	856.68	0
27.0281	57.97	44.77	36.3	205.37	64.02	211.64	118.47	113.08	0	0	0	0	0	0	0	0	851.62	0
27.0381	46.42	35.09	26.62	210.1	64.02	220.55	120.45	121.44	0	0	0	0	0	0	0	0	844.69	0
27.0481	39.49	31.13	24.2	212.52	61.71	227.15	124.52	127.71	0	0	0	0	0	0	0	0	848.43	0
27.0581	34.76	25.3	19.36	212.52	61.71	233.75	124.52	136.07	0	0	0	0	0	0	0	0	847.99	0
27.0681	30.14	19.47	16.94	207.79	57.2	240.35	128.59	142.34	0	0	0	0	0	0	0	0	842.82	0
27.0781	25.52	15.51	14.52	203.06	55	244.75	128.59	146.52	0	4.62	0	0	0	0	0	0	833.47	4.62
27.0881	25.52	15.51	12.1	193.6	50.82	246.95	128.59	152.79	5.17	6.93	0	0	0	0	0	0	825.88	12.1
27.0981	23.21	13.64	12.1	181.83	46.53	251.35	126.5	159.06	8.69	11.66	0	0	0	0	0	0	814.22	20.35
27.1081	20.9	13.64	12.1	167.64	42.35	253.55	124.52	163.24	12.21	16.39	0	0	0	0	0	0	797.94	28.6
27.1181	20.9	11.66	9.68	151.8	35.97	255.75	120.45	169.62	17.49	21.01	0	5.61	0	0	0	0	775.83	44.11
27.1281	18.59	11.66	9.68	133.98	31.68	260.15	116.49	174.13	38.61	35.09	4.73	11.22	0	0	5.06	0	756.36	94.71
27.1381	18.59	11.66	7.26	113.85	27.5	260.15	110.88	178.75	84.7	65.67	11.88	16.94	0	7.04	10.23	0	728.64	196.46
27.1481	16.17	9.68	7.26	96.14	23.21	260.15	107.25	183.37	113.3	94.05	19.14	39.6	5.5	21.34	12.76	4.18	703.23	309.87
27.1581	13.86	7.7	7.26	76.23	16.94	255.75	101.75	185.68	140.69	115.5	33.44	48.07	11	40.37	10.23	6.27	665.17	405.57
27.1681	11.55	5.83	4.84	56.87	14.74	246.95	94.49	185.68	179.96	140.58	50.27	56.54	13.75	52.25	20.46	10.56	620.95	524.37
27.1781	9.24	5.83	4.84	43.01	10.56	231.55	89.1	185.68	200.86	148.06	60.5	59.4	19.25	59.4	35.97	16.94	579.81	600.38
27.1881	6.93	3.85	4.84	32.67	8.47	205.04	81.84	185.68	203.17	148.06	63.25	59.4	19.25	62.04	38.5	19.03	529.32	612.7
27.1981	4.62	0	4.84	24.09	6.27	165.33	72.82	181.06	198.55	145.64	66	62.48	22	67.54	43.67	21.12	459.03	627
27.2081	0	0	0	20.68	6.27	120.78	63.69	169.62	191.51	145.64	66	62.48	22	70.18	48.73	23.21	381.04	629.75
27.2181	0	0	0	15.51	6.27	83.27	56.54	150.7	196.24	150.59	71.39	65.67	24.75	78.32	56.54	25.41	312.29	668.91
27.2281	0	0	0	11.99	6.27	58.63	50.38	117.26	207.79	155.65	79.64	68.75	27.5	83.82	68.42	29.59	244.53	721.16
27.2381	0	0	0	8.58	6.27	44.88	44.22	82.72	228.91	165.66	90.53	68.75	30.25	89.21	80.3	33.88	186.67	787.49
27.2481	0	0	0	3.41	0	35.09	38.17	62.59	251.13	173.03	101.42	68.75	33	94.6	89.32	35.97	139.26	847.22
27.2581	0	0	0	0	0	25.3	30.47	37.07	270.82	177.87	112.42	71.94	35.75	97.35	101.2	40.26	92.84	907.61
27.2681	0	0	0	0	0	17.49	24.42	21.12	280.72	182.71	117.92	71.94	38.5	102.74	110.22	44.44	63.03	949.19
27.2781	0	0	0	0	0	11.66	16.72	10.56	283.25	187.55	123.53	78.21	41.25	105.49	118.91	46.53	38.94	984.72
27.2881	0	0	0	0	0	7.81	9.13	0	283.25	189.97	126.28	81.29	41.25	110.99	127.6	48.73	16.94	1009.36
27.2981	0	0	0	3.41	0	5.83	4.51	0	278.19	189.97	126.28	81.29	44	116.38	133.32	50.82	13.75	1020.25
27.3081	0	0	0	0	0	3.85	2.97	0	275.77	189.97	129.14	87.56	46.75	121.88	139.15	52.91	6.82	1043.13
27.3181	0	0	0	0	0	0	0	0	268.4	189.97	129.14	90.75	46.75	127.27	144.98	55.11	0	1052.37
27.3281	0	0	0	0	0	0	0	0	260.92	187.55	126.28	93.94	49.5	130.02	150.81	55.11	0	1054.13
27.3381	0	0	0	0	0	0	0	0	251.13	185.13	126.28	97.02	49.5	135.41	156.53	57.53	0	1058.53
27.3481	0	0	0	0	0	0	0	0	238.81	182.71	120.78	100.21	52.25	138.16	159.5	59.95	0	1052.37
27.3581	0	0	0	0	0	0	0	0	224.07	175.45	117.92	106.48	52.25	143.66	162.36	59.95	0	1042.14
27.3681	0	0	0	0	0	0	0	0	210.1	170.61	112.42	109.56	52.25	146.3	165.33	59.95	0	1026.52
27.3781	0	0	0	0	0	0	0	0	193.82	163.13	106.92	112.75	52.25	149.05	168.3	62.37	0	1008.59
27.3881	0	0	0	0	0	0	0	0	182.27	158.07	101.42	115.94	52.25	151.8	171.27	62.37	0	995.39
27.3981	0	0	0	0	0	0	0	0	166.1	150.59	96.03	119.02	55.11	157.19	174.24	64.9	0	983.18
27.4081	0	0	0	0	0	0	0	0	155.43	143.11	87.78	125.4	55.11	159.94	177.21	64.9	0	968.88
27.4181	0	0	0	0	0	0	0	0	142.78	135.52	82.39	128.48	55.11	162.69	180.18	64.9	0	952.05
27.4281	0	0	0	0	0	0	0	0	132.22	128.04	79.64	131.67	55.11	168.19	186.12	67.32	0	948.31
27.4381	0	0	0	0	0	0	0	0	121.55	120.56	74.14	131.67	58.08	170.83	189.09	67.32	0	933.24
27.4481	0	0	0	0	0	0	0	0	111.43	115.5	68.75	137.94	58.08	173.47	192.06	69.74	0	926.97
27.4581	0	0	0	0	0	0	0	0	101.86	108.24	63.25	141.13	58.08	178.86	198.11	72.16	0	921.69
27.4681	0	0	0	0	0	0	0	0	94.16	101.2	57.75	144.32	58.08	181.61	201.08	72.16	0	910.36
27.4781	0	0	0	0	0	0	0	0	84.7	96.47	55.11	147.51	61.05	189.64	207.02	74.69	0	916.19
27.4881	0	0	0	0	0	0	0	0	77	89.32	50.27	153.78	61.05	192.39	209.99	77.11	0	910.91
27.4981	0	0	0	0	0	0	0	0	67.43	82.28	45.43	156.97	61.05	197.67	215.93	79.53	0	906.29
27.5081	0	0	0	0	0	0	0	0	59.84	77.55	40.7	163.24	61.05	203.06	221.98	79.53	0	906.95
27.5181	0	0	0	0	0	0	0	0	52.69	70.4	38.28	166.43	61.05	208.45	224.73	81.95	0	903.98
27.5281	0	0	0	0	0	0	0	0	45.65	63.36	33.44	169.62	64.02	211.2	233.2	84.48	0	904.97
27.5381	0	0	0	0	0	0	0	0	38.61	56.21	28.71	172.81	64.02	216.59	236.06	84.48	0	897.49
27.5481	0	0	0	0	0	0	0	0	33.33	49.17	26.29	176	64.02	219.23	244.53	86.9	0	899.47
27.5581	0	0	0	0	0	0	0	0	29.81	42.13	21.56	179.19	66.99	224.73	250.14	86.9	0	901.45
27.5681	0	0	0	0	0	0	0	0	26.29	35.09	19.14	182.38	66.99	227.48	255.86	89.32	0	902.55
27.5781	0	0	0	0	0	0	0	0	24.53	30.47	16.72	182.38	64.02	233.09	261.47	89.32	0	902
27.5881	0	0	0	0	0	0	0	0	22.77	25.74	16.72	182.38	64.02	238.7	267.19	91.74	0	909.26
27.5981	0	0	0	0	0	0	0	0	21.01	18.7	14.3	182.38	64.02	244.31	272.8	94.27	0	911.79
27.6081	0	0	0	0	0	0	0	0	17.49	13.97	11.88	179.19	61.05	247.06	275.66	94.27	0	900.57
27.6181	0	0	0	0	0	0	0	0	15.73	6.93	9.57	176	58.08	249.92	278.52	94.27	0	889.02
27.6281	0	0	0	0	0	0	0	0	13.97	4.62	7.15	166.43	55.11	252.67	278.52	96.69	0	875.16
27.6381	0	0	0	0	0	0	0	0	13.97	0	7.15	156.97	52.25	252.67	278.52	99.11	0	860.64
27.6481	4.62	0	0	0	0	0	0	0	12.21	0	4.73	141.13	46.75	255.42	275.66	101.53	4.62	837.43
27.6581	11.55	0	0	0	0	0	0	0	10.45	0	4.73	128.48	38.5	258.28	275.66	104.06	11.55	820.16
27.6681	27.83	0	0	0	0	0	0	0	10.45	0	4.73	112.75	33	261.03	269.94	106.48	27.83	798.38
27.6781	95.48	5.83	0	0	0	0	0	0	10.45	0	0	100.21	27.5	261.03	267.19	111.32	101.31	777.7
27.6881	216.04	27.28	14.52	6.82	0	3.85	0	0	10.45	0	0	84.48	22	263.89	258.72	113.85	268.51	753.39
27.6981	225.94	46.75	24.2	8.58	0	0	0	0	8.69	0	0	68.75	16.5	261.03	253	116.05	305.47	724.02
27.7081	238.92	74.14	45.98	22.33	8.47	9.68	0	0	6.93	0	0	50.82	13.75	252.67	241.67	118.25	399.52	684.09
27.7181	251.9	107.14	69.85	37.84	14.74	17.49	2.97	3.52	5.17	0	0	36.74	11	238.7	230.45	120.45	505.45	642.51
27.7281	259.6	126.39	86.35	51.7	19.03	25.3	7.59	8.8	3.41	0	0	28.27	8.25	211.2	215.93	122.76	584.76	589.82
27.7381	270.05	132.66	98.23	60.83	21.12	31.24	12.21	10.56	3.41	0	0	16.94	8.25	173.47	195.14	120.45	636.9	517.66
27.7481	270.05	132.66	105.27	65.23	23.21	41.03	16.72	12.32	0	0	0	11.22	8.25	138.16	171.27	118.25	666.49	447.15
27.7581	270.05	136.84	112.42	69.63	27.5	50.71	22.88	14.08	0	0	0	0	8.25	105.49	144.98	108.9	704.11	367.62
27.7681	272.58	138.93	119.79	71.83	31.68	58.63	27.5	15.84	0	0	0	0	8.25	83.82	115.94	94.27	736.78	302.28
27.7781	282.92	145.2	132.22	74.03	33.88	65.34	33.55	17.6	0	0	0	0	8.25	62.04	95.26	74.69	784.74	240.24
27.7881	298.21	151.47	144.54	76.23	35.97	69.74	38.17	19.36	0	0	0	0	8.25	47.52	80.3	55.11	833.69	191.18
27.7981	313.61	157.74	159.39	78.43	38.06	74.25	41.25	21.12	0	0	0	0	5.5	33.22	68.42	42.35	883.85	149.49
27.8081	326.37	161.92	169.29	80.63	40.15	78.76	44.22	22.88	0	0	0	0	5.5	26.07	59.51	31.79	924.22	122.87
27.8181	334.07	166.1	174.24	82.83	42.35	78.76	45.76	24.64	0	0	0	0	0	21.34	51.37	27.5	948.75	100.21
27.8281	339.35	168.3	176.77	82.83	44.44	80.96	47.3	24.64	0	0	0	0	0	16.61	38.5	19.03	964.59	74.14
27.8381	341.99	166.1	176.77	82.83	44.44	80.96	50.38	24.64	0	0	0	0	0	9.46	23.1	6.27	968.11	38.83
27.8481	341.99	166.1	176.77	82.83	46.53	80.96	51.92	26.4	0	0	0	0	0	4.73	12.76	4.18	973.5	21.67
27.8580	339.35	161.92	176.77	80.63	46.53	80.96	55	26.4	0	0	0	0	0	4.73	12.76	0	967.56	17.49
27.8680	334.07	159.83	174.24	78.43	48.62	80.96	56.54	26.4	0	0	0	0	0	4.73	10.23	0	959.09	14.96
27.8780	328.9	153.56	171.82	78.43	50.82	78.76	58.3	28.27	0	0	0	0	0	0	7.7	0	948.86	7.7
27.8880	321.31	149.38	169.29	76.23	50.82	78.76	58.3	28.27	0	0	0	0	0	0	5.06	0	932.36	5.06
27.8980	316.14	143.11	166.87	74.03	50.82	76.56	60.06	28.27	0	0	0	0	0	0	0	0	915.86	0
27.9080	308.44	138.93	161.92	71.83	52.91	76.56	61.93	30.03	0	0	0	0	0	0	0	0	902.55	0
27.9180	298.21	132.66	159.39	69.63	52.91	74.25	61.93	30.03	0	0	0	0	0	0	0	0	879.01	0
27.9280	290.62	128.48	156.97	67.43	52.91	74.25	63.69	30.03	0	0	0	0	0	0	0	0	864.38	0
27.9380	282.92	124.3	154.44	67.43	52.91	74.25	65.56	31.79	0	0	0	0	0	0	0	0	853.6	0
27.9480	275.22	122.21	152.02	69.63	55	76.56	65.56	31.79	0	0	0	0	0	0	0	0	847.99	0
27.9580	270.05	122.21	149.49	71.83	55	78.76	67.32	31.79	0	0	0	0	0	0	0	0	846.45	0
27.9680	262.24	120.12	147.07	71.83	55	78.76	69.19	33.55	0	0	0	0	0	0	0	0	837.76	0
27.9780	254.43	118.03	144.54	74.03	57.2	80.96	69.19	33.55	0	0	0	0	0	0	0	0	831.93	0
27.9880	246.73	115.94	142.12	76.23	57.2	83.27	70.95	35.31	0	0	0	0	0	0	0	0	827.75	0
27.9980	241.45	113.85	142.12	78.43	57.2	85.47	72.82	35.31	0	0	0	0	0	0	0	0	826.65	0
28.0080	236.28	111.54	142.12	82.83	59.4	87.67	74.58	37.07	0	0	0	0	0	0	0	0	831.49	0
28.0180	228.58	109.34	142.12	87.34	59.4	94.49	78.21	38.83	0	0	0	0	0	0	0	0	838.31	0
28.0280	220.88	107.14	139.59	91.74	61.71	98.89	80.08	40.59	0	0	0	0	0	0	0	0	840.62	0
28.0380	208.78	104.94	139.59	96.14	61.71	105.6	83.71	42.35	0	0	0	0	0	0	0	0	842.82	0
28.0480	199.1	102.74	134.64	102.74	64.02	114.51	89.1	44.11	0	0	0	0	0	0	0	0	850.96	0
28.0580	189.31	100.54	132.22	109.34	64.02	120.78	92.73	47.63	0	0	0	0	0	0	0	0	856.57	0
28.0680	177.21	96.14	127.27	116.05	66.33	129.25	98.12	49.39	0	0	0	0	0	0	0	0	859.76	0
28.0780	165	91.74	119.79	122.76	68.64	137.72	101.75	54.67	0	0	0	0	0	0	0	0	862.07	0
28.0880	152.68	87.34	112.42	129.47	70.95	146.19	107.25	58.52	0	0	0	0	0	0	0	0	864.82	0
28.0980	135.52	80.74	102.96	136.18	70.95	154.66	112.64	64.57	0	0	0	0	0	0	0	0	858.22	0
28.1080	120.78	74.14	93.5	145.09	73.26	163.13	118.47	70.62	0	0	0	0	0	0	0	0	858.99	0
28.1180	108.68	67.54	81.73	151.8	73.26	174.13	124.52	78.65	0	0	0	0	0	0	0	0	860.31	0
28.1280	95.48	60.94	72.27	156.31	75.57	182.93	130.57	94.82	0	0	0	0	0	0	0	0	868.89	0
28.1380	82.17	52.58	60.39	163.02	75.57	191.73	136.62	106.92	0	0	0	0	0	0	0	0	869	0
28.1480	66.77	44.77	48.4	167.64	75.57	200.64	142.67	115.17	0	0	0	0	0	0	0	0	861.63	0
28.1580	53.35	36.96	36.3	169.95	77.88	207.24	148.72	125.62	0	0	0	0	0	0	0	0	856.02	0
28.1680	41.8	29.15	26.62	169.95	75.57	213.84	152.79	131.89	0	0	0	0	0	0	0	0	841.61	0
28.1780	34.76	23.32	21.78	167.64	73.26	218.24	156.75	140.25	0	0	0	0	0	0	0	0	836	0
28.1880	30.14	19.47	19.36	163.02	70.95	220.55	160.82	148.61	0	0	0	0	0	0	0	0	832.92	0
28.1980	27.83	13.64	16.94	154.11	64.02	224.95	162.8	154.88	0	0	0	0	0	0	0	0	819.17	0
28.2080	25.52	13.64	12.1	145.09	59.4	224.95	162.8	165.33	3.41	4.62	0	0	0	0	0	0	808.83	8.03
28.2180	23.21	11.66	12.1	133.98	55	227.15	158.84	169.62	6.93	6.93	0	0	0	0	0	0	791.56	13.86
28.2280	20.9	11.66	9.68	120.56	46.53	229.35	156.75	174.13	12.21	11.66	0	0	0	0	0	0	769.56	23.87
28.2380	20.9	9.68	9.68	104.94	40.15	229.35	150.7	178.75	21.01	21.01	0	0	0	0	0	0	744.15	42.02
28.2480	18.59	9.68	9.68	87.34	33.88	229.35	144.65	181.06	63.69	49.17	7.15	11.22	0	4.73	0	0	714.23	135.96
28.2580	16.17	7.7	7.26	69.63	25.41	227.15	138.6	185.68	121.55	91.74	14.3	22.55	0	7.04	0	0	677.6	257.18
28.2680	13.86	5.83	7.26	53.35	21.12	222.75	134.64	187.99	153.34	133.1	26.29	45.21	5.5	18.92	0	4.18	646.8	386.54
28.2780	11.55	5.83	7.26	39.6	14.74	209.44	126.5	190.3	191.51	180.29	45.43	71.94	8.25	45.1	5.06	8.47	605.22	556.05
28.2880	9.24	3.85	7.26	27.5	10.56	189.53	118.47	187.99	226.49	204.49	60.5	84.48	11	62.04	10.23	10.56	554.4	669.79
28.2980	6.93	0	4.84	18.92	8.47	154.66	107.25	185.68	233.86	209.33	68.75	87.56	13.75	72.93	23.1	14.74	486.75	724.02
28.3080	0	0	4.84	11.99	8.47	114.51	92.73	178.75	219.34	204.49	68.75	90.75	16.5	81.07	30.8	16.94	411.29	728.64
28.3180	0	0	0	6.82	8.47	78.76	72.82	163.24	203.17	199.65	68.75	97.02	16.5	89.21	43.67	19.03	330.11	737
28.3280	0	0	0	3.41	6.27	56.65	58.3	127.71	196.24	202.07	68.75	106.48	22	100.1	51.37	23.21	252.34	770.22
28.3380	0	0	0	0	6.27	42.9	47.3	84.81	198.55	206.91	76.89	115.94	22	110.99	59.51	25.41	181.28	816.2
28.3480	0	0	0	0	4.18	31.24	41.25	56.54	205.48	214.17	85.03	122.21	24.75	121.88	68.42	29.59	133.21	871.53
28.3580	0	0	0	0	0	23.43	33.55	30.03	219.34	223.85	93.28	128.48	27.5	130.02	77.33	31.79	87.01	931.59
28.3680	0	0	0	0	0	15.62	25.96	17.6	226.49	228.69	98.67	134.86	30.25	138.16	86.35	35.97	59.18	979.44
28.3780	0	0	0	0	0	11.66	16.72	7.04	228.91	231.11	104.17	141.13	30.25	143.66	92.29	38.06	35.42	1009.58
28.3880	0	0	0	0	0	5.83	9.13	0	224.07	233.53	104.17	147.51	33	151.8	98.23	40.26	14.96	1032.57
28.3980	0	0	0	0	0	3.85	4.51	0	217.03	233.53	101.42	156.97	33	157.19	101.2	42.35	8.36	1042.69
28.4080	0	0	0	0	0	3.85	2.97	0	205.48	228.69	98.67	163.24	33	162.69	101.2	42.35	6.82	1035.32
28.4180	0	0	0	0	0	0	2.97	0	193.82	223.85	96.03	169.62	35.75	168.19	104.17	44.44	2.97	1035.87
28.4280	0	0	0	0	0	0	0	0	179.96	214.17	90.53	176	35.75	170.83	104.17	44.44	0	1015.85
28.4380	0	0	0	0	0	0	0	0	168.41	206.91	85.03	179.19	35.75	173.47	107.14	46.53	0	1002.43
28.4480	0	0	0	0	0	0	0	0	157.63	197.23	76.89	185.57	35.75	176.22	107.14	46.53	0	982.96
28.4580	0	0	0	0	0	0	0	0	146.96	189.97	71.39	188.76	35.75	176.22	107.14	46.53	0	962.72
28.4680	0	0	0	0	0	0	0	0	136.4	180.29	68.75	191.95	35.75	178.86	107.14	48.73	0	947.87
28.4780	0	0	0	0	0	0	0	0	125.84	170.61	63.25	195.14	38.5	178.86	110.22	48.73	0	931.15
28.4880	0	0	0	0	0	0	0	0	117.37	163.13	57.75	198.44	38.5	181.61	110.22	50.82	0	917.84
28.4980	0	0	0	0	0	0	0	0	109.45	153.12	55.11	198.44	38.5	184.25	110.22	48.73	0	897.82
28.5080	0	0	0	0	0	0	0	0	101.86	145.64	52.69	201.63	38.5	184.25	110.22	50.82	0	885.61
28.5180	0	0	0	0	0	0	0	0	96.14	138.05	47.85	204.82	35.75	187	113.08	50.82	0	873.51
28.5280	0	0	0	0	0	0	0	0	90.42	133.1	45.43	208.01	38.5	189.64	115.94	50.82	0	871.86
28.5380	0	0	0	0	0	0	0	0	84.7	125.51	45.43	211.2	38.5	192.39	118.91	50.82	0	867.46
28.5480	0	0	0	0	0	0	0	0	80.85	120.56	43.12	214.39	41.25	197.67	121.77	52.91	0	872.52
28.5580	0	0	0	0	0	0	0	0	75.13	115.5	40.7	217.58	38.5	203.06	124.63	52.91	0	868.01
28.5680	0	0	0	0	0	0	0	0	69.41	110.66	38.28	220.77	41.25	205.81	127.6	55.11	0	868.89
28.5780	0	0	0	0	0	0	0	0	63.69	105.93	38.28	224.07	41.25	213.84	130.46	55.11	0	872.63
28.5880	0	0	0	0	0	0	0	0	57.97	98.78	33.44	229.79	41.25	219.23	136.29	57.53	0	874.28
28.5980	0	0	0	0	0	0	0	0	52.69	91.74	33.44	232.76	41.25	224.73	142.12	57.53	0	876.26
28.6080	0	0	0	0	0	0	0	0	47.41	84.59	28.71	235.62	44	230.34	147.84	59.95	0	878.46
28.6180	0	0	0	0	0	0	0	0	42.13	77.55	26.29	235.62	44	235.95	153.67	62.37	0	877.58
28.6280	0	0	0	0	0	0	0	0	36.85	70.4	23.87	238.59	44	241.45	162.36	62.37	0	879.89
28.6380	0	0	0	0	0	0	0	0	33.33	65.67	23.87	238.59	46.75	244.31	168.3	64.9	0	885.72
28.6480	0	0	0	0	0	0	0	0	31.57	58.63	21.56	241.45	46.75	249.92	177.21	67.32	0	894.41
28.6580	0	0	0	0	0	0	0	0	28.05	51.59	19.14	241.45	49.5	255.42	186.12	69.74	0	901.01
28.6680	0	0	0	0	0	0	0	0	26.29	44.55	16.72	244.42	49.5	261.03	192.06	72.16	0	906.73
28.6780	0	0	0	0	0	0	0	0	22.77	39.82	16.72	247.28	49.5	266.64	198.11	74.69	0	915.53
28.6880	0	0	0	0	0	0	0	0	21.01	35.09	14.3	250.14	49.5	272.25	204.05	79.53	0	925.87
28.6980	0	0	0	0	0	0	0	0	21.01	28.05	11.88	250.14	49.5	280.61	207.02	81.95	0	930.16
28.7080	0	0	0	0	0	0	0	0	17.49	23.43	9.57	250.14	49.5	289.08	209.99	86.9	0	936.1
28.7180	0	0	0	0	0	0	0	0	15.73	16.39	9.57	250.14	46.75	294.8	207.02	89.32	0	929.72
28.7280	0	0	0	0	0	0	0	0	13.97	11.66	7.15	247.28	44	300.41	207.02	91.74	0	923.23
28.7380	0	0	0	0	0	0	0	0	12.21	9.35	7.15	235.62	41.25	306.02	204.05	96.69	0	912.34
28.7480	0	0	0	0	0	0	0	0	12.21	6.93	4.73	224.07	35.75	306.02	201.08	99.11	0	889.9
28.7580	0	0	0	0	0	0	0	0	12.21	6.93	4.73	201.63	30.25	311.74	198.11	101.53	0	867.13
28.7680	9.24	3.85	0	0	0	0	0	0	10.45	4.62	4.73	182.38	27.5	314.49	195.14	104.06	13.09	843.37
28.7780	23.21	3.85	0	0	0	0	0	0	10.45	4.62	4.73	163.24	22	320.21	189.09	108.9	27.06	823.24
28.7880	71.17	11.66	0	0	0	0	0	0	10.45	4.62	0	141.13	16.5	322.96	186.12	111.32	82.83	793.1
28.7980	220.88	38.94	16.94	8.58	0	3.85	0	0	8.69	0	0	119.02	13.75	325.82	180.18	116.05	289.19	763.51
28.8080	241.45	54.56	26.62	11.99	4.18	5.83	0	0	6.93	0	0	97.02	11	322.96	171.27	120.45	344.63	729.63
28.8180	254.43	89.54	53.24	27.5	10.56	13.64	0	0	5.17	0	0	71.94	8.25	311.74	165.33	122.76	448.91	685.19
28.8280	262.24	120.12	74.58	43.01	16.94	21.45	4.51	3.52	5.17	0	0	50.82	8.25	291.94	153.67	124.96	546.37	634.81
28.8380	272.58	134.75	86.35	56.87	19.03	29.26	9.13	7.04	3.41	0	0	39.6	5.5	255.42	142.12	127.16	615.01	573.21
28.8480	280.39	138.93	95.81	63.03	21.12	35.09	13.75	8.8	0	0	0	28.27	5.5	203.06	127.6	127.16	656.92	491.59
28.8580	275.22	138.93	102.96	67.43	23.21	44.88	18.26	10.56	0	0	0	19.8	5.5	151.8	113.08	120.45	681.45	410.63
28.8680	275.22	143.11	110	71.83	27.5	54.67	24.42	14.08	0	0	0	14.08	5.5	113.63	98.23	108.9	720.83	340.34
28.8780	280.39	147.29	117.37	74.03	31.68	63.03	30.47	14.08	0	0	0	8.47	5.5	83.82	86.35	86.9	758.34	271.04
28.8880	293.15	153.56	129.69	78.43	33.88	69.74	35.09	17.6	0	0	0	5.61	5.5	59.4	74.36	62.37	811.14	207.24
28.8980	308.44	161.92	142.12	80.63	35.97	74.25	39.71	19.36	0	0	0	0	5.5	45.1	65.45	46.53	862.4	162.58
28.9080	323.84	168.3	154.44	85.03	38.06	78.76	42.68	21.12	0	0	0	0	0	33.22	56.54	35.97	912.23	125.73
28.9180	334.07	172.81	161.92	87.34	38.06	83.27	44.22	22.88	0	0	0	0	0	26.07	48.73	29.59	944.57	104.39
28.9280	336.71	177.43	166.87	91.74	40.15	87.67	44.22	22.88	0	0	0	0	0	21.34	41.03	21.12	967.67	83.49
28.9380	336.71	179.63	166.87	98.34	40.15	92.18	45.76	24.64	0	0	0	0	0	14.19	25.63	10.56	984.28	50.38
28.9480	331.54	181.94	166.87	102.74	40.15	94.49	45.76	26.4	0	0	0	0	0	9.46	12.76	4.18	989.89	26.4
28.9580	323.84	181.94	161.92	107.14	40.15	98.89	45.76	28.27	0	0	0	0	0	7.04	10.23	4.18	987.91	21.45
28.9680	311.08	179.63	156.97	113.85	40.15	101.2	47.3	28.27	0	0	0	0	0	4.73	7.7	0	978.45	12.43
28.9780	300.85	179.63	152.02	118.25	42.35	103.4	45.76	30.03	0	0	0	0	0	0	5.06	0	972.29	5.06
28.9880	287.98	175.12	144.54	124.96	42.35	105.6	45.76	30.03	0	0	0	0	0	0	0	0	956.34	0
28.9980	275.22	170.61	137.17	127.27	42.35	107.91	45.76	30.03	0	0	0	0	0	0	0	0	936.32	0
29.0080	259.6	166.1	132.22	131.67	42.35	110.11	45.76	30.03	0	0	0	0	0	0	0	0	917.84	0
29.0180	246.73	161.92	124.74	133.98	42.35	110.11	45.76	30.03	0	0	0	0	0	0	0	0	895.62	0
29.0280	233.75	155.65	117.37	138.38	42.35	110.11	45.76	30.03	0	0	0	0	0	0	0	0	873.4	0
29.0380	220.88	151.47	112.42	142.89	42.35	112.42	45.76	31.79	0	0	0	0	0	0	0	0	859.98	0
29.0480	208.78	145.2	105.27	147.4	42.35	114.51	47.3	31.79	0	0	0	0	0	0	0	0	842.6	0
29.0580	196.68	141.02	100.54	151.8	42.35	116.6	47.3	31.79	0	0	0	0	0	0	0	0	828.08	0
29.0680	184.47	134.75	93.5	156.31	44.44	118.69	48.84	31.79	0	0	0	0	0	0	0	0	812.79	0
29.0780	172.37	128.48	88.77	163.02	44.44	122.98	48.84	33.55	0	0	0	0	0	0	0	0	802.45	0
29.0880	160.05	122.21	84.04	167.64	44.44	127.16	50.38	33.55	0	0	0	0	0	0	0	0	789.47	0
29.0980	150.26	118.03	81.73	172.37	44.44	133.54	51.92	35.31	0	0	0	0	0	0	0	0	787.6	0
29.1080	142.89	111.54	77	179.41	46.53	137.72	55	35.31	0	0	0	0	0	0	0	0	785.4	0
29.1180	133.1	107.14	74.58	184.14	48.62	144.1	56.54	37.07	0	0	0	0	0	0	0	0	785.29	0
29.1280	125.73	100.54	69.85	188.87	48.62	148.39	60.06	38.83	0	0	0	0	0	0	0	0	780.89	0
29.1380	118.36	93.94	67.54	193.6	48.62	156.86	61.93	40.59	0	0	0	0	0	0	0	0	781.44	0
29.1480	108.68	89.54	62.81	200.64	50.82	163.13	67.32	44.11	0	0	0	0	0	0	0	0	787.05	0
29.1580	99.88	82.94	60.39	205.37	50.82	169.73	70.95	47.63	0	0	0	0	0	0	0	0	787.71	0
29.1680	91.08	76.34	53.24	210.1	50.82	178.53	74.58	51.15	0	0	0	0	0	0	0	0	785.84	0
29.1780	82.17	69.74	48.4	214.83	52.91	187.33	80.08	56.54	0	0	0	0	0	0	0	0	792	0
29.1880	73.37	60.94	43.56	217.25	52.91	194.04	83.71	62.59	0	0	0	0	0	0	0	0	788.37	0
29.1980	64.57	54.56	36.3	221.98	55	202.84	89.1	70.62	0	0	0	0	0	0	0	0	794.97	0
29.2080	53.35	46.75	29.04	221.98	55	211.64	96.36	80.74	0	0	0	0	0	0	0	0	794.86	0
29.2180	44.11	38.94	24.2	224.18	55	220.55	101.75	96.91	0	0	0	0	0	0	0	0	805.64	0
29.2280	39.49	33.11	21.78	224.18	55	227.15	105.38	106.92	0	0	0	0	0	0	0	0	813.01	0
29.2380	34.76	29.15	19.36	221.98	55	233.75	110.88	117.26	0	0	0	0	0	0	0	0	822.14	0
29.2480	30.14	25.3	16.94	217.25	52.91	238.15	116.49	123.53	0	0	0	0	0	0	0	0	820.71	0
29.2580	27.83	19.47	14.52	212.52	52.91	242.55	120.45	129.8	0	0	0	0	0	0	0	0	820.05	0
29.2680	23.21	15.51	12.1	205.37	50.82	246.95	124.52	136.07	0	0	0	0	0	0	0	0	814.55	0
29.2780	23.21	15.51	12.1	195.91	48.62	249.15	126.5	142.34	0	0	0	0	0	0	0	0	813.34	0
29.2879	20.9	13.64	9.68	184.14	46.53	249.15	128.59	148.61	0	0	0	0	0	0	0	0	801.24	0
29.2979	20.9	13.64	9.68	169.95	42.35	251.35	128.59	152.79	0	0	0	0	0	0	0	0	789.25	0
29.3079	20.9	11.66	9.68	154.11	38.06	251.35	128.59	161.15	0	0	0	0	0	0	0	0	775.5	0
29.3179	18.59	11.66	9.68	138.38	33.88	253.55	126.5	167.42	0	0	0	0	0	0	0	0	759.66	0
29.3279	18.59	11.66	7.26	120.56	29.59	251.35	124.52	171.82	8.69	6.93	0	0	0	0	0	0	735.35	15.62
29.3379	16.17	9.68	7.26	102.74	25.41	251.35	122.54	176.44	15.73	16.39	0	0	0	0	0	0	711.59	32.12
29.3479	13.86	9.68	7.26	85.03	21.12	251.35	120.45	181.06	45.65	37.51	7.15	11.22	0	4.73	0	0	689.81	106.26
29.3579	11.55	7.7	7.26	69.63	16.94	249.15	116.49	183.37	127.93	91.74	14.3	22.55	0	11.88	5.06	0	662.09	273.46
29.3679	11.55	5.83	4.84	53.35	14.74	238.15	112.64	185.68	163.9	138.05	26.29	50.82	5.5	23.65	5.06	0	626.78	413.27
29.3779	9.24	5.83	4.84	39.6	12.65	222.75	109.01	187.99	196.24	180.29	47.85	78.21	11	54.56	7.7	8.47	591.91	584.32
29.3879	4.62	3.85	4.84	29.26	8.47	191.73	101.75	190.3	228.91	202.07	66	90.75	13.75	70.18	17.93	12.65	534.82	702.24
29.3979	0	0	0	22.33	8.47	148.39	90.86	185.68	243.76	204.49	74.14	90.75	16.5	75.68	33.33	16.94	455.73	755.59
29.4079	0	0	0	17.16	8.47	105.6	74.58	174.13	233.86	197.23	76.89	90.75	19.25	83.82	41.03	19.03	379.94	761.86
29.4179	0	0	0	13.75	8.47	74.25	61.93	148.61	224.07	194.81	76.89	93.94	19.25	89.21	48.73	23.21	307.01	770.11
29.4279	0	0	0	8.58	8.47	52.69	51.92	100.87	226.49	199.65	85.03	100.21	22	100.1	56.54	27.5	222.53	817.52
29.4379	0	0	0	5.17	4.18	41.03	44.22	68.64	236.28	206.91	93.28	103.29	24.75	110.99	68.42	29.59	163.24	873.51
29.4479	0	0	0	0	0	29.26	36.63	40.59	248.6	216.59	104.17	109.56	27.5	119.13	77.33	33.88	106.48	936.76
29.4579	0	0	0	0	0	21.45	28.93	24.64	265.87	223.85	115.17	112.75	30.25	127.27	89.32	38.06	75.02	1002.54
29.4679	0	0	0	0	0	15.62	21.34	14.08	273.24	231.11	123.53	122.21	33	135.41	98.23	40.26	51.04	1056.99
29.4779	0	0	0	0	0	9.68	12.21	3.52	273.24	233.53	126.28	128.48	33	140.91	104.17	42.35	25.41	1081.96
29.4879	0	0	0	3.41	0	5.83	6.05	0	268.4	235.95	123.53	134.86	35.75	149.05	107.14	44.44	15.29	1099.12
29.4979	0	0	0	0	0	5.83	4.51	0	258.5	233.53	123.53	144.32	35.75	154.55	110.22	44.44	10.34	1104.84
29.5079	0	0	0	0	0	3.85	2.97	0	243.76	231.11	117.92	150.59	35.75	159.94	113.08	46.53	6.82	1098.68
29.5179	0	0	0	0	0	3.85	0	0	228.91	223.85	115.17	156.97	35.75	162.69	115.94	46.53	3.85	1085.81
29.5279	0	0	0	0	0	0	0	0	212.41	216.59	106.92	160.05	35.75	168.19	115.94	48.73	0	1064.58
29.5379	0	0	0	0	0	0	0	0	193.82	206.91	101.42	166.43	35.75	170.83	115.94	48.73	0	1039.83
29.5479	0	0	0	0	0	0	0	0	177.65	197.23	93.28	172.81	35.75	173.47	115.94	48.73	0	1014.86
29.5579	0	0	0	0	0	0	0	0	161.81	187.55	85.03	179.19	35.75	176.22	115.94	48.73	0	990.22
29.5679	0	0	0	0	0	0	0	0	146.96	177.87	79.64	185.57	35.75	178.86	113.08	48.73	0	966.46
29.5779	0	0	0	0	0	0	0	0	134.31	168.19	71.39	188.76	35.75	181.61	113.08	48.73	0	941.82
29.5879	0	0	0	0	0	0	0	0	121.55	158.07	66	195.14	35.75	184.25	113.08	50.82	0	924.66
29.5979	0	0	0	0	0	0	0	0	111.43	148.06	60.5	198.44	35.75	187	113.08	50.82	0	905.08
29.6079	0	0	0	0	0	0	0	0	99.99	138.05	52.69	204.82	35.75	189.64	113.08	50.82	0	884.84
29.6179	0	0	0	0	0	0	0	0	92.29	128.04	50.27	208.01	35.75	195.03	115.94	50.82	0	876.15
29.6279	0	0	0	0	0	0	0	0	82.72	120.56	45.43	211.2	35.75	197.67	115.94	52.91	0	862.18
29.6379	0	0	0	0	0	0	0	0	75.13	110.66	43.12	214.39	35.75	203.06	118.91	52.91	0	853.93
29.6479	0	0	0	0	0	0	0	0	67.43	103.51	40.7	217.58	35.75	205.81	121.77	52.91	0	845.46
29.6579	0	0	0	0	0	0	0	0	61.71	98.78	35.86	220.77	38.5	211.2	124.63	55.11	0	846.56
29.6679	0	0	0	0	0	0	0	0	56.21	91.74	33.44	224.07	38.5	216.59	130.46	55.11	0	846.12
29.6779	0	0	0	0	0	0	0	0	49.17	84.59	31.13	229.79	38.5	221.98	133.32	57.53	0	846.01
29.6879	0	0	0	0	0	0	0	0	43.89	77.55	28.71	232.76	38.5	227.48	139.15	57.53	0	845.57
29.6979	0	0	0	0	0	0	0	0	38.61	68.09	26.29	238.59	41.25	233.09	144.98	59.95	0	850.85
29.7079	0	0	0	0	0	0	0	0	33.33	63.36	23.87	241.45	41.25	238.7	150.81	62.37	0	855.14
29.7179	0	0	0	0	0	0	0	0	31.57	58.63	21.56	244.42	41.25	244.31	156.53	64.9	0	863.17
29.7279	0	0	0	0	0	0	0	0	28.05	53.9	21.56	247.28	41.25	249.92	162.36	64.9	0	869.22
29.7379	0	0	0	0	0	0	0	0	26.29	46.86	19.14	250.14	44	252.67	168.3	69.74	0	877.14
29.7479	0	0	0	0	0	0	0	0	24.53	42.13	16.72	253.11	44	261.03	174.24	72.16	0	887.92
29.7579	0	0	0	0	0	0	0	0	22.77	37.51	16.72	255.97	44	266.64	180.18	74.69	0	898.48
29.7679	0	0	0	0	0	0	0	0	21.01	35.09	14.3	258.94	44	272.25	186.12	77.11	0	908.82
29.7779	0	0	0	0	0	0	0	0	19.25	28.05	11.88	258.94	44	277.86	192.06	79.53	0	911.57
29.7879	0	0	0	0	0	0	0	0	17.49	23.43	11.88	261.8	44	283.47	198.11	81.95	0	922.13
29.7979	0	0	0	0	0	0	0	0	15.73	18.7	9.57	258.94	44	289.08	198.11	84.48	0	918.61
29.8079	0	0	0	0	0	0	0	0	13.97	11.66	9.57	253.11	44	294.8	201.08	86.9	0	915.09
29.8179	0	0	0	0	0	0	0	0	12.21	6.93	7.15	244.42	41.25	297.55	204.05	89.32	0	902.88
29.8279	0	0	0	0	0	0	0	0	12.21	6.93	7.15	229.79	35.75	300.41	204.05	91.74	0	888.03
29.8379	6.93	0	0	0	0	0	0	0	12.21	6.93	7.15	211.2	33	300.41	207.02	94.27	6.93	872.19
29.8479	13.86	0	0	0	0	0	0	0	10.45	4.62	4.73	188.76	27.5	303.27	204.05	96.69	13.86	840.07
29.8579	32.45	0	0	0	0	0	0	0	10.45	4.62	4.73	166.43	24.75	306.02	204.05	101.53	32.45	822.58
29.8679	118.36	9.68	0	0	0	0	0	0	10.45	0	4.73	144.32	22	308.88	201.08	106.48	128.04	797.94
29.8779	231.11	31.13	14.52	8.58	0	5.83	0	0	8.69	0	0	122.21	16.5	308.88	195.14	111.32	291.17	762.74
29.8879	236.28	52.58	26.62	15.51	4.18	5.83	0	0	8.69	0	0	100.21	13.75	308.88	192.06	116.05	341	739.64
29.8979	244.09	82.94	45.98	29.26	10.56	13.64	0	0	6.93	0	0	78.21	8.25	300.41	186.12	118.25	426.47	698.17
29.9079	246.73	109.34	65.12	43.01	16.94	19.47	4.51	0	5.17	0	0	56.54	8.25	286.33	177.21	120.45	505.12	653.95
29.9179	251.9	122.21	74.58	55.11	21.12	25.3	9.13	7.04	3.41	0	0	42.35	8.25	258.28	165.33	122.76	566.39	600.38
29.9279	254.43	128.48	84.04	65.23	21.12	33.22	12.21	8.8	3.41	0	0	28.27	5.5	211.2	150.81	124.96	607.53	524.15
29.9379	254.43	132.66	93.5	69.63	23.21	42.9	16.72	10.56	0	0	0	19.8	5.5	162.69	133.32	124.96	643.61	446.27
29.9479	262.24	136.84	105.27	74.03	27.5	54.67	22.88	12.32	0	0	0	14.08	5.5	124.52	115.94	116.05	695.75	376.09
29.9579	275.22	141.02	117.37	76.23	31.68	63.03	28.93	14.08	0	0	0	8.47	5.5	91.96	98.23	96.69	747.56	300.85
29.9679	290.62	149.38	134.64	78.43	33.88	69.74	35.09	17.6	0	0	0	5.61	5.5	67.54	83.27	77.11	809.38	239.03
29.9779	308.44	155.65	149.49	78.43	38.06	76.56	39.71	17.6	0	0	0	0	5.5	49.83	71.39	55.11	863.94	181.83
29.9879	323.84	159.83	161.92	82.83	38.06	80.96	42.68	21.12	0	0	0	0	5.5	37.95	62.48	44.44	911.24	150.37
29.9979	331.54	166.1	169.29	87.34	40.15	85.47	45.76	22.88	0	0	0	0	0	28.49	53.9	31.79	948.53	114.18
30.0079	334.07	168.3	174.24	89.54	40.15	89.98	45.76	22.88	0	0	0	0	0	23.65	46.2	27.5	964.92	97.35
30.0179	334.07	172.81	176.77	93.94	40.15	94.49	47.3	24.64	0	0	0	0	0	16.61	33.33	16.94	984.17	66.88
30.0279	331.54	175.12	174.24	100.54	42.35	96.69	47.3	24.64	0	0	0	0	0	9.46	17.93	6.27	992.42	33.66
30.0379	326.37	175.12	171.82	102.74	42.35	98.89	47.3	26.4	0	0	0	0	0	7.04	10.23	4.18	990.99	21.45
30.0479	318.67	175.12	166.87	107.14	42.35	101.2	47.3	26.4	0	0	0	0	0	4.73	7.7	0	985.05	12.43
30.0579	311.08	172.81	161.92	111.54	42.35	101.2	47.3	26.4	0	0	0	0	0	4.73	5.06	0	974.6	9.79
30.0679	300.85	170.61	156.97	113.85	42.35	103.4	47.3	26.4	0	0	0	0	0	0	0	0	961.73	0
30.0779	290.62	168.3	149.49	116.05	42.35	103.4	47.3	28.27	0	0	0	0	0	0	0	0	945.78	0
30.0879	277.86	164.01	144.54	118.25	42.35	103.4	47.3	28.27	0	0	0	0	0	0	0	0	925.98	0
30.0979	264.88	157.74	137.17	120.56	42.35	103.4	47.3	28.27	0	0	0	0	0	0	0	0	901.67	0
30.1079	254.43	155.65	132.22	122.76	42.35	103.4	47.3	28.27	0	0	0	0	0	0	0	0	886.38	0
30.1179	241.45	151.47	124.74	124.96	44.44	105.6	47.3	28.27	0	0	0	0	0	0	0	0	868.23	0
30.1279	231.11	147.29	119.79	129.47	42.35	107.91	47.3	28.27	0	0	0	0	0	0	0	0	853.49	0
30.1379	220.88	143.11	112.42	133.98	42.35	107.91	47.3	28.27	0	0	0	0	0	0	0	0	836.22	0
30.1479	208.78	138.93	107.69	136.18	44.44	110.11	47.3	28.27	0	0	0	0	0	0	0	0	821.7	0
30.1579	199.1	136.84	105.27	142.89	44.44	112.42	47.3	28.27	0	0	0	0	0	0	0	0	816.53	0
30.1679	194.15	132.66	100.54	147.4	44.44	116.6	47.3	30.03	0	0	0	0	0	0	0	0	813.12	0
30.1779	186.89	130.57	98.23	151.8	44.44	118.69	47.3	30.03	0	0	0	0	0	0	0	0	807.95	0
30.1879	179.63	128.48	95.81	158.51	44.44	122.98	48.84	30.03	0	0	0	0	0	0	0	0	808.72	0
30.1979	172.37	126.39	93.5	163.02	46.53	127.16	48.84	31.79	0	0	0	0	0	0	0	0	809.6	0
30.2079	165	122.21	91.08	169.95	46.53	131.45	50.38	31.79	0	0	0	0	0	0	0	0	808.39	0
30.2179	157.63	120.12	88.77	177.1	46.53	137.72	51.92	33.55	0	0	0	0	0	0	0	0	813.34	0
30.2279	150.26	115.94	84.04	184.14	46.53	144.1	53.46	33.55	0	0	0	0	0	0	0	0	812.02	0
30.2379	142.89	111.54	81.73	191.29	48.62	150.48	55	33.55	0	0	0	0	0	0	0	0	815.1	0
30.2479	133.1	107.14	77	200.64	48.62	156.86	56.54	35.31	0	0	0	0	0	0	0	0	815.21	0
30.2579	123.2	100.54	72.27	207.79	48.62	163.13	58.3	37.07	0	0	0	0	0	0	0	0	810.92	0
30.2679	113.41	93.94	67.54	217.25	48.62	171.93	61.93	38.83	0	0	0	0	0	0	0	0	813.45	0
30.2779	104.28	87.34	62.81	224.18	50.82	180.73	63.69	42.35	0	0	0	0	0	0	0	0	816.2	0
30.2879	93.28	80.74	55.77	231	50.82	189.53	67.32	45.87	0	0	0	0	0	0	0	0	814.33	0
30.2979	82.17	71.94	50.82	240.13	50.82	200.64	70.95	51.15	0	0	0	0	0	0	0	0	818.62	0
30.3079	71.17	65.34	43.56	246.84	52.91	209.44	74.58	56.54	0	0	0	0	0	0	0	0	820.38	0
30.3179	62.37	56.54	36.3	251.46	52.91	216.04	78.21	62.59	0	0	0	0	0	0	0	0	816.42	0
30.3279	53.35	48.73	29.04	255.97	52.91	224.95	81.84	70.62	0	0	0	0	0	0	0	0	817.41	0
30.3379	41.8	38.94	24.2	258.28	52.91	233.75	87.23	76.67	0	0	0	0	0	0	0	0	813.78	0
30.3479	37.18	33.11	21.78	258.28	52.91	240.35	90.86	86.79	0	0	0	0	0	0	0	0	821.26	0
30.3579	32.45	27.28	16.94	255.97	50.82	246.95	96.36	100.87	0	0	0	0	0	0	0	0	827.64	0
30.3679	27.83	21.34	14.52	249.15	50.82	253.55	98.12	110.99	0	0	0	0	0	0	0	0	826.32	0
30.3779	23.21	17.49	12.1	240.13	46.53	257.95	101.75	119.35	0	0	0	0	0	0	0	0	818.51	0
30.3879	23.21	15.51	12.1	226.49	44.44	262.35	103.62	125.62	0	0	0	0	0	0	0	0	813.34	0
30.3979	20.9	15.51	9.68	212.52	40.15	266.75	103.62	131.89	0	4.62	0	0	0	0	0	0	801.02	4.62
30.4079	18.59	15.51	9.68	195.91	38.06	271.15	101.75	138.16	6.93	6.93	0	0	0	0	0	0	788.81	13.86
30.4179	18.59	13.64	9.68	174.68	33.88	273.35	99.99	144.43	12.21	13.97	0	0	0	0	0	0	768.24	26.18
30.4279	16.17	13.64	7.26	154.11	29.59	275.55	96.36	152.79	19.25	21.01	0	5.61	0	0	0	0	745.47	45.87
30.4379	16.17	11.66	7.26	131.67	25.41	277.86	94.49	159.06	65.56	49.17	7.15	14.08	0	4.73	0	0	723.58	140.69
30.4479	13.86	9.68	4.84	107.14	19.03	275.55	90.86	169.62	125.84	91.74	16.72	25.41	0	9.46	0	0	690.58	269.17
30.4579	11.55	9.68	7.26	80.63	14.74	268.95	87.23	176.44	153.34	125.51	26.29	48.07	5.5	21.34	0	4.18	656.48	384.23
30.4679	9.24	7.7	7.26	56.87	12.65	253.55	85.47	183.37	191.51	163.13	50.27	62.48	8.25	49.83	0	10.56	616.11	536.03
30.4779	6.93	5.83	4.84	39.6	8.47	224.95	81.84	187.99	231.44	185.13	68.75	71.94	13.75	62.04	17.93	14.74	560.45	665.72
30.4879	4.62	3.85	4.84	29.26	6.27	178.53	76.45	190.3	243.76	187.55	76.89	75.02	16.5	70.18	33.33	21.12	494.12	724.35
30.4979	0	0	0	22.33	6.27	125.07	67.32	178.75	233.86	182.71	76.89	75.02	19.25	78.32	38.5	21.12	399.74	725.67
30.5079	0	0	0	17.16	6.27	85.47	56.54	156.97	219.34	182.71	79.64	81.29	19.25	86.46	46.2	25.41	322.41	740.3
30.5179	0	0	0	13.75	6.27	58.63	48.84	113.08	217.03	185.13	85.03	87.56	22	97.35	53.9	29.59	240.57	777.59
30.5279	0	0	0	6.82	4.18	44.88	42.68	76.67	221.65	194.81	93.28	93.94	24.75	108.24	65.45	31.79	175.23	833.91
30.5379	0	0	0	3.41	0	33.22	36.63	51.15	233.86	204.49	104.17	100.21	24.75	119.13	77.33	35.97	124.41	899.91
30.5479	0	0	0	0	0	23.43	28.93	26.4	251.13	211.75	112.42	103.29	27.5	127.27	89.32	40.26	78.76	962.94
30.5579	0	0	0	0	0	17.49	21.34	15.84	258.5	219.01	123.53	109.56	33	132.77	98.23	42.35	54.67	1016.95
30.5679	0	0	0	3.41	0	11.66	13.75	5.28	263.45	223.85	126.28	115.94	33	140.91	107.14	44.44	34.1	1055.01
30.5779	0	0	0	3.41	0	7.81	4.51	0	260.92	226.27	126.28	122.21	35.75	149.05	110.22	46.53	15.73	1077.23
30.5879	0	0	0	3.41	0	5.83	2.97	0	251.13	226.27	123.53	128.48	35.75	154.55	113.08	48.73	12.21	1081.52
30.5979	0	0	0	3.41	0	5.83	0	0	241.23	223.85	120.78	134.86	35.75	159.94	118.91	48.73	9.24	1084.05
30.6079	0	0	0	3.41	0	3.85	0	0	226.49	219.01	117.92	141.13	38.5	162.69	121.77	50.82	7.26	1078.33
30.6179	0	0	0	0	0	0	0	0	212.41	211.75	109.67	144.32	38.5	165.44	121.77	52.91	0	1056.77
30.6279	0	0	0	0	0	0	0	0	198.55	202.07	104.17	147.51	38.5	168.19	124.63	50.82	0	1034.44
30.6379	0	0	0	0	0	0	0	0	182.27	194.81	98.67	150.59	38.5	170.83	127.6	52.91	0	1016.18
30.6479	0	0	0	0	0	0	0	0	168.41	185.13	90.53	153.78	41.25	173.47	127.6	52.91	0	993.08
30.6579	0	0	0	0	0	0	0	0	155.43	175.45	85.03	156.97	41.25	173.47	127.6	52.91	0	968.11
30.6679	0	0	0	0	0	0	0	0	142.78	168.19	79.64	160.05	41.25	176.22	127.6	52.91	0	948.64
30.6779	0	0	0	0	0	0	0	0	132.22	158.07	74.14	163.24	41.25	176.22	130.46	55.11	0	930.71
30.6879	0	0	0	0	0	0	0	0	123.75	150.59	68.75	163.24	41.25	178.86	130.46	55.11	0	912.01
30.6979	0	0	0	0	0	0	0	0	113.3	143.11	63.25	169.62	41.25	181.61	130.46	55.11	0	897.71
30.7079	0	0	0	0	0	0	0	0	107.58	135.52	60.5	169.62	41.25	184.25	133.32	55.11	0	887.15
30.7178	0	0	0	0	0	0	0	0	99.99	128.04	57.75	172.81	41.25	187	136.29	57.53	0	880.66
30.7278	0	0	0	0	0	0	0	0	94.16	123.09	55.11	176	41.25	189.64	139.15	57.53	0	875.93
30.7378	0	0	0	0	0	0	0	0	88.44	118.03	52.69	179.19	41.25	192.39	142.12	59.95	0	874.06
30.7478	0	0	0	0	0	0	0	0	82.72	113.08	50.27	182.38	44	197.67	147.84	59.95	0	877.91
30.7578	0	0	0	0	0	0	0	0	77	108.24	47.85	185.57	44	203.06	150.81	62.37	0	878.9
30.7678	0	0	0	0	0	0	0	0	71.28	103.51	45.43	191.95	44	208.45	156.53	64.9	0	886.05
30.7778	0	0	0	0	0	0	0	0	65.56	96.47	43.12	195.14	44	213.84	159.5	67.32	0	884.95
30.7878	0	0	0	0	0	0	0	0	57.97	91.74	38.28	201.63	44	219.23	165.33	69.74	0	887.92
30.7978	0	0	0	0	0	0	0	0	52.69	84.59	33.44	204.82	44	227.48	171.27	72.16	0	890.45
30.8078	0	0	0	0	0	0	0	0	45.65	75.13	31.13	211.2	46.75	233.09	177.21	74.69	0	894.85
30.8178	0	0	0	0	0	0	0	0	40.37	68.09	26.29	217.58	46.75	238.7	183.15	77.11	0	898.04
30.8278	0	0	0	0	0	0	0	0	33.33	60.94	23.87	224.07	46.75	247.06	189.09	79.53	0	904.64
30.8378	0	0	0	0	0	0	0	0	29.81	53.9	21.56	226.93	46.75	252.67	192.06	81.95	0	905.63
30.8478	0	0	0	0	0	0	0	0	28.05	46.86	19.14	232.76	49.5	261.03	195.14	84.48	0	916.96
30.8578	0	0	0	0	0	0	0	0	24.53	39.82	16.72	238.59	49.5	266.64	198.11	86.9	0	920.81
30.8678	0	0	0	0	0	0	0	0	22.77	35.09	16.72	241.45	46.75	272.25	201.08	89.32	0	925.43
30.8778	0	0	0	0	0	0	0	0	21.01	30.47	14.3	244.42	46.75	280.61	204.05	94.27	0	935.88
30.8878	0	0	0	0	0	0	0	0	17.49	23.43	11.88	244.42	46.75	286.33	204.05	96.69	0	931.04
30.8978	0	0	0	0	0	0	0	0	15.73	16.39	9.57	241.45	44	291.94	204.05	99.11	0	922.24
30.9078	0	0	0	0	0	0	0	0	13.97	9.35	7.15	232.76	41.25	297.55	204.05	101.53	0	907.61
30.9178	0	0	0	0	0	0	0	0	12.21	6.93	7.15	220.77	38.5	300.41	201.08	104.06	0	891.11
30.9278	4.62	0	0	0	0	0	0	0	12.21	6.93	4.73	204.82	33	303.27	198.11	108.9	4.62	871.97
30.9378	9.24	0	0	0	0	0	0	0	12.21	6.93	4.73	185.57	27.5	308.88	198.11	111.32	9.24	855.25
30.9478	20.9	3.85	0	0	0	0	0	0	12.21	4.62	4.73	166.43	22	314.49	192.06	116.05	24.75	832.59
30.9578	53.35	5.83	0	0	0	0	0	0	10.45	4.62	4.73	144.32	19.25	317.35	186.12	120.45	59.18	807.29
30.9678	169.95	29.15	12.1	8.58	0	5.83	0	0	10.45	0	0	125.4	13.75	322.96	180.18	124.96	225.61	777.7
30.9778	228.58	48.73	21.78	11.99	6.27	5.83	0	0	8.69	0	0	106.48	11	325.82	171.27	129.47	323.18	752.73
30.9878	231.11	67.54	38.72	22.33	8.47	11.66	0	0	6.93	0	0	81.29	8.25	320.21	162.36	133.87	379.83	712.91
30.9978	244.09	98.34	65.12	36.19	14.74	17.49	2.97	0	6.93	0	0	56.54	8.25	306.02	150.81	138.38	478.94	666.93
31.0078	246.73	113.85	81.73	48.18	16.94	25.3	6.05	7.04	5.17	0	0	42.35	5.5	277.86	139.15	140.58	545.82	610.61
31.0178	259.6	122.21	93.5	56.87	21.12	33.22	13.75	12.32	0	0	0	31.02	5.5	233.09	124.63	140.58	612.59	534.82
31.0278	262.24	122.21	102.96	58.63	23.21	41.03	16.72	14.08	0	0	0	22.55	0	178.86	113.08	138.38	641.08	452.87
31.0378	259.6	122.21	110	60.83	29.59	50.71	25.96	15.84	0	0	0	16.94	5.5	135.41	101.2	129.47	674.74	388.52
31.0478	264.88	126.39	122.32	63.03	33.88	56.65	33.55	17.6	0	0	0	14.08	5.5	102.74	89.32	111.32	718.3	322.96
31.0578	277.86	130.57	134.64	63.03	35.97	65.34	39.71	21.12	0	0	0	11.22	5.5	70.18	80.3	86.9	768.24	254.1
31.0678	293.15	134.75	152.02	65.23	38.06	69.74	44.22	22.88	0	0	0	5.61	5.5	52.25	71.39	64.9	820.05	199.65
31.0778	308.44	141.02	166.87	67.43	40.15	74.25	48.84	24.64	0	0	0	0	0	40.37	62.48	48.73	871.64	151.58
31.0878	321.31	143.11	179.3	69.63	44.44	80.96	53.46	28.27	0	0	0	0	0	30.8	53.9	38.06	920.48	122.76
31.0978	326.37	145.2	189.31	71.83	44.44	83.27	58.3	30.03	0	0	0	0	0	23.65	46.2	29.59	948.75	99.44
31.1078	328.9	147.29	194.37	74.03	46.53	87.67	61.93	31.79	0	0	0	0	0	18.92	33.33	21.12	972.51	73.37
31.1178	326.37	147.29	196.79	74.03	48.62	89.98	65.56	33.55	0	0	0	0	0	11.88	17.93	8.47	982.19	38.28
31.1278	323.84	145.2	196.79	76.23	50.82	94.49	69.19	35.31	0	0	0	0	0	7.04	7.7	4.18	991.87	18.92
31.1378	316.14	143.11	196.79	78.43	50.82	96.69	72.82	37.07	0	0	0	0	0	4.73	5.06	0	991.87	9.79
31.1478	308.44	138.93	191.84	78.43	52.91	96.69	76.45	37.07	0	0	0	0	0	4.73	0	0	980.76	4.73
31.1578	295.68	136.84	189.31	80.63	52.91	98.89	78.21	38.83	0	0	0	0	0	0	0	0	971.3	0
31.1678	287.98	130.57	181.83	80.63	55	98.89	80.08	38.83	0	0	0	0	0	0	0	0	953.81	0
31.1778	277.86	126.39	176.77	78.43	55	101.2	81.84	38.83	0	0	0	0	0	0	0	0	936.32	0
31.1878	264.88	120.12	171.82	78.43	55	98.89	83.71	40.59	0	0	0	0	0	0	0	0	913.44	0
31.1978	254.43	115.94	164.34	78.43	57.2	98.89	85.47	40.59	0	0	0	0	0	0	0	0	895.29	0
31.2078	244.09	109.34	159.39	78.43	57.2	101.2	87.23	40.59	0	0	0	0	0	0	0	0	877.47	0
31.2178	233.75	104.94	152.02	78.43	57.2	101.2	89.1	40.59	0	0	0	0	0	0	0	0	857.23	0
31.2278	223.41	100.54	147.07	78.43	59.4	101.2	89.1	40.59	0	0	0	0	0	0	0	0	839.74	0
31.2378	213.62	98.34	142.12	80.63	59.4	103.4	90.86	40.59	0	0	0	0	0	0	0	0	828.96	0
31.2478	201.52	93.94	137.17	82.83	61.71	105.6	92.73	42.35	0	0	0	0	0	0	0	0	817.85	0
31.2578	191.73	89.54	129.69	85.03	61.71	107.91	94.49	42.35	0	0	0	0	0	0	0	0	802.45	0
31.2678	179.63	85.14	124.74	87.34	61.71	114.51	98.12	45.87	0	0	0	0	0	0	0	0	797.06	0
31.2778	172.37	80.74	119.79	91.74	64.02	118.69	101.75	47.63	0	0	0	0	0	0	0	0	796.73	0
31.2878	160.05	78.54	114.84	96.14	66.33	122.98	105.38	51.15	0	0	0	0	0	0	0	0	795.41	0
31.2978	150.26	74.14	110	100.54	66.33	129.25	110.88	54.67	0	0	0	0	0	0	0	0	796.07	0
31.3078	140.47	69.74	105.27	102.74	68.64	135.63	114.51	60.5	0	0	0	0	0	0	0	0	797.5	0
31.3178	130.57	65.34	98.23	107.14	70.95	139.92	118.47	66.55	0	0	0	0	0	0	0	0	797.17	0
31.3278	118.36	60.94	91.08	111.54	70.95	146.19	124.52	72.6	0	0	0	0	0	0	0	0	796.18	0
31.3378	108.68	56.54	84.04	116.05	73.26	154.66	130.57	84.81	0	0	0	0	0	0	0	0	808.61	0
31.3478	97.68	52.58	77	120.56	75.57	161.04	136.62	92.84	0	0	0	0	0	0	0	0	813.89	0
31.3578	88.88	46.75	69.85	124.96	75.57	169.73	142.67	102.96	0	0	0	0	0	0	0	0	821.37	0
31.3678	77.77	42.79	60.39	127.27	75.57	176.33	148.72	109.01	0	0	0	0	0	0	0	0	817.85	0
31.3778	66.77	36.96	50.82	131.67	77.88	182.93	156.75	117.26	0	0	0	0	0	0	0	0	821.04	0
31.3878	53.35	31.13	38.72	133.98	77.88	189.53	162.8	125.62	0	0	0	0	0	0	0	0	813.01	0
31.3978	41.8	25.3	29.04	133.98	77.88	196.24	168.96	133.98	0	0	0	0	0	0	0	0	807.18	0
31.4078	34.76	21.34	24.2	133.98	77.88	200.64	175.12	144.43	0	0	0	0	0	0	0	0	812.35	0
31.4178	32.45	19.47	21.78	133.98	75.57	205.04	181.28	150.7	0	0	0	0	0	0	0	0	820.27	0
31.4278	27.83	15.51	19.36	131.67	73.26	207.24	185.46	159.06	0	0	0	0	0	0	0	0	819.39	0
31.4378	25.52	13.64	16.94	124.96	70.95	209.44	189.64	167.42	0	0	0	0	0	0	0	0	818.51	0
31.4478	23.21	11.66	14.52	118.25	66.33	209.44	191.62	171.82	0	0	0	0	0	0	0	0	806.85	0
31.4578	20.9	9.68	12.1	109.34	61.71	209.44	191.62	176.44	0	0	0	0	0	0	0	0	791.23	0
31.4678	20.9	7.7	9.68	96.14	52.91	207.24	189.64	178.75	3.41	0	0	0	0	0	0	0	762.96	3.41
31.4778	18.59	7.7	9.68	82.83	46.53	207.24	187.55	183.37	8.69	6.93	0	0	0	0	0	0	743.49	15.62
31.4878	18.59	7.7	9.68	69.63	40.15	207.24	181.28	187.99	15.73	13.97	0	0	0	0	0	0	722.26	29.7
31.4978	16.17	5.83	7.26	58.63	33.88	207.24	175.12	192.61	33.33	25.74	4.73	8.47	0	0	0	0	696.74	72.27
31.5078	13.86	3.85	7.26	48.18	27.5	207.24	168.96	197.23	99.99	68.09	11.88	16.94	0	4.73	0	0	674.08	201.63
31.5178	13.86	3.85	7.26	39.6	21.12	202.84	160.82	201.74	146.96	118.03	23.87	42.35	0	18.92	5.06	0	651.09	355.19
31.5278	11.55	3.85	4.84	29.26	16.94	194.04	152.79	204.05	173.03	158.07	40.7	68.75	8.25	40.37	5.06	6.27	617.32	500.5
31.5378	9.24	3.85	4.84	20.68	12.65	178.53	142.67	204.05	205.48	182.71	60.5	84.48	13.75	64.79	15.4	12.65	576.51	639.76
31.5478	6.93	0	4.84	13.75	8.47	148.39	130.57	201.74	226.49	187.55	74.14	87.56	16.5	72.93	33.33	16.94	514.69	715.44
31.5578	0	0	0	8.58	8.47	114.51	112.64	199.43	219.34	185.13	76.89	87.56	19.25	78.32	43.67	19.03	443.63	729.19
31.5678	0	0	0	5.17	8.47	80.96	90.86	185.68	207.79	180.29	76.89	90.75	19.25	86.46	51.37	21.12	371.14	733.92
31.5778	0	0	0	0	8.47	58.63	69.19	159.06	205.48	182.71	82.39	97.02	22	100.1	59.51	25.41	295.35	774.62
31.5878	0	0	0	0	8.47	44.88	56.54	113.08	212.41	189.97	90.53	103.29	24.75	110.99	71.39	29.59	222.97	832.92
31.5978	0	0	0	0	6.27	35.09	47.3	78.65	224.07	199.65	101.42	106.48	27.5	121.88	86.35	33.88	167.31	901.23
31.6078	0	0	0	0	4.18	25.3	39.71	47.63	238.81	206.91	115.17	112.75	30.25	130.02	98.23	35.97	116.82	968.11
31.6178	0	0	0	0	0	19.47	33.55	28.27	251.13	214.17	123.53	119.02	33	138.16	107.14	40.26	81.29	1026.41
31.6278	0	0	0	0	0	15.62	24.42	15.84	253.55	219.01	129.14	125.4	35.75	143.66	113.08	42.35	55.88	1061.94
31.6378	0	0	0	0	0	9.68	15.18	5.28	248.6	221.43	129.14	131.67	35.75	149.05	115.94	42.35	30.14	1073.93
31.6478	0	0	0	0	0	3.85	7.59	0	241.23	221.43	126.28	141.13	35.75	157.19	118.91	44.44	11.44	1086.36
31.6578	0	0	0	0	0	3.85	7.59	0	231.44	219.01	123.53	147.51	38.5	162.69	121.77	44.44	11.44	1088.89
31.6678	0	0	0	0	0	3.85	4.51	0	219.34	216.59	117.92	153.78	38.5	168.19	124.63	46.53	8.36	1085.48
31.6778	0	0	0	0	0	0	2.97	0	205.48	209.33	112.42	160.05	38.5	170.83	124.63	46.53	2.97	1067.77
31.6878	0	0	0	0	0	0	0	0	191.51	202.07	106.92	166.43	38.5	173.47	124.63	48.73	0	1052.26
31.6978	0	0	0	0	0	0	0	0	175.34	192.39	98.67	169.62	38.5	176.22	124.63	48.73	0	1024.1
31.7078	0	0	0	0	0	0	0	0	159.72	182.71	93.28	176	38.5	178.86	124.63	48.73	0	1002.43
31.7178	0	0	0	0	0	0	0	0	149.16	173.03	85.03	179.19	38.5	181.61	121.77	48.73	0	977.02
31.7278	0	0	0	0	0	0	0	0	136.4	165.66	79.64	185.57	38.5	181.61	121.77	48.73	0	957.88
31.7378	0	0	0	0	0	0	0	0	123.75	155.65	74.14	188.76	38.5	187	121.77	50.82	0	940.39
31.7478	0	0	0	0	0	0	0	0	113.3	145.64	66	191.95	38.5	187	121.77	50.82	0	914.98
31.7578	0	0	0	0	0	0	0	0	103.73	138.05	60.5	195.14	38.5	189.64	118.91	50.82	0	895.29
31.7678	0	0	0	0	0	0	0	0	94.16	128.04	55.11	198.44	38.5	192.39	118.91	50.82	0	876.37
31.7778	0	0	0	0	0	0	0	0	86.57	120.56	52.69	204.82	38.5	195.03	118.91	50.82	0	867.9
31.7878	0	0	0	0	0	0	0	0	78.98	113.08	47.85	208.01	38.5	200.42	121.77	52.91	0	861.52
31.7978	0	0	0	0	0	0	0	0	71.28	105.93	45.43	211.2	38.5	203.06	124.63	52.91	0	852.94
31.8078	0	0	0	0	0	0	0	0	65.56	101.2	40.7	214.39	38.5	208.45	124.63	52.91	0	846.34
31.8178	0	0	0	0	0	0	0	0	59.84	94.05	38.28	217.58	38.5	211.2	127.6	52.91	0	839.96
31.8278	0	0	0	0	0	0	0	0	56.21	89.32	35.86	220.77	38.5	216.59	133.32	55.11	0	845.68
31.8378	0	0	0	0	0	0	0	0	50.93	82.28	33.44	226.93	38.5	221.98	136.29	57.53	0	847.88
31.8478	0	0	0	0	0	0	0	0	43.89	77.55	31.13	229.79	41.25	227.48	139.15	57.53	0	847.77
31.8578	0	0	0	0	0	0	0	0	40.37	70.4	28.71	232.76	41.25	233.09	144.98	59.95	0	851.51
31.8678	0	0	0	0	0	0	0	0	35.09	65.67	26.29	238.59	41.25	238.7	150.81	62.37	0	858.77
31.8778	0	0	0	0	0	0	0	0	31.57	58.63	23.87	241.45	44	247.06	156.53	64.9	0	868.01
31.8878	0	0	0	0	0	0	0	0	29.81	53.9	21.56	244.42	44	252.67	165.33	64.9	0	876.59
31.8978	0	0	0	0	0	0	0	0	26.29	49.17	21.56	247.28	44	258.28	168.3	69.74	0	884.62
31.9078	0	0	0	0	0	0	0	0	24.53	44.55	19.14	253.11	44	263.89	174.24	69.74	0	893.2
31.9178	0	0	0	0	0	0	0	0	22.77	39.82	16.72	255.97	46.75	269.39	180.18	72.16	0	903.76
31.9278	0	0	0	0	0	0	0	0	21.01	35.09	16.72	255.97	44	275	186.12	74.69	0	908.6
31.9378	0	0	0	0	0	0	0	0	21.01	30.47	14.3	258.94	44	280.61	189.09	77.11	0	915.53
31.9478	0	0	0	0	0	0	0	0	19.25	25.74	11.88	258.94	46.75	283.47	192.06	79.53	0	917.62
31.9578	0	0	0	0	0	0	0	0	17.49	21.01	11.88	255.97	44	289.08	195.14	81.95	0	916.52
31.9678	0	0	0	0	0	0	0	0	15.73	13.97	9.57	253.11	44	294.8	198.11	84.48	0	913.77
31.9778	0	0	0	0	0	0	0	0	13.97	9.35	7.15	244.42	41.25	300.41	201.08	89.32	0	906.95
31.9878	0	0	0	0	0	0	0	0	12.21	6.93	7.15	232.76	38.5	303.27	204.05	89.32	0	894.19
31.9978	6.93	0	0	0	0	0	0	0	12.21	6.93	7.15	214.39	35.75	303.27	201.08	94.27	6.93	875.05
32.0078	11.55	0	0	0	0	0	0	0	12.21	4.62	4.73	195.14	30.25	308.88	201.08	99.11	11.55	856.02
32.0178	23.21	0	0	0	0	0	0	0	10.45	4.62	4.73	172.81	24.75	308.88	201.08	101.53	23.21	828.85
32.0278	79.97	7.7	0	0	0	0	0	0	10.45	4.62	4.73	153.78	22	311.74	198.11	106.48	87.67	811.91
32.0378	211.2	31.13	14.52	6.82	0	3.85	0	0	10.45	0	4.73	131.67	16.5	314.49	198.11	111.32	267.52	787.27
32.0478	231.11	50.6	24.2	10.34	4.18	5.83	0	0	8.69	0	0	109.56	13.75	314.49	192.06	116.05	326.26	754.6
32.0578	238.92	80.74	43.56	25.85	10.56	11.66	0	0	6.93	0	0	84.48	11	308.88	186.12	118.25	411.29	715.66
32.0678	246.73	109.34	62.81	41.36	16.94	19.47	6.05	0	6.93	0	0	62.48	8.25	294.8	180.18	120.45	502.7	673.09
32.0778	251.9	124.3	74.58	53.35	19.03	25.3	9.13	7.04	5.17	0	0	45.21	5.5	272.25	168.3	122.76	564.63	619.19
32.0878	257.07	130.57	84.04	63.03	21.12	31.24	13.75	8.8	3.41	0	0	33.88	5.5	230.34	156.53	122.76	609.62	552.42
32.0978	254.43	132.66	91.08	67.43	23.21	41.03	18.26	10.56	0	0	0	22.55	5.5	181.61	139.15	122.76	638.66	471.57
32.1078	259.6	136.84	100.54	74.03	27.5	52.69	22.88	12.32	0	0	0	16.94	5.5	138.16	121.77	116.05	686.4	398.42
32.1178	267.41	138.93	110	76.23	29.59	60.83	28.93	14.08	0	0	0	11.22	5.5	105.49	104.17	104.06	726	330.44
32.1278	277.86	145.2	122.32	78.43	33.88	67.54	35.09	15.84	0	0	0	8.47	5.5	75.68	86.35	81.95	776.16	257.95
32.1378	295.68	151.47	134.64	78.43	35.97	72.05	39.71	17.6	0	0	0	5.61	5.5	56.98	74.36	57.53	825.55	199.98
32.1477	311.08	155.65	149.49	80.63	38.06	78.76	42.68	19.36	0	0	0	0	5.5	40.37	65.45	44.44	875.71	155.76
32.1577	318.67	161.92	156.97	85.03	40.15	83.27	45.76	22.88	0	0	0	0	0	30.8	56.54	33.88	914.65	121.22
32.1677	323.84	166.1	161.92	89.54	40.15	87.67	45.76	22.88	0	0	0	0	0	23.65	48.73	27.5	937.86	99.88
32.1777	323.84	170.61	164.34	93.94	40.15	89.98	47.3	24.64	0	0	0	0	0	18.92	38.5	21.12	954.8	78.54
32.1877	323.84	172.81	164.34	98.34	42.35	94.49	47.3	24.64	0	0	0	0	0	11.88	23.1	10.56	968.11	45.54
32.1977	318.67	177.43	159.39	102.74	42.35	98.89	47.3	26.4	0	0	0	0	0	7.04	7.7	8.47	973.17	23.21
32.2077	313.61	177.43	156.97	109.34	42.35	101.2	48.84	28.27	0	0	0	0	0	4.73	5.06	0	978.01	9.79
32.2177	305.91	177.43	154.44	113.85	42.35	103.4	48.84	28.27	0	0	0	0	0	4.73	5.06	0	974.49	9.79
32.2277	298.21	177.43	149.49	116.05	42.35	103.4	48.84	28.27	0	0	0	0	0	0	0	0	964.04	0
32.2377	287.98	175.12	144.54	120.56	44.44	105.6	48.84	28.27	0	0	0	0	0	0	0	0	955.35	0
32.2477	277.86	170.61	139.59	120.56	44.44	105.6	48.84	28.27	0	0	0	0	0	0	0	0	935.77	0
32.2577	267.41	166.1	134.64	122.76	44.44	105.6	50.38	30.03	0	0	0	0	0	0	0	0	921.36	0
32.2677	257.07	159.83	129.69	122.76	46.53	105.6	51.92	30.03	0	0	0	0	0	0	0	0	903.43	0
32.2777	246.73	153.56	124.74	122.76	46.53	105.6	53.46	30.03	0	0	0	0	0	0	0	0	883.41	0
32.2877	236.28	147.29	119.79	122.76	46.53	105.6	53.46	30.03	0	0	0	0	0	0	0	0	861.74	0
32.2977	228.58	143.11	117.37	122.76	46.53	105.6	55	30.03	0	0	0	0	0	0	0	0	848.98	0
32.3077	220.88	138.93	114.84	122.76	48.62	105.6	56.54	31.79	0	0	0	0	0	0	0	0	839.96	0
32.3177	213.62	134.75	112.42	122.76	48.62	105.6	58.3	31.79	0	0	0	0	0	0	0	0	827.86	0
32.3277	206.36	130.57	110	122.76	50.82	107.91	60.06	31.79	0	0	0	0	0	0	0	0	820.27	0
32.3377	203.94	126.39	110	122.76	50.82	110.11	60.06	33.55	0	0	0	0	0	0	0	0	817.63	0
32.3477	196.68	122.21	110	124.96	52.91	112.42	63.69	33.55	0	0	0	0	0	0	0	0	816.42	0
32.3577	194.15	122.21	107.69	129.47	52.91	114.51	65.56	35.31	0	0	0	0	0	0	0	0	821.81	0
32.3677	186.89	118.03	107.69	131.67	52.91	118.69	67.32	37.07	0	0	0	0	0	0	0	0	820.27	0
32.3777	182.05	115.94	107.69	136.18	55	122.98	69.19	37.07	0	0	0	0	0	0	0	0	826.1	0
32.3877	174.79	113.85	105.27	140.69	55	129.25	70.95	38.83	0	0	0	0	0	0	0	0	828.63	0
32.3977	167.53	111.54	102.96	147.4	55	135.63	74.58	40.59	0	0	0	0	0	0	0	0	835.23	0
32.4077	157.63	107.14	98.23	154.11	57.2	142.01	78.21	42.35	0	0	0	0	0	0	0	0	836.88	0
32.4177	145.31	102.74	93.5	163.02	57.2	150.48	81.84	45.87	0	0	0	0	0	0	0	0	839.96	0
32.4277	133.1	96.14	86.35	169.95	59.4	161.04	83.71	47.63	0	0	0	0	0	0	0	0	837.32	0
32.4377	120.78	89.54	79.31	179.41	59.4	169.73	87.23	52.91	0	0	0	0	0	0	0	0	838.31	0
32.4477	108.68	82.94	72.27	191.29	59.4	180.73	90.86	58.52	0	0	0	0	0	0	0	0	844.69	0
32.4577	95.48	76.34	62.81	198.33	59.4	189.53	92.73	64.57	0	0	0	0	0	0	0	0	839.19	0
32.4677	82.17	67.54	55.77	210.1	59.4	200.64	96.36	70.62	0	0	0	0	0	0	0	0	842.6	0
32.4777	71.17	58.74	45.98	217.25	59.4	209.44	98.12	78.65	0	0	0	0	0	0	0	0	838.75	0
32.4877	60.17	50.6	36.3	224.18	59.4	216.04	101.75	88.77	0	0	0	0	0	0	0	0	837.21	0
32.4977	51.04	42.79	29.04	226.49	59.4	224.95	105.38	102.96	0	0	0	0	0	0	0	0	842.05	0
32.5077	39.49	35.09	24.2	228.69	59.4	231.55	109.01	113.08	0	0	0	0	0	0	0	0	840.51	0
32.5177	34.76	31.13	19.36	228.69	59.4	238.15	112.64	121.44	0	0	0	0	0	0	0	0	845.57	0
32.5277	30.14	23.32	16.94	226.49	57.2	242.55	116.49	129.8	0	0	0	0	0	0	0	0	842.93	0
32.5377	25.52	17.49	14.52	219.56	55	246.95	118.47	136.07	0	0	0	0	0	0	0	0	833.58	0
32.5477	23.21	15.51	12.1	210.1	50.82	249.15	118.47	142.34	5.17	4.62	0	0	0	0	0	0	821.7	9.79
32.5577	20.9	15.51	12.1	195.91	46.53	251.35	118.47	146.52	6.93	6.93	0	0	0	0	0	0	807.29	13.86
32.5677	20.9	13.64	9.68	179.41	42.35	253.55	116.49	152.79	12.21	11.66	0	0	0	0	0	0	788.81	23.87
32.5777	18.59	13.64	9.68	163.02	38.06	255.75	112.64	156.97	17.49	18.7	0	0	0	0	0	0	768.35	36.19
32.5877	18.59	11.66	7.26	145.09	31.68	257.95	109.01	161.15	31.57	28.05	4.73	8.47	0	0	0	0	742.39	72.82
32.5977	16.17	11.66	7.26	124.96	27.5	260.15	105.38	167.42	82.72	56.21	9.57	14.08	0	0	5.06	0	720.5	167.64
32.6077	13.86	9.68	7.26	100.54	23.21	260.15	99.99	176.44	125.84	96.47	19.14	36.74	5.5	18.92	10.23	0	691.13	312.84
32.6177	13.86	9.68	7.26	78.43	16.94	253.55	96.36	181.06	153.34	128.04	35.86	56.54	11	42.68	10.23	8.47	657.14	446.16
32.6277	11.55	7.7	4.84	56.87	12.65	242.55	90.86	185.68	193.82	153.12	55.11	62.48	11	52.25	17.93	12.65	612.7	558.36
32.6377	9.24	5.83	4.84	39.6	10.56	220.55	85.47	187.99	221.65	165.66	74.14	68.75	16.5	62.04	38.5	16.94	564.08	664.18
32.6477	4.62	3.85	4.84	27.5	8.47	178.53	78.21	185.68	226.49	168.19	79.64	71.94	16.5	67.54	43.67	19.03	491.7	693
32.6577	0	0	0	20.68	6.27	129.25	70.95	176.44	221.65	165.66	82.39	75.02	19.25	72.93	48.73	21.12	403.59	706.75
32.6677	0	0	0	15.51	6.27	87.67	58.3	154.88	212.41	163.13	82.39	75.02	19.25	83.82	56.54	25.41	322.63	717.97
32.6777	0	0	0	11.99	6.27	60.83	50.38	117.26	217.03	170.61	90.53	81.29	22	94.6	65.45	27.5	246.73	769.01
32.6877	0	0	0	8.58	4.18	46.86	44.22	78.65	226.49	177.87	101.42	84.48	22	102.74	77.33	31.79	182.49	824.12
32.6977	0	0	0	5.17	0	35.09	38.17	54.67	241.23	187.55	112.42	90.75	24.75	110.99	89.32	35.97	133.1	892.98
32.7077	0	0	0	0	0	27.28	32.01	30.03	258.5	192.39	123.53	93.94	27.5	119.13	104.17	40.26	89.32	959.42
32.7177	0	0	0	0	0	19.47	24.42	19.36	268.4	199.65	134.64	97.02	30.25	127.27	115.94	44.44	63.25	1017.61
32.7277	0	0	0	0	0	13.64	16.72	8.8	268.4	204.49	137.5	106.48	33	132.77	121.77	46.53	39.16	1050.94
32.7377	0	0	0	3.41	0	9.68	9.13	0	263.45	206.91	137.5	112.75	33	143.66	130.46	48.73	22.22	1076.46
32.7477	0	0	0	0	0	5.83	4.51	0	256.08	206.91	137.5	122.21	35.75	149.05	136.29	50.82	10.34	1094.61
32.7577	0	0	0	0	0	5.83	4.51	0	246.18	206.91	134.64	128.48	35.75	157.19	139.15	52.91	10.34	1101.21
32.7677	0	0	0	0	0	3.85	2.97	0	231.44	202.07	129.14	134.86	35.75	162.69	142.12	55.11	6.82	1093.18
32.7777	0	0	0	0	0	3.85	0	0	214.72	197.23	123.53	137.94	38.5	168.19	144.98	55.11	3.85	1080.2
32.7877	0	0	0	0	0	0	0	0	198.55	189.97	115.17	144.32	38.5	170.83	147.84	57.53	0	1062.71
32.7977	0	0	0	0	0	0	0	0	182.27	182.71	106.92	150.59	38.5	173.47	144.98	57.53	0	1036.97
32.8077	0	0	0	0	0	0	0	0	166.1	173.03	98.67	153.78	38.5	178.86	144.98	57.53	0	1011.45
32.8177	0	0	0	0	0	0	0	0	153.34	165.66	93.28	160.05	38.5	181.61	147.84	57.53	0	997.81
32.8277	0	0	0	0	0	0	0	0	138.49	155.65	85.03	163.24	38.5	181.61	144.98	59.95	0	967.45
32.8377	0	0	0	0	0	0	0	0	125.84	145.64	76.89	166.43	38.5	184.25	147.84	59.95	0	945.34
32.8477	0	0	0	0	0	0	0	0	115.28	135.52	68.75	169.62	38.5	187	147.84	59.95	0	922.46
32.8577	0	0	0	0	0	0	0	0	105.71	128.04	63.25	172.81	38.5	189.64	147.84	59.95	0	905.74
32.8677	0	0	0	0	0	0	0	0	96.14	118.03	57.75	176	38.5	192.39	147.84	59.95	0	886.6
32.8777	0	0	0	0	0	0	0	0	86.57	110.66	52.69	176	38.5	195.03	147.84	62.37	0	869.66
32.8877	0	0	0	0	0	0	0	0	78.98	103.51	47.85	179.19	38.5	197.67	150.81	62.37	0	858.88
32.8977	0	0	0	0	0	0	0	0	71.28	98.78	45.43	182.38	38.5	200.42	156.53	62.37	0	855.69
32.9077	0	0	0	0	0	0	0	0	65.56	91.74	43.12	185.57	38.5	203.06	156.53	64.9	0	848.98
32.9177	0	0	0	0	0	0	0	0	59.84	87.01	38.28	188.76	38.5	208.45	159.5	67.32	0	847.66
32.9277	0	0	0	0	0	0	0	0	52.69	79.86	35.86	191.95	41.25	213.84	165.33	67.32	0	848.1
32.9377	0	0	0	0	0	0	0	0	49.17	75.13	33.44	195.14	41.25	216.59	171.27	69.74	0	851.73
32.9477	0	0	0	0	0	0	0	0	42.13	68.09	31.13	198.44	41.25	221.98	177.21	69.74	0	849.97
32.9577	0	0	0	0	0	0	0	0	38.61	63.36	26.29	204.82	44	224.73	183.15	72.16	0	857.12
32.9677	0	0	0	0	0	0	0	0	35.09	58.63	26.29	208.01	44	230.34	189.09	74.69	0	866.14
32.9777	0	0	0	0	0	0	0	0	31.57	51.59	23.87	211.2	44	235.95	198.11	77.11	0	873.4
32.9877	0	0	0	0	0	0	0	0	28.05	46.86	21.56	214.39	46.75	241.45	204.05	79.53	0	882.64
32.9977	0	0	0	0	0	0	0	0	26.29	42.13	19.14	217.58	46.75	247.06	209.99	81.95	0	890.89
33.0077	0	0	0	0	0	0	0	0	22.77	37.51	19.14	220.77	46.75	252.67	218.9	84.48	0	902.99
33.0177	0	0	0	0	0	0	0	0	22.77	32.78	16.72	224.07	49.5	255.42	224.73	86.9	0	912.89
33.0277	0	0	0	0	0	0	0	0	21.01	30.47	16.72	224.07	49.5	261.03	227.59	89.32	0	919.71
33.0377	0	0	0	0	0	0	0	0	19.25	23.43	14.3	224.07	49.5	266.64	233.2	91.74	0	922.13
33.0477	0	0	0	0	0	0	0	0	17.49	18.7	11.88	224.07	46.75	272.25	236.06	94.27	0	921.47
33.0577	0	0	0	0	0	0	0	0	15.73	11.66	9.57	220.77	44	277.86	238.92	96.69	0	915.2
33.0677	0	0	0	0	0	0	0	0	13.97	6.93	7.15	211.2	41.25	280.61	238.92	101.53	0	901.56
33.0777	0	0	0	0	0	0	0	0	13.97	4.62	7.15	198.44	38.5	280.61	238.92	101.53	0	883.74
33.0877	6.93	0	0	0	0	0	0	0	12.21	4.62	7.15	182.38	35.75	283.47	238.92	106.48	6.93	870.98
33.0977	13.86	0	0	0	0	0	0	0	12.21	4.62	4.73	163.24	30.25	286.33	236.06	108.9	13.86	846.34
33.1077	27.83	0	0	0	0	0	0	0	12.21	0	4.73	147.51	24.75	289.08	233.2	111.32	27.83	822.8
33.1177	95.48	9.68	0	0	0	0	0	0	10.45	0	4.73	128.48	19.25	291.94	230.45	116.05	105.16	801.35
33.1277	216.04	31.13	14.52	8.58	0	5.83	0	0	8.69	0	0	109.56	16.5	294.8	221.98	118.25	276.1	769.78
33.1377	225.94	50.6	24.2	13.75	4.18	5.83	0	0	8.69	0	0	90.75	13.75	291.94	215.93	120.45	324.5	741.51
33.1477	238.92	80.74	45.98	29.26	10.56	13.64	0	0	6.93	0	0	68.75	11	286.33	207.02	122.76	419.1	702.79
33.1577	249.26	111.54	65.12	44.77	16.94	21.45	4.51	0	6.93	0	0	53.68	8.25	272.25	195.14	122.76	513.59	659.01
33.1677	257.07	126.39	77	56.87	21.12	27.28	9.13	7.04	5.17	0	0	39.6	5.5	247.06	180.18	124.96	581.9	602.47
33.1777	262.24	132.66	86.35	67.43	21.12	33.22	12.21	7.04	3.41	0	0	28.27	5.5	211.2	162.36	122.76	622.27	533.5
33.1877	259.6	134.75	91.08	74.03	23.21	41.03	15.18	10.56	0	0	0	19.8	5.5	168.19	144.98	122.76	649.44	461.23
33.1977	262.24	136.84	98.23	80.63	25.41	50.71	19.8	12.32	0	0	0	14.08	5.5	130.02	124.63	113.85	686.18	388.08
33.2077	267.41	141.02	107.69	82.83	27.5	58.63	24.42	12.32	0	0	0	8.47	5.5	97.35	104.17	99.11	721.82	314.6
33.2177	277.86	147.29	114.84	87.34	31.68	67.54	28.93	15.84	0	0	0	5.61	5.5	72.93	86.35	79.53	771.32	249.92
33.2277	290.62	151.47	124.74	89.54	33.88	72.05	33.55	15.84	0	0	0	0	5.5	54.56	74.36	55.11	811.69	189.53
33.2377	303.38	157.74	134.64	93.94	35.97	76.56	36.63	17.6	0	0	0	0	5.5	40.37	65.45	42.35	856.46	153.67
33.2477	311.08	164.01	142.12	98.34	38.06	83.27	38.17	19.36	0	0	0	0	0	30.8	56.54	31.79	894.41	119.13
33.2577	313.61	168.3	144.54	104.94	38.06	87.67	39.71	21.12	0	0	0	0	0	23.65	48.73	25.41	917.95	97.79
33.2677	313.61	172.81	147.07	109.34	38.06	89.98	41.25	21.12	0	0	0	0	0	18.92	38.5	21.12	933.24	78.54
33.2777	311.08	175.12	147.07	116.05	40.15	94.49	41.25	22.88	0	0	0	0	0	11.88	23.1	8.47	948.09	43.45
33.2877	305.91	177.43	144.54	122.76	40.15	98.89	41.25	22.88	0	0	0	0	0	7.04	12.76	4.18	953.81	23.98
33.2977	298.21	177.43	142.12	129.47	40.15	101.2	42.68	24.64	0	0	0	0	0	4.73	7.7	0	955.9	12.43
33.3077	290.62	177.43	139.59	133.98	40.15	105.6	42.68	24.64	0	0	0	0	0	4.73	7.7	0	954.69	12.43
33.3177	282.92	175.12	137.17	138.38	40.15	105.6	42.68	24.64	0	0	0	0	0	0	0	0	946.66	0
33.3277	272.58	172.81	132.22	142.89	40.15	107.91	42.68	26.4	0	0	0	0	0	0	0	0	937.64	0
33.3377	262.24	168.3	127.27	145.09	42.35	110.11	42.68	26.4	0	0	0	0	0	0	0	0	924.44	0
33.3477	251.9	164.01	119.79	149.6	42.35	110.11	42.68	26.4	0	0	0	0	0	0	0	0	906.84	0
33.3577	238.92	159.83	117.37	151.8	42.35	110.11	42.68	28.27	0	0	0	0	0	0	0	0	891.33	0
33.3677	228.58	155.65	110	156.31	42.35	112.42	42.68	28.27	0	0	0	0	0	0	0	0	876.26	0
33.3777	216.04	151.47	105.27	158.51	42.35	112.42	42.68	28.27	0	0	0	0	0	0	0	0	857.01	0
33.3877	206.36	147.29	100.54	163.02	42.35	114.51	42.68	28.27	0	0	0	0	0	0	0	0	845.02	0
33.3977	196.68	143.11	95.81	167.64	42.35	116.6	42.68	28.27	0	0	0	0	0	0	0	0	833.14	0
33.4077	186.89	138.93	91.08	172.37	42.35	118.69	42.68	28.27	0	0	0	0	0	0	0	0	821.26	0
33.4177	177.21	134.75	88.77	177.1	44.44	120.78	42.68	30.03	0	0	0	0	0	0	0	0	815.76	0
33.4277	169.95	130.57	86.35	181.83	44.44	122.98	44.22	30.03	0	0	0	0	0	0	0	0	810.37	0
33.4377	165	126.39	81.73	186.56	44.44	127.16	44.22	31.79	0	0	0	0	0	0	0	0	807.29	0
33.4477	157.63	124.3	79.31	191.29	44.44	129.25	45.76	31.79	0	0	0	0	0	0	0	0	803.77	0
33.4577	152.68	120.12	79.31	195.91	46.53	133.54	47.3	31.79	0	0	0	0	0	0	0	0	807.18	0
33.4677	142.89	115.94	74.58	200.64	46.53	137.72	48.84	33.55	0	0	0	0	0	0	0	0	800.69	0
33.4777	137.94	109.34	72.27	205.37	46.53	142.01	50.38	35.31	0	0	0	0	0	0	0	0	799.15	0
33.4877	130.57	104.94	69.85	210.1	48.62	148.39	51.92	35.31	0	0	0	0	0	0	0	0	799.7	0
33.4977	120.78	98.34	67.54	214.83	48.62	154.66	56.54	38.83	0	0	0	0	0	0	0	0	800.14	0
33.5077	113.41	93.94	65.12	221.98	50.82	163.13	58.3	40.59	0	0	0	0	0	0	0	0	807.29	0
33.5177	104.28	87.34	60.39	226.49	50.82	171.93	61.93	42.35	0	0	0	0	0	0	0	0	805.53	0
33.5277	95.48	80.74	55.77	231	52.91	180.73	65.56	45.87	0	0	0	0	0	0	0	0	808.06	0
33.5377	86.68	74.14	50.82	237.82	52.91	189.53	69.19	49.39	0	0	0	0	0	0	0	0	810.48	0
33.5477	75.57	65.34	43.56	242.33	52.91	198.44	74.58	52.91	0	0	0	0	0	0	0	0	805.64	0
33.5577	66.77	56.54	36.3	246.84	55	205.04	78.21	58.52	0	0	0	0	0	0	0	0	803.22	0
33.5677	55.77	48.73	29.04	249.15	55	213.84	83.71	66.55	0	0	0	0	0	0	0	0	801.79	0
33.5776	46.42	40.92	26.62	251.46	55	222.75	89.1	72.6	0	0	0	0	0	0	0	0	804.87	0
33.5876	39.49	36.96	21.78	251.46	55	229.35	94.49	80.74	0	0	0	0	0	0	0	0	809.27	0
33.5976	34.76	31.13	19.36	251.46	55	238.15	99.99	94.82	0	0	0	0	0	0	0	0	824.67	0
33.6076	30.14	27.28	16.94	249.15	55	242.55	103.62	106.92	0	0	0	0	0	0	0	0	831.6	0
33.6176	25.52	21.34	14.52	244.64	52.91	249.15	107.25	117.26	0	0	0	0	0	0	0	0	832.59	0
33.6276	23.21	17.49	12.1	235.51	50.82	253.55	109.01	123.53	0	0	0	0	0	0	0	0	825.22	0
33.6376	20.9	15.51	12.1	224.18	46.53	255.75	109.01	129.8	3.41	4.62	0	0	0	0	0	0	813.78	8.03
33.6476	20.9	15.51	9.68	210.1	42.35	257.95	109.01	133.98	6.93	9.35	0	0	0	0	0	0	799.48	16.28
33.6576	18.59	13.64	9.68	193.6	40.15	260.15	107.25	140.25	10.45	11.66	0	0	0	0	0	0	783.31	22.11
33.6676	18.59	13.64	7.26	174.68	33.88	262.35	107.25	146.52	15.73	18.7	4.73	0	0	0	0	0	764.17	39.16
33.6776	16.17	11.66	7.26	154.11	31.68	264.55	103.62	152.79	33.33	30.47	4.73	11.22	0	0	0	0	741.84	79.75
33.6876	16.17	11.66	7.26	131.67	25.41	264.55	101.75	159.06	96.14	72.82	14.3	19.8	0	4.73	5.06	0	717.53	212.85
33.6976	13.86	9.68	7.26	104.94	21.12	262.35	98.12	167.42	138.49	113.08	23.87	45.21	5.5	21.34	10.23	4.18	684.75	361.9
33.7076	11.55	7.7	4.84	78.43	16.94	255.75	96.36	174.13	166.1	140.58	40.7	62.48	11	49.83	10.23	8.47	645.7	489.39
33.7176	9.24	7.7	4.84	53.35	12.65	240.35	92.73	181.06	203.17	163.13	60.5	71.94	13.75	62.04	23.1	12.65	601.92	610.28
33.7276	6.93	5.83	4.84	36.19	8.47	211.64	89.1	183.37	219.34	168.19	71.39	75.02	19.25	70.18	38.5	16.94	546.37	678.81
33.7376	4.62	3.85	0	25.85	8.47	165.33	81.84	183.37	217.03	165.66	74.14	75.02	19.25	75.68	43.67	21.12	473.33	691.57
33.7476	0	0	0	18.92	6.27	114.51	69.19	171.82	205.48	165.66	74.14	78.21	19.25	83.82	48.73	23.21	380.71	698.5
33.7576	0	0	0	15.51	6.27	76.56	56.54	146.52	203.17	170.61	76.89	84.48	22	94.6	56.54	25.41	301.4	733.7
33.7676	0	0	0	10.34	6.27	54.67	47.3	102.96	210.1	177.87	85.03	90.75	24.75	105.49	68.42	29.59	221.54	792
33.7776	0	0	0	6.82	4.18	41.03	41.25	68.64	224.07	189.97	96.03	100.21	27.5	113.63	77.33	33.88	161.92	862.62
33.7876	0	0	0	3.41	0	31.24	35.09	40.59	241.23	199.65	109.67	103.29	30.25	124.52	89.32	38.06	110.33	935.99
33.7976	0	0	0	0	0	23.43	27.5	24.64	256.08	206.91	117.92	109.56	30.25	132.77	98.23	42.35	75.57	994.07
33.8076	0	0	0	0	0	17.49	21.34	14.08	263.45	214.17	123.53	115.94	33	138.16	107.14	44.44	52.91	1039.83
33.8176	0	0	0	0	0	11.66	12.21	3.52	260.92	219.01	126.28	122.21	33	146.3	110.22	44.44	27.39	1062.38
33.8276	0	0	0	3.41	0	7.81	4.51	0	258.5	221.43	126.28	131.67	35.75	151.8	115.94	46.53	15.73	1087.9
33.8376	0	0	0	3.41	0	5.83	2.97	0	248.6	221.43	123.53	137.94	35.75	159.94	118.91	46.53	12.21	1092.63
33.8476	0	0	0	0	0	5.83	0	0	236.28	219.01	120.78	144.32	35.75	162.69	118.91	48.73	5.83	1086.47
33.8576	0	0	0	0	0	3.85	0	0	224.07	214.17	115.17	150.59	38.5	165.44	121.77	48.73	3.85	1078.44
33.8676	0	0	0	3.41	0	0	0	0	207.79	206.91	109.67	153.78	38.5	170.83	121.77	50.82	3.41	1060.07
33.8776	0	0	0	0	0	0	0	0	193.82	199.65	104.17	160.05	38.5	173.47	121.77	50.82	0	1042.25
33.8876	0	0	0	0	0	0	0	0	177.65	192.39	96.03	163.24	38.5	176.22	124.63	52.91	0	1021.57
33.8976	0	0	0	0	0	0	0	0	163.9	182.71	87.78	169.62	38.5	178.86	121.77	52.91	0	996.05
33.9076	0	0	0	0	0	0	0	0	151.25	173.03	82.39	176	38.5	181.61	121.77	52.91	0	977.46
33.9176	0	0	0	0	0	0	0	0	138.49	165.66	74.14	179.19	38.5	181.61	118.91	52.91	0	949.41
33.9276	0	0	0	0	0	0	0	0	125.84	155.65	68.75	185.57	38.5	187	118.91	52.91	0	933.13
33.9376	0	0	0	0	0	0	0	0	115.28	148.06	63.25	188.76	38.5	187	118.91	52.91	0	912.67
33.9476	0	0	0	0	0	0	0	0	105.71	138.05	57.75	195.14	38.5	189.64	115.94	52.91	0	893.64
33.9576	0	0	0	0	0	0	0	0	98.01	130.57	52.69	198.44	35.75	195.03	118.91	52.91	0	882.31
33.9676	0	0	0	0	0	0	0	0	90.42	123.09	50.27	201.63	35.75	197.67	118.91	55.11	0	872.85
33.9776	0	0	0	0	0	0	0	0	84.7	118.03	47.85	204.82	38.5	200.42	118.91	55.11	0	868.34
33.9876	0	0	0	0	0	0	0	0	78.98	110.66	43.12	208.01	38.5	203.06	121.77	55.11	0	859.21
33.9976	0	0	0	0	0	0	0	0	73.15	108.24	43.12	214.39	38.5	208.45	124.63	57.53	0	868.01
34.0076	0	0	0	0	0	0	0	0	67.43	103.51	40.7	217.58	38.5	213.84	124.63	57.53	0	863.72
34.0176	0	0	0	0	0	0	0	0	61.71	98.78	38.28	224.07	38.5	216.59	130.46	57.53	0	865.92
34.0276	0	0	0	0	0	0	0	0	56.21	91.74	33.44	226.93	38.5	221.98	133.32	59.95	0	862.07
34.0376	0	0	0	0	0	0	0	0	50.93	84.59	31.13	232.76	41.25	227.48	136.29	62.37	0	866.8
34.0476	0	0	0	0	0	0	0	0	45.65	79.86	31.13	238.59	41.25	233.09	142.12	62.37	0	874.06
34.0576	0	0	0	0	0	0	0	0	40.37	72.82	26.29	244.42	44	238.7	147.84	64.9	0	879.34
34.0676	0	0	0	0	0	0	0	0	36.85	65.67	26.29	247.28	44	247.06	153.67	67.32	0	888.14
34.0776	0	0	0	0	0	0	0	0	31.57	60.94	23.87	253.11	44	252.67	162.36	69.74	0	898.26
34.0876	0	0	0	0	0	0	0	0	29.81	53.9	21.56	255.97	46.75	258.28	168.3	72.16	0	906.73
34.0976	0	0	0	0	0	0	0	0	26.29	46.86	19.14	258.94	46.75	266.64	177.21	74.69	0	916.52
34.1076	0	0	0	0	0	0	0	0	22.77	39.82	16.72	261.8	46.75	272.25	183.15	79.53	0	922.79
34.1176	0	0	0	0	0	0	0	0	21.01	35.09	14.3	261.8	46.75	277.86	192.06	81.95	0	930.82
34.1276	0	0	0	0	0	0	0	0	19.25	28.05	14.3	261.8	46.75	286.33	195.14	84.48	0	936.1
34.1376	0	0	0	0	0	0	0	0	17.49	21.01	11.88	258.94	46.75	289.08	201.08	89.32	0	935.55
34.1476	0	0	0	0	0	0	0	0	15.73	13.97	9.57	253.11	44	294.8	204.05	91.74	0	926.97
34.1576	4.62	0	0	0	0	0	0	0	13.97	9.35	7.15	241.45	41.25	300.41	204.05	94.27	4.62	911.9
34.1676	9.24	0	0	0	0	0	0	0	12.21	6.93	7.15	226.93	38.5	300.41	204.05	96.69	9.24	892.87
34.1776	16.17	0	0	0	0	0	0	0	12.21	6.93	4.73	204.82	33	303.27	204.05	101.53	16.17	870.54
34.1876	32.45	0	0	0	0	0	0	0	12.21	4.62	4.73	185.57	27.5	306.02	204.05	106.48	32.45	851.18
34.1976	118.36	11.66	4.84	0	0	0	0	0	10.45	4.62	4.73	163.24	24.75	308.88	201.08	111.32	134.86	829.07
34.2076	225.94	33.11	19.36	8.58	0	3.85	0	0	10.45	0	4.73	137.94	16.5	311.74	198.11	116.05	290.84	795.52
34.2176	238.92	52.58	33.88	15.51	4.18	5.83	0	0	10.45	0	0	112.75	13.75	311.74	192.06	120.45	350.9	761.2
34.2276	249.26	80.74	55.77	29.26	10.56	13.64	0	3.52	8.69	0	0	87.56	11	306.02	186.12	124.96	442.75	724.35
34.2376	251.9	102.74	72.27	41.36	16.94	19.47	4.51	7.04	6.93	0	0	62.48	8.25	294.8	177.21	127.16	516.23	676.83
34.2476	249.26	113.85	79.31	53.35	19.03	23.43	7.59	8.8	5.17	0	0	45.21	5.5	272.25	168.3	127.16	554.62	623.59
34.2576	246.73	115.94	86.35	58.63	21.12	31.24	12.21	10.56	3.41	0	0	33.88	5.5	235.95	153.67	129.47	582.78	561.88
34.2676	241.45	118.03	91.08	63.03	23.21	42.9	16.72	10.56	0	0	0	22.55	0	187	139.15	129.47	606.98	478.17
34.2776	244.09	122.21	100.54	67.43	27.5	52.69	22.88	12.32	0	0	0	14.08	5.5	140.91	121.77	124.96	649.66	407.22
34.2876	251.9	126.39	110	69.63	29.59	58.63	28.93	14.08	0	0	0	11.22	5.5	105.49	104.17	108.9	689.15	335.28
34.2976	267.41	132.66	124.74	71.83	33.88	67.54	35.09	15.84	0	0	0	8.47	5.5	78.32	89.32	89.32	748.99	270.93
34.3076	285.45	138.93	139.59	71.83	35.97	72.05	39.71	19.36	0	0	0	5.61	5.5	56.98	74.36	64.9	802.89	207.35
34.3176	300.85	145.2	154.44	76.23	38.06	78.76	42.68	21.12	0	0	0	0	5.5	42.68	65.45	48.73	857.34	162.36
34.3276	311.08	149.38	164.34	80.63	38.06	85.47	45.76	22.88	0	0	0	0	0	33.22	56.54	35.97	897.6	125.73
34.3376	313.61	153.56	169.29	85.03	40.15	92.18	47.3	24.64	0	0	0	0	0	26.07	51.37	27.5	925.76	104.94
34.3476	313.61	157.74	171.82	93.94	40.15	96.69	47.3	24.64	0	0	0	0	0	18.92	41.03	21.12	945.89	81.07
34.3576	311.08	161.92	169.29	100.54	40.15	103.4	48.84	26.4	0	0	0	0	0	14.19	25.63	12.65	961.62	52.47
34.3676	303.38	166.1	166.87	109.34	40.15	107.91	48.84	26.4	0	0	0	0	0	7.04	10.23	4.18	968.99	21.45
34.3776	295.68	168.3	159.39	120.56	42.35	112.42	48.84	28.27	0	0	0	0	0	4.73	7.7	0	975.81	12.43
34.3876	285.45	168.3	154.44	129.47	42.35	116.6	47.3	28.27	0	0	0	0	0	4.73	7.7	0	972.18	12.43
34.3976	275.22	168.3	147.07	138.38	42.35	118.69	47.3	28.27	0	0	0	0	0	4.73	5.06	0	965.58	9.79
34.4076	262.24	164.01	139.59	145.09	42.35	120.78	45.76	28.27	0	0	0	0	0	0	0	0	948.09	0
34.4176	249.26	161.92	134.64	149.6	42.35	120.78	45.76	28.27	0	0	0	0	0	0	0	0	932.58	0
34.4276	233.75	155.65	124.74	156.31	42.35	122.98	45.76	28.27	0	0	0	0	0	0	0	0	909.81	0
34.4376	220.88	151.47	119.79	160.82	42.35	122.98	45.76	30.03	0	0	0	0	0	0	0	0	894.08	0
34.4476	208.78	147.29	110	165.33	42.35	125.07	44.22	30.03	0	0	0	0	0	0	0	0	873.07	0
34.4576	196.68	141.02	105.27	169.95	42.35	127.16	44.22	30.03	0	0	0	0	0	0	0	0	856.68	0
34.4676	186.89	136.84	98.23	174.68	42.35	127.16	44.22	30.03	0	0	0	0	0	0	0	0	840.4	0
34.4776	174.79	130.57	93.5	179.41	42.35	129.25	44.22	31.79	0	0	0	0	0	0	0	0	825.88	0
34.4876	165	126.39	86.35	186.56	42.35	131.45	44.22	31.79	0	0	0	0	0	0	0	0	814.11	0
34.4976	152.68	120.12	81.73	191.29	42.35	135.63	45.76	31.79	0	0	0	0	0	0	0	0	801.35	0
34.5076	145.31	115.94	77	195.91	42.35	137.72	45.76	31.79	0	0	0	0	0	0	0	0	791.78	0
34.5176	137.94	111.54	74.58	200.64	44.44	142.01	47.3	31.79	0	0	0	0	0	0	0	0	790.24	0
34.5276	130.57	104.94	72.27	205.37	44.44	146.19	47.3	33.55	0	0	0	0	0	0	0	0	784.63	0
34.5376	123.2	100.54	67.54	210.1	44.44	152.57	48.84	33.55	0	0	0	0	0	0	0	0	780.78	0
34.5476	115.83	96.14	65.12	217.25	44.44	158.95	51.92	35.31	0	0	0	0	0	0	0	0	784.96	0
34.5576	108.68	91.74	62.81	221.98	46.53	165.33	53.46	37.07	0	0	0	0	0	0	0	0	787.6	0
34.5676	102.08	87.34	58.08	226.49	46.53	169.73	56.54	38.83	0	0	0	0	0	0	0	0	785.62	0
34.5776	95.48	80.74	53.24	231	48.62	178.53	58.3	40.59	0	0	0	0	0	0	0	0	786.5	0
34.5876	88.88	76.34	50.82	235.51	48.62	185.13	61.93	44.11	0	0	0	0	0	0	0	0	791.34	0
34.5976	79.97	69.74	45.98	240.13	48.62	191.73	63.69	45.87	0	0	0	0	0	0	0	0	785.73	0
34.6076	73.37	63.14	41.14	244.64	50.82	198.44	67.32	51.15	0	0	0	0	0	0	0	0	790.02	0
34.6176	64.57	56.54	36.3	249.15	50.82	205.04	70.95	54.67	0	0	0	0	0	0	0	0	788.04	0
34.6276	55.77	50.6	31.46	253.66	52.91	211.64	74.58	60.5	0	0	0	0	0	0	0	0	791.12	0
34.6376	46.42	42.79	26.62	255.97	52.91	218.24	78.21	66.55	0	0	0	0	0	0	0	0	787.71	0
34.6476	39.49	36.96	21.78	258.28	50.82	227.15	81.84	72.6	0	0	0	0	0	0	0	0	788.92	0
34.6576	34.76	33.11	19.36	258.28	50.82	233.75	87.23	80.74	0	0	0	0	0	0	0	0	798.05	0
34.6676	30.14	27.28	16.94	258.28	52.91	240.35	90.86	86.79	0	0	0	0	0	0	0	0	803.55	0
34.6776	27.83	23.32	16.94	253.66	50.82	246.95	94.49	104.94	0	0	0	0	0	0	0	0	818.95	0
34.6876	23.21	19.47	14.52	251.46	50.82	251.35	98.12	117.26	0	0	0	0	0	0	0	0	826.21	0
34.6976	23.21	17.49	12.1	244.64	48.62	257.95	101.75	125.62	0	0	0	0	0	0	0	0	831.38	0
34.7076	20.9	15.51	9.68	235.51	46.53	262.35	103.62	133.98	0	0	0	0	0	0	0	0	828.08	0
34.7176	20.9	15.51	9.68	219.56	42.35	266.75	103.62	142.34	3.41	4.62	0	0	0	0	0	0	820.71	8.03
34.7276	18.59	13.64	9.68	205.37	40.15	268.95	103.62	146.52	5.17	6.93	0	0	0	0	0	0	806.52	12.1
34.7376	16.17	13.64	7.26	186.56	35.97	271.15	101.75	154.88	8.69	11.66	0	0	0	0	0	0	787.38	20.35
34.7476	16.17	11.66	7.26	165.33	31.68	273.35	99.99	165.33	13.97	18.7	4.73	0	0	0	0	0	770.77	37.4
34.7576	13.86	11.66	4.84	142.89	27.5	273.35	98.12	171.82	22.77	25.74	4.73	8.47	0	0	0	0	744.04	61.71
34.7676	13.86	9.68	7.26	120.56	23.21	273.35	94.49	178.75	69.41	51.59	9.57	14.08	0	0	0	0	721.16	144.65
34.7776	11.55	9.68	4.84	98.34	19.03	271.15	92.73	183.37	130.02	103.51	21.56	36.74	0	14.19	10.23	0	690.69	316.25
34.7876	11.55	7.7	4.84	76.23	14.74	264.55	89.1	187.99	159.72	138.05	33.44	59.4	8.25	37.95	10.23	8.47	656.7	455.51
34.7976	9.24	5.83	4.84	55.11	12.65	249.15	85.47	192.61	198.55	168.19	55.11	71.94	13.75	59.4	17.93	12.65	614.9	597.52
34.8076	6.93	5.83	4.84	39.6	8.47	220.55	80.08	194.92	226.49	180.29	71.39	78.21	16.5	70.18	35.97	16.94	561.22	695.97
34.8176	0	3.85	0	29.26	6.27	174.13	72.82	192.61	228.91	180.29	76.89	81.29	19.25	75.68	43.67	19.03	478.94	725.01
34.8276	0	0	0	22.33	6.27	122.98	63.69	183.37	219.34	180.29	76.89	81.29	19.25	81.07	46.2	23.21	398.64	727.54
34.8376	0	0	0	18.92	6.27	83.27	55	154.88	210.1	180.29	76.89	87.56	22	91.96	53.9	25.41	318.34	748.11
34.8476	0	0	0	13.75	6.27	56.65	48.84	110.99	212.41	187.55	82.39	93.94	24.75	102.74	62.48	29.59	236.5	795.85
34.8576	0	0	0	8.58	4.18	44.88	41.25	72.6	219.34	197.23	93.28	103.29	24.75	113.63	71.39	33.88	171.49	856.79
34.8676	0	0	0	5.17	0	33.22	35.09	47.63	231.44	204.49	101.42	106.48	27.5	121.88	83.27	35.97	121.11	912.45
34.8776	0	0	0	0	0	23.43	27.5	26.4	246.18	211.75	115.17	112.75	30.25	132.77	95.26	40.26	77.33	984.39
34.8876	0	0	0	0	0	17.49	19.8	15.84	253.55	219.01	120.78	119.02	33	140.91	104.17	44.44	53.13	1034.88
34.8976	0	0	0	3.41	0	11.66	10.67	3.52	253.55	221.43	123.53	128.48	33	149.05	110.22	44.44	29.26	1063.7
34.9076	0	0	0	3.41	0	7.81	2.97	0	248.6	223.85	123.53	137.94	35.75	157.19	115.94	46.53	14.19	1089.33
34.9176	0	0	0	3.41	0	5.83	0	0	238.81	223.85	120.78	144.32	35.75	162.69	115.94	48.73	9.24	1090.87
34.9276	0	0	0	3.41	0	3.85	0	0	226.49	221.43	117.92	153.78	35.75	168.19	121.77	48.73	7.26	1094.06
34.9376	0	0	0	3.41	0	3.85	0	0	212.41	214.17	112.42	160.05	35.75	173.47	121.77	50.82	7.26	1080.86
34.9476	0	0	0	3.41	0	0	0	0	198.55	209.33	106.92	166.43	35.75	178.86	121.77	50.82	3.41	1068.43
34.9576	0	0	0	3.41	0	0	0	0	184.58	199.65	98.67	172.81	35.75	181.61	121.77	52.91	3.41	1047.75
34.9676	0	0	0	3.41	0	0	0	0	168.41	192.39	93.28	176	35.75	184.25	124.63	50.82	3.41	1025.53
34.9776	0	0	0	0	0	0	0	0	155.43	182.71	85.03	182.38	35.75	187	121.77	52.91	0	1002.98
34.9876	0	0	0	0	0	0	0	0	142.78	173.03	76.89	185.57	35.75	189.64	118.91	52.91	0	975.48
34.9976	0	0	0	0	0	0	0	0	130.02	163.13	68.75	191.95	35.75	189.64	118.91	52.91	0	951.06
35.0075	0	0	0	0	0	0	0	0	117.37	153.12	63.25	195.14	35.75	192.39	115.94	52.91	0	925.87
35.0175	0	0	0	0	0	0	0	0	109.45	145.64	57.75	201.63	35.75	195.03	115.94	52.91	0	914.1
35.0275	0	0	0	0	0	0	0	0	98.01	135.52	52.69	204.82	35.75	197.67	115.94	55.11	0	895.51
35.0375	0	0	0	0	0	0	0	0	90.42	128.04	47.85	211.2	35.75	200.42	115.94	55.11	0	884.73
35.0475	0	0	0	0	0	0	0	0	80.85	118.03	43.12	217.58	35.75	205.81	115.94	55.11	0	872.19
35.0575	0	0	0	0	0	0	0	0	73.15	110.66	40.7	220.77	35.75	208.45	115.94	55.11	0	860.53
35.0675	0	0	0	0	0	0	0	0	65.56	105.93	38.28	224.07	35.75	213.84	118.91	55.11	0	857.45
35.0775	0	0	0	0	0	0	0	0	59.84	98.78	33.44	229.79	35.75	216.59	118.91	57.53	0	850.63
35.0875	0	0	0	0	0	0	0	0	52.69	91.74	31.13	232.76	35.75	221.98	121.77	57.53	0	845.35
35.0975	0	0	0	0	0	0	0	0	45.65	84.59	28.71	238.59	35.75	224.73	124.63	59.95	0	842.6
35.1075	0	0	0	0	0	0	0	0	42.13	77.55	26.29	244.42	35.75	230.34	127.6	59.95	0	844.03
35.1175	0	0	0	0	0	0	0	0	38.61	72.82	23.87	247.28	38.5	235.95	130.46	59.95	0	847.44
35.1275	0	0	0	0	0	0	0	0	35.09	65.67	23.87	253.11	38.5	241.45	133.32	62.37	0	853.38
35.1375	0	0	0	0	0	0	0	0	31.57	63.36	21.56	258.94	38.5	247.06	139.15	62.37	0	862.51
35.1475	0	0	0	0	0	0	0	0	29.81	58.63	19.14	264.77	38.5	252.67	142.12	64.9	0	870.54
35.1575	0	0	0	0	0	0	0	0	28.05	53.9	19.14	267.63	41.25	258.28	144.98	64.9	0	878.13
35.1675	0	0	0	0	0	0	0	0	24.53	49.17	16.72	273.46	41.25	263.89	150.81	67.32	0	887.15
35.1775	0	0	0	0	0	0	0	0	24.53	44.55	16.72	279.51	41.25	272.25	153.67	69.74	0	902.22
35.1875	0	0	0	0	0	0	0	0	22.77	39.82	14.3	285.89	41.25	280.61	156.53	74.69	0	915.86
35.1975	0	0	0	0	0	0	0	0	21.01	35.09	14.3	288.97	41.25	286.33	159.5	74.69	0	921.14
35.2075	0	0	0	0	0	0	0	0	19.25	30.47	11.88	292.16	38.5	294.8	159.5	79.53	0	926.09
35.2175	0	0	0	0	0	0	0	0	17.49	25.74	11.88	295.35	38.5	303.27	162.36	81.95	0	936.54
35.2275	0	0	0	0	0	0	0	0	15.73	21.01	9.57	295.35	38.5	308.88	165.33	86.9	0	941.27
35.2375	0	0	0	0	0	0	0	0	13.97	13.97	9.57	288.97	35.75	317.35	165.33	89.32	0	934.23
35.2475	0	0	0	0	0	0	0	0	12.21	9.35	7.15	279.51	33	322.96	165.33	91.74	0	921.25
35.2575	0	0	0	0	0	0	0	0	12.21	9.35	7.15	264.77	30.25	328.68	162.36	94.27	0	909.04
35.2675	4.62	0	0	0	0	0	0	0	12.21	6.93	4.73	247.28	27.5	331.54	159.5	96.69	4.62	886.38
35.2775	13.86	3.85	0	0	0	0	0	0	12.21	6.93	4.73	226.93	22	337.15	156.53	101.53	17.71	868.01
35.2875	34.76	3.85	0	0	0	0	0	0	10.45	6.93	4.73	201.63	19.25	342.76	153.67	106.48	38.61	845.9
35.2975	137.94	25.3	7.26	6.82	0	5.83	0	0	10.45	4.62	4.73	176	16.5	348.48	147.84	108.9	183.15	817.52
35.3075	244.09	50.6	19.36	13.75	4.18	9.68	2.97	0	8.69	0	4.73	150.59	11	351.23	142.12	113.85	344.63	782.21
35.3175	244.09	74.14	36.3	25.85	8.47	13.64	0	0	8.69	0	0	122.21	11	351.23	136.29	118.25	402.49	747.67
35.3275	251.9	107.14	58.08	41.36	16.94	21.45	6.05	0	6.93	0	0	93.94	8.25	340.01	127.6	122.76	502.92	699.49
35.3375	257.07	124.3	72.27	56.87	19.03	27.28	10.67	5.28	5.17	0	0	68.75	5.5	322.96	121.77	124.96	572.77	649.11
35.3475	267.41	132.66	81.73	67.43	23.21	35.09	13.75	7.04	3.41	0	0	50.82	5.5	291.94	110.22	129.47	628.32	591.36
35.3575	264.88	134.75	86.35	71.83	23.21	42.9	18.26	8.8	0	0	0	39.6	0	238.7	104.17	129.47	650.98	511.94
35.3675	262.24	134.75	93.5	74.03	25.41	52.69	21.34	10.56	0	0	0	28.27	0	178.86	92.29	129.47	674.52	428.89
35.3775	267.41	138.93	98.23	78.43	29.59	60.83	25.96	12.32	0	0	0	22.55	0	135.41	83.27	116.05	711.7	357.28
35.3875	275.22	143.11	105.27	80.63	31.68	67.54	30.47	14.08	0	0	0	16.94	0	97.35	77.33	96.69	748	288.31
35.3975	287.98	149.38	114.84	82.83	33.88	72.05	35.09	14.08	0	0	0	14.08	0	67.54	68.42	69.74	790.13	219.78
35.4075	300.85	155.65	124.74	87.34	38.06	78.76	38.17	15.84	0	0	0	8.47	5.5	49.83	62.48	52.91	839.41	179.19
35.4175	311.08	161.92	134.64	91.74	38.06	85.47	41.25	17.6	0	0	0	0	0	37.95	53.9	42.35	881.76	134.2
35.4275	318.67	168.3	139.59	96.14	40.15	89.98	41.25	19.36	0	0	0	0	0	28.49	48.73	31.79	913.44	109.01
35.4375	321.31	172.81	142.12	102.74	40.15	94.49	42.68	19.36	0	0	0	0	0	23.65	38.5	25.41	935.66	87.56
35.4475	318.67	177.43	142.12	109.34	40.15	98.89	42.68	21.12	0	0	0	0	0	16.61	25.63	14.74	950.4	56.98
35.4575	313.61	179.63	139.59	116.05	40.15	101.2	44.22	22.88	0	0	0	0	0	9.46	12.76	4.18	957.33	26.4
35.4675	308.44	181.94	139.59	120.56	40.15	105.6	44.22	22.88	0	0	0	0	0	7.04	7.7	4.18	963.38	18.92
35.4775	300.85	181.94	137.17	127.27	42.35	110.11	44.22	24.64	0	0	0	0	0	4.73	5.06	0	968.55	9.79
35.4875	290.62	181.94	132.22	131.67	42.35	112.42	44.22	24.64	0	0	0	0	0	4.73	0	0	960.08	4.73
35.4975	282.92	177.43	129.69	133.98	42.35	114.51	45.76	26.4	0	0	0	0	0	0	0	0	953.04	0
35.5075	272.58	172.81	124.74	138.38	44.44	114.51	45.76	26.4	0	0	0	0	0	0	0	0	939.62	0
35.5175	259.6	168.3	119.79	140.69	44.44	116.6	45.76	28.27	0	0	0	0	0	0	0	0	923.45	0
35.5275	249.26	164.01	114.84	142.89	44.44	116.6	47.3	28.27	0	0	0	0	0	0	0	0	907.61	0
35.5375	238.92	157.74	112.42	142.89	44.44	118.69	47.3	28.27	0	0	0	0	0	0	0	0	890.67	0
35.5475	228.58	153.56	107.69	145.09	44.44	118.69	48.84	30.03	0	0	0	0	0	0	0	0	876.92	0
35.5575	220.88	149.38	105.27	145.09	46.53	118.69	50.38	30.03	0	0	0	0	0	0	0	0	866.25	0
35.5675	213.62	145.2	102.96	147.4	46.53	118.69	51.92	30.03	0	0	0	0	0	0	0	0	856.35	0
35.5775	208.78	141.02	100.54	145.09	48.62	120.78	51.92	30.03	0	0	0	0	0	0	0	0	846.78	0
35.5875	203.94	136.84	100.54	145.09	48.62	120.78	53.46	31.79	0	0	0	0	0	0	0	0	841.06	0
35.5975	199.1	132.66	98.23	147.4	48.62	120.78	55	31.79	0	0	0	0	0	0	0	0	833.58	0
35.6075	194.15	130.57	98.23	147.4	50.82	122.98	56.54	31.79	0	0	0	0	0	0	0	0	832.48	0
35.6175	189.31	126.39	95.81	149.6	50.82	125.07	58.3	33.55	0	0	0	0	0	0	0	0	828.85	0
35.6275	182.05	122.21	95.81	151.8	52.91	129.25	60.06	35.31	0	0	0	0	0	0	0	0	829.4	0
35.6375	174.79	120.12	93.5	156.31	52.91	135.63	63.69	35.31	0	0	0	0	0	0	0	0	832.26	0
35.6475	167.53	115.94	91.08	160.82	55	139.92	65.56	38.83	0	0	0	0	0	0	0	0	834.68	0
35.6575	157.63	111.54	88.77	167.64	55	148.39	69.19	38.83	0	0	0	0	0	0	0	0	836.99	0
35.6675	147.84	107.14	86.35	172.37	57.2	154.66	70.95	42.35	0	0	0	0	0	0	0	0	838.86	0
35.6775	137.94	100.54	79.31	179.41	57.2	163.13	74.58	44.11	0	0	0	0	0	0	0	0	836.22	0
35.6875	128.15	96.14	74.58	186.56	57.2	169.73	78.21	47.63	0	0	0	0	0	0	0	0	838.2	0
35.6975	115.83	89.54	69.85	193.6	59.4	180.73	81.84	51.15	0	0	0	0	0	0	0	0	841.94	0
35.7075	104.28	80.74	62.81	203.06	59.4	189.53	85.47	54.67	0	0	0	0	0	0	0	0	839.96	0
35.7175	91.08	74.14	53.24	210.1	59.4	200.64	89.1	60.5	0	0	0	0	0	0	0	0	838.2	0
35.7275	77.77	65.34	45.98	219.56	61.71	209.44	92.73	68.64	0	0	0	0	0	0	0	0	841.17	0
35.7375	66.77	56.54	38.72	224.18	61.71	218.24	96.36	76.67	0	0	0	0	0	0	0	0	839.19	0
35.7475	53.35	48.73	29.04	228.69	61.71	227.15	99.99	84.81	0	0	0	0	0	0	0	0	833.47	0
35.7575	44.11	38.94	24.2	233.31	59.4	235.95	103.62	100.87	0	0	0	0	0	0	0	0	840.4	0
35.7675	37.18	33.11	21.78	233.31	59.4	242.55	109.01	113.08	0	0	0	0	0	0	0	0	849.42	0
35.7775	32.45	29.15	16.94	231	59.4	249.15	110.88	121.44	0	0	0	0	0	0	0	0	850.41	0
35.7875	27.83	23.32	14.52	226.49	57.2	255.75	114.51	131.89	0	0	0	0	0	0	0	0	851.51	0
35.7975	23.21	17.49	12.1	219.56	55	260.15	116.49	138.16	0	0	0	0	0	0	0	0	842.16	0
35.8075	23.21	17.49	12.1	210.1	50.82	264.55	116.49	142.34	0	0	0	0	0	0	0	0	837.1	0
35.8175	23.21	15.51	9.68	195.91	46.53	266.75	116.49	148.61	0	4.62	0	0	0	0	0	0	822.69	4.62
35.8275	20.9	15.51	9.68	181.83	42.35	271.15	112.64	154.88	5.17	6.93	0	0	0	0	0	0	808.94	12.1
35.8375	18.59	13.64	7.26	165.33	38.06	273.35	110.88	159.06	10.45	11.66	0	0	0	0	0	0	786.17	22.11
35.8475	18.59	13.64	7.26	145.09	31.68	275.55	105.38	163.24	15.73	18.7	4.73	0	0	0	0	0	760.43	39.16
35.8575	16.17	11.66	7.26	127.27	27.5	275.55	101.75	171.82	33.33	30.47	4.73	11.22	0	0	0	0	738.98	79.75
35.8675	13.86	9.68	4.84	104.94	23.21	275.55	96.36	176.44	90.42	65.67	11.88	16.94	0	4.73	0	0	704.88	189.64
35.8775	13.86	9.68	4.84	85.03	19.03	273.35	92.73	183.37	127.93	101.2	19.14	36.74	0	14.19	0	0	681.89	299.2
35.8875	11.55	7.7	4.84	63.03	14.74	264.55	89.1	185.68	157.63	133.1	33.44	56.54	8.25	40.37	0	4.18	641.19	433.51
35.8975	9.24	5.83	4.84	46.53	10.56	244.75	83.71	190.3	191.51	163.13	52.69	71.94	11	56.98	10.23	10.56	595.76	568.04
35.9075	6.93	5.83	4.84	34.43	8.47	213.84	78.21	190.3	217.03	177.87	66	78.21	13.75	70.18	28.27	14.74	542.85	666.05
35.9175	0	3.85	0	25.85	6.27	163.13	72.82	187.99	221.65	177.87	71.39	81.29	16.5	75.68	35.97	19.03	459.91	699.38
35.9275	0	0	0	20.68	6.27	116.6	63.69	174.13	214.72	177.87	71.39	84.48	19.25	83.82	43.67	21.12	381.37	716.32
35.9375	0	0	0	15.51	6.27	78.76	55	150.7	210.1	180.29	74.14	90.75	19.25	94.6	51.37	23.21	306.24	743.71
35.9475	0	0	0	11.99	6.27	54.67	47.3	106.92	210.1	189.97	79.64	97.02	22	105.49	56.54	27.5	227.15	788.26
35.9575	0	0	0	6.82	4.18	42.9	41.25	74.69	221.65	199.65	87.78	103.29	24.75	116.38	68.42	31.79	169.84	853.71
35.9675	0	0	0	3.41	0	31.24	35.09	49.39	233.86	206.91	98.67	109.56	24.75	124.52	77.33	33.88	119.13	909.48
35.9775	0	0	0	0	0	23.43	28.93	28.27	248.6	216.59	106.92	115.94	27.5	132.77	86.35	35.97	80.63	970.64
35.9875	0	0	0	0	0	17.49	22.88	17.6	256.08	221.43	112.42	122.21	30.25	140.91	95.26	38.06	57.97	1016.62
35.9975	0	0	0	0	0	13.64	15.18	7.04	256.08	226.27	115.17	128.48	30.25	146.3	101.2	40.26	35.86	1044.01
36.0075	0	0	0	3.41	0	7.81	7.59	0	251.13	228.69	115.17	137.94	30.25	154.55	101.2	42.35	18.81	1061.28
36.0175	0	0	0	3.41	0	5.83	4.51	0	243.76	228.69	112.42	144.32	30.25	159.94	104.17	42.35	13.75	1065.9
36.0275	0	0	0	3.41	0	3.85	0	0	233.86	226.27	109.67	150.59	33	162.69	104.17	44.44	7.26	1064.69
36.0375	0	0	0	0	0	3.85	0	0	219.34	221.43	104.17	156.97	33	168.19	107.14	44.44	3.85	1054.68
36.0475	0	0	0	0	0	0	0	0	207.79	216.59	98.67	160.05	33	168.19	107.14	46.53	0	1037.96
36.0575	0	0	0	0	0	0	0	0	193.82	209.33	93.28	166.43	33	170.83	107.14	46.53	0	1020.36
36.0675	0	0	0	0	0	0	0	0	179.96	202.07	87.78	169.62	33	173.47	104.17	46.53	0	996.6
36.0775	0	0	0	0	0	0	0	0	168.41	192.39	82.39	172.81	33	173.47	104.17	46.53	0	973.17
36.0875	0	0	0	0	0	0	0	0	155.43	185.13	76.89	176	35.75	173.47	104.17	46.53	0	953.37
36.0975	0	0	0	0	0	0	0	0	144.87	175.45	71.39	179.19	35.75	176.22	104.17	48.73	0	935.77
36.1075	0	0	0	0	0	0	0	0	134.31	168.19	66	182.38	35.75	176.22	104.17	48.73	0	915.75
36.1175	0	0	0	0	0	0	0	0	125.84	158.07	63.25	182.38	35.75	178.86	107.14	48.73	0	900.02
36.1275	0	0	0	0	0	0	0	0	115.28	150.59	57.75	185.57	35.75	178.86	110.22	50.82	0	884.84
36.1375	0	0	0	0	0	0	0	0	111.43	143.11	57.75	188.76	35.75	181.61	113.08	50.82	0	882.31
36.1475	0	0	0	0	0	0	0	0	105.71	138.05	55.11	188.76	38.5	184.25	115.94	52.91	0	879.23
36.1575	0	0	0	0	0	0	0	0	99.99	133.1	55.11	188.76	38.5	187	121.77	52.91	0	877.14
36.1675	0	0	0	0	0	0	0	0	98.01	128.04	52.69	188.76	38.5	189.64	124.63	55.11	0	875.38
36.1775	0	0	0	0	0	0	0	0	94.16	125.51	52.69	191.95	41.25	192.39	130.46	57.53	0	885.94
36.1875	0	0	0	0	0	0	0	0	88.44	120.56	50.27	195.14	41.25	197.67	136.29	57.53	0	887.15
36.1975	0	0	0	0	0	0	0	0	84.7	115.5	50.27	198.44	44	205.81	144.98	59.95	0	903.65
36.2075	0	0	0	0	0	0	0	0	77	108.24	45.43	198.44	44	208.45	153.67	62.37	0	897.6
36.2175	0	0	0	0	0	0	0	0	71.28	103.51	45.43	201.63	44	216.59	162.36	64.9	0	909.7
36.2275	0	0	0	0	0	0	0	0	65.56	96.47	43.12	204.82	46.75	221.98	171.27	67.32	0	917.29
36.2375	0	0	0	0	0	0	0	0	59.84	89.32	40.7	208.01	49.5	224.73	183.15	69.74	0	924.99
36.2475	0	0	0	0	0	0	0	0	54.45	82.28	38.28	208.01	52.25	230.34	192.06	72.16	0	929.83
36.2575	0	0	0	0	0	0	0	0	49.17	75.13	33.44	211.2	52.25	235.95	201.08	77.11	0	935.33
36.2675	0	0	0	0	0	0	0	0	42.13	68.09	31.13	217.58	55.11	241.45	212.96	79.53	0	947.98
36.2775	0	0	0	0	0	0	0	0	35.09	60.94	26.29	220.77	55.11	249.92	221.98	84.48	0	954.58
36.2875	0	0	0	0	0	0	0	0	29.81	49.17	21.56	224.07	58.08	255.42	230.45	84.48	0	953.04
36.2975	0	0	0	0	0	0	0	0	26.29	39.82	19.14	224.07	58.08	261.03	236.06	89.32	0	953.81
36.3075	0	0	0	0	0	0	0	0	22.77	32.78	16.72	224.07	58.08	263.89	241.67	89.32	0	949.3
36.3175	0	0	0	0	0	0	0	0	21.01	25.74	14.3	220.77	58.08	269.39	250.14	91.74	0	951.17
36.3275	0	0	0	0	0	0	0	0	19.25	18.7	11.88	214.39	55.11	272.25	250.14	94.27	0	935.99
36.3375	4.62	0	0	0	0	0	0	0	15.73	11.66	9.57	204.82	52.25	272.25	255.86	94.27	4.62	916.41
36.3475	11.55	0	0	0	0	0	0	0	13.97	6.93	7.15	188.76	49.5	272.25	255.86	96.69	11.55	891.11
36.3575	18.59	0	0	0	0	0	0	0	13.97	4.62	7.15	172.81	44	272.25	255.86	99.11	18.59	869.77
36.3675	46.42	0	0	0	0	0	0	0	12.21	4.62	4.73	156.97	38.5	272.25	253	101.53	46.42	843.81
36.3775	157.63	9.68	7.26	0	0	0	0	0	12.21	0	4.73	137.94	33	272.25	250.14	104.06	174.57	814.33
36.3875	216.04	31.13	16.94	6.82	0	3.85	0	0	10.45	0	4.73	122.21	27.5	272.25	247.39	106.48	274.78	791.01
36.3975	220.88	52.58	31.46	11.99	4.18	5.83	0	0	10.45	0	0	103.29	19.25	272.25	238.92	108.9	326.92	753.06
36.4075	223.41	78.54	45.98	25.85	10.56	11.66	0	0	8.69	0	0	84.48	16.5	269.39	227.59	111.32	396	717.97
36.4175	225.94	102.74	60.39	39.6	16.94	17.49	6.05	3.52	6.93	0	0	65.67	11	261.03	212.96	113.85	472.67	671.44
36.4275	228.58	115.94	69.85	51.7	21.12	23.43	7.59	7.04	6.93	0	0	48.07	8.25	247.06	198.11	113.85	525.25	622.27
36.4374	231.11	122.21	77	58.63	21.12	31.24	12.21	7.04	5.17	0	0	36.74	8.25	219.23	180.18	116.05	560.56	565.62
36.4474	236.28	128.48	86.35	67.43	23.21	42.9	15.18	8.8	3.41	0	0	25.41	5.5	178.86	159.5	116.05	608.63	488.73
36.4574	246.73	136.84	100.54	71.83	27.5	52.69	19.8	12.32	0	0	0	14.08	5.5	138.16	136.29	113.85	668.25	407.88
36.4674	259.6	143.11	112.42	74.03	29.59	60.83	25.96	14.08	0	0	0	8.47	5.5	105.49	113.08	101.53	719.62	334.07
36.4774	277.86	149.38	124.74	76.23	31.68	67.54	32.01	15.84	0	0	0	5.61	5.5	78.32	92.29	84.48	775.28	266.2
36.4874	293.15	157.74	139.59	78.43	33.88	74.25	35.09	15.84	0	0	0	0	5.5	56.98	77.33	62.37	827.97	202.18
36.4974	305.91	164.01	149.49	82.83	35.97	78.76	38.17	17.6	0	0	0	0	5.5	42.68	68.42	46.53	872.74	163.13
36.5074	316.14	170.61	156.97	87.34	38.06	83.27	41.25	19.36	0	0	0	0	0	33.22	59.51	35.97	913	128.7
36.5174	321.31	175.12	161.92	91.74	38.06	87.67	42.68	19.36	0	0	0	0	0	26.07	53.9	27.5	937.86	107.47
36.5274	323.84	179.63	164.34	96.14	40.15	89.98	42.68	21.12	0	0	0	0	0	21.34	46.2	23.21	957.88	90.75
36.5374	321.31	181.94	164.34	100.54	40.15	94.49	42.68	21.12	0	0	0	0	0	14.19	38.5	14.74	966.57	67.43
36.5474	318.67	184.25	161.92	104.94	40.15	96.69	42.68	21.12	0	0	0	0	0	9.46	15.4	6.27	970.42	31.13
36.5574	313.61	184.25	159.39	109.34	40.15	98.89	42.68	21.12	0	0	0	0	0	4.73	10.23	0	969.43	14.96
36.5674	308.44	184.25	154.44	111.54	40.15	101.2	42.68	22.88	0	0	0	0	0	4.73	10.23	0	965.58	14.96
36.5774	300.85	184.25	149.49	116.05	40.15	101.2	44.22	22.88	0	0	0	0	0	4.73	7.7	0	959.09	12.43
36.5874	290.62	179.63	147.07	116.05	42.35	101.2	44.22	22.88	0	0	0	0	0	0	5.06	0	944.02	5.06
36.5974	282.92	177.43	142.12	118.25	42.35	101.2	44.22	22.88	0	0	0	0	0	0	0	0	931.37	0
36.6074	272.58	170.61	137.17	118.25	42.35	101.2	45.76	22.88	0	0	0	0	0	0	0	0	910.8	0
36.6174	262.24	164.01	132.22	116.05	44.44	101.2	47.3	24.64	0	0	0	0	0	0	0	0	892.1	0
36.6274	254.43	157.74	129.69	113.85	46.53	101.2	50.38	26.4	0	0	0	0	0	0	0	0	880.22	0
36.6374	246.73	151.47	127.27	113.85	46.53	101.2	51.92	26.4	0	0	0	0	0	0	0	0	865.37	0
36.6474	238.92	145.2	124.74	111.54	48.62	98.89	53.46	26.4	0	0	0	0	0	0	0	0	847.77	0
36.6574	231.11	138.93	122.32	109.34	48.62	98.89	55	28.27	0	0	0	0	0	0	0	0	832.48	0
36.6674	225.94	134.75	122.32	107.14	48.62	98.89	58.3	28.27	0	0	0	0	0	0	0	0	824.23	0
36.6774	220.88	128.48	122.32	104.94	50.82	98.89	60.06	30.03	0	0	0	0	0	0	0	0	816.42	0
36.6874	218.46	124.3	122.32	102.74	50.82	101.2	61.93	30.03	0	0	0	0	0	0	0	0	811.8	0
36.6974	213.62	120.12	124.74	102.74	52.91	101.2	63.69	31.79	0	0	0	0	0	0	0	0	810.81	0
36.7074	211.2	118.03	127.27	102.74	55	105.6	67.32	33.55	0	0	0	0	0	0	0	0	820.71	0
36.7174	206.36	113.85	127.27	104.94	55	107.91	70.95	35.31	0	0	0	0	0	0	0	0	821.59	0
36.7274	203.94	111.54	129.69	104.94	57.2	110.11	74.58	38.83	0	0	0	0	0	0	0	0	830.83	0
36.7374	199.1	109.34	129.69	107.14	59.4	114.51	78.21	40.59	0	0	0	0	0	0	0	0	837.98	0
36.7474	191.73	107.14	132.22	111.54	59.4	120.78	81.84	42.35	0	0	0	0	0	0	0	0	847	0
36.7574	186.89	102.74	129.69	113.85	61.71	127.16	87.23	44.11	0	0	0	0	0	0	0	0	853.38	0
36.7674	177.21	100.54	127.27	120.56	64.02	133.54	92.73	47.63	0	0	0	0	0	0	0	0	863.5	0
36.7774	167.53	96.14	122.32	124.96	66.33	142.01	96.36	51.15	0	0	0	0	0	0	0	0	866.8	0
36.7874	155.21	91.74	114.84	131.67	66.33	150.48	101.75	54.67	0	0	0	0	0	0	0	0	866.69	0
36.7974	140.47	87.34	107.69	138.38	68.64	158.95	107.25	60.5	0	0	0	0	0	0	0	0	869.22	0
36.8074	128.15	80.74	98.23	142.89	70.95	167.53	112.64	66.55	0	0	0	0	0	0	0	0	867.68	0
36.8174	113.41	74.14	88.77	149.6	73.26	178.53	118.47	74.69	0	0	0	0	0	0	0	0	870.87	0
36.8274	102.08	67.54	79.31	156.31	73.26	187.33	126.5	88.77	0	0	0	0	0	0	0	0	881.1	0
36.8374	88.88	58.74	67.54	160.82	75.57	196.24	132.55	96.91	0	0	0	0	0	0	0	0	877.25	0
36.8474	71.17	50.6	55.77	165.33	75.57	202.84	136.62	106.92	0	0	0	0	0	0	0	0	864.82	0
36.8574	60.17	42.79	41.14	169.95	77.88	209.44	144.65	117.26	0	0	0	0	0	0	0	0	863.28	0
36.8674	44.11	33.11	31.46	169.95	75.57	216.04	150.7	123.53	0	0	0	0	0	0	0	0	844.47	0
36.8774	37.18	27.28	24.2	169.95	75.57	222.75	156.75	131.89	0	0	0	0	0	0	0	0	845.57	0
36.8874	32.45	21.34	19.36	165.33	73.26	227.15	160.82	140.25	0	0	0	0	0	0	0	0	839.96	0
36.8974	27.83	17.49	16.94	158.51	68.64	229.35	164.89	146.52	0	0	0	0	0	0	0	0	830.17	0
36.9074	23.21	13.64	14.52	149.6	64.02	231.55	166.87	152.79	3.41	4.62	0	0	0	0	0	0	816.2	8.03
36.9174	20.9	13.64	12.1	136.18	57.2	233.75	164.89	161.15	8.69	6.93	0	0	0	0	0	0	799.81	15.62
36.9274	20.9	11.66	9.68	122.76	50.82	233.75	160.82	165.33	13.97	13.97	0	0	0	0	0	0	775.72	27.94
36.9374	18.59	11.66	9.68	104.94	42.35	235.95	156.75	169.62	26.29	23.43	4.73	5.61	0	0	0	0	749.54	60.06
36.9474	18.59	9.68	7.26	87.34	35.97	233.75	150.7	174.13	82.72	56.21	9.57	14.08	0	4.73	0	0	717.42	167.31
36.9574	16.17	7.7	7.26	69.63	27.5	233.75	146.74	178.75	132.22	101.2	19.14	28.27	0	9.46	5.06	0	687.5	295.35
36.9674	13.86	7.7	7.26	53.35	21.12	229.35	140.69	183.37	155.43	135.52	31.13	53.68	8.25	26.07	0	4.18	656.7	414.26
36.9774	13.86	5.83	7.26	39.6	16.94	218.24	132.55	187.99	184.58	160.6	50.27	68.75	11	52.25	7.7	8.47	622.27	543.62
36.9874	9.24	5.83	4.84	27.5	12.65	198.44	124.52	190.3	214.72	175.45	66	75.02	13.75	64.79	23.1	12.65	573.32	645.48
36.9974	6.93	3.85	4.84	18.92	8.47	163.13	114.51	187.99	221.65	175.45	74.14	78.21	16.5	70.18	35.97	16.94	508.64	689.04
37.0074	0	0	4.84	11.99	8.47	122.98	99.99	183.37	212.41	170.61	74.14	81.29	16.5	75.68	41.03	19.03	431.64	690.69
37.0174	0	0	0	8.58	8.47	85.47	80.08	169.62	203.17	170.61	74.14	84.48	19.25	83.82	48.73	21.12	352.22	705.32
37.0274	0	0	0	5.17	8.47	60.83	61.93	144.43	203.17	175.45	82.39	87.56	22	97.35	56.54	25.41	280.83	749.87
37.0374	0	0	0	3.41	8.47	46.86	51.92	100.87	212.41	182.71	90.53	93.94	24.75	108.24	65.45	29.59	211.53	807.62
37.0474	0	0	0	0	4.18	37.07	44.22	68.64	224.07	192.39	98.67	100.21	24.75	116.38	77.33	31.79	154.11	865.59
37.0574	0	0	0	0	0	27.28	38.17	44.11	238.81	199.65	109.67	106.48	30.25	124.52	89.32	35.97	109.56	934.67
37.0674	0	0	0	0	0	21.45	30.47	24.64	251.13	209.33	117.92	112.75	30.25	132.77	98.23	38.06	76.56	990.44
37.0774	0	0	0	0	0	15.62	22.88	15.84	251.13	214.17	123.53	122.21	33	140.91	104.17	40.26	54.34	1029.38
37.0874	0	0	0	0	0	9.68	13.75	3.52	248.6	216.59	123.53	128.48	35.75	149.05	110.22	42.35	26.95	1054.57
37.0974	0	0	0	0	0	5.83	6.05	0	238.81	219.01	123.53	137.94	35.75	157.19	115.94	42.35	11.88	1070.52
37.1074	0	0	0	0	0	5.83	6.05	0	228.91	216.59	117.92	147.51	35.75	162.69	115.94	44.44	11.88	1069.75
37.1174	0	0	0	0	0	3.85	4.51	0	217.03	214.17	115.17	156.97	35.75	168.19	118.91	46.53	8.36	1072.72
37.1274	0	0	0	0	0	3.85	2.97	0	203.17	206.91	109.67	163.24	35.75	176.22	121.77	46.53	6.82	1063.26
37.1374	0	0	0	0	0	0	0	0	189.2	199.65	104.17	169.62	35.75	178.86	121.77	46.53	0	1045.55
37.1474	0	0	0	0	0	0	0	0	173.03	192.39	96.03	179.19	35.75	184.25	121.77	48.73	0	1031.14
37.1574	0	0	0	0	0	0	0	0	159.72	185.13	87.78	185.57	38.5	187	121.77	48.73	0	1014.2
37.1674	0	0	0	0	0	0	0	0	144.87	175.45	82.39	188.76	38.5	189.64	121.77	48.73	0	990.11
37.1774	0	0	0	0	0	0	0	0	132.22	165.66	74.14	195.14	35.75	192.39	118.91	50.82	0	965.03
37.1874	0	0	0	0	0	0	0	0	121.55	155.65	68.75	201.63	35.75	195.03	118.91	50.82	0	948.09
37.1974	0	0	0	0	0	0	0	0	109.45	145.64	60.5	204.82	38.5	197.67	115.94	50.82	0	923.34
37.2074	0	0	0	0	0	0	0	0	99.99	138.05	55.11	211.2	35.75	200.42	115.94	50.82	0	907.28
37.2174	0	0	0	0	0	0	0	0	90.42	128.04	50.27	214.39	35.75	200.42	115.94	50.82	0	886.05
37.2274	0	0	0	0	0	0	0	0	82.72	118.03	45.43	217.58	35.75	205.81	115.94	50.82	0	872.08
37.2374	0	0	0	0	0	0	0	0	75.13	110.66	40.7	224.07	35.75	208.45	115.94	52.91	0	863.61
37.2474	0	0	0	0	0	0	0	0	65.56	103.51	38.28	226.93	35.75	211.2	115.94	52.91	0	850.08
37.2574	0	0	0	0	0	0	0	0	59.84	96.47	35.86	229.79	35.75	216.59	118.91	52.91	0	846.12
37.2674	0	0	0	0	0	0	0	0	54.45	89.32	31.13	232.76	35.75	219.23	121.77	55.11	0	839.52
37.2774	0	0	0	0	0	0	0	0	47.41	82.28	28.71	235.62	35.75	224.73	124.63	55.11	0	834.24
37.2874	0	0	0	0	0	0	0	0	42.13	75.13	26.29	238.59	38.5	227.48	127.6	55.11	0	830.83
37.2974	0	0	0	0	0	0	0	0	36.85	68.09	23.87	244.42	38.5	233.09	130.46	57.53	0	832.81
37.3074	0	0	0	0	0	0	0	0	33.33	60.94	21.56	247.28	38.5	238.7	136.29	59.95	0	836.55
37.3174	0	0	0	0	0	0	0	0	29.81	56.21	21.56	250.14	38.5	244.31	142.12	59.95	0	842.6
37.3274	0	0	0	0	0	0	0	0	28.05	51.59	19.14	253.11	41.25	247.06	147.84	59.95	0	847.99
37.3374	0	0	0	0	0	0	0	0	26.29	46.86	19.14	253.11	41.25	252.67	153.67	62.37	0	855.36
37.3474	0	0	0	0	0	0	0	0	24.53	42.13	16.72	255.97	41.25	258.28	156.53	64.9	0	860.31
37.3574	0	0	0	0	0	0	0	0	22.77	37.51	16.72	258.94	41.25	263.89	165.33	64.9	0	871.31
37.3674	0	0	0	0	0	0	0	0	21.01	35.09	14.3	258.94	44	269.39	171.27	67.32	0	881.32
37.3774	0	0	0	0	0	0	0	0	21.01	30.47	14.3	258.94	44	272.25	180.18	69.74	0	890.89
37.3874	0	0	0	0	0	0	0	0	19.25	28.05	11.88	261.8	44	277.86	186.12	72.16	0	901.12
37.3974	0	0	0	0	0	0	0	0	17.49	23.43	11.88	261.8	46.75	283.47	192.06	77.11	0	913.99
37.4074	0	0	0	0	0	0	0	0	15.73	16.39	9.57	258.94	44	289.08	198.11	79.53	0	911.35
37.4174	0	0	0	0	0	0	0	0	13.97	11.66	7.15	253.11	44	291.94	204.05	81.95	0	907.83
37.4274	0	0	0	0	0	0	0	0	12.21	6.93	7.15	244.42	41.25	297.55	207.02	84.48	0	901.01
37.4374	0	0	0	0	0	0	0	0	12.21	6.93	7.15	232.76	38.5	300.41	209.99	86.9	0	894.85
37.4474	6.93	0	0	0	0	0	0	0	12.21	6.93	4.73	214.39	35.75	303.27	209.99	91.74	6.93	879.01
37.4574	13.86	0	0	0	0	0	0	0	12.21	4.62	4.73	195.14	30.25	306.02	212.96	94.27	13.86	860.2
37.4674	34.76	0	0	0	0	0	0	0	10.45	4.62	4.73	176	27.5	308.88	209.99	99.11	34.76	841.28
37.4774	130.57	11.66	4.84	0	0	0	0	0	10.45	4.62	4.73	153.78	22	311.74	209.99	104.06	147.07	821.37
37.4874	223.41	35.09	19.36	6.82	0	3.85	0	0	8.69	0	0	131.67	19.25	314.49	204.05	108.9	288.53	787.05
37.4974	231.11	54.56	36.3	13.75	4.18	5.83	0	0	8.69	0	0	109.56	13.75	314.49	201.08	113.85	345.73	761.42
37.5074	238.92	85.14	58.08	29.26	10.56	13.64	0	0	6.93	0	0	84.48	11	306.02	192.06	116.05	435.6	716.54
37.5174	241.45	109.34	74.58	43.01	16.94	21.45	6.05	5.28	6.93	0	0	62.48	8.25	294.8	183.15	118.25	518.1	673.86
37.5274	244.09	120.12	86.35	55.11	19.03	27.28	10.67	8.8	5.17	0	0	48.07	8.25	269.39	171.27	120.45	571.45	622.6
37.5374	244.09	122.21	93.5	58.63	23.21	35.09	13.75	8.8	3.41	0	0	33.88	5.5	227.48	156.53	120.45	599.28	547.25
37.5474	238.92	122.21	98.23	60.83	25.41	46.86	19.8	10.56	0	0	0	22.55	5.5	178.86	139.15	120.45	622.82	466.51
37.5574	244.09	126.39	110	63.03	29.59	54.67	27.5	12.32	0	0	0	14.08	5.5	132.77	118.91	113.85	667.59	385.11
37.5674	251.9	130.57	122.32	63.03	31.68	60.83	33.55	14.08	0	0	0	11.22	5.5	102.74	101.2	99.11	707.96	319.77
37.5774	267.41	134.75	137.17	65.23	33.88	67.54	38.17	17.6	0	0	0	8.47	5.5	72.93	83.27	79.53	761.75	249.7
37.5874	285.45	141.02	156.97	65.23	35.97	72.05	42.68	19.36	0	0	0	5.61	5.5	54.56	74.36	57.53	818.73	197.56
37.5974	300.85	145.2	171.82	67.43	38.06	78.76	47.3	22.88	0	0	0	0	5.5	40.37	62.48	44.44	872.3	152.79
37.6074	311.08	147.29	184.25	67.43	40.15	80.96	50.38	24.64	0	0	0	0	0	30.8	56.54	33.88	906.18	121.22
37.6174	318.67	151.47	191.84	69.63	42.35	83.27	53.46	26.4	0	0	0	0	0	26.07	48.73	27.5	937.09	102.3
37.6274	323.84	151.47	199.32	69.63	42.35	85.47	55	28.27	0	0	0	0	0	18.92	35.97	19.03	955.35	73.92
37.6374	323.84	151.47	201.85	71.83	44.44	85.47	56.54	30.03	0	0	0	0	0	11.88	20.46	8.47	965.47	40.81
37.6474	321.31	149.38	201.85	71.83	44.44	87.67	60.06	31.79	0	0	0	0	0	7.04	7.7	0	968.33	14.74
37.6574	316.14	147.29	199.32	71.83	46.53	87.67	61.93	31.79	0	0	0	0	0	4.73	7.7	0	962.5	12.43
37.6674	311.08	145.2	196.79	71.83	46.53	89.98	63.69	31.79	0	0	0	0	0	4.73	5.06	0	956.89	9.79
37.6774	303.38	143.11	194.37	71.83	48.62	89.98	65.56	33.55	0	0	0	0	0	0	0	0	950.4	0
37.6874	295.68	138.93	191.84	71.83	48.62	89.98	67.32	33.55	0	0	0	0	0	0	0	0	937.75	0
37.6974	287.98	132.66	186.78	69.63	50.82	87.67	69.19	35.31	0	0	0	0	0	0	0	0	920.04	0
37.7074	280.39	128.48	181.83	69.63	50.82	87.67	70.95	35.31	0	0	0	0	0	0	0	0	905.08	0
37.7174	270.05	124.3	176.77	69.63	50.82	87.67	72.82	35.31	0	0	0	0	0	0	0	0	887.37	0
37.7274	262.24	120.12	171.82	67.43	50.82	87.67	74.58	37.07	0	0	0	0	0	0	0	0	871.75	0
37.7374	251.9	115.94	169.29	67.43	52.91	87.67	76.45	37.07	0	0	0	0	0	0	0	0	858.66	0
37.7474	244.09	111.54	164.34	69.63	52.91	89.98	78.21	37.07	0	0	0	0	0	0	0	0	847.77	0
37.7574	233.75	109.34	159.39	69.63	55	92.18	78.21	38.83	0	0	0	0	0	0	0	0	836.33	0
37.7674	225.94	107.14	154.44	74.03	55	92.18	80.08	38.83	0	0	0	0	0	0	0	0	827.64	0
37.7774	218.46	102.74	149.49	76.23	55	96.69	81.84	40.59	0	0	0	0	0	0	0	0	821.04	0
37.7874	208.78	100.54	144.54	80.63	57.2	101.2	85.47	40.59	0	0	0	0	0	0	0	0	818.95	0
37.7974	199.1	98.34	139.59	85.03	59.4	105.6	87.23	44.11	0	0	0	0	0	0	0	0	818.4	0
37.8074	191.73	96.14	137.17	89.54	59.4	112.42	90.86	45.87	0	0	0	0	0	0	0	0	823.13	0
37.8174	184.47	93.94	134.64	93.94	61.71	116.6	92.73	47.63	0	0	0	0	0	0	0	0	825.66	0
37.8274	174.79	91.74	129.69	100.54	61.71	122.98	96.36	49.39	0	0	0	0	0	0	0	0	827.2	0
37.8374	165	87.34	124.74	104.94	64.02	129.25	99.99	52.91	0	0	0	0	0	0	0	0	828.19	0
37.8474	155.21	82.94	117.37	111.54	64.02	135.63	103.62	56.54	0	0	0	0	0	0	0	0	826.87	0
37.8573	142.89	78.54	110	116.05	66.33	142.01	107.25	62.59	0	0	0	0	0	0	0	0	825.66	0
37.8673	130.57	74.14	102.96	122.76	68.64	150.48	112.64	66.55	0	0	0	0	0	0	0	0	828.74	0
37.8773	118.36	69.74	95.81	127.27	68.64	158.95	118.47	74.69	0	0	0	0	0	0	0	0	831.93	0
37.8873	106.48	63.14	84.04	133.98	70.95	167.53	124.52	88.77	0	0	0	0	0	0	0	0	839.41	0
37.8973	93.28	56.54	74.58	138.38	73.26	176.33	132.55	98.89	0	0	0	0	0	0	0	0	843.81	0
37.9073	79.97	48.73	62.81	142.89	73.26	185.13	138.6	106.92	0	0	0	0	0	0	0	0	838.31	0
37.9173	66.77	42.79	50.82	147.4	75.57	191.73	144.65	115.17	0	0	0	0	0	0	0	0	834.9	0
37.9273	55.77	35.09	38.72	151.8	75.57	200.64	150.7	121.44	0	0	0	0	0	0	0	0	829.73	0
37.9373	44.11	29.15	29.04	151.8	75.57	207.24	156.75	129.8	0	0	0	0	0	0	0	0	823.46	0
37.9473	37.18	23.32	24.2	154.11	73.26	211.64	162.8	138.16	0	0	0	0	0	0	0	0	824.67	0
37.9573	32.45	19.47	21.78	151.8	73.26	216.04	168.96	144.43	0	0	0	0	0	0	0	0	828.19	0
37.9673	27.83	15.51	16.94	145.09	68.64	218.24	173.03	152.79	0	0	0	0	0	0	0	0	818.07	0
37.9773	25.52	13.64	14.52	138.38	66.33	220.55	175.12	163.24	3.41	0	0	0	0	0	0	0	817.3	3.41
37.9873	20.9	11.66	12.1	129.47	61.71	220.55	177.21	169.62	6.93	0	0	0	0	0	0	0	803.22	6.93
37.9973	20.9	9.68	12.1	116.05	55	218.24	175.12	174.13	10.45	6.93	0	0	0	0	0	0	781.22	17.38
38.0073	18.59	9.68	9.68	102.74	46.53	218.24	170.94	178.75	15.73	11.66	0	0	0	0	0	0	755.15	27.39
38.0173	18.59	7.7	9.68	87.34	40.15	218.24	166.87	183.37	26.29	23.43	0	5.61	0	0	0	0	731.94	55.33
38.0273	16.17	7.7	9.68	71.83	33.88	218.24	162.8	185.68	71.28	49.17	9.57	11.22	0	0	0	0	705.98	141.24
38.0373	13.86	5.83	7.26	58.63	27.5	218.24	154.77	190.3	130.02	103.51	19.14	25.41	0	9.46	5.06	0	676.39	292.6
38.0473	13.86	5.83	7.26	48.18	21.12	213.84	148.72	192.61	157.63	153.12	33.44	62.48	8.25	30.8	7.7	6.27	651.42	459.69
38.0573	11.55	5.83	7.26	36.19	16.94	205.04	138.6	194.92	186.89	182.71	52.69	84.48	11	62.04	12.76	8.47	616.33	601.04
38.0673	9.24	3.85	4.84	25.85	12.65	185.13	128.59	194.92	210.1	197.23	66	90.75	13.75	70.18	25.63	14.74	565.07	688.38
38.0773	4.62	0	4.84	17.16	10.56	154.66	114.51	190.3	212.41	197.23	71.39	93.94	19.25	78.32	38.5	16.94	496.65	727.98
38.0873	0	0	4.84	10.34	8.47	114.51	98.12	183.37	203.17	192.39	74.14	97.02	19.25	86.46	43.67	19.03	419.65	735.13
38.0973	0	0	0	6.82	8.47	80.96	78.21	167.42	196.24	192.39	76.89	103.29	19.25	97.35	51.37	21.12	341.88	757.9
38.1073	0	0	0	3.41	8.47	56.65	60.06	133.98	200.86	199.65	82.39	109.56	22	108.24	59.51	25.41	262.57	807.62
38.1173	0	0	0	0	6.27	42.9	50.38	86.79	210.1	209.33	90.53	115.94	24.75	119.13	71.39	29.59	186.34	870.76
38.1273	0	0	0	0	4.18	33.22	42.68	58.52	221.65	216.59	101.42	119.02	27.5	127.27	83.27	33.88	138.6	930.6
38.1373	0	0	0	0	0	25.3	36.63	31.79	233.86	221.43	112.42	125.4	30.25	135.41	92.29	35.97	93.72	987.03
38.1473	0	0	0	0	0	19.47	30.47	22.88	238.81	226.27	117.92	131.67	30.25	140.91	101.2	38.06	72.82	1025.09
38.1573	0	0	0	0	0	13.64	22.88	12.32	236.28	228.69	117.92	137.94	33	149.05	107.14	40.26	48.84	1050.28
38.1673	0	0	0	0	0	9.68	13.75	3.52	228.91	228.69	117.92	147.51	33	154.55	110.22	42.35	26.95	1063.15
38.1773	0	0	0	0	0	5.83	7.59	0	219.34	228.69	115.17	156.97	33	159.94	113.08	42.35	13.42	1068.54
38.1873	0	0	0	0	0	5.83	7.59	0	210.1	223.85	109.67	163.24	35.75	165.44	113.08	44.44	13.42	1065.57
38.1973	0	0	0	0	0	3.85	6.05	0	198.55	219.01	104.17	169.62	35.75	170.83	113.08	44.44	9.9	1055.45
38.2073	0	0	0	0	0	0	4.51	0	184.58	211.75	98.67	176	35.75	176.22	113.08	44.44	4.51	1040.49
38.2173	0	0	0	0	0	0	2.97	0	170.72	202.07	93.28	182.38	35.75	176.22	113.08	46.53	2.97	1020.03
38.2273	0	0	0	0	0	0	2.97	0	157.63	194.81	85.03	188.76	35.75	178.86	113.08	46.53	2.97	1000.45
38.2373	0	0	0	0	0	0	0	0	144.87	185.13	82.39	191.95	35.75	181.61	113.08	46.53	0	981.31
38.2473	0	0	0	0	0	0	0	0	136.4	175.45	74.14	195.14	35.75	184.25	110.22	46.53	0	957.88
38.2573	0	0	0	0	0	0	0	0	125.84	165.66	68.75	198.44	35.75	184.25	110.22	48.73	0	937.64
38.2673	0	0	0	0	0	0	0	0	115.28	158.07	63.25	198.44	35.75	184.25	110.22	48.73	0	913.99
38.2773	0	0	0	0	0	0	0	0	109.45	148.06	60.5	198.44	35.75	184.25	110.22	48.73	0	895.4
38.2873	0	0	0	0	0	0	0	0	101.86	140.58	57.75	201.63	35.75	184.25	113.08	48.73	0	883.63
38.2973	0	0	0	0	0	0	0	0	98.01	133.1	55.11	198.44	35.75	184.25	115.94	48.73	0	869.33
38.3073	0	0	0	0	0	0	0	0	92.29	128.04	52.69	198.44	35.75	184.25	118.91	48.73	0	859.1
38.3173	0	0	0	0	0	0	0	0	90.42	123.09	52.69	195.14	38.5	187	121.77	48.73	0	857.34
38.3273	0	0	0	0	0	0	0	0	88.44	120.56	52.69	195.14	38.5	187	124.63	50.82	0	857.78
38.3373	0	0	0	0	0	0	0	0	86.57	118.03	55.11	195.14	38.5	189.64	130.46	50.82	0	864.27
38.3473	0	0	0	0	0	0	0	0	86.57	118.03	55.11	195.14	41.25	192.39	136.29	52.91	0	877.69
38.3573	0	0	0	0	0	0	0	0	86.57	115.5	55.11	195.14	41.25	195.03	142.12	55.11	0	885.83
38.3673	0	0	0	0	0	0	0	0	84.7	115.5	57.75	198.44	44	197.67	147.84	57.53	0	903.43
38.3773	0	0	0	0	0	0	0	0	82.72	113.08	57.75	201.63	46.75	203.06	156.53	57.53	0	919.05
38.3873	0	0	0	0	0	0	0	0	80.85	113.08	55.11	204.82	46.75	208.45	162.36	62.37	0	933.79
38.3973	0	0	0	0	0	0	0	0	77	108.24	55.11	208.01	49.5	216.59	171.27	62.37	0	948.09
38.4073	0	0	0	0	0	0	0	0	73.15	103.51	52.69	211.2	49.5	221.98	177.21	64.9	0	954.14
38.4173	0	0	0	0	0	0	0	0	65.56	98.78	47.85	217.58	52.25	230.34	186.12	67.32	0	965.8
38.4273	0	0	0	0	0	0	0	0	57.97	91.74	43.12	220.77	52.25	235.95	192.06	69.74	0	963.6
38.4373	0	0	0	0	0	0	0	0	50.93	82.28	38.28	224.07	52.25	244.31	201.08	74.69	0	967.89
38.4473	0	0	0	0	0	0	0	0	42.13	72.82	33.44	229.79	55.11	249.92	209.99	74.69	0	967.89
38.4573	0	0	0	0	0	0	0	0	35.09	60.94	28.71	229.79	55.11	255.42	212.96	79.53	0	957.55
38.4673	0	0	0	0	0	0	0	0	29.81	51.59	23.87	232.76	55.11	261.03	221.98	81.95	0	958.1
38.4773	0	0	0	0	0	0	0	0	24.53	39.82	19.14	232.76	55.11	266.64	227.59	84.48	0	950.07
38.4873	0	0	0	0	0	0	0	0	22.77	32.78	16.72	232.76	55.11	272.25	233.2	86.9	0	952.49
38.4973	0	0	0	0	0	0	0	0	19.25	25.74	14.3	229.79	55.11	275	236.06	86.9	0	942.15
38.5073	0	0	0	0	0	0	0	0	17.49	18.7	11.88	224.07	52.25	277.86	238.92	89.32	0	930.49
38.5173	0	0	0	0	0	0	0	0	13.97	11.66	9.57	211.2	49.5	277.86	241.67	91.74	0	907.17
38.5273	0	0	0	0	0	0	0	0	13.97	6.93	7.15	195.14	46.75	277.86	244.53	91.74	0	884.07
38.5373	9.24	0	0	0	0	0	0	0	12.21	6.93	7.15	179.19	41.25	280.61	244.53	94.27	9.24	866.14
38.5473	23.21	0	0	0	0	0	0	0	12.21	4.62	4.73	160.05	35.75	283.47	241.67	96.69	23.21	839.19
38.5573	77.77	5.83	0	0	0	0	0	0	10.45	4.62	4.73	141.13	30.25	286.33	238.92	101.53	83.6	817.96
38.5673	206.36	29.15	14.52	6.82	0	3.85	0	0	10.45	4.62	4.73	119.02	24.75	289.08	236.06	106.48	260.7	795.19
38.5773	228.58	46.75	26.62	10.34	4.18	3.85	0	0	8.69	0	0	100.21	19.25	286.33	233.2	108.9	320.32	756.58
38.5873	236.28	69.74	45.98	20.68	8.47	9.68	0	0	8.69	0	0	78.21	13.75	283.47	227.59	113.85	390.83	725.56
38.5973	244.09	98.34	69.85	32.67	12.65	17.49	2.97	0	6.93	0	0	56.54	11	269.39	218.9	116.05	478.06	678.81
38.6073	246.73	113.85	84.04	46.53	16.94	25.3	7.59	7.04	5.17	0	0	39.6	8.25	247.06	207.02	120.45	548.02	627.55
38.6173	257.07	122.21	93.5	55.11	21.12	31.24	12.21	8.8	3.41	0	0	28.27	5.5	208.45	192.06	122.76	601.26	560.45
38.6273	257.07	124.3	102.96	58.63	23.21	41.03	16.72	10.56	0	0	0	16.94	5.5	162.69	168.3	120.45	634.48	473.88
38.6373	259.6	128.48	112.42	63.03	27.5	50.71	22.88	12.32	0	0	0	8.47	5.5	124.52	142.12	116.05	676.94	396.66
38.6473	264.88	132.66	122.32	65.23	31.68	58.63	28.93	14.08	0	0	0	5.61	5.5	94.6	115.94	101.53	718.41	323.18
38.6573	277.86	136.84	134.64	69.63	33.88	65.34	35.09	15.84	0	0	0	0	5.5	70.18	92.29	81.95	769.12	249.92
38.6673	293.15	145.2	147.07	71.83	35.97	69.74	38.17	17.6	0	0	0	0	5.5	52.25	77.33	57.53	818.73	192.61
38.6773	308.44	151.47	161.92	76.23	38.06	74.25	41.25	19.36	0	0	0	0	5.5	37.95	65.45	44.44	870.98	153.34
38.6873	318.67	157.74	169.29	80.63	40.15	78.76	42.68	19.36	0	0	0	0	0	28.49	56.54	31.79	907.28	116.82
38.6973	326.37	161.92	174.24	85.03	40.15	83.27	44.22	21.12	0	0	0	0	0	21.34	48.73	27.5	936.32	97.57
38.7073	328.9	166.1	179.3	89.54	40.15	87.67	45.76	21.12	0	0	0	0	0	16.61	38.5	19.03	958.54	74.14
38.7173	326.37	168.3	179.3	93.94	42.35	89.98	45.76	22.88	0	0	0	0	0	11.88	20.46	8.47	968.88	40.81
38.7273	323.84	170.61	176.77	98.34	42.35	94.49	47.3	24.64	0	0	0	0	0	7.04	10.23	4.18	978.34	21.45
38.7373	316.14	170.61	174.24	102.74	42.35	96.69	48.84	26.4	0	0	0	0	0	7.04	10.23	0	978.01	17.27
38.7473	308.44	168.3	171.82	104.94	42.35	101.2	48.84	26.4	0	0	0	0	0	4.73	7.7	0	972.29	12.43
38.7573	298.21	164.01	166.87	104.94	44.44	101.2	50.38	28.27	0	0	0	0	0	4.73	5.06	0	958.32	9.79
38.7673	287.98	159.83	164.34	104.94	44.44	103.4	53.46	30.03	0	0	0	0	0	0	0	0	948.42	0
38.7773	277.86	153.56	159.39	104.94	46.53	101.2	55	30.03	0	0	0	0	0	0	0	0	928.51	0
38.7873	267.41	147.29	154.44	102.74	46.53	101.2	58.3	31.79	0	0	0	0	0	0	0	0	909.7	0
38.7973	257.07	138.93	152.02	100.54	48.62	101.2	60.06	31.79	0	0	0	0	0	0	0	0	890.23	0
38.8073	246.73	132.66	147.07	100.54	48.62	101.2	63.69	33.55	0	0	0	0	0	0	0	0	874.06	0
38.8173	238.92	128.48	144.54	98.34	50.82	101.2	65.56	33.55	0	0	0	0	0	0	0	0	861.41	0
38.8273	231.11	124.3	139.59	98.34	50.82	101.2	67.32	35.31	0	0	0	0	0	0	0	0	847.99	0
38.8373	220.88	118.03	137.17	98.34	52.91	103.4	69.19	35.31	0	0	0	0	0	0	0	0	835.23	0
38.8473	213.62	115.94	134.64	98.34	52.91	103.4	70.95	37.07	0	0	0	0	0	0	0	0	826.87	0
38.8573	206.36	111.54	132.22	100.54	55	105.6	72.82	37.07	0	0	0	0	0	0	0	0	821.15	0
38.8673	201.52	107.14	129.69	100.54	55	107.91	76.45	38.83	0	0	0	0	0	0	0	0	817.08	0
38.8773	194.15	104.94	129.69	100.54	57.2	110.11	80.08	40.59	0	0	0	0	0	0	0	0	817.3	0
38.8873	189.31	100.54	127.27	102.74	57.2	112.42	81.84	42.35	0	0	0	0	0	0	0	0	813.67	0
38.8973	182.05	98.34	124.74	104.94	59.4	116.6	85.47	44.11	0	0	0	0	0	0	0	0	815.65	0
38.9073	174.79	93.94	122.32	109.34	61.71	120.78	90.86	45.87	0	0	0	0	0	0	0	0	819.61	0
38.9173	165	89.54	119.79	113.85	64.02	127.16	94.49	49.39	0	0	0	0	0	0	0	0	823.24	0
38.9273	157.63	87.34	114.84	118.25	64.02	133.54	98.12	52.91	0	0	0	0	0	0	0	0	826.65	0
38.9373	145.31	82.94	107.69	122.76	66.33	139.92	103.62	56.54	0	0	0	0	0	0	0	0	825.11	0
38.9473	135.52	78.54	102.96	127.27	68.64	148.39	109.01	62.59	0	0	0	0	0	0	0	0	832.92	0
38.9573	123.2	71.94	95.81	131.67	70.95	156.86	114.51	66.55	0	0	0	0	0	0	0	0	831.49	0
38.9673	110.99	67.54	86.35	136.18	70.95	163.13	122.54	74.69	0	0	0	0	0	0	0	0	832.37	0
38.9773	99.88	60.94	77	142.89	73.26	174.13	128.59	90.86	0	0	0	0	0	0	0	0	847.55	0
38.9873	86.68	54.56	67.54	147.4	75.57	182.93	136.62	98.89	0	0	0	0	0	0	0	0	850.19	0
38.9973	73.37	46.75	58.08	151.8	75.57	191.73	142.67	109.01	0	0	0	0	0	0	0	0	848.98	0
39.0073	60.17	38.94	45.98	154.11	75.57	198.44	150.7	117.26	0	0	0	0	0	0	0	0	841.17	0
39.0173	51.04	33.11	33.88	156.31	77.88	205.04	158.84	125.62	0	0	0	0	0	0	0	0	841.72	0
39.0273	39.49	25.3	26.62	156.31	77.88	211.64	166.87	133.98	0	0	0	0	0	0	0	0	838.09	0
39.0373	34.76	21.34	21.78	154.11	75.57	216.04	173.03	144.43	0	0	0	0	0	0	0	0	841.06	0
39.0473	30.14	17.49	19.36	149.6	73.26	218.24	179.3	150.7	0	0	0	0	0	0	0	0	838.09	0
39.0573	25.52	15.51	16.94	142.89	70.95	220.55	183.37	161.15	0	0	0	0	0	0	0	0	836.88	0
39.0673	23.21	11.66	12.1	133.98	64.02	220.55	185.46	165.33	0	0	0	0	0	0	0	0	816.31	0
39.0773	20.9	9.68	12.1	124.96	59.4	220.55	183.37	169.62	0	0	0	0	0	0	0	0	800.58	0
39.0873	20.9	9.68	9.68	111.54	52.91	220.55	179.3	174.13	5.17	4.62	0	0	0	0	0	0	778.69	9.79
39.0973	18.59	9.68	9.68	98.34	46.53	222.75	175.12	178.75	10.45	11.66	0	0	0	0	0	0	759.44	22.11
39.1073	18.59	7.7	9.68	85.03	38.06	224.95	170.94	181.06	19.25	18.7	0	0	0	0	0	0	736.01	37.95
39.1173	16.17	7.7	7.26	69.63	31.68	224.95	164.89	187.99	67.43	46.86	7.15	11.22	0	0	0	0	710.27	132.66
39.1273	13.86	5.83	7.26	55.11	25.41	222.75	158.84	192.61	125.84	89.32	14.3	19.8	0	9.46	5.06	0	681.67	263.78
39.1373	11.55	5.83	7.26	43.01	19.03	216.04	152.79	197.23	146.96	120.56	26.29	48.07	5.5	23.65	5.06	4.18	652.74	380.27
39.1473	9.24	3.85	4.84	31.02	14.74	202.84	144.65	199.43	179.96	153.12	45.43	65.67	11	54.56	10.23	8.47	610.61	528.44
39.1573	6.93	3.85	4.84	22.33	12.65	180.73	134.64	201.74	217.03	173.03	68.75	75.02	13.75	67.54	25.63	14.74	567.71	655.49
39.1673	4.62	0	4.84	15.51	8.47	144.1	122.54	201.74	233.86	177.87	79.64	78.21	19.25	72.93	41.03	19.03	501.82	721.82
39.1773	0	0	0	8.58	8.47	105.6	99.99	194.92	226.49	173.03	79.64	78.21	19.25	78.32	46.2	21.12	417.56	722.26
39.1873	0	0	0	5.17	8.47	76.56	76.45	178.75	212.41	168.19	82.39	81.29	22	86.46	53.9	23.21	345.4	729.85
39.1973	0	0	0	3.41	8.47	54.67	61.93	142.34	210.1	170.61	85.03	87.56	22	97.35	62.48	27.5	270.82	762.63
39.2073	0	0	0	0	8.47	42.9	50.38	92.84	219.34	180.29	96.03	93.94	24.75	105.49	74.36	31.79	194.59	825.99
39.2173	0	0	0	0	4.18	31.24	42.68	64.57	231.44	189.97	104.17	97.02	27.5	116.38	83.27	35.97	142.67	885.72
39.2273	0	0	0	0	0	23.43	35.09	35.31	248.6	199.65	117.92	103.29	30.25	124.52	95.26	40.26	93.83	959.75
39.2373	0	0	0	0	0	17.49	25.96	22.88	263.45	206.91	129.14	106.48	33	130.02	104.17	42.35	66.33	1015.52
39.2473	0	0	0	0	0	11.66	16.72	8.8	270.82	211.75	134.64	109.56	35.75	135.41	113.08	42.35	37.18	1053.36
39.2573	0	0	0	0	0	5.83	9.13	0	270.82	214.17	134.64	115.94	35.75	140.91	115.94	44.44	14.96	1072.61
39.2673	0	0	0	0	0	5.83	6.05	0	268.4	216.59	134.64	119.02	38.5	146.3	118.91	46.53	11.88	1088.89
39.2773	0	0	0	0	0	3.85	4.51	0	258.5	214.17	131.89	125.4	38.5	149.05	124.63	46.53	8.36	1088.67
39.2872	0	0	0	0	0	0	2.97	0	248.6	211.75	131.89	128.48	41.25	154.55	127.6	48.73	2.97	1092.85
39.2972	0	0	0	0	0	0	0	0	233.86	206.91	126.28	131.67	41.25	157.19	133.32	48.73	0	1079.21
39.3072	0	0	0	0	0	0	0	0	219.34	197.23	120.78	134.86	41.25	159.94	133.32	50.82	0	1057.54
39.3172	0	0	0	0	0	0	0	0	207.79	192.39	115.17	137.94	41.25	159.94	136.29	50.82	0	1041.59
39.3272	0	0	0	0	0	0	0	0	193.82	185.13	109.67	137.94	41.25	162.69	136.29	50.82	0	1017.61
39.3372	0	0	0	0	0	0	0	0	179.96	175.45	104.17	141.13	41.25	162.69	139.15	50.82	0	994.62
39.3472	0	0	0	0	0	0	0	0	168.41	168.19	98.67	144.32	44	165.44	139.15	50.82	0	979
39.3572	0	0	0	0	0	0	0	0	157.63	160.6	93.28	144.32	44	165.44	139.15	52.91	0	957.33
39.3672	0	0	0	0	0	0	0	0	146.96	153.12	87.78	144.32	44	165.44	139.15	50.82	0	931.59
39.3772	0	0	0	0	0	0	0	0	136.4	143.11	82.39	147.51	44	168.19	142.12	52.91	0	916.63
39.3872	0	0	0	0	0	0	0	0	127.93	138.05	79.64	147.51	44	168.19	144.98	52.91	0	903.21
39.3972	0	0	0	0	0	0	0	0	119.46	130.57	76.89	147.51	46.75	170.83	147.84	52.91	0	892.76
39.4072	0	0	0	0	0	0	0	0	113.3	125.51	71.39	150.59	46.75	170.83	150.81	55.11	0	884.29
39.4172	0	0	0	0	0	0	0	0	109.45	120.56	71.39	150.59	46.75	173.47	156.53	55.11	0	883.85
39.4272	0	0	0	0	0	0	0	0	105.71	118.03	68.75	150.59	49.5	176.22	159.5	57.53	0	885.83
39.4372	0	0	0	0	0	0	0	0	101.86	113.08	68.75	153.78	49.5	178.86	168.3	57.53	0	891.66
39.4472	0	0	0	0	0	0	0	0	98.01	110.66	66	156.97	52.25	181.61	174.24	59.95	0	899.69
39.4572	0	0	0	0	0	0	0	0	94.16	108.24	66	160.05	52.25	187	180.18	62.37	0	910.25
39.4672	0	0	0	0	0	0	0	0	90.42	103.51	63.25	163.24	55.11	192.39	186.12	64.9	0	918.94
39.4772	0	0	0	0	0	0	0	0	86.57	101.2	60.5	166.43	55.11	197.67	195.14	64.9	0	927.52
39.4872	0	0	0	0	0	0	0	0	80.85	96.47	57.75	169.62	58.08	200.42	201.08	67.32	0	931.59
39.4972	0	0	0	0	0	0	0	0	75.13	91.74	57.75	172.81	58.08	208.45	209.99	69.74	0	943.69
39.5072	0	0	0	0	0	0	0	0	69.41	87.01	52.69	176	61.05	213.84	221.98	72.16	0	954.14
39.5172	0	0	0	0	0	0	0	0	65.56	82.28	50.27	179.19	61.05	219.23	227.59	74.69	0	959.86
39.5272	0	0	0	0	0	0	0	0	59.84	77.55	47.85	182.38	64.02	221.98	236.06	77.11	0	966.79
39.5372	0	0	0	0	0	0	0	0	52.69	70.4	43.12	185.57	66.99	230.34	244.53	79.53	0	973.17
39.5472	0	0	0	0	0	0	0	0	45.65	60.94	35.86	188.76	66.99	233.09	250.14	81.95	0	963.38
39.5572	0	0	0	0	0	0	0	0	36.85	51.59	31.13	191.95	69.96	238.7	258.72	84.48	0	963.38
39.5672	0	0	0	0	0	0	0	0	29.81	39.82	23.87	195.14	69.96	244.31	267.19	86.9	0	957
39.5772	0	0	0	0	0	0	0	0	24.53	30.47	19.14	191.95	66.99	249.92	272.8	89.32	0	945.12
39.5872	0	0	0	0	0	0	0	0	22.77	23.43	16.72	188.76	66.99	252.67	281.49	91.74	0	944.57
39.5972	0	0	0	0	0	0	0	0	19.25	13.97	14.3	182.38	64.02	252.67	284.46	94.27	0	925.32
39.6072	4.62	0	0	0	0	0	0	0	15.73	6.93	9.57	169.62	58.08	255.42	287.43	94.27	4.62	897.05
39.6172	13.86	0	0	0	0	0	0	0	13.97	4.62	7.15	156.97	52.25	255.42	290.4	96.69	13.86	877.47
39.6272	55.77	0	0	0	0	0	0	0	13.97	4.62	7.15	144.32	46.75	255.42	287.43	99.11	55.77	858.77
39.6372	194.15	25.3	12.1	5.17	0	3.85	0	0	12.21	0	7.15	125.4	41.25	255.42	281.49	101.53	240.57	824.45
39.6472	241.45	44.77	24.2	10.34	4.18	3.85	0	0	12.21	0	4.73	109.56	33	255.42	278.52	104.06	328.79	797.5
39.6572	241.45	65.34	41.14	20.68	8.47	7.81	0	0	10.45	0	4.73	90.75	24.75	255.42	267.19	106.48	384.89	759.77
39.6672	249.26	93.94	65.12	32.67	12.65	15.62	4.51	0	8.69	0	4.73	71.94	19.25	249.92	255.86	108.9	473.77	719.29
39.6772	249.26	111.54	77	46.53	16.94	23.43	7.59	5.28	6.93	0	0	53.68	13.75	235.95	244.53	111.32	537.57	666.16
39.6872	254.43	120.12	86.35	56.87	21.12	31.24	12.21	7.04	6.93	0	0	36.74	11	216.59	227.59	111.32	589.38	610.17
39.6972	254.43	124.3	95.81	63.03	23.21	39.05	16.72	8.8	5.17	0	0	25.41	8.25	181.61	207.02	111.32	625.35	538.78
39.7072	257.07	128.48	102.96	65.23	25.41	48.84	21.34	10.56	0	0	0	14.08	5.5	140.91	174.24	108.9	659.89	443.63
39.7172	262.24	132.66	112.42	67.43	29.59	56.65	25.96	12.32	0	0	0	5.61	5.5	108.24	142.12	101.53	699.27	363
39.7272	272.58	136.84	122.32	69.63	31.68	63.03	33.55	14.08	0	0	0	0	5.5	81.07	110.22	86.9	743.71	283.69
39.7372	287.98	141.02	134.64	71.83	33.88	67.54	36.63	15.84	0	0	0	0	5.5	56.98	89.32	67.32	789.36	219.12
39.7472	303.38	147.29	147.07	71.83	38.06	72.05	39.71	17.6	0	0	0	0	5.5	42.68	74.36	48.73	836.99	171.27
39.7572	313.61	153.56	156.97	76.23	38.06	76.56	42.68	19.36	0	0	0	0	5.5	30.8	62.48	35.97	877.03	134.75
39.7672	323.84	157.74	164.34	78.43	40.15	78.76	44.22	19.36	0	0	0	0	0	23.65	53.9	25.41	906.84	102.96
39.7772	328.9	161.92	166.87	80.63	40.15	80.96	45.76	21.12	0	0	0	0	0	18.92	46.2	23.21	926.31	88.33
39.7872	328.9	166.1	169.29	85.03	42.35	85.47	45.76	22.88	0	0	0	0	0	14.19	38.5	14.74	945.78	67.43
39.7972	328.9	166.1	169.29	87.34	42.35	85.47	47.3	22.88	0	0	0	0	0	9.46	23.1	6.27	949.63	38.83
39.8072	326.37	168.3	166.87	89.54	42.35	87.67	47.3	24.64	0	0	0	0	0	4.73	12.76	0	953.04	17.49
39.8172	321.31	168.3	164.34	93.94	44.44	89.98	47.3	24.64	0	0	0	0	0	0	10.23	0	954.25	10.23
39.8272	316.14	168.3	161.92	98.34	44.44	92.18	48.84	26.4	0	0	0	0	0	0	7.7	0	956.56	7.7
39.8372	308.44	166.1	159.39	100.54	44.44	94.49	48.84	26.4	0	0	0	0	0	0	7.7	0	948.64	7.7
39.8472	300.85	164.01	154.44	102.74	44.44	94.49	48.84	28.27	0	0	0	0	0	0	5.06	0	938.08	5.06
39.8572	290.62	161.92	149.49	104.94	44.44	94.49	48.84	28.27	0	0	0	0	0	0	0	0	923.01	0
39.8672	280.39	157.74	142.12	107.14	44.44	96.69	48.84	28.27	0	0	0	0	0	0	0	0	905.63	0
39.8772	267.41	153.56	137.17	109.34	46.53	96.69	48.84	28.27	0	0	0	0	0	0	0	0	887.81	0
39.8872	257.07	151.47	132.22	111.54	46.53	96.69	48.84	28.27	0	0	0	0	0	0	0	0	872.63	0
39.8972	246.73	147.29	127.27	113.85	46.53	96.69	48.84	28.27	0	0	0	0	0	0	0	0	855.47	0
39.9072	238.92	143.11	122.32	116.05	46.53	98.89	50.38	30.03	0	0	0	0	0	0	0	0	846.23	0
39.9172	228.58	141.02	117.37	118.25	48.62	98.89	50.38	30.03	0	0	0	0	0	0	0	0	833.14	0
39.9272	220.88	136.84	114.84	120.56	48.62	101.2	51.92	30.03	0	0	0	0	0	0	0	0	824.89	0
39.9372	213.62	132.66	112.42	122.76	48.62	103.4	55	30.03	0	0	0	0	0	0	0	0	818.51	0
39.9472	208.78	128.48	112.42	124.96	50.82	105.6	56.54	30.03	0	0	0	0	0	0	0	0	817.63	0
39.9572	203.94	126.39	112.42	124.96	52.91	107.91	60.06	30.03	0	0	0	0	0	0	0	0	818.62	0
39.9672	199.1	122.21	112.42	127.27	52.91	110.11	61.93	31.79	0	0	0	0	0	0	0	0	817.74	0
39.9772	194.15	118.03	112.42	129.47	55	114.51	65.56	33.55	0	0	0	0	0	0	0	0	822.69	0
39.9872	186.89	115.94	112.42	131.67	57.2	118.69	69.19	35.31	0	0	0	0	0	0	0	0	827.31	0
39.9972	182.05	111.54	112.42	136.18	57.2	125.07	74.58	37.07	0	0	0	0	0	0	0	0	836.11	0
40.0072	174.79	107.14	110	138.38	59.4	131.45	78.21	38.83	0	0	0	0	0	0	0	0	838.2	0
40.0172	165	104.94	107.69	142.89	61.71	137.72	81.84	40.59	0	0	0	0	0	0	0	0	842.38	0
40.0272	155.21	98.34	102.96	149.6	61.71	146.19	87.23	44.11	0	0	0	0	0	0	0	0	845.35	0
40.0372	140.47	93.94	98.23	156.31	64.02	154.66	92.73	47.63	0	0	0	0	0	0	0	0	847.99	0
40.0472	128.15	87.34	91.08	160.82	66.33	165.33	98.12	51.15	0	0	0	0	0	0	0	0	848.32	0
40.0572	115.83	80.74	81.73	169.95	68.64	174.13	103.62	54.67	0	0	0	0	0	0	0	0	849.31	0
40.0672	104.28	74.14	74.58	174.68	68.64	185.13	110.88	60.5	0	0	0	0	0	0	0	0	852.83	0
40.0772	91.08	65.34	65.12	181.83	70.95	191.73	116.49	66.55	0	0	0	0	0	0	0	0	849.09	0
40.0872	77.77	56.54	55.77	186.56	70.95	202.84	122.54	74.69	0	0	0	0	0	0	0	0	847.66	0
40.0972	64.57	48.73	43.56	188.87	73.26	209.44	128.59	84.81	0	0	0	0	0	0	0	0	841.83	0
40.1072	53.35	38.94	33.88	191.29	73.26	216.04	136.62	102.96	0	0	0	0	0	0	0	0	846.34	0
40.1172	41.8	31.13	26.62	188.87	70.95	222.75	142.67	113.08	0	0	0	0	0	0	0	0	837.87	0
40.1272	34.76	25.3	21.78	186.56	70.95	227.15	148.72	121.44	0	0	0	0	0	0	0	0	836.66	0
40.1372	32.45	21.34	16.94	179.41	68.64	231.55	154.77	127.71	0	0	0	0	0	0	0	0	832.81	0
40.1472	25.52	15.51	14.52	169.95	64.02	233.75	158.84	136.07	0	0	0	0	0	0	0	0	818.18	0
40.1572	23.21	13.64	12.1	158.51	61.71	233.75	160.82	140.25	0	0	0	0	0	0	0	0	803.99	0
40.1672	23.21	11.66	12.1	147.4	55	233.75	160.82	146.52	6.93	4.62	0	0	0	0	0	0	790.46	11.55
40.1772	20.9	11.66	12.1	131.67	48.62	235.95	158.84	152.79	10.45	9.35	0	0	0	0	0	0	772.53	19.8
40.1872	18.59	9.68	9.68	113.85	42.35	235.95	154.77	159.06	19.25	16.39	0	0	0	0	0	0	743.93	35.64
40.1972	18.59	9.68	7.26	96.14	35.97	235.95	152.79	165.33	52.69	37.51	4.73	11.22	0	0	0	0	721.71	106.15
40.2072	16.17	7.7	7.26	78.43	29.59	235.95	146.74	171.82	117.37	79.86	11.88	19.8	0	7.04	5.06	0	693.66	241.01
40.2172	13.86	7.7	7.26	60.83	23.21	231.55	142.67	176.44	144.87	118.03	21.56	42.35	5.5	18.92	0	0	663.52	351.23
40.2272	13.86	5.83	7.26	46.53	14.74	220.55	136.62	181.06	173.03	155.65	35.86	65.67	8.25	42.68	0	4.18	626.45	485.32
40.2372	11.55	3.85	4.84	32.67	12.65	202.84	130.57	183.37	205.48	185.13	52.69	81.29	11	62.04	10.23	8.47	582.34	616.33
40.2472	6.93	3.85	4.84	22.33	10.56	174.13	120.45	183.37	219.34	194.81	63.25	87.56	13.75	72.93	25.63	12.65	526.46	689.92
40.2572	0	0	0	13.75	8.47	133.54	107.25	181.06	214.72	194.81	66	90.75	13.75	78.32	33.33	16.94	444.07	708.62
40.2672	0	0	0	8.58	6.27	94.49	87.23	167.42	207.79	192.39	66	93.94	19.25	86.46	41.03	19.03	363.99	725.89
40.2772	0	0	0	6.82	8.47	67.54	67.32	144.43	203.17	197.23	71.39	100.21	19.25	94.6	48.73	21.12	294.58	755.7
40.2872	0	0	0	3.41	8.47	48.84	53.46	102.96	207.79	204.49	76.89	106.48	22	105.49	56.54	23.21	217.14	802.89
40.2972	0	0	0	0	4.18	37.07	45.76	68.64	219.34	214.17	82.39	112.75	22	113.63	65.45	27.5	155.65	857.23
40.3072	0	0	0	0	0	29.26	39.71	44.11	231.44	221.43	90.53	115.94	24.75	121.88	74.36	31.79	113.08	912.12
40.3172	0	0	0	0	0	21.45	33.55	24.64	243.76	228.69	98.67	122.21	27.5	130.02	83.27	33.88	79.64	968
40.3272	0	0	0	0	0	15.62	25.96	17.6	246.18	231.11	104.17	128.48	27.5	132.77	86.35	35.97	59.18	992.53
40.3372	0	0	0	0	0	11.66	16.72	7.04	243.76	235.95	104.17	134.86	30.25	140.91	89.32	35.97	35.42	1015.19
40.3472	0	0	0	0	0	5.83	9.13	0	238.81	238.37	101.42	144.32	30.25	146.3	92.29	38.06	14.96	1029.82
40.3572	0	0	0	0	0	3.85	6.05	0	231.44	235.95	101.42	150.59	30.25	151.8	92.29	38.06	9.9	1031.8
40.3672	0	0	0	0	0	3.85	4.51	0	221.65	233.53	98.67	156.97	30.25	157.19	92.29	40.26	8.36	1030.81
40.3772	0	0	0	0	0	0	2.97	0	210.1	228.69	93.28	163.24	30.25	159.94	95.26	40.26	2.97	1021.02
40.3872	0	0	0	0	0	0	0	0	198.55	223.85	90.53	169.62	30.25	162.69	95.26	40.26	0	1011.01
40.3972	0	0	0	0	0	0	0	0	184.58	216.59	85.03	176	33	165.44	95.26	42.35	0	998.25
40.4072	0	0	0	0	0	0	0	0	175.34	209.33	79.64	182.38	33	168.19	95.26	42.35	0	985.49
40.4172	0	0	0	0	0	0	0	0	161.81	202.07	76.89	185.57	33	170.83	92.29	44.44	0	966.9
40.4272	0	0	0	0	0	0	0	0	151.25	192.39	68.75	191.95	33	170.83	92.29	42.35	0	942.81
40.4372	0	0	0	0	0	0	0	0	140.69	185.13	66	195.14	33	173.47	92.29	44.44	0	930.16
40.4472	0	0	0	0	0	0	0	0	130.02	177.87	60.5	201.63	33	176.22	92.29	42.35	0	913.88
40.4572	0	0	0	0	0	0	0	0	123.75	168.19	55.11	204.82	33	176.22	92.29	44.44	0	897.82
40.4672	0	0	0	0	0	0	0	0	113.3	160.6	52.69	211.2	33	178.86	89.32	44.44	0	883.41
40.4772	0	0	0	0	0	0	0	0	107.58	153.12	50.27	214.39	33	181.61	92.29	44.44	0	876.7
40.4872	0	0	0	0	0	0	0	0	101.86	148.06	47.85	217.58	33	187	92.29	46.53	0	874.17
40.4972	0	0	0	0	0	0	0	0	96.14	140.58	45.43	224.07	33	189.64	95.26	46.53	0	870.65
40.5072	0	0	0	0	0	0	0	0	90.42	135.52	45.43	226.93	33	192.39	98.23	46.53	0	868.45
40.5172	0	0	0	0	0	0	0	0	86.57	130.57	43.12	229.79	33	197.67	101.2	48.73	0	870.65
40.5272	0	0	0	0	0	0	0	0	80.85	125.51	40.7	232.76	35.75	203.06	104.17	48.73	0	871.53
40.5372	0	0	0	0	0	0	0	0	75.13	120.56	40.7	238.59	35.75	208.45	107.14	48.73	0	875.05
40.5472	0	0	0	0	0	0	0	0	69.41	113.08	38.28	241.45	35.75	216.59	113.08	50.82	0	878.46
40.5572	0	0	0	0	0	0	0	0	63.69	108.24	35.86	247.28	35.75	221.98	115.94	50.82	0	879.56
40.5672	0	0	0	0	0	0	0	0	57.97	101.2	33.44	253.11	38.5	230.34	121.77	52.91	0	889.24
40.5772	0	0	0	0	0	0	0	0	52.69	94.05	31.13	255.97	38.5	238.7	127.6	55.11	0	893.75
40.5872	0	0	0	0	0	0	0	0	45.65	87.01	28.71	261.8	38.5	244.31	133.32	57.53	0	896.83
40.5972	0	0	0	0	0	0	0	0	40.37	77.55	26.29	267.63	41.25	252.67	136.29	59.95	0	902
40.6072	0	0	0	0	0	0	0	0	35.09	70.4	23.87	273.46	41.25	258.28	142.12	62.37	0	906.84
40.6172	0	0	0	0	0	0	0	0	31.57	63.36	21.56	279.51	41.25	266.64	147.84	62.37	0	914.1
40.6272	0	0	0	0	0	0	0	0	28.05	56.21	19.14	282.7	41.25	275	150.81	67.32	0	920.48
40.6372	0	0	0	0	0	0	0	0	24.53	46.86	16.72	288.97	44	280.61	156.53	69.74	0	927.96
40.6472	0	0	0	0	0	0	0	0	22.77	39.82	14.3	292.16	44	289.08	159.5	72.16	0	933.79
40.6572	0	0	0	0	0	0	0	0	21.01	35.09	14.3	292.16	41.25	294.8	165.33	74.69	0	938.63
40.6672	0	0	0	0	0	0	0	0	19.25	28.05	11.88	288.97	41.25	300.41	168.3	79.53	0	937.64
40.6772	0	0	0	0	0	0	0	0	15.73	18.7	9.57	285.89	41.25	308.88	171.27	81.95	0	933.24
40.6872	0	0	0	0	0	0	0	0	13.97	11.66	7.15	273.46	38.5	311.74	174.24	84.48	0	915.2
40.6972	0	0	0	0	0	0	0	0	13.97	9.35	7.15	258.94	35.75	314.49	177.21	86.9	0	903.76
40.7072	6.93	0	0	0	0	0	0	0	12.21	6.93	4.73	238.59	30.25	320.21	177.21	89.32	6.93	879.45
40.7171	16.17	0	0	0	0	0	0	0	12.21	6.93	4.73	217.58	27.5	320.21	174.24	91.74	16.17	855.14
40.7271	44.11	3.85	0	0	0	0	0	0	10.45	6.93	4.73	191.95	22	322.96	174.24	94.27	47.96	827.53
40.7371	167.53	27.28	9.68	6.82	0	3.85	0	0	10.45	4.62	4.73	169.62	16.5	325.82	171.27	96.69	215.16	799.7
40.7471	244.09	52.58	21.78	11.99	4.18	5.83	0	0	10.45	4.62	0	144.32	13.75	328.68	168.3	101.53	340.45	771.65
40.7571	244.09	76.34	38.72	24.09	8.47	9.68	0	0	8.69	0	0	115.94	11	325.82	162.36	106.48	401.39	730.29
40.7671	251.9	111.54	62.81	37.84	14.74	17.49	2.97	0	6.93	0	0	87.56	8.25	314.49	156.53	108.9	499.29	682.66
40.7771	254.43	128.48	77	51.7	16.94	25.3	6.05	5.28	5.17	0	0	62.48	8.25	294.8	147.84	113.85	565.18	632.39
40.7871	262.24	136.84	86.35	60.83	21.12	31.24	10.67	7.04	3.41	0	0	45.21	5.5	258.28	139.15	118.25	616.33	569.8
40.7971	262.24	136.84	93.5	65.23	21.12	37.07	13.75	7.04	0	0	0	31.02	5.5	203.06	127.6	118.25	636.79	485.43
40.8071	259.6	138.93	100.54	69.63	23.21	46.86	18.26	10.56	0	0	0	19.8	5.5	154.55	113.08	116.05	667.59	408.98
40.8171	264.88	141.02	110	71.83	27.5	54.67	24.42	12.32	0	0	0	14.08	5.5	116.38	95.26	101.53	706.64	332.75
40.8271	277.86	145.2	122.32	74.03	31.68	63.03	30.47	15.84	0	0	0	11.22	5.5	81.07	80.3	81.95	760.43	260.04
40.8371	293.15	151.47	134.64	76.23	33.88	67.54	36.63	17.6	0	0	0	8.47	5.5	56.98	71.39	57.53	811.14	199.87
40.8471	305.91	157.74	149.49	78.43	38.06	74.25	39.71	17.6	0	0	0	5.61	0	42.68	59.51	46.53	861.19	154.33
40.8571	316.14	164.01	156.97	82.83	38.06	80.96	42.68	21.12	0	0	0	0	0	33.22	53.9	35.97	902.77	123.09
40.8671	318.67	168.3	161.92	89.54	40.15	85.47	45.76	22.88	0	0	0	0	0	26.07	48.73	29.59	932.69	104.39
40.8771	318.67	172.81	166.87	96.14	42.35	92.18	47.3	24.64	0	0	0	0	0	21.34	38.5	23.21	960.96	83.05
40.8871	316.14	177.43	166.87	102.74	42.35	96.69	47.3	26.4	0	0	0	0	0	14.19	25.63	12.65	975.92	52.47
40.8971	308.44	179.63	164.34	109.34	42.35	101.2	48.84	28.27	0	0	0	0	0	7.04	12.76	4.18	982.41	23.98
40.9071	300.85	179.63	161.92	116.05	44.44	105.6	48.84	30.03	0	0	0	0	0	7.04	7.7	0	987.36	14.74
40.9171	293.15	177.43	156.97	122.76	44.44	110.11	48.84	30.03	0	0	0	0	0	4.73	5.06	0	983.73	9.79
40.9271	282.92	175.12	152.02	127.27	44.44	112.42	50.38	30.03	0	0	0	0	0	0	5.06	0	974.6	5.06
40.9371	270.05	172.81	147.07	131.67	44.44	114.51	50.38	31.79	0	0	0	0	0	0	0	0	962.72	0
40.9471	257.07	168.3	137.17	136.18	44.44	116.6	50.38	31.79	0	0	0	0	0	0	0	0	941.93	0
40.9571	241.45	161.92	132.22	140.69	44.44	118.69	50.38	31.79	0	0	0	0	0	0	0	0	921.58	0
40.9671	228.58	157.74	124.74	145.09	44.44	120.78	50.38	31.79	0	0	0	0	0	0	0	0	903.54	0
40.9771	213.62	151.47	117.37	149.6	44.44	122.98	50.38	33.55	0	0	0	0	0	0	0	0	883.41	0
40.9871	201.52	145.2	110	154.11	44.44	125.07	50.38	33.55	0	0	0	0	0	0	0	0	864.27	0
40.9971	189.31	138.93	102.96	158.51	46.53	127.16	50.38	33.55	0	0	0	0	0	0	0	0	847.33	0
41.0071	177.21	134.75	98.23	163.02	46.53	129.25	50.38	33.55	0	0	0	0	0	0	0	0	832.92	0
41.0171	167.53	128.48	93.5	167.64	46.53	131.45	50.38	35.31	0	0	0	0	0	0	0	0	820.82	0
41.0271	157.63	124.3	86.35	172.37	46.53	133.54	50.38	35.31	0	0	0	0	0	0	0	0	806.41	0
41.0371	147.84	120.12	81.73	179.41	46.53	137.72	51.92	37.07	0	0	0	0	0	0	0	0	802.34	0
41.0471	140.47	113.85	77	184.14	46.53	142.01	53.46	37.07	0	0	0	0	0	0	0	0	794.53	0
41.0571	133.1	109.34	74.58	188.87	48.62	146.19	53.46	37.07	0	0	0	0	0	0	0	0	791.23	0
41.0671	125.73	104.94	69.85	195.91	48.62	150.48	55	38.83	0	0	0	0	0	0	0	0	789.36	0
41.0771	118.36	98.34	67.54	200.64	48.62	154.66	56.54	40.59	0	0	0	0	0	0	0	0	785.29	0
41.0871	110.99	93.94	62.81	207.79	48.62	158.95	58.3	40.59	0	0	0	0	0	0	0	0	781.99	0
41.0971	102.08	89.54	58.08	214.83	50.82	165.33	60.06	42.35	0	0	0	0	0	0	0	0	783.09	0
41.1071	93.28	82.94	55.77	219.56	50.82	171.93	61.93	44.11	0	0	0	0	0	0	0	0	780.34	0
41.1171	86.68	78.54	50.82	226.49	50.82	178.53	65.56	47.63	0	0	0	0	0	0	0	0	785.07	0
41.1271	77.77	71.94	43.56	233.31	52.91	187.33	69.19	49.39	0	0	0	0	0	0	0	0	785.4	0
41.1371	71.17	65.34	38.72	237.82	52.91	196.24	72.82	51.15	0	0	0	0	0	0	0	0	786.17	0
41.1471	62.37	56.54	33.88	244.64	52.91	205.04	76.45	56.54	0	0	0	0	0	0	0	0	788.37	0
41.1571	53.35	48.73	29.04	246.84	52.91	213.84	80.08	62.59	0	0	0	0	0	0	0	0	787.38	0
41.1671	44.11	42.79	24.2	251.46	52.91	220.55	83.71	68.64	0	0	0	0	0	0	0	0	788.37	0
41.1771	37.18	36.96	21.78	253.66	52.91	229.35	87.23	78.65	0	0	0	0	0	0	0	0	797.72	0
41.1871	34.76	33.11	19.36	253.66	52.91	238.15	90.86	86.79	0	0	0	0	0	0	0	0	809.6	0
41.1971	30.14	29.15	16.94	253.66	50.82	244.75	94.49	104.94	0	0	0	0	0	0	0	0	824.89	0
41.2071	27.83	23.32	14.52	251.46	50.82	251.35	98.12	113.08	0	0	0	0	0	0	0	0	830.5	0
41.2171	23.21	19.47	12.1	246.84	48.62	255.75	99.99	121.44	0	0	0	0	0	0	0	0	827.42	0
41.2271	20.9	17.49	9.68	240.13	46.53	262.35	101.75	127.71	0	0	0	0	0	0	0	0	826.54	0
41.2371	20.9	15.51	9.68	228.69	44.44	264.55	103.62	133.98	0	0	0	0	0	0	0	0	821.37	0
41.2471	18.59	15.51	9.68	214.83	40.15	266.75	103.62	140.25	0	0	0	0	0	0	0	0	809.38	0
41.2571	18.59	13.64	7.26	198.33	38.06	268.95	101.75	146.52	0	0	0	0	0	0	0	0	793.1	0
41.2671	16.17	13.64	7.26	179.41	33.88	271.15	99.99	152.79	5.17	6.93	0	0	0	0	0	0	774.29	12.1
41.2771	16.17	13.64	7.26	158.51	29.59	273.35	98.12	156.97	8.69	11.66	0	0	0	0	0	0	753.61	20.35
41.2871	13.86	11.66	7.26	138.38	25.41	275.55	96.36	167.42	13.97	18.7	0	0	0	0	0	0	735.9	32.67
41.2971	13.86	11.66	4.84	116.05	21.12	275.55	92.73	174.13	33.33	32.78	4.73	11.22	0	0	0	0	709.94	82.06
41.3071	11.55	9.68	4.84	93.94	16.94	271.15	90.86	181.06	101.86	77.55	9.57	22.55	0	7.04	0	0	680.02	218.57
41.3171	9.24	7.7	4.84	71.83	14.74	262.35	89.1	185.68	149.16	123.09	21.56	45.21	0	16.61	0	0	645.48	355.63
41.3271	6.93	5.83	4.84	51.7	10.56	246.95	87.23	190.3	179.96	163.13	35.86	68.75	8.25	47.52	0	6.27	604.34	509.74
41.3371	4.62	5.83	4.84	37.84	8.47	216.04	83.71	194.92	217.03	197.23	55.11	87.56	11	67.54	10.23	8.47	556.27	654.17
41.3471	0	3.85	0	27.5	8.47	167.53	78.21	194.92	238.81	206.91	66	90.75	13.75	78.32	25.63	14.74	480.48	734.91
41.3571	0	0	0	20.68	6.27	118.69	67.32	181.06	236.28	204.49	68.75	93.94	13.75	83.82	35.97	16.94	394.02	753.94
41.3671	0	0	0	17.16	8.47	80.96	56.54	154.88	226.49	202.07	68.75	97.02	16.5	91.96	43.67	21.12	318.01	767.58
41.3771	0	0	0	13.75	6.27	54.67	48.84	106.92	224.07	206.91	74.14	100.21	19.25	102.74	51.37	23.21	230.45	801.9
41.3871	0	0	0	8.58	4.18	42.9	42.68	72.6	228.91	214.17	82.39	106.48	19.25	113.63	59.51	25.41	170.94	849.75
41.3971	0	0	0	3.41	0	31.24	35.09	47.63	243.76	226.27	90.53	112.75	22	124.52	68.42	29.59	117.37	917.84
41.4071	0	0	0	0	0	23.43	28.93	26.4	258.5	235.95	98.67	119.02	24.75	132.77	77.33	31.79	78.76	978.78
41.4171	0	0	0	0	0	15.62	19.8	17.6	273.24	243.21	106.92	125.4	24.75	138.16	83.27	35.97	53.02	1030.92
41.4271	0	0	0	0	0	11.66	9.13	5.28	278.19	248.05	112.42	131.67	27.5	143.66	86.35	35.97	26.07	1063.81
41.4371	0	0	0	3.41	0	5.83	2.97	0	275.77	250.47	112.42	137.94	27.5	149.05	89.32	38.06	12.21	1080.53
41.4471	0	0	0	3.41	0	5.83	0	0	270.82	250.47	109.67	144.32	27.5	151.8	92.29	40.26	9.24	1087.13
41.4571	0	0	0	3.41	0	3.85	0	0	258.5	248.05	106.92	150.59	27.5	157.19	92.29	40.26	7.26	1081.3
41.4671	0	0	0	0	0	3.85	0	0	243.76	243.21	104.17	153.78	27.5	159.94	92.29	40.26	3.85	1064.91
41.4771	0	0	0	0	0	0	0	0	226.49	235.95	98.67	160.05	27.5	162.69	92.29	40.26	0	1043.9
41.4871	0	0	0	0	0	0	0	0	210.1	226.27	90.53	163.24	27.5	165.44	89.32	42.35	0	1014.75
41.4971	0	0	0	0	0	0	0	0	193.82	219.01	85.03	169.62	27.5	165.44	89.32	42.35	0	992.09
41.5071	0	0	0	0	0	0	0	0	177.65	206.91	76.89	172.81	27.5	165.44	89.32	42.35	0	958.87
41.5171	0	0	0	0	0	0	0	0	163.9	197.23	71.39	179.19	27.5	168.19	89.32	42.35	0	939.07
41.5271	0	0	0	0	0	0	0	0	151.25	187.55	66	182.38	27.5	168.19	89.32	42.35	0	914.54
41.5371	0	0	0	0	0	0	0	0	138.49	177.87	60.5	188.76	27.5	170.83	89.32	44.44	0	897.71
41.5471	0	0	0	0	0	0	0	0	127.93	170.61	57.75	191.95	27.5	173.47	89.32	44.44	0	882.97
41.5571	0	0	0	0	0	0	0	0	119.46	160.6	52.69	198.44	30.25	176.22	89.32	44.44	0	871.42
41.5671	0	0	0	0	0	0	0	0	109.45	153.12	50.27	201.63	30.25	181.61	89.32	44.44	0	860.09
41.5771	0	0	0	0	0	0	0	0	101.86	145.64	45.43	211.2	30.25	187	92.29	46.53	0	860.2
41.5871	0	0	0	0	0	0	0	0	94.16	138.05	43.12	217.58	30.25	189.64	92.29	46.53	0	851.62
41.5971	0	0	0	0	0	0	0	0	86.57	128.04	40.7	224.07	30.25	195.03	95.26	48.73	0	848.65
41.6071	0	0	0	0	0	0	0	0	78.98	123.09	38.28	229.79	30.25	203.06	98.23	48.73	0	850.41
41.6171	0	0	0	0	0	0	0	0	71.28	115.5	35.86	235.62	30.25	208.45	101.2	50.82	0	848.98
41.6271	0	0	0	0	0	0	0	0	63.69	108.24	33.44	241.45	30.25	216.59	104.17	50.82	0	848.65
41.6371	0	0	0	0	0	0	0	0	56.21	101.2	31.13	247.28	33	221.98	107.14	52.91	0	850.85
41.6471	0	0	0	0	0	0	0	0	50.93	94.05	28.71	253.11	33	230.34	113.08	52.91	0	856.13
41.6571	0	0	0	0	0	0	0	0	43.89	87.01	26.29	261.8	33	235.95	115.94	55.11	0	858.99
41.6671	0	0	0	0	0	0	0	0	38.61	77.55	23.87	267.63	33	241.45	121.77	55.11	0	858.99
41.6771	0	0	0	0	0	0	0	0	35.09	72.82	21.56	273.46	35.75	249.92	124.63	59.95	0	873.18
41.6871	0	0	0	0	0	0	0	0	33.33	65.67	21.56	279.51	35.75	258.28	130.46	59.95	0	884.51
41.6971	0	0	0	0	0	0	0	0	29.81	60.94	19.14	285.89	35.75	263.89	133.32	62.37	0	891.11
41.7071	0	0	0	0	0	0	0	0	26.29	53.9	16.72	292.16	35.75	272.25	139.15	64.9	0	901.12
41.7171	0	0	0	0	0	0	0	0	24.53	46.86	16.72	298.43	38.5	277.86	142.12	67.32	0	912.34
41.7271	0	0	0	0	0	0	0	0	22.77	42.13	14.3	301.62	38.5	286.33	144.98	69.74	0	920.37
41.7371	0	0	0	0	0	0	0	0	21.01	35.09	11.88	304.81	38.5	294.8	147.84	74.69	0	928.62
41.7471	0	0	0	0	0	0	0	0	19.25	30.47	9.57	304.81	35.75	303.27	150.81	79.53	0	933.46
41.7571	0	0	0	0	0	0	0	0	17.49	23.43	9.57	304.81	35.75	308.88	153.67	81.95	0	935.55
41.7671	0	0	0	0	0	0	0	0	15.73	16.39	7.15	298.43	33	314.49	150.81	86.9	0	922.9
41.7771	0	0	0	0	0	0	0	0	12.21	9.35	4.73	285.89	30.25	322.96	153.67	86.9	0	905.96
41.7871	4.62	0	0	0	0	0	0	0	12.21	9.35	4.73	267.63	27.5	325.82	150.81	89.32	4.62	887.37
41.7971	11.55	0	0	0	0	0	0	0	12.21	6.93	4.73	244.42	22	328.68	147.84	94.27	11.55	861.08
41.8071	25.52	3.85	0	0	0	0	0	0	12.21	6.93	4.73	220.77	19.25	334.29	147.84	96.69	29.37	842.71
41.8171	93.28	9.68	0	0	0	0	0	0	10.45	6.93	0	191.95	16.5	337.15	144.98	101.53	102.96	809.49
41.8271	231.11	35.09	12.1	8.58	0	5.83	0	0	10.45	4.62	0	166.43	13.75	342.76	142.12	104.06	292.71	784.19
41.8371	238.92	54.56	24.2	13.75	0	5.83	0	0	8.69	4.62	0	137.94	11	342.76	136.29	111.32	337.26	752.62
41.8471	246.73	87.34	45.98	31.02	10.56	15.62	0	0	6.93	0	0	109.56	8.25	337.15	130.46	113.85	437.25	706.2
41.8571	249.26	115.94	62.81	44.77	14.74	21.45	2.97	0	6.93	0	0	81.29	5.5	322.96	124.63	118.25	511.94	659.56
41.8671	254.43	128.48	72.27	56.87	19.03	27.28	9.13	5.28	5.17	0	0	56.54	5.5	297.55	115.94	120.45	572.77	601.15
41.8771	257.07	132.66	81.73	65.23	21.12	33.22	12.21	7.04	3.41	0	0	42.35	0	247.06	107.14	124.96	610.28	524.92
41.8871	251.9	132.66	88.77	74.03	23.21	42.9	15.18	8.8	0	0	0	31.02	0	192.39	101.2	124.96	637.45	449.57
41.8971	257.07	136.84	100.54	76.23	27.5	54.67	22.88	10.56	0	0	0	22.55	0	143.66	89.32	118.25	686.29	373.78
41.9071	267.41	138.93	112.42	76.23	31.68	63.03	28.93	12.32	0	0	0	19.8	0	105.49	80.3	101.53	730.95	307.12
41.9171	282.92	145.2	129.69	76.23	33.88	69.74	36.63	15.84	0	0	0	14.08	0	75.68	71.39	77.11	790.13	238.26
41.9271	300.85	149.38	147.07	78.43	38.06	76.56	41.25	17.6	0	0	0	11.22	0	54.56	65.45	57.53	849.2	188.76
41.9371	316.14	151.47	164.34	76.23	40.15	80.96	45.76	21.12	0	0	0	0	0	42.68	56.54	46.53	896.17	145.75
41.9471	326.37	153.56	176.77	78.43	42.35	85.47	48.84	24.64	0	0	0	0	0	33.22	51.37	35.97	936.43	120.56
41.9571	331.54	155.65	184.25	78.43	42.35	87.67	51.92	26.4	0	0	0	0	0	26.07	46.2	31.79	958.21	104.06
41.9671	334.07	155.65	191.84	80.63	44.44	89.98	53.46	28.27	0	0	0	0	0	18.92	33.33	23.21	978.34	75.46
41.9771	334.07	155.65	194.37	80.63	44.44	92.18	55	30.03	0	0	0	0	0	11.88	17.93	8.47	986.37	38.28
41.9871	328.9	153.56	194.37	82.83	46.53	94.49	56.54	31.79	0	0	0	0	0	7.04	5.06	4.18	989.01	16.28
41.9971	323.84	153.56	191.84	85.03	46.53	96.69	58.3	33.55	0	0	0	0	0	7.04	7.7	4.18	989.34	18.92
42.0071	316.14	151.47	189.31	87.34	46.53	98.89	60.06	33.55	0	0	0	0	0	4.73	5.06	0	983.29	9.79
42.0171	305.91	147.29	186.78	87.34	48.62	98.89	61.93	35.31	0	0	0	0	0	0	0	0	972.07	0
42.0271	295.68	143.11	181.83	89.54	48.62	101.2	63.69	37.07	0	0	0	0	0	0	0	0	960.74	0
42.0371	285.45	138.93	176.77	89.54	48.62	101.2	65.56	37.07	0	0	0	0	0	0	0	0	943.14	0
42.0471	275.22	134.75	171.82	89.54	50.82	101.2	65.56	38.83	0	0	0	0	0	0	0	0	927.74	0
42.0571	264.88	130.57	166.87	89.54	50.82	101.2	67.32	38.83	0	0	0	0	0	0	0	0	910.03	0
42.0671	254.43	126.39	161.92	89.54	50.82	103.4	67.32	38.83	0	0	0	0	0	0	0	0	892.65	0
42.0771	241.45	122.21	154.44	91.74	52.91	103.4	69.19	38.83	0	0	0	0	0	0	0	0	874.17	0
42.0871	231.11	118.03	147.07	93.94	52.91	105.6	69.19	40.59	0	0	0	0	0	0	0	0	858.44	0
42.0971	218.46	115.94	139.59	98.34	52.91	107.91	70.95	40.59	0	0	0	0	0	0	0	0	844.69	0
42.1071	206.36	111.54	132.22	102.74	52.91	112.42	70.95	42.35	0	0	0	0	0	0	0	0	831.49	0
42.1171	196.68	109.34	124.74	107.14	52.91	114.51	72.82	42.35	0	0	0	0	0	0	0	0	820.49	0
42.1271	186.89	107.14	119.79	111.54	55	118.69	74.58	42.35	0	0	0	0	0	0	0	0	815.98	0
42.1371	177.21	102.74	117.37	116.05	55	122.98	76.45	44.11	0	0	0	0	0	0	0	0	811.91	0
42.1470	169.95	100.54	112.42	122.76	57.2	127.16	78.21	45.87	0	0	0	0	0	0	0	0	814.11	0
42.1570	160.05	96.14	107.69	127.27	57.2	133.54	80.08	47.63	0	0	0	0	0	0	0	0	809.6	0
42.1670	152.68	93.94	102.96	133.98	57.2	137.72	83.71	49.39	0	0	0	0	0	0	0	0	811.58	0
42.1770	140.47	89.54	95.81	138.38	59.4	144.1	87.23	49.39	0	0	0	0	0	0	0	0	804.32	0
42.1870	130.57	85.14	91.08	145.09	59.4	150.48	90.86	51.15	0	0	0	0	0	0	0	0	803.77	0
42.1970	120.78	80.74	84.04	151.8	61.71	158.95	94.49	54.67	0	0	0	0	0	0	0	0	807.18	0
42.2070	110.99	74.14	77	156.31	64.02	165.33	99.99	58.52	0	0	0	0	0	0	0	0	806.3	0
42.2170	99.88	67.54	69.85	163.02	64.02	174.13	105.38	64.57	0	0	0	0	0	0	0	0	808.39	0
42.2270	88.88	60.94	62.81	167.64	66.33	182.93	110.88	70.62	0	0	0	0	0	0	0	0	811.03	0
42.2370	77.77	54.56	53.24	172.37	66.33	191.73	114.51	76.67	0	0	0	0	0	0	0	0	807.18	0
42.2470	66.77	48.73	43.56	177.1	68.64	198.44	120.45	84.81	0	0	0	0	0	0	0	0	808.5	0
42.2570	55.77	40.92	36.3	179.41	68.64	207.24	126.5	100.87	0	0	0	0	0	0	0	0	815.65	0
42.2670	46.42	33.11	26.62	181.83	68.64	213.84	132.55	110.99	0	0	0	0	0	0	0	0	814	0
42.2770	37.18	27.28	24.2	184.14	66.33	220.55	138.6	119.35	0	0	0	0	0	0	0	0	817.63	0
42.2870	34.76	23.32	19.36	181.83	66.33	224.95	142.67	127.71	0	0	0	0	0	0	0	0	820.93	0
42.2970	30.14	19.47	16.94	177.1	64.02	229.35	146.74	136.07	0	0	0	0	0	0	0	0	819.83	0
42.3070	25.52	15.51	14.52	172.37	61.71	231.55	150.7	142.34	0	0	0	0	0	0	0	0	814.22	0
42.3170	23.21	13.64	12.1	163.02	59.4	233.75	152.79	148.61	0	0	0	0	0	0	0	0	806.52	0
42.3270	20.9	11.66	12.1	151.8	52.91	235.95	152.79	152.79	5.17	4.62	0	0	0	0	0	0	790.9	9.79
42.3370	20.9	11.66	9.68	138.38	48.62	235.95	150.7	159.06	8.69	9.35	0	0	0	0	0	0	774.95	18.04
42.3470	18.59	9.68	9.68	122.76	42.35	235.95	148.72	167.42	12.21	13.97	0	0	0	0	0	0	755.15	26.18
42.3570	18.59	9.68	7.26	104.94	35.97	235.95	144.65	171.82	19.25	21.01	0	5.61	0	0	0	0	728.86	45.87
42.3670	16.17	9.68	7.26	89.54	29.59	235.95	140.69	178.75	47.41	42.13	7.15	11.22	0	0	0	0	707.63	107.91
42.3770	16.17	7.7	7.26	74.03	25.41	235.95	134.64	183.37	113.3	98.78	16.72	25.41	0	9.46	0	0	684.53	263.67
42.3870	13.86	5.83	4.84	56.87	19.03	231.55	128.59	185.68	151.25	150.59	28.71	56.54	8.25	28.49	7.7	6.27	646.25	437.8
42.3970	11.55	5.83	4.84	43.01	14.74	220.55	122.54	190.3	179.96	187.55	47.85	78.21	11	59.4	10.23	8.47	613.36	582.67
42.4070	9.24	3.85	4.84	29.26	12.65	200.64	114.51	192.61	210.1	197.23	63.25	81.29	13.75	70.18	25.63	12.65	567.6	674.08
42.4170	4.62	0	4.84	20.68	8.47	163.13	105.38	190.3	214.72	197.23	68.75	84.48	19.25	75.68	38.5	16.94	497.42	715.55
42.4270	0	0	0	13.75	6.27	120.78	90.86	185.68	203.17	189.97	68.75	84.48	19.25	81.07	43.67	19.03	417.34	709.39
42.4370	0	0	0	8.58	6.27	83.27	72.82	169.62	198.55	189.97	71.39	87.56	19.25	89.21	51.37	21.12	340.56	728.42
42.4470	0	0	0	5.17	6.27	58.63	56.54	133.98	200.86	197.23	76.89	97.02	22	102.74	62.48	25.41	260.59	784.63
42.4570	0	0	0	3.41	6.27	42.9	47.3	86.79	210.1	206.91	87.78	103.29	24.75	113.63	74.36	29.59	186.67	850.41
42.4670	0	0	0	0	4.18	33.22	41.25	60.5	224.07	216.59	96.03	106.48	24.75	121.88	86.35	31.79	139.15	907.94
42.4770	0	0	0	0	0	25.3	33.55	33.55	238.81	226.27	109.67	112.75	27.5	130.02	98.23	35.97	92.4	979.22
42.4870	0	0	0	0	0	19.47	25.96	21.12	246.18	231.11	115.17	119.02	30.25	138.16	107.14	38.06	66.55	1025.09
42.4970	0	0	0	0	0	13.64	18.26	10.56	246.18	235.95	120.78	128.48	33	146.3	113.08	40.26	42.46	1064.03
42.5070	0	0	0	0	0	7.81	9.13	0	241.23	238.37	117.92	134.86	33	154.55	118.91	42.35	16.94	1081.19
42.5170	0	0	0	0	0	5.83	4.51	0	231.44	238.37	117.92	144.32	33	162.69	121.77	44.44	10.34	1093.95
42.5270	0	0	0	0	0	3.85	2.97	0	221.65	233.53	112.42	150.59	35.75	168.19	124.63	44.44	6.82	1091.2
42.5370	0	0	0	0	0	0	0	0	210.1	228.69	106.92	156.97	35.75	173.47	124.63	46.53	0	1083.06
42.5470	0	0	0	0	0	0	0	0	193.82	221.43	101.42	163.24	35.75	176.22	124.63	46.53	0	1063.04
42.5570	0	0	0	0	0	0	0	0	179.96	211.75	96.03	169.62	35.75	178.86	127.6	46.53	0	1046.1
42.5670	0	0	0	0	0	0	0	0	166.1	202.07	87.78	172.81	35.75	181.61	124.63	46.53	0	1017.28
42.5770	0	0	0	0	0	0	0	0	153.34	192.39	82.39	176	35.75	181.61	124.63	46.53	0	992.64
42.5870	0	0	0	0	0	0	0	0	140.69	180.29	76.89	179.19	35.75	181.61	121.77	48.73	0	964.92
42.5970	0	0	0	0	0	0	0	0	130.02	170.61	68.75	182.38	35.75	184.25	121.77	48.73	0	942.26
42.6070	0	0	0	0	0	0	0	0	119.46	160.6	63.25	185.57	35.75	184.25	121.77	48.73	0	919.38
42.6170	0	0	0	0	0	0	0	0	109.45	150.59	57.75	185.57	35.75	184.25	121.77	48.73	0	893.86
42.6270	0	0	0	0	0	0	0	0	103.73	143.11	55.11	185.57	35.75	184.25	121.77	50.82	0	880.11
42.6370	0	0	0	0	0	0	0	0	94.16	135.52	50.27	188.76	35.75	187	121.77	50.82	0	864.05
42.6470	0	0	0	0	0	0	0	0	88.44	128.04	47.85	191.95	35.75	189.64	124.63	50.82	0	857.12
42.6570	0	0	0	0	0	0	0	0	80.85	120.56	45.43	195.14	38.5	192.39	127.6	50.82	0	851.29
42.6670	0	0	0	0	0	0	0	0	75.13	115.5	43.12	198.44	38.5	197.67	127.6	52.91	0	848.87
42.6770	0	0	0	0	0	0	0	0	69.41	108.24	40.7	201.63	38.5	200.42	130.46	52.91	0	842.27
42.6870	0	0	0	0	0	0	0	0	63.69	103.51	38.28	204.82	38.5	205.81	133.32	55.11	0	843.04
42.6970	0	0	0	0	0	0	0	0	57.97	98.78	35.86	211.2	38.5	211.2	139.15	55.11	0	847.77
42.7070	0	0	0	0	0	0	0	0	54.45	94.05	33.44	214.39	41.25	216.59	142.12	57.53	0	853.82
42.7170	0	0	0	0	0	0	0	0	49.17	89.32	31.13	220.77	41.25	221.98	147.84	57.53	0	858.99
42.7270	0	0	0	0	0	0	0	0	43.89	82.28	28.71	226.93	41.25	230.34	150.81	59.95	0	864.16
42.7370	0	0	0	0	0	0	0	0	40.37	77.55	26.29	229.79	44	235.95	156.53	62.37	0	872.85
42.7470	0	0	0	0	0	0	0	0	36.85	70.4	26.29	235.62	44	241.45	165.33	64.9	0	884.84
42.7570	0	0	0	0	0	0	0	0	33.33	65.67	23.87	238.59	44	247.06	168.3	67.32	0	888.14
42.7670	0	0	0	0	0	0	0	0	29.81	58.63	21.56	244.42	46.75	255.42	177.21	67.32	0	901.12
42.7770	0	0	0	0	0	0	0	0	26.29	51.59	19.14	247.28	46.75	261.03	180.18	69.74	0	902
42.7870	0	0	0	0	0	0	0	0	24.53	44.55	16.72	250.14	46.75	266.64	189.09	72.16	0	910.58
42.7970	0	0	0	0	0	0	0	0	22.77	39.82	14.3	253.11	46.75	272.25	195.14	77.11	0	921.25
42.8070	0	0	0	0	0	0	0	0	21.01	32.78	14.3	253.11	46.75	277.86	201.08	79.53	0	926.42
42.8170	0	0	0	0	0	0	0	0	19.25	28.05	11.88	250.14	46.75	283.47	204.05	81.95	0	925.54
42.8270	0	0	0	0	0	0	0	0	15.73	21.01	9.57	250.14	44	286.33	207.02	86.9	0	920.7
42.8370	0	0	0	0	0	0	0	0	13.97	13.97	7.15	241.45	44	291.94	209.99	89.32	0	911.79
42.8470	0	0	0	0	0	0	0	0	12.21	9.35	7.15	229.79	41.25	294.8	209.99	91.74	0	896.28
42.8570	0	0	0	0	0	0	0	0	12.21	6.93	4.73	214.39	35.75	297.55	209.99	91.74	0	873.29
42.8670	9.24	0	0	0	0	0	0	0	12.21	6.93	4.73	195.14	33	297.55	207.02	96.69	9.24	853.27
42.8770	18.59	0	0	0	0	0	0	0	10.45	4.62	4.73	176	27.5	300.41	204.05	99.11	18.59	826.87
42.8870	53.35	5.83	0	0	0	0	0	0	10.45	4.62	4.73	156.97	22	306.02	201.08	106.48	59.18	812.35
42.8970	169.95	27.28	12.1	6.82	0	3.85	0	0	10.45	4.62	0	134.86	19.25	308.88	198.11	111.32	220	787.49
42.9070	228.58	48.73	24.2	11.99	4.18	5.83	0	0	8.69	0	0	115.94	13.75	308.88	192.06	113.85	323.51	753.17
42.9170	238.92	76.34	45.98	27.5	10.56	13.64	0	0	6.93	0	0	93.94	11	306.02	183.15	118.25	412.94	719.29
42.9270	251.9	104.94	72.27	41.36	16.94	21.45	6.05	7.04	6.93	0	0	68.75	8.25	294.8	171.27	120.45	521.95	670.45
42.9370	254.43	118.03	88.77	55.11	21.12	27.28	10.67	10.56	5.17	0	0	50.82	5.5	272.25	159.5	122.76	585.97	616
42.9470	262.24	124.3	98.23	63.03	25.41	37.07	16.72	15.84	3.41	0	0	36.74	5.5	235.95	144.98	124.96	642.84	551.54
42.9570	259.6	122.21	105.27	63.03	27.5	44.88	22.88	15.84	0	0	0	25.41	0	187	130.46	124.96	661.21	467.83
42.9670	257.07	124.3	110	65.23	31.68	52.69	30.47	17.6	0	0	0	16.94	0	140.91	113.08	120.45	689.04	391.38
42.9770	259.6	126.39	122.32	65.23	35.97	58.63	36.63	19.36	0	0	0	11.22	0	105.49	95.26	106.48	724.13	318.45
42.9870	270.05	130.57	132.22	67.43	38.06	65.34	42.68	22.88	0	0	0	8.47	5.5	75.68	80.3	84.48	769.23	254.43
42.9970	282.92	134.75	147.07	69.63	40.15	72.05	47.3	26.4	0	0	0	0	5.5	54.56	71.39	59.95	820.27	191.4
43.0070	293.15	138.93	161.92	74.03	42.35	78.76	50.38	28.27	0	0	0	0	0	40.37	62.48	46.53	867.79	149.38
43.0170	300.85	145.2	171.82	78.43	44.44	85.47	55	31.79	0	0	0	0	0	30.8	53.9	33.88	913	118.58
43.0270	303.38	147.29	179.3	82.83	44.44	92.18	58.3	35.31	0	0	0	0	0	23.65	48.73	27.5	943.03	99.88
43.0370	303.38	151.47	181.83	89.54	46.53	96.69	61.93	38.83	0	0	0	0	0	18.92	38.5	19.03	970.2	76.45
43.0470	298.21	151.47	184.25	93.94	48.62	103.4	63.69	42.35	0	0	0	0	0	11.88	23.1	8.47	985.93	43.45
43.0570	290.62	151.47	181.83	98.34	48.62	107.91	67.32	44.11	0	0	0	0	0	7.04	10.23	4.18	990.22	21.45
43.0670	282.92	151.47	176.77	104.94	48.62	112.42	69.19	45.87	0	0	0	0	0	7.04	7.7	0	992.2	14.74
43.0770	272.58	149.38	171.82	107.14	50.82	114.51	70.95	47.63	0	0	0	0	0	4.73	5.06	0	984.83	9.79
43.0870	262.24	145.2	166.87	111.54	50.82	118.69	72.82	49.39	0	0	0	0	0	0	0	0	977.57	0
43.0970	249.26	141.02	161.92	113.85	52.91	120.78	74.58	51.15	0	0	0	0	0	0	0	0	965.47	0
43.1070	236.28	134.75	154.44	116.05	52.91	120.78	76.45	51.15	0	0	0	0	0	0	0	0	942.81	0
43.1170	225.94	130.57	149.49	116.05	52.91	122.98	78.21	52.91	0	0	0	0	0	0	0	0	929.06	0
43.1270	213.62	124.3	142.12	116.05	55	122.98	80.08	52.91	0	0	0	0	0	0	0	0	907.06	0
43.1370	203.94	118.03	137.17	116.05	55	125.07	81.84	54.67	0	0	0	0	0	0	0	0	891.77	0
43.1470	194.15	113.85	129.69	116.05	57.2	125.07	83.71	56.54	0	0	0	0	0	0	0	0	876.26	0
43.1570	184.47	107.14	122.32	118.25	57.2	127.16	85.47	58.52	0	0	0	0	0	0	0	0	860.53	0
43.1670	174.79	102.74	114.84	120.56	57.2	129.25	87.23	58.52	0	0	0	0	0	0	0	0	845.13	0
43.1770	165	98.34	110	122.76	59.4	131.45	87.23	60.5	0	0	0	0	0	0	0	0	834.68	0
43.1870	152.68	93.94	102.96	124.96	59.4	133.54	90.86	62.59	0	0	0	0	0	0	0	0	820.93	0
43.1970	142.89	87.34	95.81	129.47	61.71	137.72	92.73	64.57	0	0	0	0	0	0	0	0	812.24	0
43.2070	133.1	82.94	91.08	131.67	61.71	142.01	94.49	68.64	0	0	0	0	0	0	0	0	805.64	0
43.2170	123.2	78.54	84.04	136.18	61.71	146.19	96.36	72.6	0	0	0	0	0	0	0	0	798.82	0
43.2270	113.41	74.14	79.31	140.69	64.02	150.48	99.99	76.67	0	0	0	0	0	0	0	0	798.71	0
43.2370	106.48	69.74	72.27	142.89	64.02	154.66	103.62	88.77	0	0	0	0	0	0	0	0	802.45	0
43.2470	97.68	65.34	67.54	147.4	66.33	161.04	107.25	94.82	0	0	0	0	0	0	0	0	807.4	0
43.2570	88.88	58.74	62.81	151.8	66.33	167.53	110.88	102.96	0	0	0	0	0	0	0	0	809.93	0
43.2670	79.97	54.56	55.77	156.31	66.33	174.13	114.51	109.01	0	0	0	0	0	0	0	0	810.59	0
43.2770	68.97	48.73	45.98	158.51	68.64	178.53	118.47	117.26	0	0	0	0	0	0	0	0	805.09	0
43.2870	60.17	42.79	38.72	163.02	68.64	185.13	124.52	123.53	0	0	0	0	0	0	0	0	806.52	0
43.2970	48.73	35.09	31.46	165.33	68.64	191.73	128.59	129.8	0	0	0	0	0	0	0	0	799.37	0
43.3070	39.49	31.13	26.62	167.64	68.64	198.44	134.64	138.16	0	0	0	0	0	0	0	0	804.76	0
43.3170	34.76	25.3	21.78	167.64	68.64	205.04	140.69	146.52	0	0	0	0	0	0	0	0	810.37	0
43.3270	30.14	23.32	19.36	167.64	68.64	209.44	144.65	152.79	0	0	0	0	0	0	0	0	815.98	0
43.3370	27.83	19.47	16.94	167.64	66.33	213.84	148.72	161.15	0	0	0	0	0	0	0	0	821.92	0
43.3470	25.52	15.51	14.52	165.33	66.33	216.04	152.79	167.42	0	0	0	0	0	0	0	0	823.46	0
43.3570	23.21	13.64	12.1	160.82	64.02	220.55	154.77	174.13	0	0	0	0	0	0	0	0	823.24	0
43.3670	20.9	11.66	12.1	154.11	59.4	222.75	156.75	181.06	0	0	0	0	0	0	0	0	818.73	0
43.3770	20.9	11.66	9.68	145.09	55	224.95	156.75	187.99	0	0	0	0	0	0	0	0	812.02	0
43.3870	18.59	9.68	9.68	136.18	50.82	224.95	158.84	190.3	0	0	0	0	0	0	0	0	799.04	0
43.3970	18.59	9.68	9.68	122.76	46.53	224.95	156.75	194.92	3.41	4.62	0	0	0	0	0	0	783.86	8.03
43.4070	18.59	9.68	7.26	109.34	40.15	224.95	154.77	197.23	6.93	6.93	0	0	0	0	0	0	761.97	13.86
43.4170	16.17	7.7	7.26	93.94	33.88	224.95	150.7	201.74	10.45	11.66	0	0	0	0	0	0	736.34	22.11
43.4270	13.86	7.7	7.26	80.63	29.59	227.15	146.74	204.05	15.73	16.39	0	0	0	0	0	0	716.98	32.12
43.4370	13.86	5.83	4.84	67.43	23.21	227.15	140.69	206.36	26.29	25.74	4.73	8.47	0	0	0	0	689.37	65.23
43.4470	11.55	5.83	4.84	55.11	21.12	224.95	134.64	208.67	71.28	51.59	9.57	14.08	0	0	0	0	666.71	146.52
43.4570	11.55	3.85	4.84	44.77	16.94	220.55	126.5	210.98	130.02	103.51	19.14	39.6	0	14.19	5.06	0	639.98	311.52
43.4670	9.24	3.85	4.84	34.43	12.65	209.44	118.47	210.98	163.9	148.06	35.86	65.67	8.25	40.37	7.7	6.27	603.9	476.08
43.4770	4.62	0	4.84	25.85	10.56	189.53	109.01	210.98	205.48	180.29	60.5	87.56	13.75	67.54	15.4	10.56	555.39	641.08
43.4870	0	0	0	18.92	8.47	154.66	98.12	208.67	236.28	192.39	76.89	93.94	16.5	81.07	38.5	16.94	488.84	752.51
43.4970	0	0	0	13.75	8.47	114.51	83.71	197.23	236.28	192.39	82.39	97.02	19.25	86.46	46.2	19.03	417.67	779.02
43.5070	0	0	0	10.34	8.47	80.96	65.56	171.82	221.65	189.97	82.39	100.21	19.25	97.35	51.37	23.21	337.15	785.4
43.5170	0	0	0	8.58	8.47	56.65	55	127.71	212.41	189.97	82.39	106.48	22	108.24	65.45	25.41	256.41	812.35
43.5270	0	0	0	5.17	6.27	44.88	47.3	84.81	217.03	197.23	90.53	115.94	24.75	124.52	74.36	29.59	188.43	873.95
43.5370	0	0	0	0	4.18	33.22	39.71	56.54	224.07	204.49	101.42	125.4	27.5	135.41	86.35	33.88	133.65	938.52
43.5470	0	0	0	0	0	25.3	33.55	31.79	233.86	209.33	112.42	128.48	27.5	146.3	101.2	38.06	90.64	997.15
43.5570	0	0	0	0	0	17.49	24.42	21.12	243.76	216.59	120.78	134.86	33	154.55	110.22	42.35	63.03	1056.11
43.5670	0	0	0	0	0	11.66	16.72	8.8	248.6	219.01	126.28	141.13	33	159.94	118.91	44.44	37.18	1091.31
43.5769	0	0	0	0	0	7.81	9.13	0	243.76	221.43	126.28	150.59	33	168.19	121.77	46.53	16.94	1111.55
43.5869	0	0	0	0	0	3.85	4.51	0	236.28	221.43	123.53	156.97	35.75	176.22	127.6	46.53	8.36	1124.31
43.5969	0	0	0	0	0	3.85	4.51	0	226.49	216.59	120.78	163.24	35.75	178.86	127.6	48.73	8.36	1118.04
43.6069	0	0	0	0	0	0	2.97	0	212.41	211.75	115.17	169.62	35.75	184.25	130.46	50.82	2.97	1110.23
43.6169	0	0	0	0	0	0	0	0	198.55	204.49	109.67	176	35.75	187	130.46	50.82	0	1092.74
43.6269	0	0	0	0	0	0	0	0	182.27	194.81	101.42	182.38	35.75	189.64	130.46	50.82	0	1067.55
43.6369	0	0	0	0	0	0	0	0	166.1	185.13	93.28	185.57	35.75	189.64	127.6	52.91	0	1035.98
43.6469	0	0	0	0	0	0	0	0	151.25	175.45	85.03	188.76	35.75	192.39	124.63	52.91	0	1006.17
43.6569	0	0	0	0	0	0	0	0	138.49	165.66	79.64	191.95	35.75	195.03	124.63	52.91	0	984.06
43.6669	0	0	0	0	0	0	0	0	125.84	155.65	71.39	195.14	35.75	195.03	121.77	52.91	0	953.48
43.6769	0	0	0	0	0	0	0	0	113.3	145.64	63.25	198.44	35.75	195.03	121.77	52.91	0	926.09
43.6869	0	0	0	0	0	0	0	0	103.73	138.05	57.75	201.63	35.75	197.67	121.77	52.91	0	909.26
43.6969	0	0	0	0	0	0	0	0	94.16	128.04	55.11	204.82	35.75	197.67	121.77	52.91	0	890.23
43.7069	0	0	0	0	0	0	0	0	86.57	118.03	50.27	204.82	35.75	200.42	121.77	52.91	0	870.54
43.7169	0	0	0	0	0	0	0	0	77	110.66	47.85	204.82	35.75	200.42	124.63	55.11	0	856.24
43.7269	0	0	0	0	0	0	0	0	71.28	103.51	43.12	204.82	38.5	203.06	124.63	55.11	0	844.03
43.7369	0	0	0	0	0	0	0	0	65.56	98.78	40.7	208.01	38.5	205.81	127.6	55.11	0	840.07
43.7469	0	0	0	0	0	0	0	0	59.84	94.05	38.28	208.01	38.5	208.45	130.46	57.53	0	835.12
43.7569	0	0	0	0	0	0	0	0	57.97	89.32	38.28	211.2	38.5	211.2	133.32	57.53	0	837.32
43.7669	0	0	0	0	0	0	0	0	54.45	84.59	35.86	214.39	38.5	216.59	136.29	57.53	0	838.2
43.7769	0	0	0	0	0	0	0	0	50.93	82.28	33.44	220.77	38.5	221.98	142.12	59.95	0	849.97
43.7869	0	0	0	0	0	0	0	0	45.65	77.55	31.13	224.07	38.5	224.73	144.98	62.37	0	848.98
43.7969	0	0	0	0	0	0	0	0	42.13	72.82	28.71	226.93	41.25	233.09	150.81	62.37	0	858.11
43.8069	0	0	0	0	0	0	0	0	38.61	70.4	26.29	229.79	41.25	238.7	156.53	67.32	0	868.89
43.8169	0	0	0	0	0	0	0	0	35.09	63.36	23.87	235.62	41.25	244.31	165.33	69.74	0	878.57
43.8269	0	0	0	0	0	0	0	0	31.57	58.63	23.87	238.59	44	249.92	171.27	72.16	0	890.01
43.8369	0	0	0	0	0	0	0	0	29.81	53.9	21.56	244.42	46.75	255.42	177.21	74.69	0	903.76
43.8469	0	0	0	0	0	0	0	0	26.29	46.86	19.14	247.28	46.75	261.03	183.15	77.11	0	907.61
43.8569	0	0	0	0	0	0	0	0	24.53	42.13	19.14	250.14	46.75	266.64	189.09	77.11	0	915.53
43.8669	0	0	0	0	0	0	0	0	22.77	37.51	16.72	253.11	46.75	272.25	192.06	81.95	0	923.12
43.8769	0	0	0	0	0	0	0	0	21.01	32.78	14.3	255.97	46.75	280.61	198.11	84.48	0	934.01
43.8869	0	0	0	0	0	0	0	0	19.25	25.74	14.3	255.97	46.75	283.47	201.08	84.48	0	931.04
43.8969	0	0	0	0	0	0	0	0	17.49	21.01	11.88	250.14	46.75	289.08	207.02	89.32	0	932.69
43.9069	0	0	0	0	0	0	0	0	13.97	13.97	9.57	244.42	44	291.94	207.02	89.32	0	914.21
43.9169	0	0	0	0	0	0	0	0	12.21	9.35	7.15	235.62	41.25	294.8	209.99	91.74	0	902.11
43.9269	6.93	0	0	0	0	0	0	0	12.21	6.93	7.15	220.77	38.5	294.8	209.99	94.27	6.93	884.62
43.9369	13.86	0	0	0	0	0	0	0	12.21	6.93	4.73	201.63	33	297.55	209.99	96.69	13.86	862.73
43.9469	27.83	0	0	0	0	0	0	0	12.21	4.62	4.73	182.38	27.5	297.55	209.99	99.11	27.83	838.09
43.9569	95.48	5.83	0	0	0	0	0	0	10.45	4.62	4.73	163.24	24.75	303.27	207.02	104.06	101.31	822.14
43.9669	196.68	27.28	14.52	6.82	0	3.85	0	0	10.45	0	0	141.13	19.25	303.27	204.05	108.9	249.15	787.05
43.9769	213.62	44.77	24.2	10.34	4.18	3.85	0	0	8.69	0	0	119.02	16.5	303.27	198.11	113.85	300.96	759.44
43.9869	220.88	67.54	41.14	22.33	8.47	9.68	0	0	6.93	0	0	97.02	11	300.41	192.06	118.25	370.04	725.67
43.9969	228.58	89.54	62.81	32.67	14.74	15.62	2.97	3.52	6.93	0	0	71.94	11	291.94	183.15	122.76	450.45	687.72
44.0069	231.11	104.94	74.58	46.53	19.03	23.43	7.59	8.8	5.17	0	0	53.68	8.25	275	171.27	124.96	516.01	638.33
44.0169	236.28	111.54	86.35	55.11	21.12	31.24	12.21	10.56	3.41	0	0	39.6	5.5	244.31	156.53	127.16	564.41	576.51
44.0269	238.92	113.85	95.81	56.87	25.41	41.03	18.26	14.08	0	0	0	28.27	5.5	197.67	139.15	127.16	604.23	497.75
44.0369	241.45	118.03	102.96	58.63	29.59	50.71	25.96	14.08	0	0	0	16.94	5.5	151.8	124.63	124.96	641.41	423.83
44.0469	249.26	120.12	114.84	60.83	31.68	58.63	33.55	17.6	0	0	0	11.22	5.5	116.38	104.17	113.85	686.51	351.12
44.0569	262.24	124.3	129.69	63.03	35.97	65.34	39.71	19.36	0	0	0	8.47	5.5	86.46	89.32	94.27	739.64	284.02
44.0669	277.86	130.57	147.07	65.23	38.06	72.05	44.22	22.88	0	0	0	5.61	5.5	62.04	77.33	69.74	797.94	220.22
44.0769	295.68	136.84	164.34	65.23	40.15	76.56	48.84	24.64	0	0	0	0	5.5	45.1	68.42	52.91	852.28	171.93
44.0869	305.91	141.02	176.77	69.63	42.35	83.27	50.38	28.27	0	0	0	0	0	35.64	56.54	40.26	897.6	132.44
44.0969	311.08	143.11	184.25	71.83	42.35	85.47	55	30.03	0	0	0	0	0	26.07	51.37	31.79	923.12	109.23
44.1069	313.61	145.2	191.84	74.03	44.44	89.98	58.3	31.79	0	0	0	0	0	21.34	41.03	25.41	949.19	87.78
44.1169	316.14	145.2	196.79	76.23	44.44	94.49	61.93	35.31	0	0	0	0	0	14.19	25.63	12.65	970.53	52.47
44.1269	313.61	145.2	199.32	78.43	46.53	96.69	63.69	37.07	0	0	0	0	0	9.46	10.23	6.27	980.54	25.96
44.1369	311.08	145.2	199.32	78.43	48.62	98.89	67.32	37.07	0	0	0	0	0	7.04	7.7	4.18	985.93	18.92
44.1469	305.91	143.11	199.32	78.43	48.62	101.2	70.95	40.59	0	0	0	0	0	7.04	7.7	4.18	988.13	18.92
44.1569	298.21	138.93	196.79	80.63	50.82	103.4	72.82	40.59	0	0	0	0	0	4.73	0	0	982.19	4.73
44.1669	290.62	134.75	191.84	80.63	50.82	103.4	74.58	42.35	0	0	0	0	0	0	0	0	968.99	0
44.1769	280.39	132.66	189.31	78.43	50.82	103.4	76.45	42.35	0	0	0	0	0	0	0	0	953.81	0
44.1869	272.58	126.39	184.25	78.43	52.91	103.4	78.21	42.35	0	0	0	0	0	0	0	0	938.52	0
44.1969	262.24	122.21	179.3	78.43	52.91	103.4	80.08	42.35	0	0	0	0	0	0	0	0	920.92	0
44.2069	254.43	118.03	171.82	78.43	52.91	103.4	80.08	42.35	0	0	0	0	0	0	0	0	901.45	0
44.2169	244.09	113.85	164.34	78.43	52.91	103.4	81.84	44.11	0	0	0	0	0	0	0	0	882.97	0
44.2269	233.75	109.34	159.39	80.63	55	103.4	81.84	44.11	0	0	0	0	0	0	0	0	867.46	0
44.2369	223.41	107.14	152.02	82.83	55	105.6	81.84	44.11	0	0	0	0	0	0	0	0	851.95	0
44.2469	211.2	102.74	144.54	85.03	55	107.91	83.71	44.11	0	0	0	0	0	0	0	0	834.24	0
44.2569	203.94	100.54	139.59	89.54	55	110.11	83.71	45.87	0	0	0	0	0	0	0	0	828.3	0
44.2669	194.15	98.34	132.22	93.94	57.2	114.51	85.47	45.87	0	0	0	0	0	0	0	0	821.7	0
44.2769	186.89	96.14	129.69	96.14	57.2	118.69	85.47	47.63	0	0	0	0	0	0	0	0	817.85	0
44.2869	177.21	93.94	122.32	102.74	57.2	120.78	87.23	49.39	0	0	0	0	0	0	0	0	810.81	0
44.2969	169.95	91.74	119.79	109.34	59.4	127.16	89.1	51.15	0	0	0	0	0	0	0	0	817.63	0
44.3069	160.05	89.54	112.42	116.05	57.2	131.45	89.1	52.91	0	0	0	0	0	0	0	0	808.72	0
44.3169	150.26	87.34	107.69	122.76	59.4	137.72	90.86	54.67	0	0	0	0	0	0	0	0	810.7	0
44.3269	140.47	82.94	102.96	129.47	59.4	144.1	92.73	58.52	0	0	0	0	0	0	0	0	810.59	0
44.3369	130.57	80.74	95.81	133.98	59.4	152.57	96.36	60.5	0	0	0	0	0	0	0	0	809.93	0
44.3469	120.78	74.14	91.08	140.69	61.71	158.95	101.75	66.55	0	0	0	0	0	0	0	0	815.65	0
44.3569	110.99	69.74	84.04	147.4	64.02	167.53	105.38	72.6	0	0	0	0	0	0	0	0	821.7	0
44.3669	102.08	65.34	74.58	154.11	64.02	174.13	109.01	80.74	0	0	0	0	0	0	0	0	824.01	0
44.3769	91.08	60.94	67.54	158.51	66.33	182.93	112.64	92.84	0	0	0	0	0	0	0	0	832.81	0
44.3869	77.77	54.56	58.08	165.33	66.33	191.73	116.49	100.87	0	0	0	0	0	0	0	0	831.16	0
44.3969	66.77	48.73	48.4	172.37	66.33	198.44	120.45	109.01	0	0	0	0	0	0	0	0	830.5	0
44.4069	57.97	40.92	38.72	177.1	66.33	205.04	126.5	117.26	0	0	0	0	0	0	0	0	829.84	0
44.4169	46.42	35.09	31.46	179.41	66.33	213.84	130.57	123.53	0	0	0	0	0	0	0	0	826.65	0
44.4269	39.49	29.15	24.2	181.83	66.33	218.24	136.62	129.8	0	0	0	0	0	0	0	0	825.66	0
44.4369	34.76	25.3	21.78	181.83	66.33	224.95	140.69	136.07	0	0	0	0	0	0	0	0	831.71	0
44.4469	30.14	21.34	19.36	179.41	64.02	229.35	144.65	142.34	0	0	0	0	0	0	0	0	830.61	0
44.4569	25.52	17.49	16.94	174.68	61.71	233.75	148.72	146.52	0	0	0	0	0	0	0	0	825.33	0
44.4669	23.21	13.64	14.52	167.64	57.2	235.95	150.7	152.79	0	0	0	0	0	0	0	0	815.65	0
44.4769	20.9	11.66	12.1	158.51	55	238.15	148.72	159.06	0	0	0	0	0	0	0	0	804.1	0
44.4869	20.9	11.66	12.1	147.4	48.62	238.15	146.74	161.15	5.17	6.93	0	0	0	0	0	0	786.72	12.1
44.4969	20.9	9.68	9.68	133.98	44.44	240.35	144.65	167.42	10.45	11.66	0	0	0	0	0	0	771.1	22.11
44.5069	18.59	9.68	9.68	120.56	38.06	244.75	138.6	171.82	15.73	18.7	0	0	0	0	0	0	751.74	34.43
44.5169	16.17	9.68	9.68	104.94	31.68	244.75	132.55	176.44	35.09	30.47	4.73	11.22	0	0	0	0	725.89	81.51
44.5269	16.17	7.7	7.26	87.34	25.41	246.95	128.59	181.06	103.73	75.13	9.57	19.8	0	7.04	0	0	700.48	215.27
44.5369	13.86	7.7	7.26	69.63	21.12	244.75	120.45	185.68	144.87	120.56	21.56	42.35	5.5	18.92	0	0	670.45	353.76
44.5469	11.55	5.83	7.26	53.35	16.94	235.95	114.51	187.99	175.34	163.13	35.86	68.75	8.25	42.68	0	4.18	633.38	498.19
44.5569	9.24	3.85	4.84	39.6	12.65	220.55	109.01	187.99	210.1	192.39	55.11	84.48	11	59.4	10.23	8.47	587.73	631.18
44.5669	6.93	3.85	4.84	27.5	8.47	191.73	101.75	187.99	228.91	199.65	66	90.75	13.75	72.93	23.1	14.74	533.06	709.83
44.5769	0	0	4.84	18.92	8.47	146.19	90.86	183.37	226.49	197.23	68.75	90.75	16.5	78.32	35.97	16.94	452.65	730.95
44.5869	0	0	0	13.75	6.27	105.6	76.45	167.42	212.41	192.39	68.75	93.94	16.5	86.46	43.67	19.03	369.49	733.15
44.5969	0	0	0	10.34	6.27	72.05	60.06	144.43	207.79	194.81	71.39	100.21	19.25	94.6	51.37	23.21	293.15	762.63
44.6069	0	0	0	8.58	6.27	52.69	51.92	100.87	210.1	199.65	79.64	106.48	22	105.49	62.48	25.41	220.33	811.25
44.6169	0	0	0	5.17	6.27	39.05	44.22	66.55	219.34	206.91	87.78	109.56	24.75	116.38	71.39	29.59	161.26	865.7
44.6269	0	0	0	0	0	31.24	39.71	44.11	233.86	214.17	96.03	115.94	24.75	124.52	83.27	31.79	115.06	924.33
44.6369	0	0	0	0	0	23.43	32.01	26.4	246.18	221.43	106.92	119.02	27.5	132.77	92.29	35.97	81.84	982.08
44.6469	0	0	0	0	0	17.49	24.42	17.6	251.13	226.27	112.42	128.48	30.25	140.91	98.23	38.06	59.51	1025.75
44.6569	0	0	0	0	0	11.66	16.72	7.04	248.6	228.69	112.42	134.86	30.25	146.3	104.17	40.26	35.42	1045.55
44.6669	0	0	0	0	0	7.81	7.59	0	241.23	231.11	112.42	144.32	33	154.55	107.14	42.35	15.4	1066.12
44.6769	0	0	0	0	0	5.83	4.51	0	233.86	228.69	109.67	150.59	33	159.94	113.08	42.35	10.34	1071.18
44.6869	0	0	0	0	0	3.85	2.97	0	221.65	226.27	106.92	156.97	33	168.19	113.08	44.44	6.82	1070.52
44.6969	0	0	0	0	0	0	2.97	0	207.79	221.43	104.17	166.43	33	170.83	115.94	44.44	2.97	1064.03
44.7069	0	0	0	0	0	0	0	0	196.24	214.17	98.67	172.81	33	176.22	115.94	46.53	0	1053.58
44.7169	0	0	0	0	0	0	0	0	182.27	206.91	93.28	176	35.75	178.86	115.94	46.53	0	1035.54
44.7269	0	0	0	0	0	0	0	0	170.72	199.65	87.78	182.38	33	181.61	113.08	46.53	0	1014.75
44.7369	0	0	0	0	0	0	0	0	157.63	189.97	79.64	185.57	35.75	181.61	113.08	48.73	0	991.98
44.7469	0	0	0	0	0	0	0	0	146.96	182.71	74.14	191.95	33	184.25	113.08	46.53	0	972.62
44.7569	0	0	0	0	0	0	0	0	136.4	173.03	68.75	195.14	33	184.25	110.22	48.73	0	949.52
44.7669	0	0	0	0	0	0	0	0	125.84	165.66	63.25	198.44	35.75	187	110.22	48.73	0	934.89
44.7769	0	0	0	0	0	0	0	0	115.28	155.65	60.5	204.82	33	187	107.14	48.73	0	912.12
44.7869	0	0	0	0	0	0	0	0	107.58	148.06	55.11	208.01	33	192.39	107.14	50.82	0	902.11
44.7969	0	0	0	0	0	0	0	0	99.99	143.11	50.27	214.39	33	195.03	107.14	48.73	0	891.66
44.8069	0	0	0	0	0	0	0	0	92.29	133.1	45.43	217.58	33	197.67	107.14	50.82	0	877.03
44.8169	0	0	0	0	0	0	0	0	84.7	128.04	43.12	224.07	33	203.06	110.22	50.82	0	877.03
44.8269	0	0	0	0	0	0	0	0	77	120.56	40.7	229.79	33	205.81	110.22	50.82	0	867.9
44.8369	0	0	0	0	0	0	0	0	71.28	113.08	38.28	232.76	35.75	208.45	113.08	50.82	0	863.5
44.8469	0	0	0	0	0	0	0	0	65.56	108.24	35.86	238.59	35.75	213.84	113.08	52.91	0	863.83
44.8569	0	0	0	0	0	0	0	0	59.84	103.51	33.44	244.42	35.75	219.23	115.94	52.91	0	865.04
44.8669	0	0	0	0	0	0	0	0	54.45	96.47	31.13	250.14	35.75	224.73	115.94	52.91	0	861.52
44.8769	0	0	0	0	0	0	0	0	49.17	89.32	28.71	255.97	35.75	230.34	121.77	55.11	0	866.14
44.8869	0	0	0	0	0	0	0	0	43.89	84.59	26.29	258.94	35.75	235.95	124.63	55.11	0	865.15
44.8969	0	0	0	0	0	0	0	0	40.37	77.55	23.87	264.77	35.75	241.45	127.6	57.53	0	868.89
44.9069	0	0	0	0	0	0	0	0	36.85	72.82	23.87	270.6	38.5	249.92	133.32	57.53	0	883.41
44.9169	0	0	0	0	0	0	0	0	33.33	65.67	21.56	273.46	38.5	255.42	139.15	59.95	0	887.04
44.9269	0	0	0	0	0	0	0	0	29.81	60.94	19.14	279.51	38.5	261.03	142.12	62.37	0	893.42
44.9369	0	0	0	0	0	0	0	0	28.05	56.21	19.14	285.89	38.5	269.39	144.98	62.37	0	904.53
44.9469	0	0	0	0	0	0	0	0	26.29	49.17	16.72	292.16	41.25	275	150.81	64.9	0	916.3
44.9569	0	0	0	0	0	0	0	0	24.53	44.55	16.72	295.35	41.25	283.47	156.53	64.9	0	927.3
44.9669	0	0	0	0	0	0	0	0	22.77	37.51	14.3	298.43	41.25	289.08	159.5	69.74	0	932.58
44.9769	0	0	0	0	0	0	0	0	19.25	32.78	11.88	298.43	38.5	297.55	165.33	72.16	0	935.88
44.9869	0	0	0	0	0	0	0	0	17.49	25.74	9.57	298.43	38.5	306.02	168.3	77.11	0	941.16
44.9969	0	0	0	0	0	0	0	0	15.73	18.7	9.57	292.16	38.5	311.74	171.27	81.95	0	939.62
45.0068	0	0	0	0	0	0	0	0	13.97	11.66	7.15	285.89	35.75	320.21	174.24	86.9	0	935.77
45.0168	0	0	0	0	0	0	0	0	12.21	9.35	7.15	270.6	33	320.21	174.24	89.32	0	916.08
45.0268	0	0	0	0	0	0	0	0	12.21	6.93	4.73	253.11	30.25	325.82	174.24	91.74	0	899.03
45.0368	6.93	0	0	0	0	0	0	0	12.21	6.93	4.73	229.79	24.75	328.68	171.27	94.27	6.93	872.63
45.0468	18.59	0	0	0	0	0	0	0	10.45	6.93	4.73	204.82	22	331.54	171.27	99.11	18.59	850.85
45.0568	53.35	5.83	0	0	0	0	0	0	10.45	4.62	4.73	182.38	16.5	337.15	165.33	104.06	59.18	825.22
45.0668	174.79	31.13	12.1	8.58	0	5.83	0	0	8.69	4.62	4.73	156.97	13.75	340.01	162.36	108.9	232.43	800.03
45.0768	236.28	50.6	24.2	13.75	4.18	7.81	0	0	8.69	4.62	0	128.48	11	340.01	156.53	113.85	336.82	763.18
45.0868	238.92	74.14	41.14	27.5	10.56	13.64	0	0	6.93	0	0	103.29	8.25	334.29	150.81	118.25	405.9	721.82
45.0968	251.9	100.54	65.12	39.6	14.74	19.47	6.05	3.52	6.93	0	0	75.02	5.5	320.21	142.12	122.76	500.94	672.54
45.1068	254.43	115.94	81.73	51.7	19.03	27.28	9.13	7.04	5.17	0	0	53.68	5.5	291.94	133.32	127.16	566.28	616.77
45.1168	264.88	122.21	91.08	58.63	21.12	37.07	15.18	12.32	0	0	0	39.6	5.5	247.06	121.77	129.47	622.49	543.4
45.1268	264.88	122.21	100.54	60.83	25.41	44.88	19.8	14.08	0	0	0	28.27	5.5	192.39	110.22	129.47	652.63	465.85
45.1368	264.88	124.3	107.69	65.23	29.59	54.67	27.5	15.84	0	0	0	19.8	0	149.05	95.26	122.76	689.7	386.87
45.1468	270.05	128.48	114.84	67.43	31.68	60.83	33.55	17.6	0	0	0	16.94	5.5	108.24	83.27	106.48	724.46	320.43
45.1568	280.39	134.75	127.27	71.83	35.97	69.74	39.71	19.36	0	0	0	14.08	0	72.93	74.36	79.53	779.02	240.9
45.1668	295.68	141.02	139.59	76.23	38.06	76.56	42.68	22.88	0	0	0	8.47	0	54.56	65.45	57.53	832.7	186.01
45.1768	308.44	149.38	152.02	80.63	40.15	83.27	45.76	22.88	0	0	0	0	0	40.37	56.54	46.53	882.53	143.44
45.1868	313.61	153.56	159.39	87.34	40.15	87.67	48.84	26.4	0	0	0	0	0	30.8	48.73	33.88	916.96	113.41
45.1968	316.14	159.83	164.34	91.74	40.15	94.49	50.38	28.27	0	0	0	0	0	23.65	43.67	29.59	945.34	96.91
45.2068	318.67	161.92	164.34	98.34	42.35	98.89	50.38	30.03	0	0	0	0	0	18.92	30.8	19.03	964.92	68.75
45.2168	313.61	166.1	164.34	102.74	42.35	105.6	51.92	31.79	0	0	0	0	0	11.88	17.93	8.47	978.45	38.28
45.2268	308.44	168.3	161.92	109.34	44.44	107.91	51.92	33.55	0	0	0	0	0	7.04	5.06	0	985.82	12.1
45.2368	300.85	166.1	159.39	113.85	44.44	112.42	53.46	33.55	0	0	0	0	0	4.73	5.06	0	984.06	9.79
45.2468	290.62	164.01	154.44	118.25	44.44	114.51	53.46	35.31	0	0	0	0	0	4.73	0	0	975.04	4.73
45.2568	280.39	161.92	149.49	120.56	44.44	116.6	53.46	35.31	0	0	0	0	0	0	0	0	962.17	0
45.2668	272.58	157.74	144.54	124.96	44.44	116.6	55	35.31	0	0	0	0	0	0	0	0	951.17	0
45.2768	259.6	153.56	139.59	124.96	46.53	116.6	56.54	35.31	0	0	0	0	0	0	0	0	932.69	0
45.2868	249.26	147.29	132.22	127.27	46.53	118.69	56.54	35.31	0	0	0	0	0	0	0	0	913.11	0
45.2968	236.28	143.11	127.27	127.27	46.53	118.69	58.3	37.07	0	0	0	0	0	0	0	0	894.52	0
45.3068	225.94	136.84	122.32	127.27	46.53	118.69	60.06	37.07	0	0	0	0	0	0	0	0	874.72	0
45.3168	216.04	132.66	117.37	129.47	48.62	120.78	60.06	38.83	0	0	0	0	0	0	0	0	863.83	0
45.3268	206.36	128.48	112.42	131.67	48.62	122.98	61.93	38.83	0	0	0	0	0	0	0	0	851.29	0
45.3368	196.68	124.3	107.69	136.18	48.62	125.07	61.93	38.83	0	0	0	0	0	0	0	0	839.3	0
45.3468	186.89	122.21	102.96	140.69	50.82	127.16	61.93	40.59	0	0	0	0	0	0	0	0	833.25	0
45.3568	179.63	118.03	100.54	145.09	50.82	129.25	63.69	40.59	0	0	0	0	0	0	0	0	827.64	0
45.3668	172.37	113.85	95.81	149.6	50.82	133.54	65.56	40.59	0	0	0	0	0	0	0	0	822.14	0
45.3768	162.58	109.34	93.5	151.8	50.82	135.63	67.32	42.35	0	0	0	0	0	0	0	0	813.34	0
45.3868	157.63	107.14	88.77	158.51	52.91	142.01	69.19	44.11	0	0	0	0	0	0	0	0	820.27	0
45.3968	147.84	102.74	86.35	163.02	52.91	144.1	70.95	44.11	0	0	0	0	0	0	0	0	812.02	0
45.4068	140.47	98.34	81.73	167.64	52.91	148.39	72.82	45.87	0	0	0	0	0	0	0	0	808.17	0
45.4168	133.1	93.94	79.31	172.37	55	154.66	74.58	47.63	0	0	0	0	0	0	0	0	810.59	0
45.4268	125.73	89.54	77	177.1	55	158.95	76.45	49.39	0	0	0	0	0	0	0	0	809.16	0
45.4368	118.36	85.14	72.27	179.41	55	165.33	80.08	51.15	0	0	0	0	0	0	0	0	806.74	0
45.4468	108.68	78.54	67.54	184.14	57.2	171.93	85.47	52.91	0	0	0	0	0	0	0	0	806.41	0
45.4568	99.88	74.14	62.81	186.56	59.4	178.53	89.1	58.52	0	0	0	0	0	0	0	0	808.94	0
45.4668	91.08	67.54	58.08	191.29	59.4	185.13	94.49	64.57	0	0	0	0	0	0	0	0	811.58	0
45.4768	82.17	60.94	50.82	195.91	59.4	194.04	98.12	68.64	0	0	0	0	0	0	0	0	810.04	0
45.4868	68.97	54.56	43.56	200.64	61.71	200.64	103.62	76.67	0	0	0	0	0	0	0	0	810.37	0
45.4968	60.17	46.75	36.3	203.06	61.71	207.24	109.01	82.72	0	0	0	0	0	0	0	0	806.96	0
45.5068	51.04	40.92	29.04	205.37	64.02	213.84	114.51	98.89	0	0	0	0	0	0	0	0	817.63	0
45.5168	41.8	33.11	24.2	207.79	64.02	220.55	120.45	109.01	0	0	0	0	0	0	0	0	820.93	0
45.5268	37.18	29.15	21.78	205.37	64.02	227.15	128.59	117.26	0	0	0	0	0	0	0	0	830.5	0
45.5368	32.45	25.3	19.36	205.37	64.02	233.75	134.64	125.62	0	0	0	0	0	0	0	0	840.51	0
45.5468	27.83	19.47	14.52	200.64	61.71	238.15	138.6	133.98	0	0	0	0	0	0	0	0	834.9	0
45.5568	23.21	15.51	14.52	193.6	59.4	240.35	142.67	140.25	0	0	0	0	0	0	0	0	829.51	0
45.5668	23.21	13.64	12.1	184.14	55	242.55	144.65	146.52	0	0	0	0	0	0	0	0	821.81	0
45.5768	20.9	13.64	9.68	172.37	50.82	242.55	144.65	152.79	3.41	0	0	0	0	0	0	0	807.4	3.41
45.5868	20.9	11.66	9.68	158.51	46.53	244.75	142.67	156.97	6.93	6.93	0	0	0	0	0	0	791.67	13.86
45.5968	18.59	11.66	9.68	142.89	40.15	244.75	140.69	165.33	12.21	13.97	0	0	0	0	0	0	773.74	26.18
45.6068	18.59	9.68	7.26	124.96	35.97	244.75	136.62	169.62	21.01	21.01	4.73	5.61	0	0	0	0	747.45	52.36
45.6168	16.17	9.68	7.26	104.94	29.59	246.95	130.57	171.82	65.56	49.17	7.15	14.08	0	0	0	0	716.98	135.96
45.6268	13.86	7.7	7.26	87.34	25.41	244.75	124.52	176.44	123.75	98.78	19.14	36.74	0	14.19	5.06	0	687.28	297.66
45.6368	13.86	7.7	7.26	69.63	19.03	242.55	118.47	181.06	151.25	135.52	31.13	59.4	8.25	37.95	5.06	4.18	659.56	432.74
45.6468	9.24	5.83	4.84	51.7	14.74	231.55	112.64	183.37	182.27	160.6	50.27	71.94	11	59.4	10.23	8.47	613.91	554.18
45.6568	6.93	5.83	4.84	36.19	10.56	211.64	105.38	185.68	207.79	175.45	63.25	78.21	13.75	70.18	28.27	12.65	567.05	649.55
45.6668	4.62	3.85	4.84	25.85	8.47	176.33	96.36	185.68	214.72	175.45	71.39	81.29	16.5	75.68	38.5	16.94	506	690.47
45.6768	0	0	0	18.92	6.27	131.45	83.71	178.75	205.48	173.03	71.39	81.29	19.25	81.07	46.2	21.12	419.1	698.83
45.6868	0	0	0	13.75	6.27	92.18	67.32	159.06	200.86	173.03	74.14	87.56	19.25	91.96	51.37	23.21	338.58	721.38
45.6968	0	0	0	10.34	6.27	65.34	55	125.62	203.17	180.29	82.39	93.94	22	102.74	62.48	27.5	262.57	774.51
45.7068	0	0	0	6.82	6.27	46.86	47.3	82.72	212.41	189.97	90.53	100.21	24.75	110.99	74.36	31.79	189.97	835.01
45.7168	0	0	0	5.17	4.18	35.09	39.71	56.54	224.07	199.65	101.42	106.48	27.5	121.88	86.35	35.97	140.69	903.32
45.7268	0	0	0	0	0	27.28	33.55	33.55	238.81	206.91	112.42	112.75	30.25	130.02	98.23	38.06	94.38	967.45
45.7368	0	0	0	0	0	19.47	27.5	21.12	248.6	214.17	120.78	119.02	33	138.16	104.17	42.35	68.09	1020.25
45.7468	0	0	0	0	0	15.62	19.8	12.32	248.6	216.59	120.78	125.4	33	146.3	110.22	44.44	47.74	1045.33
45.7568	0	0	0	0	0	9.68	12.21	0	243.76	219.01	120.78	134.86	35.75	154.55	115.94	44.44	21.89	1069.09
45.7668	0	0	0	0	0	5.83	6.05	0	233.86	221.43	120.78	144.32	35.75	159.94	118.91	46.53	11.88	1081.52
45.7768	0	0	0	0	0	5.83	4.51	0	226.49	216.59	117.92	150.59	35.75	168.19	121.77	48.73	10.34	1086.03
45.7868	0	0	0	0	0	3.85	2.97	0	214.72	214.17	112.42	156.97	35.75	170.83	124.63	48.73	6.82	1078.22
45.7968	0	0	0	0	0	0	0	0	200.86	206.91	106.92	163.24	38.5	176.22	127.6	50.82	0	1071.07
45.8068	0	0	0	0	0	0	0	0	189.2	202.07	104.17	166.43	38.5	178.86	127.6	50.82	0	1057.65
45.8168	0	0	0	0	0	0	0	0	175.34	194.81	96.03	169.62	38.5	181.61	127.6	52.91	0	1036.42
45.8268	0	0	0	0	0	0	0	0	161.81	185.13	90.53	172.81	38.5	181.61	127.6	50.82	0	1008.81
45.8368	0	0	0	0	0	0	0	0	151.25	175.45	85.03	176	38.5	184.25	127.6	50.82	0	988.9
45.8468	0	0	0	0	0	0	0	0	140.69	165.66	79.64	176	38.5	181.61	127.6	50.82	0	960.52
45.8568	0	0	0	0	0	0	0	0	130.02	158.07	74.14	179.19	38.5	184.25	127.6	52.91	0	944.68
45.8668	0	0	0	0	0	0	0	0	119.46	150.59	68.75	179.19	38.5	181.61	127.6	52.91	0	918.61
45.8768	0	0	0	0	0	0	0	0	113.3	143.11	66	179.19	38.5	184.25	127.6	52.91	0	904.86
45.8868	0	0	0	0	0	0	0	0	105.71	135.52	63.25	182.38	38.5	187	127.6	52.91	0	892.87
45.8968	0	0	0	0	0	0	0	0	101.86	130.57	60.5	182.38	38.5	187	130.46	55.11	0	886.38
45.9068	0	0	0	0	0	0	0	0	96.14	125.51	57.75	182.38	38.5	189.64	130.46	55.11	0	875.49
45.9168	0	0	0	0	0	0	0	0	92.29	120.56	55.11	185.57	41.25	189.64	136.29	55.11	0	875.82
45.9268	0	0	0	0	0	0	0	0	86.57	115.5	52.69	188.76	41.25	192.39	136.29	57.53	0	870.98
45.9368	0	0	0	0	0	0	0	0	82.72	113.08	50.27	188.76	41.25	197.67	142.12	57.53	0	873.4
45.9468	0	0	0	0	0	0	0	0	78.98	108.24	50.27	191.95	44	200.42	147.84	59.95	0	881.65
45.9568	0	0	0	0	0	0	0	0	75.13	105.93	47.85	195.14	44	205.81	153.67	59.95	0	887.48
45.9668	0	0	0	0	0	0	0	0	71.28	101.2	45.43	198.44	44	211.2	159.5	62.37	0	893.42
45.9768	0	0	0	0	0	0	0	0	67.43	96.47	45.43	201.63	46.75	216.59	165.33	64.9	0	904.53
45.9868	0	0	0	0	0	0	0	0	63.69	91.74	43.12	204.82	46.75	221.98	171.27	67.32	0	910.69
45.9968	0	0	0	0	0	0	0	0	57.97	87.01	40.7	211.2	49.5	227.48	180.18	69.74	0	923.78
46.0068	0	0	0	0	0	0	0	0	52.69	82.28	35.86	214.39	49.5	233.09	186.12	72.16	0	926.09
46.0168	0	0	0	0	0	0	0	0	45.65	75.13	33.44	217.58	52.25	238.7	195.14	72.16	0	930.05
46.0268	0	0	0	0	0	0	0	0	40.37	68.09	28.71	220.77	52.25	244.31	204.05	77.11	0	935.66
46.0368	0	0	0	0	0	0	0	0	35.09	58.63	26.29	224.07	55.11	249.92	212.96	77.11	0	939.18
46.0468	0	0	0	0	0	0	0	0	29.81	49.17	23.87	226.93	55.11	255.42	218.9	79.53	0	938.74
46.0568	0	0	0	0	0	0	0	0	26.29	42.13	21.56	226.93	55.11	261.03	227.59	81.95	0	942.59
46.0668	0	0	0	0	0	0	0	0	22.77	35.09	16.72	226.93	55.11	263.89	233.2	84.48	0	938.19
46.0768	0	0	0	0	0	0	0	0	21.01	28.05	16.72	226.93	55.11	266.64	238.92	86.9	0	940.28
46.0868	0	0	0	0	0	0	0	0	19.25	21.01	14.3	220.77	55.11	269.39	241.67	86.9	0	928.4
46.0968	0	0	0	0	0	0	0	0	17.49	13.97	9.57	211.2	52.25	272.25	244.53	89.32	0	910.58
46.1068	4.62	0	0	0	0	0	0	0	13.97	6.93	7.15	201.63	49.5	275	244.53	91.74	4.62	890.45
46.1168	11.55	0	0	0	0	0	0	0	12.21	6.93	7.15	185.57	44	275	244.53	89.32	11.55	864.71
46.1268	25.52	0	0	0	0	0	0	0	12.21	4.62	4.73	169.62	38.5	275	244.53	94.27	25.52	843.48
46.1368	110.99	9.68	0	0	0	0	0	0	12.21	4.62	4.73	150.59	33	275	241.67	96.69	120.67	818.51
46.1468	228.58	35.09	16.94	6.82	0	5.83	0	0	10.45	0	4.73	134.86	27.5	277.86	238.92	99.11	293.26	793.43
46.1568	241.45	56.54	31.46	13.75	4.18	5.83	0	0	10.45	0	4.73	112.75	22	277.86	233.2	101.53	353.21	762.52
46.1668	251.9	89.54	55.77	31.02	12.65	15.62	0	0	8.69	0	0	93.94	16.5	272.25	224.73	104.06	456.5	720.17
46.1768	257.07	115.94	72.27	44.77	16.94	23.43	6.05	3.52	8.69	0	0	71.94	13.75	263.89	215.93	106.48	539.99	680.68
46.1868	259.6	126.39	81.73	56.87	19.03	29.26	10.67	7.04	6.93	0	0	50.82	8.25	244.31	201.08	106.48	590.59	617.87
46.1968	254.43	128.48	88.77	63.03	21.12	35.09	13.75	8.8	5.17	0	0	36.74	8.25	216.59	186.12	108.9	613.47	561.77
46.2068	251.9	130.57	93.5	69.63	23.21	46.86	18.26	10.56	3.41	0	0	25.41	5.5	173.47	165.33	106.48	644.49	479.6
46.2168	254.43	134.75	102.96	74.03	27.5	56.65	22.88	12.32	0	0	0	14.08	5.5	132.77	139.15	104.06	685.52	395.56
46.2268	262.24	141.02	110	76.23	31.68	63.03	28.93	14.08	0	0	0	5.61	5.5	100.1	113.08	91.74	727.21	316.03
46.2368	275.22	145.2	122.32	78.43	33.88	69.74	35.09	15.84	0	0	0	0	5.5	72.93	92.29	74.69	775.72	245.41
46.2468	293.15	151.47	137.17	80.63	35.97	74.25	38.17	17.6	0	0	0	0	5.5	52.25	74.36	52.91	828.41	185.02
46.2568	305.91	157.74	147.07	85.03	38.06	80.96	41.25	19.36	0	0	0	0	5.5	37.95	65.45	40.26	875.38	149.16
46.2668	313.61	164.01	154.44	87.34	38.06	85.47	42.68	19.36	0	0	0	0	0	28.49	56.54	29.59	904.97	114.62
46.2768	318.67	168.3	156.97	93.94	40.15	89.98	44.22	21.12	0	0	0	0	0	23.65	51.37	23.21	933.35	98.23
46.2868	318.67	172.81	159.39	98.34	40.15	92.18	44.22	21.12	0	0	0	0	0	18.92	41.03	19.03	946.88	78.98
46.2968	316.14	175.12	159.39	102.74	40.15	96.69	44.22	22.88	0	0	0	0	0	14.19	28.27	10.56	957.33	53.02
46.3068	311.08	175.12	156.97	107.14	40.15	98.89	45.76	22.88	0	0	0	0	0	7.04	12.76	4.18	957.99	23.98
46.3168	305.91	177.43	152.02	111.54	42.35	101.2	45.76	24.64	0	0	0	0	0	4.73	7.7	0	960.85	12.43
46.3268	298.21	177.43	149.49	118.25	42.35	103.4	45.76	24.64	0	0	0	0	0	4.73	7.7	0	959.53	12.43
46.3368	287.98	175.12	144.54	120.56	42.35	107.91	45.76	26.4	0	0	0	0	0	0	5.06	0	950.62	5.06
46.3468	280.39	172.81	139.59	124.96	42.35	107.91	45.76	26.4	0	0	0	0	0	0	0	0	940.17	0
46.3568	267.41	168.3	134.64	129.47	42.35	110.11	45.76	28.27	0	0	0	0	0	0	0	0	926.31	0
46.3668	257.07	164.01	129.69	131.67	42.35	112.42	47.3	28.27	0	0	0	0	0	0	0	0	912.78	0
46.3768	244.09	159.83	122.32	136.18	42.35	112.42	45.76	28.27	0	0	0	0	0	0	0	0	891.22	0
46.3868	233.75	155.65	117.37	138.38	42.35	112.42	45.76	28.27	0	0	0	0	0	0	0	0	873.95	0
46.3968	220.88	151.47	112.42	142.89	44.44	114.51	45.76	28.27	0	0	0	0	0	0	0	0	860.64	0
46.4068	211.2	149.38	105.27	145.09	44.44	114.51	45.76	30.03	0	0	0	0	0	0	0	0	845.68	0
46.4168	201.52	145.2	100.54	149.6	44.44	116.6	45.76	30.03	0	0	0	0	0	0	0	0	833.69	0
46.4268	194.15	141.02	98.23	154.11	44.44	116.6	45.76	30.03	0	0	0	0	0	0	0	0	824.34	0
46.4367	186.89	138.93	93.5	156.31	44.44	118.69	47.3	30.03	0	0	0	0	0	0	0	0	816.09	0
46.4467	179.63	134.75	91.08	160.82	44.44	120.78	47.3	31.79	0	0	0	0	0	0	0	0	810.59	0
46.4567	174.79	132.66	88.77	165.33	46.53	125.07	48.84	31.79	0	0	0	0	0	0	0	0	813.78	0
46.4667	167.53	128.48	88.77	169.95	46.53	127.16	48.84	31.79	0	0	0	0	0	0	0	0	809.05	0
46.4767	162.58	126.39	86.35	177.1	48.62	131.45	50.38	33.55	0	0	0	0	0	0	0	0	816.42	0
46.4867	155.21	122.21	84.04	181.83	48.62	135.63	51.92	33.55	0	0	0	0	0	0	0	0	813.01	0
46.4967	150.26	118.03	81.73	186.56	48.62	139.92	53.46	33.55	0	0	0	0	0	0	0	0	812.13	0
46.5067	142.89	113.85	79.31	191.29	48.62	146.19	55	35.31	0	0	0	0	0	0	0	0	812.46	0
46.5167	137.94	109.34	77	195.91	50.82	150.48	58.3	37.07	0	0	0	0	0	0	0	0	816.86	0
46.5267	130.57	104.94	74.58	200.64	50.82	158.95	61.93	40.59	0	0	0	0	0	0	0	0	823.02	0
46.5367	120.78	100.54	72.27	207.79	52.91	165.33	63.69	42.35	0	0	0	0	0	0	0	0	825.66	0
46.5467	113.41	93.94	67.54	212.52	55	171.93	67.32	45.87	0	0	0	0	0	0	0	0	827.53	0
46.5567	104.28	87.34	62.81	219.56	55	178.53	70.95	49.39	0	0	0	0	0	0	0	0	827.86	0
46.5667	95.48	80.74	58.08	226.49	55	187.33	74.58	52.91	0	0	0	0	0	0	0	0	830.61	0
46.5767	84.48	74.14	50.82	233.31	57.2	196.24	78.21	56.54	0	0	0	0	0	0	0	0	830.94	0
46.5867	73.37	65.34	43.56	237.82	57.2	205.04	81.84	62.59	0	0	0	0	0	0	0	0	826.76	0
46.5967	64.57	58.74	36.3	242.33	57.2	211.64	87.23	68.64	0	0	0	0	0	0	0	0	826.65	0
46.6067	55.77	48.73	29.04	246.84	59.4	220.55	92.73	78.65	0	0	0	0	0	0	0	0	831.71	0
46.6167	44.11	40.92	24.2	249.15	59.4	229.35	96.36	86.79	0	0	0	0	0	0	0	0	830.28	0
46.6267	37.18	35.09	21.78	249.15	57.2	235.95	101.75	102.96	0	0	0	0	0	0	0	0	841.06	0
46.6367	32.45	29.15	16.94	246.84	57.2	242.55	105.38	115.17	0	0	0	0	0	0	0	0	845.68	0
46.6467	27.83	23.32	14.52	242.33	55	246.95	109.01	123.53	0	0	0	0	0	0	0	0	842.49	0
46.6567	23.21	17.49	12.1	233.31	52.91	251.35	110.88	127.71	0	0	0	0	0	0	0	0	828.96	0
46.6667	20.9	15.51	9.68	221.98	48.62	255.75	110.88	133.98	0	0	0	0	0	0	0	0	817.3	0
46.6767	20.9	15.51	9.68	210.1	44.44	257.95	109.01	138.16	6.93	6.93	0	0	0	0	0	0	805.75	13.86
46.6867	18.59	13.64	9.68	193.6	40.15	260.15	107.25	144.43	10.45	11.66	0	0	0	0	0	0	787.49	22.11
46.6967	18.59	13.64	7.26	174.68	35.97	262.35	105.38	148.61	15.73	18.7	0	0	0	0	0	0	766.48	34.43
46.7067	16.17	11.66	7.26	154.11	31.68	264.55	101.75	154.88	38.61	32.78	7.15	8.47	0	0	0	0	742.06	87.01
46.7167	16.17	11.66	7.26	129.47	27.5	264.55	98.12	159.06	103.73	72.82	11.88	16.94	0	4.73	0	0	713.79	210.1
46.7267	13.86	9.68	7.26	104.94	21.12	260.15	94.49	167.42	142.78	110.66	23.87	39.6	0	16.61	0	0	678.92	333.52
46.7367	11.55	9.68	4.84	80.63	16.94	253.55	90.86	174.13	170.72	143.11	43.12	56.54	8.25	40.37	0	6.27	642.18	468.38
46.7467	9.24	7.7	4.84	55.11	12.65	238.15	87.23	176.44	217.03	170.61	68.75	68.75	13.75	56.98	12.76	10.56	591.36	619.19
46.7567	6.93	5.83	4.84	37.84	10.56	211.64	81.84	178.75	238.81	177.87	82.39	75.02	16.5	67.54	33.33	19.03	538.23	710.49
46.7667	4.62	3.85	0	27.5	8.47	165.33	76.45	176.44	236.28	173.03	85.03	75.02	19.25	72.93	41.03	19.03	462.66	721.6
46.7767	0	0	0	20.68	6.27	118.69	65.56	165.33	221.65	168.19	85.03	78.21	22	78.32	46.2	23.21	376.53	722.81
46.7867	0	0	0	15.51	6.27	78.76	55	144.43	210.1	168.19	85.03	81.29	22	89.21	53.9	27.5	299.97	737.22
46.7967	0	0	0	11.99	6.27	56.65	48.84	104.94	212.41	173.03	93.28	87.56	24.75	100.1	65.45	31.79	228.69	788.37
46.8067	0	0	0	8.58	4.18	42.9	42.68	68.64	221.65	182.71	101.42	93.94	27.5	110.99	77.33	35.97	166.98	851.51
46.8167	0	0	0	3.41	0	31.24	36.63	47.63	233.86	192.39	112.42	97.02	33	119.13	89.32	40.26	118.91	917.4
46.8267	0	0	0	0	0	23.43	28.93	26.4	248.6	199.65	123.53	106.48	35.75	127.27	104.17	44.44	78.76	989.89
46.8367	0	0	0	0	0	17.49	22.88	17.6	256.08	206.91	131.89	112.75	38.5	138.16	113.08	46.53	57.97	1043.9
46.8467	0	0	0	0	0	11.66	13.75	5.28	256.08	211.75	134.64	119.02	38.5	146.3	121.77	48.73	30.69	1076.79
46.8567	0	0	0	3.41	0	7.81	6.05	0	248.6	211.75	134.64	131.67	41.25	154.55	127.6	50.82	17.27	1100.88
46.8667	0	0	0	3.41	0	5.83	2.97	0	238.81	214.17	131.89	141.13	41.25	162.69	130.46	52.91	12.21	1113.31
46.8767	0	0	0	0	0	5.83	2.97	0	226.49	209.33	126.28	147.51	41.25	170.83	133.32	55.11	8.8	1110.12
46.8867	0	0	0	0	0	3.85	0	0	210.1	204.49	120.78	153.78	41.25	178.86	136.29	55.11	3.85	1100.66
46.8967	0	0	0	0	0	0	0	0	193.82	199.65	112.42	163.24	44	184.25	139.15	57.53	0	1094.06
46.9067	0	0	0	0	0	0	0	0	177.65	189.97	106.92	169.62	44	189.64	139.15	57.53	0	1074.48
46.9167	0	0	0	0	0	0	0	0	163.9	180.29	96.03	176	41.25	192.39	139.15	57.53	0	1046.54
46.9267	0	0	0	0	0	0	0	0	146.96	170.61	87.78	182.38	41.25	197.67	139.15	57.53	0	1023.33
46.9367	0	0	0	0	0	0	0	0	132.22	160.6	79.64	185.57	41.25	200.42	136.29	57.53	0	993.52
46.9467	0	0	0	0	0	0	0	0	119.46	148.06	71.39	191.95	41.25	203.06	136.29	57.53	0	968.99
46.9567	0	0	0	0	0	0	0	0	105.71	138.05	63.25	195.14	41.25	205.81	136.29	57.53	0	943.03
46.9667	0	0	0	0	0	0	0	0	94.16	128.04	55.11	201.63	38.5	208.45	133.32	57.53	0	916.74
46.9767	0	0	0	0	0	0	0	0	82.72	118.03	50.27	204.82	38.5	211.2	133.32	57.53	0	896.39
46.9867	0	0	0	0	0	0	0	0	73.15	105.93	45.43	208.01	38.5	213.84	133.32	59.95	0	878.13
46.9967	0	0	0	0	0	0	0	0	63.69	98.78	40.7	211.2	38.5	219.23	133.32	59.95	0	865.37
47.0067	0	0	0	0	0	0	0	0	56.21	89.32	35.86	214.39	38.5	221.98	133.32	59.95	0	849.53
47.0167	0	0	0	0	0	0	0	0	49.17	82.28	31.13	217.58	38.5	227.48	136.29	59.95	0	842.38
47.0267	0	0	0	0	0	0	0	0	42.13	72.82	26.29	220.77	38.5	230.34	136.29	59.95	0	827.09
47.0367	0	0	0	0	0	0	0	0	36.85	65.67	23.87	226.93	38.5	233.09	139.15	59.95	0	824.01
47.0467	0	0	0	0	0	0	0	0	31.57	58.63	21.56	229.79	38.5	238.7	142.12	62.37	0	823.24
47.0567	0	0	0	0	0	0	0	0	29.81	53.9	21.56	232.76	38.5	241.45	144.98	62.37	0	825.33
47.0667	0	0	0	0	0	0	0	0	26.29	49.17	19.14	235.62	38.5	247.06	147.84	62.37	0	825.99
47.0767	0	0	0	0	0	0	0	0	24.53	44.55	19.14	238.59	41.25	252.67	153.67	64.9	0	839.3
47.0867	0	0	0	0	0	0	0	0	22.77	42.13	16.72	241.45	41.25	258.28	156.53	67.32	0	846.45
47.0967	0	0	0	0	0	0	0	0	22.77	37.51	16.72	244.42	41.25	263.89	159.5	69.74	0	855.8
47.1067	0	0	0	0	0	0	0	0	21.01	35.09	14.3	250.14	41.25	269.39	165.33	69.74	0	866.25
47.1167	0	0	0	0	0	0	0	0	21.01	32.78	14.3	253.11	41.25	275	168.3	72.16	0	877.91
47.1267	0	0	0	0	0	0	0	0	19.25	30.47	11.88	255.97	41.25	280.61	174.24	74.69	0	888.36
47.1367	0	0	0	0	0	0	0	0	19.25	28.05	11.88	258.94	41.25	289.08	177.21	77.11	0	902.77
47.1467	0	0	0	0	0	0	0	0	17.49	23.43	9.57	261.8	41.25	291.94	180.18	79.53	0	905.19
47.1567	0	0	0	0	0	0	0	0	15.73	18.7	9.57	261.8	41.25	297.55	183.15	81.95	0	909.7
47.1667	0	0	0	0	0	0	0	0	15.73	13.97	9.57	261.8	41.25	303.27	186.12	84.48	0	916.19
47.1767	0	0	0	0	0	0	0	0	12.21	9.35	7.15	255.97	41.25	308.88	189.09	86.9	0	910.8
47.1867	0	0	0	0	0	0	0	0	12.21	6.93	7.15	250.14	38.5	314.49	186.12	89.32	0	904.86
47.1967	0	0	0	0	0	0	0	0	12.21	4.62	4.73	241.45	35.75	317.35	186.12	89.32	0	891.55
47.2067	0	0	0	0	0	0	0	0	12.21	4.62	4.73	226.93	30.25	317.35	186.12	94.27	0	876.48
47.2167	4.62	0	0	0	0	0	0	0	10.45	4.62	4.73	208.01	27.5	322.96	183.15	96.69	4.62	858.11
47.2267	11.55	0	0	0	0	0	0	0	10.45	4.62	4.73	188.76	22	328.68	180.18	99.11	11.55	838.53
47.2367	25.52	3.85	0	0	0	0	0	0	8.69	0	0	169.62	19.25	334.29	177.21	104.06	29.37	813.12
47.2467	84.48	17.49	4.84	5.17	0	0	0	0	8.69	0	0	147.51	16.5	337.15	171.27	111.32	111.98	792.44
47.2567	199.1	42.79	19.36	11.99	4.18	5.83	0	0	8.69	0	0	128.48	13.75	340.01	165.33	116.05	283.25	772.31
47.2667	228.58	56.54	31.46	20.68	8.47	9.68	0	0	6.93	0	0	106.48	8.25	340.01	159.5	120.45	355.41	741.62
47.2767	233.75	80.74	53.24	31.02	12.65	13.64	0	0	6.93	0	0	81.29	8.25	331.54	150.81	122.76	425.04	701.58
47.2867	241.45	102.74	74.58	41.36	16.94	21.45	4.51	5.28	5.17	0	0	59.4	5.5	314.49	139.15	127.16	508.31	650.87
47.2967	244.09	113.85	86.35	53.35	21.12	31.24	10.67	10.56	3.41	0	0	45.21	5.5	283.47	130.46	129.47	571.23	597.52
47.3067	254.43	120.12	98.23	56.87	25.41	39.05	16.72	12.32	0	0	0	36.74	5.5	235.95	118.91	131.67	623.15	528.77
47.3167	251.9	118.03	102.96	56.87	27.5	46.86	22.88	15.84	0	0	0	25.41	0	181.61	107.14	129.47	642.84	443.63
47.3267	251.9	120.12	110	58.63	31.68	52.69	30.47	15.84	0	0	0	19.8	0	138.16	92.29	120.45	671.33	370.7
47.3367	259.6	124.3	122.32	60.83	33.88	58.63	36.63	17.6	0	0	0	14.08	0	100.1	83.27	101.53	713.79	298.98
47.3467	275.22	128.48	137.17	60.83	38.06	65.34	41.25	21.12	0	0	0	11.22	5.5	70.18	71.39	77.11	767.47	235.4
47.3567	293.15	134.75	154.44	63.03	40.15	69.74	45.76	22.88	0	0	0	5.61	5.5	52.25	65.45	57.53	823.9	186.34
47.3667	308.44	138.93	169.29	65.23	42.35	74.25	50.38	26.4	0	0	0	0	0	37.95	56.54	46.53	875.27	141.02
47.3767	316.14	143.11	181.83	67.43	42.35	78.76	53.46	30.03	0	0	0	0	0	28.49	51.37	33.88	913.11	113.74
47.3867	321.31	145.2	189.31	69.63	44.44	85.47	56.54	31.79	0	0	0	0	0	23.65	43.67	29.59	943.69	96.91
47.3967	323.84	147.29	196.79	71.83	46.53	87.67	60.06	35.31	0	0	0	0	0	16.61	30.8	16.94	969.32	64.35
47.4067	321.31	147.29	199.32	76.23	46.53	92.18	63.69	37.07	0	0	0	0	0	9.46	15.4	6.27	983.62	31.13
47.4167	318.67	145.2	199.32	78.43	48.62	96.69	67.32	38.83	0	0	0	0	0	7.04	7.7	4.18	993.08	18.92
47.4267	311.08	145.2	199.32	78.43	48.62	98.89	69.19	40.59	0	0	0	0	0	7.04	7.7	4.18	991.32	18.92
47.4367	303.38	141.02	196.79	80.63	50.82	101.2	72.82	42.35	0	0	0	0	0	4.73	5.06	0	989.01	9.79
47.4467	293.15	136.84	191.84	82.83	52.91	101.2	74.58	44.11	0	0	0	0	0	0	0	0	977.46	0
47.4567	285.45	134.75	186.78	82.83	52.91	103.4	78.21	44.11	0	0	0	0	0	0	0	0	968.44	0
47.4667	275.22	128.48	181.83	82.83	52.91	103.4	78.21	45.87	0	0	0	0	0	0	0	0	948.75	0
47.4767	264.88	124.3	176.77	82.83	55	103.4	80.08	45.87	0	0	0	0	0	0	0	0	933.13	0
47.4867	254.43	120.12	171.82	82.83	55	103.4	81.84	45.87	0	0	0	0	0	0	0	0	915.31	0
47.4967	244.09	115.94	164.34	82.83	57.2	105.6	83.71	45.87	0	0	0	0	0	0	0	0	899.58	0
47.5067	233.75	111.54	159.39	82.83	57.2	105.6	85.47	47.63	0	0	0	0	0	0	0	0	883.41	0
47.5167	225.94	107.14	152.02	85.03	57.2	107.91	87.23	47.63	0	0	0	0	0	0	0	0	870.1	0
47.5267	213.62	102.74	147.07	85.03	59.4	107.91	89.1	47.63	0	0	0	0	0	0	0	0	852.5	0
47.5367	203.94	98.34	142.12	87.34	59.4	110.11	90.86	49.39	0	0	0	0	0	0	0	0	841.5	0
47.5467	196.68	96.14	137.17	87.34	61.71	112.42	92.73	52.91	0	0	0	0	0	0	0	0	837.1	0
47.5567	189.31	91.74	132.22	89.54	61.71	114.51	96.36	52.91	0	0	0	0	0	0	0	0	828.3	0
47.5667	179.63	87.34	129.69	91.74	64.02	116.6	98.12	56.54	0	0	0	0	0	0	0	0	823.68	0
47.5767	172.37	85.14	124.74	93.94	64.02	120.78	101.75	58.52	0	0	0	0	0	0	0	0	821.26	0
47.5867	165	82.94	122.32	98.34	66.33	125.07	105.38	62.59	0	0	0	0	0	0	0	0	827.97	0
47.5967	157.63	78.54	117.37	100.54	66.33	129.25	107.25	66.55	0	0	0	0	0	0	0	0	823.46	0
47.6067	147.84	76.34	112.42	104.94	68.64	135.63	110.88	68.64	0	0	0	0	0	0	0	0	825.33	0
47.6167	140.47	71.94	107.69	109.34	68.64	139.92	114.51	74.69	0	0	0	0	0	0	0	0	827.2	0
47.6267	128.15	67.54	100.54	113.85	70.95	146.19	120.45	86.79	0	0	0	0	0	0	0	0	834.46	0
47.6367	118.36	63.14	93.5	118.25	73.26	152.57	126.5	90.86	0	0	0	0	0	0	0	0	836.44	0
47.6467	108.68	58.74	86.35	122.76	75.57	161.04	132.55	100.87	0	0	0	0	0	0	0	0	846.56	0
47.6567	99.88	54.56	79.31	127.27	75.57	167.53	138.6	106.92	0	0	0	0	0	0	0	0	849.64	0
47.6667	88.88	50.6	69.85	131.67	77.88	174.13	144.65	113.08	0	0	0	0	0	0	0	0	850.74	0
47.6767	77.77	44.77	60.39	133.98	77.88	180.73	148.72	121.44	0	0	0	0	0	0	0	0	845.68	0
47.6867	64.57	38.94	50.82	138.38	80.19	187.33	154.77	127.71	0	0	0	0	0	0	0	0	842.71	0
47.6967	55.77	33.11	41.14	140.69	80.19	191.73	160.82	133.98	0	0	0	0	0	0	0	0	837.43	0
47.7067	44.11	27.28	31.46	142.89	80.19	198.44	166.87	142.34	0	0	0	0	0	0	0	0	833.58	0
47.7167	37.18	23.32	24.2	140.69	80.19	200.64	173.03	148.61	0	0	0	0	0	0	0	0	827.86	0
47.7267	32.45	19.47	21.78	138.38	77.88	205.04	177.21	156.97	0	0	0	0	0	0	0	0	829.18	0
47.7367	30.14	15.51	19.36	136.18	75.57	207.24	181.28	165.33	0	0	0	0	0	0	0	0	830.61	0
47.7467	25.52	13.64	16.94	129.47	70.95	209.44	183.37	169.62	3.41	0	0	0	0	0	0	0	818.95	3.41
47.7567	23.21	11.66	12.1	122.76	66.33	209.44	183.37	171.82	6.93	4.62	0	0	0	0	0	0	800.69	11.55
47.7667	20.9	9.68	12.1	113.85	59.4	209.44	181.28	176.44	12.21	9.35	0	0	0	0	0	0	783.09	21.56
47.7767	18.59	7.7	9.68	102.74	52.91	209.44	177.21	181.06	19.25	18.7	0	0	0	0	0	0	759.33	37.95
47.7867	18.59	7.7	9.68	89.54	46.53	209.44	173.03	185.68	50.93	37.51	7.15	11.22	0	0	0	0	740.19	106.81
47.7967	16.17	7.7	7.26	74.03	38.06	209.44	168.96	187.99	119.46	82.28	16.72	19.8	0	4.73	0	0	709.61	242.99
47.8067	13.86	5.83	7.26	56.87	31.68	207.24	164.89	192.61	149.16	123.09	28.71	48.07	5.5	21.34	7.7	6.27	680.24	389.84
47.8167	13.86	5.83	7.26	44.77	23.21	200.64	158.84	194.92	175.34	158.07	47.85	71.94	11	47.52	7.7	8.47	649.33	527.89
47.8267	11.55	3.85	4.84	32.67	19.03	189.53	150.7	197.23	203.17	175.45	66	81.29	13.75	64.79	25.63	12.65	609.4	642.73
47.8367	9.24	0	4.84	20.68	12.65	169.73	142.67	197.23	214.72	180.29	74.14	81.29	19.25	70.18	38.5	16.94	557.04	695.31
47.8467	6.93	0	4.84	13.75	10.56	139.92	130.57	194.92	207.79	175.45	76.89	84.48	19.25	75.68	43.67	19.03	501.49	702.24
47.8567	0	0	0	6.82	8.47	103.4	112.64	185.68	193.82	173.03	74.14	87.56	22	83.82	51.37	21.12	417.01	706.86
47.8666	0	0	0	3.41	6.27	74.25	89.1	171.82	189.2	175.45	79.64	97.02	22	94.6	59.51	25.41	344.85	742.83
47.8766	0	0	0	0	8.47	54.67	65.56	144.43	191.51	182.71	85.03	103.29	24.75	105.49	68.42	27.5	273.13	788.7
47.8866	0	0	0	0	8.47	41.03	53.46	98.89	200.86	189.97	93.28	109.56	27.5	116.38	80.3	31.79	201.85	849.64
47.8966	0	0	0	0	4.18	33.22	44.22	66.55	210.1	197.23	101.42	112.75	30.25	124.52	92.29	35.97	148.17	904.53
47.9066	0	0	0	0	0	25.3	38.17	42.35	224.07	204.49	112.42	119.02	33	130.02	101.2	38.06	105.82	962.28
47.9166	0	0	0	0	0	19.47	32.01	24.64	228.91	209.33	117.92	125.4	33	135.41	107.14	42.35	76.12	999.46
47.9266	0	0	0	0	0	13.64	24.42	15.84	226.49	214.17	117.92	131.67	35.75	143.66	113.08	42.35	53.9	1025.09
47.9366	0	0	0	0	0	9.68	16.72	5.28	224.07	214.17	117.92	137.94	35.75	149.05	115.94	44.44	31.68	1039.28
47.9466	0	0	0	0	0	5.83	9.13	0	217.03	214.17	115.17	147.51	38.5	154.55	118.91	44.44	14.96	1050.28
47.9566	0	0	0	0	0	3.85	7.59	0	207.79	214.17	112.42	153.78	38.5	159.94	118.91	46.53	11.44	1052.04
47.9666	0	0	0	0	0	3.85	6.05	0	198.55	211.75	109.67	160.05	38.5	162.69	121.77	46.53	9.9	1049.51
47.9766	0	0	0	0	0	0	4.51	0	189.2	206.91	104.17	166.43	38.5	168.19	121.77	46.53	4.51	1041.7
47.9866	0	0	0	0	0	0	4.51	0	177.65	202.07	101.42	172.81	38.5	170.83	121.77	48.73	4.51	1033.78
47.9966	0	0	0	0	0	0	2.97	0	168.41	194.81	96.03	179.19	38.5	173.47	121.77	48.73	2.97	1020.91
48.0066	0	0	0	0	0	0	0	0	157.63	187.55	90.53	182.38	38.5	178.86	121.77	48.73	0	1005.95
48.0166	0	0	0	0	0	0	0	0	146.96	180.29	85.03	188.76	38.5	181.61	121.77	50.82	0	993.74
48.0266	0	0	0	0	0	0	0	0	136.4	173.03	76.89	191.95	38.5	181.61	118.91	50.82	0	968.11
48.0366	0	0	0	0	0	0	0	0	125.84	165.66	71.39	198.44	38.5	184.25	118.91	50.82	0	953.81
48.0466	0	0	0	0	0	0	0	0	117.37	158.07	66	204.82	38.5	187	118.91	50.82	0	941.49
48.0566	0	0	0	0	0	0	0	0	109.45	150.59	60.5	211.2	38.5	189.64	115.94	52.91	0	928.73
48.0666	0	0	0	0	0	0	0	0	101.86	143.11	55.11	214.39	38.5	192.39	115.94	50.82	0	912.12
48.0766	0	0	0	0	0	0	0	0	94.16	135.52	52.69	220.77	38.5	195.03	115.94	52.91	0	905.52
48.0866	0	0	0	0	0	0	0	0	88.44	128.04	47.85	224.07	38.5	197.67	115.94	52.91	0	893.42
48.0966	0	0	0	0	0	0	0	0	82.72	123.09	45.43	229.79	38.5	200.42	113.08	52.91	0	885.94
48.1066	0	0	0	0	0	0	0	0	77	118.03	43.12	232.76	38.5	205.81	115.94	52.91	0	884.07
48.1166	0	0	0	0	0	0	0	0	71.28	113.08	40.7	235.62	38.5	208.45	115.94	55.11	0	878.68
48.1266	0	0	0	0	0	0	0	0	65.56	108.24	40.7	241.45	38.5	213.84	118.91	55.11	0	882.31
48.1366	0	0	0	0	0	0	0	0	61.71	103.51	38.28	247.28	38.5	216.59	121.77	55.11	0	882.75
48.1466	0	0	0	0	0	0	0	0	56.21	98.78	35.86	250.14	38.5	221.98	121.77	55.11	0	878.35
48.1566	0	0	0	0	0	0	0	0	52.69	91.74	33.44	255.97	38.5	230.34	124.63	55.11	0	882.42
48.1666	0	0	0	0	0	0	0	0	47.41	87.01	31.13	261.8	38.5	233.09	127.6	57.53	0	884.07
48.1766	0	0	0	0	0	0	0	0	42.13	79.86	28.71	264.77	41.25	238.7	133.32	57.53	0	886.27
48.1866	0	0	0	0	0	0	0	0	38.61	75.13	26.29	267.63	41.25	244.31	136.29	59.95	0	889.46
48.1966	0	0	0	0	0	0	0	0	35.09	68.09	23.87	273.46	41.25	249.92	139.15	62.37	0	893.2
48.2066	0	0	0	0	0	0	0	0	31.57	63.36	21.56	276.43	41.25	255.42	144.98	62.37	0	896.94
48.2166	0	0	0	0	0	0	0	0	28.05	56.21	19.14	279.51	41.25	261.03	147.84	64.9	0	897.93
48.2266	0	0	0	0	0	0	0	0	26.29	49.17	19.14	282.7	44	269.39	153.67	64.9	0	909.26
48.2366	0	0	0	0	0	0	0	0	22.77	44.55	16.72	285.89	44	272.25	159.5	67.32	0	913
48.2466	0	0	0	0	0	0	0	0	21.01	37.51	14.3	285.89	44	280.61	165.33	69.74	0	918.39
48.2566	0	0	0	0	0	0	0	0	19.25	32.78	14.3	285.89	44	286.33	171.27	72.16	0	925.98
48.2666	0	0	0	0	0	0	0	0	17.49	28.05	11.88	285.89	41.25	294.8	174.24	77.11	0	930.71
48.2766	0	0	0	0	0	0	0	0	15.73	21.01	11.88	282.7	41.25	300.41	180.18	79.53	0	932.69
48.2866	0	0	0	0	0	0	0	0	13.97	13.97	7.15	279.51	38.5	308.88	183.15	86.9	0	932.03
48.2966	0	0	0	0	0	0	0	0	12.21	9.35	7.15	270.6	35.75	311.74	183.15	89.32	0	919.27
48.3066	0	0	0	0	0	0	0	0	12.21	9.35	7.15	255.97	33	317.35	183.15	91.74	0	909.92
48.3166	0	0	0	0	0	0	0	0	10.45	6.93	4.73	238.59	30.25	322.96	180.18	96.69	0	890.78
48.3266	6.93	0	0	0	0	0	0	0	10.45	6.93	4.73	220.77	24.75	328.68	177.21	99.11	6.93	872.63
48.3366	16.17	0	0	0	0	0	0	0	10.45	4.62	4.73	198.44	22	334.29	171.27	104.06	16.17	849.86
48.3466	55.77	5.83	0	0	0	0	0	0	8.69	4.62	4.73	172.81	16.5	340.01	165.33	108.9	61.6	821.59
48.3566	179.63	35.09	14.52	8.58	4.18	5.83	2.97	0	8.69	4.62	0	150.59	13.75	342.76	159.5	116.05	250.8	795.96
48.3666	236.28	52.58	26.62	17.16	6.27	9.68	2.97	0	8.69	0	0	125.4	11	342.76	153.67	120.45	351.56	761.97
48.3766	241.45	74.14	45.98	27.5	10.56	13.64	2.97	0	6.93	0	0	97.02	8.25	337.15	147.84	124.96	416.24	722.15
48.3866	249.26	100.54	69.85	39.6	14.74	21.45	6.05	5.28	5.17	0	0	68.75	5.5	320.21	139.15	127.16	506.77	665.94
48.3966	246.73	113.85	84.04	53.35	19.03	29.26	10.67	10.56	3.41	0	0	53.68	5.5	291.94	127.6	131.67	567.49	613.8
48.4066	257.07	120.12	91.08	58.63	23.21	37.07	16.72	14.08	0	0	0	39.6	0	244.31	118.91	133.87	617.98	536.69
48.4166	254.43	120.12	98.23	60.83	25.41	42.9	19.8	15.84	0	0	0	28.27	0	187	107.14	131.67	637.56	454.08
48.4266	254.43	122.21	102.96	65.23	29.59	50.71	27.5	17.6	0	0	0	19.8	0	140.91	92.29	122.76	670.23	375.76
48.4366	259.6	126.39	110	69.63	33.88	58.63	32.01	17.6	0	0	0	16.94	0	102.74	83.27	101.53	707.74	304.48
48.4466	270.05	132.66	119.79	74.03	35.97	65.34	36.63	19.36	0	0	0	11.22	0	70.18	71.39	77.11	753.83	229.9
48.4566	287.98	141.02	134.64	78.43	38.06	72.05	41.25	22.88	0	0	0	5.61	5.5	52.25	65.45	55.11	816.31	183.92
48.4666	300.85	147.29	147.07	80.63	40.15	76.56	44.22	24.64	0	0	0	0	0	37.95	56.54	42.35	861.41	136.84
48.4766	311.08	153.56	154.44	85.03	42.35	80.96	47.3	28.27	0	0	0	0	0	28.49	48.73	31.79	902.99	109.01
48.4866	318.67	157.74	161.92	89.54	42.35	87.67	50.38	30.03	0	0	0	0	0	23.65	43.67	25.41	938.3	92.73
48.4966	321.31	159.83	166.87	93.94	44.44	92.18	51.92	31.79	0	0	0	0	0	16.61	30.8	16.94	962.28	64.35
48.5066	318.67	164.01	166.87	98.34	44.44	96.69	53.46	33.55	0	0	0	0	0	9.46	15.4	6.27	976.03	31.13
48.5166	316.14	161.92	166.87	100.54	46.53	98.89	56.54	35.31	0	0	0	0	0	7.04	7.7	4.18	982.74	18.92
48.5266	308.44	159.83	166.87	104.94	46.53	103.4	58.3	35.31	0	0	0	0	0	7.04	5.06	0	983.62	12.1
48.5366	300.85	157.74	164.34	107.14	48.62	105.6	61.93	37.07	0	0	0	0	0	4.73	0	0	983.29	4.73
48.5466	293.15	155.65	161.92	107.14	50.82	107.91	65.56	38.83	0	0	0	0	0	4.73	0	0	980.98	4.73
48.5566	285.45	151.47	159.39	107.14	50.82	107.91	67.32	40.59	0	0	0	0	0	0	0	0	970.09	0
48.5666	275.22	145.2	154.44	107.14	52.91	110.11	69.19	40.59	0	0	0	0	0	0	0	0	954.8	0
48.5766	264.88	138.93	152.02	107.14	55	110.11	70.95	42.35	0	0	0	0	0	0	0	0	941.38	0
48.5866	254.43	134.75	147.07	107.14	55	110.11	74.58	42.35	0	0	0	0	0	0	0	0	925.43	0
48.5966	244.09	128.48	142.12	107.14	55	110.11	74.58	44.11	0	0	0	0	0	0	0	0	905.63	0
48.6066	233.75	124.3	139.59	107.14	55	110.11	76.45	44.11	0	0	0	0	0	0	0	0	890.45	0
48.6166	225.94	120.12	134.64	107.14	55	110.11	78.21	44.11	0	0	0	0	0	0	0	0	875.27	0
48.6266	216.04	115.94	132.22	107.14	57.2	112.42	80.08	45.87	0	0	0	0	0	0	0	0	866.91	0
48.6366	208.78	111.54	127.27	107.14	57.2	114.51	81.84	45.87	0	0	0	0	0	0	0	0	854.15	0
48.6466	199.1	107.14	122.32	109.34	59.4	116.6	81.84	47.63	0	0	0	0	0	0	0	0	843.37	0
48.6566	191.73	102.74	119.79	111.54	59.4	118.69	85.47	47.63	0	0	0	0	0	0	0	0	836.99	0
48.6666	184.47	98.34	117.37	113.85	59.4	120.78	89.1	49.39	0	0	0	0	0	0	0	0	832.7	0
48.6766	177.21	96.14	112.42	118.25	61.71	127.16	90.86	51.15	0	0	0	0	0	0	0	0	834.9	0
48.6866	167.53	91.74	110	120.56	64.02	131.45	94.49	54.67	0	0	0	0	0	0	0	0	834.46	0
48.6966	157.63	89.54	105.27	124.96	66.33	135.63	98.12	58.52	0	0	0	0	0	0	0	0	836	0
48.7066	147.84	85.14	100.54	129.47	66.33	142.01	101.75	62.59	0	0	0	0	0	0	0	0	835.67	0
48.7166	137.94	80.74	95.81	133.98	68.64	148.39	105.38	66.55	0	0	0	0	0	0	0	0	837.43	0
48.7266	125.73	74.14	88.77	140.69	70.95	156.86	110.88	74.69	0	0	0	0	0	0	0	0	842.71	0
48.7366	113.41	67.54	79.31	145.09	70.95	165.33	116.49	88.77	0	0	0	0	0	0	0	0	846.89	0
48.7466	102.08	63.14	72.27	149.6	73.26	171.93	122.54	96.91	0	0	0	0	0	0	0	0	851.73	0
48.7566	91.08	56.54	62.81	154.11	73.26	180.73	128.59	106.92	0	0	0	0	0	0	0	0	854.04	0
48.7666	79.97	50.6	55.77	158.51	75.57	187.33	134.64	113.08	0	0	0	0	0	0	0	0	855.47	0
48.7766	68.97	42.79	45.98	160.82	75.57	196.24	140.69	121.44	0	0	0	0	0	0	0	0	852.5	0
48.7866	57.97	36.96	36.3	163.02	75.57	202.84	146.74	127.71	0	0	0	0	0	0	0	0	847.11	0
48.7966	46.42	31.13	29.04	165.33	75.57	207.24	150.7	133.98	0	0	0	0	0	0	0	0	839.41	0
48.8066	37.18	25.3	24.2	165.33	75.57	211.64	156.75	142.34	0	0	0	0	0	0	0	0	838.31	0
48.8166	34.76	23.32	21.78	163.02	75.57	216.04	160.82	148.61	0	0	0	0	0	0	0	0	843.92	0
48.8266	30.14	19.47	19.36	160.82	73.26	218.24	164.89	154.88	0	0	0	0	0	0	0	0	841.06	0
48.8366	27.83	15.51	16.94	156.31	70.95	220.55	168.96	163.24	0	0	0	0	0	0	0	0	840.29	0
48.8466	23.21	13.64	12.1	151.8	66.33	222.75	168.96	167.42	0	0	0	0	0	0	0	0	826.21	0
48.8566	23.21	11.66	12.1	142.89	61.71	222.75	168.96	169.62	0	0	0	0	0	0	0	0	812.9	0
48.8666	20.9	9.68	12.1	131.67	55	222.75	166.87	174.13	3.41	0	0	0	0	0	0	0	793.1	3.41
48.8766	18.59	9.68	9.68	116.05	48.62	222.75	164.89	176.44	6.93	6.93	0	0	0	0	0	0	766.7	13.86
48.8866	18.59	7.7	9.68	100.54	42.35	220.55	160.82	178.75	13.97	16.39	0	0	0	0	0	0	738.98	30.36
48.8966	16.17	7.7	7.26	87.34	33.88	222.75	154.77	183.37	28.05	28.05	4.73	11.22	0	0	0	0	713.24	72.05
48.9066	16.17	5.83	7.26	71.83	27.5	220.55	148.72	185.68	90.42	70.4	11.88	19.8	0	7.04	0	0	683.54	199.54
48.9166	13.86	5.83	7.26	56.87	23.21	218.24	142.67	185.68	146.96	125.51	26.29	53.68	5.5	23.65	7.7	4.18	653.62	393.47
48.9266	11.55	5.83	4.84	44.77	16.94	211.64	134.64	187.99	179.96	165.66	43.12	78.21	11	59.4	7.7	8.47	618.2	553.52
48.9366	9.24	3.85	4.84	32.67	12.65	196.24	124.52	187.99	212.41	187.55	63.25	90.75	13.75	72.93	23.1	12.65	572	676.39
48.9466	6.93	0	4.84	22.33	8.47	171.93	114.51	185.68	226.49	194.81	68.75	97.02	16.5	81.07	35.97	16.94	514.69	737.55
48.9566	4.62	0	4.84	15.51	8.47	133.54	101.75	181.06	214.72	192.39	68.75	97.02	19.25	89.21	43.67	19.03	449.79	744.04
48.9666	0	0	0	10.34	6.27	98.89	83.71	169.62	203.17	189.97	71.39	103.29	19.25	97.35	48.73	23.21	368.83	756.36
48.9766	0	0	0	6.82	6.27	67.54	65.56	146.52	198.55	194.81	74.14	112.75	22	108.24	56.54	25.41	292.71	792.44
48.9866	0	0	0	3.41	6.27	48.84	51.92	104.94	200.86	202.07	79.64	122.21	22	119.13	65.45	29.59	215.38	840.95
48.9966	0	0	0	0	4.18	37.07	44.22	68.64	205.48	209.33	85.03	131.67	24.75	130.02	74.36	33.88	154.11	894.52
49.0066	0	0	0	0	0	27.28	38.17	42.35	210.1	216.59	90.53	141.13	27.5	138.16	83.27	35.97	107.8	943.25
49.0166	0	0	0	0	0	21.45	30.47	22.88	217.03	223.85	96.03	153.78	27.5	149.05	89.32	40.26	74.8	996.82
49.0266	0	0	0	0	0	15.62	22.88	15.84	212.41	226.27	96.03	166.43	30.25	157.19	92.29	42.35	54.34	1023.22
49.0366	0	0	0	0	0	9.68	15.18	5.28	205.48	226.27	93.28	182.38	30.25	162.69	92.29	44.44	30.14	1037.08
49.0466	0	0	0	0	0	3.85	7.59	0	193.82	223.85	90.53	195.14	30.25	173.47	95.26	46.53	11.44	1048.85
49.0566	0	0	0	0	0	0	4.51	0	184.58	219.01	85.03	208.01	30.25	178.86	95.26	46.53	4.51	1047.53
49.0666	0	0	0	0	0	0	2.97	0	170.72	214.17	82.39	220.77	33	184.25	95.26	48.73	2.97	1049.29
49.0766	0	0	0	0	0	0	0	0	157.63	204.49	74.14	232.76	33	189.64	92.29	48.73	0	1032.68
49.0866	0	0	0	0	0	0	0	0	144.87	197.23	68.75	241.45	30.25	195.03	92.29	48.73	0	1018.6
49.0966	0	0	0	0	0	0	0	0	134.31	187.55	63.25	253.11	33	197.67	89.32	50.82	0	1009.03
49.1066	0	0	0	0	0	0	0	0	121.55	177.87	57.75	261.8	30.25	203.06	89.32	50.82	0	992.42
49.1166	0	0	0	0	0	0	0	0	109.45	165.66	50.27	267.63	30.25	205.81	86.35	50.82	0	966.24
49.1266	0	0	0	0	0	0	0	0	98.01	153.12	45.43	276.43	30.25	208.45	83.27	52.91	0	947.87
49.1366	0	0	0	0	0	0	0	0	86.57	140.58	40.7	282.7	30.25	208.45	80.3	52.91	0	922.46
49.1466	0	0	0	0	0	0	0	0	77	128.04	35.86	288.97	30.25	211.2	80.3	52.91	0	904.53
49.1566	0	0	0	0	0	0	0	0	65.56	118.03	31.13	295.35	30.25	213.84	77.33	52.91	0	884.4
49.1666	0	0	0	0	0	0	0	0	56.21	105.93	28.71	298.43	27.5	213.84	77.33	52.91	0	860.86
49.1766	0	0	0	0	0	0	0	0	47.41	96.47	26.29	304.81	27.5	216.59	74.36	52.91	0	846.34
49.1866	0	0	0	0	0	0	0	0	40.37	87.01	23.87	308	27.5	219.23	74.36	52.91	0	833.25
49.1966	0	0	0	0	0	0	0	0	35.09	77.55	21.56	311.08	27.5	224.73	74.36	52.91	0	824.78
49.2066	0	0	0	0	0	0	0	0	31.57	70.4	19.14	317.46	27.5	227.48	71.39	52.91	0	817.85
49.2166	0	0	0	0	0	0	0	0	28.05	65.67	19.14	320.54	27.5	230.34	74.36	52.91	0	818.51
49.2266	0	0	0	0	0	0	0	0	26.29	58.63	16.72	323.73	27.5	235.95	74.36	52.91	0	816.09
49.2366	0	0	0	0	0	0	0	0	22.77	53.9	16.72	326.92	27.5	238.7	77.33	52.91	0	816.75
49.2466	0	0	0	0	0	0	0	0	21.01	49.17	14.3	330.11	27.5	244.31	77.33	55.11	0	818.84
49.2566	0	0	0	0	0	0	0	0	21.01	46.86	14.3	333.08	27.5	249.92	77.33	52.91	0	822.91
49.2666	0	0	0	0	0	0	0	0	19.25	44.55	11.88	336.05	27.5	255.42	80.3	55.11	0	830.06
49.2766	0	0	0	0	0	0	0	0	19.25	42.13	11.88	339.02	27.5	261.03	83.27	55.11	0	839.19
49.2865	0	0	0	0	0	0	0	0	19.25	39.82	11.88	339.02	27.5	266.64	86.35	57.53	0	847.99
49.2965	0	0	0	0	0	0	0	0	17.49	35.09	11.88	341.99	27.5	275	92.29	59.95	0	861.19
49.3065	0	0	0	0	0	0	0	0	17.49	32.78	9.57	341.99	27.5	277.86	95.26	62.37	0	864.82
49.3165	0	0	0	0	0	0	0	0	15.73	30.47	9.57	339.02	30.25	286.33	101.2	62.37	0	874.94
49.3265	0	0	0	0	0	0	0	0	15.73	25.74	9.57	336.05	30.25	291.94	107.14	64.9	0	881.32
49.3365	0	0	0	0	0	0	0	0	13.97	23.43	7.15	336.05	30.25	300.41	113.08	67.32	0	891.66
49.3465	0	0	0	0	0	0	0	0	13.97	21.01	7.15	333.08	30.25	303.27	121.77	69.74	0	900.24
49.3565	0	0	0	0	0	0	0	0	12.21	16.39	7.15	330.11	30.25	311.74	127.6	72.16	0	907.61
49.3665	0	0	0	0	0	0	0	0	12.21	11.66	7.15	323.73	30.25	317.35	133.32	77.11	0	912.78
49.3765	0	0	0	0	0	0	0	0	10.45	9.35	4.73	317.46	30.25	322.96	139.15	79.53	0	913.88
49.3865	0	0	0	0	0	0	0	0	10.45	6.93	4.73	304.81	30.25	328.68	142.12	84.48	0	912.45
49.3965	0	0	0	0	0	0	0	0	10.45	6.93	4.73	295.35	27.5	334.29	147.84	89.32	0	916.41
49.4065	0	0	0	0	0	0	0	0	10.45	6.93	4.73	276.43	24.75	340.01	147.84	91.74	0	902.88
49.4165	4.62	3.85	0	0	0	0	0	0	8.69	6.93	4.73	261.8	24.75	345.62	150.81	96.69	8.47	900.02
49.4265	20.9	7.7	0	0	0	0	0	0	8.69	6.93	4.73	238.59	22	348.48	147.84	99.11	28.6	876.37
49.4365	55.77	11.66	4.84	0	0	0	0	0	8.69	4.62	4.73	214.39	16.5	354.09	147.84	101.53	72.27	852.39
49.4465	128.15	23.32	12.1	0	0	0	0	0	8.69	4.62	0	188.76	13.75	356.95	144.98	106.48	163.57	824.23
49.4565	206.36	36.96	19.36	5.17	0	3.85	0	0	6.93	4.62	0	160.05	11	362.56	142.12	108.9	271.7	796.18
49.4665	228.58	42.79	21.78	10.34	0	3.85	0	0	6.93	0	0	134.86	11	359.7	142.12	113.85	307.34	768.46
49.4765	231.11	46.75	26.62	22.33	6.27	9.68	0	0	5.17	0	0	106.48	8.25	354.09	136.29	116.05	342.76	726.33
49.4865	241.45	60.94	31.46	36.19	12.65	17.49	2.97	0	5.17	0	0	78.21	5.5	340.01	133.32	120.45	403.15	682.66
49.4965	254.43	74.14	38.72	53.35	16.94	25.3	7.59	5.28	3.41	0	0	56.54	5.5	314.49	127.6	122.76	475.75	630.3
49.5065	270.05	82.94	45.98	60.83	19.03	35.09	10.67	5.28	0	0	0	45.21	0	272.25	121.77	124.96	529.87	564.19
49.5165	280.39	87.34	53.24	65.23	19.03	46.86	13.75	7.04	0	0	0	33.88	0	213.84	113.08	124.96	572.88	485.76
49.5265	293.15	91.74	60.39	71.83	21.12	56.65	18.26	8.8	0	0	0	25.41	0	165.44	101.2	120.45	621.94	412.5
49.5365	311.08	96.14	69.85	71.83	25.41	63.03	22.88	10.56	0	0	0	19.8	0	121.88	89.32	106.48	670.78	337.48
49.5465	328.9	100.54	79.31	74.03	27.5	69.74	28.93	12.32	0	0	0	16.94	0	86.46	77.33	86.9	721.27	267.63
49.5565	349.8	104.94	88.77	76.23	29.59	78.76	33.55	14.08	0	0	0	11.22	0	64.79	68.42	62.37	775.72	206.8
49.5665	370.81	109.34	98.23	80.63	31.68	85.47	36.63	15.84	0	0	0	5.61	0	47.52	59.51	48.73	828.63	161.37
49.5765	381.37	113.85	107.69	82.83	31.68	89.98	39.71	17.6	0	0	0	0	0	35.64	51.37	38.06	864.71	125.07
49.5865	389.29	118.03	112.42	87.34	33.88	96.69	41.25	17.6	0	0	0	0	0	28.49	46.2	29.59	896.5	104.28
49.5965	394.68	120.12	114.84	91.74	33.88	101.2	42.68	19.36	0	0	0	0	0	21.34	38.5	23.21	918.5	83.05
49.6065	394.68	124.3	117.37	98.34	33.88	105.6	42.68	21.12	0	0	0	0	0	16.61	25.63	14.74	937.97	56.98
49.6165	389.29	126.39	117.37	102.74	33.88	110.11	44.22	22.88	0	0	0	0	0	9.46	10.23	4.18	946.88	23.87
49.6265	384.01	128.48	114.84	107.14	35.97	114.51	44.22	22.88	0	0	0	0	0	7.04	5.06	0	952.05	12.1
49.6365	378.73	128.48	112.42	111.54	33.88	116.6	44.22	22.88	0	0	0	0	0	4.73	0	0	948.75	4.73
49.6465	368.17	128.48	110	116.05	33.88	118.69	44.22	24.64	0	0	0	0	0	4.73	0	0	944.13	4.73
49.6565	357.72	128.48	107.69	120.56	35.97	118.69	44.22	24.64	0	0	0	0	0	0	0	0	937.97	0
49.6665	344.63	126.39	102.96	124.96	35.97	120.78	44.22	24.64	0	0	0	0	0	0	0	0	924.55	0
49.6765	331.54	124.3	98.23	127.27	35.97	120.78	42.68	26.4	0	0	0	0	0	0	0	0	907.17	0
49.6865	318.67	120.12	93.5	131.67	35.97	120.78	42.68	26.4	0	0	0	0	0	0	0	0	889.79	0
49.6965	303.38	118.03	88.77	133.98	35.97	122.98	42.68	26.4	0	0	0	0	0	0	0	0	872.19	0
49.7065	293.15	115.94	84.04	136.18	35.97	122.98	42.68	26.4	0	0	0	0	0	0	0	0	857.34	0
49.7165	277.86	113.85	81.73	142.89	35.97	125.07	42.68	26.4	0	0	0	0	0	0	0	0	846.45	0
49.7265	267.41	111.54	77	147.4	35.97	125.07	42.68	28.27	0	0	0	0	0	0	0	0	835.34	0
49.7365	254.43	109.34	74.58	151.8	35.97	125.07	41.25	28.27	0	0	0	0	0	0	0	0	820.71	0
49.7465	244.09	107.14	69.85	156.31	35.97	127.16	41.25	28.27	0	0	0	0	0	0	0	0	810.04	0
49.7565	236.28	104.94	67.54	160.82	35.97	129.25	41.25	28.27	0	0	0	0	0	0	0	0	804.32	0
49.7665	228.58	102.74	67.54	165.33	35.97	131.45	41.25	28.27	0	0	0	0	0	0	0	0	801.13	0
49.7765	220.88	102.74	65.12	169.95	38.06	133.54	42.68	28.27	0	0	0	0	0	0	0	0	801.24	0
49.7865	216.04	100.54	65.12	172.37	38.06	135.63	42.68	30.03	0	0	0	0	0	0	0	0	800.47	0
49.7965	211.2	98.34	62.81	179.41	38.06	137.72	44.22	30.03	0	0	0	0	0	0	0	0	801.79	0
49.8065	206.36	98.34	62.81	184.14	38.06	142.01	44.22	30.03	0	0	0	0	0	0	0	0	805.97	0
49.8165	201.52	96.14	62.81	188.87	40.15	146.19	45.76	30.03	0	0	0	0	0	0	0	0	811.47	0
49.8265	194.15	96.14	60.39	193.6	40.15	150.48	45.76	31.79	0	0	0	0	0	0	0	0	812.46	0
49.8365	186.89	91.74	58.08	200.64	40.15	156.86	47.3	33.55	0	0	0	0	0	0	0	0	815.21	0
49.8465	179.63	89.54	55.77	207.79	42.35	161.04	48.84	33.55	0	0	0	0	0	0	0	0	818.51	0
49.8565	172.37	87.34	55.77	212.52	42.35	167.53	50.38	35.31	0	0	0	0	0	0	0	0	823.57	0
49.8665	162.58	82.94	53.24	217.25	42.35	174.13	53.46	37.07	0	0	0	0	0	0	0	0	823.02	0
49.8765	150.26	78.54	48.4	224.18	44.44	182.93	56.54	38.83	0	0	0	0	0	0	0	0	824.12	0
49.8865	137.94	71.94	45.98	231	44.44	191.73	60.06	42.35	0	0	0	0	0	0	0	0	825.44	0
49.8965	120.78	67.54	41.14	237.82	46.53	200.64	61.93	45.87	0	0	0	0	0	0	0	0	822.25	0
49.9065	104.28	58.74	36.3	244.64	46.53	207.24	65.56	47.63	0	0	0	0	0	0	0	0	810.92	0
49.9165	88.88	52.58	31.46	249.15	48.62	213.84	70.95	52.91	0	0	0	0	0	0	0	0	808.39	0
49.9265	73.37	44.77	26.62	255.97	48.62	220.55	74.58	58.52	0	0	0	0	0	0	0	0	803	0
49.9365	55.77	36.96	21.78	258.28	50.82	229.35	80.08	66.55	0	0	0	0	0	0	0	0	799.59	0
49.9465	41.8	31.13	19.36	258.28	50.82	238.15	87.23	72.6	0	0	0	0	0	0	0	0	799.37	0
49.9565	34.76	27.28	16.94	255.97	48.62	244.75	90.86	82.72	0	0	0	0	0	0	0	0	801.9	0
49.9665	30.14	23.32	14.52	251.46	48.62	251.35	96.36	100.87	0	0	0	0	0	0	0	0	816.64	0
49.9765	25.52	17.49	9.68	244.64	46.53	255.75	99.99	109.01	0	0	0	0	0	0	0	0	808.61	0
49.9865	25.52	15.51	9.68	235.51	46.53	260.15	103.62	117.26	3.41	6.93	0	0	0	0	0	0	813.78	10.34
49.9965	23.21	13.64	9.68	224.18	42.35	264.55	103.62	123.53	8.69	9.35	0	0	0	0	0	0	804.76	18.04
50.0065	20.9	13.64	7.26	210.1	40.15	266.75	103.62	129.8	12.21	13.97	0	0	0	0	0	0	792.22	26.18
50.0165	20.9	11.66	7.26	193.6	35.97	271.15	101.75	136.07	22.77	23.43	0	5.61	0	0	0	0	778.36	51.81
50.0265	18.59	11.66	7.26	172.37	31.68	273.35	99.99	142.34	65.56	49.17	7.15	14.08	0	0	0	0	757.24	135.96
50.0365	18.59	9.68	4.84	149.6	29.59	273.35	98.12	152.79	111.43	84.59	16.72	25.41	0	7.04	0	0	736.56	245.19
50.0465	16.17	9.68	4.84	122.76	23.21	268.95	96.36	159.06	132.22	110.66	26.29	48.07	5.5	18.92	0	0	701.03	341.66
50.0565	13.86	7.7	4.84	93.94	19.03	262.35	96.36	169.62	166.1	140.58	45.43	59.4	8.25	42.68	0	4.18	667.7	466.62
50.0665	11.55	5.83	4.84	65.23	16.94	249.15	92.73	178.75	205.48	158.07	63.25	68.75	11	59.4	15.4	12.65	625.02	594
50.0765	9.24	3.85	0	44.77	12.65	227.15	89.1	181.06	219.34	160.6	74.14	71.94	13.75	62.04	28.27	16.94	567.82	647.02
50.0865	6.93	3.85	0	31.02	8.47	189.53	85.47	183.37	212.41	155.65	76.89	68.75	16.5	67.54	33.33	19.03	508.64	650.1
50.0965	0	0	0	24.09	8.47	144.1	74.58	176.44	200.86	150.59	74.14	71.94	16.5	72.93	38.5	21.12	427.68	646.58
50.1065	0	0	0	18.92	8.47	101.2	63.69	163.24	193.82	148.06	74.14	71.94	19.25	78.32	43.67	23.21	355.52	652.41
50.1165	0	0	0	15.51	8.47	72.05	53.46	133.98	196.24	153.12	82.39	78.21	22	86.46	53.9	27.5	283.47	699.82
50.1265	0	0	0	11.99	6.27	52.69	47.3	92.84	210.1	160.6	90.53	81.29	22	94.6	62.48	31.79	211.09	753.39
50.1365	0	0	0	8.58	4.18	41.03	41.25	66.55	226.49	170.61	104.17	84.48	27.5	102.74	74.36	35.97	161.59	826.32
50.1465	0	0	0	3.41	0	31.24	33.55	40.59	243.76	180.29	115.17	90.75	30.25	108.24	86.35	40.26	108.79	895.07
50.1565	0	0	0	0	0	23.43	27.5	26.4	256.08	189.97	123.53	97.02	33	116.38	95.26	42.35	77.33	953.59
50.1665	0	0	0	0	0	17.49	19.8	17.6	260.92	197.23	129.14	103.29	35.75	124.52	104.17	44.44	54.89	999.46
50.1765	0	0	0	0	0	11.66	13.75	7.04	258.5	199.65	129.14	109.56	35.75	132.77	110.22	46.53	32.45	1022.12
50.1865	0	0	0	3.41	0	7.81	6.05	0	253.55	202.07	129.14	119.02	38.5	138.16	115.94	48.73	17.27	1045.11
50.1965	0	0	0	3.41	0	5.83	2.97	0	246.18	204.49	129.14	125.4	41.25	146.3	124.63	50.82	12.21	1068.21
50.2065	0	0	0	3.41	0	5.83	0	0	236.28	199.65	129.14	128.48	41.25	151.8	130.46	52.91	9.24	1069.97
50.2165	0	0	0	0	0	3.85	0	0	226.49	197.23	126.28	134.86	44	157.19	133.32	55.11	3.85	1074.48
50.2265	0	0	0	0	0	0	0	0	212.41	192.39	120.78	141.13	44	162.69	139.15	57.53	0	1070.08
50.2365	0	0	0	0	0	0	0	0	200.86	187.55	115.17	144.32	44	168.19	144.98	59.95	0	1065.02
50.2465	0	0	0	0	0	0	0	0	184.58	180.29	109.67	150.59	46.75	170.83	147.84	59.95	0	1050.5
50.2565	0	0	0	0	0	0	0	0	170.72	170.61	104.17	153.78	46.75	173.47	150.81	62.37	0	1032.68
50.2665	0	0	0	0	0	0	0	0	157.63	163.13	98.67	156.97	46.75	178.86	153.67	62.37	0	1018.05
50.2765	0	0	0	0	0	0	0	0	144.87	155.65	90.53	163.24	46.75	181.61	156.53	62.37	0	1001.55
50.2865	0	0	0	0	0	0	0	0	132.22	145.64	85.03	166.43	46.75	184.25	156.53	64.9	0	981.75
50.2965	0	0	0	0	0	0	0	0	121.55	138.05	76.89	169.62	49.5	189.64	159.5	64.9	0	969.65
50.3065	0	0	0	0	0	0	0	0	111.43	130.57	71.39	172.81	46.75	192.39	159.5	64.9	0	949.74
50.3165	0	0	0	0	0	0	0	0	101.86	123.09	66	179.19	49.5	195.03	162.36	67.32	0	944.35
50.3265	0	0	0	0	0	0	0	0	92.29	115.5	57.75	182.38	46.75	200.42	165.33	67.32	0	927.74
50.3365	0	0	0	0	0	0	0	0	84.7	108.24	55.11	185.57	46.75	203.06	165.33	69.74	0	918.5
50.3465	0	0	0	0	0	0	0	0	77	101.2	50.27	188.76	46.75	208.45	168.3	69.74	0	910.47
50.3565	0	0	0	0	0	0	0	0	69.41	96.47	45.43	191.95	46.75	213.84	174.24	69.74	0	907.83
50.3665	0	0	0	0	0	0	0	0	61.71	89.32	43.12	195.14	46.75	216.59	177.21	72.16	0	902
50.3765	0	0	0	0	0	0	0	0	56.21	82.28	38.28	198.44	46.75	221.98	180.18	74.69	0	898.81
50.3865	0	0	0	0	0	0	0	0	47.41	75.13	33.44	201.63	46.75	224.73	183.15	77.11	0	889.35
50.3965	0	0	0	0	0	0	0	0	42.13	65.67	28.71	204.82	49.5	230.34	189.09	77.11	0	887.37
50.4065	0	0	0	0	0	0	0	0	35.09	60.94	26.29	204.82	49.5	233.09	192.06	79.53	0	881.32
50.4165	0	0	0	0	0	0	0	0	31.57	53.9	23.87	208.01	49.5	235.95	198.11	79.53	0	880.44
50.4265	0	0	0	0	0	0	0	0	28.05	46.86	21.56	211.2	49.5	238.7	204.05	81.95	0	881.87
50.4365	0	0	0	0	0	0	0	0	26.29	42.13	19.14	214.39	49.5	244.31	209.99	84.48	0	890.23
50.4465	0	0	0	0	0	0	0	0	24.53	37.51	16.72	214.39	49.5	247.06	212.96	86.9	0	889.57
50.4565	0	0	0	0	0	0	0	0	22.77	32.78	16.72	217.58	49.5	249.92	215.93	86.9	0	892.1
50.4665	0	0	0	0	0	0	0	0	21.01	30.47	14.3	217.58	52.25	255.42	218.9	89.32	0	899.25
50.4765	0	0	0	0	0	0	0	0	19.25	25.74	14.3	217.58	49.5	258.28	221.98	91.74	0	898.37
50.4865	0	0	0	0	0	0	0	0	19.25	23.43	11.88	220.77	49.5	263.89	224.73	94.27	0	907.72
50.4965	0	0	0	0	0	0	0	0	17.49	18.7	11.88	217.58	49.5	266.64	227.59	96.69	0	906.07
50.5065	0	0	0	0	0	0	0	0	15.73	13.97	9.57	214.39	49.5	269.39	230.45	96.69	0	899.69
50.5165	0	0	0	0	0	0	0	0	13.97	6.93	7.15	211.2	46.75	275	230.45	101.53	0	892.98
50.5265	0	0	0	0	0	0	0	0	13.97	4.62	7.15	204.82	44	275	230.45	104.06	0	884.07
50.5365	0	0	0	0	0	0	0	0	12.21	4.62	7.15	195.14	41.25	277.86	230.45	106.48	0	875.16
50.5465	0	0	0	0	0	0	0	0	12.21	4.62	4.73	182.38	38.5	283.47	227.59	108.9	0	862.4
50.5565	0	0	0	0	0	0	0	0	12.21	4.62	4.73	169.62	33	283.47	227.59	111.32	0	846.56
50.5665	6.93	0	0	0	0	0	0	0	10.45	0	4.73	153.78	27.5	289.08	221.98	116.05	6.93	823.57
50.5765	16.17	0	0	0	0	0	0	0	10.45	0	4.73	137.94	24.75	294.8	218.9	120.45	16.17	812.02
50.5865	30.14	3.85	0	0	0	0	0	0	10.45	0	4.73	125.4	19.25	300.41	212.96	122.76	33.99	795.96
50.5965	108.68	17.49	0	3.41	0	0	0	0	10.45	0	0	109.56	16.5	303.27	204.05	129.47	129.58	773.3
50.6065	213.62	38.94	12.1	10.34	0	3.85	0	0	8.69	0	0	93.94	11	306.02	198.11	131.67	278.85	749.43
50.6165	225.94	58.74	24.2	15.51	4.18	5.83	0	0	6.93	0	0	78.21	11	303.27	186.12	133.87	334.4	719.4
50.6265	246.73	96.14	48.4	31.02	12.65	13.64	0	0	6.93	0	0	59.4	8.25	294.8	174.24	136.18	448.58	679.8
50.6365	257.07	122.21	67.54	46.53	16.94	19.47	0	7.04	5.17	0	0	45.21	5.5	275	162.36	138.38	536.8	631.62
50.6465	272.58	134.75	81.73	55.11	19.03	25.3	4.51	10.56	3.41	0	0	36.74	5.5	241.45	144.98	138.38	603.57	570.46
50.6565	272.58	136.84	88.77	60.83	21.12	31.24	7.59	10.56	0	0	0	28.27	5.5	197.67	130.46	136.18	629.53	498.08
50.6665	267.41	136.84	95.81	67.43	23.21	41.03	12.21	14.08	0	0	0	19.8	5.5	151.8	115.94	131.67	658.02	424.71
50.6765	267.41	138.93	102.96	71.83	25.41	50.71	18.26	15.84	0	0	0	16.94	5.5	119.13	104.17	118.25	691.35	363.99
50.6865	275.22	143.11	114.84	74.03	29.59	58.63	25.96	19.36	0	0	0	14.08	5.5	89.21	89.32	99.11	740.74	297.22
50.6965	287.98	147.29	129.69	76.23	33.88	67.54	33.55	21.12	0	0	0	8.47	5.5	67.54	77.33	74.69	797.28	233.53
50.7065	300.85	151.47	144.54	78.43	35.97	74.25	39.71	24.64	0	0	0	0	5.5	49.83	68.42	57.53	849.86	181.28
50.7164	313.61	155.65	159.39	80.63	40.15	78.76	44.22	28.27	0	0	0	0	0	40.37	59.51	44.44	900.68	144.32
50.7264	321.31	159.83	166.87	82.83	40.15	83.27	47.3	31.79	0	0	0	0	0	30.8	53.9	33.88	933.35	118.58
50.7364	323.84	159.83	174.24	85.03	42.35	87.67	50.38	33.55	0	0	0	0	0	26.07	46.2	29.59	956.89	101.86
50.7464	323.84	161.92	179.3	87.34	44.44	92.18	51.92	35.31	0	0	0	0	0	18.92	33.33	21.12	976.25	73.37
50.7564	321.31	161.92	179.3	89.54	44.44	96.69	55	38.83	0	0	0	0	0	14.19	17.93	8.47	987.03	40.59
50.7664	313.61	159.83	179.3	93.94	46.53	98.89	58.3	40.59	0	0	0	0	0	7.04	5.06	4.18	990.99	16.28
50.7764	303.38	157.74	179.3	96.14	48.62	105.6	61.93	42.35	0	0	0	0	0	7.04	7.7	0	995.06	14.74
50.7864	293.15	155.65	176.77	98.34	48.62	107.91	65.56	45.87	0	0	0	0	0	4.73	5.06	0	991.87	9.79
50.7964	282.92	153.56	171.82	100.54	50.82	112.42	67.32	47.63	0	0	0	0	0	0	0	0	987.03	0
50.8064	275.22	149.38	169.29	102.74	50.82	114.51	70.95	49.39	0	0	0	0	0	0	0	0	982.3	0
50.8164	264.88	143.11	164.34	102.74	52.91	116.6	72.82	51.15	0	0	0	0	0	0	0	0	968.55	0
50.8264	254.43	138.93	161.92	104.94	55	116.6	76.45	52.91	0	0	0	0	0	0	0	0	961.18	0
50.8364	244.09	134.75	159.39	102.74	55	116.6	78.21	54.67	0	0	0	0	0	0	0	0	945.45	0
50.8464	236.28	130.57	154.44	102.74	55	116.6	80.08	56.54	0	0	0	0	0	0	0	0	932.25	0
50.8564	225.94	126.39	149.49	104.94	57.2	118.69	81.84	58.52	0	0	0	0	0	0	0	0	923.01	0
50.8664	218.46	122.21	144.54	104.94	57.2	118.69	83.71	60.5	0	0	0	0	0	0	0	0	910.25	0
50.8764	208.78	118.03	139.59	104.94	59.4	120.78	85.47	64.57	0	0	0	0	0	0	0	0	901.56	0
50.8864	199.1	113.85	134.64	107.14	59.4	122.98	87.23	66.55	0	0	0	0	0	0	0	0	890.89	0
50.8964	191.7