0.0000	246.73	89.54	91.08	41.36	27.5	33.22	24.42	14.08	5.17	0	0	16.94	8.25	151.8	174.24	118.25	567.93	474.65
0.0100	246.73	89.54	91.08	41.36	27.5	33.22	24.42	14.08	5.17	0	0	16.94	8.25	151.8	174.24	118.25	567.93	474.65
0.0200	259.6	89.54	100.54	39.6	29.59	35.09	28.93	15.84	0	0	0	8.47	8.25	127.27	156.53	118.25	598.73	418.77
0.0300	270.05	91.74	107.69	39.6	31.68	37.07	33.55	17.6	0	0	0	5.61	8.25	102.74	136.29	118.25	628.98	371.14
0.0400	277.86	91.74	114.84	39.6	33.88	39.05	38.17	19.36	0	0	0	0	8.25	83.82	118.91	113.85	654.5	324.83
0.0500	285.45	93.94	119.79	37.84	35.97	41.03	41.25	21.12	0	0	0	0	8.25	64.79	101.2	101.53	676.39	275.77
0.0600	293.15	96.14	124.74	39.6	38.06	42.9	44.22	22.88	0	0	0	0	8.25	52.25	86.35	86.9	701.69	233.75
0.0700	303.38	100.54	132.22	41.36	40.15	44.88	47.3	24.64	0	0	0	0	8.25	40.37	74.36	72.16	734.47	195.14
0.0800	313.61	104.94	142.12	43.01	44.44	48.84	51.92	26.4	0	0	0	0	5.5	33.22	62.48	57.53	775.28	158.73
0.0900	323.84	109.34	149.49	46.53	46.53	50.71	55	28.27	0	0	0	0	0	23.65	53.9	44.44	809.71	121.99
0.1000	334.07	113.85	156.97	48.18	46.53	54.67	58.3	30.03	0	0	0	0	0	18.92	43.67	31.79	842.6	94.38
0.1100	341.99	118.03	164.34	49.94	48.62	58.63	61.93	31.79	0	0	0	0	0	16.61	35.97	25.41	875.27	77.99
0.1200	349.8	120.12	169.29	51.7	50.82	60.83	63.69	33.55	0	0	0	0	0	11.88	25.63	14.74	899.8	52.25
0.1300	352.44	122.21	174.24	53.35	52.91	63.03	67.32	35.31	0	0	0	0	0	9.46	15.4	8.47	920.81	33.33
0.1400	355.08	124.3	176.77	55.11	52.91	65.34	69.19	37.07	0	0	0	0	0	7.04	12.76	8.47	935.77	28.27
0.1500	352.44	126.39	176.77	56.87	55	67.54	70.95	38.83	0	0	0	0	0	7.04	10.23	6.27	944.79	23.54
0.1600	347.27	126.39	174.24	58.63	55	72.05	70.95	38.83	0	0	0	0	0	4.73	10.23	4.18	943.36	19.14
0.1700	341.99	124.3	171.82	63.03	55	72.05	72.82	40.59	0	0	0	0	0	4.73	7.7	4.18	941.6	16.61
0.1800	334.07	124.3	166.87	65.23	55	74.25	72.82	40.59	0	0	0	0	0	4.73	5.06	4.18	933.13	13.97
0.1900	326.37	124.3	161.92	67.43	57.2	76.56	72.82	40.59	0	0	0	0	0	0	0	0	927.19	0
0.2000	318.67	122.21	156.97	69.63	57.2	76.56	74.58	40.59	0	0	0	0	0	0	0	0	916.41	0
0.2100	311.08	118.03	152.02	69.63	57.2	78.76	76.45	40.59	0	0	0	0	0	0	0	0	903.76	0
0.2200	300.85	115.94	149.49	71.83	59.4	78.76	78.21	42.35	0	0	0	0	0	0	0	0	896.83	0
0.2300	293.15	113.85	144.54	74.03	59.4	80.96	80.08	42.35	0	0	0	0	0	0	0	0	888.36	0
0.2400	282.92	109.34	139.59	76.23	61.71	83.27	81.84	44.11	0	0	0	0	0	0	0	0	879.01	0
0.2500	272.58	104.94	137.17	78.43	61.71	85.47	83.71	44.11	0	0	0	0	0	0	0	0	868.12	0
0.2600	259.6	102.74	132.22	80.63	61.71	89.98	87.23	45.87	0	0	0	0	0	0	0	0	859.98	0
0.2700	249.26	100.54	129.69	82.83	64.02	92.18	89.1	47.63	0	0	0	0	0	0	0	0	855.25	0
0.2800	236.28	96.14	127.27	85.03	64.02	96.69	92.73	49.39	0	0	0	0	0	0	0	0	847.55	0
0.2900	225.94	91.74	124.74	89.54	66.33	101.2	96.36	51.15	0	0	0	0	0	0	0	0	847	0
0.3000	216.04	87.34	122.32	91.74	68.64	105.6	101.75	52.91	0	0	0	0	0	0	0	0	846.34	0
0.3100	203.94	85.14	117.37	93.94	70.95	110.11	105.38	56.54	0	0	0	0	0	0	0	0	843.37	0
0.3200	191.73	80.74	114.84	98.34	70.95	116.6	110.88	60.5	0	0	0	0	0	0	0	0	844.58	0
0.3300	179.63	76.34	110	100.54	73.26	122.98	114.51	70.62	0	0	0	0	0	0	0	0	847.88	0
0.3400	165	69.74	105.27	104.94	75.57	129.25	120.45	78.65	0	0	0	0	0	0	0	0	848.87	0
0.3500	152.68	65.34	98.23	109.34	77.88	135.63	126.5	84.81	0	0	0	0	0	0	0	0	850.41	0
0.3600	137.94	60.94	91.08	113.85	77.88	144.1	134.64	92.84	0	0	0	0	0	0	0	0	853.27	0
0.3700	123.2	54.56	81.73	116.05	80.19	152.57	140.69	98.89	0	0	0	0	0	0	0	0	847.88	0
0.3800	106.48	48.73	74.58	120.56	82.5	161.04	148.72	106.92	0	0	0	0	0	0	0	0	849.53	0
0.3900	91.08	40.92	62.81	124.96	82.5	167.53	154.77	113.08	0	0	0	0	0	0	0	0	837.65	0
0.4000	73.37	35.09	50.82	127.27	84.7	174.13	162.8	121.44	0	0	0	0	0	0	0	0	829.62	0
0.4100	60.17	29.15	38.72	127.27	84.7	180.73	170.94	129.8	0	0	0	0	0	0	0	0	821.48	0
0.4200	46.42	21.34	29.04	127.27	84.7	185.13	181.28	140.25	0	0	0	0	0	0	0	0	815.43	0
0.4300	37.18	17.49	24.2	127.27	84.7	189.53	189.64	146.52	0	0	0	0	0	0	0	0	816.53	0
0.4400	32.45	15.51	21.78	124.96	82.5	191.73	197.89	154.88	0	0	0	0	0	0	0	0	821.7	0
0.4500	30.14	11.66	19.36	120.56	80.19	194.04	206.14	159.06	0	0	0	0	0	0	0	0	821.15	0
0.4600	27.83	9.68	16.94	113.85	77.88	196.24	214.39	163.24	0	0	0	0	0	0	0	0	820.05	0
0.4700	23.21	7.7	14.52	107.14	75.57	196.24	220.66	167.42	0	0	0	0	0	0	0	0	812.46	0
0.4800	20.9	5.83	12.1	96.14	68.64	196.24	224.84	171.82	0	0	0	0	0	0	0	0	796.51	0
0.4900	20.9	5.83	12.1	85.03	61.71	194.04	229.24	174.13	0	0	0	0	0	0	0	0	782.98	0
0.5000	18.59	5.83	9.68	71.83	55	194.04	229.24	178.75	6.93	0	0	0	0	0	0	0	762.96	6.93
0.5100	18.59	3.85	9.68	58.63	46.53	194.04	227.04	183.37	12.21	6.93	0	0	0	0	0	0	741.73	19.14
0.5200	16.17	3.85	9.68	49.94	38.06	194.04	222.75	187.99	29.81	21.01	4.73	8.47	0	4.73	5.06	0	722.48	73.81
0.5300	16.17	3.85	7.26	41.36	31.68	191.73	214.39	192.61	103.73	60.94	11.88	14.08	0	7.04	7.7	0	699.05	205.37
0.5400	13.86	0	7.26	32.67	25.41	189.53	202.07	194.92	155.43	110.66	23.87	39.6	5.5	21.34	15.4	0	665.72	371.8
0.5500	11.55	0	7.26	24.09	21.12	180.73	189.64	199.43	186.89	153.12	38.28	68.75	11	45.1	12.76	6.27	633.82	522.17
0.5600	9.24	0	7.26	17.16	16.94	167.53	173.03	199.43	217.03	180.29	55.11	84.48	13.75	67.54	20.46	10.56	590.59	649.22
0.5700	6.93	0	4.84	11.99	12.65	144.1	154.77	197.23	231.44	189.97	60.5	90.75	16.5	75.68	33.33	14.74	532.51	712.91
0.5800	0	0	4.84	6.82	10.56	110.11	128.59	190.3	224.07	189.97	63.25	93.94	19.25	81.07	35.97	16.94	451.22	724.46
0.5900	0	0	0	0	10.56	76.56	98.12	181.06	212.41	192.39	63.25	103.29	19.25	89.21	43.67	19.03	366.3	742.5
0.6000	0	0	0	0	10.56	52.69	69.19	156.97	212.41	199.65	68.75	112.75	19.25	100.1	51.37	21.12	289.41	785.4
0.6100	0	0	0	0	8.47	41.03	53.46	102.96	221.65	209.33	74.14	119.02	22	110.99	59.51	25.41	205.92	842.05
0.6200	0	0	0	0	4.18	29.26	42.68	64.57	233.86	221.43	82.39	128.48	22	119.13	65.45	29.59	140.69	902.33
0.6300	0	0	0	0	0	21.45	35.09	33.55	248.6	226.27	90.53	131.67	24.75	124.52	74.36	31.79	90.09	952.49
0.6400	0	0	0	0	0	13.64	25.96	19.36	253.55	231.11	93.28	137.94	27.5	130.02	80.3	33.88	58.96	987.58
0.6500	0	0	0	0	0	9.68	16.72	7.04	251.13	231.11	96.03	144.32	27.5	135.41	83.27	35.97	33.44	1004.74
0.6600	0	0	0	0	0	5.83	9.13	5.28	246.18	231.11	96.03	150.59	27.5	140.91	86.35	38.06	20.24	1016.73
0.6700	0	0	0	0	0	3.85	7.59	5.28	233.86	228.69	93.28	160.05	30.25	143.66	86.35	38.06	16.72	1014.2
0.6800	0	0	0	0	0	3.85	6.05	3.52	219.34	226.27	87.78	166.43	30.25	149.05	86.35	40.26	13.42	1005.73
0.6900	0	0	0	0	0	0	4.51	0	207.79	221.43	82.39	172.81	30.25	151.8	86.35	40.26	4.51	993.08
0.7000	0	0	0	0	0	0	4.51	0	193.82	214.17	79.64	182.38	30.25	154.55	86.35	42.35	4.51	983.51
0.7100	0	0	0	0	0	0	2.97	0	182.27	209.33	74.14	188.76	30.25	157.19	86.35	42.35	2.97	970.64
0.7199	0	0	0	0	0	0	0	0	173.03	202.07	71.39	195.14	30.25	162.69	86.35	42.35	0	963.27
0.7299	0	0	0	0	0	0	0	0	161.81	194.81	66	198.44	30.25	162.69	86.35	44.44	0	944.79
0.7399	0	0	0	0	0	0	0	0	151.25	187.55	60.5	204.82	30.25	165.44	86.35	44.44	0	930.6
0.7499	0	0	0	0	0	0	0	0	140.69	180.29	57.75	211.2	30.25	168.19	86.35	44.44	0	919.16
0.7599	0	0	0	0	0	0	0	0	132.22	173.03	55.11	214.39	30.25	170.83	86.35	46.53	0	908.71
0.7699	0	0	0	0	0	0	0	0	123.75	165.66	52.69	217.58	33	173.47	89.32	46.53	0	902
0.7799	0	0	0	0	0	0	0	0	115.28	158.07	50.27	220.77	33	176.22	89.32	46.53	0	889.46
0.7899	0	0	0	0	0	0	0	0	109.45	150.59	47.85	224.07	33	178.86	92.29	46.53	0	882.64
0.7999	0	0	0	0	0	0	0	0	103.73	143.11	45.43	226.93	33	181.61	95.26	48.73	0	877.8
0.8099	0	0	0	0	0	0	0	0	98.01	138.05	45.43	226.93	33	187	98.23	48.73	0	875.38
0.8199	0	0	0	0	0	0	0	0	92.29	130.57	43.12	229.79	35.75	189.64	104.17	50.82	0	876.15
0.8299	0	0	0	0	0	0	0	0	88.44	125.51	43.12	226.93	35.75	195.03	110.22	50.82	0	875.82
0.8399	0	0	0	0	0	0	0	0	84.7	120.56	43.12	226.93	35.75	197.67	115.94	52.91	0	877.58
0.8499	0	0	0	0	0	0	0	0	80.85	115.5	43.12	229.79	38.5	203.06	124.63	55.11	0	890.56
0.8599	0	0	0	0	0	0	0	0	77	110.66	43.12	229.79	38.5	208.45	133.32	57.53	0	898.37
0.8699	0	0	0	0	0	0	0	0	73.15	105.93	40.7	229.79	41.25	213.84	142.12	59.95	0	906.73
0.8799	0	0	0	0	0	0	0	0	69.41	101.2	40.7	229.79	44	219.23	150.81	62.37	0	917.51
0.8899	0	0	0	0	0	0	0	0	63.69	94.05	38.28	232.76	44	227.48	162.36	64.9	0	927.52
0.8999	0	0	0	0	0	0	0	0	56.21	87.01	35.86	235.62	46.75	233.09	171.27	67.32	0	933.13
0.9099	0	0	0	0	0	0	0	0	50.93	79.86	31.13	238.59	46.75	238.7	180.18	72.16	0	938.3
0.9199	0	0	0	0	0	0	0	0	42.13	70.4	28.71	241.45	49.5	244.31	189.09	74.69	0	940.28
0.9299	0	0	0	0	0	0	0	0	35.09	60.94	23.87	244.42	52.25	252.67	198.11	79.53	0	946.88
0.9399	0	0	0	0	0	0	0	0	29.81	51.59	21.56	247.28	52.25	258.28	207.02	81.95	0	949.74
0.9499	0	0	0	0	0	0	0	0	26.29	42.13	19.14	250.14	52.25	263.89	215.93	86.9	0	956.67
0.9599	0	0	0	0	0	0	0	0	22.77	35.09	16.72	253.11	52.25	272.25	221.98	89.32	0	963.49
0.9699	0	0	0	0	0	0	0	0	21.01	30.47	11.88	253.11	52.25	277.86	224.73	94.27	0	965.58
0.9799	0	0	0	0	0	0	0	0	19.25	21.01	11.88	253.11	49.5	283.47	227.59	96.69	0	962.5
0.9899	4.62	0	0	0	0	0	0	0	15.73	13.97	9.57	244.42	49.5	289.08	230.45	99.11	4.62	951.83
0.9999	9.24	0	0	0	0	0	0	0	13.97	9.35	7.15	232.76	44	291.94	230.45	101.53	9.24	931.15
1.0099	13.86	0	0	0	0	0	0	0	12.21	6.93	4.73	214.39	41.25	294.8	230.45	104.06	13.86	908.82
1.0199	20.9	0	0	0	0	0	0	0	12.21	6.93	4.73	188.76	35.75	297.55	227.59	104.06	20.9	877.58
1.0299	48.73	0	0	0	0	0	0	0	12.21	4.62	4.73	163.24	30.25	297.55	227.59	106.48	48.73	846.67
1.0399	157.63	5.83	7.26	0	0	0	0	0	10.45	4.62	0	137.94	24.75	300.41	221.98	108.9	170.72	809.05
1.0499	223.41	25.3	16.94	5.17	0	3.85	0	0	10.45	4.62	0	112.75	19.25	300.41	218.9	111.32	274.67	777.7
1.0599	238.92	44.77	31.46	10.34	0	3.85	0	0	8.69	0	0	87.56	13.75	291.94	215.93	116.05	329.34	733.92
1.0699	249.26	71.94	50.82	20.68	8.47	9.68	0	0	6.93	0	0	62.48	11	280.61	209.99	116.05	410.85	687.06
1.0799	251.9	98.34	65.12	39.6	14.74	17.49	6.05	0	5.17	0	0	42.35	8.25	261.03	204.05	118.25	493.24	639.1
1.0899	259.6	120.12	81.73	55.11	21.12	25.3	10.67	7.04	5.17	0	0	28.27	8.25	224.73	192.06	120.45	580.69	578.93
1.0999	272.58	132.66	95.81	67.43	23.21	33.22	13.75	7.04	0	0	0	16.94	5.5	178.86	174.24	118.25	645.7	493.79
1.1099	282.92	141.02	110	76.23	25.41	44.88	18.26	10.56	0	0	0	11.22	5.5	132.77	153.67	113.85	709.28	417.01
1.1199	295.68	149.38	122.32	80.63	29.59	54.67	24.42	14.08	0	0	0	5.61	8.25	97.35	127.6	104.06	770.77	342.87
1.1299	305.91	153.56	137.17	82.83	33.88	65.34	30.47	15.84	0	0	0	0	8.25	70.18	101.2	86.9	825	266.53
1.1399	316.14	157.74	149.49	85.03	35.97	72.05	35.09	17.6	0	0	0	0	8.25	54.56	80.3	64.9	869.11	208.01
1.1499	323.84	164.01	156.97	89.54	38.06	78.76	39.71	19.36	0	0	0	0	5.5	40.37	68.42	46.53	910.25	160.82
1.1599	326.37	168.3	161.92	93.94	40.15	83.27	42.68	21.12	0	0	0	0	0	28.49	56.54	33.88	937.75	118.91
1.1699	326.37	172.81	164.34	98.34	42.35	87.67	44.22	21.12	0	0	0	0	0	21.34	48.73	27.5	957.22	97.57
1.1799	323.84	177.43	161.92	107.14	42.35	92.18	45.76	22.88	0	0	0	0	0	16.61	35.97	21.12	973.5	73.7
1.1899	318.67	181.94	159.39	113.85	42.35	96.69	45.76	22.88	0	0	0	0	0	11.88	20.46	10.56	981.53	42.9
1.1999	313.61	181.94	154.44	118.25	42.35	98.89	45.76	24.64	0	0	0	0	0	7.04	5.06	0	979.88	12.1
1.2099	303.38	181.94	149.49	124.96	44.44	101.2	45.76	24.64	0	0	0	0	0	4.73	0	0	975.81	4.73
1.2199	293.15	179.63	144.54	129.47	44.44	103.4	45.76	26.4	0	0	0	0	0	0	0	0	966.79	0
1.2299	282.92	177.43	137.17	133.98	44.44	103.4	44.22	26.4	0	0	0	0	0	0	0	0	949.96	0
1.2399	272.58	172.81	132.22	136.18	44.44	105.6	44.22	28.27	0	0	0	0	0	0	0	0	936.32	0
1.2499	257.07	166.1	124.74	138.38	44.44	105.6	45.76	28.27	0	0	0	0	0	0	0	0	910.36	0
1.2599	244.09	159.83	117.37	138.38	44.44	105.6	45.76	28.27	0	0	0	0	0	0	0	0	883.74	0
1.2699	231.11	153.56	112.42	140.69	46.53	105.6	47.3	28.27	0	0	0	0	0	0	0	0	865.48	0
1.2799	218.46	147.29	107.69	140.69	46.53	105.6	47.3	28.27	0	0	0	0	0	0	0	0	841.83	0
1.2899	208.78	141.02	102.96	140.69	46.53	107.91	48.84	28.27	0	0	0	0	0	0	0	0	825	0
1.2999	201.52	134.75	98.23	140.69	48.62	107.91	50.38	30.03	0	0	0	0	0	0	0	0	812.13	0
1.3099	194.15	130.57	98.23	140.69	48.62	110.11	51.92	30.03	0	0	0	0	0	0	0	0	804.32	0
1.3199	186.89	124.3	95.81	142.89	48.62	110.11	53.46	31.79	0	0	0	0	0	0	0	0	793.87	0
1.3299	182.05	122.21	95.81	142.89	50.82	112.42	55	31.79	0	0	0	0	0	0	0	0	792.99	0
1.3399	177.21	120.12	95.81	142.89	50.82	114.51	56.54	33.55	0	0	0	0	0	0	0	0	791.45	0
1.3499	174.79	115.94	98.23	145.09	52.91	118.69	60.06	33.55	0	0	0	0	0	0	0	0	799.26	0
1.3599	169.95	111.54	95.81	147.4	52.91	122.98	61.93	35.31	0	0	0	0	0	0	0	0	797.83	0
1.3699	165	109.34	95.81	151.8	52.91	129.25	65.56	37.07	0	0	0	0	0	0	0	0	806.74	0
1.3799	157.63	104.94	95.81	156.31	55	135.63	67.32	38.83	0	0	0	0	0	0	0	0	811.47	0
1.3899	147.84	100.54	91.08	163.02	57.2	144.1	70.95	42.35	0	0	0	0	0	0	0	0	817.08	0
1.3999	137.94	93.94	86.35	169.95	57.2	150.48	74.58	45.87	0	0	0	0	0	0	0	0	816.31	0
1.4099	125.73	89.54	81.73	177.1	57.2	158.95	78.21	49.39	0	0	0	0	0	0	0	0	817.85	0
1.4199	113.41	82.94	74.58	184.14	59.4	169.73	83.71	52.91	0	0	0	0	0	0	0	0	820.82	0
1.4299	102.08	76.34	67.54	188.87	59.4	178.53	89.1	56.54	0	0	0	0	0	0	0	0	818.4	0
1.4399	91.08	67.54	60.39	195.91	61.71	187.33	92.73	62.59	0	0	0	0	0	0	0	0	819.28	0
1.4499	77.77	58.74	50.82	200.64	61.71	196.24	98.12	70.62	0	0	0	0	0	0	0	0	814.66	0
1.4599	66.77	50.6	43.56	205.37	64.02	205.04	103.62	80.74	0	0	0	0	0	0	0	0	819.72	0
1.4699	53.35	42.79	33.88	207.79	64.02	213.84	110.88	96.91	0	0	0	0	0	0	0	0	823.46	0
1.4799	41.8	33.11	26.62	210.1	64.02	220.55	116.49	109.01	0	0	0	0	0	0	0	0	821.7	0
1.4899	37.18	29.15	21.78	207.79	64.02	227.15	122.54	119.35	0	0	0	0	0	0	0	0	828.96	0
1.4999	32.45	23.32	19.36	207.79	64.02	233.75	130.57	129.8	0	0	0	0	0	0	0	0	841.06	0
1.5099	27.83	17.49	16.94	203.06	61.71	238.15	134.64	138.16	0	0	0	0	0	0	0	0	837.98	0
1.5199	25.52	13.64	14.52	195.91	59.4	242.55	140.69	148.61	0	0	0	0	0	0	0	0	840.84	0
1.5299	23.21	13.64	14.52	186.56	57.2	244.75	144.65	159.06	0	4.62	0	0	0	0	0	0	843.59	4.62
1.5399	20.9	13.64	12.1	174.68	52.91	246.95	144.65	165.33	6.93	4.62	0	0	0	0	0	0	831.16	11.55
1.5499	20.9	11.66	12.1	158.51	48.62	251.35	146.74	169.62	10.45	9.35	0	0	0	0	0	0	819.5	19.8
1.5599	18.59	11.66	9.68	140.69	42.35	251.35	144.65	176.44	17.49	16.39	0	0	0	0	0	0	795.41	33.88
1.5699	18.59	9.68	9.68	120.56	35.97	253.55	140.69	181.06	29.81	25.74	4.73	5.61	0	0	0	0	769.78	65.89
1.5799	16.17	9.68	7.26	100.54	29.59	255.75	136.62	185.68	82.72	56.21	9.57	11.22	0	0	0	0	741.29	159.72
1.5899	16.17	7.7	7.26	80.63	25.41	253.55	130.57	187.99	134.31	103.51	19.14	39.6	5.5	16.61	7.7	0	709.28	326.37
1.5999	13.86	5.83	7.26	60.83	19.03	249.15	124.52	192.61	166.1	145.64	38.28	50.82	11	37.95	23.1	14.74	673.09	487.63
1.6099	11.55	5.83	4.84	46.53	14.74	238.15	116.49	194.92	210.1	168.19	60.5	56.54	11	52.25	30.8	16.94	633.05	606.32
1.6199	9.24	3.85	4.84	32.67	12.65	213.84	107.25	197.23	226.49	177.87	68.75	59.4	13.75	62.04	46.2	21.12	581.57	675.62
1.6299	4.62	0	4.84	22.33	8.47	169.73	94.49	197.23	221.65	175.45	68.75	62.48	13.75	64.79	48.73	21.12	501.71	676.72
1.6399	0	0	0	15.51	8.47	116.6	78.21	190.3	207.79	173.03	68.75	62.48	13.75	72.93	53.9	23.21	409.09	675.84
1.6499	0	0	0	10.34	8.47	74.25	61.93	167.42	200.86	177.87	71.39	68.75	13.75	86.46	62.48	25.41	322.41	706.97
1.6599	0	0	0	5.17	8.47	52.69	51.92	115.17	210.1	192.39	79.64	75.02	16.5	100.1	71.39	27.5	233.42	772.64
1.6699	0	0	0	0	4.18	39.05	42.68	74.69	224.07	204.49	90.53	84.48	19.25	110.99	86.35	29.59	160.6	849.75
1.6799	0	0	0	0	0	27.28	35.09	47.63	241.23	214.17	101.42	87.56	19.25	121.88	101.2	33.88	110	920.59
1.6899	0	0	0	0	0	19.47	25.96	24.64	256.08	221.43	112.42	93.94	22	130.02	115.94	35.97	70.07	987.8
1.6999	0	0	0	0	0	13.64	16.72	12.32	263.45	228.69	117.92	100.21	22	135.41	121.77	35.97	42.68	1025.42
1.7099	0	0	0	0	0	9.68	9.13	5.28	260.92	233.53	117.92	106.48	22	140.91	127.6	38.06	24.09	1047.42
1.7199	0	0	0	0	0	7.81	6.05	0	251.13	233.53	115.17	115.94	24.75	149.05	127.6	38.06	13.86	1055.23
1.7299	0	0	0	0	0	5.83	4.51	0	238.81	231.11	109.67	125.4	24.75	154.55	127.6	40.26	10.34	1052.15
1.7399	0	0	0	0	0	5.83	2.97	0	224.07	228.69	104.17	131.67	24.75	159.94	124.63	40.26	8.8	1038.18
1.7499	0	0	0	0	0	3.85	0	0	210.1	221.43	98.67	137.94	24.75	165.44	124.63	40.26	3.85	1023.22
1.7599	0	0	0	0	0	0	0	0	196.24	214.17	90.53	141.13	24.75	165.44	124.63	40.26	0	997.15
1.7699	0	0	0	0	0	0	0	0	182.27	204.49	85.03	147.51	24.75	168.19	124.63	40.26	0	977.13
1.7799	0	0	0	0	0	0	0	0	168.41	194.81	79.64	147.51	24.75	168.19	124.63	40.26	0	948.2
1.7899	0	0	0	0	0	0	0	0	157.63	185.13	74.14	150.59	24.75	165.44	124.63	40.26	0	922.57
1.7999	0	0	0	0	0	0	0	0	149.16	175.45	68.75	150.59	24.75	165.44	124.63	40.26	0	899.03
1.8099	0	0	0	0	0	0	0	0	140.69	165.66	63.25	147.51	24.75	162.69	124.63	40.26	0	869.44
1.8199	0	0	0	0	0	0	0	0	132.22	155.65	60.5	147.51	24.75	159.94	124.63	40.26	0	845.46
1.8299	0	0	0	0	0	0	0	0	125.84	148.06	57.75	147.51	24.75	159.94	127.6	40.26	0	831.71
1.8399	0	0	0	0	0	0	0	0	119.46	143.11	55.11	147.51	27.5	157.19	130.46	42.35	0	822.69
1.8499	0	0	0	0	0	0	0	0	115.28	135.52	52.69	144.32	27.5	157.19	133.32	40.26	0	806.08
1.8599	0	0	0	0	0	0	0	0	111.43	130.57	52.69	147.51	27.5	157.19	136.29	42.35	0	805.53
1.8699	0	0	0	0	0	0	0	0	107.58	128.04	52.69	144.32	27.5	159.94	142.12	42.35	0	804.54
1.8799	0	0	0	0	0	0	0	0	105.71	123.09	52.69	144.32	27.5	162.69	147.84	44.44	0	808.28
1.8899	0	0	0	0	0	0	0	0	103.73	120.56	52.69	147.51	30.25	165.44	153.67	44.44	0	818.29
1.8999	0	0	0	0	0	0	0	0	99.99	115.5	52.69	147.51	30.25	170.83	165.33	46.53	0	828.63
1.9099	0	0	0	0	0	0	0	0	96.14	113.08	52.69	153.78	30.25	176.22	174.24	48.73	0	845.13
1.9199	0	0	0	0	0	0	0	0	92.29	110.66	52.69	153.78	33	184.25	186.12	50.82	0	863.61
1.9299	0	0	0	0	0	0	0	0	86.57	103.51	50.27	156.97	33	192.39	201.08	52.91	0	876.7
1.9399	0	0	0	0	0	0	0	0	78.98	98.78	47.85	160.05	33	197.67	212.96	52.91	0	882.2
1.9499	0	0	0	0	0	0	0	0	69.41	89.32	43.12	163.24	33	205.81	224.73	57.53	0	886.16
1.9599	0	0	0	0	0	0	0	0	61.71	82.28	40.7	166.43	35.75	213.84	236.06	57.53	0	894.3
1.9699	0	0	0	0	0	0	0	0	52.69	72.82	35.86	172.81	35.75	221.98	250.14	59.95	0	902
1.9799	0	0	0	0	0	0	0	0	43.89	65.67	31.13	176	38.5	227.48	261.47	62.37	0	906.51
1.9899	0	0	0	0	0	0	0	0	35.09	53.9	26.29	179.19	35.75	233.09	269.94	64.9	0	898.15
1.9999	0	0	0	0	0	0	0	0	29.81	44.55	21.56	185.57	38.5	238.7	278.52	67.32	0	904.53
2.0099	0	0	0	0	0	0	0	0	24.53	35.09	16.72	188.76	38.5	247.06	290.4	67.32	0	908.38
2.0199	0	0	0	0	0	0	0	0	22.77	28.05	14.3	188.76	38.5	252.67	299.31	69.74	0	914.1
2.0299	0	0	0	0	0	0	0	0	19.25	21.01	11.88	185.57	35.75	261.03	308.22	69.74	0	912.45
2.0399	0	0	0	0	0	0	0	0	15.73	11.66	9.57	176	33	266.64	314.16	67.32	0	894.08
2.0499	0	0	0	0	0	0	0	0	13.97	6.93	7.15	160.05	30.25	269.39	320.1	67.32	0	875.16
2.0599	0	0	0	0	0	0	0	0	13.97	4.62	4.73	137.94	24.75	275	326.04	67.32	0	854.37
2.0699	6.93	0	0	0	0	0	0	0	13.97	4.62	4.73	112.75	19.25	277.86	329.01	64.9	6.93	827.09
2.0799	25.52	0	0	0	0	0	0	0	12.21	0	0	90.75	16.5	283.47	331.98	67.32	25.52	802.23
2.0899	91.08	3.85	0	0	0	0	0	0	12.21	0	0	68.75	13.75	283.47	326.04	74.69	94.93	778.91
2.0999	244.09	27.28	14.52	8.58	0	5.83	2.97	0	10.45	0	0	50.82	11	280.61	317.13	79.53	303.27	749.54
2.1099	262.24	50.6	29.04	13.75	6.27	7.81	0	0	10.45	0	0	36.74	8.25	275	305.25	84.48	369.71	720.17
2.1199	262.24	80.74	50.82	29.26	12.65	13.64	2.97	3.52	8.69	0	0	22.55	8.25	261.03	287.43	89.32	455.84	677.27
2.1299	267.41	111.54	77	44.77	16.94	21.45	7.59	5.28	6.93	0	0	16.94	5.5	235.95	264.33	91.74	551.98	621.39
2.1399	264.88	126.39	91.08	63.03	21.12	33.22	10.67	10.56	5.17	0	0	11.22	5.5	205.81	238.92	94.27	620.95	560.89
2.1498	277.86	136.84	105.27	71.83	25.41	42.9	16.72	12.32	3.41	0	0	5.61	5.5	168.19	207.02	96.69	689.15	486.42
2.1598	285.45	141.02	119.79	76.23	27.5	54.67	22.88	15.84	0	0	0	0	5.5	130.02	168.3	96.69	743.38	400.51
2.1698	295.68	147.29	134.64	78.43	31.68	65.34	30.47	19.36	0	0	0	0	5.5	94.6	127.6	89.32	802.89	317.02
2.1798	303.38	151.47	147.07	78.43	35.97	72.05	36.63	21.12	0	0	0	0	5.5	64.79	92.29	72.16	846.12	234.74
2.1898	316.14	155.65	159.39	82.83	38.06	78.76	41.25	22.88	0	0	0	0	5.5	37.95	71.39	55.11	894.96	169.95
2.1998	326.37	161.92	169.29	85.03	40.15	83.27	45.76	24.64	0	0	0	0	5.5	28.49	62.48	42.35	936.43	138.82
2.2098	331.54	168.3	174.24	89.54	42.35	87.67	47.3	26.4	0	0	0	0	0	21.34	53.9	33.88	967.34	109.12
2.2198	331.54	170.61	174.24	96.14	42.35	92.18	48.84	26.4	0	0	0	0	0	16.61	43.67	27.5	982.3	87.78
2.2298	328.9	175.12	171.82	100.54	44.44	96.69	48.84	28.27	0	0	0	0	0	11.88	30.8	16.94	994.62	59.62
2.2398	321.31	177.43	166.87	109.34	44.44	101.2	48.84	28.27	0	0	0	0	0	7.04	12.76	4.18	997.7	23.98
2.2498	308.44	177.43	159.39	118.25	44.44	105.6	48.84	30.03	0	0	0	0	0	0	0	0	992.42	0
2.2598	295.68	177.43	152.02	127.27	44.44	110.11	50.38	30.03	0	0	0	0	0	0	0	0	987.36	0
2.2698	277.86	172.81	142.12	133.98	44.44	112.42	48.84	30.03	0	0	0	0	0	0	0	0	962.5	0
2.2798	262.24	168.3	132.22	140.69	44.44	116.6	48.84	31.79	0	0	0	0	0	0	0	0	945.12	0
2.2898	246.73	161.92	124.74	147.4	44.44	118.69	48.84	31.79	0	0	0	0	0	0	0	0	924.55	0
2.2998	228.58	155.65	114.84	154.11	44.44	118.69	47.3	31.79	0	0	0	0	0	0	0	0	895.4	0
2.3098	213.62	149.38	107.69	158.51	44.44	120.78	47.3	33.55	0	0	0	0	0	0	0	0	875.27	0
2.3198	199.1	143.11	100.54	163.02	44.44	122.98	47.3	33.55	0	0	0	0	0	0	0	0	854.04	0
2.3298	186.89	136.84	93.5	167.64	44.44	122.98	47.3	33.55	0	0	0	0	0	0	0	0	833.14	0
2.3398	174.79	130.57	86.35	172.37	44.44	125.07	47.3	33.55	0	0	0	0	0	0	0	0	814.44	0
2.3498	162.58	124.3	81.73	177.1	44.44	127.16	47.3	33.55	0	0	0	0	0	0	0	0	798.16	0
2.3598	155.21	120.12	77	181.83	46.53	131.45	47.3	33.55	0	0	0	0	0	0	0	0	792.99	0
2.3698	145.31	113.85	74.58	186.56	46.53	133.54	48.84	35.31	0	0	0	0	0	0	0	0	784.52	0
2.3798	137.94	109.34	72.27	191.29	46.53	137.72	50.38	35.31	0	0	0	0	0	0	0	0	780.78	0
2.3898	130.57	104.94	67.54	195.91	48.62	142.01	51.92	37.07	0	0	0	0	0	0	0	0	778.58	0
2.3998	125.73	100.54	65.12	198.33	48.62	146.19	55	37.07	0	0	0	0	0	0	0	0	776.6	0
2.4098	118.36	96.14	62.81	203.06	48.62	150.48	56.54	37.07	0	0	0	0	0	0	0	0	773.08	0
2.4198	110.99	89.54	60.39	205.37	50.82	156.86	60.06	38.83	0	0	0	0	0	0	0	0	772.86	0
2.4298	104.28	85.14	58.08	210.1	50.82	163.13	63.69	40.59	0	0	0	0	0	0	0	0	775.83	0
2.4398	99.88	80.74	55.77	210.1	52.91	167.53	67.32	42.35	0	0	0	0	0	0	0	0	776.6	0
2.4498	93.28	74.14	53.24	212.52	52.91	174.13	70.95	45.87	0	0	0	0	0	0	0	0	777.04	0
2.4598	86.68	69.74	50.82	212.52	55	180.73	76.45	49.39	0	0	0	0	0	0	0	0	781.33	0
2.4698	77.77	63.14	45.98	217.25	55	187.33	80.08	52.91	0	0	0	0	0	0	0	0	779.46	0
2.4798	68.97	56.54	41.14	219.56	55	196.24	85.47	56.54	0	0	0	0	0	0	0	0	779.46	0
2.4898	62.37	50.6	36.3	224.18	57.2	205.04	92.73	64.57	0	0	0	0	0	0	0	0	792.99	0
2.4998	53.35	42.79	29.04	226.49	57.2	213.84	98.12	72.6	0	0	0	0	0	0	0	0	793.43	0
2.5098	44.11	36.96	24.2	228.69	57.2	222.75	103.62	88.77	0	0	0	0	0	0	0	0	806.3	0
2.5198	37.18	31.13	21.78	231	57.2	231.55	109.01	102.96	0	0	0	0	0	0	0	0	821.81	0
2.5298	34.76	25.3	19.36	231	57.2	240.35	114.51	115.17	0	0	0	0	0	0	0	0	837.65	0
2.5398	30.14	21.34	16.94	231	57.2	246.95	120.45	125.62	0	0	0	0	0	0	0	0	849.64	0
2.5498	25.52	17.49	14.52	231	55	251.35	124.52	136.07	0	0	0	0	0	0	0	0	855.47	0
2.5598	23.21	15.51	12.1	226.49	52.91	257.95	126.5	148.61	0	0	0	0	0	0	0	0	863.28	0
2.5698	23.21	13.64	9.68	217.25	50.82	260.15	130.57	159.06	0	0	0	0	0	0	0	0	864.38	0
2.5798	20.9	13.64	9.68	203.06	48.62	262.35	130.57	167.42	0	0	0	0	0	0	0	0	856.24	0
2.5898	20.9	13.64	9.68	186.56	42.35	264.55	128.59	174.13	3.41	4.62	0	0	0	0	0	0	840.4	8.03
2.5998	18.59	11.66	9.68	165.33	38.06	266.75	126.5	181.06	8.69	6.93	0	0	0	0	0	0	817.63	15.62
2.6098	18.59	11.66	7.26	145.09	33.88	268.95	124.52	185.68	13.97	13.97	0	0	0	0	0	0	795.63	27.94
2.6198	16.17	9.68	7.26	122.76	27.5	268.95	118.47	192.61	22.77	21.01	0	0	0	0	0	0	763.4	43.78
2.6298	16.17	7.7	7.26	102.74	23.21	271.15	114.51	199.43	57.97	42.13	4.73	11.22	0	0	0	0	742.17	116.05
2.6398	13.86	7.7	7.26	80.63	19.03	266.75	109.01	201.74	123.75	91.74	14.3	28.27	0	11.88	7.7	0	705.98	277.64
2.6498	11.55	5.83	4.84	58.63	14.74	255.75	103.62	208.67	155.43	133.1	26.29	53.68	8.25	33.22	0	6.27	663.63	416.24
2.6598	9.24	3.85	4.84	43.01	10.56	235.95	96.36	210.98	196.24	170.61	47.85	71.94	11	59.4	10.23	12.65	614.79	579.92
2.6698	4.62	0	4.84	31.02	8.47	196.24	89.1	210.98	228.91	192.39	66	84.48	16.5	72.93	28.27	16.94	545.27	706.42
2.6798	0	0	4.84	22.33	8.47	137.72	76.45	206.36	241.23	199.65	74.14	87.56	19.25	81.07	41.03	21.12	456.17	765.05
2.6898	0	0	0	17.16	8.47	89.98	63.69	183.37	233.86	197.23	76.89	90.75	19.25	89.21	48.73	23.21	362.67	779.13
2.6998	0	0	0	11.99	8.47	60.83	53.46	138.16	226.49	199.65	79.64	93.94	22	97.35	56.54	25.41	272.91	801.02
2.7098	0	0	0	6.82	6.27	44.88	44.22	84.81	233.86	209.33	87.78	103.29	24.75	110.99	68.42	29.59	187	868.01
2.7198	0	0	0	3.41	0	31.24	36.63	54.67	246.18	219.01	98.67	109.56	24.75	121.88	80.3	33.88	125.95	934.23
2.7298	0	0	0	0	0	23.43	27.5	30.03	260.92	228.69	109.67	112.75	27.5	130.02	95.26	38.06	80.96	1002.87
2.7398	0	0	0	0	0	17.49	19.8	19.36	275.77	235.95	120.78	119.02	30.25	138.16	104.17	40.26	56.65	1064.36
2.7498	0	0	0	0	0	11.66	10.67	5.28	280.72	240.79	126.28	125.4	30.25	143.66	113.08	42.35	27.61	1102.53
2.7598	0	0	0	3.41	0	7.81	6.05	3.52	275.77	243.21	126.28	134.86	33	151.8	115.94	44.44	20.79	1125.3
2.7698	0	0	0	0	0	7.81	4.51	3.52	265.87	243.21	120.78	144.32	33	159.94	115.94	44.44	15.84	1127.5
2.7798	0	0	0	0	0	5.83	2.97	3.52	248.6	238.37	115.17	153.78	33	165.44	115.94	44.44	12.32	1114.74
2.7898	0	0	0	0	0	3.85	2.97	0	228.91	231.11	109.67	160.05	33	168.19	115.94	46.53	6.82	1093.4
2.7998	0	0	0	0	0	3.85	0	0	210.1	221.43	101.42	166.43	33	170.83	113.08	46.53	3.85	1062.82
2.8098	0	0	0	0	0	0	0	0	191.51	211.75	90.53	172.81	33	176.22	113.08	46.53	0	1035.43
2.8198	0	0	0	0	0	0	0	0	173.03	199.65	82.39	176	33	176.22	110.22	46.53	0	997.04
2.8298	0	0	0	0	0	0	0	0	157.63	187.55	74.14	179.19	33	176.22	110.22	46.53	0	964.48
2.8398	0	0	0	0	0	0	0	0	142.78	175.45	68.75	182.38	33	176.22	110.22	46.53	0	935.33
2.8498	0	0	0	0	0	0	0	0	132.22	163.13	63.25	179.19	33	176.22	113.08	46.53	0	906.62
2.8598	0	0	0	0	0	0	0	0	119.46	153.12	57.75	179.19	33	173.47	113.08	46.53	0	875.6
2.8698	0	0	0	0	0	0	0	0	111.43	143.11	52.69	176	35.75	170.83	115.94	46.53	0	852.28
2.8798	0	0	0	0	0	0	0	0	105.71	135.52	50.27	176	35.75	170.83	118.91	46.53	0	839.52
2.8898	0	0	0	0	0	0	0	0	99.99	128.04	50.27	176	35.75	170.83	121.77	48.73	0	831.38
2.8998	0	0	0	0	0	0	0	0	96.14	123.09	47.85	176	38.5	170.83	124.63	48.73	0	825.77
2.9098	0	0	0	0	0	0	0	0	92.29	115.5	47.85	172.81	38.5	173.47	130.46	48.73	0	819.61
2.9198	0	0	0	0	0	0	0	0	90.42	113.08	45.43	172.81	38.5	173.47	136.29	48.73	0	818.73
2.9298	0	0	0	0	0	0	0	0	86.57	110.66	47.85	176	41.25	176.22	142.12	50.82	0	831.49
2.9398	0	0	0	0	0	0	0	0	84.7	105.93	47.85	176	44	181.61	147.84	52.91	0	840.84
2.9498	0	0	0	0	0	0	0	0	82.72	103.51	47.85	176	46.75	184.25	159.5	55.11	0	855.69
2.9598	0	0	0	0	0	0	0	0	78.98	98.78	47.85	179.19	46.75	192.39	171.27	57.53	0	872.74
2.9698	0	0	0	0	0	0	0	0	75.13	96.47	45.43	182.38	49.5	197.67	183.15	59.95	0	889.68
2.9798	0	0	0	0	0	0	0	0	69.41	91.74	45.43	185.57	52.25	205.81	198.11	64.9	0	913.22
2.9898	0	0	0	0	0	0	0	0	63.69	84.59	43.12	188.76	52.25	213.84	209.99	67.32	0	923.56
2.9998	0	0	0	0	0	0	0	0	56.21	79.86	40.7	195.14	55.11	221.98	224.73	72.16	0	945.89
3.0098	0	0	0	0	0	0	0	0	50.93	72.82	35.86	198.44	58.08	230.34	236.06	77.11	0	959.64
3.0198	0	0	0	0	0	0	0	0	42.13	65.67	31.13	204.82	61.05	238.7	247.39	81.95	0	972.84
3.0298	0	0	0	0	0	0	0	0	35.09	53.9	26.29	211.2	64.02	247.06	255.86	84.48	0	977.9
3.0398	0	0	0	0	0	0	0	0	28.05	42.13	19.14	214.39	64.02	252.67	264.33	89.32	0	974.05
3.0498	0	0	0	0	0	0	0	0	24.53	32.78	16.72	217.58	64.02	263.89	272.8	94.27	0	986.59
3.0598	0	0	0	0	0	0	0	0	22.77	25.74	14.3	217.58	64.02	266.64	278.52	96.69	0	986.26
3.0698	0	0	0	0	0	0	0	0	19.25	16.39	9.57	211.2	61.05	272.25	284.46	99.11	0	973.28
3.0798	0	0	0	0	0	0	0	0	13.97	6.93	7.15	198.44	58.08	275	284.46	101.53	0	945.56
3.0898	6.93	0	0	0	0	0	0	0	13.97	6.93	4.73	179.19	52.25	277.86	287.43	101.53	6.93	923.89
3.0998	13.86	0	0	0	0	0	0	0	12.21	4.62	4.73	156.97	44	277.86	287.43	104.06	13.86	891.88
3.1098	27.83	0	0	0	0	0	0	0	12.21	0	4.73	134.86	38.5	280.61	284.46	108.9	27.83	864.27
3.1198	97.68	3.85	0	0	0	0	0	0	10.45	0	0	112.75	30.25	280.61	278.52	111.32	101.53	823.9
3.1298	223.41	23.32	12.1	5.17	0	3.85	0	0	10.45	0	0	90.75	22	280.61	269.94	116.05	267.85	789.8
3.1398	238.92	42.79	24.2	8.58	0	3.85	0	0	8.69	0	0	68.75	16.5	277.86	258.72	118.25	318.34	748.77
3.1498	249.26	67.54	43.56	18.92	6.27	7.81	0	0	6.93	0	0	50.82	13.75	266.64	244.53	120.45	393.36	703.12
3.1598	257.07	100.54	65.12	34.43	12.65	17.49	0	0	5.17	0	0	36.74	11	249.92	224.73	120.45	487.3	648.01
3.1698	259.6	120.12	79.31	49.94	16.94	25.3	6.05	7.04	3.41	0	0	25.41	8.25	216.59	201.08	122.76	564.3	577.5
3.1798	272.58	132.66	93.5	60.83	21.12	31.24	9.13	8.8	0	0	0	14.08	8.25	173.47	174.24	120.45	629.86	490.49
3.1898	277.86	136.84	107.69	67.43	23.21	37.07	13.75	10.56	0	0	0	8.47	5.5	132.77	147.84	116.05	674.41	410.63
3.1998	285.45	143.11	119.79	74.03	27.5	50.71	19.8	15.84	0	0	0	0	8.25	100.1	121.77	104.06	736.23	334.18
3.2098	298.21	147.29	139.59	74.03	31.68	58.63	27.5	17.6	0	0	0	0	8.25	70.18	98.23	81.95	794.53	258.61
3.2198	313.61	151.47	156.97	76.23	35.97	67.54	36.63	21.12	0	0	0	0	8.25	49.83	80.3	59.95	859.54	198.33
3.2298	326.37	155.65	171.82	76.23	40.15	72.05	42.68	22.88	0	0	0	0	5.5	37.95	68.42	46.53	907.83	158.4
3.2398	336.71	159.83	186.78	78.43	42.35	78.76	47.3	26.4	0	0	0	0	5.5	28.49	56.54	33.88	956.56	124.41
3.2498	341.99	161.92	194.37	80.63	44.44	83.27	50.38	28.27	0	0	0	0	0	21.34	46.2	27.5	985.27	95.04
3.2598	344.63	164.01	199.32	82.83	44.44	85.47	53.46	30.03	0	0	0	0	0	16.61	35.97	19.03	1004.19	71.61
3.2698	341.99	164.01	201.85	85.03	44.44	89.98	55	30.03	0	0	0	0	0	9.46	17.93	8.47	1012.33	35.86
3.2798	339.35	164.01	199.32	87.34	46.53	92.18	56.54	31.79	0	0	0	0	0	4.73	7.7	4.18	1017.06	16.61
3.2898	331.54	161.92	196.79	91.74	46.53	94.49	56.54	33.55	0	0	0	0	0	4.73	5.06	0	1013.1	9.79
3.2998	323.84	159.83	191.84	93.94	48.62	96.69	58.3	33.55	0	0	0	0	0	4.73	5.06	0	1006.61	9.79
3.3098	313.61	157.74	186.78	96.14	48.62	96.69	58.3	35.31	0	0	0	0	0	0	5.06	0	993.19	5.06
3.3198	300.85	153.56	179.3	98.34	48.62	96.69	58.3	37.07	0	0	0	0	0	0	0	0	972.73	0
3.3298	287.98	149.38	169.29	100.54	48.62	98.89	60.06	37.07	0	0	0	0	0	0	0	0	951.83	0
3.3398	275.22	145.2	161.92	100.54	48.62	98.89	60.06	37.07	0	0	0	0	0	0	0	0	927.52	0
3.3498	259.6	138.93	152.02	102.74	48.62	98.89	60.06	37.07	0	0	0	0	0	0	0	0	897.93	0
3.3598	246.73	132.66	144.54	102.74	50.82	98.89	61.93	37.07	0	0	0	0	0	0	0	0	875.38	0
3.3698	233.75	126.39	137.17	102.74	50.82	101.2	61.93	37.07	0	0	0	0	0	0	0	0	851.07	0
3.3798	220.88	122.21	132.22	104.94	50.82	101.2	63.69	38.83	0	0	0	0	0	0	0	0	834.79	0
3.3898	211.2	118.03	127.27	107.14	50.82	103.4	65.56	38.83	0	0	0	0	0	0	0	0	822.25	0
3.3998	201.52	113.85	122.32	109.34	52.91	105.6	67.32	38.83	0	0	0	0	0	0	0	0	811.69	0
3.4098	194.15	107.14	119.79	109.34	52.91	107.91	69.19	40.59	0	0	0	0	0	0	0	0	801.02	0
3.4198	186.89	104.94	114.84	111.54	52.91	110.11	70.95	40.59	0	0	0	0	0	0	0	0	792.77	0
3.4298	179.63	100.54	112.42	113.85	55	112.42	72.82	42.35	0	0	0	0	0	0	0	0	789.03	0
3.4398	174.79	98.34	110	118.25	55	116.6	76.45	44.11	0	0	0	0	0	0	0	0	793.54	0
3.4498	167.53	93.94	107.69	122.76	57.2	120.78	78.21	44.11	0	0	0	0	0	0	0	0	792.22	0
3.4598	157.63	89.54	105.27	127.27	59.4	127.16	83.71	45.87	0	0	0	0	0	0	0	0	795.85	0
3.4698	147.84	87.34	100.54	133.98	59.4	135.63	87.23	49.39	0	0	0	0	0	0	0	0	801.35	0
3.4798	135.52	80.74	93.5	138.38	61.71	142.01	92.73	51.15	0	0	0	0	0	0	0	0	795.74	0
3.4898	125.73	76.34	88.77	145.09	64.02	152.57	96.36	54.67	0	0	0	0	0	0	0	0	803.55	0
3.4998	113.41	69.74	81.73	149.6	64.02	161.04	101.75	58.52	0	0	0	0	0	0	0	0	799.81	0
3.5098	102.08	65.34	74.58	156.31	66.33	169.73	107.25	62.59	0	0	0	0	0	0	0	0	804.21	0
3.5198	91.08	58.74	67.54	163.02	66.33	178.53	114.51	70.62	0	0	0	0	0	0	0	0	810.37	0
3.5298	79.97	52.58	58.08	167.64	68.64	189.53	120.45	76.67	0	0	0	0	0	0	0	0	813.56	0
3.5398	66.77	46.75	48.4	174.68	68.64	198.44	128.59	90.86	0	0	0	0	0	0	0	0	823.13	0
3.5498	55.77	38.94	38.72	177.1	70.95	207.24	136.62	102.96	0	0	0	0	0	0	0	0	828.3	0
3.5598	44.11	31.13	29.04	181.83	70.95	216.04	142.67	113.08	0	0	0	0	0	0	0	0	828.85	0
3.5698	37.18	25.3	24.2	181.83	70.95	222.75	150.7	123.53	0	0	0	0	0	0	0	0	836.44	0
3.5797	32.45	21.34	19.36	179.41	70.95	227.15	158.84	133.98	0	0	0	0	0	0	0	0	843.48	0
3.5897	30.14	17.49	16.94	174.68	68.64	231.55	162.8	142.34	0	0	0	0	0	0	0	0	844.58	0
3.5997	23.21	11.66	14.52	165.33	64.02	235.95	166.87	150.7	0	0	0	0	0	0	0	0	832.26	0
3.6097	23.21	11.66	12.1	154.11	59.4	235.95	168.96	159.06	0	0	0	0	0	0	0	0	824.45	0
3.6197	23.21	9.68	12.1	138.38	52.91	235.95	168.96	163.24	5.17	0	0	0	0	0	0	0	804.43	5.17
3.6297	20.9	9.68	9.68	120.56	46.53	235.95	164.89	167.42	12.21	6.93	0	0	0	0	0	0	775.61	19.14
3.6397	18.59	7.7	9.68	102.74	40.15	235.95	162.8	174.13	21.01	13.97	0	0	0	0	0	0	751.74	34.98
3.6497	16.17	7.7	9.68	82.83	33.88	235.95	158.84	178.75	73.15	42.13	7.15	8.47	0	4.73	0	0	723.8	135.63
3.6597	16.17	5.83	7.26	65.23	27.5	233.75	152.79	183.37	144.87	94.05	14.3	22.55	0	11.88	5.06	0	691.9	292.71
3.6697	13.86	5.83	7.26	49.94	21.12	229.35	144.65	187.99	175.34	145.64	28.71	59.4	8.25	30.8	0	6.27	660	454.41
3.6797	11.55	3.85	7.26	36.19	14.74	216.04	136.62	192.61	207.79	182.71	47.85	81.29	11	62.04	7.7	8.47	618.86	608.85
3.6897	6.93	0	4.84	24.09	10.56	189.53	124.52	192.61	228.91	202.07	60.5	93.94	13.75	75.68	17.93	12.65	553.08	705.43
3.6997	4.62	0	4.84	15.51	8.47	146.19	109.01	192.61	233.86	204.49	66	97.02	16.5	83.82	30.8	16.94	481.25	749.43
3.7097	0	0	0	10.34	8.47	101.2	89.1	185.68	221.65	202.07	66	103.29	16.5	91.96	38.5	19.03	394.79	759
3.7197	0	0	0	5.17	8.47	67.54	67.32	161.15	217.03	209.33	68.75	112.75	19.25	102.74	48.73	23.21	309.65	801.79
3.7297	0	0	0	0	8.47	46.86	53.46	110.99	224.07	219.01	76.89	122.21	22	113.63	56.54	25.41	219.78	859.76
3.7397	0	0	0	0	6.27	35.09	44.22	66.55	236.28	228.69	85.03	131.67	22	124.52	65.45	29.59	152.13	923.23
3.7497	0	0	0	0	0	27.28	36.63	44.11	248.6	238.37	96.03	134.86	24.75	132.77	74.36	33.88	108.02	983.62
3.7597	0	0	0	0	0	19.47	28.93	26.4	260.92	245.63	104.17	141.13	27.5	140.91	83.27	35.97	74.8	1039.5
3.7697	0	0	0	0	0	13.64	19.8	12.32	260.92	245.63	106.92	147.51	27.5	146.3	89.32	38.06	45.76	1062.16
3.7797	0	0	0	0	0	7.81	10.67	3.52	256.08	248.05	106.92	156.97	27.5	151.8	89.32	40.26	22	1076.9
3.7897	0	0	0	0	0	7.81	6.05	3.52	246.18	248.05	104.17	166.43	30.25	157.19	92.29	40.26	17.38	1084.82
3.7997	0	0	0	0	0	5.83	6.05	3.52	231.44	243.21	98.67	176	30.25	159.94	89.32	42.35	15.4	1071.18
3.8097	0	0	0	0	0	5.83	4.51	3.52	217.03	235.95	93.28	182.38	30.25	162.69	89.32	42.35	13.86	1053.25
3.8197	0	0	0	0	0	3.85	2.97	0	200.86	228.69	85.03	188.76	30.25	168.19	89.32	42.35	6.82	1033.45
3.8297	0	0	0	0	0	3.85	2.97	0	184.58	219.01	79.64	195.14	30.25	168.19	86.35	42.35	6.82	1005.51
3.8397	0	0	0	0	0	0	0	0	168.41	209.33	71.39	198.44	30.25	168.19	86.35	42.35	0	974.71
3.8497	0	0	0	0	0	0	0	0	155.43	199.65	66	201.63	30.25	168.19	83.27	42.35	0	946.77
3.8597	0	0	0	0	0	0	0	0	142.78	187.55	60.5	204.82	30.25	168.19	83.27	42.35	0	919.71
3.8697	0	0	0	0	0	0	0	0	132.22	177.87	55.11	208.01	27.5	165.44	80.3	42.35	0	888.8
3.8797	0	0	0	0	0	0	0	0	123.75	168.19	50.27	208.01	30.25	165.44	83.27	42.35	0	871.53
3.8897	0	0	0	0	0	0	0	0	113.3	158.07	47.85	211.2	30.25	168.19	83.27	42.35	0	854.48
3.8997	0	0	0	0	0	0	0	0	107.58	150.59	45.43	211.2	30.25	168.19	86.35	42.35	0	841.94
3.9097	0	0	0	0	0	0	0	0	101.86	143.11	43.12	211.2	33	168.19	89.32	42.35	0	832.15
3.9197	0	0	0	0	0	0	0	0	96.14	138.05	43.12	211.2	30.25	170.83	92.29	44.44	0	826.32
3.9297	0	0	0	0	0	0	0	0	94.16	133.1	43.12	211.2	33	173.47	95.26	46.53	0	829.84
3.9397	0	0	0	0	0	0	0	0	92.29	128.04	43.12	208.01	33	176.22	101.2	46.53	0	828.41
3.9497	0	0	0	0	0	0	0	0	90.42	125.51	43.12	208.01	35.75	178.86	104.17	48.73	0	834.57
3.9597	0	0	0	0	0	0	0	0	88.44	123.09	45.43	211.2	35.75	184.25	113.08	50.82	0	852.06
3.9697	0	0	0	0	0	0	0	0	88.44	120.56	45.43	211.2	38.5	192.39	118.91	52.91	0	868.34
3.9797	0	0	0	0	0	0	0	0	84.7	118.03	45.43	217.58	41.25	200.42	130.46	55.11	0	892.98
3.9897	0	0	0	0	0	0	0	0	78.98	113.08	43.12	220.77	41.25	208.45	139.15	59.95	0	904.75
3.9997	0	0	0	0	0	0	0	0	71.28	105.93	40.7	226.93	44	219.23	147.84	62.37	0	918.28
4.0097	0	0	0	0	0	0	0	0	63.69	96.47	38.28	232.76	44	230.34	159.5	64.9	0	929.94
4.0197	0	0	0	0	0	0	0	0	54.45	87.01	33.44	238.59	46.75	238.7	168.3	69.74	0	936.98
4.0297	0	0	0	0	0	0	0	0	45.65	75.13	28.71	244.42	46.75	249.92	177.21	74.69	0	942.48
4.0397	0	0	0	0	0	0	0	0	35.09	63.36	23.87	250.14	46.75	258.28	186.12	77.11	0	940.72
4.0497	0	0	0	0	0	0	0	0	29.81	53.9	19.14	253.11	49.5	266.64	195.14	81.95	0	949.19
4.0597	0	0	0	0	0	0	0	0	26.29	42.13	16.72	255.97	49.5	272.25	201.08	86.9	0	950.84
4.0697	0	0	0	0	0	0	0	0	22.77	35.09	14.3	258.94	49.5	280.61	209.99	89.32	0	960.52
4.0797	0	0	0	0	0	0	0	0	21.01	25.74	11.88	258.94	49.5	289.08	212.96	94.27	0	963.38
4.0897	0	0	0	0	0	0	0	0	17.49	18.7	9.57	253.11	46.75	294.8	215.93	96.69	0	953.04
4.0997	0	0	0	0	0	0	0	0	13.97	9.35	7.15	244.42	44	300.41	215.93	99.11	0	934.34
4.1097	4.62	0	0	0	0	0	0	0	13.97	9.35	4.73	229.79	41.25	303.27	215.93	101.53	4.62	919.82
4.1197	11.55	0	0	0	0	0	0	0	12.21	6.93	4.73	208.01	35.75	306.02	215.93	101.53	11.55	891.11
4.1297	18.59	0	0	0	0	0	0	0	12.21	4.62	4.73	185.57	30.25	308.88	212.96	106.48	18.59	865.7
4.1397	41.8	0	0	0	0	0	0	0	12.21	4.62	0	160.05	24.75	311.74	209.99	108.9	41.8	832.26
4.1497	150.26	17.49	7.26	0	0	0	0	0	10.45	4.62	0	134.86	19.25	314.49	204.05	113.85	175.01	801.57
4.1597	244.09	40.92	21.78	8.58	0	5.83	0	0	8.69	0	0	109.56	16.5	314.49	201.08	118.25	321.2	768.57
4.1697	251.9	60.94	38.72	15.51	6.27	7.81	0	0	8.69	0	0	84.48	11	311.74	195.14	120.45	381.15	731.5
4.1797	259.6	91.74	60.39	31.02	12.65	17.49	2.97	0	6.93	0	0	56.54	8.25	297.55	186.12	124.96	475.86	680.35
4.1897	257.07	109.34	77	44.77	16.94	25.3	7.59	5.28	5.17	0	0	39.6	8.25	275	171.27	127.16	543.29	626.45
4.1997	262.24	120.12	88.77	58.63	21.12	31.24	13.75	12.32	3.41	0	0	28.27	5.5	230.34	156.53	129.47	608.19	553.52
4.2097	267.41	124.3	100.54	60.83	23.21	39.05	16.72	12.32	0	0	0	16.94	5.5	178.86	142.12	129.47	644.38	472.89
4.2197	267.41	126.39	107.69	65.23	29.59	52.69	25.96	15.84	0	0	0	11.22	5.5	132.77	121.77	120.45	690.8	391.71
4.2297	275.22	130.57	119.79	67.43	33.88	60.83	33.55	17.6	0	0	0	8.47	8.25	97.35	104.17	104.06	738.87	322.3
4.2397	287.98	134.75	134.64	67.43	38.06	69.74	41.25	21.12	0	0	0	5.61	8.25	67.54	86.35	81.95	794.97	249.7
4.2497	300.85	138.93	152.02	69.63	40.15	76.56	45.76	24.64	0	0	0	0	5.5	49.83	71.39	59.95	848.54	186.67
4.2597	313.61	143.11	166.87	71.83	42.35	80.96	50.38	28.27	0	0	0	0	5.5	37.95	59.51	44.44	897.38	147.4
4.2697	321.31	147.29	174.24	76.23	44.44	87.67	53.46	30.03	0	0	0	0	0	28.49	51.37	33.88	934.67	113.74
4.2797	321.31	151.47	179.3	82.83	44.44	94.49	56.54	33.55	0	0	0	0	0	21.34	43.67	27.5	963.93	92.51
4.2897	318.67	153.56	181.83	89.54	46.53	101.2	58.3	37.07	0	0	0	0	0	16.61	28.27	19.03	986.7	63.91
4.2997	311.08	155.65	179.3	98.34	46.53	110.11	61.93	38.83	0	0	0	0	0	9.46	12.76	6.27	1001.77	28.49
4.3097	303.38	155.65	174.24	104.94	46.53	114.51	61.93	38.83	0	0	0	0	0	4.73	0	0	1000.01	4.73
4.3197	290.62	155.65	169.29	111.54	48.62	118.69	63.69	40.59	0	0	0	0	0	4.73	0	0	998.69	4.73
4.3297	275.22	151.47	161.92	118.25	48.62	122.98	65.56	40.59	0	0	0	0	0	0	0	0	984.61	0
4.3397	262.24	147.29	154.44	122.76	48.62	125.07	65.56	42.35	0	0	0	0	0	0	0	0	968.33	0
4.3497	246.73	141.02	144.54	124.96	48.62	127.16	67.32	44.11	0	0	0	0	0	0	0	0	944.46	0
4.3597	231.11	134.75	137.17	127.27	50.82	129.25	69.19	44.11	0	0	0	0	0	0	0	0	923.67	0
4.3697	216.04	126.39	129.69	129.47	50.82	131.45	70.95	44.11	0	0	0	0	0	0	0	0	898.92	0
4.3797	201.52	120.12	119.79	129.47	50.82	133.54	72.82	45.87	0	0	0	0	0	0	0	0	873.95	0
4.3897	186.89	113.85	112.42	131.67	52.91	133.54	74.58	45.87	0	0	0	0	0	0	0	0	851.73	0
4.3997	174.79	107.14	105.27	133.98	52.91	135.63	76.45	47.63	0	0	0	0	0	0	0	0	833.8	0
4.4097	160.05	98.34	95.81	136.18	52.91	139.92	78.21	47.63	0	0	0	0	0	0	0	0	809.05	0
4.4197	147.84	91.74	88.77	140.69	55	142.01	80.08	49.39	0	0	0	0	0	0	0	0	795.52	0
4.4297	135.52	87.34	79.31	142.89	55	146.19	81.84	51.15	0	0	0	0	0	0	0	0	779.24	0
4.4397	123.2	78.54	74.58	147.4	55	150.48	83.71	51.15	0	0	0	0	0	0	0	0	764.06	0
4.4497	110.99	74.14	67.54	151.8	55	154.66	83.71	54.67	0	0	0	0	0	0	0	0	752.51	0
4.4597	102.08	67.54	60.39	156.31	57.2	158.95	85.47	56.54	0	0	0	0	0	0	0	0	744.48	0
4.4697	91.08	63.14	55.77	163.02	57.2	165.33	87.23	58.52	0	0	0	0	0	0	0	0	741.29	0
4.4797	82.17	56.54	50.82	167.64	57.2	171.93	89.1	60.5	0	0	0	0	0	0	0	0	735.9	0
4.4897	73.37	50.6	43.56	174.68	57.2	178.53	90.86	64.57	0	0	0	0	0	0	0	0	733.37	0
4.4997	62.37	46.75	36.3	179.41	57.2	185.13	92.73	68.64	0	0	0	0	0	0	0	0	728.53	0
4.5097	51.04	38.94	29.04	184.14	57.2	191.73	96.36	72.6	0	0	0	0	0	0	0	0	721.05	0
4.5197	41.8	33.11	24.2	186.56	57.2	200.64	99.99	78.65	0	0	0	0	0	0	0	0	722.15	0
4.5297	37.18	29.15	21.78	188.87	57.2	207.24	105.38	92.84	0	0	0	0	0	0	0	0	739.64	0
4.5397	32.45	25.3	19.36	191.29	57.2	216.04	109.01	102.96	0	0	0	0	0	0	0	0	753.61	0
4.5497	30.14	21.34	16.94	191.29	55	222.75	114.51	113.08	0	0	0	0	0	0	0	0	765.05	0
4.5597	25.52	17.49	14.52	191.29	55	229.35	118.47	121.44	0	0	0	0	0	0	0	0	773.08	0
4.5697	23.21	13.64	12.1	191.29	52.91	238.15	122.54	129.8	0	0	0	0	0	0	0	0	783.64	0
4.5797	23.21	13.64	12.1	186.56	52.91	244.75	126.5	140.25	0	0	0	0	0	0	0	0	799.92	0
4.5897	20.9	13.64	12.1	181.83	50.82	249.15	126.5	148.61	0	0	0	0	0	0	0	0	803.55	0
4.5997	20.9	11.66	9.68	174.68	46.53	253.55	128.59	159.06	0	0	0	0	0	0	0	0	804.65	0
4.6097	20.9	11.66	9.68	165.33	44.44	257.95	130.57	167.42	0	0	0	0	0	0	0	0	807.95	0
4.6197	18.59	11.66	9.68	154.11	40.15	260.15	130.57	176.44	0	0	0	0	0	0	0	0	801.35	0
4.6297	18.59	9.68	9.68	140.69	38.06	262.35	128.59	183.37	0	0	0	0	0	0	0	0	791.01	0
4.6397	18.59	9.68	7.26	122.76	33.88	262.35	128.59	187.99	3.41	4.62	0	0	0	0	0	0	771.1	8.03
4.6497	16.17	7.7	7.26	107.14	29.59	262.35	124.52	192.61	8.69	6.93	0	0	0	0	0	0	747.34	15.62
4.6597	13.86	7.7	7.26	91.74	25.41	266.75	120.45	199.43	12.21	13.97	0	0	0	0	0	0	732.6	26.18
4.6697	13.86	7.7	7.26	76.23	21.12	266.75	116.49	204.05	19.25	21.01	0	0	0	0	0	0	713.46	40.26
4.6797	11.55	5.83	4.84	60.83	16.94	266.75	110.88	210.98	52.69	44.55	7.15	11.22	0	4.73	0	0	688.6	120.34
4.6897	11.55	3.85	4.84	49.94	14.74	260.15	105.38	213.29	138.49	98.78	14.3	22.55	0	11.88	10.23	0	663.74	296.23
4.6997	9.24	3.85	4.84	37.84	10.56	242.55	98.12	220.22	168.41	143.11	31.13	56.54	11	40.37	12.76	10.56	627.22	473.88
4.7097	4.62	0	0	29.26	8.47	211.64	89.1	222.53	203.17	175.45	55.11	68.75	13.75	62.04	17.93	14.74	565.62	610.94
4.7197	0	0	0	22.33	8.47	161.04	80.08	220.22	246.18	197.23	79.64	78.21	19.25	75.68	41.03	21.12	492.14	758.34
4.7297	0	0	0	17.16	8.47	110.11	69.19	204.05	258.5	199.65	90.53	81.29	24.75	83.82	51.37	27.5	408.98	817.41
4.7397	0	0	0	11.99	8.47	72.05	56.54	167.42	248.6	194.81	93.28	81.29	27.5	89.21	62.48	29.59	316.47	826.76
4.7497	0	0	0	6.82	6.27	50.71	48.84	106.92	243.76	194.81	98.67	81.29	27.5	100.1	74.36	33.88	219.56	854.37
4.7597	0	0	0	0	4.18	37.07	39.71	76.67	253.55	204.49	109.67	87.56	30.25	113.63	89.32	40.26	157.63	928.73
4.7697	0	0	0	0	0	25.3	30.47	40.59	263.45	211.75	120.78	90.75	33	124.52	104.17	44.44	96.36	992.86
4.7797	0	0	0	0	0	19.47	22.88	24.64	278.19	216.59	134.64	93.94	38.5	132.77	121.77	50.82	66.99	1067.22
4.7897	0	0	0	0	0	13.64	15.18	7.04	288.31	219.01	145.86	100.21	41.25	138.16	133.32	55.11	35.86	1121.23
4.7997	0	0	0	0	0	9.68	7.59	3.52	290.84	221.43	148.61	106.48	44	143.66	142.12	59.95	20.79	1157.09
4.8097	0	0	0	0	0	7.81	6.05	0	283.25	221.43	148.61	112.75	44	151.8	147.84	62.37	13.86	1172.05
4.8197	0	0	0	0	0	7.81	6.05	0	270.82	221.43	145.86	119.02	44	159.94	153.67	62.37	13.86	1177.11
4.8297	0	0	0	0	0	5.83	2.97	0	253.55	214.17	137.5	125.4	46.75	165.44	156.53	64.9	8.8	1164.24
4.8397	0	0	0	0	0	3.85	2.97	0	233.86	209.33	129.14	131.67	46.75	168.19	156.53	64.9	6.82	1140.37
4.8497	0	0	0	0	0	3.85	0	0	214.72	199.65	120.78	134.86	46.75	173.47	156.53	64.9	3.85	1111.66
4.8597	0	0	0	0	0	0	0	0	193.82	187.55	109.67	141.13	44	176.22	156.53	64.9	0	1073.82
4.8697	0	0	0	0	0	0	0	0	173.03	177.87	101.42	144.32	44	178.86	153.67	64.9	0	1038.07
4.8797	0	0	0	0	0	0	0	0	155.43	168.19	90.53	147.51	44	178.86	150.81	64.9	0	1000.23
4.8897	0	0	0	0	0	0	0	0	140.69	155.65	82.39	150.59	44	178.86	147.84	64.9	0	964.92
4.8997	0	0	0	0	0	0	0	0	123.75	143.11	71.39	153.78	41.25	181.61	147.84	64.9	0	927.63
4.9097	0	0	0	0	0	0	0	0	111.43	133.1	66	156.97	41.25	181.61	144.98	64.9	0	900.24
4.9197	0	0	0	0	0	0	0	0	99.99	123.09	57.75	160.05	41.25	184.25	144.98	64.9	0	876.26
4.9297	0	0	0	0	0	0	0	0	88.44	113.08	52.69	163.24	41.25	184.25	144.98	64.9	0	852.83
4.9397	0	0	0	0	0	0	0	0	78.98	103.51	47.85	166.43	41.25	187	144.98	64.9	0	834.9
4.9497	0	0	0	0	0	0	0	0	69.41	94.05	43.12	169.62	41.25	192.39	144.98	64.9	0	819.72
4.9597	0	0	0	0	0	0	0	0	61.71	87.01	38.28	172.81	41.25	195.03	144.98	64.9	0	805.97
4.9697	0	0	0	0	0	0	0	0	52.69	79.86	33.44	179.19	38.5	200.42	147.84	67.32	0	799.26
4.9797	0	0	0	0	0	0	0	0	47.41	72.82	28.71	182.38	41.25	203.06	147.84	67.32	0	790.79
4.9897	0	0	0	0	0	0	0	0	40.37	65.67	26.29	188.76	41.25	208.45	150.81	69.74	0	791.34
4.9997	0	0	0	0	0	0	0	0	35.09	60.94	23.87	195.14	41.25	213.84	156.53	69.74	0	796.4
5.0096	0	0	0	0	0	0	0	0	33.33	56.21	21.56	201.63	41.25	219.23	162.36	72.16	0	807.73
5.0196	0	0	0	0	0	0	0	0	29.81	53.9	21.56	204.82	41.25	224.73	168.3	74.69	0	819.06
5.0296	0	0	0	0	0	0	0	0	28.05	49.17	19.14	211.2	44	230.34	171.27	77.11	0	830.28
5.0396	0	0	0	0	0	0	0	0	26.29	46.86	19.14	217.58	44	238.7	177.21	79.53	0	849.31
5.0496	0	0	0	0	0	0	0	0	24.53	42.13	16.72	224.07	46.75	244.31	183.15	81.95	0	863.61
5.0596	0	0	0	0	0	0	0	0	22.77	37.51	16.72	232.76	46.75	252.67	189.09	84.48	0	882.75
5.0696	0	0	0	0	0	0	0	0	22.77	35.09	14.3	238.59	46.75	261.03	195.14	89.32	0	902.99
5.0796	0	0	0	0	0	0	0	0	21.01	30.47	14.3	244.42	46.75	269.39	198.11	91.74	0	916.19
5.0896	0	0	0	0	0	0	0	0	19.25	25.74	11.88	247.28	46.75	277.86	204.05	94.27	0	927.08
5.0996	0	0	0	0	0	0	0	0	17.49	18.7	9.57	250.14	46.75	286.33	207.02	99.11	0	935.11
5.1096	0	0	0	0	0	0	0	0	15.73	11.66	7.15	247.28	44	294.8	209.99	101.53	0	932.14
5.1196	0	0	0	0	0	0	0	0	13.97	6.93	7.15	238.59	41.25	300.41	209.99	104.06	0	922.35
5.1296	0	0	0	0	0	0	0	0	12.21	6.93	4.73	224.07	38.5	303.27	209.99	106.48	0	906.18
5.1396	4.62	0	0	0	0	0	0	0	12.21	4.62	4.73	201.63	33	306.02	207.02	111.32	4.62	880.55
5.1496	11.55	0	0	0	0	0	0	0	12.21	4.62	0	179.19	27.5	308.88	207.02	113.85	11.55	853.27
5.1596	20.9	0	0	0	0	0	0	0	10.45	0	0	153.78	22	311.74	204.05	118.25	20.9	820.27
5.1696	66.77	5.83	0	0	0	0	0	0	10.45	0	0	131.67	16.5	314.49	198.11	122.76	72.6	793.98
5.1796	218.46	31.13	14.52	6.82	0	5.83	0	0	8.69	0	0	109.56	13.75	317.35	192.06	127.16	276.76	768.57
5.1896	246.73	50.6	26.62	11.99	4.18	5.83	0	0	8.69	0	0	87.56	11	314.49	186.12	131.67	345.95	739.53
5.1996	254.43	80.74	48.4	27.5	10.56	15.62	0	0	6.93	0	0	62.48	8.25	306.02	177.21	133.87	437.25	694.76
5.2096	264.88	111.54	74.58	41.36	14.74	21.45	4.51	0	5.17	0	0	45.21	8.25	286.33	162.36	136.18	533.06	643.5
5.2196	270.05	126.39	88.77	56.87	19.03	29.26	9.13	8.8	3.41	0	0	33.88	5.5	247.06	150.81	136.18	608.3	576.84
5.2296	280.39	134.75	102.96	65.23	23.21	37.07	15.18	10.56	0	0	0	25.41	5.5	197.67	136.29	133.87	669.35	498.74
5.2396	280.39	136.84	114.84	69.63	25.41	46.86	21.34	14.08	0	0	0	16.94	5.5	149.05	121.77	127.16	709.39	420.42
5.2496	287.98	141.02	127.27	71.83	31.68	58.63	28.93	15.84	0	0	0	11.22	8.25	110.99	104.17	113.85	763.18	348.48
5.2596	298.21	145.2	144.54	71.83	35.97	67.54	36.63	17.6	0	0	0	8.47	8.25	78.32	86.35	89.32	817.52	270.71
5.2696	316.14	151.47	164.34	74.03	38.06	74.25	42.68	21.12	0	0	0	5.61	5.5	56.98	74.36	64.9	882.09	207.35
5.2796	331.54	157.74	181.83	76.23	40.15	80.96	47.3	22.88	0	0	0	0	5.5	42.68	62.48	48.73	938.63	159.39
5.2896	341.99	161.92	191.84	78.43	42.35	85.47	50.38	26.4	0	0	0	0	0	30.8	53.9	35.97	978.78	120.67
5.2996	347.27	166.1	196.79	82.83	42.35	89.98	51.92	28.27	0	0	0	0	0	23.65	43.67	29.59	1005.51	96.91
5.3096	344.63	170.61	199.32	89.54	44.44	94.49	53.46	30.03	0	0	0	0	0	16.61	30.8	19.03	1026.52	66.44
5.3196	341.99	172.81	196.79	96.14	44.44	98.89	53.46	30.03	0	0	0	0	0	11.88	15.4	6.27	1034.55	33.55
5.3296	334.07	175.12	191.84	102.74	44.44	101.2	53.46	31.79	0	0	0	0	0	7.04	5.06	4.18	1034.66	16.28
5.3396	321.31	175.12	181.83	109.34	44.44	105.6	51.92	31.79	0	0	0	0	0	7.04	7.7	4.18	1021.35	18.92
5.3496	305.91	172.81	169.29	118.25	44.44	107.91	51.92	31.79	0	0	0	0	0	4.73	5.06	0	1002.32	9.79
5.3596	290.62	168.3	159.39	124.96	44.44	110.11	50.38	31.79	0	0	0	0	0	0	0	0	979.99	0
5.3696	272.58	164.01	147.07	131.67	44.44	112.42	50.38	31.79	0	0	0	0	0	0	0	0	954.36	0
5.3796	254.43	157.74	134.64	136.18	44.44	112.42	48.84	31.79	0	0	0	0	0	0	0	0	920.48	0
5.3896	236.28	151.47	124.74	140.69	44.44	114.51	47.3	31.79	0	0	0	0	0	0	0	0	891.22	0
5.3996	220.88	143.11	117.37	142.89	44.44	114.51	48.84	31.79	0	0	0	0	0	0	0	0	863.83	0
5.4096	206.36	138.93	110	147.4	44.44	114.51	48.84	31.79	0	0	0	0	0	0	0	0	842.27	0
5.4196	194.15	132.66	102.96	151.8	44.44	116.6	47.3	31.79	0	0	0	0	0	0	0	0	821.7	0
5.4296	182.05	126.39	95.81	154.11	44.44	118.69	48.84	33.55	0	0	0	0	0	0	0	0	803.88	0
5.4396	172.37	120.12	91.08	158.51	44.44	120.78	48.84	33.55	0	0	0	0	0	0	0	0	789.69	0
5.4496	162.58	115.94	86.35	163.02	44.44	122.98	48.84	33.55	0	0	0	0	0	0	0	0	777.7	0
5.4596	152.68	111.54	81.73	167.64	44.44	127.16	50.38	33.55	0	0	0	0	0	0	0	0	769.12	0
5.4696	145.31	104.94	79.31	172.37	46.53	131.45	51.92	33.55	0	0	0	0	0	0	0	0	765.38	0
5.4796	137.94	100.54	74.58	177.1	46.53	135.63	53.46	35.31	0	0	0	0	0	0	0	0	761.09	0
5.4896	128.15	96.14	72.27	184.14	48.62	142.01	56.54	35.31	0	0	0	0	0	0	0	0	763.18	0
5.4996	120.78	91.74	69.85	188.87	48.62	148.39	58.3	38.83	0	0	0	0	0	0	0	0	765.38	0
5.5096	110.99	85.14	65.12	195.91	50.82	154.66	63.69	40.59	0	0	0	0	0	0	0	0	766.92	0
5.5196	102.08	78.54	60.39	200.64	50.82	165.33	67.32	42.35	0	0	0	0	0	0	0	0	767.47	0
5.5296	93.28	74.14	55.77	205.37	52.91	174.13	70.95	44.11	0	0	0	0	0	0	0	0	770.66	0
5.5396	84.48	67.54	50.82	210.1	52.91	180.73	76.45	47.63	0	0	0	0	0	0	0	0	770.66	0
5.5496	75.57	58.74	45.98	217.25	55	191.73	80.08	52.91	0	0	0	0	0	0	0	0	777.26	0
5.5596	64.57	52.58	38.72	219.56	55	198.44	85.47	56.54	0	0	0	0	0	0	0	0	770.88	0
5.5696	55.77	44.77	31.46	221.98	57.2	207.24	92.73	64.57	0	0	0	0	0	0	0	0	775.72	0
5.5796	44.11	36.96	26.62	224.18	57.2	213.84	98.12	74.69	0	0	0	0	0	0	0	0	775.72	0
5.5896	37.18	31.13	21.78	224.18	57.2	222.75	105.38	92.84	0	0	0	0	0	0	0	0	792.44	0
5.5996	34.76	27.28	19.36	224.18	57.2	229.35	112.64	104.94	0	0	0	0	0	0	0	0	809.71	0
5.6096	30.14	23.32	16.94	224.18	57.2	235.95	118.47	115.17	0	0	0	0	0	0	0	0	821.37	0
5.6196	27.83	19.47	14.52	219.56	57.2	242.55	124.52	123.53	0	0	0	0	0	0	0	0	829.18	0
5.6296	23.21	15.51	12.1	214.83	57.2	246.95	128.59	133.98	0	0	0	0	0	0	0	0	832.37	0
5.6396	23.21	13.64	12.1	207.79	55	251.35	132.55	142.34	0	0	0	0	0	0	0	0	837.98	0
5.6496	20.9	13.64	9.68	195.91	50.82	253.55	134.64	154.88	0	0	0	0	0	0	0	0	834.02	0
5.6596	20.9	11.66	9.68	181.83	46.53	255.75	134.64	161.15	0	0	0	0	0	0	0	0	822.14	0
5.6696	18.59	11.66	9.68	163.02	42.35	257.95	134.64	165.33	5.17	0	0	0	0	0	0	0	803.22	5.17
5.6796	18.59	9.68	9.68	142.89	38.06	257.95	132.55	171.82	8.69	4.62	0	0	0	0	0	0	781.22	13.31
5.6896	18.59	9.68	7.26	120.56	31.68	260.15	128.59	178.75	15.73	11.66	0	0	0	0	0	0	755.26	27.39
5.6996	16.17	7.7	7.26	100.54	27.5	260.15	126.5	183.37	31.57	23.43	0	5.61	0	0	0	0	729.19	60.61
5.7096	13.86	7.7	7.26	80.63	23.21	260.15	122.54	187.99	96.14	56.21	9.57	11.22	0	4.73	5.06	0	703.34	182.93
5.7196	11.55	5.83	4.84	60.83	16.94	253.55	116.49	194.92	151.25	110.66	21.56	39.6	5.5	21.34	7.7	0	664.95	357.61
5.7296	9.24	3.85	4.84	44.77	12.65	242.55	110.88	199.43	182.27	153.12	43.12	65.67	13.75	49.83	12.76	10.56	628.21	531.08
5.7396	6.93	0	4.84	32.67	10.56	216.04	101.75	204.05	219.34	180.29	66	78.21	13.75	64.79	23.1	12.65	576.84	658.13
5.7496	4.62	0	4.84	22.33	8.47	169.73	90.86	204.05	238.81	189.97	79.64	84.48	19.25	75.68	41.03	19.03	504.9	747.89
5.7596	0	0	0	17.16	8.47	118.69	76.45	194.92	236.28	189.97	82.39	84.48	22	81.07	46.2	21.12	415.69	763.51
5.7696	0	0	0	11.99	8.47	78.76	61.93	169.62	224.07	187.55	82.39	87.56	22	89.21	51.37	23.21	330.77	767.36
5.7796	0	0	0	6.82	6.27	54.67	51.92	115.17	219.34	189.97	87.78	97.02	24.75	102.74	62.48	27.5	234.85	811.58
5.7896	0	0	0	3.41	4.18	41.03	42.68	74.69	226.49	199.65	98.67	103.29	24.75	116.38	74.36	33.88	165.99	877.47
5.7996	0	0	0	0	0	29.26	35.09	47.63	241.23	209.33	109.67	109.56	27.5	127.27	86.35	38.06	111.98	948.97
5.8096	0	0	0	0	0	19.47	27.5	26.4	256.08	214.17	120.78	112.75	30.25	138.16	101.2	42.35	73.37	1015.74
5.8196	0	0	0	0	0	15.62	18.26	12.32	265.87	219.01	131.89	119.02	33	146.3	113.08	46.53	46.2	1074.7
5.8296	0	0	0	0	0	11.66	10.67	5.28	265.87	221.43	137.5	125.4	35.75	154.55	121.77	48.73	27.61	1111
5.8396	0	0	0	0	0	9.68	7.59	0	256.08	223.85	134.64	134.86	35.75	162.69	127.6	48.73	17.27	1124.2
5.8496	0	0	0	0	0	7.81	6.05	0	243.76	221.43	131.89	144.32	35.75	173.47	130.46	50.82	13.86	1131.9
5.8596	0	0	0	0	0	5.83	4.51	0	226.49	216.59	123.53	153.78	35.75	181.61	133.32	52.91	10.34	1123.98
5.8696	0	0	0	0	0	5.83	2.97	0	210.1	209.33	117.92	163.24	35.75	187	133.32	52.91	8.8	1109.57
5.8796	0	0	0	0	0	3.85	0	0	189.2	199.65	109.67	169.62	35.75	192.39	136.29	55.11	3.85	1087.68
5.8896	0	0	0	0	0	0	0	0	170.72	189.97	98.67	176	38.5	195.03	133.32	55.11	0	1057.32
5.8996	0	0	0	0	0	0	0	0	153.34	177.87	87.78	182.38	38.5	197.67	133.32	55.11	0	1025.97
5.9096	0	0	0	0	0	0	0	0	136.4	165.66	79.64	188.76	35.75	200.42	130.46	55.11	0	992.2
5.9196	0	0	0	0	0	0	0	0	121.55	153.12	68.75	191.95	35.75	203.06	127.6	55.11	0	956.89
5.9296	0	0	0	0	0	0	0	0	107.58	140.58	60.5	198.44	35.75	203.06	124.63	55.11	0	925.65
5.9396	0	0	0	0	0	0	0	0	94.16	128.04	52.69	201.63	35.75	203.06	121.77	55.11	0	892.21
5.9496	0	0	0	0	0	0	0	0	82.72	115.5	47.85	201.63	35.75	205.81	121.77	55.11	0	866.14
5.9596	0	0	0	0	0	0	0	0	71.28	103.51	40.7	204.82	35.75	205.81	118.91	55.11	0	835.89
5.9696	0	0	0	0	0	0	0	0	59.84	94.05	35.86	208.01	33	208.45	118.91	55.11	0	813.23
5.9796	0	0	0	0	0	0	0	0	50.93	82.28	28.71	211.2	33	211.2	118.91	55.11	0	791.34
5.9896	0	0	0	0	0	0	0	0	40.37	70.4	23.87	211.2	33	216.59	121.77	57.53	0	774.73
5.9996	0	0	0	0	0	0	0	0	33.33	60.94	21.56	214.39	33	219.23	124.63	57.53	0	764.61
6.0096	0	0	0	0	0	0	0	0	29.81	53.9	19.14	217.58	33	221.98	127.6	57.53	0	760.54
6.0196	0	0	0	0	0	0	0	0	26.29	49.17	16.72	217.58	33	227.48	130.46	59.95	0	760.65
6.0296	0	0	0	0	0	0	0	0	24.53	42.13	16.72	220.77	35.75	233.09	136.29	59.95	0	769.23
6.0396	0	0	0	0	0	0	0	0	22.77	37.51	14.3	220.77	35.75	235.95	144.98	62.37	0	774.4
6.0496	0	0	0	0	0	0	0	0	21.01	32.78	11.88	224.07	35.75	241.45	150.81	64.9	0	782.65
6.0596	0	0	0	0	0	0	0	0	19.25	30.47	11.88	226.93	35.75	247.06	159.5	67.32	0	798.16
6.0696	0	0	0	0	0	0	0	0	19.25	28.05	11.88	226.93	38.5	252.67	168.3	72.16	0	817.74
6.0796	0	0	0	0	0	0	0	0	17.49	23.43	11.88	229.79	38.5	258.28	177.21	74.69	0	831.27
6.0896	0	0	0	0	0	0	0	0	17.49	21.01	9.57	229.79	38.5	263.89	183.15	77.11	0	840.51
6.0996	0	0	0	0	0	0	0	0	15.73	18.7	9.57	232.76	41.25	272.25	189.09	79.53	0	858.88
6.1096	0	0	0	0	0	0	0	0	13.97	13.97	9.57	235.62	41.25	277.86	195.14	81.95	0	869.33
6.1196	0	0	0	0	0	0	0	0	13.97	9.35	7.15	235.62	38.5	286.33	198.11	86.9	0	875.93
6.1296	0	0	0	0	0	0	0	0	12.21	6.93	7.15	238.59	38.5	291.94	201.08	86.9	0	883.3
6.1396	0	0	0	0	0	0	0	0	12.21	6.93	4.73	235.62	38.5	297.55	204.05	91.74	0	891.33
6.1496	0	0	0	0	0	0	0	0	12.21	4.62	4.73	232.76	35.75	306.02	204.05	94.27	0	894.41
6.1596	0	0	0	0	0	0	0	0	10.45	4.62	4.73	220.77	33	311.74	204.05	99.11	0	888.47
6.1696	0	0	0	0	0	0	0	0	10.45	4.62	0	204.82	30.25	317.35	204.05	101.53	0	873.07
6.1796	6.93	0	0	0	0	0	0	0	10.45	0	4.73	185.57	24.75	320.21	201.08	106.48	6.93	853.27
6.1896	13.86	0	0	0	0	0	0	0	8.69	0	0	163.24	22	325.82	198.11	111.32	13.86	829.18
6.1996	30.14	0	0	0	0	0	0	0	8.69	0	0	141.13	16.5	331.54	198.11	118.25	30.14	814.22
6.2096	113.41	11.66	4.84	0	0	0	0	0	8.69	0	0	119.02	13.75	334.29	195.14	120.45	129.91	791.34
6.2196	233.75	38.94	16.94	8.58	0	5.83	0	0	6.93	0	0	97.02	11	334.29	189.09	124.96	304.04	763.29
6.2296	246.73	58.74	31.46	17.16	6.27	7.81	0	0	6.93	0	0	71.94	11	328.68	183.15	127.16	368.17	728.86
6.2396	259.6	93.94	55.77	34.43	12.65	15.62	0	0	5.17	0	0	50.82	8.25	311.74	174.24	129.47	472.01	679.69
6.2496	264.88	115.94	77	48.18	16.94	23.43	6.05	5.28	3.41	0	0	39.6	5.5	283.47	162.36	131.67	557.7	626.01
6.2596	272.58	128.48	88.77	63.03	21.12	31.24	10.67	8.8	0	0	0	28.27	5.5	235.95	150.81	131.67	624.69	552.2
6.2696	280.39	132.66	100.54	65.23	23.21	41.03	15.18	10.56	0	0	0	16.94	5.5	181.61	136.29	129.47	668.8	469.81
6.2796	280.39	134.75	112.42	67.43	27.5	52.69	22.88	14.08	0	0	0	14.08	5.5	138.16	121.77	120.45	712.14	399.96
6.2896	287.98	138.93	124.74	69.63	31.68	60.83	32.01	15.84	0	0	0	11.22	8.25	100.1	101.2	101.53	761.64	322.3
6.2996	300.85	143.11	139.59	69.63	35.97	69.74	39.71	19.36	0	0	0	8.47	8.25	70.18	83.27	79.53	817.96	249.7
6.3096	316.14	147.29	156.97	69.63	38.06	74.25	44.22	21.12	0	0	0	0	5.5	52.25	71.39	57.53	867.68	186.67
6.3196	328.9	151.47	171.82	71.83	42.35	80.96	48.84	24.64	0	0	0	0	5.5	37.95	59.51	44.44	920.81	147.4
6.3296	336.71	155.65	181.83	76.23	42.35	87.67	51.92	28.27	0	0	0	0	0	28.49	53.9	33.88	960.63	116.27
6.3396	336.71	159.83	186.78	80.63	44.44	92.18	55	30.03	0	0	0	0	0	23.65	43.67	27.5	985.6	94.82
6.3496	334.07	161.92	186.78	87.34	44.44	98.89	56.54	31.79	0	0	0	0	0	16.61	30.8	19.03	1001.77	66.44
6.3596	328.9	166.1	184.25	93.94	46.53	103.4	58.3	33.55	0	0	0	0	0	9.46	12.76	6.27	1014.97	28.49
6.3696	318.67	166.1	179.3	102.74	46.53	107.91	58.3	35.31	0	0	0	0	0	4.73	5.06	0	1014.86	9.79
6.3796	305.91	166.1	169.29	109.34	46.53	112.42	58.3	37.07	0	0	0	0	0	4.73	0	0	1004.96	4.73
6.3896	295.68	164.01	161.92	113.85	46.53	114.51	58.3	37.07	0	0	0	0	0	0	0	0	991.87	0
6.3996	280.39	159.83	154.44	120.56	46.53	116.6	58.3	37.07	0	0	0	0	0	0	0	0	973.72	0
6.4096	267.41	155.65	144.54	124.96	46.53	118.69	58.3	37.07	0	0	0	0	0	0	0	0	953.15	0
6.4196	251.9	151.47	137.17	129.47	46.53	118.69	56.54	37.07	0	0	0	0	0	0	0	0	928.84	0
6.4295	236.28	145.2	127.27	131.67	46.53	118.69	56.54	37.07	0	0	0	0	0	0	0	0	899.25	0
6.4395	220.88	138.93	119.79	133.98	46.53	120.78	58.3	37.07	0	0	0	0	0	0	0	0	876.26	0
6.4495	208.78	132.66	112.42	136.18	46.53	120.78	58.3	37.07	0	0	0	0	0	0	0	0	852.72	0
6.4595	196.68	126.39	105.27	138.38	46.53	120.78	58.3	37.07	0	0	0	0	0	0	0	0	829.4	0
6.4695	184.47	120.12	100.54	142.89	48.62	122.98	58.3	37.07	0	0	0	0	0	0	0	0	814.99	0
6.4795	174.79	115.94	95.81	145.09	48.62	125.07	60.06	38.83	0	0	0	0	0	0	0	0	804.21	0
6.4895	165	111.54	88.77	149.6	50.82	127.16	63.69	38.83	0	0	0	0	0	0	0	0	795.41	0
6.4995	155.21	104.94	84.04	151.8	50.82	129.25	63.69	38.83	0	0	0	0	0	0	0	0	778.58	0
6.5095	147.84	100.54	79.31	154.11	50.82	133.54	65.56	40.59	0	0	0	0	0	0	0	0	772.31	0
6.5195	137.94	96.14	77	158.51	52.91	137.72	69.19	40.59	0	0	0	0	0	0	0	0	770	0
6.5295	130.57	89.54	72.27	163.02	52.91	142.01	70.95	42.35	0	0	0	0	0	0	0	0	763.62	0
6.5395	120.78	85.14	69.85	167.64	52.91	148.39	74.58	44.11	0	0	0	0	0	0	0	0	763.4	0
6.5495	110.99	78.54	65.12	172.37	55	156.86	78.21	45.87	0	0	0	0	0	0	0	0	762.96	0
6.5595	102.08	74.14	60.39	179.41	55	163.13	81.84	47.63	0	0	0	0	0	0	0	0	763.62	0
6.5695	91.08	67.54	53.24	186.56	57.2	174.13	85.47	51.15	0	0	0	0	0	0	0	0	766.37	0
6.5795	82.17	60.94	45.98	193.6	57.2	182.93	89.1	54.67	0	0	0	0	0	0	0	0	766.59	0
6.5895	68.97	54.56	41.14	203.06	57.2	191.73	94.49	60.5	0	0	0	0	0	0	0	0	771.65	0
6.5995	60.17	46.75	33.88	210.1	57.2	202.84	98.12	66.55	0	0	0	0	0	0	0	0	775.61	0
6.6095	48.73	40.92	26.62	214.83	57.2	211.64	103.62	74.69	0	0	0	0	0	0	0	0	778.25	0
6.6195	39.49	33.11	21.78	219.56	59.4	220.55	109.01	84.81	0	0	0	0	0	0	0	0	787.71	0
6.6295	34.76	29.15	19.36	221.98	59.4	229.35	114.51	100.87	0	0	0	0	0	0	0	0	809.38	0
6.6395	32.45	25.3	16.94	221.98	57.2	235.95	118.47	110.99	0	0	0	0	0	0	0	0	819.28	0
6.6495	27.83	19.47	14.52	221.98	57.2	244.75	122.54	121.44	0	0	0	0	0	0	0	0	829.73	0
6.6595	25.52	15.51	12.1	219.56	55	251.35	126.5	129.8	0	0	0	0	0	0	0	0	835.34	0
6.6695	23.21	15.51	12.1	212.52	52.91	255.75	128.59	138.16	0	0	0	0	0	0	0	0	838.75	0
6.6795	23.21	13.64	9.68	203.06	50.82	260.15	128.59	146.52	0	0	0	0	0	0	0	0	835.67	0
6.6895	20.9	13.64	9.68	188.87	46.53	262.35	128.59	154.88	0	0	0	0	0	0	0	0	825.44	0
6.6995	20.9	11.66	9.68	169.95	42.35	266.75	124.52	165.33	0	0	0	0	0	0	0	0	811.14	0
6.7095	18.59	9.68	7.26	151.8	35.97	268.95	120.45	174.13	0	0	0	0	0	0	0	0	786.83	0
6.7195	18.59	9.68	7.26	131.67	31.68	271.15	116.49	181.06	5.17	6.93	0	0	0	0	0	0	767.58	12.1
6.7295	16.17	9.68	7.26	109.34	25.41	273.35	110.88	185.68	10.45	13.97	0	0	0	0	0	0	737.77	24.42
6.7395	13.86	7.7	4.84	89.54	19.03	273.35	105.38	192.61	15.73	21.01	0	5.61	0	0	0	0	706.31	42.35
6.7495	13.86	5.83	4.84	69.63	14.74	271.15	98.12	197.23	49.17	44.55	7.15	14.08	0	4.73	0	0	675.4	119.68
6.7595	11.55	3.85	4.84	51.7	10.56	260.15	92.73	206.36	146.96	113.08	16.72	36.74	5.5	16.61	10.23	0	641.74	345.84
6.7695	6.93	3.85	4.84	37.84	8.47	238.15	85.47	213.29	186.89	155.65	33.44	65.67	11	52.25	5.06	10.56	598.84	520.52
6.7795	4.62	0	0	27.5	6.27	194.04	78.21	213.29	231.44	192.39	57.75	81.29	13.75	70.18	15.4	16.94	523.93	679.14
6.7895	0	0	0	20.68	6.27	135.63	69.19	206.36	263.45	214.17	79.64	90.75	16.5	83.82	38.5	23.21	438.13	810.04
6.7995	0	0	0	15.51	6.27	89.98	60.06	181.06	268.4	214.17	85.03	93.94	19.25	91.96	48.73	25.41	352.88	846.89
6.8095	0	0	0	10.34	6.27	60.83	51.92	131.89	251.13	211.75	85.03	97.02	22	100.1	53.9	29.59	261.25	850.52
6.8195	0	0	0	5.17	4.18	44.88	44.22	86.79	243.76	214.17	87.78	103.29	22	113.63	65.45	31.79	185.24	881.87
6.8295	0	0	0	0	0	33.22	36.63	56.54	243.76	223.85	93.28	109.56	24.75	130.02	77.33	35.97	126.39	938.52
6.8395	0	0	0	0	0	23.43	28.93	31.79	253.55	231.11	104.17	119.02	24.75	143.66	89.32	40.26	84.15	1005.84
6.8495	0	0	0	0	0	17.49	21.34	17.6	265.87	235.95	115.17	122.21	27.5	151.8	101.2	44.44	56.43	1064.14
6.8595	0	0	0	0	0	11.66	12.21	3.52	278.19	240.79	126.28	128.48	27.5	159.94	113.08	46.53	27.39	1120.79
6.8695	0	0	0	0	0	7.81	6.05	0	275.77	240.79	129.14	134.86	30.25	165.44	118.91	48.73	13.86	1143.89
6.8795	0	0	0	0	0	7.81	4.51	0	268.4	243.21	126.28	141.13	33	173.47	124.63	50.82	12.32	1160.94
6.8895	0	0	0	0	0	5.83	2.97	0	253.55	238.37	120.78	150.59	33	178.86	124.63	52.91	8.8	1152.69
6.8995	0	0	0	0	0	3.85	0	0	236.28	231.11	115.17	156.97	33	184.25	124.63	52.91	3.85	1134.32
6.9095	0	0	0	0	0	3.85	0	0	217.03	221.43	104.17	160.05	33	184.25	124.63	52.91	3.85	1097.47
6.9195	0	0	0	0	0	0	0	0	196.24	209.33	96.03	163.24	33	187	124.63	52.91	0	1062.38
6.9295	0	0	0	0	0	0	0	0	175.34	197.23	87.78	166.43	33	189.64	124.63	52.91	0	1026.96
6.9395	0	0	0	0	0	0	0	0	155.43	182.71	76.89	169.62	33	189.64	121.77	52.91	0	981.97
6.9495	0	0	0	0	0	0	0	0	140.69	170.61	68.75	172.81	33	189.64	121.77	55.11	0	952.38
6.9595	0	0	0	0	0	0	0	0	125.84	158.07	60.5	176	33	187	121.77	52.91	0	915.09
6.9695	0	0	0	0	0	0	0	0	111.43	145.64	55.11	179.19	33	189.64	118.91	55.11	0	888.03
6.9795	0	0	0	0	0	0	0	0	99.99	133.1	50.27	179.19	33	189.64	118.91	55.11	0	859.21
6.9895	0	0	0	0	0	0	0	0	88.44	120.56	45.43	179.19	33	189.64	121.77	55.11	0	833.14
6.9995	0	0	0	0	0	0	0	0	78.98	110.66	40.7	182.38	33	192.39	121.77	55.11	0	814.99
7.0095	0	0	0	0	0	0	0	0	69.41	101.2	35.86	182.38	33	195.03	124.63	55.11	0	796.62
7.0195	0	0	0	0	0	0	0	0	61.71	94.05	33.44	185.57	33	197.67	127.6	57.53	0	790.57
7.0295	0	0	0	0	0	0	0	0	56.21	87.01	31.13	188.76	33	203.06	130.46	57.53	0	787.16
7.0395	0	0	0	0	0	0	0	0	50.93	82.28	28.71	191.95	33	205.81	133.32	57.53	0	783.53
7.0495	0	0	0	0	0	0	0	0	45.65	75.13	26.29	191.95	35.75	208.45	139.15	59.95	0	782.32
7.0595	0	0	0	0	0	0	0	0	42.13	70.4	23.87	198.44	35.75	213.84	144.98	62.37	0	791.78
7.0695	0	0	0	0	0	0	0	0	36.85	65.67	21.56	201.63	38.5	219.23	150.81	64.9	0	799.15
7.0795	0	0	0	0	0	0	0	0	35.09	60.94	21.56	208.01	38.5	227.48	159.5	67.32	0	818.4
7.0895	0	0	0	0	0	0	0	0	31.57	56.21	19.14	211.2	41.25	233.09	168.3	72.16	0	832.92
7.0995	0	0	0	0	0	0	0	0	28.05	49.17	16.72	217.58	41.25	241.45	177.21	74.69	0	846.12
7.1095	0	0	0	0	0	0	0	0	26.29	44.55	16.72	224.07	44	249.92	186.12	79.53	0	871.2
7.1195	0	0	0	0	0	0	0	0	22.77	37.51	14.3	229.79	44	258.28	195.14	81.95	0	883.74
7.1295	0	0	0	0	0	0	0	0	22.77	32.78	14.3	232.76	44	266.64	201.08	86.9	0	901.23
7.1395	0	0	0	0	0	0	0	0	21.01	30.47	11.88	235.62	44	272.25	207.02	89.32	0	911.57
7.1495	0	0	0	0	0	0	0	0	19.25	23.43	9.57	238.59	44	283.47	212.96	94.27	0	925.54
7.1595	0	0	0	0	0	0	0	0	15.73	16.39	7.15	238.59	44	289.08	215.93	96.69	0	923.56
7.1695	0	0	0	0	0	0	0	0	13.97	11.66	7.15	238.59	41.25	294.8	215.93	99.11	0	922.46
7.1795	0	0	0	0	0	0	0	0	12.21	6.93	4.73	229.79	38.5	300.41	215.93	101.53	0	910.03
7.1895	0	0	0	0	0	0	0	0	12.21	4.62	4.73	217.58	35.75	303.27	215.93	104.06	0	898.15
7.1995	4.62	0	0	0	0	0	0	0	12.21	4.62	4.73	198.44	33	306.02	215.93	108.9	4.62	883.85
7.2095	11.55	0	0	0	0	0	0	0	12.21	4.62	0	176	27.5	308.88	212.96	111.32	11.55	853.49
7.2195	18.59	0	0	0	0	0	0	0	10.45	0	0	153.78	22	311.74	209.99	113.85	18.59	821.81
7.2295	41.8	0	0	0	0	0	0	0	8.69	0	0	131.67	19.25	314.49	207.02	118.25	41.8	799.37
7.2395	147.84	11.66	4.84	0	0	0	0	0	8.69	0	0	109.56	13.75	317.35	204.05	120.45	164.34	773.85
7.2495	238.92	35.09	16.94	8.58	0	5.83	0	0	8.69	0	0	87.56	11	317.35	198.11	122.76	305.36	745.47
7.2595	249.26	58.74	31.46	13.75	4.18	5.83	0	0	6.93	0	0	65.67	11	311.74	192.06	124.96	363.22	712.36
7.2695	262.24	93.94	58.08	31.02	10.56	17.49	0	0	5.17	0	0	48.07	8.25	294.8	180.18	127.16	473.33	663.63
7.2795	264.88	120.12	74.58	48.18	16.94	25.3	4.51	0	3.41	0	0	33.88	5.5	266.64	168.3	129.47	554.51	607.2
7.2895	275.22	132.66	88.77	63.03	21.12	31.24	10.67	7.04	0	0	0	25.41	5.5	216.59	153.67	129.47	629.75	530.64
7.2995	280.39	138.93	102.96	67.43	21.12	41.03	13.75	8.8	0	0	0	16.94	5.5	168.19	142.12	124.96	674.41	457.71
7.3095	285.45	141.02	112.42	71.83	25.41	54.67	21.34	12.32	0	0	0	11.22	5.5	127.27	118.91	116.05	724.46	378.95
7.3195	293.15	145.2	129.69	74.03	29.59	65.34	28.93	14.08	0	0	0	8.47	8.25	94.6	101.2	99.11	780.01	311.63
7.3295	305.91	149.38	144.54	74.03	33.88	72.05	36.63	17.6	0	0	0	5.61	8.25	67.54	83.27	72.16	834.02	236.83
7.3395	321.31	153.56	159.39	76.23	38.06	78.76	41.25	19.36	0	0	0	0	5.5	49.83	71.39	55.11	887.92	181.83
7.3495	334.07	157.74	174.24	76.23	40.15	83.27	45.76	21.12	0	0	0	0	0	37.95	59.51	42.35	932.58	139.81
7.3595	341.99	159.83	184.25	78.43	42.35	87.67	48.84	22.88	0	0	0	0	0	28.49	51.37	33.88	966.24	113.74
7.3695	344.63	161.92	189.31	80.63	42.35	89.98	50.38	24.64	0	0	0	0	0	21.34	41.03	27.5	983.84	89.87
7.3795	344.63	164.01	191.84	85.03	42.35	94.49	51.92	26.4	0	0	0	0	0	14.19	25.63	16.94	1000.67	56.76
7.3895	341.99	164.01	191.84	89.54	44.44	96.69	53.46	26.4	0	0	0	0	0	7.04	7.7	4.18	1008.37	18.92
7.3995	334.07	164.01	189.31	93.94	44.44	101.2	53.46	28.27	0	0	0	0	0	4.73	0	0	1008.7	4.73
7.4095	323.84	161.92	184.25	96.14	44.44	103.4	55	28.27	0	0	0	0	0	4.73	0	0	997.26	4.73
7.4195	311.08	159.83	176.77	100.54	44.44	105.6	55	30.03	0	0	0	0	0	0	0	0	983.29	0
7.4295	298.21	155.65	169.29	102.74	44.44	107.91	56.54	30.03	0	0	0	0	0	0	0	0	964.81	0
7.4395	285.45	151.47	161.92	107.14	44.44	110.11	55	30.03	0	0	0	0	0	0	0	0	945.56	0
7.4495	272.58	147.29	154.44	109.34	44.44	110.11	56.54	31.79	0	0	0	0	0	0	0	0	926.53	0
7.4595	259.6	143.11	147.07	109.34	46.53	110.11	56.54	31.79	0	0	0	0	0	0	0	0	904.09	0
7.4695	246.73	136.84	139.59	111.54	46.53	110.11	56.54	31.79	0	0	0	0	0	0	0	0	879.67	0
7.4795	233.75	130.57	134.64	111.54	46.53	110.11	58.3	31.79	0	0	0	0	0	0	0	0	857.23	0
7.4895	223.41	126.39	127.27	113.85	46.53	112.42	58.3	31.79	0	0	0	0	0	0	0	0	839.96	0
7.4995	213.62	122.21	122.32	116.05	46.53	112.42	58.3	31.79	0	0	0	0	0	0	0	0	823.24	0
7.5095	206.36	120.12	117.37	118.25	46.53	114.51	60.06	31.79	0	0	0	0	0	0	0	0	814.99	0
7.5195	196.68	115.94	112.42	120.56	46.53	114.51	60.06	31.79	0	0	0	0	0	0	0	0	798.49	0
7.5295	189.31	111.54	110	122.76	48.62	116.6	63.69	31.79	0	0	0	0	0	0	0	0	794.31	0
7.5395	182.05	107.14	107.69	124.96	48.62	120.78	63.69	33.55	0	0	0	0	0	0	0	0	788.48	0
7.5495	174.79	104.94	102.96	127.27	50.82	122.98	67.32	33.55	0	0	0	0	0	0	0	0	784.63	0
7.5595	167.53	100.54	102.96	129.47	50.82	127.16	69.19	33.55	0	0	0	0	0	0	0	0	781.22	0
7.5695	162.58	96.14	100.54	133.98	50.82	131.45	72.82	35.31	0	0	0	0	0	0	0	0	783.64	0
7.5795	152.68	93.94	98.23	138.38	52.91	137.72	76.45	37.07	0	0	0	0	0	0	0	0	787.38	0
7.5895	145.31	89.54	93.5	140.69	52.91	142.01	80.08	38.83	0	0	0	0	0	0	0	0	782.87	0
7.5995	137.94	85.14	91.08	145.09	55	150.48	83.71	40.59	0	0	0	0	0	0	0	0	789.03	0
7.6095	128.15	78.54	86.35	147.4	57.2	156.86	89.1	42.35	0	0	0	0	0	0	0	0	785.95	0
7.6195	118.36	74.14	84.04	154.11	57.2	165.33	94.49	45.87	0	0	0	0	0	0	0	0	793.54	0
7.6295	108.68	69.74	77	158.51	59.4	174.13	99.99	49.39	0	0	0	0	0	0	0	0	796.84	0
7.6395	99.88	65.34	69.85	165.33	61.71	182.93	107.25	54.67	0	0	0	0	0	0	0	0	806.96	0
7.6495	88.88	58.74	62.81	169.95	64.02	194.04	114.51	58.52	0	0	0	0	0	0	0	0	811.47	0
7.6595	75.57	50.6	53.24	177.1	64.02	202.84	120.45	68.64	0	0	0	0	0	0	0	0	812.46	0
7.6695	62.37	42.79	41.14	184.14	66.33	213.84	128.59	74.69	0	0	0	0	0	0	0	0	813.89	0
7.6795	48.73	33.11	31.46	186.56	66.33	222.75	136.62	92.84	0	0	0	0	0	0	0	0	818.4	0
7.6895	39.49	27.28	24.2	186.56	66.33	229.35	146.74	106.92	0	0	0	0	0	0	0	0	826.87	0
7.6995	34.76	23.32	21.78	186.56	66.33	235.95	154.77	117.26	0	0	0	0	0	0	0	0	840.73	0
7.7095	30.14	17.49	16.94	179.41	66.33	240.35	160.82	125.62	0	0	0	0	0	0	0	0	837.1	0
7.7195	25.52	13.64	14.52	169.95	61.71	242.55	166.87	133.98	0	0	0	0	0	0	0	0	828.74	0
7.7295	23.21	11.66	12.1	156.31	57.2	244.75	170.94	142.34	0	0	0	0	0	0	0	0	818.51	0
7.7395	20.9	11.66	12.1	140.69	50.82	242.55	170.94	152.79	0	0	0	0	0	0	0	0	802.45	0
7.7495	20.9	9.68	9.68	122.76	44.44	242.55	168.96	156.97	6.93	4.62	0	0	0	0	0	0	775.94	11.55
7.7595	18.59	7.7	9.68	102.74	38.06	242.55	164.89	163.24	15.73	13.97	0	5.61	0	0	0	0	747.45	35.31
7.7695	18.59	7.7	7.26	82.83	31.68	242.55	160.82	167.42	69.41	44.55	4.73	14.08	0	4.73	0	0	718.85	137.5
7.7795	16.17	7.7	7.26	63.03	25.41	238.15	156.75	171.82	166.1	115.5	19.14	42.35	0	18.92	7.7	0	686.29	369.71
7.7895	13.86	5.83	7.26	44.77	19.03	229.35	148.72	176.44	207.79	165.66	40.7	71.94	8.25	47.52	7.7	8.47	645.26	558.03
7.7995	11.55	3.85	7.26	29.26	12.65	207.24	140.69	181.06	241.23	194.81	60.5	90.75	13.75	75.68	17.93	14.74	593.56	709.39
7.8095	6.93	0	4.84	18.92	10.56	169.73	130.57	181.06	253.55	199.65	71.39	93.94	16.5	81.07	33.33	19.03	522.61	768.46
7.8195	0	0	0	10.34	8.47	120.78	110.88	178.75	238.81	194.81	68.75	93.94	19.25	86.46	43.67	21.12	429.22	766.81
7.8295	0	0	0	5.17	8.47	80.96	83.71	167.42	219.34	189.97	68.75	100.21	19.25	94.6	51.37	23.21	345.73	766.7
7.8395	0	0	0	0	8.47	52.69	60.06	133.98	217.03	197.23	74.14	109.56	22	108.24	59.51	25.41	255.2	813.12
7.8495	0	0	0	0	6.27	39.05	47.3	78.65	228.91	209.33	85.03	115.94	22	121.88	68.42	31.79	171.27	883.3
7.8594	0	0	0	0	0	27.28	39.71	47.63	246.18	219.01	96.03	125.4	24.75	130.02	80.3	33.88	114.62	955.57
7.8694	0	0	0	0	0	21.45	30.47	24.64	263.45	228.69	106.92	128.48	27.5	138.16	92.29	38.06	76.56	1023.55
7.8794	0	0	0	0	0	13.64	21.34	14.08	275.77	235.95	115.17	131.67	30.25	146.3	98.23	40.26	49.06	1073.6
7.8894	0	0	0	0	0	9.68	10.67	0	278.19	238.37	117.92	137.94	30.25	151.8	101.2	42.35	20.35	1098.02
7.8994	0	0	0	0	0	7.81	7.59	0	275.77	240.79	115.17	147.51	30.25	154.55	101.2	42.35	15.4	1107.59
7.9094	0	0	0	0	0	5.83	6.05	0	263.45	240.79	112.42	153.78	30.25	157.19	101.2	44.44	11.88	1103.52
7.9194	0	0	0	0	0	5.83	6.05	0	248.6	238.37	106.92	160.05	30.25	162.69	98.23	44.44	11.88	1089.55
7.9294	0	0	0	0	0	3.85	4.51	0	231.44	231.11	101.42	169.62	30.25	162.69	95.26	44.44	8.36	1066.23
7.9394	0	0	0	0	0	3.85	2.97	0	212.41	223.85	93.28	176	30.25	165.44	92.29	44.44	6.82	1037.96
7.9494	0	0	0	0	0	0	0	0	193.82	214.17	85.03	185.57	30.25	165.44	86.35	44.44	0	1005.07
7.9594	0	0	0	0	0	0	0	0	177.65	204.49	76.89	195.14	30.25	168.19	83.27	44.44	0	980.32
7.9694	0	0	0	0	0	0	0	0	159.72	192.39	68.75	201.63	27.5	168.19	80.3	44.44	0	942.92
7.9794	0	0	0	0	0	0	0	0	144.87	182.71	63.25	211.2	27.5	168.19	77.33	44.44	0	919.49
7.9894	0	0	0	0	0	0	0	0	130.02	170.61	57.75	217.58	27.5	168.19	74.36	44.44	0	890.45
7.9994	0	0	0	0	0	0	0	0	117.37	160.6	52.69	224.07	27.5	170.83	74.36	44.44	0	871.86
8.0094	0	0	0	0	0	0	0	0	107.58	150.59	47.85	229.79	27.5	170.83	71.39	44.44	0	849.97
8.0194	0	0	0	0	0	0	0	0	98.01	143.11	43.12	232.76	27.5	173.47	71.39	44.44	0	833.8
8.0294	0	0	0	0	0	0	0	0	90.42	133.1	40.7	238.59	27.5	176.22	71.39	44.44	0	822.36
8.0394	0	0	0	0	0	0	0	0	82.72	125.51	38.28	244.42	27.5	178.86	74.36	46.53	0	818.18
8.0494	0	0	0	0	0	0	0	0	75.13	118.03	35.86	247.28	30.25	184.25	77.33	46.53	0	814.66
8.0594	0	0	0	0	0	0	0	0	69.41	113.08	35.86	253.11	27.5	189.64	80.3	46.53	0	815.43
8.0694	0	0	0	0	0	0	0	0	63.69	108.24	33.44	255.97	30.25	195.03	83.27	46.53	0	816.42
8.0794	0	0	0	0	0	0	0	0	57.97	103.51	31.13	261.8	30.25	200.42	86.35	48.73	0	820.16
8.0894	0	0	0	0	0	0	0	0	52.69	96.47	31.13	267.63	33	208.45	89.32	50.82	0	829.51
8.0994	0	0	0	0	0	0	0	0	47.41	89.32	26.29	270.6	33	216.59	98.23	50.82	0	832.26
8.1094	0	0	0	0	0	0	0	0	42.13	82.28	26.29	276.43	33	224.73	104.17	52.91	0	841.94
8.1194	0	0	0	0	0	0	0	0	38.61	75.13	23.87	279.51	35.75	233.09	113.08	55.11	0	854.15
8.1294	0	0	0	0	0	0	0	0	35.09	68.09	21.56	282.7	35.75	241.45	121.77	57.53	0	863.94
8.1394	0	0	0	0	0	0	0	0	31.57	60.94	19.14	288.97	38.5	249.92	130.46	62.37	0	881.87
8.1494	0	0	0	0	0	0	0	0	28.05	56.21	19.14	292.16	38.5	258.28	139.15	67.32	0	898.81
8.1594	0	0	0	0	0	0	0	0	26.29	49.17	16.72	298.43	41.25	266.64	144.98	69.74	0	913.22
8.1694	0	0	0	0	0	0	0	0	24.53	44.55	14.3	304.81	41.25	277.86	150.81	74.69	0	932.8
8.1794	0	0	0	0	0	0	0	0	21.01	37.51	11.88	311.08	41.25	286.33	156.53	77.11	0	942.7
8.1894	0	0	0	0	0	0	0	0	19.25	32.78	11.88	314.27	41.25	294.8	159.5	81.95	0	955.68
8.1994	0	0	0	0	0	0	0	0	17.49	25.74	9.57	317.46	38.5	306.02	162.36	86.9	0	964.04
8.2094	0	0	0	0	0	0	0	0	15.73	18.7	7.15	314.27	38.5	314.49	162.36	89.32	0	960.52
8.2194	6.93	0	0	0	0	0	0	0	13.97	11.66	4.73	301.62	35.75	320.21	165.33	91.74	6.93	945.01
8.2294	9.24	0	0	0	0	0	0	0	12.21	9.35	4.73	282.7	33	325.82	165.33	94.27	9.24	927.41
8.2394	16.17	0	0	0	0	0	0	0	12.21	6.93	0	261.8	30.25	331.54	165.33	99.11	16.17	907.17
8.2494	23.21	0	0	0	0	0	0	0	10.45	6.93	0	232.76	24.75	334.29	165.33	101.53	23.21	876.04
8.2594	62.37	5.83	0	0	0	0	0	0	10.45	4.62	0	198.44	19.25	337.15	165.33	106.48	68.2	841.72
8.2694	172.37	25.3	12.1	5.17	0	3.85	0	0	10.45	4.62	0	166.43	16.5	340.01	165.33	111.32	218.79	814.66
8.2794	228.58	44.77	24.2	10.34	4.18	5.83	0	0	8.69	4.62	0	137.94	13.75	340.01	162.36	116.05	317.9	783.42
8.2894	233.75	63.14	41.14	20.68	8.47	11.66	2.97	0	6.93	0	0	106.48	11	340.01	156.53	120.45	381.81	741.4
8.2994	241.45	89.54	60.39	32.67	12.65	17.49	4.51	0	6.93	0	0	75.02	8.25	328.68	150.81	124.96	458.7	694.65
8.3094	238.92	102.74	72.27	44.77	16.94	25.3	9.13	5.28	5.17	0	0	53.68	5.5	303.27	142.12	129.47	515.35	639.21
8.3194	246.73	111.54	86.35	53.35	21.12	33.22	15.18	10.56	3.41	0	0	39.6	5.5	263.89	130.46	131.67	578.05	574.53
8.3294	254.43	115.94	98.23	55.11	25.41	41.03	19.8	12.32	0	0	0	28.27	5.5	205.81	121.77	131.67	622.27	493.02
8.3394	262.24	120.12	110	58.63	29.59	50.71	27.5	14.08	0	0	0	19.8	5.5	151.8	110.22	127.16	672.87	414.48
8.3494	272.58	126.39	124.74	58.63	33.88	58.63	35.09	17.6	0	0	0	14.08	5.5	110.99	95.26	113.85	727.54	339.68
8.3594	290.62	132.66	142.12	60.83	35.97	65.34	42.68	19.36	0	0	0	11.22	5.5	78.32	83.27	91.74	789.58	270.05
8.3694	311.08	138.93	161.92	60.83	40.15	72.05	47.3	22.88	0	0	0	5.61	5.5	56.98	71.39	67.32	855.14	206.8
8.3794	328.9	143.11	179.3	63.03	42.35	76.56	51.92	24.64	0	0	0	0	5.5	42.68	59.51	52.91	909.81	160.6
8.3894	339.35	147.29	189.31	65.23	42.35	80.96	55	26.4	0	0	0	0	0	30.8	51.37	40.26	945.89	122.43
8.3994	344.63	149.38	196.79	69.63	44.44	85.47	58.3	30.03	0	0	0	0	0	23.65	43.67	31.79	978.67	99.11
8.4094	344.63	151.47	201.85	74.03	46.53	89.98	60.06	31.79	0	0	0	0	0	18.92	30.8	23.21	1000.34	72.93
8.4194	341.99	153.56	199.32	78.43	46.53	94.49	61.93	33.55	0	0	0	0	0	11.88	15.4	10.56	1009.8	37.84
8.4294	334.07	155.65	199.32	82.83	46.53	96.69	61.93	33.55	0	0	0	0	0	7.04	0	0	1010.57	7.04
8.4394	326.37	155.65	191.84	87.34	46.53	98.89	63.69	35.31	0	0	0	0	0	7.04	0	0	1005.62	7.04
8.4494	316.14	153.56	186.78	89.54	46.53	101.2	63.69	35.31	0	0	0	0	0	4.73	0	0	992.75	4.73
8.4594	305.91	151.47	179.3	93.94	46.53	103.4	63.69	35.31	0	0	0	0	0	4.73	0	0	979.55	4.73
8.4694	293.15	147.29	171.82	96.14	46.53	103.4	61.93	37.07	0	0	0	0	0	0	0	0	957.33	0
8.4794	280.39	143.11	161.92	98.34	46.53	103.4	63.69	37.07	0	0	0	0	0	0	0	0	934.45	0
8.4894	267.41	136.84	154.44	98.34	46.53	103.4	61.93	35.31	0	0	0	0	0	0	0	0	904.2	0
8.4994	251.9	130.57	147.07	98.34	48.62	103.4	63.69	35.31	0	0	0	0	0	0	0	0	878.9	0
8.5094	241.45	126.39	139.59	100.54	48.62	103.4	63.69	35.31	0	0	0	0	0	0	0	0	858.99	0
8.5194	231.11	122.21	132.22	100.54	48.62	103.4	65.56	35.31	0	0	0	0	0	0	0	0	838.97	0
8.5294	220.88	118.03	127.27	102.74	48.62	103.4	65.56	35.31	0	0	0	0	0	0	0	0	821.81	0
8.5394	213.62	113.85	122.32	102.74	50.82	105.6	67.32	35.31	0	0	0	0	0	0	0	0	811.58	0
8.5494	203.94	111.54	117.37	104.94	50.82	105.6	69.19	35.31	0	0	0	0	0	0	0	0	798.71	0
8.5594	196.68	107.14	112.42	107.14	50.82	107.91	69.19	37.07	0	0	0	0	0	0	0	0	788.37	0
8.5694	191.73	104.94	110	109.34	50.82	110.11	70.95	37.07	0	0	0	0	0	0	0	0	784.96	0
8.5794	184.47	100.54	107.69	113.85	52.91	114.51	74.58	37.07	0	0	0	0	0	0	0	0	785.62	0
8.5894	174.79	98.34	105.27	118.25	52.91	118.69	76.45	37.07	0	0	0	0	0	0	0	0	781.77	0
8.5994	167.53	93.94	100.54	124.96	55	125.07	80.08	38.83	0	0	0	0	0	0	0	0	785.95	0
8.6094	155.21	91.74	95.81	129.47	57.2	131.45	83.71	40.59	0	0	0	0	0	0	0	0	785.18	0
8.6194	145.31	85.14	91.08	136.18	57.2	137.72	87.23	42.35	0	0	0	0	0	0	0	0	782.21	0
8.6294	135.52	80.74	86.35	140.69	57.2	146.19	92.73	45.87	0	0	0	0	0	0	0	0	785.29	0
8.6394	125.73	76.34	81.73	147.4	59.4	154.66	98.12	49.39	0	0	0	0	0	0	0	0	792.77	0
8.6494	113.41	69.74	77	151.8	61.71	163.13	103.62	52.91	0	0	0	0	0	0	0	0	793.32	0
8.6594	102.08	63.14	69.85	158.51	64.02	174.13	110.88	58.52	0	0	0	0	0	0	0	0	801.13	0
8.6694	91.08	58.74	62.81	163.02	64.02	185.13	116.49	64.57	0	0	0	0	0	0	0	0	805.86	0
8.6794	77.77	52.58	53.24	169.95	66.33	194.04	122.54	70.62	0	0	0	0	0	0	0	0	807.07	0
8.6894	66.77	44.77	43.56	177.1	68.64	202.84	130.57	80.74	0	0	0	0	0	0	0	0	814.99	0
8.6994	55.77	36.96	36.3	181.83	68.64	209.44	136.62	96.91	0	0	0	0	0	0	0	0	822.47	0
8.7094	44.11	31.13	26.62	184.14	68.64	218.24	144.65	106.92	0	0	0	0	0	0	0	0	824.45	0
8.7194	37.18	25.3	24.2	186.56	70.95	224.95	150.7	115.17	0	0	0	0	0	0	0	0	835.01	0
8.7294	32.45	21.34	19.36	184.14	68.64	229.35	158.84	123.53	0	0	0	0	0	0	0	0	837.65	0
8.7394	27.83	17.49	16.94	181.83	66.33	233.75	162.8	131.89	0	0	0	0	0	0	0	0	838.86	0
8.7494	23.21	13.64	14.52	174.68	64.02	233.75	164.89	138.16	0	0	0	0	0	0	0	0	826.87	0
8.7594	23.21	11.66	12.1	163.02	59.4	235.95	166.87	144.43	0	0	0	0	0	0	0	0	816.64	0
8.7694	20.9	11.66	12.1	147.4	52.91	235.95	166.87	148.61	5.17	0	0	0	0	0	0	0	796.4	5.17
8.7794	20.9	9.68	12.1	131.67	46.53	235.95	164.89	154.88	12.21	9.35	0	0	0	0	0	0	776.6	21.56
8.7894	18.59	9.68	9.68	111.54	40.15	235.95	162.8	159.06	26.29	18.7	0	0	0	0	0	0	747.45	44.99
8.7994	18.59	7.7	9.68	93.94	33.88	235.95	158.84	165.33	98.01	56.21	7.15	11.22	0	4.73	0	0	723.91	177.32
8.8094	16.17	5.83	9.68	74.03	27.5	235.95	152.79	169.62	149.16	101.2	14.3	28.27	0	11.88	0	0	691.57	304.81
8.8194	13.86	5.83	7.26	55.11	21.12	227.15	146.74	174.13	173.03	148.06	28.71	53.68	8.25	30.8	0	4.18	651.2	446.71
8.8294	11.55	3.85	7.26	39.6	16.94	213.84	138.6	176.44	203.17	182.71	45.43	71.94	11	56.98	5.06	8.47	608.08	584.76
8.8394	6.93	3.85	4.84	27.5	12.65	187.33	128.59	176.44	224.07	199.65	57.75	81.29	11	70.18	10.23	12.65	548.13	666.82
8.8494	0	0	4.84	17.16	10.56	146.19	112.64	176.44	224.07	202.07	60.5	87.56	13.75	75.68	23.1	16.94	467.83	703.67
8.8594	0	0	0	10.34	8.47	101.2	87.23	167.42	212.41	199.65	60.5	90.75	13.75	83.82	30.8	19.03	374.66	710.71
8.8694	0	0	0	6.82	8.47	67.54	65.56	142.34	207.79	204.49	63.25	100.21	16.5	94.6	41.03	21.12	290.73	748.99
8.8794	0	0	0	0	6.27	46.86	51.92	92.84	214.72	214.17	71.39	106.48	19.25	105.49	48.73	25.41	197.89	805.64
8.8894	0	0	0	0	4.18	35.09	44.22	56.54	228.91	226.27	82.39	115.94	22	116.38	59.51	29.59	140.03	880.99
8.8994	0	0	0	0	0	27.28	36.63	37.07	246.18	235.95	93.28	119.02	22	127.27	71.39	31.79	100.98	946.88
8.9094	0	0	0	0	0	19.47	28.93	21.12	258.5	240.79	101.42	125.4	24.75	132.77	80.3	33.88	69.52	997.81
8.9194	0	0	0	0	0	13.64	19.8	8.8	265.87	245.63	106.92	128.48	27.5	140.91	86.35	35.97	42.24	1037.63
8.9294	0	0	0	0	0	9.68	12.21	0	263.45	248.05	106.92	137.94	27.5	146.3	89.32	38.06	21.89	1057.54
8.9394	0	0	0	0	0	7.81	7.59	0	256.08	248.05	106.92	144.32	27.5	151.8	89.32	38.06	15.4	1062.05
8.9494	0	0	0	0	0	7.81	7.59	0	243.76	245.63	101.42	150.59	27.5	157.19	92.29	40.26	15.4	1058.64
8.9594	0	0	0	0	0	5.83	6.05	0	231.44	240.79	98.67	156.97	27.5	159.94	89.32	40.26	11.88	1044.89
8.9694	0	0	0	0	0	3.85	4.51	0	217.03	233.53	93.28	163.24	27.5	162.69	89.32	40.26	8.36	1026.85
8.9794	0	0	0	0	0	3.85	2.97	0	203.17	226.27	87.78	166.43	27.5	165.44	89.32	40.26	6.82	1006.17
8.9894	0	0	0	0	0	0	0	0	189.2	219.01	82.39	169.62	27.5	165.44	89.32	40.26	0	982.74
8.9994	0	0	0	0	0	0	0	0	175.34	209.33	76.89	172.81	27.5	165.44	86.35	40.26	0	953.92
9.0094	0	0	0	0	0	0	0	0	163.9	199.65	71.39	172.81	27.5	162.69	83.27	40.26	0	921.47
9.0194	0	0	0	0	0	0	0	0	151.25	189.97	66	176	27.5	162.69	83.27	40.26	0	896.94
9.0294	0	0	0	0	0	0	0	0	142.78	180.29	63.25	176	27.5	162.69	80.3	40.26	0	873.07
9.0394	0	0	0	0	0	0	0	0	134.31	173.03	57.75	179.19	27.5	162.69	80.3	40.26	0	855.03
9.0494	0	0	0	0	0	0	0	0	127.93	165.66	57.75	179.19	27.5	162.69	83.27	40.26	0	844.25
9.0594	0	0	0	0	0	0	0	0	121.55	160.6	55.11	179.19	27.5	165.44	83.27	42.35	0	835.01
9.0694	0	0	0	0	0	0	0	0	117.37	153.12	55.11	179.19	30.25	165.44	86.35	42.35	0	829.18
9.0794	0	0	0	0	0	0	0	0	113.3	148.06	52.69	179.19	30.25	168.19	89.32	42.35	0	823.35
9.0894	0	0	0	0	0	0	0	0	111.43	145.64	55.11	179.19	30.25	168.19	92.29	44.44	0	826.54
9.0994	0	0	0	0	0	0	0	0	109.45	143.11	55.11	179.19	33	173.47	98.23	46.53	0	838.09
9.1094	0	0	0	0	0	0	0	0	107.58	140.58	57.75	182.38	33	176.22	104.17	48.73	0	850.41
9.1194	0	0	0	0	0	0	0	0	105.71	138.05	57.75	185.57	35.75	184.25	113.08	48.73	0	868.89
9.1294	0	0	0	0	0	0	0	0	101.86	135.52	57.75	188.76	38.5	189.64	121.77	50.82	0	884.62
9.1394	0	0	0	0	0	0	0	0	98.01	133.1	57.75	195.14	38.5	200.42	130.46	55.11	0	908.49
9.1494	0	0	0	0	0	0	0	0	92.29	125.51	55.11	198.44	41.25	208.45	139.15	55.11	0	915.31
9.1594	0	0	0	0	0	0	0	0	86.57	120.56	50.27	204.82	41.25	216.59	150.81	59.95	0	930.82
9.1694	0	0	0	0	0	0	0	0	78.98	110.66	47.85	211.2	44	224.73	159.5	62.37	0	939.29
9.1794	0	0	0	0	0	0	0	0	69.41	103.51	43.12	217.58	44	235.95	168.3	67.32	0	949.19
9.1894	0	0	0	0	0	0	0	0	61.71	94.05	40.7	224.07	46.75	244.31	177.21	69.74	0	958.54
9.1994	0	0	0	0	0	0	0	0	52.69	84.59	35.86	229.79	46.75	252.67	186.12	74.69	0	963.16
9.2094	0	0	0	0	0	0	0	0	43.89	75.13	28.71	235.62	49.5	261.03	192.06	77.11	0	963.05
9.2194	0	0	0	0	0	0	0	0	35.09	60.94	23.87	244.42	49.5	269.39	201.08	81.95	0	966.24
9.2294	0	0	0	0	0	0	0	0	28.05	49.17	19.14	247.28	49.5	277.86	204.05	84.48	0	959.53
9.2394	0	0	0	0	0	0	0	0	24.53	37.51	14.3	250.14	49.5	286.33	209.99	89.32	0	961.62
9.2494	0	0	0	0	0	0	0	0	21.01	28.05	11.88	247.28	49.5	291.94	212.96	91.74	0	954.36
9.2594	0	0	0	0	0	0	0	0	17.49	18.7	7.15	241.45	46.75	297.55	218.9	94.27	0	942.26
9.2694	6.93	0	0	0	0	0	0	0	13.97	9.35	4.73	224.07	44	300.41	221.98	96.69	6.93	915.2
9.2794	16.17	0	0	0	0	0	0	0	13.97	6.93	4.73	201.63	38.5	303.27	221.98	99.11	16.17	890.12
9.2893	44.11	0	0	0	0	0	0	0	13.97	6.93	4.73	176	33	303.27	221.98	101.53	44.11	861.41
9.2993	172.37	23.32	9.68	5.17	0	3.85	0	0	12.21	4.62	0	150.59	27.5	306.02	221.98	104.06	214.39	826.98
9.3093	244.09	44.77	21.78	10.34	4.18	5.83	0	0	10.45	4.62	0	125.4	22	306.02	218.9	108.9	330.99	796.29
9.3193	241.45	65.34	38.72	22.33	8.47	9.68	0	0	10.45	0	0	100.21	16.5	300.41	215.93	111.32	385.99	754.82
9.3293	249.26	96.14	60.39	34.43	12.65	17.49	2.97	0	8.69	0	0	71.94	11	291.94	209.99	113.85	473.33	707.41
9.3393	249.26	113.85	74.58	46.53	16.94	25.3	7.59	3.52	6.93	0	0	48.07	8.25	275	201.08	116.05	537.57	655.38
9.3493	257.07	124.3	86.35	60.83	21.12	33.22	12.21	8.8	5.17	0	0	33.88	8.25	241.45	189.09	118.25	603.9	596.09
9.3593	262.24	128.48	95.81	63.03	23.21	41.03	16.72	8.8	3.41	0	0	19.8	5.5	192.39	168.3	118.25	639.32	507.65
9.3693	267.41	132.66	105.27	69.63	25.41	50.71	21.34	10.56	0	0	0	11.22	5.5	146.3	147.84	113.85	682.99	424.71
9.3793	275.22	138.93	114.84	71.83	29.59	58.63	27.5	12.32	0	0	0	5.61	5.5	108.24	121.77	104.06	728.86	345.18
9.3893	285.45	143.11	124.74	74.03	31.68	65.34	32.01	14.08	0	0	0	0	5.5	78.32	98.23	86.9	770.44	268.95
9.3993	300.85	149.38	137.17	76.23	33.88	72.05	36.63	15.84	0	0	0	0	5.5	56.98	77.33	62.37	822.03	202.18
9.4093	316.14	157.74	149.49	80.63	35.97	76.56	39.71	17.6	0	0	0	0	5.5	40.37	65.45	48.73	873.84	160.05
9.4193	326.37	164.01	154.44	85.03	38.06	80.96	41.25	17.6	0	0	0	0	0	30.8	56.54	35.97	907.72	123.31
9.4293	331.54	170.61	156.97	91.74	38.06	83.27	41.25	19.36	0	0	0	0	0	23.65	46.2	27.5	932.8	97.35
9.4393	331.54	175.12	156.97	96.14	38.06	87.67	42.68	19.36	0	0	0	0	0	18.92	38.5	21.12	947.54	78.54
9.4493	326.37	179.63	154.44	104.94	38.06	89.98	42.68	21.12	0	0	0	0	0	14.19	25.63	10.56	957.22	50.38
9.4593	321.31	181.94	149.49	111.54	38.06	94.49	41.25	21.12	0	0	0	0	0	7.04	10.23	0	959.2	17.27
9.4693	311.08	181.94	144.54	118.25	38.06	94.49	41.25	21.12	0	0	0	0	0	4.73	5.06	0	950.73	9.79
9.4793	300.85	181.94	137.17	124.96	38.06	96.69	41.25	21.12	0	0	0	0	0	4.73	5.06	0	942.04	9.79
9.4893	290.62	179.63	132.22	129.47	40.15	98.89	41.25	22.88	0	0	0	0	0	0	0	0	935.11	0
9.4993	280.39	177.43	127.27	131.67	40.15	98.89	41.25	21.12	0	0	0	0	0	0	0	0	918.17	0
9.5093	267.41	172.81	119.79	136.18	40.15	101.2	41.25	21.12	0	0	0	0	0	0	0	0	899.91	0
9.5193	254.43	166.1	114.84	138.38	40.15	101.2	41.25	21.12	0	0	0	0	0	0	0	0	877.47	0
9.5293	244.09	159.83	110	140.69	40.15	101.2	41.25	22.88	0	0	0	0	0	0	0	0	860.09	0
9.5393	231.11	155.65	105.27	140.69	40.15	101.2	42.68	22.88	0	0	0	0	0	0	0	0	839.63	0
9.5493	220.88	149.38	100.54	142.89	42.35	103.4	44.22	22.88	0	0	0	0	0	0	0	0	826.54	0
9.5593	213.62	145.2	98.23	145.09	42.35	105.6	44.22	22.88	0	0	0	0	0	0	0	0	817.19	0
9.5693	206.36	141.02	95.81	145.09	44.44	105.6	47.3	24.64	0	0	0	0	0	0	0	0	810.26	0
9.5793	201.52	136.84	93.5	147.4	46.53	107.91	48.84	24.64	0	0	0	0	0	0	0	0	807.18	0
9.5893	196.68	132.66	93.5	147.4	46.53	110.11	50.38	24.64	0	0	0	0	0	0	0	0	801.9	0
9.5993	191.73	130.57	93.5	149.6	46.53	112.42	53.46	24.64	0	0	0	0	0	0	0	0	802.45	0
9.6093	189.31	126.39	93.5	151.8	48.62	114.51	55	26.4	0	0	0	0	0	0	0	0	805.53	0
9.6193	184.47	122.21	93.5	151.8	50.82	116.6	58.3	26.4	0	0	0	0	0	0	0	0	804.1	0
9.6293	177.21	118.03	95.81	154.11	50.82	120.78	60.06	26.4	0	0	0	0	0	0	0	0	803.22	0
9.6393	172.37	113.85	95.81	154.11	52.91	127.16	63.69	28.27	0	0	0	0	0	0	0	0	808.17	0
9.6493	167.53	109.34	95.81	156.31	52.91	131.45	69.19	30.03	0	0	0	0	0	0	0	0	812.57	0
9.6593	160.05	104.94	95.81	160.82	55	139.92	72.82	31.79	0	0	0	0	0	0	0	0	821.15	0
9.6693	152.68	100.54	95.81	165.33	55	148.39	78.21	35.31	0	0	0	0	0	0	0	0	831.27	0
9.6793	140.47	96.14	88.77	174.68	57.2	158.95	81.84	38.83	0	0	0	0	0	0	0	0	836.88	0
9.6893	128.15	87.34	84.04	181.83	59.4	167.53	87.23	42.35	0	0	0	0	0	0	0	0	837.87	0
9.6993	113.41	80.74	74.58	188.87	59.4	178.53	92.73	45.87	0	0	0	0	0	0	0	0	834.13	0
9.7093	102.08	71.94	67.54	195.91	61.71	189.53	98.12	49.39	0	0	0	0	0	0	0	0	836.22	0
9.7193	86.68	65.34	58.08	205.37	64.02	198.44	103.62	54.67	0	0	0	0	0	0	0	0	836.22	0
9.7293	73.37	54.56	45.98	212.52	64.02	209.44	110.88	60.5	0	0	0	0	0	0	0	0	831.27	0
9.7393	62.37	46.75	36.3	217.25	66.33	218.24	116.49	68.64	0	0	0	0	0	0	0	0	832.37	0
9.7493	46.42	36.96	26.62	219.56	66.33	227.15	124.52	78.65	0	0	0	0	0	0	0	0	826.21	0
9.7593	39.49	31.13	21.78	221.98	66.33	233.75	132.55	96.91	0	0	0	0	0	0	0	0	843.92	0
9.7693	34.76	25.3	19.36	217.25	66.33	240.35	138.6	106.92	0	0	0	0	0	0	0	0	848.87	0
9.7793	27.83	19.47	16.94	212.52	61.71	244.75	142.67	117.26	0	0	0	0	0	0	0	0	843.15	0
9.7893	23.21	15.51	14.52	203.06	59.4	246.95	146.74	123.53	0	0	0	0	0	0	0	0	832.92	0
9.7993	23.21	13.64	12.1	188.87	55	246.95	148.72	129.8	5.17	0	0	0	0	0	0	0	818.29	5.17
9.8093	20.9	13.64	9.68	169.95	50.82	246.95	146.74	136.07	10.45	6.93	0	0	0	0	0	0	794.75	17.38
9.8193	20.9	11.66	9.68	151.8	44.44	246.95	144.65	140.25	17.49	11.66	0	0	0	0	0	0	770.33	29.15
9.8293	18.59	9.68	9.68	129.47	38.06	246.95	140.69	146.52	47.41	30.47	0	5.61	0	0	0	0	739.64	83.49
9.8393	18.59	9.68	7.26	104.94	31.68	246.95	136.62	154.88	130.02	75.13	11.88	14.08	0	7.04	0	0	710.6	238.15
9.8493	16.17	7.7	7.26	82.83	23.21	242.55	132.55	159.06	163.9	123.09	23.87	42.35	5.5	21.34	5.06	0	671.33	385.11
9.8593	13.86	5.83	7.26	58.63	19.03	233.75	126.5	165.33	186.89	160.6	40.7	65.67	8.25	45.1	7.7	6.27	630.19	521.18
9.8693	11.55	5.83	4.84	41.36	14.74	216.04	118.47	167.42	210.1	185.13	55.11	81.29	11	64.79	12.76	10.56	580.25	630.74
9.8793	6.93	0	4.84	27.5	10.56	182.93	110.88	171.82	217.03	192.39	60.5	87.56	13.75	72.93	28.27	14.74	515.46	687.17
9.8893	4.62	0	4.84	17.16	8.47	133.54	96.36	169.62	210.1	192.39	63.25	90.75	16.5	81.07	35.97	16.94	434.61	706.97
9.8993	0	0	0	11.99	8.47	89.98	74.58	156.97	203.17	194.81	63.25	100.21	16.5	89.21	43.67	19.03	341.99	729.85
9.9093	0	0	0	6.82	8.47	58.63	58.3	125.62	205.48	204.49	71.39	109.56	19.25	100.1	51.37	23.21	257.84	784.85
9.9193	0	0	0	3.41	6.27	42.9	47.3	74.69	217.03	216.59	79.64	115.94	22	110.99	59.51	27.5	174.57	849.2
9.9293	0	0	0	0	0	33.22	39.71	49.39	233.86	226.27	87.78	122.21	22	119.13	68.42	29.59	122.32	909.26
9.9393	0	0	0	0	0	23.43	33.55	26.4	248.6	233.53	98.67	125.4	24.75	124.52	74.36	33.88	83.38	963.71
9.9493	0	0	0	0	0	17.49	24.42	17.6	260.92	240.79	104.17	131.67	27.5	132.77	83.27	35.97	59.51	1017.06
9.9593	0	0	0	0	0	11.66	15.18	5.28	263.45	243.21	106.92	134.86	27.5	135.41	86.35	38.06	32.12	1035.76
9.9693	0	0	0	0	0	7.81	6.05	0	260.92	245.63	109.67	141.13	27.5	140.91	86.35	38.06	13.86	1050.17
9.9793	0	0	0	0	0	7.81	6.05	0	253.55	245.63	106.92	150.59	27.5	146.3	89.32	38.06	13.86	1057.87
9.9893	0	0	0	0	0	5.83	4.51	0	243.76	243.21	101.42	156.97	27.5	149.05	86.35	40.26	10.34	1048.52
9.9993	0	0	0	0	0	3.85	2.97	0	233.86	240.79	98.67	160.05	27.5	151.8	86.35	40.26	6.82	1039.28
10.0093	0	0	0	0	0	3.85	0	0	221.65	235.95	93.28	163.24	27.5	151.8	83.27	38.06	3.85	1014.75
10.0193	0	0	0	0	0	0	0	0	207.79	228.69	90.53	166.43	27.5	151.8	83.27	40.26	0	996.27
10.0293	0	0	0	0	0	0	0	0	198.55	221.43	85.03	169.62	27.5	151.8	80.3	40.26	0	974.49
10.0393	0	0	0	0	0	0	0	0	184.58	214.17	79.64	172.81	27.5	151.8	80.3	38.06	0	948.86
10.0493	0	0	0	0	0	0	0	0	173.03	204.49	74.14	176	27.5	151.8	77.33	40.26	0	924.55
10.0593	0	0	0	0	0	0	0	0	161.81	197.23	71.39	179.19	27.5	151.8	77.33	38.06	0	904.31
10.0693	0	0	0	0	0	0	0	0	153.34	187.55	68.75	179.19	27.5	151.8	77.33	38.06	0	883.52
10.0793	0	0	0	0	0	0	0	0	144.87	180.29	63.25	182.38	27.5	151.8	77.33	40.26	0	867.68
10.0893	0	0	0	0	0	0	0	0	136.4	173.03	63.25	182.38	30.25	154.55	77.33	40.26	0	857.45
10.0993	0	0	0	0	0	0	0	0	132.22	168.19	60.5	185.57	30.25	157.19	80.3	40.26	0	854.48
10.1093	0	0	0	0	0	0	0	0	123.75	163.13	57.75	188.76	30.25	159.94	83.27	42.35	0	849.2
10.1193	0	0	0	0	0	0	0	0	119.46	155.65	57.75	191.95	30.25	162.69	86.35	42.35	0	846.45
10.1293	0	0	0	0	0	0	0	0	113.3	150.59	55.11	195.14	30.25	168.19	89.32	44.44	0	846.34
10.1393	0	0	0	0	0	0	0	0	109.45	148.06	55.11	201.63	33	173.47	95.26	46.53	0	862.51
10.1493	0	0	0	0	0	0	0	0	103.73	140.58	52.69	204.82	33	178.86	101.2	46.53	0	861.41
10.1593	0	0	0	0	0	0	0	0	99.99	138.05	52.69	211.2	35.75	187	107.14	48.73	0	880.55
10.1693	0	0	0	0	0	0	0	0	94.16	133.1	52.69	214.39	35.75	192.39	113.08	50.82	0	886.38
10.1793	0	0	0	0	0	0	0	0	88.44	125.51	50.27	217.58	38.5	200.42	121.77	52.91	0	895.4
10.1893	0	0	0	0	0	0	0	0	84.7	120.56	47.85	220.77	41.25	208.45	133.32	55.11	0	912.01
10.1993	0	0	0	0	0	0	0	0	78.98	113.08	47.85	224.07	44	213.84	142.12	57.53	0	921.47
10.2093	0	0	0	0	0	0	0	0	73.15	108.24	45.43	226.93	44	221.98	150.81	62.37	0	932.91
10.2193	0	0	0	0	0	0	0	0	67.43	101.2	43.12	229.79	46.75	230.34	162.36	64.9	0	945.89
10.2293	0	0	0	0	0	0	0	0	61.71	94.05	40.7	235.62	46.75	238.7	174.24	67.32	0	959.09
10.2393	0	0	0	0	0	0	0	0	54.45	87.01	35.86	241.45	49.5	247.06	183.15	69.74	0	968.22
10.2493	0	0	0	0	0	0	0	0	45.65	75.13	31.13	247.28	49.5	255.42	189.09	72.16	0	965.36
10.2593	0	0	0	0	0	0	0	0	36.85	63.36	23.87	253.11	49.5	263.89	198.11	77.11	0	965.8
10.2693	0	0	0	0	0	0	0	0	29.81	49.17	19.14	255.97	52.25	272.25	204.05	79.53	0	962.17
10.2793	0	0	0	0	0	0	0	0	24.53	37.51	16.72	255.97	52.25	277.86	209.99	84.48	0	959.31
10.2893	0	0	0	0	0	0	0	0	21.01	28.05	11.88	253.11	49.5	283.47	215.93	86.9	0	949.85
10.2993	0	0	0	0	0	0	0	0	17.49	18.7	9.57	244.42	46.75	289.08	218.9	89.32	0	934.23
10.3093	6.93	0	0	0	0	0	0	0	15.73	9.35	4.73	229.79	44	291.94	221.98	91.74	6.93	909.26
10.3193	18.59	0	0	0	0	0	0	0	13.97	6.93	4.73	208.01	38.5	294.8	221.98	94.27	18.59	883.19
10.3293	48.73	0	0	0	0	0	0	0	13.97	6.93	0	182.38	33	297.55	221.98	99.11	48.73	854.92
10.3393	162.58	25.3	12.1	5.17	0	3.85	0	0	12.21	4.62	0	156.97	27.5	297.55	224.73	104.06	209	827.64
10.3493	228.58	48.73	24.2	11.99	4.18	5.83	0	0	12.21	4.62	0	128.48	22	294.8	221.98	106.48	323.51	790.57
10.3593	236.28	67.54	43.56	24.09	10.56	11.66	0	0	10.45	0	0	103.29	16.5	291.94	218.9	111.32	393.69	752.4
10.3693	249.26	96.14	67.54	37.84	14.74	19.47	4.51	3.52	8.69	0	0	75.02	13.75	280.61	212.96	113.85	493.02	704.88
10.3793	251.9	113.85	84.04	51.7	19.03	29.26	7.59	7.04	6.93	0	0	50.82	8.25	261.03	209.99	116.05	564.41	653.07
10.3893	259.6	122.21	95.81	60.83	23.21	41.03	16.72	12.32	5.17	0	0	33.88	8.25	230.34	195.14	118.25	631.73	591.03
10.3993	267.41	126.39	105.27	63.03	25.41	46.86	19.8	14.08	3.41	0	0	19.8	5.5	181.61	177.21	118.25	668.25	505.78
10.4093	264.88	128.48	110	69.63	29.59	56.65	27.5	15.84	0	0	0	11.22	5.5	135.41	153.67	116.05	702.57	421.85
10.4193	267.41	132.66	117.37	71.83	31.68	65.34	32.01	15.84	0	0	0	0	5.5	102.74	124.63	101.53	734.14	334.4
10.4293	272.58	138.93	124.74	78.43	33.88	72.05	36.63	19.36	0	0	0	0	5.5	72.93	98.23	84.48	776.6	261.14
10.4393	285.45	145.2	134.64	82.83	35.97	78.76	39.71	21.12	0	0	0	0	5.5	52.25	80.3	59.95	823.68	198
10.4493	295.68	153.56	142.12	89.54	38.06	85.47	42.68	22.88	0	0	0	0	5.5	37.95	68.42	44.44	869.99	156.31
10.4593	300.85	159.83	149.49	98.34	40.15	92.18	45.76	24.64	0	0	0	0	0	28.49	56.54	33.88	911.24	118.91
10.4693	300.85	166.1	152.02	104.94	40.15	98.89	47.3	24.64	0	0	0	0	0	23.65	48.73	25.41	934.89	97.79
10.4793	300.85	170.61	152.02	113.85	40.15	105.6	47.3	24.64	0	0	0	0	0	18.92	38.5	19.03	955.02	76.45
10.4893	295.68	170.61	152.02	120.56	42.35	110.11	48.84	26.4	0	0	0	0	0	11.88	20.46	8.47	966.57	40.81
10.4993	287.98	172.81	147.07	127.27	42.35	114.51	48.84	26.4	0	0	0	0	0	7.04	7.7	4.18	967.23	18.92
10.5093	277.86	170.61	144.54	133.98	42.35	118.69	48.84	28.27	0	0	0	0	0	4.73	0	0	965.14	4.73
10.5193	267.41	166.1	137.17	138.38	42.35	120.78	50.38	28.27	0	0	0	0	0	4.73	0	0	950.84	4.73
10.5293	257.07	164.01	132.22	142.89	42.35	122.98	50.38	30.03	0	0	0	0	0	0	0	0	941.93	0
10.5393	244.09	159.83	127.27	147.4	42.35	125.07	50.38	30.03	0	0	0	0	0	0	0	0	926.42	0
10.5493	231.11	153.56	119.79	149.6	44.44	125.07	50.38	30.03	0	0	0	0	0	0	0	0	903.98	0
10.5593	218.46	149.38	114.84	151.8	44.44	127.16	50.38	30.03	0	0	0	0	0	0	0	0	886.49	0
10.5693	208.78	143.11	107.69	156.31	44.44	129.25	50.38	30.03	0	0	0	0	0	0	0	0	869.99	0
10.5793	196.68	138.93	102.96	158.51	44.44	129.25	50.38	31.79	0	0	0	0	0	0	0	0	852.94	0
10.5893	186.89	134.75	95.81	163.02	44.44	129.25	50.38	31.79	0	0	0	0	0	0	0	0	836.33	0
10.5993	177.21	130.57	91.08	167.64	44.44	131.45	50.38	31.79	0	0	0	0	0	0	0	0	824.56	0
10.6093	169.95	126.39	86.35	172.37	44.44	133.54	50.38	31.79	0	0	0	0	0	0	0	0	815.21	0
10.6193	160.05	120.12	81.73	177.1	44.44	135.63	48.84	31.79	0	0	0	0	0	0	0	0	799.7	0
10.6293	152.68	115.94	77	181.83	44.44	137.72	50.38	31.79	0	0	0	0	0	0	0	0	791.78	0
10.6393	142.89	111.54	72.27	186.56	44.44	139.92	50.38	31.79	0	0	0	0	0	0	0	0	779.79	0
10.6493	135.52	107.14	69.85	193.6	46.53	144.1	51.92	33.55	0	0	0	0	0	0	0	0	782.21	0
10.6593	128.15	100.54	65.12	198.33	46.53	148.39	51.92	33.55	0	0	0	0	0	0	0	0	772.53	0
10.6693	118.36	96.14	62.81	205.37	46.53	154.66	53.46	35.31	0	0	0	0	0	0	0	0	772.64	0
10.6793	108.68	89.54	58.08	212.52	46.53	158.95	56.54	35.31	0	0	0	0	0	0	0	0	766.15	0
10.6893	99.88	82.94	53.24	217.25	46.53	167.53	58.3	37.07	0	0	0	0	0	0	0	0	762.74	0
10.6993	91.08	76.34	48.4	224.18	48.62	174.13	60.06	38.83	0	0	0	0	0	0	0	0	761.64	0
10.7093	82.17	69.74	45.98	228.69	48.62	180.73	63.69	40.59	0	0	0	0	0	0	0	0	760.21	0
10.7192	73.37	63.14	38.72	233.31	48.62	189.53	69.19	42.35	0	0	0	0	0	0	0	0	758.23	0
10.7292	64.57	54.56	33.88	237.82	50.82	196.24	72.82	44.11	0	0	0	0	0	0	0	0	754.82	0
10.7392	55.77	48.73	29.04	242.33	50.82	205.04	76.45	47.63	0	0	0	0	0	0	0	0	755.81	0
10.7492	46.42	40.92	24.2	244.64	50.82	213.84	81.84	52.91	0	0	0	0	0	0	0	0	755.59	0
10.7592	39.49	35.09	21.78	249.15	50.82	220.55	87.23	58.52	0	0	0	0	0	0	0	0	762.63	0
10.7692	34.76	31.13	19.36	249.15	50.82	229.35	92.73	66.55	0	0	0	0	0	0	0	0	773.85	0
10.7792	32.45	27.28	16.94	251.46	52.91	238.15	98.12	74.69	0	0	0	0	0	0	0	0	792	0
10.7892	27.83	23.32	14.52	249.15	50.82	244.75	103.62	88.77	0	0	0	0	0	0	0	0	802.78	0
10.7992	25.52	17.49	12.1	249.15	50.82	251.35	107.25	100.87	0	0	0	0	0	0	0	0	814.55	0
10.8092	23.21	15.51	12.1	242.33	50.82	255.75	110.88	110.99	0	0	0	0	0	0	0	0	821.59	0
10.8192	20.9	15.51	9.68	235.51	46.53	260.15	112.64	119.35	0	0	0	0	0	0	0	0	820.27	0
10.8292	20.9	13.64	9.68	221.98	44.44	264.55	114.51	127.71	0	0	0	0	0	0	0	0	817.41	0
10.8392	20.9	13.64	9.68	207.79	42.35	266.75	114.51	136.07	0	0	0	0	0	0	0	0	811.69	0
10.8492	18.59	11.66	7.26	188.87	38.06	271.15	114.51	144.43	6.93	6.93	0	0	0	0	0	0	794.53	13.86
10.8592	18.59	11.66	7.26	167.64	33.88	273.35	112.64	154.88	12.21	9.35	0	0	0	0	0	0	779.9	21.56
10.8692	16.17	9.68	7.26	145.09	29.59	275.55	110.88	161.15	19.25	18.7	0	0	0	0	0	0	755.37	37.95
10.8792	16.17	9.68	7.26	122.76	25.41	275.55	107.25	167.42	56.21	39.82	4.73	8.47	0	0	0	0	731.5	109.23
10.8892	13.86	7.7	4.84	100.54	21.12	273.35	103.62	174.13	134.31	89.32	14.3	19.8	0	7.04	5.06	0	699.16	269.83
10.8992	11.55	7.7	4.84	76.23	14.74	268.95	98.12	178.75	168.41	138.05	28.71	50.82	8.25	30.8	7.7	8.47	660.88	441.21
10.9092	9.24	5.83	4.84	55.11	12.65	253.55	94.49	183.37	207.79	180.29	52.69	75.02	11	62.04	12.76	10.56	619.08	612.15
10.9192	6.93	3.85	4.84	39.6	8.47	224.95	87.23	185.68	241.23	204.49	71.39	84.48	13.75	75.68	28.27	14.74	561.55	734.03
10.9292	0	0	0	27.5	6.27	169.73	78.21	185.68	246.18	209.33	76.89	90.75	16.5	83.82	38.5	19.03	467.39	781
10.9392	0	0	0	18.92	6.27	114.51	67.32	174.13	228.91	206.91	74.14	93.94	16.5	91.96	41.03	19.03	381.15	772.42
10.9492	0	0	0	13.75	6.27	74.25	55	142.34	217.03	206.91	74.14	103.29	19.25	102.74	48.73	23.21	291.61	795.3
10.9592	0	0	0	8.58	4.18	50.71	45.76	86.79	214.72	214.17	79.64	112.75	22	116.38	56.54	27.5	196.02	843.7
10.9692	0	0	0	5.17	0	37.07	38.17	56.54	224.07	221.43	87.78	119.02	22	127.27	68.42	29.59	136.95	899.58
10.9792	0	0	0	0	0	25.3	30.47	31.79	233.86	228.69	96.03	125.4	24.75	135.41	77.33	33.88	87.56	955.35
10.9892	0	0	0	0	0	19.47	21.34	19.36	248.6	233.53	104.17	128.48	24.75	143.66	89.32	35.97	60.17	1008.48
10.9992	0	0	0	0	0	13.64	12.21	3.52	253.55	235.95	112.42	134.86	30.25	149.05	98.23	40.26	29.37	1054.57
11.0092	0	0	0	0	0	9.68	6.05	0	251.13	238.37	112.42	141.13	30.25	154.55	101.2	40.26	15.73	1069.31
11.0192	0	0	0	0	0	7.81	4.51	0	241.23	235.95	106.92	150.59	30.25	159.94	104.17	42.35	12.32	1071.4
11.0292	0	0	0	0	0	7.81	2.97	0	226.49	233.53	104.17	156.97	30.25	165.44	104.17	42.35	10.78	1063.37
11.0392	0	0	0	0	0	5.83	0	0	212.41	226.27	98.67	166.43	30.25	168.19	104.17	42.35	5.83	1048.74
11.0492	0	0	0	0	0	3.85	0	0	198.55	219.01	90.53	169.62	30.25	170.83	101.2	44.44	3.85	1024.43
11.0592	0	0	0	0	0	3.85	0	0	182.27	209.33	85.03	176	30.25	173.47	101.2	44.44	3.85	1001.99
11.0692	0	0	0	0	0	3.85	0	0	168.41	202.07	76.89	179.19	30.25	173.47	98.23	44.44	3.85	972.95
11.0792	0	0	0	0	0	0	0	0	155.43	192.39	71.39	182.38	30.25	173.47	95.26	44.44	0	945.01
11.0892	0	0	0	0	0	0	0	0	144.87	182.71	66	185.57	30.25	170.83	92.29	44.44	0	916.96
11.0992	0	0	0	0	0	0	0	0	136.4	175.45	60.5	185.57	30.25	170.83	92.29	44.44	0	895.73
11.1092	0	0	0	0	0	0	0	0	127.93	165.66	57.75	188.76	30.25	170.83	95.26	44.44	0	880.88
11.1192	0	0	0	0	0	0	0	0	119.46	158.07	52.69	188.76	30.25	170.83	95.26	44.44	0	859.76
11.1292	0	0	0	0	0	0	0	0	111.43	150.59	50.27	188.76	33	170.83	95.26	44.44	0	844.58
11.1392	0	0	0	0	0	0	0	0	105.71	143.11	47.85	191.95	33	173.47	98.23	44.44	0	837.76
11.1492	0	0	0	0	0	0	0	0	99.99	138.05	45.43	191.95	33	176.22	101.2	46.53	0	832.37
11.1592	0	0	0	0	0	0	0	0	96.14	130.57	43.12	195.14	33	176.22	104.17	46.53	0	824.89
11.1692	0	0	0	0	0	0	0	0	92.29	125.51	45.43	195.14	33	181.61	113.08	48.73	0	834.79
11.1792	0	0	0	0	0	0	0	0	88.44	123.09	45.43	195.14	35.75	184.25	115.94	48.73	0	836.77
11.1892	0	0	0	0	0	0	0	0	86.57	118.03	45.43	195.14	38.5	189.64	124.63	50.82	0	848.76
11.1992	0	0	0	0	0	0	0	0	82.72	115.5	45.43	195.14	38.5	195.03	133.32	52.91	0	858.55
11.2092	0	0	0	0	0	0	0	0	80.85	110.66	45.43	198.44	41.25	200.42	144.98	55.11	0	877.14
11.2192	0	0	0	0	0	0	0	0	77	108.24	45.43	198.44	44	205.81	153.67	57.53	0	890.12
11.2292	0	0	0	0	0	0	0	0	71.28	101.2	43.12	198.44	46.75	211.2	168.3	62.37	0	902.66
11.2392	0	0	0	0	0	0	0	0	65.56	94.05	43.12	201.63	46.75	219.23	180.18	64.9	0	915.42
11.2492	0	0	0	0	0	0	0	0	59.84	87.01	40.7	201.63	52.25	224.73	195.14	67.32	0	928.62
11.2592	0	0	0	0	0	0	0	0	52.69	79.86	35.86	208.01	52.25	230.34	209.99	69.74	0	938.74
11.2692	0	0	0	0	0	0	0	0	45.65	70.4	33.44	211.2	55.11	238.7	221.98	72.16	0	948.64
11.2792	0	0	0	0	0	0	0	0	36.85	60.94	26.29	214.39	58.08	244.31	230.45	77.11	0	948.42
11.2892	0	0	0	0	0	0	0	0	29.81	49.17	21.56	217.58	58.08	252.67	238.92	79.53	0	947.32
11.2992	0	0	0	0	0	0	0	0	26.29	37.51	16.72	224.07	58.08	261.03	247.39	81.95	0	953.04
11.3092	0	0	0	0	0	0	0	0	22.77	30.47	14.3	224.07	58.08	266.64	253	84.48	0	953.81
11.3192	0	0	0	0	0	0	0	0	21.01	21.01	11.88	220.77	58.08	272.25	261.47	89.32	0	955.79
11.3292	0	0	0	0	0	0	0	0	17.49	13.97	9.57	211.2	55.11	275	264.33	91.74	0	938.41
11.3392	6.93	0	0	0	0	0	0	0	13.97	6.93	4.73	191.95	52.25	277.86	269.94	94.27	6.93	911.9
11.3492	13.86	0	0	0	0	0	0	0	13.97	4.62	4.73	172.81	46.75	277.86	269.94	99.11	13.86	889.79
11.3592	30.14	0	0	0	0	0	0	0	12.21	4.62	4.73	150.59	41.25	277.86	272.8	104.06	30.14	868.12
11.3692	120.78	9.68	4.84	0	0	0	0	0	12.21	0	0	128.48	33	277.86	272.8	111.32	135.3	835.67
11.3792	236.28	35.09	21.78	6.82	0	5.83	0	0	10.45	0	0	103.29	27.5	277.86	267.19	116.05	305.8	802.34
11.3892	257.07	56.54	41.14	13.75	4.18	7.81	0	0	10.45	0	0	81.29	19.25	272.25	267.19	122.76	380.49	773.19
11.3992	264.88	85.14	62.81	31.02	10.56	15.62	0	0	8.69	0	0	56.54	13.75	263.89	258.72	124.96	470.03	726.55
11.4092	264.88	102.74	77	41.36	14.74	23.43	6.05	0	6.93	0	0	39.6	11	247.06	247.39	127.16	530.2	679.14
11.4192	259.6	109.34	84.04	53.35	19.03	29.26	10.67	7.04	5.17	0	0	25.41	8.25	216.59	230.45	127.16	572.33	613.03
11.4292	257.07	113.85	91.08	56.87	21.12	37.07	15.18	8.8	3.41	0	0	14.08	8.25	176.22	207.02	127.16	601.04	536.14
11.4392	251.9	115.94	95.81	58.63	25.41	46.86	21.34	10.56	0	0	0	5.61	8.25	135.41	180.18	122.76	626.45	452.21
11.4492	254.43	120.12	105.27	63.03	27.5	56.65	27.5	12.32	0	0	0	0	5.5	102.74	147.84	113.85	666.82	369.93
11.4592	262.24	126.39	117.37	67.43	29.59	63.03	33.55	14.08	0	0	0	0	8.25	75.68	115.94	96.69	713.68	296.56
11.4692	277.86	132.66	129.69	71.83	33.88	72.05	38.17	15.84	0	0	0	0	8.25	54.56	92.29	74.69	771.98	229.79
11.4792	295.68	138.93	144.54	76.23	35.97	78.76	42.68	17.6	0	0	0	0	8.25	40.37	77.33	55.11	830.39	181.06
11.4892	305.91	145.2	156.97	80.63	35.97	85.47	45.76	19.36	0	0	0	0	5.5	30.8	62.48	40.26	875.27	139.04
11.4992	311.08	151.47	161.92	87.34	38.06	92.18	47.3	22.88	0	0	0	0	0	23.65	53.9	29.59	912.23	107.14
11.5092	311.08	155.65	164.34	93.94	40.15	98.89	48.84	24.64	0	0	0	0	0	18.92	43.67	23.21	937.53	85.8
11.5192	308.44	157.74	166.87	100.54	40.15	105.6	50.38	24.64	0	0	0	0	0	11.88	28.27	12.65	954.36	52.8
11.5292	303.38	159.83	164.34	107.14	40.15	110.11	50.38	26.4	0	0	0	0	0	7.04	15.4	6.27	961.73	28.71
11.5392	293.15	159.83	159.39	116.05	40.15	114.51	51.92	26.4	0	0	0	0	0	7.04	12.76	4.18	961.4	23.98
11.5492	282.92	159.83	154.44	120.56	40.15	118.69	51.92	28.27	0	0	0	0	0	4.73	10.23	4.18	956.78	19.14
11.5592	270.05	155.65	149.49	127.27	40.15	122.98	51.92	28.27	0	0	0	0	0	0	7.7	0	945.78	7.7
11.5692	259.6	151.47	142.12	131.67	40.15	125.07	51.92	28.27	0	0	0	0	0	0	5.06	0	930.27	5.06
11.5792	244.09	147.29	134.64	133.98	42.35	127.16	53.46	30.03	0	0	0	0	0	0	0	0	913	0
11.5892	231.11	141.02	127.27	136.18	42.35	127.16	53.46	30.03	0	0	0	0	0	0	0	0	888.58	0
11.5992	218.46	134.75	119.79	136.18	42.35	129.25	55	30.03	0	0	0	0	0	0	0	0	865.81	0
11.6092	206.36	128.48	114.84	138.38	42.35	129.25	56.54	30.03	0	0	0	0	0	0	0	0	846.23	0
11.6192	196.68	122.21	110	138.38	44.44	131.45	60.06	31.79	0	0	0	0	0	0	0	0	835.01	0
11.6292	186.89	115.94	105.27	138.38	44.44	131.45	61.93	31.79	0	0	0	0	0	0	0	0	816.09	0
11.6392	177.21	109.34	100.54	138.38	46.53	133.54	65.56	33.55	0	0	0	0	0	0	0	0	804.65	0
11.6492	169.95	104.94	95.81	138.38	46.53	133.54	69.19	33.55	0	0	0	0	0	0	0	0	791.89	0
11.6592	162.58	98.34	93.5	138.38	48.62	135.63	70.95	35.31	0	0	0	0	0	0	0	0	783.31	0
11.6692	155.21	93.94	91.08	140.69	48.62	137.72	74.58	35.31	0	0	0	0	0	0	0	0	777.15	0
11.6792	147.84	89.54	88.77	142.89	50.82	142.01	76.45	37.07	0	0	0	0	0	0	0	0	775.39	0
11.6892	137.94	85.14	84.04	145.09	50.82	146.19	80.08	38.83	0	0	0	0	0	0	0	0	768.13	0
11.6992	130.57	78.54	79.31	149.6	52.91	152.57	85.47	40.59	0	0	0	0	0	0	0	0	769.56	0
11.7092	120.78	74.14	74.58	151.8	52.91	156.86	89.1	44.11	0	0	0	0	0	0	0	0	764.28	0
11.7192	110.99	67.54	69.85	156.31	55	165.33	94.49	47.63	0	0	0	0	0	0	0	0	767.14	0
11.7292	102.08	63.14	65.12	158.51	55	171.93	99.99	51.15	0	0	0	0	0	0	0	0	766.92	0
11.7392	91.08	56.54	58.08	163.02	57.2	180.73	105.38	56.54	0	0	0	0	0	0	0	0	768.57	0
11.7492	77.77	50.6	50.82	165.33	59.4	187.33	110.88	64.57	0	0	0	0	0	0	0	0	766.7	0
11.7592	66.77	42.79	43.56	169.95	61.71	194.04	118.47	70.62	0	0	0	0	0	0	0	0	767.91	0
11.7692	55.77	36.96	33.88	174.68	61.71	202.84	126.5	84.81	0	0	0	0	0	0	0	0	777.15	0
11.7792	46.42	29.15	26.62	177.1	64.02	209.44	134.64	94.82	0	0	0	0	0	0	0	0	782.21	0
11.7892	37.18	25.3	21.78	179.41	64.02	216.04	140.69	102.96	0	0	0	0	0	0	0	0	787.38	0
11.7992	34.76	21.34	19.36	179.41	64.02	222.75	148.72	113.08	0	0	0	0	0	0	0	0	803.44	0
11.8092	30.14	17.49	16.94	179.41	64.02	227.15	154.77	119.35	0	0	0	0	0	0	0	0	809.27	0
11.8192	25.52	15.51	14.52	177.1	64.02	233.75	160.82	125.62	0	0	0	0	0	0	0	0	816.86	0
11.8292	23.21	11.66	12.1	172.37	61.71	235.95	164.89	133.98	0	0	0	0	0	0	0	0	815.87	0
11.8392	23.21	11.66	12.1	163.02	57.2	240.35	168.96	140.25	0	0	0	0	0	0	0	0	816.75	0
11.8492	20.9	11.66	9.68	151.8	52.91	240.35	168.96	146.52	3.41	0	0	0	0	0	0	0	802.78	3.41
11.8592	20.9	9.68	9.68	138.38	48.62	240.35	168.96	152.79	6.93	0	0	0	0	0	0	0	789.36	6.93
11.8692	18.59	9.68	7.26	120.56	42.35	240.35	166.87	156.97	12.21	4.62	0	0	0	0	0	0	762.63	16.83
11.8792	18.59	7.7	7.26	100.54	35.97	240.35	162.8	163.24	17.49	11.66	0	0	0	0	0	0	736.45	29.15
11.8892	16.17	7.7	7.26	82.83	29.59	240.35	158.84	167.42	40.37	28.05	4.73	5.61	0	0	0	0	710.16	78.76
11.8992	16.17	5.83	7.26	67.43	25.41	240.35	152.79	169.62	109.45	60.94	11.88	11.22	0	0	0	0	684.86	193.49
11.9092	13.86	5.83	4.84	51.7	19.03	233.75	144.65	174.13	159.72	115.5	28.71	42.35	0	21.34	7.7	0	647.79	375.32
11.9192	11.55	3.85	4.84	37.84	14.74	224.95	136.62	178.75	191.51	160.6	50.27	68.75	11	49.83	12.76	10.56	613.14	555.28
11.9292	9.24	0	4.84	25.85	10.56	200.64	126.5	178.75	219.34	185.13	68.75	81.29	13.75	70.18	20.46	10.56	556.38	669.46
11.9392	4.62	0	0	17.16	8.47	161.04	112.64	178.75	226.49	189.97	76.89	87.56	16.5	78.32	38.5	16.94	482.68	731.17
11.9492	0	0	0	11.99	8.47	114.51	94.49	171.82	217.03	187.55	79.64	90.75	19.25	86.46	43.67	19.03	401.28	743.38
11.9592	0	0	0	6.82	8.47	76.56	74.58	156.97	210.1	189.97	82.39	100.21	19.25	100.1	51.37	21.12	323.4	774.51
11.9692	0	0	0	3.41	8.47	52.69	58.3	119.35	214.72	199.65	90.53	109.56	19.25	113.63	62.48	25.41	242.22	835.23
11.9792	0	0	0	0	4.18	39.05	47.3	70.62	226.49	211.75	101.42	115.94	22	127.27	74.36	29.59	161.15	908.82
11.9892	0	0	0	0	0	29.26	39.71	44.11	243.76	219.01	112.42	119.02	24.75	135.41	86.35	33.88	113.08	974.6
11.9992	0	0	0	0	0	21.45	32.01	24.64	253.55	223.85	123.53	125.4	27.5	143.66	101.2	38.06	78.1	1036.75
12.0092	0	0	0	0	0	15.62	22.88	14.08	260.92	226.27	131.89	128.48	30.25	149.05	110.22	40.26	52.58	1077.34
12.0192	0	0	0	0	0	11.66	12.21	3.52	258.5	228.69	131.89	134.86	30.25	157.19	115.94	42.35	27.39	1099.67
12.0292	0	0	0	0	0	7.81	6.05	0	246.18	228.69	129.14	144.32	30.25	162.69	118.91	44.44	13.86	1104.62
12.0392	0	0	0	0	0	5.83	4.51	0	231.44	223.85	123.53	153.78	33	168.19	118.91	44.44	10.34	1097.14
12.0492	0	0	0	0	0	5.83	4.51	0	217.03	216.59	115.17	160.05	33	173.47	118.91	46.53	10.34	1080.75
12.0592	0	0	0	0	0	3.85	2.97	0	198.55	209.33	106.92	169.62	33	178.86	118.91	46.53	6.82	1061.72
12.0692	0	0	0	0	0	0	0	0	177.65	197.23	98.67	176	33	181.61	115.94	46.53	0	1026.63
12.0792	0	0	0	0	0	0	0	0	161.81	187.55	90.53	185.57	33	184.25	113.08	46.53	0	1002.32
12.0892	0	0	0	0	0	0	0	0	146.96	177.87	82.39	191.95	33	187	110.22	48.73	0	978.12
12.0992	0	0	0	0	0	0	0	0	132.22	165.66	71.39	195.14	33	187	110.22	48.73	0	943.36
12.1092	0	0	0	0	0	0	0	0	119.46	153.12	66	201.63	33	189.64	107.14	48.73	0	918.72
12.1192	0	0	0	0	0	0	0	0	107.58	140.58	57.75	201.63	33	189.64	110.22	48.73	0	889.13
12.1292	0	0	0	0	0	0	0	0	98.01	130.57	52.69	201.63	33	189.64	110.22	48.73	0	864.49
12.1392	0	0	0	0	0	0	0	0	88.44	120.56	50.27	201.63	33	189.64	113.08	48.73	0	845.35
12.1491	0	0	0	0	0	0	0	0	82.72	113.08	47.85	201.63	33	189.64	113.08	48.73	0	829.73
12.1591	0	0	0	0	0	0	0	0	77	105.93	43.12	201.63	33	192.39	115.94	50.82	0	819.83
12.1691	0	0	0	0	0	0	0	0	71.28	101.2	43.12	201.63	35.75	195.03	118.91	50.82	0	817.74
12.1791	0	0	0	0	0	0	0	0	67.43	94.05	40.7	201.63	35.75	195.03	124.63	50.82	0	810.04
12.1891	0	0	0	0	0	0	0	0	65.56	91.74	38.28	201.63	35.75	197.67	127.6	52.91	0	811.14
12.1991	0	0	0	0	0	0	0	0	59.84	87.01	38.28	201.63	38.5	200.42	133.32	52.91	0	811.91
12.2091	0	0	0	0	0	0	0	0	57.97	84.59	38.28	201.63	38.5	203.06	139.15	55.11	0	818.29
12.2191	0	0	0	0	0	0	0	0	56.21	79.86	35.86	201.63	41.25	208.45	147.84	55.11	0	826.21
12.2291	0	0	0	0	0	0	0	0	52.69	77.55	35.86	204.82	41.25	211.2	159.5	59.95	0	842.82
12.2391	0	0	0	0	0	0	0	0	50.93	75.13	33.44	208.01	44	219.23	168.3	62.37	0	861.41
12.2491	0	0	0	0	0	0	0	0	47.41	70.4	33.44	211.2	46.75	224.73	180.18	64.9	0	879.01
12.2591	0	0	0	0	0	0	0	0	43.89	65.67	31.13	214.39	46.75	233.09	192.06	67.32	0	894.3
12.2691	0	0	0	0	0	0	0	0	38.61	60.94	28.71	217.58	49.5	238.7	204.05	72.16	0	910.25
12.2791	0	0	0	0	0	0	0	0	33.33	53.9	23.87	220.77	52.25	247.06	212.96	74.69	0	918.83
12.2891	0	0	0	0	0	0	0	0	28.05	44.55	21.56	226.93	52.25	255.42	221.98	79.53	0	930.27
12.2991	0	0	0	0	0	0	0	0	24.53	37.51	19.14	229.79	55.11	261.03	230.45	81.95	0	939.51
12.3091	0	0	0	0	0	0	0	0	22.77	32.78	14.3	232.76	55.11	269.39	236.06	84.48	0	947.65
12.3191	0	0	0	0	0	0	0	0	21.01	25.74	14.3	235.62	55.11	275	241.67	86.9	0	955.35
12.3291	0	0	0	0	0	0	0	0	17.49	18.7	9.57	235.62	52.25	283.47	247.39	91.74	0	956.23
12.3391	0	0	0	0	0	0	0	0	15.73	11.66	7.15	229.79	49.5	289.08	247.39	94.27	0	944.57
12.3491	0	0	0	0	0	0	0	0	13.97	6.93	4.73	217.58	46.75	291.94	250.14	96.69	0	928.73
12.3591	0	0	0	0	0	0	0	0	12.21	4.62	4.73	195.14	41.25	294.8	250.14	99.11	0	902
12.3691	0	0	0	0	0	0	0	0	12.21	4.62	4.73	172.81	35.75	297.55	250.14	101.53	0	879.34
12.3791	11.55	0	0	0	0	0	0	0	12.21	4.62	4.73	150.59	30.25	297.55	247.39	106.48	11.55	853.82
12.3891	25.52	0	0	0	0	0	0	0	10.45	0	0	128.48	24.75	300.41	244.53	108.9	25.52	817.52
12.3991	97.68	13.64	0	0	0	0	0	0	10.45	0	0	103.29	19.25	300.41	241.67	113.85	111.32	788.92
12.4091	244.09	42.79	19.36	11.99	4.18	7.81	0	0	8.69	0	0	81.29	16.5	300.41	236.06	116.05	330.22	759
12.4191	254.43	67.54	36.3	20.68	6.27	9.68	0	0	6.93	0	0	59.4	11	291.94	227.59	118.25	394.9	715.11
12.4291	267.41	104.94	62.81	39.6	12.65	19.47	2.97	3.52	6.93	0	0	42.35	8.25	275	215.93	120.45	513.37	668.91
12.4391	272.58	128.48	86.35	55.11	19.03	27.28	7.59	7.04	5.17	0	0	28.27	8.25	244.31	201.08	122.76	603.46	609.84
12.4491	285.45	138.93	98.23	69.63	21.12	39.05	13.75	12.32	0	0	0	19.8	5.5	200.42	180.18	122.76	678.48	528.66
12.4591	287.98	138.93	105.27	69.63	23.21	46.86	18.26	12.32	0	0	0	11.22	5.5	154.55	159.5	118.25	702.46	449.02
12.4691	282.92	141.02	112.42	74.03	27.5	56.65	25.96	15.84	0	0	0	5.61	5.5	116.38	133.32	108.9	736.34	369.71
12.4791	285.45	143.11	119.79	74.03	29.59	65.34	30.47	15.84	0	0	0	0	8.25	83.82	107.14	89.32	763.62	288.53
12.4891	295.68	147.29	129.69	76.23	31.68	72.05	36.63	17.6	0	0	0	0	8.25	59.4	86.35	67.32	806.85	221.32
12.4991	311.08	153.56	144.54	80.63	33.88	76.56	39.71	19.36	0	0	0	0	5.5	45.1	71.39	50.82	859.32	172.81
12.5091	326.37	159.83	156.97	82.83	35.97	83.27	44.22	21.12	0	0	0	0	5.5	33.22	62.48	35.97	910.58	137.17
12.5191	334.07	164.01	164.34	87.34	38.06	87.67	45.76	22.88	0	0	0	0	0	26.07	53.9	29.59	944.13	109.56
12.5291	336.71	168.3	169.29	91.74	38.06	92.18	47.3	24.64	0	0	0	0	0	18.92	41.03	23.21	968.22	83.16
12.5391	336.71	172.81	171.82	96.14	40.15	96.69	48.84	24.64	0	0	0	0	0	11.88	25.63	10.56	987.8	48.07
12.5491	331.54	172.81	169.29	102.74	40.15	101.2	50.38	26.4	0	0	0	0	0	7.04	10.23	4.18	994.51	21.45
12.5591	323.84	172.81	164.34	104.94	40.15	103.4	51.92	28.27	0	0	0	0	0	4.73	5.06	0	989.67	9.79
12.5691	313.61	170.61	159.39	107.14	42.35	105.6	55	28.27	0	0	0	0	0	4.73	5.06	0	981.97	9.79
12.5791	303.38	164.01	154.44	109.34	44.44	107.91	56.54	30.03	0	0	0	0	0	0	0	0	970.09	0
12.5891	290.62	159.83	149.49	111.54	44.44	107.91	58.3	31.79	0	0	0	0	0	0	0	0	953.92	0
12.5991	280.39	155.65	144.54	111.54	46.53	107.91	61.93	31.79	0	0	0	0	0	0	0	0	940.28	0
12.6091	267.41	149.38	139.59	111.54	46.53	107.91	61.93	33.55	0	0	0	0	0	0	0	0	917.84	0
12.6191	254.43	143.11	132.22	111.54	46.53	107.91	63.69	33.55	0	0	0	0	0	0	0	0	892.98	0
12.6291	244.09	136.84	127.27	109.34	48.62	107.91	65.56	33.55	0	0	0	0	0	0	0	0	873.18	0
12.6391	231.11	130.57	122.32	109.34	48.62	107.91	65.56	35.31	0	0	0	0	0	0	0	0	850.74	0
12.6491	220.88	126.39	117.37	109.34	48.62	107.91	67.32	35.31	0	0	0	0	0	0	0	0	833.14	0
12.6591	211.2	122.21	112.42	113.85	48.62	110.11	69.19	35.31	0	0	0	0	0	0	0	0	822.91	0
12.6691	201.52	118.03	107.69	116.05	50.82	112.42	70.95	37.07	0	0	0	0	0	0	0	0	814.55	0
12.6791	191.73	113.85	102.96	118.25	50.82	114.51	70.95	38.83	0	0	0	0	0	0	0	0	801.9	0
12.6891	184.47	109.34	100.54	122.76	50.82	116.6	72.82	38.83	0	0	0	0	0	0	0	0	796.18	0
12.6991	174.79	104.94	95.81	127.27	52.91	120.78	74.58	40.59	0	0	0	0	0	0	0	0	791.67	0
12.7091	165	100.54	93.5	133.98	52.91	127.16	78.21	42.35	0	0	0	0	0	0	0	0	793.65	0
12.7191	155.21	96.14	88.77	140.69	55	133.54	80.08	44.11	0	0	0	0	0	0	0	0	793.54	0
12.7291	142.89	91.74	84.04	147.4	55	142.01	83.71	45.87	0	0	0	0	0	0	0	0	792.66	0
12.7391	130.57	87.34	77	156.31	55	150.48	87.23	49.39	0	0	0	0	0	0	0	0	793.32	0
12.7491	118.36	80.74	72.27	163.02	57.2	158.95	90.86	51.15	0	0	0	0	0	0	0	0	792.55	0
12.7591	106.48	74.14	65.12	169.95	57.2	167.53	94.49	54.67	0	0	0	0	0	0	0	0	789.58	0
12.7691	95.48	67.54	58.08	177.1	59.4	176.33	98.12	60.5	0	0	0	0	0	0	0	0	792.55	0
12.7791	82.17	58.74	48.4	184.14	59.4	187.33	103.62	66.55	0	0	0	0	0	0	0	0	790.35	0
12.7891	68.97	50.6	41.14	188.87	59.4	194.04	109.01	74.69	0	0	0	0	0	0	0	0	786.72	0
12.7991	57.97	42.79	31.46	193.6	61.71	202.84	114.51	82.72	0	0	0	0	0	0	0	0	787.6	0
12.8091	46.42	36.96	26.62	198.33	61.71	211.64	120.45	96.91	0	0	0	0	0	0	0	0	799.04	0
12.8191	39.49	31.13	21.78	198.33	61.71	220.55	126.5	106.92	0	0	0	0	0	0	0	0	806.41	0
12.8291	34.76	25.3	19.36	200.64	61.71	227.15	132.55	115.17	0	0	0	0	0	0	0	0	816.64	0
12.8391	32.45	21.34	16.94	200.64	59.4	233.75	138.6	123.53	0	0	0	0	0	0	0	0	826.65	0
12.8491	27.83	17.49	14.52	200.64	59.4	238.15	142.67	129.8	0	0	0	0	0	0	0	0	830.5	0
12.8591	23.21	15.51	12.1	195.91	57.2	244.75	146.74	138.16	0	0	0	0	0	0	0	0	833.58	0
12.8691	23.21	13.64	12.1	188.87	52.91	246.95	148.72	144.43	0	0	0	0	0	0	0	0	830.83	0
12.8791	23.21	11.66	9.68	174.68	48.62	249.15	148.72	148.61	0	0	0	0	0	0	0	0	814.33	0
12.8891	20.9	11.66	9.68	160.82	44.44	251.35	148.72	156.97	0	0	0	0	0	0	0	0	804.54	0
12.8991	20.9	11.66	9.68	140.69	40.15	253.55	146.74	161.15	0	0	0	0	0	0	0	0	784.52	0
12.9091	18.59	9.68	7.26	122.76	33.88	253.55	140.69	167.42	6.93	4.62	0	0	0	0	0	0	753.83	11.55
12.9191	18.59	9.68	7.26	102.74	29.59	255.75	136.62	171.82	12.21	11.66	0	0	0	0	0	0	732.05	23.87
12.9291	16.17	7.7	7.26	82.83	23.21	255.75	132.55	176.44	29.81	23.43	0	5.61	0	0	0	0	701.91	58.85
12.9391	13.86	7.7	4.84	65.23	19.03	253.55	124.52	181.06	99.99	63.36	9.57	11.22	0	4.73	0	0	669.79	188.87
12.9491	11.55	5.83	4.84	49.94	14.74	249.15	118.47	185.68	155.43	110.66	21.56	36.74	5.5	18.92	7.7	0	640.2	356.51
12.9591	9.24	3.85	4.84	36.19	10.56	231.55	109.01	190.3	182.27	145.64	40.7	59.4	11	49.83	7.7	8.47	595.54	505.01
12.9691	6.93	0	0	27.5	8.47	202.84	98.12	190.3	219.34	173.03	66	68.75	13.75	62.04	17.93	12.65	534.16	633.49
12.9791	0	0	0	20.68	8.47	154.66	85.47	192.61	248.6	182.71	85.03	75.02	19.25	72.93	38.5	21.12	461.89	743.16
12.9891	0	0	0	15.51	8.47	107.91	70.95	178.75	256.08	182.71	93.28	75.02	19.25	81.07	48.73	23.21	381.59	779.35
12.9991	0	0	0	10.34	8.47	72.05	58.3	150.7	248.6	180.29	98.67	75.02	24.75	89.21	59.51	27.5	299.86	803.55
13.0091	0	0	0	6.82	6.27	50.71	48.84	98.89	248.6	182.71	104.17	81.29	24.75	102.74	74.36	33.88	211.53	852.5
13.0191	0	0	0	3.41	4.18	39.05	41.25	66.55	253.55	192.39	115.17	84.48	30.25	113.63	89.32	40.26	154.44	919.05
13.0291	0	0	0	0	0	27.28	33.55	42.35	263.45	197.23	126.28	90.75	33	124.52	104.17	44.44	103.18	983.84
13.0391	0	0	0	0	0	21.45	27.5	22.88	270.82	202.07	134.64	97.02	35.75	132.77	121.77	48.73	71.83	1043.57
13.0491	0	0	0	0	0	15.62	18.26	10.56	278.19	206.91	143	100.21	38.5	140.91	133.32	52.91	44.44	1093.95
13.0591	0	0	0	0	0	9.68	10.67	0	275.77	209.33	148.61	109.56	41.25	149.05	144.98	57.53	20.35	1136.08
13.0691	0	0	0	0	0	7.81	6.05	0	270.82	211.75	145.86	115.94	41.25	157.19	147.84	59.95	13.86	1150.6
13.0791	0	0	0	0	0	7.81	4.51	0	258.5	209.33	143	122.21	41.25	162.69	153.67	62.37	12.32	1153.02
13.0891	0	0	0	0	0	5.83	2.97	0	246.18	204.49	137.5	125.4	44	168.19	159.5	62.37	8.8	1147.63
13.0991	0	0	0	0	0	3.85	0	0	228.91	197.23	129.14	128.48	44	170.83	159.5	62.37	3.85	1120.46
13.1091	0	0	0	0	0	3.85	0	0	210.1	189.97	120.78	134.86	44	173.47	162.36	62.37	3.85	1097.91
13.1191	0	0	0	0	0	0	0	0	193.82	180.29	109.67	137.94	44	173.47	162.36	64.9	0	1066.45
13.1291	0	0	0	0	0	0	0	0	175.34	170.61	101.42	137.94	44	176.22	159.5	62.37	0	1027.4
13.1391	0	0	0	0	0	0	0	0	157.63	158.07	90.53	141.13	44	176.22	159.5	62.37	0	989.45
13.1491	0	0	0	0	0	0	0	0	144.87	148.06	82.39	141.13	44	176.22	159.5	62.37	0	958.54
13.1591	0	0	0	0	0	0	0	0	127.93	138.05	74.14	144.32	44	176.22	156.53	62.37	0	923.56
13.1691	0	0	0	0	0	0	0	0	115.28	128.04	68.75	144.32	44	176.22	156.53	59.95	0	893.09
13.1791	0	0	0	0	0	0	0	0	105.71	118.03	60.5	144.32	44	176.22	159.5	59.95	0	868.23
13.1891	0	0	0	0	0	0	0	0	96.14	108.24	55.11	144.32	44	176.22	159.5	59.95	0	843.48
13.1991	0	0	0	0	0	0	0	0	84.7	101.2	50.27	147.51	44	178.86	162.36	62.37	0	831.27
13.2091	0	0	0	0	0	0	0	0	77	94.05	47.85	150.59	44	181.61	165.33	62.37	0	822.8
13.2191	0	0	0	0	0	0	0	0	71.28	89.32	43.12	150.59	44	184.25	168.3	62.37	0	813.23
13.2291	0	0	0	0	0	0	0	0	65.56	82.28	40.7	153.78	46.75	187	174.24	64.9	0	815.21
13.2391	0	0	0	0	0	0	0	0	59.84	77.55	38.28	153.78	46.75	189.64	180.18	64.9	0	810.92
13.2491	0	0	0	0	0	0	0	0	56.21	72.82	35.86	156.97	46.75	192.39	186.12	67.32	0	814.44
13.2591	0	0	0	0	0	0	0	0	50.93	70.4	35.86	156.97	49.5	197.67	195.14	69.74	0	826.21
13.2691	0	0	0	0	0	0	0	0	47.41	65.67	33.44	160.05	52.25	203.06	204.05	72.16	0	838.09
13.2791	0	0	0	0	0	0	0	0	43.89	60.94	31.13	166.43	52.25	205.81	212.96	74.69	0	848.1
13.2891	0	0	0	0	0	0	0	0	40.37	56.21	28.71	169.62	55.11	211.2	224.73	77.11	0	863.06
13.2991	0	0	0	0	0	0	0	0	35.09	51.59	23.87	172.81	58.08	216.59	233.2	81.95	0	873.18
13.3091	0	0	0	0	0	0	0	0	29.81	44.55	21.56	176	58.08	221.98	244.53	84.48	0	880.99
13.3191	0	0	0	0	0	0	0	0	28.05	37.51	19.14	182.38	61.05	230.34	253	86.9	0	898.37
13.3291	0	0	0	0	0	0	0	0	24.53	30.47	16.72	185.57	61.05	235.95	264.33	89.32	0	907.94
13.3391	0	0	0	0	0	0	0	0	22.77	25.74	14.3	188.76	64.02	241.45	272.8	94.27	0	924.11
13.3491	0	0	0	0	0	0	0	0	21.01	21.01	14.3	188.76	64.02	247.06	278.52	96.69	0	931.37
13.3591	0	0	0	0	0	0	0	0	19.25	16.39	11.88	188.76	64.02	252.67	284.46	101.53	0	938.96
13.3691	0	0	0	0	0	0	0	0	15.73	9.35	9.57	185.57	61.05	258.28	290.4	104.06	0	934.01
13.3791	0	0	0	0	0	0	0	0	13.97	4.62	7.15	176	58.08	263.89	293.37	106.48	0	923.56
13.3891	0	0	0	0	0	0	0	0	13.97	0	4.73	163.24	52.25	266.64	293.37	108.9	0	903.1
13.3991	0	0	0	0	0	0	0	0	12.21	0	4.73	147.51	46.75	266.64	290.4	111.32	0	879.56
13.4091	4.62	0	0	0	0	0	0	0	12.21	0	0	131.67	41.25	269.39	287.43	116.05	4.62	858
13.4191	13.86	0	0	0	0	0	0	0	10.45	0	0	112.75	33	272.25	284.46	118.25	13.86	831.16
13.4291	37.18	0	0	0	0	0	0	0	10.45	0	0	97.02	27.5	275	275.66	122.76	37.18	808.39
13.4391	137.94	21.34	7.26	3.41	0	3.85	0	0	8.69	0	0	78.21	22	277.86	269.94	127.16	173.8	783.86
13.4491	241.45	44.77	21.78	10.34	4.18	7.81	0	0	8.69	0	0	59.4	16.5	275	258.72	129.47	330.33	747.78
13.4591	246.73	63.14	36.3	18.92	6.27	9.68	0	0	6.93	0	0	45.21	11	269.39	247.39	133.87	381.04	713.79
13.4691	254.43	93.94	62.81	32.67	12.65	15.62	0	3.52	6.93	0	0	31.02	11	252.67	230.45	136.18	475.64	668.25
13.4791	254.43	115.94	79.31	44.77	16.94	23.43	4.51	7.04	3.41	0	0	22.55	8.25	224.73	207.02	138.38	546.37	604.34
13.4891	259.6	124.3	91.08	56.87	21.12	33.22	13.75	14.08	0	0	0	14.08	8.25	189.64	183.15	138.38	614.02	533.5
13.4991	267.41	128.48	102.96	58.63	25.41	39.05	18.26	14.08	0	0	0	8.47	8.25	149.05	159.5	131.67	654.28	456.94
13.5091	264.88	128.48	110	60.83	29.59	50.71	27.5	17.6	0	0	0	0	8.25	113.63	136.29	120.45	689.59	378.62
13.5191	270.05	130.57	122.32	63.03	33.88	58.63	35.09	19.36	0	0	0	0	11	83.82	110.22	104.06	732.93	309.1
13.5291	282.92	136.84	137.17	65.23	38.06	65.34	42.68	21.12	0	0	0	0	8.25	62.04	92.29	79.53	789.36	242.11
13.5391	300.85	143.11	154.44	65.23	40.15	72.05	48.84	24.64	0	0	0	0	8.25	45.1	77.33	59.95	849.31	190.63
13.5491	316.14	149.38	171.82	69.63	42.35	76.56	53.46	26.4	0	0	0	0	5.5	33.22	65.45	46.53	905.74	150.7
13.5591	326.37	153.56	184.25	71.83	44.44	83.27	56.54	30.03	0	0	0	0	0	26.07	53.9	35.97	950.29	115.94
13.5691	328.9	155.65	191.84	78.43	44.44	89.98	60.06	33.55	0	0	0	0	0	18.92	41.03	27.5	982.85	87.45
13.5790	328.9	159.83	191.84	82.83	46.53	96.69	63.69	35.31	0	0	0	0	0	11.88	25.63	16.94	1005.62	54.45
13.5890	323.84	161.92	191.84	89.54	46.53	101.2	65.56	37.07	0	0	0	0	0	7.04	10.23	6.27	1017.5	23.54
13.5990	313.61	164.01	186.78	96.14	48.62	105.6	67.32	38.83	0	0	0	0	0	7.04	10.23	4.18	1020.91	21.45
13.6090	303.38	161.92	179.3	102.74	48.62	110.11	67.32	40.59	0	0	0	0	0	4.73	7.7	4.18	1013.98	16.61
13.6190	287.98	157.74	171.82	107.14	48.62	112.42	69.19	40.59	0	0	0	0	0	4.73	5.06	4.18	995.5	13.97
13.6290	275.22	153.56	164.34	111.54	48.62	114.51	70.95	40.59	0	0	0	0	0	0	0	0	979.33	0
13.6390	262.24	149.38	154.44	113.85	50.82	116.6	70.95	40.59	0	0	0	0	0	0	0	0	958.87	0
13.6490	246.73	143.11	147.07	113.85	50.82	116.6	72.82	40.59	0	0	0	0	0	0	0	0	931.59	0
13.6590	233.75	134.75	137.17	116.05	50.82	116.6	74.58	40.59	0	0	0	0	0	0	0	0	904.31	0
13.6690	218.46	128.48	129.69	116.05	52.91	118.69	76.45	42.35	0	0	0	0	0	0	0	0	883.08	0
13.6790	206.36	122.21	122.32	116.05	52.91	118.69	78.21	42.35	0	0	0	0	0	0	0	0	859.1	0
13.6890	194.15	115.94	114.84	116.05	52.91	118.69	80.08	42.35	0	0	0	0	0	0	0	0	835.01	0
13.6990	182.05	109.34	107.69	118.25	55	120.78	81.84	42.35	0	0	0	0	0	0	0	0	817.3	0
13.7090	172.37	102.74	102.96	120.56	55	122.98	83.71	44.11	0	0	0	0	0	0	0	0	804.43	0
13.7190	160.05	96.14	95.81	122.76	57.2	127.16	87.23	44.11	0	0	0	0	0	0	0	0	790.46	0
13.7290	147.84	89.54	88.77	124.96	57.2	129.25	89.1	45.87	0	0	0	0	0	0	0	0	772.53	0
13.7390	137.94	82.94	84.04	127.27	59.4	133.54	90.86	47.63	0	0	0	0	0	0	0	0	763.62	0
13.7490	128.15	78.54	79.31	131.67	59.4	137.72	94.49	49.39	0	0	0	0	0	0	0	0	758.67	0
13.7590	118.36	74.14	74.58	136.18	59.4	142.01	98.12	49.39	0	0	0	0	0	0	0	0	752.18	0
13.7690	108.68	69.74	69.85	138.38	61.71	150.48	99.99	51.15	0	0	0	0	0	0	0	0	749.98	0
13.7790	99.88	63.14	62.81	145.09	61.71	156.86	105.38	56.54	0	0	0	0	0	0	0	0	751.41	0
13.7890	91.08	58.74	58.08	149.6	64.02	165.33	109.01	60.5	0	0	0	0	0	0	0	0	756.36	0
13.7990	82.17	52.58	50.82	154.11	64.02	171.93	110.88	64.57	0	0	0	0	0	0	0	0	751.08	0
13.8090	71.17	48.73	43.56	163.02	64.02	180.73	114.51	70.62	0	0	0	0	0	0	0	0	756.36	0
13.8190	60.17	42.79	38.72	169.95	64.02	189.53	116.49	78.65	0	0	0	0	0	0	0	0	760.32	0
13.8290	51.04	38.94	31.46	179.41	64.02	198.44	120.45	92.84	0	0	0	0	0	0	0	0	776.6	0
13.8390	41.8	33.11	24.2	186.56	64.02	207.24	124.52	100.87	0	0	0	0	0	0	0	0	782.32	0
13.8490	37.18	29.15	21.78	188.87	64.02	216.04	128.59	110.99	0	0	0	0	0	0	0	0	796.62	0
13.8590	32.45	25.3	19.36	191.29	64.02	222.75	134.64	119.35	0	0	0	0	0	0	0	0	809.16	0
13.8690	30.14	19.47	16.94	193.6	61.71	229.35	138.6	127.71	0	0	0	0	0	0	0	0	817.52	0
13.8790	25.52	15.51	14.52	191.29	61.71	235.95	142.67	133.98	0	0	0	0	0	0	0	0	821.15	0
13.8890	23.21	13.64	12.1	186.56	57.2	240.35	144.65	140.25	0	0	0	0	0	0	0	0	817.96	0
13.8990	23.21	13.64	12.1	179.41	55	244.75	148.72	148.61	0	0	0	0	0	0	0	0	825.44	0
13.9090	20.9	11.66	9.68	167.64	50.82	246.95	148.72	154.88	0	0	0	0	0	0	0	0	811.25	0
13.9190	20.9	11.66	9.68	154.11	46.53	249.15	148.72	163.24	0	0	0	0	0	0	0	0	803.99	0
13.9290	18.59	9.68	7.26	136.18	40.15	249.15	146.74	169.62	0	0	0	0	0	0	0	0	777.37	0
13.9390	18.59	9.68	7.26	118.25	35.97	251.35	144.65	174.13	5.17	0	0	0	0	0	0	0	759.88	5.17
13.9490	16.17	7.7	7.26	100.54	29.59	251.35	140.69	178.75	10.45	9.35	0	0	0	0	0	0	732.05	19.8
13.9590	16.17	7.7	7.26	82.83	25.41	251.35	134.64	181.06	17.49	16.39	0	0	0	0	0	0	706.42	33.88
13.9690	13.86	5.83	4.84	67.43	21.12	251.35	128.59	185.68	63.69	42.13	4.73	8.47	0	0	0	0	678.7	119.02
13.9790	11.55	5.83	4.84	53.35	16.94	246.95	120.45	187.99	153.34	103.51	16.72	22.55	0	11.88	0	0	647.9	308
13.9890	9.24	3.85	4.84	41.36	12.65	233.75	110.88	192.61	182.27	158.07	31.13	62.48	8.25	33.22	0	4.18	609.18	479.6
13.9990	6.93	0	4.84	31.02	8.47	209.44	99.99	194.92	219.34	197.23	52.69	87.56	11	64.79	5.06	8.47	555.61	646.14
14.0090	0	0	0	22.33	8.47	165.33	89.1	192.61	251.13	216.59	68.75	97.02	11	78.32	17.93	12.65	477.84	753.39
14.0190	0	0	0	17.16	8.47	114.51	74.58	181.06	256.08	216.59	74.14	97.02	16.5	86.46	38.5	19.03	395.78	804.32
14.0290	0	0	0	11.99	8.47	76.56	61.93	152.79	243.76	214.17	76.89	100.21	16.5	94.6	43.67	21.12	311.74	810.92
14.0390	0	0	0	6.82	6.27	52.69	51.92	100.87	241.23	216.59	82.39	106.48	19.25	108.24	53.9	25.41	218.57	853.49
14.0490	0	0	0	3.41	4.18	39.05	42.68	66.55	248.6	223.85	90.53	112.75	22	119.13	65.45	29.59	155.87	911.9
14.0590	0	0	0	0	0	27.28	36.63	42.35	260.92	233.53	101.42	119.02	24.75	130.02	77.33	33.88	106.26	980.87
14.0690	0	0	0	0	0	21.45	27.5	22.88	273.24	238.37	109.67	125.4	27.5	138.16	89.32	35.97	71.83	1037.63
14.0790	0	0	0	0	0	15.62	18.26	10.56	280.72	243.21	117.92	128.48	30.25	143.66	98.23	40.26	44.44	1082.73
14.0890	0	0	0	0	0	9.68	9.13	0	280.72	243.21	123.53	134.86	30.25	149.05	104.17	42.35	18.81	1108.14
14.0990	0	0	0	0	0	7.81	6.05	0	270.82	243.21	117.92	144.32	30.25	157.19	107.14	44.44	13.86	1115.29
14.1090	0	0	0	0	0	5.83	4.51	0	256.08	243.21	115.17	153.78	33	162.69	110.22	44.44	10.34	1118.59
14.1190	0	0	0	0	0	3.85	2.97	0	238.81	235.95	106.92	163.24	33	168.19	107.14	44.44	6.82	1097.69
14.1290	0	0	0	0	0	3.85	2.97	0	219.34	226.27	101.42	172.81	33	173.47	107.14	46.53	6.82	1079.98
14.1390	0	0	0	0	0	3.85	0	0	200.86	216.59	93.28	179.19	33	173.47	104.17	46.53	3.85	1047.09
14.1490	0	0	0	0	0	0	0	0	179.96	206.91	85.03	185.57	30.25	176.22	104.17	46.53	0	1014.64
14.1590	0	0	0	0	0	0	0	0	163.9	194.81	76.89	191.95	33	178.86	101.2	46.53	0	987.14
14.1690	0	0	0	0	0	0	0	0	149.16	185.13	68.75	198.44	30.25	178.86	98.23	46.53	0	955.35
14.1790	0	0	0	0	0	0	0	0	134.31	173.03	60.5	201.63	30.25	181.61	95.26	46.53	0	923.12
14.1890	0	0	0	0	0	0	0	0	121.55	160.6	55.11	204.82	30.25	181.61	92.29	46.53	0	892.76
14.1990	0	0	0	0	0	0	0	0	111.43	150.59	52.69	208.01	30.25	181.61	92.29	46.53	0	873.4
14.2090	0	0	0	0	0	0	0	0	99.99	140.58	47.85	211.2	30.25	184.25	92.29	48.73	0	855.14
14.2190	0	0	0	0	0	0	0	0	92.29	130.57	43.12	214.39	30.25	184.25	92.29	48.73	0	835.89
14.2290	0	0	0	0	0	0	0	0	82.72	120.56	40.7	214.39	30.25	187	95.26	48.73	0	819.61
14.2390	0	0	0	0	0	0	0	0	75.13	113.08	38.28	217.58	33	192.39	95.26	48.73	0	813.45
14.2490	0	0	0	0	0	0	0	0	67.43	105.93	33.44	220.77	33	195.03	98.23	50.82	0	804.65
14.2590	0	0	0	0	0	0	0	0	61.71	98.78	33.44	224.07	33	200.42	101.2	50.82	0	803.44
14.2690	0	0	0	0	0	0	0	0	57.97	94.05	31.13	224.07	33	203.06	107.14	50.82	0	801.24
14.2790	0	0	0	0	0	0	0	0	54.45	87.01	28.71	226.93	33	208.45	113.08	52.91	0	804.54
14.2890	0	0	0	0	0	0	0	0	50.93	82.28	28.71	229.79	35.75	213.84	118.91	55.11	0	815.32
14.2990	0	0	0	0	0	0	0	0	45.65	79.86	26.29	232.76	35.75	221.98	127.6	57.53	0	827.42
14.3090	0	0	0	0	0	0	0	0	42.13	72.82	23.87	235.62	38.5	227.48	136.29	59.95	0	836.66
14.3190	0	0	0	0	0	0	0	0	38.61	70.4	23.87	238.59	38.5	233.09	144.98	62.37	0	850.41
14.3290	0	0	0	0	0	0	0	0	35.09	63.36	21.56	241.45	41.25	241.45	156.53	64.9	0	865.59
14.3390	0	0	0	0	0	0	0	0	31.57	56.21	19.14	244.42	44	249.92	165.33	67.32	0	877.91
14.3490	0	0	0	0	0	0	0	0	29.81	51.59	19.14	250.14	44	258.28	177.21	72.16	0	902.33
14.3590	0	0	0	0	0	0	0	0	26.29	44.55	16.72	253.11	46.75	263.89	186.12	74.69	0	912.12
14.3690	0	0	0	0	0	0	0	0	24.53	37.51	14.3	255.97	46.75	269.39	195.14	79.53	0	923.12
14.3790	0	0	0	0	0	0	0	0	21.01	32.78	11.88	258.94	46.75	277.86	201.08	81.95	0	932.25
14.3890	0	0	0	0	0	0	0	0	19.25	25.74	11.88	258.94	46.75	286.33	207.02	86.9	0	942.81
14.3990	0	0	0	0	0	0	0	0	17.49	18.7	9.57	258.94	46.75	291.94	212.96	89.32	0	945.67
14.4090	0	0	0	0	0	0	0	0	15.73	11.66	7.15	253.11	46.75	300.41	215.93	94.27	0	945.01
14.4190	0	0	0	0	0	0	0	0	13.97	6.93	4.73	241.45	41.25	303.27	218.9	96.69	0	927.19
14.4290	0	0	0	0	0	0	0	0	12.21	6.93	4.73	224.07	38.5	308.88	218.9	99.11	0	913.33
14.4390	0	0	0	0	0	0	0	0	12.21	4.62	0	198.44	33	311.74	218.9	104.06	0	882.97
14.4490	9.24	0	0	0	0	0	0	0	12.21	4.62	0	172.81	27.5	314.49	218.9	108.9	9.24	859.43
14.4590	23.21	0	0	0	0	0	0	0	10.45	0	0	147.51	22	317.35	215.93	113.85	23.21	827.09
14.4690	93.28	9.68	0	0	0	0	0	0	10.45	0	0	119.02	16.5	317.35	212.96	118.25	102.96	794.53
14.4790	241.45	38.94	19.36	8.58	0	5.83	0	0	8.69	0	0	93.94	13.75	314.49	209.99	122.76	314.16	763.62
14.4890	259.6	63.14	36.3	17.16	6.27	9.68	0	0	6.93	0	0	65.67	11	306.02	204.05	124.96	392.15	718.63
14.4990	275.22	102.74	65.12	39.6	14.74	21.45	2.97	0	6.93	0	0	45.21	8.25	283.47	195.14	127.16	521.84	666.16
14.5090	285.45	126.39	86.35	55.11	16.94	29.26	7.59	5.28	3.41	0	0	31.02	5.5	247.06	180.18	129.47	612.37	596.64
14.5190	293.15	134.75	98.23	67.43	21.12	37.07	12.21	8.8	0	0	0	19.8	5.5	197.67	165.33	127.16	672.76	515.46
14.5290	290.62	136.84	105.27	71.83	23.21	46.86	16.72	10.56	0	0	0	11.22	5.5	146.3	144.98	122.76	701.91	430.76
14.5390	285.45	138.93	112.42	76.23	27.5	58.63	24.42	12.32	0	0	0	5.61	5.5	108.24	121.77	108.9	735.9	350.02
14.5490	287.98	145.2	119.79	80.63	29.59	69.74	30.47	14.08	0	0	0	0	8.25	78.32	98.23	86.9	777.48	271.7
14.5590	298.21	151.47	132.22	85.03	33.88	78.76	36.63	15.84	0	0	0	0	8.25	56.98	80.3	59.95	832.04	205.48
14.5690	313.61	157.74	144.54	89.54	33.88	87.67	39.71	17.6	0	0	0	0	5.5	40.37	68.42	46.53	884.29	160.82
14.5790	326.37	164.01	154.44	93.94	35.97	94.49	42.68	19.36	0	0	0	0	0	30.8	53.9	33.88	931.26	118.58
14.5890	328.9	168.3	159.39	100.54	38.06	101.2	45.76	21.12	0	0	0	0	0	21.34	43.67	27.5	963.27	92.51
14.5990	328.9	172.81	161.92	107.14	38.06	105.6	45.76	21.12	0	0	0	0	0	16.61	30.8	16.94	981.31	64.35
14.6090	323.84	177.43	159.39	116.05	40.15	112.42	47.3	22.88	0	0	0	0	0	9.46	12.76	6.27	999.46	28.49
14.6190	313.61	177.43	154.44	122.76	40.15	116.6	47.3	22.88	0	0	0	0	0	4.73	0	0	995.17	4.73
14.6290	300.85	175.12	147.07	131.67	40.15	120.78	47.3	24.64	0	0	0	0	0	4.73	0	0	987.58	4.73
14.6390	282.92	172.81	139.59	138.38	40.15	122.98	47.3	24.64	0	0	0	0	0	0	0	0	968.77	0
14.6490	267.41	166.1	132.22	145.09	40.15	127.16	47.3	24.64	0	0	0	0	0	0	0	0	950.07	0
14.6590	249.26	161.92	122.32	151.8	40.15	129.25	48.84	24.64	0	0	0	0	0	0	0	0	928.18	0
14.6690	231.11	155.65	114.84	156.31	40.15	131.45	47.3	26.4	0	0	0	0	0	0	0	0	903.21	0
14.6790	216.04	149.38	105.27	160.82	40.15	133.54	47.3	26.4	0	0	0	0	0	0	0	0	878.9	0
14.6890	201.52	141.02	98.23	165.33	42.35	133.54	47.3	26.4	0	0	0	0	0	0	0	0	855.69	0
14.6990	189.31	134.75	93.5	169.95	42.35	135.63	47.3	28.27	0	0	0	0	0	0	0	0	841.06	0
14.7090	177.21	130.57	86.35	174.68	42.35	135.63	47.3	28.27	0	0	0	0	0	0	0	0	822.36	0
14.7190	162.58	124.3	79.31	181.83	42.35	139.92	47.3	28.27	0	0	0	0	0	0	0	0	805.86	0
14.7290	152.68	118.03	72.27	186.56	42.35	142.01	47.3	30.03	0	0	0	0	0	0	0	0	791.23	0
14.7390	140.47	109.34	67.54	193.6	42.35	144.1	48.84	30.03	0	0	0	0	0	0	0	0	776.27	0
14.7490	128.15	102.74	60.39	198.33	44.44	148.39	48.84	31.79	0	0	0	0	0	0	0	0	763.07	0
14.7590	115.83	93.94	55.77	205.37	44.44	152.57	50.38	31.79	0	0	0	0	0	0	0	0	750.09	0
14.7690	108.68	87.34	50.82	210.1	44.44	156.86	50.38	31.79	0	0	0	0	0	0	0	0	740.41	0
14.7790	97.68	80.74	48.4	217.25	44.44	161.04	51.92	33.55	0	0	0	0	0	0	0	0	735.02	0
14.7890	88.88	74.14	43.56	221.98	46.53	167.53	53.46	35.31	0	0	0	0	0	0	0	0	731.39	0
14.7990	79.97	67.54	38.72	226.49	46.53	171.93	56.54	37.07	0	0	0	0	0	0	0	0	724.79	0
14.8090	71.17	60.94	33.88	231	46.53	178.53	58.3	37.07	0	0	0	0	0	0	0	0	717.42	0
14.8190	60.17	52.58	29.04	235.51	46.53	185.13	61.93	40.59	0	0	0	0	0	0	0	0	711.48	0
14.8290	51.04	46.75	24.2	240.13	46.53	194.04	63.69	42.35	0	0	0	0	0	0	0	0	708.73	0
14.8390	41.8	38.94	21.78	242.33	46.53	200.64	67.32	45.87	0	0	0	0	0	0	0	0	705.21	0
14.8490	37.18	35.09	19.36	242.33	46.53	209.44	72.82	49.39	0	0	0	0	0	0	0	0	712.14	0
14.8590	34.76	31.13	16.94	244.64	46.53	218.24	78.21	54.67	0	0	0	0	0	0	0	0	725.12	0
14.8690	30.14	27.28	14.52	244.64	46.53	224.95	81.84	64.57	0	0	0	0	0	0	0	0	734.47	0
14.8790	27.83	23.32	14.52	246.84	46.53	233.75	89.1	72.6	0	0	0	0	0	0	0	0	754.49	0
14.8890	25.52	19.47	12.1	246.84	46.53	242.55	92.73	86.79	0	0	0	0	0	0	0	0	772.53	0
14.8990	23.21	15.51	12.1	244.64	46.53	251.35	96.36	102.96	0	0	0	0	0	0	0	0	792.66	0
14.9090	20.9	15.51	9.68	240.13	46.53	255.75	99.99	115.17	0	0	0	0	0	0	0	0	803.66	0
14.9190	20.9	15.51	9.68	235.51	44.44	262.35	101.75	123.53	0	0	0	0	0	0	0	0	813.67	0
14.9290	20.9	13.64	9.68	226.49	42.35	268.95	103.62	133.98	0	0	0	0	0	0	0	0	819.61	0
14.9390	18.59	13.64	7.26	214.83	40.15	273.35	105.38	142.34	0	0	0	0	0	0	0	0	815.54	0
14.9490	18.59	11.66	7.26	195.91	35.97	275.55	105.38	152.79	0	0	0	0	0	0	0	0	803.11	0
14.9590	18.59	11.66	7.26	174.68	31.68	277.86	105.38	163.24	3.41	0	0	0	0	0	0	0	790.35	3.41
14.9690	16.17	9.68	7.26	154.11	27.5	279.84	103.62	169.62	8.69	6.93	0	0	0	0	0	0	767.8	15.62
14.9790	16.17	9.68	4.84	131.67	25.41	279.84	99.99	178.75	13.97	13.97	0	0	0	0	0	0	746.35	27.94
14.9890	13.86	7.7	4.84	109.34	21.12	279.84	98.12	183.37	22.77	21.01	0	0	0	0	0	0	718.19	43.78
14.9990	11.55	7.7	4.84	87.34	16.94	277.86	94.49	190.3	78.98	51.59	7.15	11.22	0	4.73	0	0	691.02	153.67
15.0089	11.55	5.83	0	65.23	12.65	266.75	90.86	197.23	149.16	108.24	19.14	31.02	0	11.88	0	0	650.1	319.44
15.0189	6.93	3.85	4.84	46.53	8.47	249.15	87.23	204.05	184.58	160.6	35.86	65.67	8.25	40.37	0	6.27	611.05	501.6
15.0289	4.62	0	0	34.43	6.27	213.84	83.71	206.36	221.65	197.23	60.5	84.48	11	67.54	7.7	10.56	549.23	660.66
15.0389	0	0	0	25.85	6.27	156.86	76.45	204.05	251.13	211.75	74.14	93.94	13.75	78.32	25.63	16.94	469.48	765.6
15.0489	0	0	0	18.92	8.47	105.6	65.56	187.99	251.13	214.17	79.64	97.02	16.5	86.46	38.5	21.12	386.54	804.54
15.0589	0	0	0	15.51	8.47	69.74	55	150.7	243.76	211.75	82.39	100.21	16.5	100.1	48.73	23.21	299.42	826.65
15.0689	0	0	0	8.58	6.27	48.84	47.3	92.84	251.13	221.43	90.53	106.48	19.25	113.63	59.51	27.5	203.83	889.46
15.0789	0	0	0	3.41	0	37.07	38.17	66.55	263.45	228.69	101.42	109.56	22	121.88	74.36	31.79	145.2	953.15
15.0889	0	0	0	0	0	27.28	32.01	35.31	275.77	235.95	112.42	112.75	24.75	130.02	86.35	33.88	94.6	1011.89
15.0989	0	0	0	0	0	19.47	22.88	24.64	285.78	240.79	123.53	115.94	24.75	138.16	98.23	38.06	66.99	1065.24
15.1089	0	0	0	0	0	13.64	13.75	10.56	293.48	243.21	129.14	119.02	27.5	143.66	107.14	40.26	37.95	1103.41
15.1189	0	0	0	0	0	9.68	6.05	0	290.84	243.21	131.89	122.21	27.5	146.3	110.22	42.35	15.73	1114.52
15.1289	0	0	0	0	0	7.81	2.97	0	283.25	243.21	129.14	131.67	30.25	151.8	115.94	44.44	10.78	1129.7
15.1389	0	0	0	0	0	5.83	2.97	0	268.4	240.79	123.53	137.94	30.25	157.19	115.94	44.44	8.8	1118.48
15.1489	0	0	0	0	0	5.83	0	0	248.6	233.53	117.92	144.32	30.25	159.94	115.94	44.44	5.83	1094.94
15.1589	0	0	0	0	0	3.85	0	0	231.44	226.27	109.67	150.59	30.25	165.44	113.08	46.53	3.85	1073.27
15.1689	0	0	0	0	0	0	0	0	210.1	216.59	101.42	153.78	30.25	165.44	113.08	46.53	0	1037.19
15.1789	0	0	0	0	0	0	0	0	191.51	206.91	93.28	160.05	30.25	168.19	110.22	46.53	0	1006.94
15.1889	0	0	0	0	0	0	0	0	173.03	194.81	85.03	163.24	30.25	168.19	110.22	46.53	0	971.3
15.1989	0	0	0	0	0	0	0	0	155.43	182.71	76.89	169.62	30.25	170.83	107.14	46.53	0	939.4
15.2089	0	0	0	0	0	0	0	0	142.78	173.03	71.39	172.81	33	170.83	107.14	46.53	0	917.51
15.2189	0	0	0	0	0	0	0	0	127.93	160.6	63.25	176	30.25	173.47	110.22	48.73	0	890.45
15.2289	0	0	0	0	0	0	0	0	115.28	148.06	57.75	176	33	173.47	110.22	48.73	0	862.51
15.2389	0	0	0	0	0	0	0	0	107.58	138.05	55.11	176	33	176.22	115.94	48.73	0	850.63
15.2489	0	0	0	0	0	0	0	0	99.99	128.04	52.69	176	33	176.22	118.91	50.82	0	835.67
15.2589	0	0	0	0	0	0	0	0	92.29	120.56	50.27	176	35.75	176.22	121.77	50.82	0	823.68
15.2689	0	0	0	0	0	0	0	0	84.7	113.08	47.85	176	35.75	178.86	127.6	52.91	0	816.75
15.2789	0	0	0	0	0	0	0	0	80.85	108.24	45.43	176	35.75	181.61	133.32	52.91	0	814.11
15.2889	0	0	0	0	0	0	0	0	78.98	103.51	45.43	176	38.5	184.25	139.15	55.11	0	820.93
15.2989	0	0	0	0	0	0	0	0	75.13	101.2	45.43	176	38.5	187	144.98	57.53	0	825.77
15.3089	0	0	0	0	0	0	0	0	73.15	98.78	45.43	176	41.25	192.39	153.67	59.95	0	840.62
15.3189	0	0	0	0	0	0	0	0	71.28	94.05	45.43	176	44	195.03	165.33	62.37	0	853.49
15.3289	0	0	0	0	0	0	0	0	67.43	89.32	43.12	179.19	44	200.42	177.21	62.37	0	863.06
15.3389	0	0	0	0	0	0	0	0	63.69	84.59	43.12	179.19	46.75	205.81	189.09	64.9	0	877.14
15.3489	0	0	0	0	0	0	0	0	57.97	79.86	40.7	182.38	49.5	211.2	201.08	69.74	0	892.43
15.3589	0	0	0	0	0	0	0	0	52.69	75.13	38.28	185.57	52.25	216.59	212.96	72.16	0	905.63
15.3689	0	0	0	0	0	0	0	0	47.41	68.09	33.44	191.95	52.25	224.73	224.73	77.11	0	919.71
15.3789	0	0	0	0	0	0	0	0	38.61	58.63	31.13	195.14	55.11	230.34	236.06	79.53	0	924.55
15.3889	0	0	0	0	0	0	0	0	33.33	49.17	23.87	198.44	58.08	238.7	244.53	84.48	0	930.6
15.3989	0	0	0	0	0	0	0	0	28.05	39.82	19.14	201.63	58.08	244.31	253	86.9	0	930.93
15.4089	0	0	0	0	0	0	0	0	24.53	30.47	16.72	204.82	58.08	249.92	261.47	91.74	0	937.75
15.4189	0	0	0	0	0	0	0	0	22.77	25.74	14.3	201.63	58.08	255.42	267.19	94.27	0	939.4
15.4289	0	0	0	0	0	0	0	0	19.25	16.39	11.88	198.44	58.08	255.42	272.8	96.69	0	928.95
15.4389	0	0	0	0	0	0	0	0	15.73	9.35	9.57	185.57	55.11	258.28	278.52	99.11	0	911.24
15.4489	0	0	0	0	0	0	0	0	13.97	4.62	7.15	172.81	49.5	258.28	281.49	99.11	0	886.93
15.4589	6.93	0	0	0	0	0	0	0	13.97	4.62	4.73	153.78	46.75	258.28	284.46	101.53	6.93	868.12
15.4689	16.17	0	0	0	0	0	0	0	12.21	0	0	134.86	41.25	258.28	284.46	106.48	16.17	837.54
15.4789	75.57	3.85	0	0	0	0	0	0	12.21	0	0	112.75	33	255.42	284.46	108.9	79.42	806.74
15.4889	246.73	25.3	14.52	5.17	0	5.83	0	0	10.45	0	0	90.75	27.5	255.42	281.49	111.32	297.55	776.93
15.4989	272.58	50.6	29.04	10.34	0	5.83	0	0	10.45	0	0	71.94	19.25	252.67	278.52	116.05	368.39	748.88
15.5089	280.39	85.14	55.77	25.85	8.47	13.64	0	0	8.69	0	0	50.82	13.75	241.45	267.19	118.25	469.26	700.15
15.5189	280.39	118.03	74.58	43.01	14.74	21.45	0	0	6.93	0	0	36.74	11	227.48	253	118.25	552.2	653.4
15.5289	277.86	130.57	86.35	56.87	19.03	27.28	7.59	5.28	5.17	0	0	22.55	8.25	197.67	233.2	120.45	610.83	587.29
15.5389	272.58	134.75	93.5	67.43	21.12	33.22	10.67	5.28	3.41	0	0	14.08	8.25	159.94	204.05	118.25	638.55	507.98
15.5489	267.41	134.75	102.96	71.83	23.21	46.86	16.72	7.04	0	0	0	5.61	8.25	124.52	168.3	113.85	670.78	420.53
15.5589	272.58	141.02	114.84	78.43	27.5	60.83	24.42	10.56	0	0	0	0	8.25	94.6	133.32	101.53	730.18	337.7
15.5689	282.92	147.29	132.22	80.63	31.68	72.05	32.01	12.32	0	0	0	0	8.25	67.54	107.14	81.95	791.12	264.88
15.5789	300.85	153.56	149.49	80.63	33.88	80.96	39.71	14.08	0	0	0	0	8.25	49.83	86.35	59.95	853.16	204.38
15.5889	318.67	159.83	166.87	82.83	38.06	87.67	44.22	15.84	0	0	0	0	5.5	35.64	71.39	44.44	913.99	156.97
15.5989	331.54	166.1	181.83	85.03	40.15	94.49	47.3	17.6	0	0	0	0	5.5	26.07	62.48	33.88	964.04	127.93
15.6089	339.35	168.3	186.78	87.34	40.15	96.69	50.38	19.36	0	0	0	0	0	21.34	51.37	29.59	988.35	102.3
15.6189	341.99	170.61	191.84	89.54	42.35	101.2	51.92	21.12	0	0	0	0	0	16.61	41.03	21.12	1010.57	78.76
15.6289	339.35	170.61	191.84	93.94	42.35	103.4	55	22.88	0	0	0	0	0	11.88	25.63	10.56	1019.37	48.07
15.6389	334.07	168.3	189.31	93.94	44.44	105.6	56.54	24.64	0	0	0	0	0	4.73	10.23	4.18	1016.84	19.14
15.6489	326.37	168.3	184.25	98.34	44.44	105.6	56.54	24.64	0	0	0	0	0	4.73	7.7	0	1008.48	12.43
15.6589	316.14	164.01	179.3	98.34	44.44	107.91	58.3	26.4	0	0	0	0	0	0	7.7	0	994.84	7.7
15.6689	305.91	159.83	174.24	100.54	46.53	107.91	58.3	26.4	0	0	0	0	0	0	5.06	0	979.66	5.06
15.6789	293.15	153.56	169.29	100.54	46.53	107.91	60.06	26.4	0	0	0	0	0	0	0	0	957.44	0
15.6889	282.92	147.29	161.92	100.54	46.53	107.91	61.93	28.27	0	0	0	0	0	0	0	0	937.31	0
15.6989	272.58	141.02	156.97	98.34	46.53	105.6	63.69	28.27	0	0	0	0	0	0	0	0	913	0
15.7089	259.6	134.75	152.02	96.14	48.62	103.4	63.69	30.03	0	0	0	0	0	0	0	0	888.25	0
15.7189	249.26	128.48	147.07	96.14	48.62	103.4	65.56	30.03	0	0	0	0	0	0	0	0	868.56	0
15.7289	241.45	124.3	142.12	93.94	48.62	103.4	65.56	30.03	0	0	0	0	0	0	0	0	849.42	0
15.7389	231.11	118.03	137.17	93.94	50.82	101.2	67.32	30.03	0	0	0	0	0	0	0	0	829.62	0
15.7489	223.41	113.85	132.22	93.94	50.82	101.2	67.32	30.03	0	0	0	0	0	0	0	0	812.79	0
15.7589	213.62	109.34	129.69	93.94	50.82	103.4	69.19	30.03	0	0	0	0	0	0	0	0	800.03	0
15.7689	206.36	104.94	124.74	96.14	52.91	103.4	70.95	31.79	0	0	0	0	0	0	0	0	791.23	0
15.7789	199.1	102.74	122.32	98.34	52.91	105.6	72.82	31.79	0	0	0	0	0	0	0	0	785.62	0
15.7889	189.31	98.34	117.37	100.54	55	107.91	74.58	33.55	0	0	0	0	0	0	0	0	776.6	0
15.7989	179.63	96.14	112.42	107.14	55	114.51	78.21	35.31	0	0	0	0	0	0	0	0	778.36	0
15.8089	169.95	91.74	107.69	113.85	57.2	120.78	81.84	37.07	0	0	0	0	0	0	0	0	780.12	0
15.8189	157.63	87.34	102.96	120.56	57.2	129.25	85.47	38.83	0	0	0	0	0	0	0	0	779.24	0
15.8289	145.31	82.94	95.81	127.27	59.4	137.72	89.1	42.35	0	0	0	0	0	0	0	0	779.9	0
15.8389	133.1	80.74	91.08	136.18	61.71	146.19	92.73	45.87	0	0	0	0	0	0	0	0	787.6	0
15.8489	120.78	74.14	84.04	145.09	61.71	154.66	96.36	51.15	0	0	0	0	0	0	0	0	787.93	0
15.8589	110.99	71.94	77	154.11	61.71	163.13	99.99	54.67	0	0	0	0	0	0	0	0	793.54	0
15.8689	99.88	65.34	67.54	163.02	64.02	174.13	103.62	60.5	0	0	0	0	0	0	0	0	798.05	0
15.8789	88.88	58.74	60.39	169.95	66.33	182.93	109.01	66.55	0	0	0	0	0	0	0	0	802.78	0
15.8889	75.57	52.58	53.24	177.1	66.33	194.04	114.51	72.6	0	0	0	0	0	0	0	0	805.97	0
15.8989	64.57	44.77	41.14	184.14	68.64	202.84	120.45	80.74	0	0	0	0	0	0	0	0	807.29	0
15.9089	53.35	36.96	33.88	188.87	68.64	211.64	128.59	96.91	0	0	0	0	0	0	0	0	818.84	0
15.9189	44.11	31.13	26.62	191.29	68.64	218.24	136.62	106.92	0	0	0	0	0	0	0	0	823.57	0
15.9289	37.18	25.3	21.78	193.6	68.64	224.95	142.67	117.26	0	0	0	0	0	0	0	0	831.38	0
15.9389	32.45	21.34	19.36	191.29	68.64	231.55	148.72	125.62	0	0	0	0	0	0	0	0	838.97	0
15.9489	27.83	17.49	16.94	186.56	66.33	235.95	152.79	133.98	0	0	0	0	0	0	0	0	837.87	0
15.9589	23.21	13.64	12.1	179.41	64.02	240.35	156.75	140.25	0	0	0	0	0	0	0	0	829.73	0
15.9689	23.21	11.66	12.1	165.33	57.2	240.35	156.75	148.61	3.41	0	0	0	0	0	0	0	815.21	3.41
15.9789	20.9	11.66	9.68	149.6	50.82	242.55	156.75	154.88	8.69	4.62	0	0	0	0	0	0	796.84	13.31
15.9889	20.9	9.68	9.68	131.67	44.44	242.55	152.79	159.06	13.97	11.66	0	0	0	0	0	0	770.77	25.63
15.9989	18.59	9.68	9.68	111.54	38.06	244.75	148.72	163.24	21.01	18.7	0	0	0	0	0	0	744.26	39.71
16.0089	18.59	7.7	7.26	93.94	31.68	244.75	144.65	169.62	52.69	37.51	4.73	8.47	0	0	0	0	718.19	103.4
16.0189	16.17	7.7	7.26	71.83	25.41	242.55	138.6	174.13	127.93	91.74	14.3	19.8	0	7.04	0	0	683.65	260.81
16.0289	13.86	5.83	4.84	53.35	19.03	235.95	132.55	176.44	159.72	138.05	31.13	50.82	5.5	26.07	5.06	6.27	641.85	422.62
16.0389	11.55	3.85	4.84	37.84	14.74	222.75	126.5	183.37	191.51	168.19	52.69	68.75	11	52.25	5.06	8.47	605.44	557.92
16.0489	9.24	0	4.84	25.85	10.56	194.04	118.47	185.68	228.91	185.13	74.14	78.21	13.75	67.54	20.46	14.74	548.68	682.88
16.0589	4.62	0	0	17.16	8.47	148.39	105.38	185.68	236.28	185.13	82.39	78.21	16.5	75.68	38.5	19.03	469.7	731.72
16.0689	0	0	0	10.34	8.47	101.2	87.23	178.75	228.91	180.29	85.03	78.21	19.25	81.07	46.2	21.12	385.99	740.08
16.0789	0	0	0	5.17	8.47	67.54	67.32	156.97	219.34	180.29	90.53	81.29	19.25	94.6	56.54	25.41	305.47	767.25
16.0889	0	0	0	0	8.47	48.84	53.46	106.92	228.91	189.97	101.42	87.56	22	108.24	71.39	29.59	217.69	839.08
16.0989	0	0	0	0	4.18	37.07	44.22	68.64	246.18	199.65	115.17	93.94	24.75	119.13	86.35	33.88	154.11	919.05
16.1089	0	0	0	0	0	25.3	36.63	42.35	260.92	206.91	131.89	97.02	27.5	130.02	104.17	38.06	104.28	996.49
16.1189	0	0	0	0	0	19.47	28.93	22.88	275.77	214.17	143	103.29	33	138.16	118.91	42.35	71.28	1068.65
16.1289	0	0	0	0	0	15.62	21.34	10.56	280.72	219.01	151.36	106.48	33	146.3	130.46	44.44	47.52	1111.77
16.1389	0	0	0	0	0	11.66	13.75	0	275.77	221.43	154.22	115.94	35.75	154.55	139.15	46.53	25.41	1143.34
16.1489	0	0	0	0	0	7.81	7.59	0	268.4	221.43	151.36	125.4	35.75	162.69	144.98	48.73	15.4	1158.74
16.1589	0	0	0	0	0	7.81	7.59	0	253.55	221.43	145.86	134.86	35.75	170.83	147.84	50.82	15.4	1160.94
16.1689	0	0	0	0	0	5.83	6.05	0	236.28	216.59	140.25	144.32	38.5	178.86	147.84	50.82	11.88	1153.46
16.1789	0	0	0	0	0	3.85	4.51	0	217.03	206.91	129.14	150.59	38.5	181.61	147.84	52.91	8.36	1124.53
16.1889	0	0	0	0	0	3.85	2.97	0	196.24	199.65	117.92	160.05	38.5	187	147.84	52.91	6.82	1100.11
16.1989	0	0	0	0	0	0	0	0	177.65	187.55	106.92	166.43	38.5	189.64	144.98	52.91	0	1064.58
16.2089	0	0	0	0	0	0	0	0	157.63	175.45	96.03	172.81	38.5	192.39	142.12	55.11	0	1030.04
16.2189	0	0	0	0	0	0	0	0	140.69	163.13	85.03	176	38.5	195.03	136.29	52.91	0	987.58
16.2289	0	0	0	0	0	0	0	0	123.75	153.12	74.14	182.38	38.5	195.03	133.32	55.11	0	955.35
16.2389	0	0	0	0	0	0	0	0	109.45	138.05	66	185.57	35.75	195.03	130.46	55.11	0	915.42
16.2489	0	0	0	0	0	0	0	0	96.14	128.04	55.11	188.76	35.75	197.67	127.6	55.11	0	884.18
16.2589	0	0	0	0	0	0	0	0	84.7	115.5	50.27	191.95	35.75	197.67	124.63	55.11	0	855.58
16.2689	0	0	0	0	0	0	0	0	73.15	105.93	43.12	195.14	35.75	200.42	121.77	55.11	0	830.39
16.2789	0	0	0	0	0	0	0	0	63.69	94.05	38.28	198.44	35.75	203.06	121.77	55.11	0	810.15
16.2889	0	0	0	0	0	0	0	0	54.45	84.59	33.44	201.63	33	205.81	121.77	55.11	0	789.8
16.2989	0	0	0	0	0	0	0	0	47.41	77.55	28.71	204.82	33	208.45	121.77	55.11	0	776.82
16.3089	0	0	0	0	0	0	0	0	40.37	70.4	26.29	208.01	33	211.2	124.63	55.11	0	769.01
16.3189	0	0	0	0	0	0	0	0	35.09	63.36	23.87	208.01	33	213.84	127.6	57.53	0	762.3
16.3289	0	0	0	0	0	0	0	0	33.33	58.63	21.56	214.39	35.75	219.23	130.46	57.53	0	770.88
16.3389	0	0	0	0	0	0	0	0	29.81	53.9	19.14	214.39	35.75	221.98	133.32	57.53	0	765.82
16.3489	0	0	0	0	0	0	0	0	29.81	51.59	19.14	220.77	35.75	227.48	142.12	59.95	0	786.61
16.3589	0	0	0	0	0	0	0	0	28.05	49.17	19.14	226.93	38.5	230.34	144.98	62.37	0	799.48
16.3689	0	0	0	0	0	0	0	0	26.29	46.86	16.72	229.79	38.5	238.7	153.67	62.37	0	812.9
16.3789	0	0	0	0	0	0	0	0	24.53	42.13	16.72	235.62	38.5	244.31	159.5	67.32	0	828.63
16.3889	0	0	0	0	0	0	0	0	22.77	39.82	16.72	241.45	41.25	252.67	168.3	69.74	0	852.72
16.3989	0	0	0	0	0	0	0	0	22.77	37.51	14.3	247.28	44	261.03	177.21	72.16	0	876.26
16.4089	0	0	0	0	0	0	0	0	21.01	32.78	14.3	253.11	44	269.39	180.18	77.11	0	891.88
16.4189	0	0	0	0	0	0	0	0	19.25	28.05	11.88	255.97	44	277.86	186.12	79.53	0	902.66
16.4288	0	0	0	0	0	0	0	0	19.25	25.74	11.88	258.94	44	283.47	192.06	81.95	0	917.29
16.4388	0	0	0	0	0	0	0	0	17.49	18.7	9.57	261.8	44	291.94	195.14	86.9	0	925.54
16.4488	0	0	0	0	0	0	0	0	15.73	13.97	7.15	258.94	41.25	297.55	198.11	89.32	0	922.02
16.4588	0	0	0	0	0	0	0	0	13.97	6.93	7.15	253.11	38.5	303.27	198.11	91.74	0	912.78
16.4688	0	0	0	0	0	0	0	0	12.21	6.93	4.73	241.45	35.75	308.88	201.08	94.27	0	905.3
16.4788	0	0	0	0	0	0	0	0	12.21	4.62	4.73	224.07	33	311.74	201.08	96.69	0	888.14
16.4888	0	0	0	0	0	0	0	0	12.21	4.62	4.73	201.63	27.5	314.49	198.11	99.11	0	862.4
16.4988	6.93	0	0	0	0	0	0	0	10.45	0	0	179.19	24.75	317.35	198.11	104.06	6.93	833.91
16.5088	18.59	0	0	0	0	0	0	0	10.45	0	0	156.97	19.25	325.82	195.14	108.9	18.59	816.53
16.5188	64.57	5.83	0	0	0	0	0	0	8.69	0	0	131.67	13.75	328.68	189.09	113.85	70.4	785.73
16.5288	228.58	33.11	14.52	8.58	0	5.83	0	0	8.69	0	0	109.56	11	331.54	186.12	118.25	290.62	765.16
16.5388	257.07	50.6	29.04	11.99	0	7.81	0	0	6.93	0	0	87.56	11	328.68	177.21	122.76	356.51	734.14
16.5488	262.24	80.74	53.24	27.5	8.47	15.62	0	0	6.93	0	0	62.48	8.25	317.35	165.33	127.16	447.81	687.5
16.5588	267.41	104.94	77	39.6	14.74	21.45	4.51	0	5.17	0	0	45.21	5.5	294.8	153.67	129.47	529.65	633.82
16.5688	270.05	120.12	91.08	53.35	19.03	29.26	9.13	3.52	3.41	0	0	33.88	5.5	249.92	142.12	131.67	595.54	566.5
16.5788	280.39	126.39	105.27	63.03	21.12	37.07	15.18	7.04	0	0	0	22.55	5.5	195.03	127.6	131.67	655.49	482.35
16.5888	277.86	128.48	117.37	67.43	27.5	48.84	22.88	10.56	0	0	0	16.94	5.5	143.66	118.91	124.96	700.92	409.97
16.5988	282.92	134.75	129.69	71.83	31.68	63.03	32.01	14.08	0	0	0	11.22	5.5	105.49	95.26	106.48	759.99	323.95
16.6088	293.15	141.02	147.07	76.23	38.06	72.05	39.71	15.84	0	0	0	8.47	5.5	72.93	83.27	79.53	823.13	249.7
16.6188	308.44	149.38	164.34	80.63	40.15	80.96	44.22	17.6	0	0	0	0	5.5	54.56	71.39	57.53	885.72	188.98
16.6288	323.84	155.65	179.3	85.03	42.35	89.98	47.3	21.12	0	0	0	0	0	40.37	59.51	44.44	944.57	144.32
16.6388	331.54	161.92	191.84	89.54	44.44	96.69	50.38	24.64	0	0	0	0	0	30.8	51.37	35.97	990.99	118.14
16.6488	334.07	166.1	196.79	96.14	44.44	103.4	53.46	26.4	0	0	0	0	0	23.65	46.2	27.5	1020.8	97.35
16.6588	334.07	170.61	196.79	104.94	44.44	107.91	53.46	28.27	0	0	0	0	0	14.19	25.63	14.74	1040.49	54.56
16.6688	328.9	172.81	196.79	111.54	46.53	112.42	55	28.27	0	0	0	0	0	9.46	10.23	4.18	1052.26	23.87
16.6788	318.67	172.81	189.31	118.25	46.53	116.6	55	30.03	0	0	0	0	0	4.73	5.06	0	1047.2	9.79
16.6888	303.38	168.3	181.83	122.76	46.53	120.78	55	30.03	0	0	0	0	0	4.73	0	0	1028.61	4.73
16.6988	287.98	166.1	169.29	129.47	46.53	122.98	55	30.03	0	0	0	0	0	0	0	0	1007.38	0
16.7088	270.05	159.83	159.39	133.98	44.44	122.98	55	31.79	0	0	0	0	0	0	0	0	977.46	0
16.7188	251.9	151.47	149.49	136.18	46.53	125.07	55	31.79	0	0	0	0	0	0	0	0	947.43	0
16.7288	236.28	145.2	139.59	136.18	44.44	125.07	55	31.79	0	0	0	0	0	0	0	0	913.55	0
16.7388	220.88	138.93	129.69	136.18	46.53	125.07	55	31.79	0	0	0	0	0	0	0	0	884.07	0
16.7488	208.78	132.66	122.32	136.18	46.53	125.07	56.54	31.79	0	0	0	0	0	0	0	0	859.87	0
16.7588	196.68	124.3	114.84	138.38	46.53	125.07	56.54	31.79	0	0	0	0	0	0	0	0	834.13	0
16.7688	184.47	118.03	110	138.38	46.53	125.07	58.3	31.79	0	0	0	0	0	0	0	0	812.57	0
16.7788	177.21	113.85	105.27	138.38	48.62	125.07	60.06	33.55	0	0	0	0	0	0	0	0	802.01	0
16.7888	169.95	109.34	98.23	140.69	48.62	127.16	61.93	33.55	0	0	0	0	0	0	0	0	789.47	0
16.7988	162.58	104.94	95.81	142.89	48.62	129.25	61.93	33.55	0	0	0	0	0	0	0	0	779.57	0
16.8088	155.21	100.54	91.08	142.89	50.82	129.25	63.69	33.55	0	0	0	0	0	0	0	0	767.03	0
16.8188	147.84	96.14	88.77	145.09	50.82	133.54	67.32	35.31	0	0	0	0	0	0	0	0	764.83	0
16.8288	142.89	91.74	86.35	147.4	52.91	135.63	69.19	37.07	0	0	0	0	0	0	0	0	763.18	0
16.8388	135.52	89.54	84.04	151.8	52.91	139.92	72.82	38.83	0	0	0	0	0	0	0	0	765.38	0
16.8488	130.57	85.14	81.73	156.31	55	144.1	76.45	38.83	0	0	0	0	0	0	0	0	768.13	0
16.8588	123.2	82.94	79.31	158.51	55	150.48	80.08	42.35	0	0	0	0	0	0	0	0	771.87	0
16.8688	115.83	78.54	74.58	165.33	57.2	156.86	83.71	44.11	0	0	0	0	0	0	0	0	776.16	0
16.8788	108.68	74.14	72.27	167.64	59.4	165.33	87.23	45.87	0	0	0	0	0	0	0	0	780.56	0
16.8888	99.88	69.74	67.54	174.68	59.4	171.93	92.73	49.39	0	0	0	0	0	0	0	0	785.29	0
16.8988	91.08	63.14	62.81	179.41	61.71	180.73	96.36	52.91	0	0	0	0	0	0	0	0	788.15	0
16.9088	82.17	58.74	55.77	186.56	61.71	189.53	101.75	58.52	0	0	0	0	0	0	0	0	794.75	0
16.9188	71.17	50.6	45.98	193.6	64.02	198.44	107.25	62.59	0	0	0	0	0	0	0	0	793.65	0
16.9288	60.17	44.77	38.72	198.33	64.02	207.24	112.64	68.64	0	0	0	0	0	0	0	0	794.53	0
16.9388	48.73	36.96	31.46	203.06	66.33	216.04	120.45	76.67	0	0	0	0	0	0	0	0	799.7	0
16.9488	39.49	31.13	24.2	205.37	66.33	222.75	126.5	92.84	0	0	0	0	0	0	0	0	808.61	0
16.9588	34.76	27.28	21.78	205.37	66.33	229.35	134.64	104.94	0	0	0	0	0	0	0	0	824.45	0
16.9688	32.45	21.34	19.36	203.06	64.02	235.95	140.69	115.17	0	0	0	0	0	0	0	0	832.04	0
16.9788	27.83	17.49	16.94	200.64	64.02	240.35	146.74	123.53	0	0	0	0	0	0	0	0	837.54	0
16.9888	23.21	13.64	14.52	193.6	61.71	242.55	150.7	127.71	0	0	0	0	0	0	0	0	827.64	0
16.9988	23.21	13.64	12.1	181.83	57.2	244.75	152.79	136.07	0	0	0	0	0	0	0	0	821.59	0
17.0088	20.9	11.66	9.68	169.95	52.91	244.75	152.79	142.34	0	0	0	0	0	0	0	0	804.98	0
17.0188	20.9	11.66	9.68	154.11	46.53	246.95	150.7	146.52	5.17	0	0	0	0	0	0	0	787.05	5.17
17.0288	18.59	9.68	9.68	138.38	42.35	246.95	146.74	154.88	10.45	6.93	0	0	0	0	0	0	767.25	17.38
17.0388	18.59	9.68	7.26	118.25	35.97	249.15	144.65	159.06	19.25	13.97	0	0	0	0	0	0	742.61	33.22
17.0488	16.17	7.7	7.26	100.54	29.59	249.15	138.6	163.24	71.28	42.13	4.73	8.47	0	0	0	0	712.25	126.61
17.0588	16.17	7.7	7.26	80.63	25.41	246.95	134.64	167.42	142.78	91.74	14.3	19.8	0	9.46	0	0	686.18	278.08
17.0688	13.86	5.83	7.26	60.83	19.03	242.55	128.59	171.82	168.41	135.52	28.71	50.82	5.5	26.07	0	4.18	649.77	419.21
17.0788	11.55	3.85	4.84	44.77	14.74	227.15	122.54	174.13	205.48	173.03	47.85	71.94	11	56.98	0	10.56	603.57	576.84
17.0888	6.93	0	4.84	31.02	10.56	200.64	114.51	176.44	233.86	194.81	66	81.29	13.75	70.18	17.93	14.74	544.94	692.56
17.0988	4.62	0	4.84	20.68	8.47	156.86	101.75	178.75	241.23	197.23	71.39	84.48	16.5	78.32	33.33	19.03	475.97	741.51
17.1088	0	0	0	13.75	8.47	110.11	83.71	169.62	226.49	192.39	74.14	84.48	16.5	83.82	41.03	21.12	385.66	739.97
17.1188	0	0	0	10.34	8.47	72.05	63.69	146.52	224.07	192.39	76.89	90.75	19.25	91.96	48.73	23.21	301.07	767.25
17.1288	0	0	0	5.17	6.27	50.71	51.92	98.89	231.44	202.07	85.03	93.94	22	102.74	59.51	27.5	212.96	824.23
17.1388	0	0	0	0	4.18	37.07	44.22	62.59	248.6	211.75	96.03	100.21	24.75	110.99	71.39	31.79	148.06	895.51
17.1488	0	0	0	0	0	27.28	35.09	40.59	270.82	223.85	109.67	103.29	24.75	119.13	83.27	33.88	102.96	968.66
17.1588	0	0	0	0	0	19.47	27.5	22.88	288.31	231.11	120.78	106.48	27.5	124.52	92.29	35.97	69.85	1026.96
17.1688	0	0	0	0	0	13.64	18.26	8.8	296.01	235.95	126.28	109.56	30.25	130.02	98.23	38.06	40.7	1064.36
17.1788	0	0	0	0	0	9.68	10.67	0	296.01	238.37	126.28	115.94	30.25	135.41	101.2	38.06	20.35	1081.52
17.1888	0	0	0	0	0	7.81	7.59	0	288.31	240.79	129.14	122.21	30.25	140.91	104.17	40.26	15.4	1096.04
17.1988	0	0	0	0	0	5.83	6.05	0	278.19	240.79	123.53	128.48	30.25	146.3	107.14	40.26	11.88	1094.94
17.2088	0	0	0	0	0	5.83	4.51	0	263.45	238.37	120.78	134.86	33	149.05	107.14	42.35	10.34	1089
17.2188	0	0	0	0	0	3.85	2.97	0	248.6	231.11	112.42	137.94	33	151.8	107.14	42.35	6.82	1064.36
17.2288	0	0	0	0	0	0	0	0	231.44	223.85	106.92	144.32	33	154.55	107.14	42.35	0	1043.57
17.2388	0	0	0	0	0	0	0	0	217.03	216.59	101.42	147.51	33	157.19	107.14	42.35	0	1022.23
17.2488	0	0	0	0	0	0	0	0	200.86	206.91	96.03	150.59	33	157.19	104.17	42.35	0	991.1
17.2588	0	0	0	0	0	0	0	0	186.89	197.23	87.78	150.59	33	157.19	104.17	44.44	0	961.29
17.2688	0	0	0	0	0	0	0	0	173.03	187.55	82.39	150.59	33	154.55	104.17	44.44	0	929.72
17.2788	0	0	0	0	0	0	0	0	159.72	177.87	76.89	153.78	33	154.55	104.17	44.44	0	904.42
17.2888	0	0	0	0	0	0	0	0	149.16	168.19	74.14	153.78	33	154.55	107.14	44.44	0	884.4
17.2988	0	0	0	0	0	0	0	0	140.69	160.6	71.39	153.78	33	154.55	107.14	44.44	0	865.59
17.3088	0	0	0	0	0	0	0	0	132.22	153.12	66	153.78	35.75	154.55	110.22	44.44	0	850.08
17.3188	0	0	0	0	0	0	0	0	125.84	145.64	66	153.78	35.75	157.19	113.08	44.44	0	841.72
17.3288	0	0	0	0	0	0	0	0	119.46	138.05	63.25	156.97	35.75	159.94	115.94	46.53	0	835.89
17.3388	0	0	0	0	0	0	0	0	115.28	135.52	63.25	156.97	38.5	162.69	121.77	46.53	0	840.51
17.3488	0	0	0	0	0	0	0	0	111.43	130.57	63.25	156.97	38.5	165.44	130.46	48.73	0	845.35
17.3588	0	0	0	0	0	0	0	0	107.58	125.51	63.25	156.97	41.25	170.83	139.15	50.82	0	855.36
17.3688	0	0	0	0	0	0	0	0	105.71	123.09	63.25	160.05	44	176.22	147.84	52.91	0	873.07
17.3788	0	0	0	0	0	0	0	0	101.86	118.03	63.25	163.24	46.75	181.61	159.5	55.11	0	889.35
17.3888	0	0	0	0	0	0	0	0	98.01	115.5	63.25	166.43	49.5	189.64	171.27	59.95	0	913.55
17.3988	0	0	0	0	0	0	0	0	94.16	110.66	60.5	166.43	52.25	195.03	186.12	62.37	0	927.52
17.4088	0	0	0	0	0	0	0	0	90.42	105.93	57.75	169.62	55.11	203.06	198.11	64.9	0	944.9
17.4188	0	0	0	0	0	0	0	0	82.72	101.2	57.75	176	55.11	208.45	209.99	67.32	0	958.54
17.4288	0	0	0	0	0	0	0	0	77	96.47	52.69	179.19	58.08	216.59	221.98	72.16	0	974.16
17.4388	0	0	0	0	0	0	0	0	69.41	89.32	50.27	182.38	61.05	224.73	233.2	74.69	0	985.05
17.4488	0	0	0	0	0	0	0	0	59.84	79.86	45.43	188.76	64.02	233.09	241.67	79.53	0	992.2
17.4588	0	0	0	0	0	0	0	0	49.17	70.4	35.86	195.14	64.02	238.7	250.14	81.95	0	985.38
17.4688	0	0	0	0	0	0	0	0	38.61	56.21	28.71	198.44	64.02	247.06	258.72	84.48	0	976.25
17.4788	0	0	0	0	0	0	0	0	29.81	42.13	21.56	201.63	64.02	252.67	267.19	86.9	0	965.91
17.4888	0	0	0	0	0	0	0	0	26.29	32.78	16.72	201.63	66.99	258.28	272.8	89.32	0	964.81
17.4988	0	0	0	0	0	0	0	0	22.77	23.43	14.3	195.14	64.02	258.28	281.49	91.74	0	951.17
17.5088	0	0	0	0	0	0	0	0	19.25	13.97	9.57	185.57	61.05	263.89	284.46	94.27	0	932.03
17.5188	0	0	0	0	0	0	0	0	15.73	6.93	7.15	169.62	55.11	263.89	290.4	94.27	0	903.1
17.5288	4.62	0	0	0	0	0	0	0	13.97	4.62	4.73	150.59	52.25	263.89	290.4	96.69	4.62	877.14
17.5388	13.86	0	0	0	0	0	0	0	13.97	0	4.73	134.86	44	263.89	293.37	101.53	13.86	856.35
17.5488	41.8	0	0	0	0	0	0	0	12.21	0	4.73	112.75	38.5	263.89	293.37	106.48	41.8	831.93
17.5588	150.26	15.51	7.26	0	0	0	0	0	12.21	0	0	93.94	30.25	263.89	290.4	111.32	173.03	802.01
17.5688	225.94	35.09	19.36	8.58	0	5.83	0	0	10.45	0	0	75.02	24.75	261.03	284.46	116.05	294.8	771.76
17.5788	225.94	52.58	36.3	17.16	6.27	7.81	0	0	8.69	0	0	56.54	16.5	255.42	275.66	120.45	346.06	733.26
17.5888	238.92	80.74	60.39	31.02	12.65	17.49	4.51	0	8.69	0	0	39.6	13.75	241.45	267.19	124.96	445.72	695.64
17.5988	246.73	100.54	79.31	46.53	16.94	25.3	9.13	5.28	6.93	0	0	28.27	11	219.23	250.14	127.16	529.76	642.73
17.6088	259.6	111.54	93.5	55.11	23.21	37.07	16.72	10.56	5.17	0	0	16.94	8.25	184.25	230.45	127.16	607.31	572.22
17.6188	264.88	115.94	105.27	56.87	27.5	44.88	21.34	12.32	0	0	0	8.47	8.25	146.3	201.08	122.76	649	486.86
17.6288	264.88	118.03	110	58.63	31.68	54.67	30.47	14.08	0	0	0	0	8.25	113.63	168.3	116.05	682.44	406.23
17.6388	270.05	122.21	119.79	63.03	33.88	60.83	35.09	15.84	0	0	0	0	8.25	86.46	130.46	101.53	720.72	326.7
17.6488	280.39	128.48	132.22	65.23	35.97	67.54	39.71	17.6	0	0	0	0	8.25	62.04	104.17	81.95	767.14	256.41
17.6588	295.68	134.75	144.54	67.43	38.06	74.25	42.68	19.36	0	0	0	0	8.25	45.1	83.27	59.95	816.75	196.57
17.6688	311.08	141.02	156.97	71.83	38.06	80.96	45.76	21.12	0	0	0	0	5.5	33.22	68.42	44.44	866.8	151.58
17.6788	323.84	147.29	166.87	76.23	40.15	85.47	48.84	22.88	0	0	0	0	0	26.07	56.54	33.88	911.57	116.49
17.6888	328.9	151.47	171.82	80.63	42.35	89.98	50.38	24.64	0	0	0	0	0	18.92	48.73	27.5	940.17	95.15
17.6988	331.54	155.65	176.77	85.03	42.35	94.49	53.46	26.4	0	0	0	0	0	14.19	35.97	19.03	965.69	69.19
17.7088	328.9	157.74	176.77	89.54	42.35	98.89	55	28.27	0	0	0	0	0	9.46	20.46	6.27	977.46	36.19
17.7188	321.31	155.65	174.24	93.94	44.44	101.2	56.54	30.03	0	0	0	0	0	7.04	12.76	4.18	977.35	23.98
17.7288	313.61	155.65	171.82	93.94	44.44	105.6	58.3	30.03	0	0	0	0	0	7.04	10.23	4.18	973.39	21.45
17.7388	305.91	151.47	169.29	98.34	46.53	105.6	60.06	31.79	0	0	0	0	0	4.73	7.7	4.18	968.99	16.61
17.7488	295.68	147.29	164.34	98.34	46.53	110.11	61.93	31.79	0	0	0	0	0	0	5.06	0	956.01	5.06
17.7588	285.45	143.11	159.39	100.54	46.53	110.11	63.69	33.55	0	0	0	0	0	0	0	0	942.37	0
17.7688	272.58	138.93	154.44	100.54	48.62	110.11	65.56	33.55	0	0	0	0	0	0	0	0	924.33	0
17.7788	259.6	132.66	147.07	100.54	48.62	110.11	67.32	35.31	0	0	0	0	0	0	0	0	901.23	0
17.7888	246.73	126.39	142.12	100.54	48.62	110.11	67.32	35.31	0	0	0	0	0	0	0	0	877.14	0
17.7988	236.28	122.21	134.64	102.74	50.82	112.42	69.19	35.31	0	0	0	0	0	0	0	0	863.61	0
17.8088	223.41	118.03	127.27	102.74	50.82	114.51	70.95	37.07	0	0	0	0	0	0	0	0	844.8	0
17.8188	211.2	111.54	122.32	104.94	52.91	116.6	74.58	37.07	0	0	0	0	0	0	0	0	831.16	0
17.8288	199.1	107.14	117.37	109.34	52.91	118.69	74.58	38.83	0	0	0	0	0	0	0	0	817.96	0
17.8388	186.89	102.74	110	111.54	52.91	122.98	78.21	40.59	0	0	0	0	0	0	0	0	805.86	0
17.8488	174.79	96.14	102.96	116.05	55	127.16	81.84	42.35	0	0	0	0	0	0	0	0	796.29	0
17.8587	162.58	91.74	95.81	122.76	57.2	131.45	83.71	44.11	0	0	0	0	0	0	0	0	789.36	0
17.8687	150.26	87.34	91.08	127.27	57.2	139.92	87.23	45.87	0	0	0	0	0	0	0	0	786.17	0
17.8787	135.52	80.74	84.04	133.98	59.4	146.19	90.86	49.39	0	0	0	0	0	0	0	0	780.12	0
17.8887	123.2	76.34	77	140.69	59.4	152.57	96.36	52.91	0	0	0	0	0	0	0	0	778.47	0
17.8987	108.68	69.74	67.54	145.09	61.71	161.04	99.99	56.54	0	0	0	0	0	0	0	0	770.33	0
17.9087	97.68	63.14	60.39	151.8	61.71	167.53	103.62	60.5	0	0	0	0	0	0	0	0	766.37	0
17.9187	86.68	56.54	53.24	158.51	61.71	176.33	107.25	64.57	0	0	0	0	0	0	0	0	764.83	0
17.9287	75.57	50.6	45.98	165.33	64.02	185.13	109.01	68.64	0	0	0	0	0	0	0	0	764.28	0
17.9387	62.37	44.77	38.72	172.37	64.02	191.73	114.51	76.67	0	0	0	0	0	0	0	0	765.16	0
17.9487	51.04	36.96	29.04	177.1	64.02	198.44	118.47	88.77	0	0	0	0	0	0	0	0	763.84	0
17.9587	41.8	31.13	24.2	179.41	64.02	207.24	124.52	96.91	0	0	0	0	0	0	0	0	769.23	0
17.9687	37.18	25.3	21.78	184.14	64.02	213.84	128.59	106.92	0	0	0	0	0	0	0	0	781.77	0
17.9787	32.45	23.32	19.36	184.14	64.02	220.55	134.64	115.17	0	0	0	0	0	0	0	0	793.65	0
17.9887	30.14	19.47	16.94	186.56	64.02	227.15	138.6	123.53	0	0	0	0	0	0	0	0	806.41	0
17.9987	25.52	15.51	14.52	186.56	61.71	233.75	142.67	129.8	0	0	0	0	0	0	0	0	810.04	0
18.0087	23.21	13.64	12.1	181.83	59.4	238.15	146.74	138.16	0	0	0	0	0	0	0	0	813.23	0
18.0187	23.21	13.64	12.1	174.68	55	242.55	148.72	146.52	0	0	0	0	0	0	0	0	816.42	0
18.0287	20.9	11.66	9.68	165.33	52.91	244.75	148.72	154.88	0	0	0	0	0	0	0	0	808.83	0
18.0387	20.9	11.66	9.68	154.11	48.62	246.95	148.72	159.06	0	0	0	0	0	0	0	0	799.7	0
18.0487	18.59	9.68	9.68	136.18	42.35	249.15	146.74	165.33	0	0	0	0	0	0	0	0	777.7	0
18.0587	18.59	9.68	7.26	118.25	35.97	249.15	142.67	169.62	3.41	0	0	0	0	0	0	0	751.19	3.41
18.0687	16.17	7.7	7.26	100.54	31.68	251.35	138.6	174.13	8.69	9.35	0	0	0	0	0	0	727.43	18.04
18.0787	16.17	7.7	7.26	85.03	25.41	251.35	134.64	176.44	15.73	13.97	0	0	0	0	0	0	704	29.7
18.0887	13.86	5.83	4.84	69.63	21.12	251.35	128.59	183.37	33.33	28.05	0	5.61	0	0	0	0	678.59	66.99
18.0987	13.86	5.83	4.84	55.11	16.94	249.15	120.45	185.68	115.28	72.82	9.57	14.08	0	4.73	0	0	651.86	216.48
18.1087	9.24	3.85	4.84	43.01	12.65	240.35	112.64	190.3	161.81	123.09	21.56	36.74	0	16.61	0	0	616.88	359.81
18.1187	9.24	3.85	4.84	32.67	10.56	220.55	103.62	194.92	191.51	168.19	43.12	62.48	8.25	45.1	0	8.47	580.25	527.12
18.1287	4.62	0	4.84	24.09	8.47	185.13	94.49	197.23	236.28	202.07	71.39	81.29	13.75	70.18	12.76	14.74	518.87	702.46
18.1387	0	0	0	18.92	8.47	133.54	81.84	192.61	265.87	211.75	85.03	84.48	16.5	81.07	33.33	21.12	435.38	799.15
18.1487	0	0	0	13.75	8.47	89.98	67.32	174.13	260.92	209.33	90.53	87.56	19.25	89.21	43.67	23.21	353.65	823.68
18.1587	0	0	0	10.34	8.47	60.83	56.54	138.16	248.6	206.91	93.28	90.75	22	100.1	53.9	27.5	274.34	843.04
18.1687	0	0	0	5.17	6.27	46.86	48.84	82.72	251.13	211.75	101.42	93.94	22	110.99	68.42	31.79	189.86	891.44
18.1787	0	0	0	0	0	33.22	39.71	58.52	260.92	219.01	115.17	100.21	24.75	124.52	83.27	35.97	131.45	963.82
18.1887	0	0	0	0	0	23.43	32.01	30.03	273.24	223.85	126.28	103.29	27.5	132.77	98.23	40.26	85.47	1025.42
18.1987	0	0	0	0	0	17.49	24.42	19.36	285.78	228.69	137.5	106.48	30.25	140.91	113.08	42.35	61.27	1085.04
18.2087	0	0	0	0	0	13.64	15.18	5.28	293.48	233.53	145.86	112.75	33	149.05	121.77	44.44	34.1	1133.88
18.2187	0	0	0	0	0	7.81	7.59	0	293.48	235.95	148.61	115.94	33	154.55	130.46	46.53	15.4	1158.52
18.2287	0	0	0	0	0	7.81	6.05	0	285.78	235.95	145.86	122.21	35.75	157.19	133.32	48.73	13.86	1164.79
18.2387	0	0	0	0	0	5.83	6.05	0	275.77	235.95	140.25	128.48	35.75	162.69	133.32	48.73	11.88	1160.94
18.2487	0	0	0	0	0	5.83	2.97	0	263.45	228.69	134.64	131.67	35.75	165.44	133.32	48.73	8.8	1141.69
18.2587	0	0	0	0	0	3.85	0	0	246.18	221.43	129.14	131.67	35.75	165.44	133.32	48.73	3.85	1111.66
18.2687	0	0	0	0	0	3.85	0	0	228.91	214.17	117.92	131.67	35.75	165.44	136.29	48.73	3.85	1078.88
18.2787	0	0	0	0	0	0	0	0	214.72	204.49	109.67	134.86	35.75	162.69	133.32	48.73	0	1044.23
18.2887	0	0	0	0	0	0	0	0	196.24	194.81	101.42	131.67	35.75	162.69	130.46	48.73	0	1001.77
18.2987	0	0	0	0	0	0	0	0	182.27	182.71	93.28	134.86	35.75	159.94	130.46	46.53	0	965.8
18.3087	0	0	0	0	0	0	0	0	166.1	173.03	85.03	134.86	35.75	157.19	130.46	46.53	0	928.95
18.3187	0	0	0	0	0	0	0	0	153.34	163.13	79.64	134.86	38.5	157.19	130.46	48.73	0	905.85
18.3287	0	0	0	0	0	0	0	0	140.69	150.59	74.14	134.86	35.75	154.55	130.46	46.53	0	867.57
18.3387	0	0	0	0	0	0	0	0	130.02	140.58	68.75	131.67	38.5	154.55	133.32	46.53	0	843.92
18.3487	0	0	0	0	0	0	0	0	121.55	133.1	66	131.67	38.5	154.55	136.29	46.53	0	828.19
18.3587	0	0	0	0	0	0	0	0	113.3	125.51	63.25	131.67	38.5	154.55	142.12	48.73	0	817.63
18.3687	0	0	0	0	0	0	0	0	109.45	118.03	60.5	131.67	41.25	157.19	144.98	48.73	0	811.8
18.3787	0	0	0	0	0	0	0	0	105.71	115.5	60.5	131.67	41.25	157.19	150.81	50.82	0	813.45
18.3887	0	0	0	0	0	0	0	0	103.73	110.66	60.5	131.67	44	159.94	156.53	52.91	0	819.94
18.3987	0	0	0	0	0	0	0	0	99.99	108.24	63.25	131.67	46.75	162.69	165.33	52.91	0	830.83
18.4087	0	0	0	0	0	0	0	0	98.01	105.93	63.25	134.86	49.5	168.19	177.21	55.11	0	852.06
18.4187	0	0	0	0	0	0	0	0	96.14	103.51	60.5	137.94	49.5	173.47	186.12	57.53	0	864.71
18.4287	0	0	0	0	0	0	0	0	92.29	98.78	60.5	137.94	52.25	181.61	198.11	59.95	0	881.43
18.4387	0	0	0	0	0	0	0	0	88.44	96.47	60.5	141.13	55.11	187	212.96	64.9	0	906.51
18.4487	0	0	0	0	0	0	0	0	82.72	91.74	57.75	147.51	58.08	195.03	224.73	67.32	0	924.88
18.4587	0	0	0	0	0	0	0	0	77	87.01	55.11	150.59	61.05	200.42	236.06	69.74	0	936.98
18.4687	0	0	0	0	0	0	0	0	69.41	82.28	50.27	153.78	64.02	205.81	247.39	74.69	0	947.65
18.4787	0	0	0	0	0	0	0	0	61.71	75.13	47.85	160.05	66.99	213.84	258.72	77.11	0	961.4
18.4887	0	0	0	0	0	0	0	0	52.69	68.09	43.12	163.24	69.96	221.98	269.94	81.95	0	970.97
18.4987	0	0	0	0	0	0	0	0	43.89	58.63	35.86	169.62	69.96	227.48	278.52	84.48	0	968.44
18.5087	0	0	0	0	0	0	0	0	35.09	46.86	26.29	172.81	72.93	233.09	287.43	89.32	0	963.82
18.5187	0	0	0	0	0	0	0	0	28.05	32.78	21.56	176	72.93	238.7	296.34	91.74	0	958.1
18.5287	0	0	0	0	0	0	0	0	24.53	25.74	16.72	176	72.93	244.31	305.25	94.27	0	959.75
18.5387	0	0	0	0	0	0	0	0	21.01	16.39	11.88	169.62	69.96	249.92	311.19	96.69	0	946.66
18.5487	0	0	0	0	0	0	0	0	17.49	6.93	9.57	156.97	64.02	252.67	314.16	99.11	0	920.92
18.5587	4.62	0	0	0	0	0	0	0	15.73	4.62	7.15	141.13	58.08	252.67	317.13	101.53	4.62	898.04
18.5687	11.55	0	0	0	0	0	0	0	13.97	0	4.73	122.21	52.25	252.67	320.1	106.48	11.55	872.41
18.5787	32.45	0	0	0	0	0	0	0	13.97	0	4.73	103.29	44	252.67	317.13	111.32	32.45	847.11
18.5887	118.36	7.7	0	0	0	0	0	0	12.21	0	0	84.48	35.75	252.67	314.16	113.85	126.06	813.12
18.5987	231.11	29.15	14.52	6.82	0	5.83	0	0	10.45	0	0	62.48	27.5	249.92	308.22	116.05	287.43	774.62
18.6087	236.28	50.6	26.62	11.99	0	3.85	0	0	10.45	0	0	48.07	19.25	241.45	299.31	118.25	329.34	736.78
18.6187	249.26	82.94	50.82	27.5	10.56	13.64	0	0	8.69	0	0	33.88	13.75	230.34	284.46	120.45	434.72	691.57
18.6287	259.6	113.85	72.27	44.77	16.94	21.45	2.97	0	6.93	0	0	22.55	11	208.45	267.19	120.45	531.85	636.57
18.6387	267.41	130.57	84.04	63.03	19.03	29.26	9.13	7.04	5.17	0	0	14.08	11	176.22	244.53	120.45	609.51	571.45
18.6487	277.86	136.84	98.23	71.83	21.12	37.07	12.21	7.04	0	0	0	5.61	8.25	138.16	212.96	118.25	662.2	483.23
18.6587	282.92	141.02	110	78.43	25.41	50.71	18.26	8.8	0	0	0	0	8.25	105.49	177.21	108.9	715.55	399.85
18.6687	290.62	145.2	122.32	80.63	27.5	60.83	24.42	12.32	0	0	0	0	8.25	81.07	142.12	94.27	763.84	325.71
18.6787	300.85	149.38	132.22	80.63	31.68	69.74	32.01	14.08	0	0	0	0	8.25	56.98	107.14	77.11	810.59	249.48
18.6887	313.61	153.56	144.54	80.63	33.88	76.56	36.63	15.84	0	0	0	0	8.25	42.68	86.35	57.53	855.25	194.81
18.6987	326.37	159.83	156.97	82.83	38.06	80.96	41.25	17.6	0	0	0	0	8.25	30.8	71.39	42.35	903.87	152.79
18.7087	336.71	164.01	166.87	85.03	38.06	85.47	44.22	19.36	0	0	0	0	5.5	23.65	62.48	31.79	939.73	123.42
18.7187	344.63	168.3	171.82	87.34	40.15	87.67	45.76	19.36	0	0	0	0	0	18.92	51.37	27.5	965.03	97.79
18.7287	347.27	170.61	174.24	91.74	40.15	89.98	45.76	21.12	0	0	0	0	0	14.19	38.5	19.03	980.87	71.72
18.7387	347.27	172.81	174.24	93.94	42.35	92.18	45.76	21.12	0	0	0	0	0	9.46	20.46	8.47	989.67	38.39
18.7487	344.63	172.81	171.82	98.34	40.15	92.18	47.3	21.12	0	0	0	0	0	4.73	7.7	0	988.35	12.43
18.7587	339.35	175.12	166.87	100.54	42.35	94.49	45.76	22.88	0	0	0	0	0	0	7.7	0	987.36	7.7
18.7687	328.9	175.12	161.92	104.94	42.35	96.69	45.76	22.88	0	0	0	0	0	0	5.06	0	978.56	5.06
18.7787	318.67	172.81	154.44	109.34	42.35	96.69	45.76	22.88	0	0	0	0	0	0	5.06	0	962.94	5.06
18.7887	305.91	170.61	144.54	113.85	42.35	98.89	44.22	24.64	0	0	0	0	0	0	0	0	945.01	0
18.7987	293.15	168.3	139.59	118.25	42.35	98.89	44.22	24.64	0	0	0	0	0	0	0	0	929.39	0
18.8087	277.86	164.01	129.69	122.76	42.35	98.89	42.68	24.64	0	0	0	0	0	0	0	0	902.88	0
18.8187	262.24	159.83	122.32	127.27	42.35	98.89	42.68	24.64	0	0	0	0	0	0	0	0	880.22	0
18.8287	246.73	153.56	114.84	131.67	42.35	101.2	41.25	24.64	0	0	0	0	0	0	0	0	856.24	0
18.8387	231.11	151.47	107.69	138.38	40.15	101.2	41.25	24.64	0	0	0	0	0	0	0	0	835.89	0
18.8487	218.46	147.29	100.54	142.89	42.35	103.4	41.25	24.64	0	0	0	0	0	0	0	0	820.82	0
18.8587	206.36	143.11	93.5	149.6	42.35	103.4	41.25	24.64	0	0	0	0	0	0	0	0	804.21	0
18.8687	191.73	136.84	86.35	158.51	42.35	105.6	39.71	26.4	0	0	0	0	0	0	0	0	787.49	0
18.8787	179.63	132.66	81.73	165.33	42.35	110.11	39.71	26.4	0	0	0	0	0	0	0	0	777.92	0
18.8887	167.53	126.39	77	174.68	42.35	112.42	41.25	26.4	0	0	0	0	0	0	0	0	768.02	0
18.8987	157.63	122.21	74.58	184.14	42.35	118.69	41.25	26.4	0	0	0	0	0	0	0	0	767.25	0
18.9087	147.84	115.94	69.85	191.29	44.44	125.07	42.68	28.27	0	0	0	0	0	0	0	0	765.38	0
18.9187	137.94	111.54	67.54	203.06	44.44	129.25	44.22	28.27	0	0	0	0	0	0	0	0	766.26	0
18.9287	128.15	104.94	62.81	210.1	44.44	137.72	45.76	30.03	0	0	0	0	0	0	0	0	763.95	0
18.9387	118.36	98.34	60.39	219.56	46.53	144.1	47.3	30.03	0	0	0	0	0	0	0	0	764.61	0
18.9487	108.68	91.74	55.77	228.69	46.53	152.57	50.38	31.79	0	0	0	0	0	0	0	0	766.15	0
18.9587	99.88	85.14	50.82	235.51	48.62	161.04	53.46	33.55	0	0	0	0	0	0	0	0	768.02	0
18.9687	91.08	78.54	45.98	244.64	48.62	169.73	56.54	35.31	0	0	0	0	0	0	0	0	770.44	0
18.9787	79.97	69.74	41.14	249.15	50.82	180.73	60.06	37.07	0	0	0	0	0	0	0	0	768.68	0
18.9887	71.17	63.14	36.3	253.66	50.82	189.53	63.69	38.83	0	0	0	0	0	0	0	0	767.14	0
18.9987	62.37	54.56	31.46	258.28	50.82	198.44	70.95	42.35	0	0	0	0	0	0	0	0	769.23	0
19.0087	51.04	46.75	26.62	260.48	52.91	209.44	76.45	47.63	0	0	0	0	0	0	0	0	771.32	0
19.0187	44.11	38.94	21.78	260.48	52.91	218.24	83.71	52.91	0	0	0	0	0	0	0	0	773.08	0
19.0287	37.18	33.11	19.36	260.48	52.91	229.35	90.86	62.59	0	0	0	0	0	0	0	0	785.84	0
19.0387	32.45	29.15	16.94	258.28	52.91	235.95	98.12	72.6	0	0	0	0	0	0	0	0	796.4	0
19.0487	30.14	23.32	14.52	255.97	52.91	242.55	103.62	88.77	0	0	0	0	0	0	0	0	811.8	0
19.0587	25.52	17.49	12.1	251.46	52.91	249.15	109.01	104.94	0	0	0	0	0	0	0	0	822.58	0
19.0687	23.21	17.49	9.68	244.64	50.82	255.75	112.64	113.08	0	0	0	0	0	0	0	0	827.31	0
19.0787	20.9	15.51	9.68	233.31	46.53	262.35	114.51	123.53	0	0	0	0	0	0	0	0	826.32	0
19.0887	20.9	15.51	9.68	219.56	44.44	264.55	116.49	131.89	3.41	0	0	0	0	0	0	0	823.02	3.41
19.0987	20.9	13.64	9.68	200.64	40.15	268.95	116.49	140.25	8.69	4.62	0	0	0	0	0	0	810.7	13.31
19.1087	18.59	11.66	7.26	177.1	35.97	273.35	116.49	148.61	13.97	11.66	0	0	0	0	0	0	789.03	25.63
19.1187	16.17	11.66	7.26	156.31	31.68	275.55	114.51	154.88	26.29	18.7	0	0	0	0	0	0	768.02	44.99
19.1287	16.17	9.68	7.26	129.47	25.41	277.86	112.64	161.15	92.29	53.9	9.57	8.47	0	0	0	0	739.64	164.23
19.1387	13.86	9.68	4.84	104.94	21.12	275.55	109.01	167.42	153.34	103.51	19.14	25.41	0	7.04	0	0	706.42	308.44
19.1487	13.86	7.7	4.84	78.43	14.74	268.95	107.25	171.82	182.27	148.06	35.86	53.68	8.25	33.22	0	8.47	667.59	469.81
19.1587	11.55	5.83	4.84	53.35	12.65	251.35	105.38	176.44	217.03	180.29	57.75	71.94	11	59.4	10.23	12.65	621.39	620.29
19.1687	6.93	3.85	4.84	36.19	10.56	220.55	99.99	181.06	238.81	189.97	71.39	78.21	13.75	70.18	25.63	16.94	563.97	704.88
19.1787	0	0	0	25.85	8.47	169.73	90.86	185.68	236.28	187.55	74.14	78.21	16.5	75.68	35.97	19.03	480.59	723.36
19.1887	0	0	0	17.16	8.47	114.51	76.45	176.44	224.07	182.71	74.14	81.29	16.5	81.07	43.67	21.12	393.03	724.57
19.1987	0	0	0	13.75	8.47	76.56	61.93	152.79	221.65	182.71	79.64	81.29	19.25	89.21	51.37	23.21	313.5	748.33
19.2087	0	0	0	8.58	6.27	52.69	50.38	102.96	233.86	189.97	87.78	84.48	22	97.35	59.51	27.5	220.88	802.45
19.2187	0	0	0	3.41	4.18	39.05	42.68	64.57	251.13	199.65	98.67	87.56	22	105.49	71.39	31.79	153.89	867.68
19.2287	0	0	0	0	0	29.26	35.09	40.59	268.4	209.33	109.67	90.75	24.75	113.63	83.27	33.88	104.94	933.68
19.2387	0	0	0	0	0	21.45	25.96	22.88	283.25	214.17	120.78	93.94	27.5	119.13	92.29	35.97	70.29	987.03
19.2487	0	0	0	0	0	15.62	16.72	10.56	290.84	216.59	126.28	100.21	30.25	124.52	98.23	38.06	42.9	1024.98
19.2587	0	0	0	0	0	9.68	9.13	0	285.78	221.43	129.14	106.48	30.25	130.02	104.17	40.26	18.81	1047.53
19.2687	0	0	0	0	0	7.81	6.05	0	278.19	223.85	126.28	112.75	33	138.16	107.14	42.35	13.86	1061.72
19.2787	0	0	0	0	0	7.81	4.51	0	265.87	221.43	123.53	122.21	33	143.66	110.22	44.44	12.32	1064.36
19.2886	0	0	0	0	0	5.83	2.97	0	248.6	219.01	117.92	128.48	33	149.05	113.08	44.44	8.8	1053.58
19.2986	0	0	0	0	0	5.83	2.97	0	231.44	211.75	112.42	134.86	35.75	154.55	115.94	46.53	8.8	1043.24
19.3086	0	0	0	0	0	3.85	0	0	214.72	204.49	106.92	141.13	35.75	159.94	115.94	46.53	3.85	1025.42
19.3186	0	0	0	0	0	3.85	0	0	198.55	194.81	101.42	147.51	35.75	162.69	118.91	48.73	3.85	1008.37
19.3286	0	0	0	0	0	0	0	0	182.27	187.55	93.28	150.59	35.75	165.44	118.91	48.73	0	982.52
19.3386	0	0	0	0	0	0	0	0	163.9	177.87	87.78	156.97	35.75	168.19	121.77	50.82	0	963.05
19.3486	0	0	0	0	0	0	0	0	149.16	165.66	79.64	160.05	38.5	170.83	121.77	50.82	0	936.43
19.3586	0	0	0	0	0	0	0	0	136.4	155.65	74.14	163.24	38.5	173.47	121.77	52.91	0	916.08
19.3686	0	0	0	0	0	0	0	0	121.55	145.64	66	169.62	38.5	176.22	124.63	52.91	0	895.07
19.3786	0	0	0	0	0	0	0	0	109.45	133.1	60.5	172.81	38.5	181.61	127.6	55.11	0	878.68
19.3886	0	0	0	0	0	0	0	0	99.99	123.09	55.11	176	38.5	184.25	130.46	55.11	0	862.51
19.3986	0	0	0	0	0	0	0	0	88.44	115.5	50.27	179.19	38.5	189.64	136.29	57.53	0	855.36
19.4086	0	0	0	0	0	0	0	0	78.98	105.93	47.85	182.38	41.25	195.03	139.15	57.53	0	848.1
19.4186	0	0	0	0	0	0	0	0	71.28	98.78	43.12	185.57	41.25	200.42	144.98	59.95	0	845.35
19.4286	0	0	0	0	0	0	0	0	61.71	89.32	38.28	188.76	41.25	205.81	150.81	62.37	0	838.31
19.4386	0	0	0	0	0	0	0	0	54.45	82.28	35.86	195.14	41.25	211.2	156.53	62.37	0	839.08
19.4486	0	0	0	0	0	0	0	0	45.65	72.82	31.13	198.44	44	216.59	165.33	64.9	0	838.86
19.4586	0	0	0	0	0	0	0	0	38.61	63.36	26.29	198.44	44	221.98	174.24	67.32	0	834.24
19.4686	0	0	0	0	0	0	0	0	33.33	56.21	23.87	201.63	46.75	227.48	180.18	69.74	0	839.19
19.4786	0	0	0	0	0	0	0	0	29.81	46.86	21.56	204.82	46.75	233.09	192.06	72.16	0	847.11
19.4886	0	0	0	0	0	0	0	0	28.05	42.13	19.14	208.01	49.5	238.7	201.08	74.69	0	861.3
19.4986	0	0	0	0	0	0	0	0	24.53	35.09	16.72	208.01	49.5	244.31	207.02	79.53	0	864.71
19.5086	0	0	0	0	0	0	0	0	22.77	30.47	14.3	211.2	49.5	249.92	215.93	81.95	0	876.04
19.5186	0	0	0	0	0	0	0	0	21.01	25.74	14.3	214.39	49.5	255.42	221.98	84.48	0	886.82
19.5286	0	0	0	0	0	0	0	0	19.25	21.01	11.88	214.39	49.5	261.03	227.59	86.9	0	891.55
19.5386	0	0	0	0	0	0	0	0	17.49	13.97	9.57	214.39	49.5	269.39	233.2	89.32	0	896.83
19.5486	0	0	0	0	0	0	0	0	15.73	6.93	7.15	208.01	49.5	272.25	236.06	94.27	0	889.9
19.5586	0	0	0	0	0	0	0	0	13.97	4.62	7.15	201.63	46.75	277.86	238.92	96.69	0	887.59
19.5686	0	0	0	0	0	0	0	0	13.97	4.62	4.73	191.95	44	283.47	241.67	99.11	0	883.52
19.5786	0	0	0	0	0	0	0	0	12.21	4.62	4.73	176	38.5	283.47	241.67	101.53	0	862.73
19.5886	0	0	0	0	0	0	0	0	12.21	0	4.73	160.05	35.75	286.33	241.67	106.48	0	847.22
19.5986	0	0	0	0	0	0	0	0	12.21	0	4.73	141.13	30.25	289.08	241.67	111.32	0	830.39
19.6086	9.24	0	0	0	0	0	0	0	12.21	0	0	122.21	24.75	289.08	238.92	113.85	9.24	801.02
19.6186	20.9	0	0	0	0	0	0	0	10.45	0	0	103.29	19.25	289.08	236.06	118.25	20.9	776.38
19.6286	60.17	5.83	0	0	0	0	0	0	10.45	0	0	84.48	16.5	291.94	233.2	122.76	66	759.33
19.6386	218.46	36.96	14.52	10.34	0	7.81	0	0	8.69	0	0	65.67	13.75	289.08	227.59	124.96	288.09	729.74
19.6486	254.43	58.74	26.62	15.51	4.18	9.68	0	0	6.93	0	0	50.82	11	283.47	218.9	127.16	369.16	698.28
19.6586	262.24	96.14	50.82	36.19	10.56	17.49	0	0	6.93	0	0	36.74	8.25	269.39	204.05	129.47	473.44	654.83
19.6686	270.05	128.48	77	51.7	16.94	27.28	6.05	0	5.17	0	0	28.27	5.5	238.7	186.12	131.67	577.5	595.43
19.6786	280.39	143.11	93.5	71.83	21.12	35.09	10.67	5.28	0	0	0	19.8	8.25	197.67	165.33	129.47	660.99	520.52
19.6886	293.15	151.47	107.69	78.43	23.21	44.88	16.72	7.04	0	0	0	11.22	8.25	154.55	147.84	124.96	722.59	446.82
19.6986	293.15	151.47	117.37	82.83	27.5	58.63	22.88	10.56	0	0	0	5.61	8.25	116.38	124.63	113.85	764.39	368.72
19.7086	298.21	157.74	129.69	87.34	31.68	69.74	30.47	12.32	0	0	0	5.61	8.25	86.46	104.17	94.27	817.19	298.76
19.7186	308.44	161.92	139.59	87.34	33.88	78.76	36.63	14.08	0	0	0	0	8.25	62.04	83.27	69.74	860.64	223.3
19.7286	318.67	166.1	154.44	91.74	38.06	85.47	41.25	17.6	0	0	0	0	8.25	45.1	71.39	52.91	913.33	177.65
19.7386	331.54	172.81	164.34	93.94	40.15	92.18	45.76	19.36	0	0	0	0	5.5	33.22	59.51	40.26	960.08	138.49
19.7486	336.71	175.12	171.82	98.34	40.15	96.69	47.3	19.36	0	0	0	0	0	26.07	51.37	31.79	985.49	109.23
19.7586	339.35	179.63	176.77	102.74	42.35	101.2	48.84	21.12	0	0	0	0	0	18.92	41.03	25.41	1012	85.36
19.7686	336.71	181.94	176.77	107.14	42.35	103.4	50.38	22.88	0	0	0	0	0	11.88	23.1	12.65	1021.57	47.63
19.7786	331.54	181.94	174.24	111.54	42.35	107.91	50.38	24.64	0	0	0	0	0	4.73	7.7	4.18	1024.54	16.61
19.7886	323.84	179.63	169.29	116.05	44.44	107.91	50.38	24.64	0	0	0	0	0	4.73	5.06	4.18	1016.18	13.97
19.7986	311.08	177.43	161.92	118.25	44.44	110.11	51.92	26.4	0	0	0	0	0	0	5.06	0	1001.55	5.06
19.8086	298.21	172.81	154.44	120.56	44.44	112.42	51.92	26.4	0	0	0	0	0	0	0	0	981.2	0
19.8186	282.92	166.1	147.07	122.76	44.44	112.42	53.46	26.4	0	0	0	0	0	0	0	0	955.57	0
19.8286	270.05	159.83	139.59	124.96	44.44	112.42	53.46	26.4	0	0	0	0	0	0	0	0	931.15	0
19.8386	254.43	153.56	132.22	124.96	44.44	112.42	53.46	28.27	0	0	0	0	0	0	0	0	903.76	0
19.8486	238.92	147.29	124.74	127.27	44.44	112.42	53.46	28.27	0	0	0	0	0	0	0	0	876.81	0
19.8586	225.94	141.02	119.79	129.47	44.44	112.42	53.46	28.27	0	0	0	0	0	0	0	0	854.81	0
19.8686	213.62	134.75	112.42	131.67	46.53	112.42	53.46	30.03	0	0	0	0	0	0	0	0	834.9	0
19.8786	203.94	130.57	107.69	133.98	46.53	114.51	53.46	30.03	0	0	0	0	0	0	0	0	820.71	0
19.8886	191.73	126.39	100.54	136.18	46.53	116.6	53.46	30.03	0	0	0	0	0	0	0	0	801.46	0
19.8986	182.05	122.21	98.23	140.69	46.53	118.69	55	31.79	0	0	0	0	0	0	0	0	795.19	0
19.9086	172.37	118.03	93.5	147.4	46.53	120.78	55	31.79	0	0	0	0	0	0	0	0	785.4	0
19.9186	165	113.85	88.77	151.8	46.53	125.07	55	31.79	0	0	0	0	0	0	0	0	777.81	0
19.9286	155.21	107.14	84.04	156.31	48.62	129.25	56.54	33.55	0	0	0	0	0	0	0	0	770.66	0
19.9386	147.84	102.74	81.73	163.02	48.62	133.54	58.3	33.55	0	0	0	0	0	0	0	0	769.34	0
19.9486	137.94	98.34	77	169.95	50.82	139.92	61.93	35.31	0	0	0	0	0	0	0	0	771.21	0
19.9586	128.15	93.94	74.58	174.68	50.82	146.19	63.69	37.07	0	0	0	0	0	0	0	0	769.12	0
19.9686	118.36	87.34	69.85	184.14	50.82	154.66	67.32	40.59	0	0	0	0	0	0	0	0	773.08	0
19.9786	108.68	82.94	65.12	188.87	52.91	163.13	70.95	42.35	0	0	0	0	0	0	0	0	774.95	0
19.9886	102.08	78.54	60.39	198.33	52.91	171.93	74.58	45.87	0	0	0	0	0	0	0	0	784.63	0
19.9986	93.28	71.94	55.77	203.06	55	180.73	76.45	47.63	0	0	0	0	0	0	0	0	783.86	0
20.0086	82.17	65.34	50.82	212.52	55	189.53	80.08	52.91	0	0	0	0	0	0	0	0	788.37	0
20.0186	73.37	58.74	43.56	217.25	55	198.44	85.47	56.54	0	0	0	0	0	0	0	0	788.37	0
20.0286	62.37	50.6	36.3	221.98	55	205.04	89.1	62.59	0	0	0	0	0	0	0	0	782.98	0
20.0386	53.35	44.77	29.04	226.49	57.2	213.84	96.36	70.62	0	0	0	0	0	0	0	0	791.67	0
20.0486	44.11	36.96	24.2	228.69	57.2	222.75	101.75	78.65	0	0	0	0	0	0	0	0	794.31	0
20.0586	37.18	31.13	21.78	231	57.2	229.35	107.25	92.84	0	0	0	0	0	0	0	0	807.73	0
20.0686	34.76	27.28	19.36	228.69	57.2	235.95	112.64	102.96	0	0	0	0	0	0	0	0	818.84	0
20.0786	30.14	23.32	14.52	228.69	57.2	242.55	118.47	113.08	0	0	0	0	0	0	0	0	827.97	0
20.0886	25.52	17.49	12.1	224.18	55	246.95	122.54	121.44	0	0	0	0	0	0	0	0	825.22	0
20.0986	23.21	15.51	12.1	217.25	52.91	251.35	124.52	127.71	0	0	0	0	0	0	0	0	824.56	0
20.1086	23.21	15.51	9.68	205.37	48.62	253.55	126.5	133.98	0	0	0	0	0	0	0	0	816.42	0
20.1186	20.9	13.64	9.68	188.87	46.53	255.75	126.5	140.25	5.17	0	0	0	0	0	0	0	802.12	5.17
20.1286	20.9	11.66	9.68	172.37	40.15	255.75	124.52	144.43	8.69	6.93	0	0	0	0	0	0	779.46	15.62
20.1386	18.59	11.66	7.26	151.8	35.97	257.95	122.54	152.79	13.97	13.97	0	0	0	0	0	0	758.56	27.94
20.1486	16.17	11.66	7.26	131.67	31.68	260.15	118.47	156.97	28.05	23.43	0	5.61	0	0	0	0	734.03	57.09
20.1586	16.17	9.68	7.26	111.54	25.41	260.15	114.51	163.24	94.16	60.94	9.57	11.22	0	0	0	0	707.96	175.89
20.1686	16.17	7.7	7.26	89.54	21.12	257.95	110.88	169.62	151.25	115.5	19.14	39.6	0	16.61	5.06	0	680.24	347.16
20.1786	13.86	7.7	4.84	67.43	16.94	251.35	107.25	171.82	179.96	160.6	35.86	65.67	8.25	45.1	0	6.27	641.19	501.71
20.1886	9.24	5.83	4.84	46.53	12.65	235.95	103.62	176.44	212.41	192.39	55.11	81.29	11	67.54	10.23	12.65	595.1	642.62
20.1986	6.93	3.85	4.84	32.67	8.47	205.04	96.36	178.75	233.86	204.49	68.75	87.56	13.75	75.68	25.63	16.94	536.91	726.66
20.2086	0	0	0	22.33	6.27	154.66	87.23	176.44	231.44	202.07	71.39	87.56	16.5	83.82	35.97	19.03	446.93	747.78
20.2186	0	0	0	15.51	8.47	105.6	74.58	165.33	219.34	199.65	71.39	93.94	16.5	94.6	43.67	21.12	369.49	760.21
20.2286	0	0	0	11.99	8.47	69.74	58.3	136.07	221.65	206.91	79.64	100.21	19.25	105.49	51.37	25.41	284.57	809.93
20.2386	0	0	0	6.82	6.27	50.71	50.38	88.77	233.86	216.59	87.78	106.48	22	116.38	62.48	29.59	202.95	875.16
20.2486	0	0	0	3.41	4.18	37.07	41.25	56.54	248.6	226.27	98.67	109.56	22	124.52	74.36	31.79	142.45	935.77
20.2586	0	0	0	0	0	27.28	33.55	37.07	265.87	233.53	112.42	112.75	24.75	132.77	86.35	35.97	97.9	1004.41
20.2686	0	0	0	0	0	19.47	25.96	21.12	275.77	238.37	117.92	119.02	27.5	138.16	95.26	38.06	66.55	1050.06
20.2786	0	0	0	0	0	13.64	15.18	8.8	275.77	240.79	120.78	125.4	27.5	143.66	101.2	40.26	37.62	1075.36
20.2886	0	0	0	0	0	9.68	7.59	0	268.4	243.21	120.78	134.86	30.25	151.8	104.17	42.35	17.27	1095.82
20.2986	0	0	0	0	0	7.81	4.51	0	256.08	243.21	115.17	144.32	30.25	157.19	104.17	42.35	12.32	1092.74
20.3086	0	0	0	0	0	5.83	2.97	0	238.81	238.37	109.67	153.78	30.25	162.69	107.14	44.44	8.8	1085.15
20.3186	0	0	0	0	0	3.85	0	0	221.65	231.11	101.42	163.24	30.25	168.19	104.17	44.44	3.85	1064.47
20.3286	0	0	0	0	0	3.85	0	0	203.17	221.43	96.03	172.81	30.25	170.83	104.17	44.44	3.85	1043.13
20.3386	0	0	0	0	0	0	0	0	184.58	211.75	87.78	179.19	30.25	173.47	101.2	46.53	0	1014.75
20.3486	0	0	0	0	0	0	0	0	166.1	202.07	76.89	188.76	30.25	176.22	98.23	46.53	0	985.05
20.3586	0	0	0	0	0	0	0	0	151.25	189.97	68.75	195.14	30.25	178.86	95.26	46.53	0	956.01
20.3686	0	0	0	0	0	0	0	0	136.4	177.87	60.5	204.82	30.25	181.61	95.26	46.53	0	933.24
20.3786	0	0	0	0	0	0	0	0	123.75	165.66	55.11	208.01	30.25	181.61	92.29	46.53	0	903.21
20.3886	0	0	0	0	0	0	0	0	111.43	155.65	50.27	214.39	30.25	184.25	89.32	48.73	0	884.29
20.3986	0	0	0	0	0	0	0	0	99.99	145.64	45.43	220.77	30.25	184.25	89.32	48.73	0	864.38
20.4086	0	0	0	0	0	0	0	0	92.29	135.52	40.7	224.07	30.25	187	89.32	48.73	0	847.88
20.4186	0	0	0	0	0	0	0	0	80.85	125.51	38.28	232.76	30.25	189.64	89.32	48.73	0	835.34
20.4286	0	0	0	0	0	0	0	0	73.15	118.03	33.44	235.62	30.25	195.03	89.32	48.73	0	823.57
20.4386	0	0	0	0	0	0	0	0	65.56	110.66	31.13	241.45	30.25	197.67	89.32	48.73	0	814.77
20.4486	0	0	0	0	0	0	0	0	59.84	103.51	31.13	244.42	30.25	203.06	92.29	50.82	0	815.32
20.4586	0	0	0	0	0	0	0	0	54.45	98.78	28.71	247.28	30.25	208.45	95.26	50.82	0	814
20.4686	0	0	0	0	0	0	0	0	50.93	94.05	28.71	253.11	30.25	211.2	98.23	52.91	0	819.39
20.4786	0	0	0	0	0	0	0	0	45.65	87.01	26.29	258.94	30.25	219.23	101.2	52.91	0	821.48
20.4886	0	0	0	0	0	0	0	0	40.37	82.28	23.87	261.8	33	224.73	107.14	52.91	0	826.1
20.4986	0	0	0	0	0	0	0	0	38.61	75.13	23.87	267.63	33	230.34	110.22	55.11	0	833.91
20.5086	0	0	0	0	0	0	0	0	35.09	70.4	21.56	270.6	35.75	235.95	118.91	57.53	0	845.79
20.5186	0	0	0	0	0	0	0	0	33.33	65.67	19.14	273.46	35.75	244.31	124.63	57.53	0	853.82
20.5286	0	0	0	0	0	0	0	0	31.57	60.94	19.14	276.43	35.75	249.92	130.46	59.95	0	864.16
20.5386	0	0	0	0	0	0	0	0	28.05	56.21	16.72	279.51	35.75	255.42	136.29	62.37	0	870.32
20.5486	0	0	0	0	0	0	0	0	26.29	51.59	16.72	282.7	38.5	263.89	144.98	64.9	0	889.57
20.5586	0	0	0	0	0	0	0	0	24.53	44.55	14.3	288.97	38.5	269.39	150.81	67.32	0	898.37
20.5686	0	0	0	0	0	0	0	0	22.77	42.13	14.3	292.16	38.5	277.86	153.67	72.16	0	913.55
20.5786	0	0	0	0	0	0	0	0	22.77	37.51	11.88	295.35	38.5	283.47	159.5	74.69	0	923.67
20.5886	0	0	0	0	0	0	0	0	21.01	32.78	11.88	298.43	41.25	291.94	165.33	77.11	0	939.73
20.5986	0	0	0	0	0	0	0	0	17.49	25.74	9.57	301.62	38.5	300.41	168.3	81.95	0	943.58
20.6086	0	0	0	0	0	0	0	0	15.73	18.7	7.15	298.43	38.5	308.88	171.27	86.9	0	945.56
20.6186	0	0	0	0	0	0	0	0	13.97	11.66	7.15	292.16	35.75	317.35	171.27	94.27	0	943.58
20.6286	0	0	0	0	0	0	0	0	12.21	9.35	4.73	279.51	35.75	325.82	174.24	96.69	0	938.3
20.6386	0	0	0	0	0	0	0	0	12.21	6.93	4.73	258.94	30.25	328.68	174.24	101.53	0	917.51
20.6486	0	0	0	0	0	0	0	0	12.21	6.93	4.73	235.62	27.5	334.29	171.27	108.9	0	901.45
20.6586	9.24	0	0	0	0	0	0	0	10.45	6.93	0	208.01	22	337.15	171.27	108.9	9.24	864.71
20.6686	23.21	3.85	0	0	0	0	0	0	10.45	4.62	0	176	19.25	342.76	171.27	113.85	27.06	838.2
20.6786	88.88	19.47	4.84	5.17	0	3.85	0	0	10.45	4.62	0	147.51	13.75	345.62	168.3	120.45	122.21	810.7
20.6886	228.58	48.73	19.36	13.75	4.18	7.81	2.97	0	8.69	0	0	122.21	11	342.76	165.33	122.76	325.38	772.75
20.6986	236.28	63.14	33.88	25.85	8.47	11.66	0	0	6.93	0	0	93.94	11	337.15	159.5	127.16	379.28	735.68
20.7086	244.09	91.74	58.08	37.84	12.65	21.45	4.51	0	6.93	0	0	65.67	8.25	322.96	153.67	131.67	470.36	689.15
20.7185	251.9	109.34	77	53.35	16.94	29.26	9.13	3.52	5.17	0	0	48.07	5.5	294.8	144.98	133.87	550.44	632.39
20.7285	264.88	118.03	88.77	58.63	21.12	42.9	16.72	8.8	0	0	0	33.88	5.5	247.06	136.29	136.18	619.85	558.91
20.7385	270.05	120.12	95.81	60.83	25.41	48.84	21.34	10.56	0	0	0	22.55	5.5	192.39	124.63	133.87	652.96	478.94
20.7485	270.05	122.21	102.96	63.03	27.5	56.65	27.5	12.32	0	0	0	16.94	5.5	143.66	110.22	127.16	682.22	403.48
20.7585	275.22	126.39	110	63.03	29.59	63.03	32.01	12.32	0	0	0	11.22	5.5	105.49	95.26	111.32	711.59	328.79
20.7685	285.45	130.57	122.32	65.23	33.88	69.74	36.63	14.08	0	0	0	11.22	5.5	72.93	80.3	89.32	757.9	259.27
20.7785	300.85	136.84	132.22	69.63	35.97	74.25	41.25	17.6	0	0	0	5.61	5.5	54.56	71.39	64.9	808.61	201.96
20.7885	316.14	143.11	147.07	69.63	35.97	80.96	44.22	19.36	0	0	0	0	5.5	40.37	59.51	48.73	856.46	154.11
20.7985	328.9	147.29	156.97	76.23	38.06	85.47	47.3	21.12	0	0	0	0	0	28.49	51.37	35.97	901.34	115.83
20.8085	334.07	151.47	164.34	78.43	40.15	89.98	50.38	24.64	0	0	0	0	0	23.65	41.03	31.79	933.46	96.47
20.8185	336.71	155.65	166.87	82.83	42.35	94.49	51.92	26.4	0	0	0	0	0	16.61	30.8	23.21	957.22	70.62
20.8285	334.07	155.65	166.87	85.03	42.35	96.69	55	28.27	0	0	0	0	0	9.46	12.76	8.47	963.93	30.69
20.8385	331.54	155.65	166.87	87.34	44.44	98.89	58.3	30.03	0	0	0	0	0	4.73	0	4.18	973.06	8.91
20.8485	323.84	153.56	164.34	87.34	44.44	101.2	61.93	30.03	0	0	0	0	0	4.73	0	0	966.68	4.73
20.8585	316.14	149.38	161.92	89.54	46.53	101.2	63.69	31.79	0	0	0	0	0	0	0	0	960.19	0
20.8685	308.44	145.2	156.97	89.54	48.62	101.2	65.56	33.55	0	0	0	0	0	0	0	0	949.08	0
20.8785	298.21	141.02	152.02	89.54	48.62	101.2	67.32	33.55	0	0	0	0	0	0	0	0	931.48	0
20.8885	287.98	136.84	147.07	89.54	48.62	101.2	69.19	35.31	0	0	0	0	0	0	0	0	915.75	0
20.8985	275.22	128.48	142.12	87.34	50.82	101.2	70.95	35.31	0	0	0	0	0	0	0	0	891.44	0
20.9085	262.24	124.3	137.17	87.34	50.82	101.2	72.82	37.07	0	0	0	0	0	0	0	0	872.96	0
20.9185	251.9	118.03	132.22	87.34	50.82	101.2	74.58	37.07	0	0	0	0	0	0	0	0	853.16	0
20.9285	241.45	113.85	127.27	87.34	52.91	101.2	76.45	37.07	0	0	0	0	0	0	0	0	837.54	0
20.9385	231.11	111.54	122.32	89.54	52.91	103.4	78.21	38.83	0	0	0	0	0	0	0	0	827.86	0
20.9485	220.88	107.14	119.79	89.54	55	103.4	80.08	38.83	0	0	0	0	0	0	0	0	814.66	0
20.9585	211.2	102.74	114.84	91.74	55	107.91	83.71	40.59	0	0	0	0	0	0	0	0	807.73	0
20.9685	203.94	98.34	112.42	93.94	57.2	110.11	85.47	42.35	0	0	0	0	0	0	0	0	803.77	0
20.9785	196.68	96.14	110	96.14	59.4	114.51	90.86	44.11	0	0	0	0	0	0	0	0	807.84	0
20.9885	186.89	91.74	107.69	100.54	59.4	118.69	92.73	45.87	0	0	0	0	0	0	0	0	803.55	0
20.9985	177.21	87.34	102.96	104.94	61.71	122.98	98.12	49.39	0	0	0	0	0	0	0	0	804.65	0
21.0085	165	82.94	100.54	109.34	64.02	129.25	103.62	51.15	0	0	0	0	0	0	0	0	805.86	0
21.0185	155.21	78.54	95.81	111.54	66.33	135.63	107.25	54.67	0	0	0	0	0	0	0	0	804.98	0
21.0285	142.89	74.14	88.77	116.05	66.33	142.01	112.64	60.5	0	0	0	0	0	0	0	0	803.33	0
21.0385	130.57	69.74	81.73	122.76	68.64	150.48	118.47	64.57	0	0	0	0	0	0	0	0	806.96	0
21.0485	118.36	63.14	74.58	127.27	70.95	158.95	124.52	70.62	0	0	0	0	0	0	0	0	808.39	0
21.0585	104.28	56.54	67.54	131.67	70.95	167.53	132.55	84.81	0	0	0	0	0	0	0	0	815.87	0
21.0685	91.08	50.6	58.08	138.38	73.26	176.33	138.6	92.84	0	0	0	0	0	0	0	0	819.17	0
21.0785	75.57	44.77	48.4	142.89	75.57	182.93	146.74	100.87	0	0	0	0	0	0	0	0	817.74	0
21.0885	62.37	36.96	36.3	147.4	77.88	191.73	152.79	106.92	0	0	0	0	0	0	0	0	812.35	0
21.0985	48.73	29.15	29.04	151.8	77.88	198.44	158.84	117.26	0	0	0	0	0	0	0	0	811.14	0
21.1085	39.49	25.3	21.78	154.11	77.88	207.24	164.89	123.53	0	0	0	0	0	0	0	0	814.22	0
21.1185	34.76	21.34	19.36	154.11	77.88	213.84	170.94	131.89	0	0	0	0	0	0	0	0	824.12	0
21.1285	30.14	17.49	16.94	154.11	75.57	218.24	177.21	140.25	0	0	0	0	0	0	0	0	829.95	0
21.1385	27.83	13.64	14.52	149.6	73.26	220.55	181.28	148.61	0	0	0	0	0	0	0	0	829.29	0
21.1485	25.52	11.66	12.1	145.09	68.64	222.75	183.37	154.88	0	0	0	0	0	0	0	0	824.01	0
21.1585	23.21	9.68	9.68	133.98	64.02	224.95	183.37	159.06	0	0	0	0	0	0	0	0	807.95	0
21.1685	23.21	9.68	9.68	120.56	57.2	224.95	183.37	163.24	5.17	0	0	0	0	0	0	0	791.89	5.17
21.1785	20.9	7.7	9.68	107.14	50.82	227.15	181.28	167.42	10.45	4.62	0	0	0	0	0	0	772.09	15.07
21.1885	18.59	7.7	7.26	89.54	42.35	224.95	177.21	169.62	17.49	9.35	0	0	0	0	0	0	737.22	26.84
21.1985	18.59	5.83	7.26	74.03	35.97	224.95	173.03	171.82	36.85	21.01	0	0	0	0	0	0	711.48	57.86
21.2085	16.17	5.83	7.26	58.63	29.59	224.95	166.87	176.44	109.45	58.63	9.57	11.22	0	4.73	0	0	685.74	193.6
21.2185	16.17	3.85	4.84	46.53	23.21	220.55	160.82	181.06	153.34	103.51	16.72	22.55	0	7.04	0	0	657.03	303.16
21.2285	13.86	3.85	4.84	34.43	19.03	211.64	154.77	183.37	175.34	155.65	31.13	53.68	5.5	23.65	0	6.27	625.79	451.22
21.2385	11.55	0	4.84	24.09	14.74	194.04	146.74	185.68	207.79	192.39	50.27	75.02	8.25	52.25	0	8.47	581.68	594.44
21.2485	9.24	0	4.84	15.51	10.56	165.33	134.64	185.68	231.44	206.91	63.25	84.48	11	67.54	12.76	12.65	525.8	690.03
21.2585	4.62	0	0	10.34	8.47	127.16	116.49	181.06	231.44	206.91	68.75	87.56	13.75	75.68	25.63	16.94	448.14	726.66
21.2685	0	0	0	5.17	8.47	89.98	94.49	171.82	219.34	199.65	71.39	90.75	16.5	81.07	35.97	19.03	369.93	733.7
21.2785	0	0	0	3.41	10.56	63.03	70.95	150.7	214.72	202.07	74.14	93.94	19.25	91.96	43.67	23.21	298.65	762.96
21.2885	0	0	0	0	8.47	46.86	56.54	109.01	224.07	209.33	82.39	100.21	19.25	102.74	53.9	27.5	220.88	819.39
21.2985	0	0	0	0	6.27	37.07	47.3	70.62	236.28	219.01	93.28	103.29	22	110.99	62.48	29.59	161.26	876.92
21.3085	0	0	0	0	4.18	27.28	41.25	44.11	253.55	226.27	101.42	106.48	24.75	119.13	74.36	33.88	116.82	939.84
21.3185	0	0	0	0	0	21.45	33.55	28.27	268.4	233.53	112.42	109.56	24.75	124.52	86.35	35.97	83.27	995.5
21.3285	0	0	0	0	0	15.62	25.96	19.36	270.82	235.95	117.92	112.75	27.5	130.02	92.29	35.97	60.94	1023.22
21.3385	0	0	0	0	0	9.68	15.18	7.04	268.4	238.37	117.92	119.02	27.5	138.16	98.23	40.26	31.9	1047.86
21.3485	0	0	0	0	0	5.83	7.59	3.52	258.5	238.37	117.92	125.4	30.25	143.66	101.2	40.26	16.94	1055.56
21.3585	0	0	0	0	0	5.83	7.59	3.52	248.6	238.37	115.17	134.86	30.25	151.8	104.17	42.35	16.94	1065.57
21.3685	0	0	0	0	0	3.85	6.05	0	236.28	233.53	112.42	141.13	30.25	154.55	104.17	42.35	9.9	1054.68
21.3785	0	0	0	0	0	3.85	4.51	0	221.65	226.27	106.92	147.51	30.25	159.94	104.17	44.44	8.36	1041.15
21.3885	0	0	0	0	0	0	2.97	0	205.48	219.01	98.67	153.78	30.25	162.69	104.17	42.35	2.97	1016.4
21.3985	0	0	0	0	0	0	0	0	191.51	211.75	93.28	156.97	30.25	165.44	107.14	44.44	0	1000.78
21.4085	0	0	0	0	0	0	0	0	177.65	202.07	87.78	160.05	30.25	168.19	107.14	44.44	0	977.57
21.4185	0	0	0	0	0	0	0	0	163.9	192.39	82.39	163.24	33	168.19	107.14	46.53	0	956.78
21.4285	0	0	0	0	0	0	0	0	151.25	182.71	79.64	163.24	30.25	168.19	104.17	46.53	0	925.98
21.4385	0	0	0	0	0	0	0	0	140.69	170.61	74.14	166.43	33	168.19	107.14	48.73	0	908.93
21.4485	0	0	0	0	0	0	0	0	132.22	163.13	68.75	166.43	33	170.83	107.14	46.53	0	888.03
21.4585	0	0	0	0	0	0	0	0	123.75	153.12	66	166.43	33	170.83	110.22	48.73	0	872.08
21.4685	0	0	0	0	0	0	0	0	115.28	145.64	63.25	166.43	33	173.47	113.08	48.73	0	858.88
21.4785	0	0	0	0	0	0	0	0	109.45	140.58	60.5	169.62	35.75	176.22	115.94	50.82	0	858.88
21.4885	0	0	0	0	0	0	0	0	103.73	133.1	57.75	172.81	35.75	178.86	121.77	50.82	0	854.59
21.4985	0	0	0	0	0	0	0	0	98.01	128.04	55.11	176	35.75	184.25	124.63	52.91	0	854.7
21.5085	0	0	0	0	0	0	0	0	90.42	123.09	52.69	179.19	35.75	189.64	130.46	52.91	0	854.15
21.5185	0	0	0	0	0	0	0	0	84.7	115.5	50.27	182.38	38.5	192.39	133.32	55.11	0	852.17
21.5285	0	0	0	0	0	0	0	0	78.98	110.66	47.85	185.57	38.5	200.42	142.12	55.11	0	859.21
21.5385	0	0	0	0	0	0	0	0	73.15	105.93	45.43	191.95	41.25	205.81	147.84	57.53	0	868.89
21.5485	0	0	0	0	0	0	0	0	67.43	98.78	40.7	195.14	41.25	213.84	153.67	59.95	0	870.76
21.5585	0	0	0	0	0	0	0	0	59.84	91.74	38.28	198.44	44	219.23	165.33	62.37	0	879.23
21.5685	0	0	0	0	0	0	0	0	54.45	82.28	35.86	201.63	44	224.73	174.24	64.9	0	882.09
21.5785	0	0	0	0	0	0	0	0	47.41	75.13	31.13	204.82	46.75	230.34	183.15	67.32	0	886.05
21.5885	0	0	0	0	0	0	0	0	40.37	68.09	26.29	208.01	46.75	238.7	192.06	69.74	0	890.01
21.5985	0	0	0	0	0	0	0	0	33.33	58.63	23.87	211.2	46.75	244.31	201.08	72.16	0	891.33
21.6085	0	0	0	0	0	0	0	0	29.81	49.17	19.14	214.39	49.5	249.92	209.99	77.11	0	899.03
21.6185	0	0	0	0	0	0	0	0	24.53	39.82	16.72	214.39	49.5	255.42	218.9	77.11	0	896.39
21.6285	0	0	0	0	0	0	0	0	22.77	32.78	14.3	214.39	49.5	261.03	227.59	81.95	0	904.31
21.6385	0	0	0	0	0	0	0	0	21.01	28.05	11.88	214.39	52.25	266.64	236.06	84.48	0	914.76
21.6485	0	0	0	0	0	0	0	0	19.25	21.01	9.57	211.2	49.5	269.39	241.67	86.9	0	908.49
21.6585	0	0	0	0	0	0	0	0	15.73	11.66	9.57	204.82	49.5	275	247.39	89.32	0	902.99
21.6685	4.62	0	0	0	0	0	0	0	13.97	6.93	7.15	195.14	46.75	275	250.14	91.74	4.62	886.82
21.6785	6.93	0	0	0	0	0	0	0	13.97	6.93	4.73	179.19	44	277.86	253	94.27	6.93	873.95
21.6885	13.86	0	0	0	0	0	0	0	13.97	4.62	4.73	163.24	38.5	277.86	253	96.69	13.86	852.61
21.6985	20.9	0	0	0	0	0	0	0	12.21	4.62	4.73	147.51	35.75	280.61	253	101.53	20.9	839.96
21.7085	53.35	0	0	0	0	0	0	0	10.45	4.62	0	128.48	30.25	280.61	250.14	104.06	53.35	808.61
21.7185	186.89	17.49	9.68	0	0	0	0	0	10.45	0	0	109.56	24.75	283.47	247.39	106.48	214.06	782.1
21.7285	233.75	38.94	21.78	8.58	0	5.83	0	0	10.45	0	0	90.75	19.25	286.33	241.67	111.32	308.88	759.77
21.7385	238.92	63.14	38.72	18.92	6.27	9.68	0	0	8.69	0	0	71.94	13.75	283.47	236.06	113.85	375.65	727.76
21.7485	249.26	93.94	60.39	37.84	12.65	17.49	4.51	0	8.69	0	0	53.68	11	275	224.73	116.05	476.08	689.15
21.7585	251.9	113.85	77	51.7	19.03	25.3	9.13	5.28	6.93	0	0	39.6	8.25	258.28	212.96	118.25	553.19	644.27
21.7685	257.07	122.21	86.35	63.03	21.12	33.22	13.75	8.8	5.17	0	0	25.41	8.25	224.73	195.14	118.25	605.55	576.95
21.7785	257.07	124.3	93.5	67.43	23.21	44.88	18.26	8.8	3.41	0	0	16.94	5.5	181.61	174.24	118.25	637.45	499.95
21.7885	262.24	130.57	105.27	71.83	27.5	56.65	24.42	10.56	0	0	0	8.47	5.5	138.16	153.67	113.85	689.04	419.65
21.7985	267.41	132.66	114.84	74.03	29.59	65.34	32.01	12.32	0	0	0	0	5.5	102.74	127.6	101.53	728.2	337.37
21.8085	277.86	138.93	124.74	78.43	33.88	74.25	36.63	14.08	0	0	0	0	8.25	75.68	104.17	84.48	778.8	272.58
21.8185	290.62	145.2	139.59	80.63	35.97	83.27	41.25	15.84	0	0	0	0	8.25	56.98	83.27	62.37	832.37	210.87
21.8285	300.85	151.47	149.49	85.03	35.97	89.98	44.22	17.6	0	0	0	0	5.5	40.37	71.39	46.53	874.61	163.79
21.8385	305.91	155.65	156.97	91.74	38.06	96.69	45.76	19.36	0	0	0	0	5.5	30.8	62.48	33.88	910.14	132.66
21.8485	308.44	159.83	161.92	98.34	38.06	103.4	47.3	19.36	0	0	0	0	0	23.65	53.9	27.5	936.65	105.05
21.8585	308.44	164.01	161.92	104.94	38.06	110.11	48.84	21.12	0	0	0	0	0	18.92	41.03	19.03	957.44	78.98
21.8685	305.91	166.1	161.92	111.54	40.15	114.51	50.38	21.12	0	0	0	0	0	11.88	25.63	10.56	971.63	48.07
21.8785	298.21	166.1	159.39	118.25	40.15	116.6	50.38	22.88	0	0	0	0	0	7.04	10.23	4.18	971.96	21.45
21.8885	293.15	166.1	154.44	122.76	40.15	120.78	51.92	22.88	0	0	0	0	0	7.04	7.7	0	972.18	14.74
21.8985	282.92	166.1	149.49	127.27	42.35	122.98	51.92	24.64	0	0	0	0	0	4.73	7.7	0	967.67	12.43
21.9085	275.22	161.92	144.54	129.47	42.35	122.98	51.92	24.64	0	0	0	0	0	0	5.06	0	953.04	5.06
21.9185	264.88	159.83	142.12	131.67	42.35	125.07	51.92	26.4	0	0	0	0	0	0	0	0	944.24	0
21.9285	254.43	153.56	134.64	133.98	42.35	125.07	53.46	26.4	0	0	0	0	0	0	0	0	923.89	0
21.9385	244.09	149.38	129.69	136.18	42.35	125.07	53.46	26.4	0	0	0	0	0	0	0	0	906.62	0
21.9485	233.75	145.2	124.74	136.18	42.35	125.07	53.46	26.4	0	0	0	0	0	0	0	0	887.15	0
21.9585	223.41	138.93	117.37	136.18	44.44	125.07	53.46	28.27	0	0	0	0	0	0	0	0	867.13	0
21.9685	213.62	134.75	112.42	136.18	44.44	122.98	55	28.27	0	0	0	0	0	0	0	0	847.66	0
21.9785	206.36	128.48	107.69	136.18	44.44	122.98	55	28.27	0	0	0	0	0	0	0	0	829.4	0
21.9885	196.68	124.3	105.27	136.18	46.53	122.98	56.54	28.27	0	0	0	0	0	0	0	0	816.75	0
21.9985	191.73	120.12	102.96	136.18	46.53	122.98	58.3	30.03	0	0	0	0	0	0	0	0	808.83	0
22.0085	184.47	115.94	100.54	136.18	46.53	122.98	60.06	30.03	0	0	0	0	0	0	0	0	796.73	0
22.0185	179.63	111.54	100.54	136.18	48.62	125.07	61.93	31.79	0	0	0	0	0	0	0	0	795.3	0
22.0285	177.21	109.34	98.23	138.38	48.62	125.07	63.69	31.79	0	0	0	0	0	0	0	0	792.33	0
22.0385	172.37	104.94	98.23	140.69	48.62	129.25	65.56	33.55	0	0	0	0	0	0	0	0	793.21	0
22.0485	167.53	102.74	95.81	142.89	50.82	131.45	67.32	35.31	0	0	0	0	0	0	0	0	793.87	0
22.0585	162.58	100.54	95.81	145.09	50.82	135.63	70.95	35.31	0	0	0	0	0	0	0	0	796.73	0
22.0685	155.21	98.34	93.5	149.6	52.91	139.92	74.58	37.07	0	0	0	0	0	0	0	0	801.13	0
22.0785	147.84	93.94	91.08	154.11	55	146.19	78.21	38.83	0	0	0	0	0	0	0	0	805.2	0
22.0885	140.47	89.54	88.77	158.51	57.2	152.57	81.84	42.35	0	0	0	0	0	0	0	0	811.25	0
22.0985	130.57	85.14	84.04	165.33	57.2	161.04	87.23	45.87	0	0	0	0	0	0	0	0	816.42	0
22.1085	120.78	78.54	77	169.95	59.4	167.53	92.73	49.39	0	0	0	0	0	0	0	0	815.32	0
22.1185	108.68	71.94	72.27	177.1	61.71	176.33	98.12	52.91	0	0	0	0	0	0	0	0	819.06	0
22.1285	97.68	65.34	62.81	184.14	64.02	185.13	101.75	58.52	0	0	0	0	0	0	0	0	819.39	0
22.1385	82.17	56.54	53.24	188.87	64.02	194.04	109.01	64.57	0	0	0	0	0	0	0	0	812.46	0
22.1484	68.97	48.73	43.56	195.91	66.33	200.64	114.51	72.6	0	0	0	0	0	0	0	0	811.25	0
22.1584	55.77	40.92	33.88	198.33	66.33	207.24	120.45	86.79	0	0	0	0	0	0	0	0	809.71	0
22.1684	44.11	35.09	26.62	200.64	68.64	216.04	128.59	94.82	0	0	0	0	0	0	0	0	814.55	0
22.1784	37.18	29.15	24.2	200.64	68.64	220.55	134.64	104.94	0	0	0	0	0	0	0	0	819.94	0
22.1884	34.76	23.32	19.36	198.33	66.33	227.15	140.69	113.08	0	0	0	0	0	0	0	0	823.02	0
22.1984	30.14	19.47	16.94	193.6	66.33	231.55	144.65	121.44	0	0	0	0	0	0	0	0	824.12	0
22.2084	25.52	15.51	14.52	186.56	61.71	231.55	148.72	127.71	0	0	0	0	0	0	0	0	811.8	0
22.2184	23.21	13.64	12.1	177.1	59.4	233.75	150.7	133.98	0	0	0	0	0	0	0	0	803.88	0
22.2284	23.21	11.66	12.1	163.02	52.91	233.75	150.7	138.16	6.93	4.62	0	0	0	0	0	0	785.51	11.55
22.2384	20.9	11.66	9.68	149.6	48.62	233.75	150.7	144.43	12.21	9.35	0	0	0	0	0	0	769.34	21.56
22.2484	20.9	11.66	9.68	131.67	44.44	235.95	148.72	148.61	19.25	13.97	0	0	0	0	0	0	751.63	33.22
22.2584	18.59	9.68	9.68	113.85	38.06	235.95	144.65	152.79	49.17	32.78	4.73	5.61	0	0	0	0	723.25	92.29
22.2684	18.59	9.68	7.26	96.14	31.68	235.95	140.69	156.97	132.22	84.59	11.88	16.94	0	7.04	0	0	696.96	252.67
22.2784	16.17	7.7	7.26	76.23	25.41	233.75	136.62	163.24	166.1	138.05	23.87	45.21	5.5	21.34	0	4.18	666.38	404.25
22.2884	13.86	5.83	7.26	56.87	19.03	227.15	130.57	165.33	198.55	185.13	43.12	75.02	8.25	47.52	5.06	6.27	625.9	568.92
22.2984	11.55	5.83	7.26	39.6	14.74	211.64	124.52	169.62	228.91	204.49	63.25	87.56	11	67.54	12.76	12.65	584.76	688.16
22.3084	9.24	3.85	4.84	27.5	10.56	185.13	118.47	169.62	238.81	209.33	68.75	93.94	16.5	75.68	28.27	16.94	529.21	748.22
22.3184	4.62	0	4.84	17.16	8.47	142.01	107.25	169.62	224.07	199.65	68.75	93.94	16.5	81.07	35.97	19.03	453.97	738.98
22.3284	0	0	0	11.99	8.47	98.89	87.23	163.24	203.17	192.39	68.75	100.21	19.25	89.21	43.67	21.12	369.82	737.77
22.3384	0	0	0	6.82	8.47	69.74	67.32	144.43	198.55	194.81	71.39	106.48	19.25	102.74	56.54	25.41	296.78	775.17
22.3484	0	0	0	3.41	8.47	50.71	55	102.96	205.48	202.07	79.64	112.75	22	113.63	65.45	29.59	220.55	830.61
22.3584	0	0	0	0	6.27	39.05	47.3	62.59	219.34	209.33	90.53	119.02	24.75	124.52	77.33	31.79	155.21	896.61
22.3684	0	0	0	0	0	29.26	39.71	40.59	231.44	216.59	104.17	122.21	27.5	132.77	89.32	35.97	109.56	959.97
22.3784	0	0	0	0	0	21.45	33.55	24.64	243.76	221.43	112.42	128.48	30.25	140.91	101.2	40.26	79.64	1018.71
22.3884	0	0	0	0	0	17.49	24.42	17.6	246.18	223.85	115.17	134.86	33	149.05	110.22	42.35	59.51	1054.68
22.3984	0	0	0	0	0	11.66	15.18	7.04	241.23	223.85	115.17	141.13	33	154.55	113.08	44.44	33.88	1066.45
22.4084	0	0	0	0	0	7.81	6.05	3.52	231.44	223.85	115.17	147.51	35.75	162.69	118.91	46.53	17.38	1081.85
22.4184	0	0	0	0	0	5.83	4.51	0	221.65	221.43	112.42	153.78	35.75	168.19	121.77	48.73	10.34	1083.72
22.4284	0	0	0	0	0	5.83	4.51	0	210.1	214.17	106.92	160.05	35.75	170.83	121.77	50.82	10.34	1070.41
22.4384	0	0	0	0	0	3.85	4.51	0	196.24	206.91	104.17	163.24	38.5	176.22	124.63	50.82	8.36	1060.73
22.4484	0	0	0	0	0	3.85	2.97	0	182.27	199.65	98.67	169.62	38.5	176.22	124.63	52.91	6.82	1042.47
22.4584	0	0	0	0	0	3.85	0	0	170.72	192.39	93.28	172.81	38.5	178.86	127.6	52.91	3.85	1027.07
22.4684	0	0	0	0	0	0	0	0	157.63	182.71	87.78	176	38.5	178.86	127.6	55.11	0	1004.19
22.4784	0	0	0	0	0	0	0	0	146.96	173.03	82.39	176	38.5	181.61	127.6	55.11	0	981.2
22.4884	0	0	0	0	0	0	0	0	138.49	165.66	76.89	179.19	38.5	181.61	124.63	55.11	0	960.08
22.4984	0	0	0	0	0	0	0	0	130.02	158.07	74.14	179.19	38.5	181.61	124.63	55.11	0	941.27
22.5084	0	0	0	0	0	0	0	0	121.55	150.59	68.75	179.19	38.5	181.61	124.63	55.11	0	919.93
22.5184	0	0	0	0	0	0	0	0	115.28	145.64	66	179.19	38.5	181.61	127.6	55.11	0	908.93
22.5284	0	0	0	0	0	0	0	0	109.45	138.05	63.25	179.19	38.5	181.61	127.6	55.11	0	892.76
22.5384	0	0	0	0	0	0	0	0	105.71	133.1	60.5	179.19	38.5	184.25	130.46	57.53	0	889.24
22.5484	0	0	0	0	0	0	0	0	99.99	130.57	57.75	182.38	41.25	184.25	130.46	57.53	0	884.18
22.5584	0	0	0	0	0	0	0	0	96.14	125.51	55.11	185.57	41.25	187	133.32	57.53	0	881.43
22.5684	0	0	0	0	0	0	0	0	92.29	123.09	55.11	188.76	41.25	189.64	136.29	59.95	0	886.38
22.5784	0	0	0	0	0	0	0	0	88.44	118.03	52.69	188.76	41.25	192.39	139.15	59.95	0	880.66
22.5884	0	0	0	0	0	0	0	0	82.72	113.08	50.27	195.14	41.25	197.67	142.12	59.95	0	882.2
22.5984	0	0	0	0	0	0	0	0	80.85	110.66	50.27	198.44	44	200.42	147.84	59.95	0	892.43
22.6084	0	0	0	0	0	0	0	0	75.13	108.24	47.85	201.63	44	205.81	150.81	62.37	0	895.84
22.6184	0	0	0	0	0	0	0	0	71.28	103.51	45.43	204.82	46.75	211.2	153.67	64.9	0	901.56
22.6284	0	0	0	0	0	0	0	0	67.43	98.78	43.12	208.01	46.75	216.59	162.36	64.9	0	907.94
22.6384	0	0	0	0	0	0	0	0	63.69	94.05	40.7	211.2	46.75	219.23	165.33	67.32	0	908.27
22.6484	0	0	0	0	0	0	0	0	57.97	89.32	40.7	217.58	46.75	224.73	171.27	69.74	0	918.06
22.6584	0	0	0	0	0	0	0	0	54.45	84.59	35.86	220.77	49.5	230.34	177.21	69.74	0	922.46
22.6684	0	0	0	0	0	0	0	0	49.17	79.86	33.44	226.93	49.5	235.95	180.18	72.16	0	927.19
22.6784	0	0	0	0	0	0	0	0	43.89	72.82	31.13	232.76	49.5	241.45	186.12	74.69	0	932.36
22.6884	0	0	0	0	0	0	0	0	36.85	65.67	26.29	235.62	52.25	249.92	192.06	77.11	0	935.77
22.6984	0	0	0	0	0	0	0	0	33.33	56.21	23.87	238.59	52.25	252.67	198.11	79.53	0	934.56
22.7084	0	0	0	0	0	0	0	0	28.05	49.17	19.14	241.45	52.25	258.28	204.05	79.53	0	931.92
22.7184	0	0	0	0	0	0	0	0	26.29	39.82	16.72	244.42	52.25	263.89	209.99	81.95	0	935.33
22.7284	0	0	0	0	0	0	0	0	22.77	32.78	14.3	244.42	52.25	269.39	215.93	84.48	0	936.32
22.7384	0	0	0	0	0	0	0	0	21.01	25.74	11.88	241.45	52.25	272.25	221.98	86.9	0	933.46
22.7484	0	0	0	0	0	0	0	0	19.25	18.7	9.57	238.59	49.5	277.86	224.73	89.32	0	927.52
22.7584	0	0	0	0	0	0	0	0	15.73	11.66	7.15	229.79	46.75	280.61	230.45	91.74	0	913.88
22.7684	4.62	0	0	0	0	0	0	0	13.97	6.93	7.15	214.39	44	283.47	230.45	94.27	4.62	894.63
22.7784	9.24	0	0	0	0	0	0	0	13.97	6.93	4.73	198.44	41.25	283.47	227.59	96.69	9.24	873.07
22.7884	16.17	0	0	0	0	0	0	0	13.97	4.62	4.73	179.19	35.75	286.33	227.59	101.53	16.17	853.71
22.7984	32.45	3.85	0	0	0	0	0	0	12.21	4.62	0	163.24	30.25	291.94	221.98	104.06	36.3	828.3
22.8084	113.41	21.34	4.84	5.17	0	3.85	0	0	10.45	0	0	147.51	24.75	294.8	215.93	108.9	148.61	802.34
22.8184	220.88	44.77	16.94	11.99	0	5.83	0	0	10.45	0	0	128.48	19.25	300.41	207.02	113.85	300.41	779.46
22.8284	223.41	60.94	26.62	17.16	6.27	7.81	0	0	8.69	0	0	109.56	16.5	300.41	195.14	116.05	342.21	746.35
22.8384	233.75	91.74	45.98	32.67	12.65	13.64	0	0	8.69	0	0	87.56	11	294.8	183.15	118.25	430.43	703.45
22.8484	241.45	109.34	62.81	44.77	16.94	21.45	0	5.28	6.93	0	0	62.48	8.25	283.47	171.27	120.45	502.04	652.85
22.8584	251.9	120.12	74.58	55.11	19.03	27.28	6.05	8.8	5.17	0	0	45.21	8.25	261.03	153.67	122.76	562.87	596.09
22.8684	254.43	124.3	84.04	58.63	21.12	35.09	10.67	10.56	3.41	0	0	33.88	5.5	213.84	136.29	124.96	598.84	517.88
22.8784	254.43	124.3	91.08	58.63	23.21	46.86	16.72	14.08	0	0	0	22.55	5.5	162.69	121.77	122.76	629.31	435.27
22.8884	262.24	128.48	102.96	60.83	27.5	56.65	25.96	17.6	0	0	0	14.08	5.5	124.52	104.17	113.85	682.22	362.12
22.8984	272.58	132.66	117.37	60.83	29.59	63.03	33.55	19.36	0	0	0	11.22	5.5	89.21	89.32	94.27	728.97	289.52
22.9084	293.15	138.93	134.64	63.03	33.88	69.74	39.71	22.88	0	0	0	5.61	5.5	64.79	77.33	69.74	795.96	222.97
22.9184	311.08	145.2	154.44	63.03	35.97	76.56	45.76	26.4	0	0	0	0	5.5	47.52	68.42	55.11	858.44	176.55
22.9284	326.37	149.38	169.29	65.23	38.06	83.27	50.38	30.03	0	0	0	0	0	35.64	59.51	42.35	912.01	137.5
22.9384	334.07	153.56	179.3	67.43	40.15	87.67	53.46	33.55	0	0	0	0	0	28.49	53.9	33.88	949.19	116.27
22.9484	336.71	155.65	186.78	71.83	42.35	92.18	58.3	35.31	0	0	0	0	0	23.65	46.2	31.79	979.11	101.64
22.9584	336.71	155.65	191.84	71.83	44.44	94.49	61.93	38.83	0	0	0	0	0	16.61	35.97	23.21	995.72	75.79
22.9684	334.07	155.65	191.84	74.03	44.44	98.89	65.56	40.59	0	0	0	0	0	11.88	23.1	10.56	1005.07	45.54
22.9784	326.37	153.56	191.84	76.23	46.53	101.2	67.32	42.35	0	0	0	0	0	4.73	10.23	4.18	1005.4	19.14
22.9884	318.67	149.38	189.31	76.23	46.53	103.4	70.95	45.87	0	0	0	0	0	4.73	7.7	0	1000.34	12.43
22.9984	311.08	147.29	184.25	78.43	48.62	103.4	72.82	47.63	0	0	0	0	0	0	7.7	0	993.52	7.7
23.0084	303.38	143.11	181.83	78.43	48.62	103.4	76.45	47.63	0	0	0	0	0	0	0	0	982.85	0
23.0184	293.15	136.84	176.77	78.43	50.82	103.4	78.21	49.39	0	0	0	0	0	0	0	0	967.01	0
23.0284	282.92	132.66	171.82	76.23	50.82	105.6	80.08	51.15	0	0	0	0	0	0	0	0	951.28	0
23.0384	275.22	128.48	169.29	76.23	52.91	103.4	81.84	52.91	0	0	0	0	0	0	0	0	940.28	0
23.0484	267.41	122.21	164.34	74.03	52.91	103.4	83.71	52.91	0	0	0	0	0	0	0	0	920.92	0
23.0584	257.07	118.03	159.39	74.03	55	103.4	85.47	54.67	0	0	0	0	0	0	0	0	907.06	0
23.0684	249.26	113.85	156.97	74.03	55	103.4	89.1	56.54	0	0	0	0	0	0	0	0	898.15	0
23.0784	238.92	111.54	152.02	74.03	57.2	105.6	90.86	58.52	0	0	0	0	0	0	0	0	888.69	0
23.0884	231.11	107.14	147.07	74.03	57.2	105.6	92.73	60.5	0	0	0	0	0	0	0	0	875.38	0
23.0984	223.41	102.74	144.54	74.03	59.4	105.6	96.36	62.59	0	0	0	0	0	0	0	0	868.67	0
23.1084	216.04	100.54	142.12	76.23	59.4	107.91	98.12	64.57	0	0	0	0	0	0	0	0	864.93	0
23.1184	211.2	96.14	139.59	76.23	61.71	110.11	101.75	74.69	0	0	0	0	0	0	0	0	871.42	0
23.1284	206.36	93.94	137.17	76.23	61.71	112.42	103.62	76.67	0	0	0	0	0	0	0	0	868.12	0
23.1384	201.52	91.74	134.64	78.43	64.02	114.51	105.38	80.74	0	0	0	0	0	0	0	0	870.98	0
23.1484	194.15	89.54	134.64	80.63	64.02	116.6	109.01	84.81	0	0	0	0	0	0	0	0	873.4	0
23.1584	186.89	87.34	129.69	82.83	66.33	118.69	112.64	88.77	0	0	0	0	0	0	0	0	873.18	0
23.1684	179.63	82.94	124.74	85.03	68.64	122.98	118.47	96.91	0	0	0	0	0	0	0	0	879.34	0
23.1784	169.95	80.74	122.32	87.34	70.95	127.16	122.54	100.87	0	0	0	0	0	0	0	0	881.87	0
23.1884	160.05	76.34	117.37	89.54	73.26	133.54	126.5	106.92	0	0	0	0	0	0	0	0	883.52	0
23.1984	152.68	74.14	110	93.94	73.26	137.72	132.55	113.08	0	0	0	0	0	0	0	0	887.37	0
23.2084	142.89	69.74	105.27	96.14	75.57	142.01	136.62	119.35	0	0	0	0	0	0	0	0	887.59	0
23.2184	133.1	65.34	98.23	98.34	77.88	146.19	142.67	125.62	0	0	0	0	0	0	0	0	887.37	0
23.2284	125.73	60.94	93.5	100.54	80.19	150.48	146.74	131.89	0	0	0	0	0	0	0	0	890.01	0
23.2384	115.83	56.54	86.35	102.74	82.5	154.66	150.7	142.34	0	0	0	0	0	0	0	0	891.66	0
23.2484	108.68	54.56	81.73	104.94	84.7	158.95	156.75	148.61	0	0	0	0	0	0	0	0	898.92	0
23.2584	99.88	50.6	77	107.14	84.7	163.13	160.82	152.79	0	0	0	0	0	0	0	0	896.06	0
23.2684	93.28	46.75	69.85	107.14	87.01	165.33	162.8	156.97	0	0	0	0	0	0	0	0	889.13	0
23.2784	86.68	42.79	65.12	109.34	87.01	167.53	168.96	161.15	0	0	0	0	0	0	0	0	888.58	0
23.2884	77.77	38.94	58.08	109.34	89.32	169.73	170.94	167.42	0	0	0	0	0	0	0	0	881.54	0
23.2984	66.77	33.11	48.4	109.34	89.32	171.93	177.21	171.82	0	0	0	0	0	0	0	0	867.9	0
23.3084	57.97	29.15	41.14	107.14	89.32	174.13	179.3	176.44	0	0	0	0	0	0	0	0	854.59	0
23.3184	48.73	23.32	31.46	107.14	87.01	174.13	183.37	181.06	0	0	0	0	0	0	0	0	836.22	0
23.3284	39.49	19.47	26.62	102.74	84.7	176.33	183.37	185.68	3.41	0	0	0	0	0	0	0	818.4	3.41
23.3384	37.18	17.49	24.2	100.54	82.5	176.33	183.37	187.99	5.17	0	0	0	0	0	0	0	809.6	5.17
23.3484	34.76	15.51	19.36	96.14	77.88	171.93	181.28	190.3	12.21	0	0	0	0	0	0	0	787.16	12.21
23.3584	32.45	13.64	19.36	89.54	73.26	167.53	175.12	187.99	36.85	4.62	0	0	0	0	0	0	758.89	41.47
23.3684	30.14	11.66	16.94	78.43	66.33	161.04	170.94	187.99	109.45	46.86	14.3	8.47	0	0	0	0	723.47	179.08
23.3784	25.52	9.68	14.52	67.43	59.4	152.57	164.89	185.68	166.1	110.66	28.71	22.55	0	7.04	0	0	679.69	335.06
23.3884	23.21	7.7	12.1	53.35	50.82	142.01	158.84	185.68	182.27	177.87	47.85	65.67	13.75	30.8	15.4	14.74	633.71	548.35
23.3984	20.9	5.83	9.68	41.36	42.35	131.45	154.77	181.06	214.72	211.75	74.14	103.29	19.25	62.04	17.93	14.74	587.4	717.86
23.4084	18.59	5.83	9.68	31.02	33.88	116.6	146.74	176.44	226.49	216.59	87.78	109.56	22	75.68	33.33	19.03	538.78	790.46
23.4184	16.17	3.85	7.26	20.68	25.41	101.2	138.6	169.62	212.41	209.33	85.03	115.94	24.75	81.07	38.5	21.12	482.79	788.15
23.4284	16.17	3.85	7.26	13.75	19.03	85.47	126.5	161.15	179.96	192.39	79.64	128.48	24.75	94.6	46.2	21.12	433.18	767.14
23.4384	13.86	0	7.26	10.34	14.74	69.74	112.64	154.88	157.63	180.29	74.14	144.32	24.75	113.63	51.37	27.5	383.46	773.63
23.4484	11.55	0	4.84	5.17	10.56	54.67	99.99	144.43	146.96	177.87	74.14	160.05	27.5	130.02	59.51	29.59	331.21	805.64
23.4584	11.55	0	4.84	3.41	8.47	44.88	85.47	131.89	140.69	173.03	76.89	172.81	27.5	146.3	68.42	33.88	290.51	839.52
23.4684	9.24	0	0	0	6.27	39.05	70.95	119.35	134.31	170.61	76.89	182.38	30.25	159.94	77.33	38.06	244.86	869.77
23.4784	9.24	0	0	0	4.18	31.24	58.3	106.92	132.22	168.19	82.39	191.95	33	173.47	89.32	40.26	209.88	910.8
23.4884	9.24	0	0	0	4.18	27.28	50.38	94.82	130.02	165.66	82.39	201.63	35.75	184.25	98.23	44.44	185.9	942.37
23.4984	9.24	0	0	0	4.18	23.43	44.22	84.81	123.75	160.6	79.64	208.01	35.75	192.39	107.14	46.53	165.88	953.81
23.5084	6.93	0	0	0	0	19.47	39.71	76.67	113.3	153.12	76.89	217.58	38.5	203.06	113.08	48.73	142.78	964.26
23.5184	6.93	0	0	0	0	17.49	35.09	66.55	103.73	143.11	68.75	224.07	38.5	211.2	118.91	52.91	126.06	961.18
23.5284	6.93	0	0	0	0	15.62	28.93	58.52	92.29	133.1	63.25	229.79	38.5	216.59	124.63	55.11	110	953.26
23.5384	6.93	0	0	0	0	11.66	24.42	52.91	80.85	118.03	55.11	229.79	38.5	224.73	130.46	55.11	95.92	932.58
23.5484	9.24	0	0	0	0	9.68	19.8	47.63	69.41	105.93	50.27	232.76	41.25	230.34	136.29	59.95	86.35	926.2
23.5584	6.93	0	0	0	0	5.83	16.72	44.11	57.97	91.74	43.12	232.76	41.25	233.09	144.98	59.95	73.59	904.86
23.5684	9.24	0	0	0	0	3.85	13.75	42.35	50.93	82.28	38.28	229.79	41.25	238.7	150.81	62.37	69.19	894.41
23.5783	6.93	0	0	0	0	3.85	13.75	40.59	42.13	70.4	33.44	229.79	41.25	241.45	156.53	64.9	65.12	879.89
23.5883	6.93	0	0	0	0	0	13.75	40.59	35.09	63.36	28.71	229.79	41.25	247.06	162.36	67.32	61.27	874.94
23.5983	6.93	0	0	0	0	0	15.18	44.11	29.81	56.21	23.87	226.93	41.25	249.92	168.3	67.32	66.22	863.61
23.6083	6.93	0	0	0	0	0	16.72	44.11	26.29	46.86	21.56	224.07	41.25	249.92	174.24	69.74	67.76	853.93
23.6183	6.93	0	0	0	0	0	18.26	44.11	22.77	42.13	19.14	220.77	44	252.67	180.18	69.74	69.3	851.4
23.6283	6.93	0	0	0	0	0	19.8	45.87	21.01	35.09	16.72	214.39	44	252.67	186.12	72.16	72.6	842.16
23.6383	6.93	0	0	0	0	0	21.34	45.87	19.25	30.47	14.3	208.01	44	252.67	192.06	72.16	74.14	832.92
23.6483	6.93	0	0	0	0	0	22.88	44.11	17.49	28.05	14.3	201.63	44	252.67	198.11	72.16	73.92	828.41
23.6583	6.93	0	0	0	0	0	22.88	44.11	17.49	25.74	11.88	195.14	44	252.67	201.08	72.16	73.92	820.16
23.6683	6.93	0	0	0	0	0	24.42	44.11	15.73	21.01	11.88	185.57	44	249.92	207.02	69.74	75.46	804.87
23.6783	6.93	0	0	0	0	0	25.96	44.11	13.97	18.7	9.57	172.81	44	249.92	212.96	67.32	77	789.25
23.6883	6.93	0	0	0	0	0	25.96	44.11	13.97	16.39	7.15	160.05	44	247.06	218.9	64.9	77	772.42
23.6983	6.93	0	0	0	4.18	0	25.96	44.11	12.21	11.66	7.15	150.59	44	244.31	227.59	62.37	81.18	759.88
23.7083	6.93	0	0	0	4.18	0	27.5	44.11	10.45	9.35	4.73	141.13	44	244.31	233.2	64.9	82.72	752.07
23.7183	6.93	0	0	0	4.18	0	28.93	42.35	10.45	9.35	4.73	131.67	41.25	244.31	238.92	62.37	82.39	743.05
23.7283	6.93	0	0	0	6.27	3.85	28.93	42.35	10.45	9.35	4.73	125.4	41.25	241.45	241.67	62.37	88.33	736.67
23.7383	6.93	0	0	0	6.27	5.83	30.47	42.35	10.45	6.93	4.73	119.02	41.25	244.31	247.39	62.37	91.85	736.45
23.7483	6.93	0	0	0	8.47	7.81	32.01	42.35	10.45	6.93	4.73	115.94	41.25	244.31	247.39	59.95	97.57	730.95
23.7583	6.93	0	0	0	8.47	7.81	33.55	37.07	10.45	6.93	0	112.75	41.25	244.31	250.14	59.95	93.83	725.78
23.7683	6.93	0	0	0	10.56	9.68	35.09	35.31	10.45	6.93	0	109.56	38.5	247.06	250.14	59.95	97.57	722.59
23.7783	6.93	0	0	3.41	12.65	11.66	35.09	35.31	8.69	6.93	0	106.48	38.5	247.06	250.14	59.95	105.05	717.75
23.7883	6.93	0	0	5.17	14.74	13.64	36.63	35.31	8.69	4.62	0	103.29	38.5	249.92	250.14	59.95	112.42	715.11
23.7983	9.24	3.85	0	5.17	16.94	15.62	36.63	35.31	8.69	4.62	0	100.21	35.75	252.67	247.39	59.95	122.76	709.28
23.8083	9.24	3.85	4.84	5.17	16.94	17.49	35.09	35.31	8.69	4.62	0	100.21	35.75	255.42	247.39	57.53	127.93	709.61
23.8183	9.24	3.85	4.84	6.82	19.03	19.47	36.63	33.55	8.69	4.62	0	100.21	35.75	258.28	244.53	59.95	133.43	712.03
23.8283	11.55	3.85	4.84	8.58	19.03	19.47	35.09	33.55	8.69	4.62	0	100.21	33	261.03	238.92	57.53	135.96	704
23.8383	11.55	3.85	7.26	8.58	19.03	19.47	35.09	31.79	8.69	4.62	0	103.29	33	266.64	236.06	59.95	136.62	712.25
23.8483	11.55	5.83	7.26	8.58	19.03	19.47	33.55	30.03	8.69	4.62	0	103.29	33	272.25	230.45	59.95	135.3	712.25
23.8583	11.55	3.85	7.26	8.58	19.03	19.47	32.01	28.27	8.69	4.62	0	106.48	30.25	275	227.59	59.95	130.02	712.58
23.8683	11.55	3.85	7.26	8.58	19.03	19.47	32.01	26.4	8.69	4.62	0	109.56	30.25	280.61	221.98	59.95	128.15	715.66
23.8783	11.55	3.85	7.26	6.82	19.03	17.49	30.47	24.64	8.69	4.62	0	112.75	30.25	286.33	218.9	62.37	121.11	723.91
23.8883	9.24	3.85	7.26	6.82	16.94	17.49	28.93	22.88	8.69	4.62	0	112.75	27.5	289.08	215.93	62.37	113.41	720.94
23.8983	9.24	3.85	4.84	6.82	16.94	15.62	28.93	21.12	6.93	4.62	0	115.94	27.5	294.8	209.99	62.37	107.36	722.15
23.9083	9.24	3.85	4.84	6.82	16.94	15.62	27.5	19.36	6.93	4.62	0	119.02	27.5	297.55	207.02	64.9	104.17	727.54
23.9183	9.24	3.85	4.84	6.82	16.94	13.64	25.96	17.6	6.93	0	0	125.4	27.5	303.27	201.08	64.9	98.89	729.08
23.9283	6.93	3.85	4.84	6.82	16.94	13.64	25.96	17.6	6.93	4.62	0	131.67	24.75	306.02	198.11	64.9	96.58	737
23.9383	6.93	3.85	0	6.82	14.74	13.64	24.42	15.84	6.93	0	0	137.94	24.75	311.74	195.14	64.9	86.24	741.4
23.9483	6.93	0	0	5.17	14.74	11.66	22.88	14.08	6.93	0	0	144.32	24.75	314.49	189.09	64.9	75.46	744.48
23.9583	6.93	0	0	6.82	14.74	11.66	22.88	14.08	6.93	0	0	147.51	22	317.35	183.15	64.9	77.11	741.84
23.9683	6.93	0	0	5.17	14.74	9.68	21.34	14.08	6.93	0	0	150.59	22	320.21	177.21	64.9	71.94	741.84
23.9783	4.62	0	0	5.17	14.74	9.68	19.8	12.32	6.93	0	0	156.97	22	322.96	171.27	62.37	66.33	742.5
23.9883	4.62	0	0	5.17	14.74	9.68	19.8	12.32	6.93	0	0	163.24	22	322.96	165.33	62.37	66.33	742.83
23.9983	4.62	0	0	5.17	12.65	7.81	18.26	10.56	6.93	0	0	169.62	22	322.96	159.5	59.95	59.07	740.96
24.0083	4.62	0	0	5.17	12.65	7.81	16.72	10.56	6.93	0	0	176	22	320.21	150.81	59.95	57.53	735.9
24.0183	6.93	0	0	5.17	12.65	5.83	13.75	8.8	6.93	0	0	185.57	22	317.35	144.98	57.53	53.13	734.36
24.0283	6.93	0	0	5.17	10.56	3.85	10.67	7.04	6.93	0	0	198.44	22	317.35	139.15	57.53	44.22	741.4
24.0383	9.24	0	0	5.17	10.56	0	7.59	7.04	6.93	4.62	0	211.2	24.75	314.49	136.29	55.11	39.6	753.39
24.0483	11.55	0	0	3.41	8.47	0	4.51	5.28	6.93	4.62	0	226.93	24.75	311.74	133.32	57.53	33.22	765.82
24.0583	16.17	0	4.84	3.41	8.47	0	2.97	0	6.93	4.62	0	241.45	24.75	308.88	133.32	55.11	35.86	775.06
24.0683	20.9	0	4.84	3.41	8.47	0	0	0	8.69	6.93	0	253.11	27.5	306.02	133.32	57.53	37.62	793.1
24.0783	27.83	0	4.84	0	6.27	0	0	0	8.69	9.35	4.73	261.8	30.25	303.27	133.32	57.53	38.94	808.94
24.0883	32.45	0	7.26	0	6.27	0	0	0	10.45	13.97	4.73	270.6	33	297.55	139.15	57.53	45.98	826.98
24.0983	37.18	0	7.26	0	6.27	0	0	0	10.45	16.39	4.73	276.43	35.75	291.94	142.12	59.95	50.71	837.76
24.1083	41.8	0	7.26	0	6.27	0	0	0	12.21	21.01	7.15	282.7	38.5	289.08	147.84	59.95	55.33	858.44
24.1183	41.8	0	7.26	0	6.27	0	0	0	13.97	25.74	9.57	285.89	44	280.61	150.81	62.37	55.33	872.96
24.1283	41.8	0	7.26	0	4.18	0	0	0	15.73	30.47	11.88	292.16	46.75	275	153.67	62.37	53.24	888.03
24.1383	39.49	0	7.26	0	4.18	0	0	0	19.25	39.82	16.72	298.43	49.5	269.39	156.53	62.37	50.93	912.01
24.1483	37.18	0	4.84	0	4.18	0	0	0	22.77	51.59	19.14	301.62	52.25	266.64	156.53	64.9	46.2	935.44
24.1583	37.18	0	4.84	0	4.18	0	0	0	29.81	65.67	23.87	308	55.11	261.03	156.53	64.9	46.2	964.92
24.1683	34.76	0	4.84	0	4.18	0	0	0	36.85	77.55	28.71	308	55.11	258.28	153.67	64.9	43.78	983.07
24.1783	30.14	0	0	0	4.18	0	0	0	42.13	84.59	33.44	308	55.11	255.42	153.67	64.9	34.32	997.26
24.1883	27.83	0	0	0	4.18	0	0	0	45.65	89.32	33.44	308	55.11	252.67	150.81	64.9	32.01	999.9
24.1983	25.52	0	0	0	4.18	0	0	0	45.65	89.32	33.44	308	52.25	252.67	147.84	64.9	29.7	994.07
24.2083	23.21	0	0	0	4.18	0	0	0	45.65	89.32	33.44	304.81	52.25	249.92	147.84	62.37	27.39	985.6
24.2183	20.9	0	0	0	0	0	0	0	43.89	87.01	33.44	301.62	52.25	247.06	144.98	62.37	20.9	972.62
24.2283	20.9	0	0	0	4.18	0	0	0	43.89	84.59	31.13	298.43	52.25	247.06	144.98	62.37	25.08	964.7
24.2383	20.9	0	0	0	0	0	0	0	43.89	84.59	31.13	295.35	52.25	244.31	142.12	62.37	20.9	956.01
24.2483	20.9	0	0	0	0	0	0	0	43.89	84.59	33.44	292.16	49.5	241.45	142.12	62.37	20.9	949.52
24.2583	23.21	0	0	0	0	0	0	0	45.65	84.59	33.44	288.97	49.5	235.95	139.15	62.37	23.21	939.62
24.2683	25.52	0	0	0	0	0	2.97	0	47.41	87.01	35.86	285.89	49.5	233.09	136.29	59.95	28.49	935
24.2783	27.83	0	0	0	0	0	2.97	0	49.17	89.32	35.86	282.7	49.5	230.34	133.32	59.95	30.8	930.16
24.2883	30.14	0	0	0	0	0	2.97	0	50.93	91.74	38.28	279.51	49.5	227.48	130.46	59.95	33.11	927.85
24.2983	34.76	0	0	0	0	0	2.97	0	54.45	96.47	40.7	276.43	49.5	221.98	130.46	59.95	37.73	929.94
24.3083	39.49	0	0	0	0	0	2.97	0	57.97	101.2	40.7	273.46	49.5	219.23	130.46	59.95	42.46	932.47
24.3183	44.11	0	0	0	0	0	2.97	0	61.71	103.51	43.12	273.46	49.5	216.59	130.46	59.95	47.08	938.3
24.3283	46.42	0	0	0	0	0	2.97	0	65.56	108.24	45.43	273.46	49.5	216.59	130.46	59.95	49.39	949.19
24.3383	48.73	0	0	0	0	0	4.51	0	67.43	110.66	45.43	270.6	49.5	213.84	130.46	59.95	53.24	947.87
24.3483	51.04	0	0	0	0	0	4.51	0	71.28	113.08	47.85	267.63	49.5	213.84	130.46	59.95	55.55	953.59
24.3583	53.35	0	4.84	0	0	0	4.51	0	73.15	113.08	47.85	267.63	49.5	211.2	130.46	59.95	62.7	952.82
24.3683	53.35	0	4.84	0	0	0	4.51	0	73.15	115.5	50.27	264.77	52.25	211.2	130.46	59.95	62.7	957.55
24.3783	55.77	0	4.84	0	0	0	4.51	0	75.13	115.5	50.27	261.8	52.25	211.2	133.32	59.95	65.12	959.42
24.3883	57.97	0	4.84	0	0	0	4.51	0	75.13	118.03	50.27	261.8	52.25	208.45	136.29	59.95	67.32	962.17
24.3983	60.17	0	4.84	0	0	0	4.51	0	77	115.5	52.69	258.94	52.25	208.45	136.29	59.95	69.52	961.07
24.4083	62.37	0	4.84	0	0	0	4.51	0	77	115.5	52.69	255.97	55.11	208.45	139.15	59.95	71.72	963.82
24.4183	64.57	0	7.26	0	0	0	4.51	0	77	115.5	52.69	253.11	55.11	205.81	139.15	59.95	76.34	958.32
24.4283	64.57	0	7.26	0	0	0	4.51	0	77	115.5	52.69	250.14	55.11	205.81	142.12	59.95	76.34	958.32
24.4383	66.77	0	7.26	0	0	0	4.51	0	78.98	115.5	55.11	247.28	58.08	205.81	144.98	59.95	78.54	965.69
24.4483	68.97	0	7.26	0	0	0	4.51	0	78.98	115.5	55.11	244.42	58.08	205.81	147.84	62.37	80.74	968.11
24.4583	71.17	3.85	7.26	0	0	0	4.51	0	78.98	113.08	55.11	241.45	61.05	205.81	153.67	59.95	86.79	969.1
24.4683	73.37	3.85	9.68	0	0	0	6.05	0	78.98	113.08	57.75	238.59	61.05	205.81	156.53	62.37	92.95	974.16
24.4783	75.57	3.85	9.68	0	0	0	6.05	0	77	110.66	55.11	235.62	64.02	205.81	159.5	62.37	95.15	970.09
24.4883	77.77	5.83	12.1	0	4.18	0	6.05	0	75.13	108.24	57.75	232.76	64.02	203.06	162.36	62.37	105.93	965.69
24.4983	82.17	7.7	14.52	0	4.18	0	6.05	0	75.13	105.93	55.11	229.79	66.99	203.06	165.33	62.37	114.62	963.71
24.5083	84.48	7.7	14.52	0	4.18	0	6.05	0	73.15	103.51	55.11	224.07	66.99	203.06	171.27	64.9	116.93	962.06
24.5183	86.68	9.68	16.94	0	4.18	0	6.05	0	71.28	101.2	55.11	220.77	69.96	203.06	177.21	64.9	123.53	963.49
24.5283	91.08	11.66	19.36	0	6.27	0	6.05	0	69.41	98.78	55.11	217.58	69.96	203.06	180.18	64.9	134.42	958.98
24.5383	95.48	13.64	21.78	0	6.27	0	6.05	0	67.43	94.05	55.11	214.39	69.96	203.06	186.12	64.9	143.22	955.02
24.5483	99.88	17.49	24.2	3.41	6.27	0	7.59	0	63.69	89.32	52.69	214.39	72.93	203.06	189.09	64.9	158.84	950.07
24.5583	104.28	19.47	26.62	5.17	8.47	0	7.59	0	59.84	84.59	50.27	211.2	72.93	205.81	195.14	64.9	171.6	944.68
24.5683	108.68	23.32	31.46	8.58	8.47	5.83	7.59	0	54.45	77.55	45.43	208.01	75.9	205.81	198.11	64.9	193.93	930.16
24.5783	115.83	27.28	36.3	10.34	12.65	7.81	10.67	3.52	49.17	70.4	43.12	204.82	75.9	208.45	204.05	64.9	224.4	920.81
24.5883	123.2	31.13	41.14	10.34	14.74	9.68	12.21	3.52	42.13	63.36	38.28	201.63	75.9	208.45	207.02	64.9	245.96	901.67
24.5983	128.15	33.11	43.56	11.99	16.94	9.68	15.18	5.28	35.09	56.21	33.44	195.14	75.9	208.45	212.96	67.32	263.89	884.51
24.6083	133.1	35.09	45.98	11.99	16.94	11.66	19.8	7.04	28.05	44.55	26.29	185.57	72.93	208.45	215.93	67.32	281.6	849.09
24.6183	135.52	36.96	48.4	11.99	19.03	13.64	21.34	8.8	22.77	37.51	21.56	176	72.93	208.45	218.9	67.32	295.68	825.44
24.6283	140.47	38.94	53.24	13.75	21.12	15.62	24.42	10.56	19.25	28.05	16.72	166.43	69.96	205.81	221.98	67.32	318.12	795.52
24.6383	147.84	40.92	55.77	13.75	23.21	17.49	27.5	10.56	17.49	23.43	14.3	150.59	66.99	205.81	221.98	67.32	337.04	767.91
24.6483	152.68	42.79	60.39	13.75	25.41	21.45	30.47	12.32	13.97	18.7	11.88	131.67	64.02	200.42	221.98	67.32	359.26	729.96
24.6583	160.05	46.75	65.12	15.51	25.41	23.43	33.55	14.08	13.97	16.39	9.57	115.94	58.08	195.03	221.98	67.32	383.9	698.28
24.6683	167.53	48.73	67.54	17.16	27.5	25.3	35.09	15.84	10.45	13.97	7.15	100.21	52.25	192.39	218.9	67.32	404.69	662.64
24.6783	177.21	54.56	72.27	18.92	29.59	29.26	36.63	15.84	8.69	9.35	4.73	84.48	46.75	187	218.9	67.32	434.28	627.22
24.6883	184.47	58.74	77	22.33	29.59	33.22	38.17	17.6	8.69	9.35	4.73	68.75	41.25	178.86	215.93	69.74	461.12	597.3
24.6983	191.73	63.14	81.73	24.09	31.68	37.07	41.25	19.36	8.69	6.93	0	56.54	35.75	170.83	215.93	69.74	490.05	564.41
24.7083	201.52	67.54	86.35	27.5	33.88	41.03	42.68	19.36	8.69	6.93	0	45.21	27.5	159.94	209.99	69.74	519.86	528
24.7183	208.78	71.94	91.08	31.02	33.88	44.88	44.22	21.12	6.93	6.93	0	33.88	22	149.05	207.02	72.16	546.92	497.97
24.7283	218.46	78.54	95.81	34.43	35.97	48.84	45.76	22.88	6.93	4.62	0	25.41	19.25	135.41	201.08	72.16	580.69	464.86
24.7383	228.58	85.14	100.54	39.6	35.97	52.69	47.3	24.64	6.93	4.62	0	16.94	13.75	116.38	195.14	72.16	614.46	425.92
24.7483	236.28	91.74	102.96	43.01	35.97	56.65	47.3	24.64	5.17	4.62	0	11.22	11	97.35	183.15	72.16	638.55	384.67
24.7583	246.73	98.34	107.69	48.18	38.06	60.83	47.3	26.4	5.17	4.62	0	5.61	8.25	75.68	168.3	72.16	673.53	339.79
24.7683	254.43	104.94	112.42	51.7	38.06	63.03	47.3	26.4	3.41	0	0	0	8.25	59.4	153.67	69.74	698.28	294.47
24.7783	267.41	111.54	117.37	56.87	38.06	65.34	47.3	26.4	3.41	0	0	0	5.5	47.52	136.29	64.9	730.29	257.62
24.7883	277.86	120.12	122.32	60.83	38.06	67.54	45.76	28.27	0	0	0	0	5.5	35.64	118.91	57.53	760.76	217.58
24.7983	287.98	126.39	124.74	65.23	38.06	72.05	44.22	28.27	0	0	0	0	5.5	26.07	98.23	48.73	786.94	178.53
24.8083	298.21	136.84	127.27	69.63	38.06	74.25	42.68	28.27	0	0	0	0	5.5	18.92	80.3	40.26	815.21	144.98
24.8183	305.91	145.2	129.69	74.03	38.06	76.56	42.68	28.27	0	0	0	0	5.5	16.61	65.45	31.79	840.4	119.35
24.8283	313.61	151.47	132.22	80.63	35.97	78.76	41.25	28.27	0	0	0	0	0	14.19	53.9	23.21	862.18	91.3
24.8383	318.67	159.83	132.22	87.34	35.97	80.96	39.71	28.27	0	0	0	0	0	11.88	46.2	19.03	882.97	77.11
24.8483	323.84	166.1	132.22	91.74	35.97	83.27	38.17	30.03	0	0	0	0	0	11.88	41.03	16.94	901.34	69.85
24.8583	326.37	170.61	132.22	96.14	35.97	83.27	38.17	28.27	0	0	0	0	0	11.88	33.33	14.74	911.02	59.95
24.8683	328.9	177.43	132.22	100.54	35.97	85.47	36.63	28.27	0	0	0	0	0	9.46	28.27	12.65	925.43	50.38
24.8783	328.9	179.63	132.22	104.94	35.97	87.67	38.17	30.03	0	0	0	0	0	9.46	23.1	10.56	937.53	43.12
24.8883	328.9	181.94	132.22	107.14	35.97	87.67	38.17	30.03	0	0	0	0	0	7.04	15.4	6.27	942.04	28.71
24.8983	331.54	181.94	134.64	107.14	38.06	87.67	39.71	30.03	0	0	0	0	0	7.04	12.76	4.18	950.73	23.98
24.9083	331.54	179.63	134.64	107.14	38.06	87.67	41.25	30.03	0	0	0	0	0	4.73	10.23	0	949.96	14.96
24.9183	334.07	177.43	134.64	104.94	40.15	85.47	42.68	30.03	0	0	0	0	0	4.73	7.7	0	949.41	12.43
24.9283	334.07	175.12	137.17	100.54	40.15	85.47	42.68	31.79	0	0	0	0	0	4.73	5.06	0	946.99	9.79
24.9383	336.71	170.61	137.17	98.34	40.15	83.27	44.22	31.79	0	0	0	0	0	0	5.06	0	942.26	5.06
24.9483	336.71	166.1	139.59	93.94	40.15	83.27	44.22	31.79	0	0	0	0	0	0	5.06	0	935.77	5.06
24.9583	339.35	164.01	139.59	91.74	42.35	78.76	45.76	33.55	0	0	0	0	0	0	0	0	935.11	0
24.9683	336.71	159.83	139.59	89.54	42.35	78.76	47.3	33.55	0	0	0	0	0	0	0	0	927.63	0
24.9783	336.71	155.65	139.59	87.34	42.35	78.76	47.3	33.55	0	0	0	0	0	0	0	0	921.25	0
24.9883	334.07	153.56	139.59	85.03	42.35	76.56	47.3	35.31	0	0	0	0	0	0	0	0	913.77	0
24.9983	334.07	149.38	139.59	80.63	44.44	74.25	48.84	35.31	0	0	0	0	0	0	0	0	906.51	0
25.0082	334.07	145.2	142.12	78.43	44.44	74.25	48.84	35.31	0	0	0	0	0	0	0	0	902.66	0
25.0182	334.07	143.11	144.54	78.43	44.44	72.05	50.38	37.07	0	0	0	0	0	0	0	0	904.09	0
25.0282	334.07	141.02	147.07	76.23	44.44	72.05	50.38	37.07	0	0	0	0	0	0	0	0	902.33	0
25.0382	331.54	138.93	147.07	74.03	46.53	72.05	51.92	38.83	0	0	0	0	0	0	0	0	900.9	0
25.0482	328.9	136.84	149.49	74.03	46.53	74.25	53.46	40.59	0	0	0	0	0	0	0	0	904.09	0
25.0582	326.37	134.75	149.49	74.03	46.53	74.25	55	40.59	0	0	0	0	0	0	0	0	901.01	0
25.0682	323.84	134.75	152.02	76.23	48.62	74.25	56.54	40.59	0	0	0	0	0	0	0	0	906.84	0
25.0782	321.31	132.66	152.02	76.23	48.62	76.56	58.3	42.35	0	0	0	0	0	0	0	0	908.05	0
25.0882	316.14	132.66	152.02	78.43	50.82	78.76	60.06	42.35	0	0	0	0	0	0	0	0	911.24	0
25.0982	313.61	132.66	152.02	80.63	50.82	80.96	63.69	42.35	0	0	0	0	0	0	0	0	916.74	0
25.1082	308.44	134.75	149.49	82.83	50.82	83.27	65.56	42.35	0	0	0	0	0	0	0	0	917.51	0
25.1182	303.38	134.75	147.07	87.34	52.91	87.67	67.32	44.11	0	0	0	0	0	0	0	0	924.55	0
25.1282	295.68	134.75	147.07	89.54	52.91	89.98	69.19	44.11	0	0	0	0	0	0	0	0	923.23	0
25.1382	287.98	132.66	144.54	93.94	52.91	94.49	72.82	44.11	0	0	0	0	0	0	0	0	923.45	0
25.1482	280.39	130.57	142.12	96.14	52.91	96.69	74.58	44.11	0	0	0	0	0	0	0	0	917.51	0
25.1582	270.05	128.48	139.59	100.54	55	101.2	78.21	44.11	0	0	0	0	0	0	0	0	917.18	0
25.1682	257.07	126.39	137.17	102.74	57.2	107.91	81.84	45.87	0	0	0	0	0	0	0	0	916.19	0
25.1782	244.09	122.21	132.22	109.34	57.2	116.6	85.47	47.63	0	0	0	0	0	0	0	0	914.76	0
25.1882	231.11	120.12	127.27	113.85	59.4	122.98	90.86	49.39	0	0	0	0	0	0	0	0	914.98	0
25.1982	216.04	115.94	122.32	120.56	61.71	131.45	94.49	52.91	0	0	0	0	0	0	0	0	915.42	0
25.2082	199.1	109.34	114.84	127.27	61.71	139.92	99.99	58.52	0	0	0	0	0	0	0	0	910.69	0
25.2182	182.05	102.74	107.69	133.98	64.02	146.19	103.62	64.57	0	0	0	0	0	0	0	0	904.86	0
25.2282	160.05	93.94	98.23	140.69	66.33	154.66	109.01	70.62	0	0	0	0	0	0	0	0	893.53	0
25.2382	140.47	85.14	88.77	149.6	68.64	161.04	112.64	84.81	0	0	0	0	0	0	0	0	891.11	0
25.2482	120.78	78.54	77	158.51	70.95	169.73	118.47	92.84	0	0	0	0	0	0	0	0	886.82	0
25.2582	104.28	67.54	67.54	165.33	73.26	176.33	124.52	98.89	0	0	0	0	0	0	0	0	877.69	0
25.2682	86.68	58.74	55.77	172.37	75.57	185.13	132.55	106.92	0	0	0	0	0	0	0	0	873.73	0
25.2782	68.97	48.73	41.14	177.1	77.88	189.53	138.6	115.17	0	0	0	0	0	0	0	0	857.12	0
25.2882	53.35	36.96	29.04	179.41	75.57	198.44	144.65	123.53	0	0	0	0	0	0	0	0	840.95	0
25.2982	44.11	29.15	24.2	179.41	75.57	205.04	150.7	131.89	3.41	4.62	0	0	0	0	0	0	840.07	8.03
25.3082	37.18	23.32	19.36	177.1	73.26	209.44	154.77	140.25	6.93	6.93	0	0	0	0	0	0	834.68	13.86
25.3182	30.14	17.49	16.94	169.95	68.64	211.64	158.84	148.61	8.69	9.35	0	0	0	0	0	0	822.25	18.04
25.3282	27.83	13.64	14.52	160.82	64.02	213.84	160.82	156.97	12.21	13.97	0	0	0	0	0	0	812.46	26.18
25.3382	25.52	13.64	12.1	149.6	59.4	216.04	158.84	161.15	22.77	21.01	0	8.47	0	0	0	0	796.29	52.25
25.3482	23.21	11.66	12.1	136.18	52.91	213.84	158.84	165.33	52.69	42.13	9.57	14.08	0	0	0	0	774.07	118.47
25.3582	23.21	11.66	9.68	118.25	46.53	213.84	154.77	167.42	109.45	87.01	19.14	31.02	5.5	14.19	10.23	0	745.36	276.54
25.3682	20.9	9.68	9.68	98.34	38.06	209.44	148.72	169.62	149.16	123.09	33.44	48.07	11	33.22	12.76	4.18	704.44	414.92
25.3782	18.59	9.68	9.68	78.43	31.68	205.04	140.69	169.62	170.72	140.58	45.43	56.54	11	49.83	17.93	6.27	663.41	498.3
25.3882	16.17	7.7	7.26	58.63	25.41	198.44	130.57	171.82	179.96	145.64	50.27	62.48	16.5	56.98	33.33	10.56	616	555.72
25.3982	13.86	5.83	7.26	44.77	21.12	187.33	120.45	174.13	182.27	148.06	55.11	65.67	16.5	62.04	43.67	14.74	574.75	588.06
25.4082	11.55	5.83	7.26	31.02	14.74	169.73	109.01	171.82	182.27	153.12	57.75	68.75	19.25	70.18	48.73	16.94	520.96	616.99
25.4182	6.93	3.85	4.84	22.33	12.65	142.01	94.49	169.62	186.89	160.6	63.25	71.94	22	78.32	53.9	19.03	456.72	655.93
25.4282	4.62	0	4.84	17.16	10.56	105.6	80.08	161.15	193.82	168.19	68.75	78.21	22	86.46	62.48	23.21	384.01	703.12
25.4382	0	0	0	13.75	8.47	76.56	63.69	144.43	203.17	177.87	76.89	84.48	24.75	94.6	68.42	25.41	306.9	755.59
25.4482	0	0	0	10.34	8.47	54.67	51.92	115.17	214.72	187.55	82.39	87.56	24.75	102.74	77.33	27.5	240.57	804.54
25.4582	0	0	0	6.82	6.27	41.03	44.22	76.67	228.91	197.23	87.78	93.94	27.5	108.24	83.27	31.79	175.01	858.66
25.4682	0	0	0	5.17	0	31.24	36.63	52.91	236.28	206.91	93.28	100.21	27.5	113.63	86.35	33.88	125.95	898.04
25.4782	0	0	0	0	0	23.43	30.47	31.79	241.23	211.75	96.03	106.48	30.25	121.88	92.29	33.88	85.69	933.79
25.4882	0	0	0	0	0	15.62	22.88	19.36	243.76	219.01	98.67	112.75	30.25	124.52	95.26	35.97	57.86	960.19
25.4982	0	0	0	0	0	9.68	15.18	7.04	241.23	223.85	98.67	115.94	30.25	130.02	95.26	38.06	31.9	973.28
25.5082	0	0	0	0	0	5.83	7.59	0	241.23	226.27	98.67	122.21	33	132.77	98.23	38.06	13.42	990.44
25.5182	0	0	0	0	0	3.85	2.97	0	236.28	228.69	98.67	125.4	33	135.41	98.23	38.06	6.82	993.74
25.5282	0	0	0	0	0	0	0	0	233.86	228.69	96.03	128.48	33	138.16	98.23	40.26	0	996.71
25.5382	0	0	0	0	0	0	0	0	228.91	226.27	93.28	131.67	33	138.16	98.23	40.26	0	989.78
25.5482	0	0	0	0	0	0	0	0	224.07	223.85	90.53	134.86	33	138.16	98.23	38.06	0	980.76
25.5582	0	0	0	0	0	0	0	0	214.72	221.43	87.78	134.86	33	138.16	98.23	40.26	0	968.44
25.5682	0	0	0	0	0	0	0	0	207.79	214.17	85.03	137.94	33	138.16	98.23	40.26	0	954.58
25.5782	0	0	0	0	0	0	0	0	198.55	209.33	82.39	137.94	35.75	138.16	98.23	40.26	0	940.61
25.5882	0	0	0	0	0	0	0	0	191.51	204.49	79.64	137.94	35.75	138.16	101.2	40.26	0	928.95
25.5982	0	0	0	0	0	0	0	0	184.58	199.65	76.89	141.13	35.75	140.91	101.2	40.26	0	920.37
25.6082	0	0	0	0	0	0	0	0	177.65	194.81	76.89	141.13	35.75	140.91	104.17	40.26	0	911.57
25.6182	0	0	0	0	0	0	0	0	173.03	189.97	74.14	141.13	35.75	140.91	104.17	40.26	0	899.36
25.6282	0	0	0	0	0	0	0	0	166.1	185.13	74.14	141.13	38.5	143.66	110.22	42.35	0	901.23
25.6382	0	0	0	0	0	0	0	0	161.81	180.29	71.39	144.32	38.5	143.66	113.08	42.35	0	895.4
25.6482	0	0	0	0	0	0	0	0	157.63	173.03	71.39	144.32	38.5	146.3	115.94	44.44	0	891.55
25.6582	0	0	0	0	0	0	0	0	151.25	168.19	71.39	144.32	41.25	149.05	121.77	44.44	0	891.66
25.6682	0	0	0	0	0	0	0	0	146.96	163.13	74.14	147.51	44	154.55	127.6	46.53	0	904.42
25.6782	0	0	0	0	0	0	0	0	142.78	158.07	71.39	150.59	44	159.94	136.29	48.73	0	911.79
25.6882	0	0	0	0	0	0	0	0	138.49	153.12	74.14	153.78	46.75	165.44	144.98	50.82	0	927.52
25.6982	0	0	0	0	0	0	0	0	132.22	148.06	71.39	156.97	49.5	170.83	153.67	55.11	0	937.75
25.7082	0	0	0	0	0	0	0	0	127.93	143.11	71.39	160.05	52.25	176.22	165.33	57.53	0	953.81
25.7182	0	0	0	0	0	0	0	0	119.46	138.05	68.75	163.24	55.11	184.25	177.21	57.53	0	963.6
25.7282	0	0	0	0	0	0	0	0	113.3	133.1	66	166.43	58.08	189.64	186.12	62.37	0	975.04
25.7382	0	0	0	0	0	0	0	0	107.58	125.51	66	169.62	58.08	195.03	198.11	62.37	0	982.3
25.7482	0	0	0	0	0	0	0	0	101.86	120.56	63.25	169.62	61.05	200.42	207.02	67.32	0	991.1
25.7582	0	0	0	0	0	0	0	0	94.16	115.5	57.75	176	64.02	208.45	218.9	69.74	0	1004.52
25.7682	0	0	0	0	0	0	0	0	84.7	105.93	52.69	179.19	66.99	216.59	227.59	72.16	0	1005.84
25.7782	0	0	0	0	0	0	0	0	73.15	96.47	47.85	188.76	66.99	221.98	233.2	74.69	0	1003.09
25.7882	0	0	0	0	0	0	0	0	59.84	84.59	40.7	195.14	69.96	227.48	244.53	77.11	0	999.35
25.7982	0	0	0	0	0	0	0	0	47.41	70.4	33.44	201.63	72.93	235.95	250.14	79.53	0	991.43
25.8082	0	0	0	0	0	0	0	0	35.09	53.9	26.29	204.82	72.93	244.31	258.72	81.95	0	978.01
25.8182	0	0	0	0	0	0	0	0	28.05	39.82	19.14	204.82	72.93	252.67	267.19	84.48	0	969.1
25.8282	0	0	0	0	0	0	0	0	24.53	30.47	14.3	201.63	69.96	255.42	272.8	86.9	0	956.01
25.8382	4.62	0	0	0	0	0	0	0	19.25	18.7	11.88	191.95	66.99	258.28	281.49	89.32	4.62	937.86
25.8482	6.93	0	0	0	0	0	0	0	15.73	9.35	7.15	176	64.02	261.03	284.46	91.74	6.93	909.48
25.8582	11.55	0	0	0	0	0	0	0	13.97	6.93	4.73	160.05	58.08	263.89	287.43	94.27	11.55	889.35
25.8682	25.52	0	0	0	0	0	0	0	13.97	4.62	4.73	141.13	49.5	263.89	287.43	96.69	25.52	861.96
25.8782	93.28	5.83	0	0	0	0	0	0	12.21	4.62	0	119.02	44	266.64	284.46	99.11	99.11	830.06
25.8882	206.36	27.28	14.52	5.17	0	3.85	0	0	12.21	0	0	100.21	35.75	263.89	281.49	101.53	257.18	795.08
25.8982	225.94	44.77	26.62	8.58	4.18	3.85	0	0	10.45	0	0	78.21	27.5	261.03	278.52	104.06	313.94	759.77
25.9082	236.28	67.54	45.98	20.68	8.47	9.68	0	0	8.69	0	0	56.54	22	252.67	272.8	106.48	388.63	719.18
25.9182	246.73	93.94	65.12	32.67	12.65	17.49	2.97	0	8.69	0	0	39.6	16.5	235.95	267.19	108.9	471.57	676.83
25.9282	251.9	109.34	79.31	46.53	16.94	25.3	6.05	3.52	6.93	0	0	25.41	13.75	213.84	255.86	108.9	538.89	624.69
25.9382	259.6	118.03	91.08	53.35	19.03	31.24	10.67	7.04	5.17	0	0	14.08	11	178.86	241.67	111.32	590.04	562.1
25.9482	262.24	122.21	100.54	56.87	21.12	39.05	15.18	8.8	3.41	0	0	5.61	8.25	140.91	218.9	106.48	626.01	483.56
25.9582	267.41	126.39	107.69	63.03	25.41	48.84	22.88	10.56	0	0	0	0	8.25	108.24	186.12	101.53	672.21	404.14
25.9682	275.22	130.57	117.37	63.03	29.59	56.65	27.5	12.32	0	0	0	0	8.25	81.07	150.81	91.74	712.25	331.87
25.9782	287.98	136.84	129.69	67.43	31.68	63.03	33.55	14.08	0	0	0	0	8.25	59.4	118.91	79.53	764.28	266.09
25.9882	303.38	143.11	142.12	69.63	33.88	69.74	38.17	15.84	0	0	0	0	8.25	47.52	95.26	59.95	815.87	210.98
25.9982	316.14	147.29	152.02	71.83	35.97	74.25	41.25	17.6	0	0	0	0	8.25	35.64	77.33	44.44	856.35	165.66
26.0082	326.37	153.56	161.92	76.23	38.06	76.56	42.68	17.6	0	0	0	0	5.5	26.07	65.45	31.79	892.98	128.81
26.0182	334.07	159.83	164.34	78.43	38.06	80.96	44.22	19.36	0	0	0	0	0	21.34	53.9	27.5	919.27	102.74
26.0282	336.71	164.01	166.87	82.83	40.15	85.47	45.76	19.36	0	0	0	0	0	16.61	43.67	21.12	941.16	81.4
26.0382	336.71	166.1	166.87	87.34	40.15	87.67	45.76	21.12	0	0	0	0	0	11.88	30.8	10.56	951.72	53.24
26.0482	331.54	166.1	166.87	91.74	40.15	89.98	47.3	22.88	0	0	0	0	0	7.04	17.93	6.27	956.56	31.24
26.0582	326.37	168.3	161.92	96.14	40.15	92.18	48.84	22.88	0	0	0	0	0	4.73	12.76	4.18	956.78	21.67
26.0682	318.67	166.1	159.39	98.34	42.35	94.49	48.84	24.64	0	0	0	0	0	4.73	12.76	0	952.82	17.49
26.0782	311.08	164.01	156.97	100.54	42.35	94.49	48.84	26.4	0	0	0	0	0	4.73	10.23	0	944.68	14.96
26.0882	300.85	161.92	152.02	102.74	42.35	96.69	50.38	26.4	0	0	0	0	0	0	7.7	0	933.35	7.7
26.0982	290.62	157.74	147.07	104.94	42.35	96.69	50.38	26.4	0	0	0	0	0	0	5.06	0	916.19	5.06
26.1082	280.39	153.56	142.12	107.14	44.44	98.89	51.92	28.27	0	0	0	0	0	0	5.06	0	906.73	5.06
26.1182	270.05	147.29	137.17	107.14	44.44	98.89	51.92	28.27	0	0	0	0	0	0	0	0	885.17	0
26.1282	259.6	143.11	132.22	109.34	44.44	98.89	53.46	30.03	0	0	0	0	0	0	0	0	871.09	0
26.1382	249.26	138.93	127.27	109.34	46.53	98.89	53.46	30.03	0	0	0	0	0	0	0	0	853.71	0
26.1482	236.28	134.75	122.32	113.85	46.53	101.2	55	31.79	0	0	0	0	0	0	0	0	841.72	0
26.1582	228.58	132.66	117.37	116.05	46.53	105.6	56.54	31.79	0	0	0	0	0	0	0	0	835.12	0
26.1682	218.46	128.48	112.42	120.56	48.62	107.91	58.3	31.79	0	0	0	0	0	0	0	0	826.54	0
26.1782	206.36	124.3	110	124.96	48.62	110.11	60.06	33.55	0	0	0	0	0	0	0	0	817.96	0
26.1882	196.68	120.12	105.27	129.47	48.62	116.6	63.69	35.31	0	0	0	0	0	0	0	0	815.76	0
26.1982	186.89	118.03	102.96	136.18	50.82	122.98	65.56	37.07	0	0	0	0	0	0	0	0	820.49	0
26.2082	177.21	113.85	98.23	145.09	52.91	129.25	67.32	37.07	0	0	0	0	0	0	0	0	820.93	0
26.2182	167.53	109.34	93.5	151.8	52.91	135.63	70.95	38.83	0	0	0	0	0	0	0	0	820.49	0
26.2282	157.63	104.94	88.77	158.51	52.91	142.01	72.82	40.59	0	0	0	0	0	0	0	0	818.18	0
26.2382	147.84	100.54	84.04	167.64	55	148.39	74.58	42.35	0	0	0	0	0	0	0	0	820.38	0
26.2482	135.52	93.94	79.31	174.68	55	156.86	76.45	44.11	0	0	0	0	0	0	0	0	815.87	0
26.2582	123.2	87.34	74.58	184.14	55	163.13	80.08	45.87	0	0	0	0	0	0	0	0	813.34	0
26.2682	110.99	80.74	65.12	191.29	57.2	171.93	83.71	47.63	0	0	0	0	0	0	0	0	808.61	0
26.2782	97.68	74.14	58.08	198.33	57.2	182.93	87.23	51.15	0	0	0	0	0	0	0	0	806.74	0
26.2882	84.48	63.14	50.82	205.37	57.2	189.53	92.73	54.67	0	0	0	0	0	0	0	0	797.94	0
26.2982	71.17	54.56	41.14	212.52	59.4	196.24	96.36	62.59	0	0	0	0	0	0	0	0	793.98	0
26.3082	60.17	46.75	33.88	217.25	59.4	205.04	101.75	68.64	0	0	0	0	0	0	0	0	792.88	0
26.3182	48.73	38.94	26.62	219.56	59.4	211.64	107.25	76.67	0	0	0	0	0	0	0	0	788.81	0
26.3282	41.8	33.11	21.78	221.98	59.4	220.55	112.64	92.84	0	0	0	0	0	0	0	0	804.1	0
26.3382	37.18	27.28	19.36	221.98	59.4	227.15	118.47	104.94	0	0	0	0	0	0	0	0	815.76	0
26.3482	32.45	23.32	16.94	221.98	59.4	233.75	124.52	115.17	0	0	0	0	0	0	0	0	827.53	0
26.3582	27.83	17.49	14.52	217.25	57.2	240.35	128.59	123.53	0	0	0	0	0	0	0	0	826.76	0
26.3682	25.52	15.51	12.1	210.1	55	244.75	132.55	131.89	0	0	0	0	0	0	0	0	827.42	0
26.3782	25.52	13.64	12.1	198.33	52.91	246.95	136.62	140.25	0	0	0	0	0	0	0	0	826.32	0
26.3882	23.21	13.64	9.68	184.14	48.62	249.15	136.62	146.52	0	0	0	0	0	0	0	0	811.58	0
26.3982	20.9	11.66	9.68	167.64	42.35	251.35	138.6	154.88	5.17	4.62	0	0	0	0	0	0	797.06	9.79
26.4082	20.9	11.66	9.68	147.4	38.06	251.35	136.62	159.06	8.69	6.93	0	0	0	0	0	0	774.73	15.62
26.4182	18.59	9.68	9.68	127.27	33.88	251.35	132.55	165.33	15.73	13.97	0	0	0	0	0	0	748.33	29.7
26.4282	18.59	9.68	7.26	104.94	27.5	251.35	130.57	169.62	35.09	28.05	0	5.61	0	4.73	0	0	719.51	73.48
26.4381	16.17	7.7	7.26	85.03	23.21	249.15	126.5	174.13	119.46	75.13	9.57	16.94	0	9.46	5.06	0	689.15	235.62
26.4481	13.86	5.83	7.26	65.23	19.03	244.75	122.54	176.44	168.41	133.1	21.56	42.35	5.5	23.65	7.7	0	654.94	402.27
26.4581	11.55	5.83	4.84	48.18	14.74	231.55	118.47	178.75	198.55	180.29	35.86	75.02	8.25	47.52	5.06	4.18	613.91	554.73
26.4681	9.24	3.85	4.84	32.67	10.56	209.44	110.88	181.06	228.91	211.75	55.11	93.94	11	67.54	12.76	8.47	562.54	689.48
26.4781	4.62	0	4.84	22.33	8.47	169.73	101.75	183.37	241.23	221.43	60.5	97.02	13.75	78.32	23.1	14.74	495.11	750.09
26.4881	0	0	0	15.51	8.47	120.78	87.23	181.06	231.44	216.59	63.25	100.21	16.5	86.46	33.33	16.94	413.05	764.72
26.4981	0	0	0	11.99	8.47	83.27	69.19	161.15	224.07	216.59	66	106.48	16.5	94.6	41.03	19.03	334.07	784.3
26.5081	0	0	0	8.58	8.47	56.65	55	125.62	226.49	223.85	71.39	112.75	22	102.74	51.37	23.21	254.32	833.8
26.5181	0	0	0	5.17	6.27	42.9	47.3	76.67	238.81	233.53	79.64	119.02	22	110.99	59.51	27.5	178.31	891
26.5281	0	0	0	0	4.18	31.24	39.71	52.91	253.55	243.21	87.78	122.21	24.75	119.13	68.42	29.59	128.04	948.64
26.5381	0	0	0	0	0	23.43	33.55	30.03	268.4	250.47	96.03	128.48	24.75	124.52	74.36	31.79	87.01	998.8
26.5481	0	0	0	0	0	17.49	25.96	22.88	273.24	255.42	101.42	134.86	27.5	130.02	80.3	35.97	66.33	1038.73
26.5581	0	0	0	0	0	11.66	16.72	10.56	273.24	257.84	104.17	141.13	30.25	135.41	83.27	35.97	38.94	1061.28
26.5681	0	0	0	0	0	7.81	7.59	0	263.45	257.84	101.42	150.59	30.25	140.91	83.27	38.06	15.4	1065.79
26.5781	0	0	0	0	0	3.85	4.51	0	253.55	257.84	98.67	160.05	30.25	146.3	83.27	38.06	8.36	1067.99
26.5881	0	0	0	0	0	5.83	4.51	0	238.81	252.89	93.28	166.43	30.25	149.05	83.27	40.26	10.34	1054.24
26.5981	0	0	0	0	0	3.85	2.97	0	224.07	245.63	87.78	172.81	30.25	151.8	83.27	40.26	6.82	1035.87
26.6081	0	0	0	0	0	0	0	0	207.79	238.37	82.39	179.19	30.25	157.19	83.27	40.26	0	1018.71
26.6181	0	0	0	0	0	0	0	0	191.51	228.69	76.89	188.76	30.25	157.19	80.3	40.26	0	993.85
26.6281	0	0	0	0	0	0	0	0	175.34	219.01	71.39	195.14	30.25	159.94	80.3	40.26	0	971.63
26.6381	0	0	0	0	0	0	0	0	161.81	209.33	63.25	198.44	30.25	159.94	77.33	40.26	0	940.61
26.6481	0	0	0	0	0	0	0	0	149.16	199.65	60.5	201.63	30.25	162.69	77.33	42.35	0	923.56
26.6581	0	0	0	0	0	0	0	0	138.49	187.55	55.11	208.01	30.25	162.69	77.33	42.35	0	901.78
26.6681	0	0	0	0	0	0	0	0	125.84	175.45	50.27	211.2	30.25	165.44	77.33	42.35	0	878.13
26.6781	0	0	0	0	0	0	0	0	115.28	165.66	47.85	214.39	30.25	168.19	77.33	42.35	0	861.3
26.6881	0	0	0	0	0	0	0	0	105.71	155.65	45.43	220.77	30.25	170.83	80.3	44.44	0	853.38
26.6981	0	0	0	0	0	0	0	0	99.99	145.64	43.12	224.07	30.25	173.47	83.27	44.44	0	844.25
26.7081	0	0	0	0	0	0	0	0	92.29	138.05	40.7	229.79	33	178.86	83.27	44.44	0	840.4
26.7181	0	0	0	0	0	0	0	0	84.7	128.04	38.28	232.76	33	184.25	86.35	46.53	0	833.91
26.7281	0	0	0	0	0	0	0	0	77	120.56	35.86	238.59	33	189.64	92.29	48.73	0	835.67
26.7381	0	0	0	0	0	0	0	0	69.41	115.5	33.44	244.42	33	197.67	95.26	48.73	0	837.43
26.7481	0	0	0	0	0	0	0	0	63.69	108.24	31.13	250.14	35.75	205.81	101.2	50.82	0	846.78
26.7581	0	0	0	0	0	0	0	0	56.21	98.78	28.71	255.97	35.75	213.84	107.14	52.91	0	849.31
26.7681	0	0	0	0	0	0	0	0	49.17	91.74	26.29	258.94	35.75	221.98	113.08	52.91	0	849.86
26.7781	0	0	0	0	0	0	0	0	43.89	82.28	23.87	264.77	38.5	227.48	118.91	55.11	0	854.81
26.7881	0	0	0	0	0	0	0	0	38.61	75.13	21.56	270.6	38.5	235.95	124.63	57.53	0	862.51
26.7981	0	0	0	0	0	0	0	0	35.09	68.09	21.56	276.43	38.5	244.31	133.32	59.95	0	877.25
26.8081	0	0	0	0	0	0	0	0	31.57	60.94	19.14	279.51	41.25	249.92	139.15	62.37	0	883.85
26.8181	0	0	0	0	0	0	0	0	28.05	53.9	16.72	282.7	41.25	261.03	147.84	67.32	0	898.81
26.8281	0	0	0	0	0	0	0	0	24.53	46.86	14.3	288.97	44	266.64	153.67	69.74	0	908.71
26.8381	0	0	0	0	0	0	0	0	22.77	39.82	11.88	292.16	44	275	159.5	72.16	0	917.29
26.8481	0	0	0	0	0	0	0	0	21.01	35.09	11.88	295.35	44	283.47	165.33	77.11	0	933.24
26.8581	0	0	0	0	0	0	0	0	19.25	28.05	9.57	295.35	44	291.94	168.3	81.95	0	938.41
26.8681	0	0	0	0	0	0	0	0	17.49	21.01	7.15	295.35	41.25	300.41	171.27	84.48	0	938.41
26.8781	0	0	0	0	0	0	0	0	15.73	16.39	7.15	292.16	41.25	308.88	171.27	89.32	0	942.15
26.8881	0	0	0	0	0	0	0	0	13.97	9.35	4.73	279.51	38.5	314.49	171.27	91.74	0	923.56
26.8981	0	0	0	0	0	0	0	0	12.21	9.35	0	261.8	33	320.21	171.27	94.27	0	902.11
26.9081	0	0	0	0	0	0	0	0	12.21	6.93	0	241.45	30.25	325.82	171.27	99.11	0	887.04
26.9181	4.62	0	0	0	0	0	0	0	10.45	6.93	0	211.2	24.75	331.54	168.3	101.53	4.62	854.7
26.9281	13.86	0	0	0	0	0	0	0	10.45	4.62	0	182.38	19.25	337.15	168.3	106.48	13.86	828.63
26.9381	27.83	0	0	0	0	0	0	0	10.45	4.62	0	153.78	16.5	342.76	165.33	111.32	27.83	804.76
26.9481	104.28	17.49	4.84	0	0	0	0	0	8.69	4.62	0	128.48	13.75	345.62	162.36	118.25	126.61	781.77
26.9581	251.9	44.77	19.36	10.34	0	7.81	0	0	6.93	0	0	100.21	11	345.62	156.53	122.76	334.18	743.05
26.9681	257.07	67.54	31.46	17.16	4.18	7.81	0	0	6.93	0	0	71.94	8.25	337.15	150.81	127.16	385.22	702.24
26.9781	272.58	109.34	58.08	39.6	12.65	19.47	0	0	5.17	0	0	50.82	8.25	311.74	142.12	131.67	511.72	649.77
26.9881	277.86	132.66	79.31	56.87	16.94	27.28	4.51	7.04	3.41	0	0	36.74	5.5	266.64	133.32	133.87	602.47	579.48
26.9981	295.68	145.2	95.81	71.83	21.12	35.09	12.21	10.56	0	0	0	25.41	5.5	208.45	124.63	133.87	687.5	497.86
27.0081	298.21	145.2	105.27	74.03	23.21	44.88	16.72	12.32	0	0	0	19.8	5.5	154.55	110.22	127.16	719.84	417.23
27.0181	295.68	147.29	114.84	78.43	29.59	58.63	24.42	14.08	0	0	0	14.08	5.5	110.99	95.26	111.32	762.96	337.15
27.0281	300.85	151.47	127.27	80.63	31.68	67.54	32.01	15.84	0	0	0	11.22	5.5	75.68	83.27	86.9	807.29	262.57
27.0381	311.08	155.65	139.59	82.83	35.97	76.56	38.17	17.6	0	0	0	5.61	5.5	56.98	71.39	62.37	857.45	201.85
27.0481	323.84	159.83	152.02	85.03	38.06	83.27	42.68	19.36	0	0	0	0	5.5	42.68	62.48	48.73	904.09	159.39
27.0581	336.71	166.1	164.34	87.34	40.15	89.98	47.3	21.12	0	0	0	0	0	30.8	51.37	35.97	953.04	118.14
27.0681	341.99	168.3	171.82	91.74	42.35	94.49	48.84	22.88	0	0	0	0	0	23.65	43.67	29.59	982.41	96.91
27.0781	341.99	172.81	174.24	98.34	42.35	101.2	50.38	24.64	0	0	0	0	0	16.61	28.27	19.03	1005.95	63.91
27.0881	336.71	172.81	174.24	102.74	44.44	103.4	51.92	26.4	0	0	0	0	0	9.46	12.76	6.27	1012.66	28.49
27.0981	328.9	175.12	169.29	109.34	44.44	107.91	51.92	28.27	0	0	0	0	0	7.04	5.06	4.18	1015.19	16.28
27.1081	316.14	170.61	164.34	113.85	44.44	112.42	51.92	30.03	0	0	0	0	0	7.04	5.06	0	1003.75	12.1
27.1181	300.85	168.3	154.44	118.25	44.44	112.42	51.92	30.03	0	0	0	0	0	4.73	0	0	980.65	4.73
27.1281	285.45	161.92	147.07	122.76	44.44	114.51	51.92	30.03	0	0	0	0	0	0	0	0	958.1	0
27.1381	270.05	157.74	139.59	124.96	44.44	116.6	51.92	31.79	0	0	0	0	0	0	0	0	937.09	0
27.1481	251.9	151.47	129.69	131.67	44.44	116.6	51.92	31.79	0	0	0	0	0	0	0	0	909.48	0
27.1581	236.28	145.2	122.32	133.98	44.44	118.69	51.92	31.79	0	0	0	0	0	0	0	0	884.62	0
27.1681	220.88	138.93	114.84	136.18	44.44	118.69	51.92	33.55	0	0	0	0	0	0	0	0	859.43	0
27.1781	208.78	132.66	107.69	138.38	44.44	120.78	51.92	33.55	0	0	0	0	0	0	0	0	838.2	0
27.1881	196.68	126.39	100.54	142.89	44.44	122.98	53.46	33.55	0	0	0	0	0	0	0	0	820.93	0
27.1981	184.47	122.21	95.81	147.4	46.53	125.07	53.46	33.55	0	0	0	0	0	0	0	0	808.5	0
27.2081	172.37	115.94	88.77	151.8	46.53	127.16	55	35.31	0	0	0	0	0	0	0	0	792.88	0
27.2181	160.05	109.34	84.04	156.31	46.53	131.45	56.54	35.31	0	0	0	0	0	0	0	0	779.57	0
27.2281	150.26	102.74	79.31	160.82	48.62	135.63	58.3	37.07	0	0	0	0	0	0	0	0	772.75	0
27.2381	140.47	96.14	74.58	165.33	48.62	139.92	60.06	38.83	0	0	0	0	0	0	0	0	763.95	0
27.2481	130.57	91.74	69.85	169.95	50.82	146.19	63.69	40.59	0	0	0	0	0	0	0	0	763.4	0
27.2581	120.78	85.14	67.54	174.68	50.82	152.57	67.32	42.35	0	0	0	0	0	0	0	0	761.2	0
27.2681	110.99	78.54	62.81	179.41	52.91	156.86	70.95	45.87	0	0	0	0	0	0	0	0	758.34	0
27.2781	104.28	74.14	58.08	184.14	52.91	165.33	76.45	47.63	0	0	0	0	0	0	0	0	762.96	0
27.2881	95.48	67.54	53.24	188.87	55	174.13	80.08	52.91	0	0	0	0	0	0	0	0	767.25	0
27.2981	84.48	60.94	48.4	191.29	57.2	180.73	85.47	56.54	0	0	0	0	0	0	0	0	765.05	0
27.3081	75.57	54.56	41.14	195.91	57.2	189.53	89.1	62.59	0	0	0	0	0	0	0	0	765.6	0
27.3181	64.57	46.75	36.3	200.64	57.2	196.24	94.49	68.64	0	0	0	0	0	0	0	0	764.83	0
27.3281	53.35	40.92	29.04	203.06	57.2	205.04	99.99	76.67	0	0	0	0	0	0	0	0	765.27	0
27.3381	44.11	33.11	24.2	205.37	57.2	211.64	105.38	92.84	0	0	0	0	0	0	0	0	773.85	0
27.3481	37.18	29.15	21.78	205.37	59.4	220.55	112.64	104.94	0	0	0	0	0	0	0	0	791.01	0
27.3581	34.76	25.3	19.36	205.37	59.4	227.15	118.47	115.17	0	0	0	0	0	0	0	0	804.98	0
27.3681	30.14	21.34	16.94	203.06	57.2	233.75	124.52	123.53	0	0	0	0	0	0	0	0	810.48	0
27.3781	27.83	17.49	14.52	200.64	57.2	240.35	128.59	131.89	0	0	0	0	0	0	0	0	818.51	0
27.3881	23.21	15.51	12.1	195.91	55	242.55	132.55	140.25	0	0	0	0	0	0	0	0	817.08	0
27.3981	23.21	13.64	12.1	186.56	50.82	246.95	134.64	148.61	0	0	0	0	0	0	0	0	816.53	0
27.4081	20.9	13.64	9.68	177.1	48.62	249.15	136.62	156.97	0	0	0	0	0	0	0	0	812.68	0
27.4181	20.9	11.66	9.68	163.02	44.44	249.15	138.6	163.24	0	0	0	0	0	0	0	0	800.69	0
27.4281	20.9	11.66	9.68	147.4	40.15	249.15	136.62	167.42	0	0	0	0	0	0	0	0	782.98	0
27.4381	18.59	9.68	7.26	129.47	35.97	249.15	136.62	174.13	5.17	0	0	0	0	0	0	0	760.87	5.17
27.4481	18.59	9.68	7.26	111.54	31.68	249.15	134.64	178.75	10.45	6.93	0	0	0	0	0	0	741.29	17.38
27.4581	16.17	7.7	7.26	93.94	27.5	249.15	130.57	181.06	19.25	13.97	0	0	0	0	0	0	713.35	33.22
27.4681	16.17	7.7	7.26	76.23	23.21	249.15	128.59	185.68	69.41	42.13	4.73	11.22	0	4.73	0	0	693.99	132.22
27.4781	13.86	5.83	4.84	60.83	19.03	244.75	124.52	190.3	151.25	98.78	14.3	19.8	0	11.88	0	0	663.96	296.01
27.4881	11.55	5.83	4.84	46.53	14.74	233.75	118.47	192.61	177.65	153.12	26.29	56.54	8.25	30.8	0	4.18	628.32	456.83
27.4981	9.24	3.85	4.84	34.43	10.56	216.04	112.64	194.92	212.41	194.81	47.85	81.29	11	62.04	5.06	8.47	586.52	622.93
27.5081	6.93	0	4.84	24.09	8.47	180.73	105.38	197.23	238.81	211.75	63.25	90.75	13.75	75.68	17.93	12.65	527.67	724.57
27.5181	0	0	0	17.16	8.47	133.54	90.86	194.92	238.81	211.75	66	93.94	16.5	81.07	33.33	16.94	444.95	758.34
27.5281	0	0	0	11.99	8.47	92.18	74.58	176.44	224.07	206.91	68.75	97.02	16.5	89.21	41.03	19.03	363.66	762.52
27.5381	0	0	0	8.58	8.47	63.03	58.3	144.43	221.65	209.33	71.39	103.29	19.25	100.1	51.37	23.21	282.81	799.59
27.5481	0	0	0	5.17	6.27	46.86	50.38	90.86	231.44	219.01	82.39	109.56	22	110.99	59.51	25.41	199.54	860.31
27.5581	0	0	0	0	4.18	35.09	41.25	62.59	248.6	231.11	93.28	115.94	24.75	119.13	71.39	29.59	143.11	933.79
27.5681	0	0	0	0	0	25.3	33.55	35.31	268.4	238.37	104.17	119.02	27.5	127.27	83.27	33.88	94.16	1001.88
27.5781	0	0	0	0	0	19.47	25.96	24.64	280.72	245.63	112.42	122.21	27.5	135.41	92.29	35.97	70.07	1052.15
27.5881	0	0	0	0	0	13.64	16.72	10.56	283.25	248.05	117.92	128.48	30.25	140.91	101.2	38.06	40.92	1088.12
27.5981	0	0	0	0	0	7.81	7.59	0	278.19	250.47	117.92	134.86	30.25	146.3	107.14	40.26	15.4	1105.39
27.6081	0	0	0	0	0	5.83	4.51	0	268.4	248.05	117.92	144.32	33	154.55	110.22	42.35	10.34	1118.81
27.6181	0	0	0	0	0	5.83	4.51	0	253.55	245.63	112.42	150.59	33	159.94	110.22	42.35	10.34	1107.7
27.6281	0	0	0	0	0	3.85	2.97	0	236.28	238.37	106.92	160.05	33	165.44	110.22	44.44	6.82	1094.72
27.6381	0	0	0	0	0	3.85	0	0	217.03	231.11	98.67	166.43	33	168.19	110.22	44.44	3.85	1069.09
27.6481	0	0	0	0	0	0	0	0	198.55	221.43	93.28	172.81	33	170.83	110.22	44.44	0	1044.56
27.6581	0	0	0	0	0	0	0	0	179.96	209.33	85.03	176	33	173.47	107.14	44.44	0	1008.37
27.6681	0	0	0	0	0	0	0	0	163.9	197.23	76.89	182.38	33	173.47	104.17	46.53	0	977.57
27.6781	0	0	0	0	0	0	0	0	149.16	187.55	71.39	188.76	33	176.22	104.17	46.53	0	956.78
27.6881	0	0	0	0	0	0	0	0	134.31	175.45	63.25	188.76	33	176.22	101.2	46.53	0	918.72
27.6981	0	0	0	0	0	0	0	0	123.75	163.13	57.75	191.95	33	176.22	104.17	46.53	0	896.5
27.7081	0	0	0	0	0	0	0	0	113.3	153.12	52.69	195.14	33	178.86	104.17	46.53	0	876.81
27.7181	0	0	0	0	0	0	0	0	105.71	143.11	50.27	195.14	33	178.86	104.17	46.53	0	856.79
27.7281	0	0	0	0	0	0	0	0	98.01	133.1	47.85	195.14	35.75	181.61	107.14	46.53	0	845.13
27.7381	0	0	0	0	0	0	0	0	90.42	125.51	45.43	195.14	35.75	184.25	110.22	48.73	0	835.45
27.7481	0	0	0	0	0	0	0	0	84.7	118.03	43.12	195.14	35.75	187	113.08	50.82	0	827.64
27.7581	0	0	0	0	0	0	0	0	78.98	113.08	43.12	198.44	38.5	189.64	118.91	48.73	0	829.4
27.7681	0	0	0	0	0	0	0	0	75.13	108.24	40.7	201.63	38.5	195.03	124.63	50.82	0	834.68
27.7781	0	0	0	0	0	0	0	0	69.41	103.51	38.28	204.82	38.5	200.42	130.46	52.91	0	838.31
27.7881	0	0	0	0	0	0	0	0	65.56	98.78	35.86	211.2	41.25	208.45	136.29	55.11	0	852.5
27.7981	0	0	0	0	0	0	0	0	57.97	94.05	33.44	214.39	41.25	213.84	142.12	57.53	0	854.59
27.8081	0	0	0	0	0	0	0	0	52.69	87.01	31.13	220.77	41.25	224.73	147.84	59.95	0	865.37
27.8181	0	0	0	0	0	0	0	0	45.65	79.86	26.29	226.93	44	230.34	153.67	62.37	0	869.11
27.8281	0	0	0	0	0	0	0	0	38.61	70.4	23.87	229.79	44	238.7	162.36	64.9	0	872.63
27.8381	0	0	0	0	0	0	0	0	33.33	63.36	21.56	235.62	46.75	244.31	171.27	67.32	0	883.52
27.8481	0	0	0	0	0	0	0	0	29.81	53.9	19.14	238.59	46.75	252.67	180.18	69.74	0	890.78
27.8580	0	0	0	0	0	0	0	0	26.29	46.86	16.72	241.45	46.75	255.42	189.09	72.16	0	894.74
27.8680	0	0	0	0	0	0	0	0	24.53	37.51	14.3	244.42	46.75	263.89	195.14	77.11	0	903.65
27.8780	0	0	0	0	0	0	0	0	22.77	32.78	11.88	247.28	49.5	269.39	201.08	79.53	0	914.21
27.8880	0	0	0	0	0	0	0	0	21.01	25.74	11.88	247.28	49.5	275	209.99	81.95	0	922.35
27.8980	0	0	0	0	0	0	0	0	17.49	18.7	9.57	244.42	46.75	283.47	215.93	86.9	0	923.23
27.9080	0	0	0	0	0	0	0	0	15.73	11.66	7.15	238.59	46.75	286.33	218.9	89.32	0	914.43
27.9180	0	0	0	0	0	0	0	0	13.97	6.93	4.73	229.79	44	291.94	221.98	91.74	0	905.08
27.9280	0	0	0	0	0	0	0	0	12.21	6.93	4.73	211.2	41.25	294.8	224.73	96.69	0	892.54
27.9380	4.62	0	0	0	0	0	0	0	12.21	4.62	4.73	188.76	35.75	300.41	227.59	101.53	4.62	875.6
27.9480	9.24	0	0	0	0	0	0	0	12.21	4.62	0	166.43	30.25	303.27	227.59	106.48	9.24	850.85
27.9580	20.9	0	0	0	0	0	0	0	10.45	4.62	0	144.32	24.75	308.88	224.73	111.32	20.9	829.07
27.9680	68.97	5.83	0	0	0	0	0	0	10.45	0	0	119.02	19.25	311.74	221.98	116.05	74.8	798.49
27.9780	231.11	31.13	14.52	8.58	0	5.83	0	0	8.69	0	0	97.02	16.5	311.74	215.93	120.45	291.17	770.33
27.9880	257.07	56.54	29.04	15.51	4.18	7.81	0	0	6.93	0	0	71.94	13.75	308.88	209.99	122.76	370.15	734.25
27.9980	270.05	98.34	58.08	36.19	12.65	17.49	0	0	6.93	0	0	50.82	11	297.55	201.08	127.16	492.8	694.54
28.0080	277.86	132.66	84.04	55.11	19.03	25.3	4.51	5.28	5.17	0	0	36.74	8.25	272.25	186.12	127.16	603.79	635.69
28.0180	285.45	145.2	98.23	71.83	21.12	35.09	10.67	10.56	3.41	0	0	25.41	5.5	227.48	168.3	127.16	678.15	557.26
28.0280	287.98	147.29	105.27	76.23	23.21	44.88	15.18	10.56	0	0	0	16.94	5.5	176.22	147.84	122.76	710.6	469.26
28.0380	280.39	147.29	110	80.63	25.41	58.63	19.8	12.32	0	0	0	11.22	8.25	130.02	130.46	113.85	734.47	393.8
28.0480	282.92	151.47	117.37	85.03	27.5	69.74	25.96	14.08	0	0	0	5.61	8.25	94.6	107.14	94.27	774.07	309.87
28.0580	287.98	155.65	127.27	89.54	31.68	76.56	32.01	15.84	0	0	0	0	8.25	67.54	86.35	69.74	816.53	231.88
28.0680	298.21	161.92	139.59	91.74	33.88	85.47	36.63	17.6	0	0	0	0	8.25	49.83	74.36	52.91	865.04	185.35
28.0780	308.44	168.3	149.49	96.14	35.97	94.49	41.25	19.36	0	0	0	0	5.5	35.64	59.51	38.06	913.44	138.71
28.0880	313.61	170.61	156.97	102.74	35.97	101.2	44.22	19.36	0	0	0	0	0	26.07	51.37	29.59	944.68	107.03
28.0980	313.61	175.12	159.39	107.14	38.06	107.91	45.76	21.12	0	0	0	0	0	21.34	38.5	23.21	968.11	83.05
28.1080	308.44	177.43	159.39	113.85	38.06	114.51	47.3	21.12	0	0	0	0	0	14.19	23.1	10.56	980.1	47.85
28.1180	300.85	177.43	156.97	122.76	40.15	118.69	48.84	22.88	0	0	0	0	0	7.04	5.06	0	988.57	12.1
28.1280	290.62	175.12	152.02	129.47	40.15	122.98	48.84	22.88	0	0	0	0	0	4.73	0	0	982.08	4.73
28.1380	275.22	172.81	144.54	136.18	40.15	127.16	48.84	22.88	0	0	0	0	0	4.73	0	0	967.78	4.73
28.1480	259.6	168.3	137.17	142.89	40.15	129.25	48.84	24.64	0	0	0	0	0	0	0	0	950.84	0
28.1580	244.09	161.92	127.27	149.6	40.15	131.45	48.84	24.64	0	0	0	0	0	0	0	0	927.96	0
28.1680	228.58	157.74	119.79	154.11	40.15	133.54	48.84	24.64	0	0	0	0	0	0	0	0	907.39	0
28.1780	213.62	149.38	112.42	158.51	40.15	133.54	48.84	26.4	0	0	0	0	0	0	0	0	882.86	0
28.1880	201.52	143.11	102.96	160.82	40.15	135.63	48.84	26.4	0	0	0	0	0	0	0	0	859.43	0
28.1980	186.89	136.84	98.23	165.33	40.15	135.63	48.84	26.4	0	0	0	0	0	0	0	0	838.31	0
28.2080	177.21	130.57	93.5	165.33	42.35	137.72	48.84	26.4	0	0	0	0	0	0	0	0	821.92	0
28.2180	167.53	124.3	88.77	169.95	42.35	137.72	50.38	28.27	0	0	0	0	0	0	0	0	809.27	0
28.2280	160.05	120.12	84.04	172.37	42.35	139.92	50.38	28.27	0	0	0	0	0	0	0	0	797.5	0
28.2380	152.68	113.85	79.31	174.68	42.35	139.92	51.92	28.27	0	0	0	0	0	0	0	0	782.98	0
28.2480	142.89	109.34	77	174.68	42.35	142.01	53.46	30.03	0	0	0	0	0	0	0	0	771.76	0
28.2580	137.94	102.74	74.58	177.1	44.44	144.1	53.46	30.03	0	0	0	0	0	0	0	0	764.39	0
28.2680	130.57	98.34	72.27	177.1	44.44	146.19	55	30.03	0	0	0	0	0	0	0	0	753.94	0
28.2780	123.2	91.74	69.85	177.1	44.44	148.39	56.54	31.79	0	0	0	0	0	0	0	0	743.05	0
28.2880	118.36	87.34	67.54	179.41	46.53	150.48	60.06	31.79	0	0	0	0	0	0	0	0	741.51	0
28.2980	110.99	82.94	62.81	181.83	46.53	156.86	61.93	33.55	0	0	0	0	0	0	0	0	737.44	0
28.3080	102.08	76.34	60.39	184.14	48.62	161.04	67.32	37.07	0	0	0	0	0	0	0	0	737	0
28.3180	95.48	69.74	55.77	186.56	48.62	167.53	70.95	38.83	0	0	0	0	0	0	0	0	733.48	0
28.3280	86.68	63.14	53.24	188.87	50.82	176.33	76.45	42.35	0	0	0	0	0	0	0	0	737.88	0
28.3380	75.57	58.74	45.98	193.6	50.82	185.13	81.84	47.63	0	0	0	0	0	0	0	0	739.31	0
28.3480	66.77	50.6	41.14	195.91	52.91	194.04	89.1	52.91	0	0	0	0	0	0	0	0	743.38	0
28.3580	57.97	44.77	33.88	198.33	52.91	202.84	96.36	62.59	0	0	0	0	0	0	0	0	749.65	0
28.3680	48.73	36.96	26.62	198.33	55	211.64	103.62	70.62	0	0	0	0	0	0	0	0	751.52	0
28.3780	39.49	31.13	24.2	200.64	55	220.55	110.88	88.77	0	0	0	0	0	0	0	0	770.66	0
28.3880	37.18	27.28	21.78	200.64	55	227.15	118.47	100.87	0	0	0	0	0	0	0	0	788.37	0
28.3980	32.45	23.32	19.36	198.33	57.2	233.75	126.5	110.99	0	0	0	0	0	0	0	0	801.9	0
28.4080	30.14	19.47	14.52	195.91	55	238.15	134.64	119.35	0	0	0	0	0	0	0	0	807.18	0
28.4180	25.52	15.51	14.52	193.6	55	244.75	138.6	127.71	0	0	0	0	0	0	0	0	815.21	0
28.4280	23.21	13.64	12.1	186.56	52.91	246.95	142.67	133.98	0	0	0	0	0	0	0	0	812.02	0
28.4380	23.21	13.64	12.1	177.1	50.82	249.15	144.65	140.25	0	0	0	0	0	0	0	0	810.92	0
28.4480	20.9	11.66	9.68	165.33	48.62	249.15	144.65	148.61	3.41	0	0	0	0	0	0	0	798.6	3.41
28.4580	20.9	9.68	9.68	149.6	42.35	249.15	144.65	156.97	8.69	4.62	0	0	0	0	0	0	782.98	13.31
28.4680	18.59	9.68	9.68	131.67	38.06	251.35	142.67	161.15	15.73	11.66	0	0	0	0	0	0	762.85	27.39
28.4780	18.59	9.68	7.26	111.54	33.88	251.35	140.69	165.33	26.29	21.01	0	5.61	0	0	0	0	738.32	52.91
28.4880	16.17	7.7	7.26	93.94	27.5	249.15	138.6	169.62	80.85	51.59	7.15	11.22	0	0	0	0	709.94	150.81
28.4980	16.17	7.7	4.84	76.23	23.21	249.15	134.64	174.13	155.43	118.03	19.14	31.02	0	14.19	5.06	0	686.07	342.87
28.5080	13.86	5.83	4.84	58.63	19.03	242.55	130.57	176.44	184.58	175.45	35.86	71.94	11	37.95	7.7	8.47	651.75	532.95
28.5180	11.55	3.85	4.84	41.36	14.74	229.35	126.5	178.75	207.79	199.65	57.75	90.75	13.75	64.79	12.76	10.56	610.94	657.8
28.5280	9.24	3.85	4.84	29.26	10.56	202.84	118.47	181.06	219.34	202.07	66	93.94	16.5	72.93	25.63	14.74	560.12	711.15
28.5380	4.62	0	0	18.92	8.47	158.95	107.25	181.06	210.1	194.81	66	93.94	16.5	78.32	35.97	16.94	479.27	712.58
28.5480	0	0	0	11.99	8.47	112.42	90.86	174.13	198.55	189.97	66	97.02	19.25	83.82	41.03	19.03	397.87	714.67
28.5580	0	0	0	8.58	8.47	76.56	69.19	154.88	203.17	197.23	74.14	103.29	19.25	94.6	51.37	23.21	317.68	766.26
28.5680	0	0	0	5.17	8.47	52.69	55	110.99	219.34	209.33	85.03	109.56	22	108.24	59.51	27.5	232.32	840.51
28.5780	0	0	0	0	4.18	41.03	47.3	68.64	241.23	223.85	98.67	112.75	24.75	116.38	71.39	31.79	161.15	920.81
28.5880	0	0	0	0	0	29.26	38.17	45.87	263.45	233.53	112.42	115.94	27.5	121.88	83.27	33.88	113.3	991.87
28.5980	0	0	0	0	0	21.45	32.01	26.4	280.72	238.37	123.53	119.02	30.25	127.27	92.29	35.97	79.86	1047.42
28.6080	0	0	0	0	0	17.49	22.88	15.84	280.72	243.21	126.28	122.21	30.25	132.77	101.2	38.06	56.21	1074.7
28.6180	0	0	0	0	0	11.66	12.21	3.52	278.19	243.21	129.14	131.67	33	138.16	104.17	40.26	27.39	1097.8
28.6280	0	0	0	0	0	7.81	6.05	0	268.4	245.63	126.28	137.94	33	146.3	110.22	40.26	13.86	1108.03
28.6380	0	0	0	0	0	7.81	6.05	0	256.08	240.79	120.78	144.32	33	149.05	110.22	42.35	13.86	1096.59
28.6480	0	0	0	0	0	5.83	4.51	0	238.81	235.95	117.92	150.59	33	154.55	113.08	42.35	10.34	1086.25
28.6580	0	0	0	0	0	5.83	2.97	0	224.07	226.27	112.42	153.78	35.75	157.19	113.08	44.44	8.8	1067
28.6680	0	0	0	0	0	3.85	0	0	207.79	219.01	106.92	156.97	35.75	159.94	113.08	44.44	3.85	1043.9
28.6780	0	0	0	0	0	0	0	0	193.82	209.33	98.67	160.05	35.75	159.94	113.08	44.44	0	1015.08
28.6880	0	0	0	0	0	0	0	0	177.65	197.23	93.28	163.24	35.75	162.69	113.08	44.44	0	987.36
28.6980	0	0	0	0	0	0	0	0	163.9	187.55	87.78	166.43	35.75	162.69	113.08	44.44	0	961.62
28.7080	0	0	0	0	0	0	0	0	153.34	175.45	82.39	166.43	35.75	162.69	113.08	46.53	0	935.66
28.7180	0	0	0	0	0	0	0	0	140.69	165.66	76.89	166.43	35.75	162.69	113.08	46.53	0	907.72
28.7280	0	0	0	0	0	0	0	0	132.22	158.07	74.14	166.43	38.5	162.69	115.94	46.53	0	894.52
28.7380	0	0	0	0	0	0	0	0	123.75	148.06	71.39	163.24	38.5	162.69	118.91	48.73	0	875.27
28.7480	0	0	0	0	0	0	0	0	117.37	140.58	66	163.24	38.5	165.44	121.77	48.73	0	861.63
28.7580	0	0	0	0	0	0	0	0	109.45	133.1	63.25	166.43	38.5	165.44	127.6	50.82	0	854.59
28.7680	0	0	0	0	0	0	0	0	103.73	125.51	63.25	166.43	41.25	168.19	130.46	52.91	0	851.73
28.7780	0	0	0	0	0	0	0	0	98.01	120.56	60.5	166.43	44	170.83	136.29	52.91	0	849.53
28.7880	0	0	0	0	0	0	0	0	94.16	115.5	57.75	169.62	44	176.22	142.12	55.11	0	854.48
28.7980	0	0	0	0	0	0	0	0	90.42	110.66	57.75	172.81	44	178.86	150.81	57.53	0	862.84
28.8080	0	0	0	0	0	0	0	0	86.57	108.24	55.11	176	46.75	187	159.5	57.53	0	876.7
28.8180	0	0	0	0	0	0	0	0	80.85	103.51	52.69	179.19	49.5	192.39	168.3	59.95	0	886.38
28.8280	0	0	0	0	0	0	0	0	75.13	98.78	52.69	182.38	52.25	197.67	177.21	62.37	0	898.48
28.8380	0	0	0	0	0	0	0	0	69.41	94.05	47.85	185.57	52.25	205.81	186.12	64.9	0	905.96
28.8480	0	0	0	0	0	0	0	0	63.69	87.01	45.43	188.76	55.11	211.2	198.11	67.32	0	916.63
28.8580	0	0	0	0	0	0	0	0	56.21	79.86	43.12	191.95	55.11	216.59	207.02	72.16	0	922.02
28.8680	0	0	0	0	0	0	0	0	49.17	72.82	35.86	198.44	58.08	221.98	218.9	74.69	0	929.94
28.8780	0	0	0	0	0	0	0	0	40.37	63.36	31.13	201.63	61.05	230.34	227.59	77.11	0	932.58
28.8880	0	0	0	0	0	0	0	0	33.33	51.59	23.87	204.82	61.05	235.95	238.92	79.53	0	929.06
28.8980	0	0	0	0	0	0	0	0	28.05	39.82	19.14	211.2	61.05	244.31	247.39	84.48	0	935.44
28.9080	0	0	0	0	0	0	0	0	24.53	32.78	16.72	211.2	64.02	252.67	255.86	86.9	0	944.68
28.9180	0	0	0	0	0	0	0	0	22.77	25.74	14.3	208.01	61.05	255.42	267.19	89.32	0	943.8
28.9280	0	0	0	0	0	0	0	0	19.25	16.39	9.57	201.63	61.05	261.03	272.8	91.74	0	933.46
28.9380	0	0	0	0	0	0	0	0	15.73	9.35	7.15	188.76	58.08	261.03	278.52	94.27	0	912.89
28.9480	0	0	0	0	0	0	0	0	13.97	4.62	7.15	172.81	52.25	263.89	281.49	96.69	0	892.87
28.9580	4.62	0	0	0	0	0	0	0	13.97	4.62	4.73	153.78	46.75	261.03	281.49	99.11	4.62	865.48
28.9680	9.24	0	0	0	0	0	0	0	13.97	0	4.73	134.86	41.25	261.03	281.49	101.53	9.24	838.86
28.9780	27.83	0	0	0	0	0	0	0	12.21	0	0	115.94	33	261.03	281.49	104.06	27.83	807.73
28.9880	135.52	7.7	0	0	0	0	0	0	10.45	0	0	97.02	27.5	261.03	275.66	106.48	143.22	778.14
28.9980	264.88	35.09	16.94	8.58	0	7.81	0	0	10.45	0	0	78.21	19.25	261.03	269.94	108.9	333.3	747.78
29.0080	272.58	65.34	38.72	17.16	4.18	7.81	0	0	8.69	0	0	56.54	16.5	255.42	261.47	113.85	405.79	712.47
29.0180	280.39	109.34	67.54	39.6	12.65	21.45	2.97	0	8.69	0	0	42.35	11	241.45	247.39	111.32	533.94	662.2
29.0280	280.39	136.84	86.35	58.63	19.03	29.26	7.59	0	5.17	0	0	28.27	11	213.84	230.45	113.85	618.09	602.58
29.0380	285.45	145.2	100.54	76.23	21.12	37.07	13.75	5.28	3.41	0	0	16.94	8.25	173.47	207.02	113.85	684.64	522.94
29.0480	282.92	147.29	107.69	82.83	23.21	48.84	16.72	7.04	0	0	0	8.47	8.25	132.77	180.18	108.9	716.54	438.57
29.0580	285.45	151.47	119.79	89.54	27.5	65.34	22.88	10.56	0	0	0	0	8.25	100.1	142.12	96.69	772.53	347.16
29.0680	290.62	155.65	132.22	91.74	29.59	76.56	30.47	10.56	0	0	0	0	8.25	72.93	110.22	81.95	817.41	273.35
29.0780	303.38	164.01	144.54	93.94	33.88	85.47	36.63	14.08	0	0	0	0	8.25	52.25	86.35	57.53	875.93	204.38
29.0880	318.67	168.3	159.39	98.34	35.97	92.18	41.25	14.08	0	0	0	0	8.25	37.95	74.36	44.44	928.18	165
29.0980	331.54	175.12	171.82	102.74	38.06	96.69	44.22	15.84	0	0	0	0	5.5	28.49	62.48	31.79	976.03	128.26
29.1080	334.07	179.63	176.77	107.14	40.15	101.2	45.76	17.6	0	0	0	0	0	21.34	51.37	27.5	1002.32	100.21
29.1180	334.07	181.94	176.77	111.54	40.15	103.4	47.3	19.36	0	0	0	0	0	16.61	41.03	21.12	1014.53	78.76
29.1280	331.54	184.25	174.24	116.05	40.15	107.91	47.3	19.36	0	0	0	0	0	11.88	25.63	10.56	1020.8	48.07
29.1380	323.84	184.25	169.29	122.76	40.15	110.11	47.3	19.36	0	0	0	0	0	7.04	10.23	0	1017.06	17.27
29.1480	311.08	181.94	161.92	129.47	40.15	112.42	45.76	19.36	0	0	0	0	0	4.73	5.06	0	1002.1	9.79
29.1580	295.68	179.63	152.02	133.98	40.15	112.42	45.76	21.12	0	0	0	0	0	0	5.06	0	980.76	5.06
29.1680	282.92	175.12	144.54	138.38	40.15	114.51	45.76	21.12	0	0	0	0	0	0	5.06	0	962.5	5.06
29.1780	267.41	168.3	137.17	140.69	40.15	114.51	45.76	21.12	0	0	0	0	0	0	0	0	935.11	0
29.1880	254.43	161.92	129.69	142.89	40.15	114.51	45.76	22.88	0	0	0	0	0	0	0	0	912.23	0
29.1980	238.92	155.65	122.32	145.09	42.35	114.51	47.3	22.88	0	0	0	0	0	0	0	0	889.02	0
29.2080	225.94	149.38	117.37	145.09	42.35	114.51	47.3	22.88	0	0	0	0	0	0	0	0	864.82	0
29.2180	216.04	143.11	112.42	142.89	42.35	114.51	48.84	22.88	0	0	0	0	0	0	0	0	843.04	0
29.2280	206.36	136.84	107.69	142.89	42.35	114.51	48.84	24.64	0	0	0	0	0	0	0	0	824.12	0
29.2380	196.68	130.57	102.96	142.89	44.44	114.51	50.38	24.64	0	0	0	0	0	0	0	0	807.07	0
29.2480	189.31	124.3	100.54	142.89	44.44	114.51	51.92	24.64	0	0	0	0	0	0	0	0	792.55	0
29.2580	182.05	120.12	98.23	142.89	44.44	116.6	51.92	24.64	0	0	0	0	0	0	0	0	780.89	0
29.2680	177.21	115.94	98.23	140.69	44.44	116.6	53.46	26.4	0	0	0	0	0	0	0	0	772.97	0
29.2780	172.37	111.54	98.23	142.89	46.53	118.69	55	26.4	0	0	0	0	0	0	0	0	771.65	0
29.2879	167.53	109.34	98.23	142.89	46.53	120.78	56.54	28.27	0	0	0	0	0	0	0	0	770.11	0
29.2979	165	107.14	98.23	145.09	48.62	125.07	60.06	28.27	0	0	0	0	0	0	0	0	777.48	0
29.3079	160.05	102.74	98.23	147.4	48.62	129.25	63.69	30.03	0	0	0	0	0	0	0	0	780.01	0
29.3179	152.68	100.54	95.81	151.8	50.82	133.54	65.56	30.03	0	0	0	0	0	0	0	0	780.78	0
29.3279	145.31	96.14	91.08	158.51	52.91	142.01	70.95	33.55	0	0	0	0	0	0	0	0	790.46	0
29.3379	135.52	91.74	88.77	163.02	52.91	148.39	74.58	35.31	0	0	0	0	0	0	0	0	790.24	0
29.3479	125.73	85.14	84.04	169.95	55	156.86	78.21	37.07	0	0	0	0	0	0	0	0	792	0
29.3579	118.36	80.74	79.31	174.68	57.2	165.33	83.71	38.83	0	0	0	0	0	0	0	0	798.16	0
29.3679	106.48	74.14	72.27	184.14	57.2	174.13	89.1	42.35	0	0	0	0	0	0	0	0	799.81	0
29.3779	95.48	67.54	65.12	188.87	59.4	185.13	94.49	47.63	0	0	0	0	0	0	0	0	803.66	0
29.3879	84.48	60.94	58.08	195.91	59.4	194.04	99.99	49.39	0	0	0	0	0	0	0	0	802.23	0
29.3979	71.17	52.58	48.4	203.06	61.71	202.84	107.25	56.54	0	0	0	0	0	0	0	0	803.55	0
29.4079	60.17	46.75	38.72	205.37	64.02	213.84	112.64	62.59	0	0	0	0	0	0	0	0	804.1	0
29.4179	48.73	36.96	29.04	210.1	64.02	220.55	120.45	70.62	0	0	0	0	0	0	0	0	800.47	0
29.4279	39.49	31.13	24.2	210.1	64.02	227.15	128.59	80.74	0	0	0	0	0	0	0	0	805.42	0
29.4379	34.76	25.3	19.36	207.79	64.02	231.55	136.62	96.91	0	0	0	0	0	0	0	0	816.31	0
29.4479	30.14	21.34	16.94	203.06	61.71	238.15	142.67	109.01	0	0	0	0	0	0	0	0	823.02	0
29.4579	27.83	17.49	14.52	195.91	61.71	240.35	148.72	115.17	0	0	0	0	0	0	0	0	821.7	0
29.4679	23.21	13.64	12.1	184.14	57.2	240.35	152.79	121.44	0	0	0	0	0	0	0	0	804.87	0
29.4779	23.21	13.64	12.1	169.95	52.91	242.55	154.77	127.71	0	0	0	0	0	0	0	0	796.84	0
29.4879	23.21	11.66	9.68	151.8	48.62	244.75	154.77	133.98	8.69	0	0	0	0	0	0	0	778.47	8.69
29.4979	20.9	11.66	9.68	133.98	42.35	244.75	150.7	140.25	15.73	9.35	0	0	0	0	0	0	754.27	25.08
29.5079	18.59	9.68	7.26	116.05	35.97	244.75	148.72	146.52	36.85	23.43	0	0	0	0	0	0	727.54	60.28
29.5179	18.59	7.7	7.26	93.94	29.59	244.75	144.65	150.7	115.28	68.09	9.57	14.08	0	7.04	0	0	697.18	214.06
29.5279	16.17	7.7	7.26	74.03	23.21	240.35	140.69	156.97	153.34	118.03	19.14	39.6	0	18.92	0	0	666.38	349.03
29.5379	13.86	5.83	7.26	53.35	19.03	231.55	136.62	161.15	182.27	163.13	31.13	65.67	8.25	42.68	0	6.27	628.65	499.4
29.5479	11.55	3.85	4.84	36.19	12.65	213.84	132.55	165.33	217.03	197.23	52.69	84.48	11	67.54	7.7	8.47	580.8	646.14
29.5579	6.93	0	4.84	24.09	10.56	180.73	126.5	169.62	238.81	206.91	63.25	90.75	13.75	75.68	20.46	14.74	523.27	724.35
29.5679	4.62	0	4.84	15.51	8.47	133.54	110.88	167.42	238.81	206.91	68.75	93.94	16.5	83.82	33.33	19.03	445.28	761.09
29.5779	0	0	0	8.58	8.47	92.18	87.23	159.06	231.44	204.49	71.39	97.02	19.25	91.96	41.03	21.12	355.52	777.7
29.5879	0	0	0	5.17	8.47	60.83	65.56	136.07	231.44	209.33	76.89	100.21	19.25	102.74	51.37	23.21	276.1	814.44
29.5979	0	0	0	0	8.47	44.88	51.92	86.79	238.81	216.59	85.03	106.48	22	113.63	59.51	27.5	192.06	869.55
29.6079	0	0	0	0	4.18	33.22	44.22	54.67	251.13	223.85	93.28	109.56	24.75	121.88	71.39	31.79	136.29	927.63
29.6179	0	0	0	0	0	25.3	36.63	35.31	263.45	231.11	104.17	115.94	24.75	130.02	83.27	33.88	97.24	986.59
29.6279	0	0	0	0	0	17.49	27.5	21.12	270.82	235.95	109.67	119.02	27.5	135.41	92.29	35.97	66.11	1026.63
29.6379	0	0	0	0	0	13.64	18.26	8.8	270.82	238.37	112.42	125.4	30.25	143.66	98.23	38.06	40.7	1057.21
29.6479	0	0	0	0	0	9.68	10.67	0	263.45	238.37	112.42	134.86	30.25	151.8	101.2	40.26	20.35	1072.61
29.6579	0	0	0	0	0	7.81	7.59	0	251.13	238.37	109.67	141.13	30.25	157.19	107.14	42.35	15.4	1077.23
29.6679	0	0	0	0	0	7.81	7.59	0	236.28	233.53	104.17	150.59	30.25	162.69	107.14	42.35	15.4	1067
29.6779	0	0	0	0	0	5.83	7.59	0	219.34	226.27	98.67	160.05	33	168.19	107.14	44.44	13.42	1057.1
29.6879	0	0	0	0	0	5.83	6.05	0	200.86	216.59	93.28	166.43	33	173.47	107.14	44.44	11.88	1035.21
29.6979	0	0	0	0	0	3.85	4.51	0	182.27	206.91	85.03	172.81	33	176.22	107.14	44.44	8.36	1007.82
29.7079	0	0	0	0	0	3.85	2.97	0	166.1	197.23	76.89	179.19	33	178.86	107.14	46.53	6.82	984.94
29.7179	0	0	0	0	0	0	0	0	153.34	187.55	68.75	185.57	33	181.61	104.17	46.53	0	960.52
29.7279	0	0	0	0	0	0	0	0	138.49	177.87	63.25	191.95	33	184.25	104.17	46.53	0	939.51
29.7379	0	0	0	0	0	0	0	0	127.93	165.66	57.75	195.14	33	187	104.17	46.53	0	917.18
29.7479	0	0	0	0	0	0	0	0	117.37	158.07	52.69	198.44	33	187	104.17	46.53	0	897.27
29.7579	0	0	0	0	0	0	0	0	105.71	148.06	50.27	201.63	33	187	104.17	46.53	0	876.37
29.7679	0	0	0	0	0	0	0	0	98.01	138.05	45.43	201.63	33	189.64	104.17	48.73	0	858.66
29.7779	0	0	0	0	0	0	0	0	90.42	128.04	40.7	204.82	33	192.39	107.14	48.73	0	845.24
29.7879	0	0	0	0	0	0	0	0	80.85	120.56	40.7	208.01	33	195.03	107.14	48.73	0	834.02
29.7979	0	0	0	0	0	0	0	0	75.13	113.08	35.86	208.01	33	197.67	110.22	48.73	0	821.7
29.8079	0	0	0	0	0	0	0	0	69.41	105.93	35.86	208.01	35.75	200.42	115.94	50.82	0	822.14
29.8179	0	0	0	0	0	0	0	0	67.43	101.2	35.86	208.01	35.75	203.06	118.91	52.91	0	823.13
29.8279	0	0	0	0	0	0	0	0	63.69	96.47	33.44	208.01	35.75	205.81	127.6	52.91	0	823.68
29.8379	0	0	0	0	0	0	0	0	59.84	94.05	33.44	208.01	38.5	211.2	133.32	55.11	0	833.47
29.8479	0	0	0	0	0	0	0	0	56.21	89.32	31.13	211.2	38.5	216.59	142.12	57.53	0	842.6
29.8579	0	0	0	0	0	0	0	0	52.69	84.59	31.13	214.39	41.25	221.98	150.81	57.53	0	854.37
29.8679	0	0	0	0	0	0	0	0	49.17	79.86	28.71	220.77	41.25	227.48	159.5	59.95	0	866.69
29.8779	0	0	0	0	0	0	0	0	43.89	75.13	26.29	224.07	44	235.95	168.3	62.37	0	880
29.8879	0	0	0	0	0	0	0	0	36.85	65.67	23.87	229.79	44	241.45	177.21	67.32	0	886.16
29.8979	0	0	0	0	0	0	0	0	33.33	58.63	21.56	232.76	46.75	249.92	186.12	69.74	0	898.81
29.9079	0	0	0	0	0	0	0	0	29.81	51.59	16.72	238.59	46.75	258.28	192.06	74.69	0	908.49
29.9179	0	0	0	0	0	0	0	0	26.29	42.13	16.72	241.45	49.5	266.64	201.08	77.11	0	920.92
29.9279	0	0	0	0	0	0	0	0	22.77	37.51	14.3	244.42	49.5	272.25	207.02	79.53	0	927.3
29.9379	0	0	0	0	0	0	0	0	22.77	32.78	11.88	247.28	49.5	280.61	209.99	84.48	0	939.29
29.9479	0	0	0	0	0	0	0	0	19.25	25.74	9.57	247.28	49.5	286.33	215.93	89.32	0	942.92
29.9579	0	0	0	0	0	0	0	0	17.49	18.7	7.15	244.42	46.75	291.94	218.9	91.74	0	937.09
29.9679	0	0	0	0	0	0	0	0	13.97	9.35	4.73	235.62	46.75	297.55	221.98	91.74	0	921.69
29.9779	0	0	0	0	0	0	0	0	13.97	6.93	4.73	220.77	41.25	297.55	224.73	94.27	0	904.2
29.9879	0	0	0	0	0	0	0	0	12.21	6.93	0	198.44	35.75	300.41	224.73	96.69	0	875.16
29.9979	0	0	0	0	0	0	0	0	12.21	4.62	0	176	33	300.41	224.73	99.11	0	850.08
30.0079	9.24	0	0	0	0	0	0	0	12.21	4.62	0	153.78	27.5	300.41	224.73	104.06	9.24	827.31
30.0179	20.9	0	0	0	0	0	0	0	10.45	0	0	131.67	22	303.27	224.73	108.9	20.9	801.02
30.0279	75.57	11.66	0	0	0	0	0	0	10.45	0	0	106.48	16.5	303.27	221.98	111.32	87.23	770
30.0379	246.73	46.75	16.94	13.75	4.18	7.81	2.97	0	8.69	0	0	87.56	13.75	300.41	218.9	116.05	339.13	745.36
30.0479	249.26	67.54	29.04	24.09	6.27	11.66	0	0	6.93	0	0	62.48	11	291.94	209.99	118.25	387.86	700.59
30.0579	251.9	102.74	55.77	39.6	12.65	21.45	2.97	0	6.93	0	0	45.21	8.25	275	198.11	122.76	487.08	656.26
30.0679	262.24	130.57	81.73	56.87	16.94	31.24	7.59	0	5.17	0	0	33.88	8.25	241.45	183.15	124.96	587.18	596.86
30.0779	275.22	143.11	95.81	74.03	21.12	42.9	15.18	10.56	0	0	0	22.55	8.25	192.39	168.3	124.96	677.93	516.45
30.0879	290.62	147.29	110	74.03	25.41	52.69	19.8	10.56	0	0	0	14.08	8.25	146.3	144.98	120.45	730.4	434.06
30.0979	290.62	149.38	119.79	78.43	27.5	65.34	27.5	14.08	0	0	0	8.47	8.25	113.63	121.77	106.48	772.64	358.6
30.1079	295.68	153.56	127.27	80.63	31.68	74.25	33.55	15.84	0	0	0	5.61	8.25	81.07	98.23	86.9	812.46	280.06
30.1179	303.38	157.74	137.17	82.83	33.88	80.96	38.17	17.6	0	0	0	5.61	8.25	59.4	80.3	62.37	851.73	215.93
30.1279	316.14	164.01	147.07	87.34	35.97	87.67	41.25	17.6	0	0	0	0	5.5	42.68	68.42	46.53	897.05	163.13
30.1379	326.37	170.61	156.97	91.74	38.06	92.18	45.76	19.36	0	0	0	0	5.5	33.22	56.54	35.97	941.05	131.23
30.1479	331.54	175.12	161.92	98.34	38.06	98.89	45.76	21.12	0	0	0	0	0	23.65	48.73	29.59	970.75	101.97
30.1579	334.07	179.63	166.87	102.74	40.15	101.2	47.3	22.88	0	0	0	0	0	18.92	35.97	23.21	994.84	78.1
30.1679	331.54	184.25	166.87	109.34	40.15	105.6	48.84	22.88	0	0	0	0	0	11.88	23.1	10.56	1009.47	45.54
30.1779	326.37	184.25	161.92	113.85	40.15	110.11	48.84	22.88	0	0	0	0	0	4.73	5.06	4.18	1008.37	13.97
30.1879	316.14	181.94	156.97	118.25	40.15	112.42	48.84	24.64	0	0	0	0	0	4.73	0	0	999.35	4.73
30.1979	303.38	179.63	149.49	122.76	40.15	112.42	48.84	24.64	0	0	0	0	0	4.73	0	0	981.31	4.73
30.2079	290.62	175.12	144.54	127.27	42.35	116.6	48.84	26.4	0	0	0	0	0	0	0	0	971.74	0
30.2179	277.86	170.61	134.64	131.67	42.35	116.6	48.84	26.4	0	0	0	0	0	0	0	0	948.97	0
30.2279	262.24	164.01	129.69	133.98	42.35	116.6	50.38	26.4	0	0	0	0	0	0	0	0	925.65	0
30.2379	249.26	157.74	122.32	133.98	42.35	116.6	50.38	26.4	0	0	0	0	0	0	0	0	899.03	0
30.2479	236.28	151.47	117.37	136.18	42.35	116.6	51.92	26.4	0	0	0	0	0	0	0	0	878.57	0
30.2579	225.94	145.2	110	133.98	44.44	116.6	53.46	26.4	0	0	0	0	0	0	0	0	856.02	0
30.2679	213.62	138.93	107.69	136.18	44.44	116.6	55	26.4	0	0	0	0	0	0	0	0	838.86	0
30.2779	206.36	132.66	102.96	136.18	44.44	116.6	56.54	26.4	0	0	0	0	0	0	0	0	822.14	0
30.2879	196.68	126.39	100.54	133.98	46.53	116.6	56.54	28.27	0	0	0	0	0	0	0	0	805.53	0
30.2979	189.31	122.21	98.23	133.98	46.53	118.69	58.3	30.03	0	0	0	0	0	0	0	0	797.28	0
30.3079	184.47	118.03	98.23	136.18	46.53	120.78	61.93	30.03	0	0	0	0	0	0	0	0	796.18	0
30.3179	179.63	113.85	95.81	136.18	48.62	122.98	63.69	31.79	0	0	0	0	0	0	0	0	792.55	0
30.3279	174.79	109.34	95.81	138.38	50.82	125.07	65.56	33.55	0	0	0	0	0	0	0	0	793.32	0
30.3379	167.53	107.14	93.5	142.89	50.82	129.25	69.19	33.55	0	0	0	0	0	0	0	0	793.87	0
30.3479	160.05	102.74	91.08	147.4	52.91	135.63	72.82	35.31	0	0	0	0	0	0	0	0	797.94	0
30.3579	150.26	98.34	86.35	151.8	52.91	142.01	76.45	37.07	0	0	0	0	0	0	0	0	795.19	0
30.3679	137.94	93.94	81.73	158.51	55	150.48	80.08	40.59	0	0	0	0	0	0	0	0	798.27	0
30.3779	128.15	87.34	77	165.33	57.2	156.86	83.71	42.35	0	0	0	0	0	0	0	0	797.94	0
30.3879	115.83	82.94	69.85	172.37	57.2	165.33	87.23	44.11	0	0	0	0	0	0	0	0	794.86	0
30.3979	106.48	76.34	65.12	177.1	59.4	174.13	92.73	47.63	0	0	0	0	0	0	0	0	798.93	0
30.4079	95.48	69.74	58.08	184.14	59.4	182.93	98.12	51.15	0	0	0	0	0	0	0	0	799.04	0
30.4179	86.68	63.14	53.24	188.87	61.71	191.73	103.62	54.67	0	0	0	0	0	0	0	0	803.66	0
30.4279	75.57	56.54	45.98	193.6	61.71	200.64	109.01	58.52	0	0	0	0	0	0	0	0	801.57	0
30.4379	64.57	48.73	38.72	195.91	61.71	207.24	114.51	64.57	0	0	0	0	0	0	0	0	795.96	0
30.4479	55.77	40.92	31.46	200.64	64.02	213.84	120.45	70.62	0	0	0	0	0	0	0	0	797.72	0
30.4579	44.11	33.11	24.2	200.64	64.02	222.75	126.5	86.79	0	0	0	0	0	0	0	0	802.12	0
30.4679	37.18	29.15	21.78	200.64	64.02	229.35	134.64	98.89	0	0	0	0	0	0	0	0	815.65	0
30.4779	34.76	25.3	16.94	200.64	64.02	233.75	140.69	109.01	0	0	0	0	0	0	0	0	825.11	0
30.4879	30.14	19.47	14.52	198.33	64.02	238.15	146.74	117.26	0	0	0	0	0	0	0	0	828.63	0
30.4979	25.52	15.51	12.1	191.29	61.71	242.55	150.7	123.53	0	0	0	0	0	0	0	0	822.91	0
30.5079	23.21	13.64	12.1	181.83	57.2	244.75	152.79	131.89	0	0	0	0	0	0	0	0	817.41	0
30.5179	23.21	13.64	9.68	167.64	52.91	246.95	152.79	138.16	0	0	0	0	0	0	0	0	804.98	0
30.5279	23.21	11.66	9.68	151.8	48.62	249.15	152.79	146.52	3.41	0	0	0	0	0	0	0	793.43	3.41
30.5379	20.9	11.66	7.26	133.98	42.35	251.35	150.7	150.7	8.69	6.93	0	0	0	0	0	0	768.9	15.62
30.5479	18.59	9.68	7.26	113.85	35.97	251.35	148.72	156.97	17.49	13.97	0	0	0	0	0	0	742.39	31.46
30.5579	18.59	9.68	7.26	93.94	29.59	251.35	144.65	163.24	50.93	35.09	4.73	8.47	0	0	0	0	718.3	99.22
30.5679	16.17	7.7	4.84	71.83	23.21	249.15	142.67	169.62	125.84	79.86	11.88	16.94	0	4.73	0	0	685.19	239.25
30.5779	13.86	5.83	4.84	53.35	19.03	242.55	138.6	176.44	153.34	120.56	23.87	45.21	5.5	21.34	0	0	654.5	369.82
30.5879	11.55	5.83	4.84	37.84	14.74	224.95	132.55	181.06	186.89	158.07	43.12	62.48	8.25	52.25	0	8.47	613.36	519.53
30.5979	9.24	0	4.84	25.85	10.56	196.24	126.5	183.37	219.34	185.13	60.5	78.21	11	67.54	12.76	12.65	556.6	647.13
30.6079	4.62	0	4.84	17.16	8.47	152.57	112.64	185.68	233.86	194.81	68.75	81.29	16.5	75.68	28.27	16.94	485.98	716.1
30.6179	0	0	0	11.99	8.47	105.6	92.73	178.75	228.91	192.39	74.14	84.48	16.5	83.82	35.97	21.12	397.54	737.33
30.6279	0	0	0	6.82	10.56	72.05	70.95	161.15	224.07	194.81	76.89	87.56	16.5	94.6	46.2	23.21	321.53	763.84
30.6379	0	0	0	3.41	8.47	50.71	55	117.26	231.44	204.49	85.03	93.94	19.25	105.49	53.9	25.41	234.85	818.95
30.6479	0	0	0	0	4.18	37.07	45.76	70.62	246.18	216.59	96.03	100.21	22	113.63	65.45	29.59	157.63	889.68
30.6579	0	0	0	0	0	27.28	36.63	44.11	263.45	223.85	106.92	103.29	24.75	121.88	77.33	33.88	108.02	955.35
30.6679	0	0	0	0	0	19.47	28.93	26.4	278.19	231.11	117.92	106.48	27.5	130.02	89.32	35.97	74.8	1016.51
30.6779	0	0	0	0	0	15.62	19.8	14.08	285.78	235.95	123.53	112.75	27.5	135.41	95.26	38.06	49.5	1054.24
30.6879	0	0	0	0	0	9.68	10.67	3.52	285.78	238.37	123.53	119.02	30.25	143.66	104.17	40.26	23.87	1085.04
30.6979	0	0	0	0	0	7.81	6.05	0	278.19	240.79	123.53	125.4	30.25	149.05	107.14	42.35	13.86	1096.7
30.7079	0	0	0	0	0	5.83	4.51	0	265.87	238.37	120.78	134.86	30.25	154.55	110.22	42.35	10.34	1097.25
30.7178	0	0	0	0	0	5.83	4.51	0	251.13	233.53	115.17	137.94	30.25	159.94	110.22	44.44	10.34	1082.62
30.7278	0	0	0	0	0	3.85	2.97	0	231.44	226.27	109.67	147.51	33	162.69	110.22	44.44	6.82	1065.24
30.7378	0	0	0	0	0	3.85	0	0	214.72	216.59	104.17	150.59	33	168.19	113.08	44.44	3.85	1044.78
30.7478	0	0	0	0	0	3.85	0	0	196.24	209.33	96.03	156.97	33	170.83	110.22	46.53	3.85	1019.15
30.7578	0	0	0	0	0	0	0	0	179.96	199.65	87.78	163.24	33	170.83	107.14	46.53	0	988.13
30.7678	0	0	0	0	0	0	0	0	163.9	189.97	79.64	166.43	33	173.47	107.14	46.53	0	960.08
30.7778	0	0	0	0	0	0	0	0	149.16	180.29	74.14	172.81	30.25	176.22	104.17	46.53	0	933.57
30.7878	0	0	0	0	0	0	0	0	136.4	170.61	66	176	33	176.22	104.17	46.53	0	908.93
30.7978	0	0	0	0	0	0	0	0	127.93	160.6	60.5	179.19	33	176.22	101.2	46.53	0	885.17
30.8078	0	0	0	0	0	0	0	0	117.37	153.12	57.75	182.38	33	178.86	101.2	46.53	0	870.21
30.8178	0	0	0	0	0	0	0	0	109.45	145.64	55.11	185.57	33	178.86	101.2	48.73	0	857.56
30.8278	0	0	0	0	0	0	0	0	103.73	140.58	50.27	185.57	33	181.61	104.17	48.73	0	847.66
30.8378	0	0	0	0	0	0	0	0	98.01	133.1	50.27	188.76	33	184.25	104.17	48.73	0	840.29
30.8478	0	0	0	0	0	0	0	0	94.16	128.04	47.85	188.76	33	184.25	107.14	50.82	0	834.02
30.8578	0	0	0	0	0	0	0	0	90.42	123.09	47.85	188.76	33	187	110.22	50.82	0	831.16
30.8678	0	0	0	0	0	0	0	0	86.57	120.56	47.85	191.95	35.75	189.64	115.94	52.91	0	841.17
30.8778	0	0	0	0	0	0	0	0	86.57	118.03	47.85	191.95	35.75	195.03	121.77	52.91	0	849.86
30.8878	0	0	0	0	0	0	0	0	82.72	115.5	47.85	195.14	38.5	197.67	127.6	55.11	0	860.09
30.8978	0	0	0	0	0	0	0	0	80.85	113.08	47.85	195.14	38.5	203.06	136.29	55.11	0	869.88
30.9078	0	0	0	0	0	0	0	0	78.98	110.66	45.43	198.44	41.25	208.45	144.98	57.53	0	885.72
30.9178	0	0	0	0	0	0	0	0	75.13	105.93	45.43	201.63	44	216.59	156.53	59.95	0	905.19
30.9278	0	0	0	0	0	0	0	0	69.41	101.2	43.12	204.82	44	221.98	165.33	64.9	0	914.76
30.9378	0	0	0	0	0	0	0	0	63.69	94.05	43.12	211.2	46.75	227.48	177.21	67.32	0	930.82
30.9478	0	0	0	0	0	0	0	0	57.97	87.01	38.28	217.58	49.5	235.95	189.09	72.16	0	947.54
30.9578	0	0	0	0	0	0	0	0	50.93	79.86	33.44	220.77	49.5	244.31	198.11	74.69	0	951.61
30.9678	0	0	0	0	0	0	0	0	40.37	70.4	28.71	226.93	52.25	252.67	209.99	77.11	0	958.43
30.9778	0	0	0	0	0	0	0	0	35.09	58.63	23.87	229.79	55.11	258.28	215.93	81.95	0	958.65
30.9878	0	0	0	0	0	0	0	0	28.05	46.86	19.14	235.62	55.11	266.64	224.73	84.48	0	960.63
30.9978	0	0	0	0	0	0	0	0	26.29	37.51	16.72	235.62	55.11	272.25	230.45	89.32	0	963.27
31.0078	0	0	0	0	0	0	0	0	22.77	30.47	14.3	235.62	55.11	277.86	236.06	91.74	0	963.93
31.0178	0	0	0	0	0	0	0	0	19.25	21.01	11.88	232.76	52.25	283.47	241.67	94.27	0	956.56
31.0278	0	0	0	0	0	0	2.97	0	15.73	11.66	7.15	220.77	49.5	286.33	244.53	96.69	2.97	932.36
31.0378	0	0	0	0	0	0	0	0	13.97	6.93	4.73	201.63	46.75	289.08	247.39	101.53	0	912.01
31.0478	6.93	0	0	0	0	0	0	0	13.97	6.93	4.73	179.19	41.25	291.94	247.39	104.06	6.93	889.46
31.0578	18.59	0	0	0	0	0	0	0	12.21	4.62	0	156.97	33	291.94	247.39	106.48	18.59	852.61
31.0678	60.17	3.85	0	0	0	0	0	0	12.21	4.62	0	131.67	27.5	291.94	244.53	111.32	64.02	823.79
31.0778	211.2	29.15	14.52	6.82	0	7.81	2.97	0	10.45	0	0	109.56	22	291.94	241.67	116.05	272.47	791.67
31.0878	246.73	46.75	26.62	10.34	4.18	5.83	0	0	10.45	0	0	84.48	16.5	289.08	236.06	120.45	340.45	757.02
31.0978	249.26	71.94	48.4	24.09	8.47	11.66	0	0	8.69	0	0	59.4	13.75	280.61	230.45	122.76	413.82	715.66
31.1078	259.6	100.54	72.27	37.84	14.74	21.45	4.51	5.28	6.93	0	0	42.35	11	261.03	218.9	124.96	516.23	665.17
31.1178	259.6	115.94	86.35	51.7	16.94	29.26	7.59	8.8	5.17	0	0	28.27	8.25	227.48	204.05	127.16	576.18	600.38
31.1278	267.41	124.3	95.81	58.63	21.12	35.09	13.75	12.32	3.41	0	0	16.94	5.5	181.61	180.18	124.96	628.43	512.6
31.1378	267.41	124.3	105.27	60.83	23.21	42.9	16.72	12.32	0	0	0	8.47	8.25	138.16	156.53	122.76	652.96	434.17
31.1478	270.05	128.48	114.84	65.23	27.5	54.67	24.42	15.84	0	0	0	5.61	8.25	105.49	124.63	108.9	701.03	352.88
31.1578	280.39	132.66	127.27	69.63	29.59	60.83	30.47	17.6	0	0	0	0	8.25	75.68	104.17	91.74	748.44	279.84
31.1678	295.68	141.02	142.12	71.83	33.88	69.74	36.63	19.36	0	0	0	0	8.25	56.98	83.27	67.32	810.26	215.82
31.1778	313.61	147.29	159.39	74.03	35.97	74.25	41.25	21.12	0	0	0	0	8.25	40.37	71.39	50.82	866.91	170.83
31.1878	328.9	153.56	171.82	76.23	38.06	80.96	44.22	22.88	0	0	0	0	0	30.8	62.48	38.06	916.63	131.34
31.1978	339.35	159.83	179.3	80.63	40.15	85.47	45.76	24.64	0	0	0	0	0	23.65	51.37	31.79	955.13	106.81
31.2078	344.63	164.01	184.25	85.03	40.15	89.98	47.3	26.4	0	0	0	0	0	18.92	41.03	25.41	981.75	85.36
31.2178	344.63	168.3	184.25	91.74	40.15	94.49	48.84	26.4	0	0	0	0	0	14.19	25.63	14.74	998.8	54.56
31.2278	339.35	168.3	181.83	96.14	42.35	96.69	48.84	28.27	0	0	0	0	0	7.04	10.23	4.18	1001.77	21.45
31.2378	331.54	170.61	176.77	100.54	42.35	101.2	48.84	28.27	0	0	0	0	0	4.73	5.06	0	1000.12	9.79
31.2478	321.31	168.3	169.29	107.14	40.15	101.2	48.84	28.27	0	0	0	0	0	0	5.06	0	984.5	5.06
31.2578	308.44	166.1	161.92	109.34	42.35	103.4	48.84	30.03	0	0	0	0	0	0	0	0	970.42	0
31.2678	298.21	164.01	154.44	116.05	42.35	105.6	47.3	30.03	0	0	0	0	0	0	0	0	957.99	0
31.2778	285.45	161.92	147.07	118.25	42.35	105.6	47.3	30.03	0	0	0	0	0	0	0	0	937.97	0
31.2878	270.05	157.74	139.59	120.56	42.35	105.6	47.3	30.03	0	0	0	0	0	0	0	0	913.22	0
31.2978	257.07	151.47	129.69	122.76	42.35	105.6	47.3	30.03	0	0	0	0	0	0	0	0	886.27	0
31.3078	244.09	147.29	122.32	127.27	42.35	105.6	45.76	30.03	0	0	0	0	0	0	0	0	864.71	0
31.3178	228.58	141.02	114.84	129.47	42.35	105.6	47.3	30.03	0	0	0	0	0	0	0	0	839.19	0
31.3278	218.46	136.84	107.69	131.67	44.44	105.6	47.3	30.03	0	0	0	0	0	0	0	0	822.03	0
31.3378	208.78	132.66	102.96	133.98	44.44	107.91	48.84	30.03	0	0	0	0	0	0	0	0	809.6	0
31.3478	201.52	128.48	100.54	136.18	44.44	110.11	50.38	30.03	0	0	0	0	0	0	0	0	801.68	0
31.3578	191.73	124.3	98.23	138.38	46.53	112.42	51.92	31.79	0	0	0	0	0	0	0	0	795.3	0
31.3678	184.47	120.12	95.81	140.69	46.53	114.51	55	31.79	0	0	0	0	0	0	0	0	788.92	0
31.3778	179.63	115.94	93.5	145.09	48.62	116.6	56.54	31.79	0	0	0	0	0	0	0	0	787.71	0
31.3878	169.95	113.85	91.08	149.6	48.62	120.78	60.06	33.55	0	0	0	0	0	0	0	0	787.49	0
31.3978	162.58	109.34	86.35	156.31	50.82	127.16	61.93	33.55	0	0	0	0	0	0	0	0	788.04	0
31.4078	152.68	104.94	84.04	163.02	52.91	133.54	65.56	37.07	0	0	0	0	0	0	0	0	793.76	0
31.4178	142.89	98.34	79.31	167.64	52.91	142.01	69.19	37.07	0	0	0	0	0	0	0	0	789.36	0
31.4278	130.57	91.74	77	174.68	55	150.48	74.58	38.83	0	0	0	0	0	0	0	0	792.88	0
31.4378	120.78	87.34	72.27	181.83	57.2	158.95	78.21	42.35	0	0	0	0	0	0	0	0	798.93	0
31.4478	110.99	80.74	67.54	188.87	57.2	167.53	81.84	44.11	0	0	0	0	0	0	0	0	798.82	0
31.4578	99.88	74.14	60.39	195.91	57.2	176.33	87.23	47.63	0	0	0	0	0	0	0	0	798.71	0
31.4678	91.08	69.74	53.24	205.37	59.4	187.33	92.73	52.91	0	0	0	0	0	0	0	0	811.8	0
31.4778	77.77	60.94	45.98	212.52	61.71	198.44	96.36	58.52	0	0	0	0	0	0	0	0	812.24	0
31.4878	66.77	52.58	38.72	219.56	61.71	207.24	101.75	64.57	0	0	0	0	0	0	0	0	812.9	0
31.4978	55.77	44.77	31.46	224.18	61.71	216.04	107.25	72.6	0	0	0	0	0	0	0	0	813.78	0
31.5078	44.11	36.96	24.2	228.69	61.71	222.75	112.64	88.77	0	0	0	0	0	0	0	0	819.83	0
31.5178	39.49	31.13	21.78	228.69	61.71	231.55	118.47	98.89	0	0	0	0	0	0	0	0	831.71	0
31.5278	34.76	25.3	19.36	226.49	61.71	238.15	124.52	109.01	0	0	0	0	0	0	0	0	839.3	0
31.5378	34.76	19.47	14.52	221.98	59.4	242.55	130.57	119.35	0	0	0	0	0	0	0	0	842.6	0
31.5478	25.52	15.51	12.1	214.83	57.2	246.95	134.64	125.62	0	0	0	0	0	0	0	0	832.37	0
31.5578	25.52	15.51	12.1	203.06	52.91	249.15	136.62	133.98	3.41	0	0	0	0	0	0	0	828.85	3.41
31.5678	23.21	13.64	9.68	188.87	50.82	249.15	138.6	140.25	8.69	4.62	0	0	0	0	0	0	814.22	13.31
31.5778	20.9	11.66	9.68	169.95	44.44	251.35	136.62	148.61	13.97	9.35	0	0	0	0	0	0	793.21	23.32
31.5878	20.9	11.66	9.68	149.6	40.15	251.35	134.64	152.79	24.53	18.7	0	0	0	0	0	0	770.77	43.23
31.5978	18.59	9.68	7.26	127.27	33.88	253.55	132.55	156.97	77	46.86	7.15	8.47	0	0	0	0	739.75	139.48
31.6078	16.17	9.68	7.26	104.94	27.5	251.35	130.57	163.24	138.49	91.74	14.3	16.94	0	7.04	0	0	710.71	268.51
31.6178	13.86	7.7	7.26	82.83	23.21	249.15	124.52	167.42	153.34	133.1	23.87	48.07	5.5	23.65	0	4.18	675.95	391.71
31.6278	13.86	5.83	4.84	58.63	16.94	240.35	120.45	171.82	175.34	163.13	40.7	62.48	8.25	49.83	5.06	8.47	632.72	513.26
31.6378	11.55	3.85	4.84	41.36	12.65	222.75	116.49	176.44	196.24	175.45	55.11	68.75	11	59.4	12.76	10.56	589.93	589.27
31.6478	6.93	0	4.84	27.5	10.56	189.53	109.01	181.06	203.17	180.29	60.5	71.94	13.75	67.54	28.27	16.94	529.43	642.4
31.6578	0	0	4.84	18.92	8.47	142.01	96.36	178.75	196.24	175.45	63.25	71.94	16.5	72.93	35.97	16.94	449.35	649.22
31.6678	0	0	0	13.75	8.47	98.89	78.21	169.62	193.82	175.45	68.75	75.02	16.5	81.07	43.67	19.03	368.94	673.31
31.6778	0	0	0	8.58	8.47	67.54	61.93	144.43	205.48	185.13	76.89	81.29	19.25	91.96	51.37	23.21	290.95	734.58
31.6878	0	0	0	5.17	6.27	48.84	50.38	92.84	224.07	199.65	90.53	81.29	22	100.1	65.45	27.5	203.5	810.59
31.6978	0	0	0	0	0	37.07	41.25	62.59	251.13	209.33	104.17	84.48	22	105.49	77.33	31.79	140.91	885.72
31.7078	0	0	0	0	0	25.3	33.55	35.31	275.77	216.59	120.78	84.48	24.75	110.99	89.32	33.88	94.16	956.56
31.7178	0	0	0	0	0	17.49	24.42	22.88	296.01	221.43	131.89	84.48	27.5	116.38	98.23	38.06	64.79	1013.98
31.7278	0	0	0	0	0	13.64	15.18	8.8	301.07	223.85	137.5	87.56	30.25	121.88	107.14	40.26	37.62	1049.51
31.7378	0	0	0	0	0	7.81	7.59	0	303.71	226.27	143	90.75	30.25	124.52	115.94	42.35	15.4	1076.79
31.7478	0	0	0	0	0	7.81	6.05	0	301.07	226.27	145.86	97.02	33	130.02	121.77	42.35	13.86	1097.36
31.7578	0	0	0	0	0	7.81	4.51	0	293.48	226.27	145.86	97.02	33	135.41	124.63	46.53	12.32	1102.2
31.7678	0	0	0	0	0	5.83	2.97	0	283.25	221.43	143	100.21	35.75	138.16	130.46	46.53	8.8	1098.79
31.7778	0	0	0	0	0	3.85	0	0	268.4	214.17	140.25	103.29	35.75	140.91	133.32	46.53	3.85	1082.62
31.7878	0	0	0	0	0	3.85	0	0	256.08	209.33	134.64	106.48	35.75	140.91	136.29	46.53	3.85	1066.01
31.7978	0	0	0	0	0	0	0	0	241.23	202.07	126.28	106.48	35.75	143.66	136.29	48.73	0	1040.49
31.8078	0	0	0	0	0	0	0	0	224.07	194.81	120.78	109.56	38.5	143.66	136.29	48.73	0	1016.4
31.8178	0	0	0	0	0	0	0	0	210.1	185.13	112.42	112.75	38.5	143.66	136.29	48.73	0	987.58
31.8278	0	0	0	0	0	0	0	0	193.82	177.87	106.92	112.75	38.5	146.3	139.15	48.73	0	964.04
31.8378	0	0	0	0	0	0	0	0	177.65	168.19	98.67	115.94	38.5	146.3	139.15	50.82	0	935.22
31.8478	0	0	0	0	0	0	0	0	163.9	158.07	93.28	119.02	41.25	149.05	139.15	50.82	0	914.54
31.8578	0	0	0	0	0	0	0	0	151.25	150.59	87.78	119.02	41.25	149.05	142.12	50.82	0	891.88
31.8678	0	0	0	0	0	0	0	0	138.49	143.11	82.39	122.21	41.25	151.8	144.98	52.91	0	877.14
31.8778	0	0	0	0	0	0	0	0	130.02	135.52	76.89	125.4	41.25	157.19	150.81	52.91	0	869.99
31.8878	0	0	0	0	0	0	0	0	119.46	128.04	74.14	131.67	44	159.94	153.67	55.11	0	866.03
31.8978	0	0	0	0	0	0	0	0	111.43	120.56	68.75	134.86	44	165.44	159.5	57.53	0	862.07
31.9078	0	0	0	0	0	0	0	0	103.73	115.5	66	137.94	46.75	170.83	168.3	57.53	0	866.58
31.9178	0	0	0	0	0	0	0	0	96.14	110.66	60.5	141.13	46.75	176.22	177.21	62.37	0	870.98
31.9278	0	0	0	0	0	0	0	0	90.42	105.93	57.75	147.51	49.5	184.25	186.12	64.9	0	886.38
31.9378	0	0	0	0	0	0	0	0	82.72	101.2	55.11	150.59	52.25	189.64	195.14	67.32	0	893.97
31.9478	0	0	0	0	0	0	0	0	75.13	94.05	50.27	156.97	52.25	197.67	204.05	69.74	0	900.13
31.9578	0	0	0	0	0	0	0	0	67.43	89.32	47.85	160.05	55.11	205.81	212.96	74.69	0	913.22
31.9678	0	0	0	0	0	0	0	0	59.84	79.86	43.12	163.24	58.08	211.2	224.73	74.69	0	914.76
31.9778	0	0	0	0	0	0	0	0	52.69	72.82	38.28	169.62	58.08	216.59	233.2	79.53	0	920.81
31.9878	0	0	0	0	0	0	0	0	43.89	65.67	33.44	172.81	61.05	224.73	238.92	81.95	0	922.46
31.9978	0	0	0	0	0	0	0	0	36.85	56.21	26.29	179.19	61.05	230.34	247.39	84.48	0	921.8
32.0078	0	0	0	0	0	0	0	0	31.57	44.55	21.56	182.38	61.05	235.95	255.86	86.9	0	919.82
32.0178	0	0	0	0	0	0	0	0	26.29	35.09	19.14	185.57	64.02	241.45	264.33	89.32	0	925.21
32.0278	0	0	0	0	0	0	0	0	19.25	25.74	14.3	185.57	64.02	247.06	269.94	91.74	0	917.62
32.0378	0	0	0	0	0	0	0	0	21.01	18.7	11.88	185.57	61.05	252.67	275.66	94.27	0	920.81
32.0478	0	0	0	0	0	0	0	0	17.49	11.66	9.57	179.19	58.08	255.42	281.49	99.11	0	912.01
32.0578	0	0	0	0	0	0	0	0	15.73	4.62	7.15	166.43	55.11	258.28	284.46	101.53	0	893.31
32.0678	4.62	0	0	0	0	0	0	0	13.97	4.62	4.73	150.59	49.5	261.03	284.46	104.06	4.62	872.96
32.0778	11.55	0	0	0	0	0	0	0	13.97	0	4.73	134.86	44	263.89	284.46	108.9	11.55	854.81
32.0878	18.59	0	0	0	0	0	0	0	12.21	0	4.73	119.02	38.5	266.64	284.46	113.85	18.59	839.41
32.0978	77.77	5.83	0	0	0	0	0	0	12.21	0	0	100.21	30.25	269.39	278.52	116.05	83.6	806.63
32.1078	220.88	31.13	16.94	6.82	0	5.83	0	0	10.45	0	0	84.48	24.75	269.39	272.8	120.45	281.6	782.32
32.1178	246.73	54.56	31.46	13.75	4.18	5.83	0	0	10.45	0	0	65.67	19.25	266.64	264.33	122.76	356.51	749.1
32.1278	259.6	89.54	58.08	34.43	10.56	17.49	0	0	6.93	0	0	48.07	13.75	261.03	250.14	124.96	469.7	704.88
32.1378	267.41	113.85	77	49.94	16.94	23.43	4.51	5.28	6.93	0	0	33.88	11	244.31	236.06	124.96	558.36	657.14
32.1477	272.58	124.3	88.77	63.03	19.03	31.24	9.13	7.04	5.17	0	0	25.41	8.25	213.84	212.96	122.76	615.12	588.39
32.1577	270.05	126.39	95.81	67.43	21.12	42.9	13.75	8.8	3.41	0	0	14.08	8.25	173.47	189.09	122.76	646.25	511.06
32.1677	267.41	128.48	102.96	71.83	23.21	56.65	19.8	10.56	0	0	0	8.47	8.25	132.77	159.5	116.05	680.9	425.04
32.1777	272.58	134.75	112.42	76.23	27.5	67.54	27.5	12.32	0	0	0	0	8.25	100.1	133.32	101.53	730.84	343.2
32.1877	282.92	141.02	124.74	78.43	29.59	76.56	33.55	14.08	0	0	0	0	8.25	72.93	107.14	84.48	780.89	272.8
32.1977	295.68	147.29	139.59	82.83	33.88	85.47	38.17	15.84	0	0	0	0	8.25	54.56	86.35	59.95	838.75	209.11
32.2077	308.44	151.47	152.02	85.03	33.88	92.18	42.68	15.84	0	0	0	0	8.25	40.37	74.36	46.53	881.54	169.51
32.2177	316.14	157.74	161.92	89.54	35.97	98.89	45.76	19.36	0	0	0	0	5.5	30.8	62.48	33.88	925.32	132.66
32.2277	318.67	159.83	166.87	96.14	38.06	105.6	48.84	19.36	0	0	0	0	0	23.65	51.37	29.59	953.37	104.61
32.2377	318.67	161.92	169.29	100.54	38.06	110.11	50.38	21.12	0	0	0	0	0	18.92	41.03	23.21	970.09	83.16
32.2477	313.61	164.01	166.87	104.94	40.15	114.51	50.38	21.12	0	0	0	0	0	11.88	25.63	10.56	975.59	48.07
32.2577	305.91	164.01	164.34	111.54	40.15	118.69	50.38	22.88	0	0	0	0	0	4.73	7.7	0	977.9	12.43
32.2677	298.21	164.01	156.97	118.25	40.15	122.98	51.92	24.64	0	0	0	0	0	0	5.06	0	977.13	5.06
32.2777	285.45	161.92	149.49	124.96	40.15	125.07	50.38	24.64	0	0	0	0	0	0	5.06	0	962.06	5.06
32.2877	270.05	159.83	142.12	129.47	40.15	127.16	50.38	24.64	0	0	0	0	0	0	5.06	0	943.8	5.06
32.2977	257.07	155.65	134.64	136.18	40.15	127.16	50.38	26.4	0	0	0	0	0	0	0	0	927.63	0
32.3077	241.45	151.47	124.74	138.38	40.15	129.25	48.84	26.4	0	0	0	0	0	0	0	0	900.68	0
32.3177	228.58	145.2	117.37	145.09	40.15	129.25	48.84	26.4	0	0	0	0	0	0	0	0	880.88	0
32.3277	216.04	141.02	110	147.4	40.15	131.45	48.84	26.4	0	0	0	0	0	0	0	0	861.3	0
32.3377	203.94	134.75	105.27	151.8	40.15	131.45	48.84	28.27	0	0	0	0	0	0	0	0	844.47	0
32.3477	191.73	130.57	98.23	154.11	40.15	131.45	48.84	28.27	0	0	0	0	0	0	0	0	823.35	0
32.3577	182.05	124.3	93.5	156.31	42.35	133.54	50.38	28.27	0	0	0	0	0	0	0	0	810.7	0
32.3677	172.37	120.12	88.77	160.82	40.15	135.63	50.38	30.03	0	0	0	0	0	0	0	0	798.27	0
32.3777	162.58	113.85	84.04	163.02	42.35	137.72	51.92	30.03	0	0	0	0	0	0	0	0	785.51	0
32.3877	152.68	109.34	79.31	167.64	44.44	139.92	53.46	30.03	0	0	0	0	0	0	0	0	776.82	0
32.3977	142.89	102.74	74.58	169.95	44.44	144.1	55	31.79	0	0	0	0	0	0	0	0	765.49	0
32.4077	135.52	98.34	72.27	172.37	44.44	146.19	58.3	33.55	0	0	0	0	0	0	0	0	760.98	0
32.4177	128.15	91.74	67.54	174.68	46.53	150.48	60.06	33.55	0	0	0	0	0	0	0	0	752.73	0
32.4277	118.36	85.14	65.12	179.41	46.53	156.86	63.69	35.31	0	0	0	0	0	0	0	0	750.42	0
32.4377	110.99	80.74	62.81	181.83	48.62	163.13	69.19	37.07	0	0	0	0	0	0	0	0	754.38	0
32.4477	102.08	74.14	58.08	186.56	50.82	169.73	72.82	38.83	0	0	0	0	0	0	0	0	753.06	0
32.4577	93.28	67.54	53.24	191.29	50.82	178.53	78.21	42.35	0	0	0	0	0	0	0	0	755.26	0
32.4677	84.48	63.14	48.4	195.91	52.91	187.33	83.71	45.87	0	0	0	0	0	0	0	0	761.75	0
32.4777	73.37	54.56	43.56	200.64	52.91	196.24	89.1	51.15	0	0	0	0	0	0	0	0	761.53	0
32.4877	64.57	48.73	36.3	205.37	55	205.04	94.49	56.54	0	0	0	0	0	0	0	0	766.04	0
32.4977	55.77	42.79	31.46	207.79	55	211.64	99.99	64.57	0	0	0	0	0	0	0	0	769.01	0
32.5077	46.42	36.96	24.2	212.52	55	220.55	105.38	72.6	0	0	0	0	0	0	0	0	773.63	0
32.5177	39.49	31.13	21.78	214.83	57.2	227.15	110.88	80.74	0	0	0	0	0	0	0	0	783.2	0
32.5277	34.76	27.28	19.36	214.83	57.2	233.75	114.51	96.91	0	0	0	0	0	0	0	0	798.6	0
32.5377	32.45	23.32	16.94	214.83	55	240.35	120.45	104.94	0	0	0	0	0	0	0	0	808.28	0
32.5477	27.83	19.47	14.52	214.83	55	244.75	124.52	115.17	0	0	0	0	0	0	0	0	816.09	0
32.5577	25.52	15.51	12.1	210.1	52.91	251.35	128.59	121.44	0	0	0	0	0	0	0	0	817.52	0
32.5677	23.21	13.64	9.68	203.06	52.91	253.55	130.57	127.71	0	0	0	0	0	0	0	0	814.33	0
32.5777	23.21	13.64	9.68	193.6	48.62	255.75	132.55	136.07	0	0	0	0	0	0	0	0	813.12	0
32.5877	20.9	11.66	9.68	181.83	46.53	257.95	132.55	140.25	3.41	0	0	0	0	0	0	0	801.35	3.41
32.5977	20.9	11.66	7.26	163.02	42.35	260.15	134.64	148.61	6.93	4.62	0	0	0	0	0	0	788.59	11.55
32.6077	18.59	11.66	7.26	145.09	35.97	262.35	130.57	156.97	10.45	9.35	0	0	0	0	0	0	768.46	19.8
32.6177	18.59	9.68	7.26	124.96	31.68	262.35	128.59	163.24	17.49	16.39	0	0	0	0	0	0	746.35	33.88
32.6277	16.17	9.68	7.26	107.14	27.5	264.55	124.52	167.42	26.29	23.43	0	0	0	0	0	0	724.24	49.72
32.6377	16.17	7.7	4.84	89.54	23.21	262.35	118.47	171.82	78.98	53.9	7.15	11.22	0	0	0	0	694.1	151.25
32.6477	13.86	5.83	4.84	71.83	19.03	262.35	114.51	176.44	140.69	101.2	19.14	28.27	0	9.46	5.06	0	668.69	303.82
32.6577	11.55	5.83	4.84	53.35	12.65	253.55	109.01	181.06	170.72	143.11	35.86	56.54	8.25	40.37	7.7	10.56	631.84	473.11
32.6677	9.24	3.85	0	39.6	10.56	235.95	103.62	185.68	207.79	170.61	57.75	68.75	11	59.4	17.93	12.65	588.5	605.88
32.6777	6.93	0	4.84	27.5	6.27	202.84	96.36	190.3	236.28	182.71	74.14	75.02	16.5	72.93	41.03	16.94	535.04	715.55
32.6877	0	0	0	18.92	6.27	150.48	85.47	187.99	236.28	185.13	76.89	78.21	16.5	78.32	46.2	21.12	449.13	738.65
32.6977	0	0	0	13.75	6.27	101.2	70.95	176.44	224.07	182.71	79.64	81.29	19.25	89.21	51.37	23.21	368.61	750.75
32.7077	0	0	0	10.34	8.47	69.74	58.3	146.52	219.34	185.13	82.39	87.56	19.25	100.1	62.48	27.5	293.37	783.75
32.7177	0	0	0	5.17	6.27	50.71	48.84	92.84	226.49	194.81	93.28	93.94	22	116.38	74.36	29.59	203.83	850.85
32.7277	0	0	0	0	4.18	37.07	41.25	62.59	238.81	204.49	104.17	100.21	22	127.27	89.32	35.97	145.09	922.24
32.7377	0	0	0	0	0	27.28	33.55	35.31	251.13	211.75	115.17	103.29	24.75	135.41	104.17	38.06	96.14	983.73
32.7477	0	0	0	0	0	19.47	25.96	22.88	263.45	216.59	129.14	109.56	27.5	143.66	115.94	42.35	68.31	1048.19
32.7577	0	0	0	0	0	13.64	16.72	10.56	268.4	221.43	131.89	115.94	30.25	151.8	127.6	44.44	40.92	1091.75
32.7677	0	0	0	0	0	9.68	9.13	0	263.45	221.43	131.89	122.21	30.25	159.94	133.32	46.53	18.81	1109.02
32.7777	0	0	0	0	0	7.81	6.05	0	251.13	223.85	131.89	131.67	30.25	165.44	136.29	46.53	13.86	1117.05
32.7877	0	0	0	0	0	7.81	4.51	0	238.81	221.43	126.28	137.94	30.25	173.47	136.29	48.73	12.32	1113.2
32.7977	0	0	0	0	0	5.83	2.97	0	224.07	216.59	120.78	147.51	33	178.86	139.15	48.73	8.8	1108.69
32.8077	0	0	0	0	0	5.83	2.97	0	207.79	206.91	112.42	150.59	33	181.61	139.15	50.82	8.8	1082.29
32.8177	0	0	0	0	0	3.85	2.97	0	189.2	197.23	104.17	156.97	33	184.25	139.15	50.82	6.82	1054.79
32.8277	0	0	0	0	0	3.85	0	0	173.03	187.55	93.28	163.24	33	187	136.29	52.91	3.85	1026.3
32.8377	0	0	0	0	0	0	0	0	157.63	177.87	85.03	163.24	33	187	136.29	52.91	0	992.97
32.8477	0	0	0	0	0	0	0	0	142.78	165.66	79.64	166.43	33	187	136.29	52.91	0	963.71
32.8577	0	0	0	0	0	0	0	0	130.02	153.12	71.39	169.62	33	187	136.29	52.91	0	933.35
32.8677	0	0	0	0	0	0	0	0	117.37	143.11	66	169.62	33	189.64	136.29	52.91	0	907.94
32.8777	0	0	0	0	0	0	0	0	107.58	135.52	57.75	169.62	33	189.64	136.29	52.91	0	882.31
32.8877	0	0	0	0	0	0	0	0	98.01	125.51	55.11	169.62	33	189.64	139.15	55.11	0	865.15
32.8977	0	0	0	0	0	0	0	0	90.42	115.5	50.27	172.81	35.75	189.64	139.15	55.11	0	848.65
32.9077	0	0	0	0	0	0	0	0	80.85	108.24	45.43	172.81	35.75	192.39	142.12	55.11	0	832.7
32.9177	0	0	0	0	0	0	0	0	73.15	98.78	43.12	172.81	35.75	195.03	142.12	55.11	0	815.87
32.9277	0	0	0	0	0	0	0	0	67.43	94.05	38.28	176	35.75	197.67	144.98	57.53	0	811.69
32.9377	0	0	0	0	0	0	0	0	61.71	89.32	35.86	179.19	35.75	200.42	150.81	57.53	0	810.59
32.9477	0	0	0	0	0	0	0	0	56.21	82.28	33.44	182.38	35.75	203.06	153.67	59.95	0	806.74
32.9577	0	0	0	0	0	0	0	0	50.93	77.55	31.13	188.76	38.5	208.45	159.5	59.95	0	814.77
32.9677	0	0	0	0	0	0	0	0	47.41	75.13	28.71	191.95	38.5	213.84	165.33	62.37	0	823.24
32.9777	0	0	0	0	0	0	0	0	42.13	68.09	26.29	195.14	41.25	219.23	171.27	64.9	0	828.3
32.9877	0	0	0	0	0	0	0	0	38.61	63.36	23.87	201.63	41.25	224.73	180.18	67.32	0	840.95
32.9977	0	0	0	0	0	0	0	0	33.33	58.63	21.56	204.82	44	230.34	189.09	67.32	0	849.09
33.0077	0	0	0	0	0	0	0	0	29.81	51.59	21.56	208.01	44	238.7	195.14	72.16	0	860.97
33.0177	0	0	0	0	0	0	0	0	28.05	44.55	19.14	214.39	44	244.31	207.02	74.69	0	876.15
33.0277	0	0	0	0	0	0	0	0	24.53	37.51	16.72	217.58	46.75	252.67	215.93	77.11	0	888.8
33.0377	0	0	0	0	0	0	0	0	22.77	35.09	14.3	217.58	46.75	258.28	221.98	79.53	0	896.28
33.0477	0	0	0	0	0	0	0	0	21.01	28.05	11.88	220.77	46.75	263.89	230.45	84.48	0	907.28
33.0577	0	0	0	0	0	0	0	0	21.01	23.43	11.88	220.77	46.75	269.39	236.06	86.9	0	916.19
33.0677	0	0	0	0	0	0	0	0	17.49	16.39	9.57	217.58	46.75	275	244.53	89.32	0	916.63
33.0777	0	0	0	0	0	0	0	0	15.73	9.35	7.15	211.2	46.75	277.86	247.39	91.74	0	907.17
33.0877	0	0	0	0	0	0	0	0	13.97	6.93	4.73	201.63	44	277.86	253	94.27	0	896.39
33.0977	0	0	0	0	0	0	0	0	12.21	4.62	4.73	182.38	38.5	277.86	255.86	96.69	0	872.85
33.1077	0	0	0	0	0	0	0	0	12.21	4.62	4.73	166.43	35.75	280.61	255.86	99.11	0	859.32
33.1177	4.62	0	0	0	0	0	0	0	12.21	0	4.73	144.32	30.25	280.61	255.86	104.06	4.62	832.04
33.1277	16.17	0	0	0	0	0	0	0	10.45	0	0	125.4	24.75	280.61	255.86	106.48	16.17	803.55
33.1377	44.11	0	0	0	0	0	0	0	10.45	0	0	106.48	22	280.61	253	111.32	44.11	783.86
33.1477	189.31	25.3	7.26	5.17	0	5.83	0	0	10.45	0	0	87.56	16.5	280.61	250.14	113.85	232.87	759.11
33.1577	259.6	52.58	21.78	11.99	4.18	7.81	0	0	8.69	0	0	68.75	13.75	280.61	244.53	116.05	357.94	732.38
33.1677	257.07	85.14	41.14	27.5	8.47	13.64	0	0	8.69	0	0	50.82	11	272.25	233.2	116.05	432.96	692.01
33.1777	267.41	126.39	69.85	46.53	14.74	23.43	2.97	0	6.93	0	0	36.74	8.25	252.67	221.98	118.25	551.32	644.82
33.1877	270.05	145.2	86.35	67.43	19.03	33.22	7.59	5.28	5.17	0	0	28.27	8.25	221.98	204.05	120.45	634.15	588.17
33.1977	280.39	153.56	95.81	78.43	23.21	42.9	13.75	8.8	0	0	0	19.8	8.25	181.61	183.15	118.25	696.85	511.06
33.2077	282.92	155.65	105.27	82.83	25.41	54.67	19.8	10.56	0	0	0	11.22	8.25	140.91	156.53	116.05	737.11	432.96
33.2177	280.39	159.83	112.42	87.34	29.59	67.54	25.96	12.32	0	0	0	5.61	8.25	108.24	130.46	101.53	775.39	354.09
33.2277	282.92	164.01	119.79	91.74	31.68	76.56	30.47	14.08	0	0	0	0	8.25	78.32	104.17	81.95	811.25	272.69
33.2377	293.15	170.61	129.69	96.14	33.88	83.27	35.09	15.84	0	0	0	0	8.25	56.98	83.27	59.95	857.67	208.45
33.2477	300.85	179.63	139.59	102.74	35.97	89.98	39.71	17.6	0	0	0	0	5.5	40.37	71.39	44.44	906.07	161.7
33.2577	308.44	184.25	147.07	109.34	38.06	96.69	41.25	19.36	0	0	0	0	5.5	30.8	59.51	33.88	944.46	129.69
33.2677	311.08	190.96	149.49	116.05	38.06	101.2	42.68	21.12	0	0	0	0	0	23.65	51.37	29.59	970.64	104.61
33.2777	308.44	195.58	149.49	124.96	38.06	105.6	42.68	21.12	0	0	0	0	0	18.92	41.03	21.12	985.93	81.07
33.2877	303.38	197.78	147.07	131.67	40.15	110.11	44.22	21.12	0	0	0	0	0	11.88	28.27	12.65	995.5	52.8
33.2977	295.68	197.78	142.12	140.69	40.15	112.42	44.22	21.12	0	0	0	0	0	4.73	10.23	0	994.18	14.96
33.3077	282.92	195.58	137.17	147.4	40.15	114.51	44.22	22.88	0	0	0	0	0	0	0	0	984.83	0
33.3177	270.05	193.27	129.69	154.11	40.15	116.6	44.22	22.88	0	0	0	0	0	0	0	0	970.97	0
33.3277	257.07	186.45	122.32	160.82	40.15	118.69	44.22	22.88	0	0	0	0	0	0	0	0	952.6	0
33.3377	244.09	181.94	117.37	165.33	40.15	120.78	44.22	22.88	0	0	0	0	0	0	0	0	936.76	0
33.3477	231.11	175.12	110	169.95	42.35	120.78	42.68	22.88	0	0	0	0	0	0	0	0	914.87	0
33.3577	218.46	170.61	105.27	172.37	40.15	120.78	42.68	22.88	0	0	0	0	0	0	0	0	893.2	0
33.3677	208.78	164.01	98.23	177.1	42.35	120.78	42.68	22.88	0	0	0	0	0	0	0	0	876.81	0
33.3777	199.1	159.83	93.5	179.41	42.35	120.78	42.68	22.88	0	0	0	0	0	0	0	0	860.53	0
33.3877	189.31	153.56	88.77	181.83	42.35	120.78	41.25	24.64	0	0	0	0	0	0	0	0	842.49	0
33.3977	179.63	149.38	84.04	184.14	42.35	120.78	41.25	24.64	0	0	0	0	0	0	0	0	826.21	0
33.4077	172.37	145.2	81.73	188.87	40.15	120.78	41.25	24.64	0	0	0	0	0	0	0	0	814.99	0
33.4177	165	141.02	77	193.6	40.15	120.78	39.71	24.64	0	0	0	0	0	0	0	0	801.9	0
33.4277	160.05	136.84	74.58	195.91	42.35	120.78	41.25	24.64	0	0	0	0	0	0	0	0	796.4	0
33.4377	155.21	132.66	69.85	198.33	42.35	122.98	39.71	24.64	0	0	0	0	0	0	0	0	785.73	0
33.4477	150.26	130.57	69.85	203.06	42.35	125.07	41.25	24.64	0	0	0	0	0	0	0	0	787.05	0
33.4577	142.89	128.48	67.54	207.79	42.35	127.16	41.25	24.64	0	0	0	0	0	0	0	0	782.1	0
33.4677	140.47	124.3	65.12	212.52	42.35	129.25	42.68	24.64	0	0	0	0	0	0	0	0	781.33	0
33.4777	133.1	120.12	62.81	217.25	44.44	131.45	42.68	26.4	0	0	0	0	0	0	0	0	778.25	0
33.4877	130.57	118.03	62.81	224.18	44.44	135.63	44.22	26.4	0	0	0	0	0	0	0	0	786.28	0
33.4977	125.73	113.85	58.08	228.69	44.44	139.92	45.76	26.4	0	0	0	0	0	0	0	0	782.87	0
33.5077	118.36	109.34	55.77	231	46.53	144.1	47.3	26.4	0	0	0	0	0	0	0	0	778.8	0
33.5177	110.99	102.74	53.24	235.51	46.53	148.39	48.84	28.27	0	0	0	0	0	0	0	0	774.51	0
33.5277	104.28	98.34	50.82	240.13	48.62	154.66	51.92	28.27	0	0	0	0	0	0	0	0	777.04	0
33.5377	99.88	91.74	50.82	242.33	48.62	161.04	55	30.03	0	0	0	0	0	0	0	0	779.46	0
33.5477	91.08	82.94	48.4	242.33	50.82	169.73	60.06	31.79	0	0	0	0	0	0	0	0	777.15	0
33.5577	84.48	76.34	43.56	246.84	52.91	178.53	65.56	33.55	0	0	0	0	0	0	0	0	781.77	0
33.5677	77.77	71.94	41.14	251.46	55	189.53	70.95	37.07	0	0	0	0	0	0	0	0	794.86	0
33.5776	68.97	63.14	36.3	253.66	57.2	200.64	78.21	40.59	0	0	0	0	0	0	0	0	798.71	0
33.5876	60.17	54.56	31.46	258.28	57.2	211.64	87.23	45.87	0	0	0	0	0	0	0	0	806.41	0
33.5976	51.04	46.75	26.62	260.48	59.4	222.75	94.49	51.15	0	0	0	0	0	0	0	0	812.68	0
33.6076	41.8	38.94	21.78	262.79	59.4	233.75	103.62	58.52	0	0	0	0	0	0	0	0	820.6	0
33.6176	37.18	33.11	16.94	260.48	59.4	244.75	110.88	66.55	0	0	0	0	0	0	0	0	829.29	0
33.6276	32.45	27.28	16.94	258.28	59.4	253.55	118.47	76.67	0	0	0	0	0	0	0	0	843.04	0
33.6376	27.83	21.34	12.1	251.46	57.2	260.15	124.52	86.79	0	0	0	0	0	0	0	0	841.39	0
33.6476	23.21	17.49	12.1	242.33	52.91	264.55	130.57	104.94	3.41	0	0	0	0	0	0	0	848.1	3.41
33.6576	23.21	15.51	9.68	228.69	50.82	271.15	130.57	115.17	8.69	6.93	0	0	0	0	0	0	844.8	15.62
33.6676	20.9	15.51	9.68	212.52	46.53	275.55	130.57	123.53	13.97	11.66	0	0	0	0	0	0	834.79	25.63
33.6776	20.9	13.64	7.26	191.29	40.15	277.86	128.59	129.8	28.05	21.01	0	0	0	0	0	0	809.49	49.06
33.6876	18.59	13.64	7.26	165.33	35.97	279.84	124.52	136.07	82.72	49.17	7.15	8.47	0	0	0	0	781.22	147.51
33.6976	16.17	11.66	7.26	138.38	27.5	279.84	122.54	144.43	132.22	87.01	16.72	31.02	0	11.88	5.06	0	747.78	283.91
33.7076	16.17	9.68	4.84	107.14	23.21	277.86	118.47	154.88	151.25	113.08	31.13	45.21	8.25	35.64	5.06	6.27	712.25	395.89
33.7176	13.86	7.7	4.84	78.43	16.94	268.95	112.64	161.15	179.96	135.52	50.27	53.68	11	47.52	10.23	10.56	664.51	498.74
33.7276	11.55	5.83	4.84	51.7	12.65	249.15	110.88	167.42	205.48	145.64	66	59.4	13.75	56.98	28.27	14.74	614.02	590.26
33.7376	6.93	3.85	4.84	34.43	8.47	213.84	103.62	169.62	212.41	148.06	74.14	62.48	16.5	62.04	35.97	19.03	545.6	630.63
33.7476	0	0	0	24.09	6.27	156.86	90.86	169.62	210.1	145.64	76.89	59.4	19.25	64.79	41.03	21.12	447.7	638.22
33.7576	0	0	0	17.16	8.47	105.6	72.82	161.15	210.1	145.64	82.39	62.48	19.25	72.93	48.73	23.21	365.2	664.73
33.7676	0	0	0	11.99	8.47	67.54	56.54	133.98	219.34	150.59	90.53	65.67	22	78.32	56.54	27.5	278.52	710.49
33.7776	0	0	0	6.82	4.18	48.84	47.3	82.72	241.23	160.6	104.17	65.67	22	86.46	68.42	31.79	189.86	780.34
33.7876	0	0	0	3.41	0	35.09	38.17	56.54	265.87	170.61	117.92	68.75	24.75	91.96	77.33	33.88	133.21	851.07
33.7976	0	0	0	0	0	25.3	30.47	31.79	290.84	180.29	131.89	71.94	27.5	97.35	89.32	38.06	87.56	927.19
33.8076	0	0	0	0	0	17.49	19.8	19.36	306.24	187.55	140.25	75.02	33	102.74	98.23	40.26	56.65	983.29
33.8176	0	0	0	0	0	11.66	10.67	5.28	313.94	194.81	145.86	78.21	33	108.24	107.14	42.35	27.61	1023.55
33.8276	0	0	0	0	0	7.81	4.51	0	313.94	197.23	148.61	81.29	35.75	113.63	113.08	44.44	12.32	1047.97
33.8376	0	0	0	0	0	7.81	2.97	0	308.77	199.65	151.36	87.56	38.5	119.13	121.77	46.53	10.78	1073.27
33.8476	0	0	0	0	0	7.81	0	0	301.07	199.65	148.61	90.75	38.5	121.88	127.6	48.73	7.81	1076.79
33.8576	0	0	0	0	0	5.83	0	0	290.84	197.23	145.86	93.94	41.25	127.27	130.46	48.73	5.83	1075.58
33.8676	0	0	0	0	0	3.85	0	0	278.19	192.39	143	93.94	41.25	130.02	136.29	48.73	3.85	1063.81
33.8776	0	0	0	0	0	3.85	0	0	263.45	187.55	137.5	97.02	41.25	132.77	139.15	50.82	3.85	1049.51
33.8876	0	0	0	0	0	0	0	0	248.6	182.71	131.89	100.21	44	135.41	142.12	50.82	0	1035.76
33.8976	0	0	0	0	0	0	0	0	233.86	175.45	126.28	103.29	44	135.41	142.12	50.82	0	1011.23
33.9076	0	0	0	0	0	0	0	0	219.34	168.19	117.92	103.29	44	135.41	144.98	50.82	0	983.95
33.9176	0	0	0	0	0	0	0	0	205.48	160.6	112.42	103.29	44	138.16	147.84	52.91	0	964.7
33.9276	0	0	0	0	0	0	0	0	189.2	153.12	104.17	106.48	46.75	138.16	150.81	52.91	0	941.6
33.9376	0	0	0	0	0	0	0	0	175.34	145.64	98.67	106.48	46.75	140.91	153.67	52.91	0	920.37
33.9476	0	0	0	0	0	0	0	0	163.9	138.05	93.28	109.56	46.75	143.66	156.53	52.91	0	904.64
33.9576	0	0	0	0	0	0	0	0	153.34	133.1	87.78	112.75	49.5	146.3	159.5	55.11	0	897.38
33.9676	0	0	0	0	0	0	0	0	142.78	125.51	85.03	112.75	49.5	149.05	165.33	57.53	0	887.48
33.9776	0	0	0	0	0	0	0	0	132.22	120.56	79.64	115.94	52.25	151.8	171.27	57.53	0	881.21
33.9876	0	0	0	0	0	0	0	0	121.55	113.08	76.89	119.02	52.25	157.19	180.18	59.95	0	880.11
33.9976	0	0	0	0	0	0	0	0	113.3	108.24	71.39	122.21	55.11	162.69	189.09	62.37	0	884.4
34.0076	0	0	0	0	0	0	0	0	105.71	101.2	68.75	128.48	58.08	168.19	198.11	64.9	0	893.42
34.0176	0	0	0	0	0	0	0	0	96.14	96.47	63.25	131.67	58.08	176.22	209.99	67.32	0	899.14
34.0276	0	0	0	0	0	0	0	0	88.44	91.74	60.5	134.86	61.05	181.61	218.9	72.16	0	909.26
34.0376	0	0	0	0	0	0	0	0	78.98	84.59	52.69	141.13	64.02	187	227.59	74.69	0	910.69
34.0476	0	0	0	0	0	0	0	0	69.41	77.55	47.85	144.32	64.02	195.03	238.92	79.53	0	916.63
34.0576	0	0	0	0	0	0	0	0	59.84	70.4	43.12	150.59	66.99	200.42	247.39	81.95	0	920.7
34.0676	0	0	0	0	0	0	0	0	50.93	63.36	38.28	153.78	66.99	205.81	255.86	84.48	0	919.49
34.0776	0	0	0	0	0	0	0	0	42.13	53.9	33.44	156.97	69.96	211.2	264.33	86.9	0	918.83
34.0876	0	0	0	0	0	0	0	0	35.09	44.55	26.29	160.05	69.96	216.59	272.8	91.74	0	917.07
34.0976	0	0	0	0	0	0	0	0	29.81	35.09	21.56	163.24	72.93	221.98	278.52	91.74	0	914.87
34.1076	0	0	0	0	0	0	0	0	26.29	28.05	19.14	166.43	72.93	227.48	287.43	94.27	0	922.02
34.1176	0	0	0	0	0	0	0	0	22.77	21.01	14.3	163.24	69.96	230.34	296.34	96.69	0	914.65
34.1276	0	0	0	0	0	0	0	0	21.01	13.97	14.3	160.05	69.96	235.95	302.28	99.11	0	916.63
34.1376	0	0	0	0	0	0	0	0	17.49	6.93	9.57	153.78	66.99	238.7	308.22	101.53	0	903.21
34.1476	0	0	0	0	0	0	0	0	15.73	0	7.15	141.13	61.05	238.7	311.19	104.06	0	879.01
34.1576	4.62	0	0	0	0	0	0	0	13.97	0	4.73	128.48	58.08	241.45	314.16	106.48	4.62	867.35
34.1676	9.24	0	0	0	0	0	0	0	13.97	0	4.73	115.94	49.5	241.45	314.16	108.9	9.24	848.65
34.1776	30.14	0	0	0	0	0	0	0	12.21	0	4.73	100.21	41.25	244.31	311.19	113.85	30.14	827.75
34.1876	118.36	7.7	0	0	0	0	0	0	12.21	0	4.73	87.56	35.75	247.06	308.22	116.05	126.06	811.58
34.1976	246.73	33.11	16.94	8.58	0	5.83	0	0	10.45	0	0	71.94	27.5	247.06	299.31	120.45	311.19	776.71
34.2076	246.73	54.56	29.04	11.99	4.18	5.83	0	0	10.45	0	0	56.54	22	247.06	287.43	124.96	352.33	748.44
34.2176	251.9	85.14	53.24	27.5	10.56	13.64	0	0	8.69	0	0	39.6	16.5	235.95	275.66	124.96	441.98	701.36
34.2276	257.07	111.54	72.27	43.01	14.74	23.43	2.97	3.52	6.93	0	0	28.27	13.75	221.98	261.47	127.16	528.55	659.56
34.2376	259.6	122.21	84.04	56.87	19.03	27.28	9.13	8.8	5.17	0	0	16.94	11	189.64	241.67	129.47	586.96	593.89
34.2476	267.41	128.48	93.5	60.83	21.12	35.09	12.21	8.8	3.41	0	0	8.47	11	151.8	215.93	127.16	627.44	517.77
34.2576	270.05	130.57	105.27	65.23	23.21	46.86	18.26	12.32	0	0	0	0	8.25	116.38	180.18	122.76	671.77	427.57
34.2676	277.86	134.75	119.79	67.43	27.5	56.65	24.42	14.08	0	0	0	0	8.25	89.21	142.12	111.32	722.48	350.9
34.2776	290.62	138.93	134.64	67.43	31.68	65.34	33.55	15.84	0	0	0	0	11	64.79	110.22	91.74	778.03	277.75
34.2876	305.91	143.11	152.02	67.43	35.97	72.05	39.71	19.36	0	0	0	0	11	47.52	89.32	69.74	835.56	217.58
34.2976	321.31	147.29	166.87	69.63	38.06	76.56	44.22	21.12	0	0	0	0	8.25	35.64	74.36	52.91	885.06	171.16
34.3076	334.07	149.38	181.83	69.63	40.15	78.76	47.3	22.88	0	0	0	0	5.5	23.65	62.48	40.26	924	131.89
34.3176	341.99	151.47	191.84	71.83	40.15	83.27	50.38	24.64	0	0	0	0	0	18.92	51.37	33.88	955.57	104.17
34.3276	344.63	153.56	199.32	74.03	42.35	87.67	53.46	26.4	0	0	0	0	0	14.19	41.03	23.21	981.42	78.43
34.3376	344.63	153.56	199.32	76.23	42.35	89.98	55	28.27	0	0	0	0	0	9.46	23.1	10.56	989.34	43.12
34.3476	339.35	153.56	199.32	78.43	44.44	92.18	56.54	30.03	0	0	0	0	0	7.04	15.4	6.27	993.85	28.71
34.3576	334.07	153.56	194.37	80.63	44.44	94.49	56.54	30.03	0	0	0	0	0	4.73	12.76	4.18	988.13	21.67
34.3676	323.84	151.47	189.31	82.83	44.44	94.49	58.3	31.79	0	0	0	0	0	4.73	10.23	4.18	976.47	19.14
34.3776	316.14	147.29	184.25	85.03	44.44	94.49	58.3	31.79	0	0	0	0	0	0	7.7	0	961.73	7.7
34.3876	303.38	145.2	176.77	85.03	44.44	96.69	60.06	33.55	0	0	0	0	0	0	5.06	0	945.12	5.06
34.3976	295.68	141.02	169.29	87.34	46.53	96.69	60.06	33.55	0	0	0	0	0	0	0	0	930.16	0
34.4076	282.92	134.75	164.34	87.34	46.53	96.69	60.06	33.55	0	0	0	0	0	0	0	0	906.18	0
34.4176	272.58	130.57	156.97	87.34	46.53	96.69	61.93	33.55	0	0	0	0	0	0	0	0	886.16	0
34.4276	259.6	124.3	152.02	87.34	46.53	96.69	61.93	35.31	0	0	0	0	0	0	0	0	863.72	0
34.4376	249.26	120.12	147.07	87.34	48.62	96.69	63.69	35.31	0	0	0	0	0	0	0	0	848.1	0
34.4476	238.92	115.94	139.59	89.54	48.62	96.69	65.56	35.31	0	0	0	0	0	0	0	0	830.17	0
34.4576	231.11	113.85	134.64	89.54	50.82	98.89	67.32	35.31	0	0	0	0	0	0	0	0	821.48	0
34.4676	220.88	109.34	132.22	91.74	50.82	98.89	67.32	37.07	0	0	0	0	0	0	0	0	808.28	0
34.4776	213.62	104.94	127.27	93.94	50.82	101.2	69.19	37.07	0	0	0	0	0	0	0	0	798.05	0
34.4876	206.36	102.74	122.32	96.14	52.91	103.4	70.95	37.07	0	0	0	0	0	0	0	0	791.89	0
34.4976	199.1	100.54	119.79	98.34	52.91	105.6	72.82	38.83	0	0	0	0	0	0	0	0	787.93	0
34.5076	191.73	96.14	117.37	102.74	55	110.11	76.45	38.83	0	0	0	0	0	0	0	0	788.37	0
34.5176	184.47	93.94	114.84	107.14	55	114.51	78.21	40.59	0	0	0	0	0	0	0	0	788.7	0
34.5276	174.79	91.74	112.42	111.54	55	120.78	83.71	42.35	0	0	0	0	0	0	0	0	792.33	0
34.5376	165	87.34	107.69	116.05	57.2	127.16	87.23	44.11	0	0	0	0	0	0	0	0	791.78	0
34.5476	155.21	85.14	102.96	122.76	59.4	133.54	90.86	45.87	0	0	0	0	0	0	0	0	795.74	0
34.5576	145.31	80.74	98.23	127.27	59.4	139.92	96.36	47.63	0	0	0	0	0	0	0	0	794.86	0
34.5676	133.1	76.34	93.5	131.67	61.71	148.39	99.99	49.39	0	0	0	0	0	0	0	0	794.09	0
34.5776	123.2	69.74	86.35	138.38	64.02	156.86	107.25	52.91	0	0	0	0	0	0	0	0	798.71	0
34.5876	113.41	65.34	79.31	142.89	66.33	165.33	112.64	56.54	0	0	0	0	0	0	0	0	801.79	0
34.5976	102.08	58.74	72.27	149.6	66.33	176.33	120.45	60.5	0	0	0	0	0	0	0	0	806.3	0
34.6076	88.88	54.56	62.81	156.31	68.64	185.13	128.59	66.55	0	0	0	0	0	0	0	0	811.47	0
34.6176	75.57	46.75	53.24	160.82	70.95	196.24	136.62	74.69	0	0	0	0	0	0	0	0	814.88	0
34.6276	62.37	38.94	41.14	167.64	73.26	205.04	144.65	86.79	0	0	0	0	0	0	0	0	819.83	0
34.6376	48.73	31.13	31.46	169.95	73.26	213.84	154.77	96.91	0	0	0	0	0	0	0	0	820.05	0
34.6476	39.49	25.3	24.2	172.37	75.57	220.55	162.8	106.92	0	0	0	0	0	0	0	0	827.2	0
34.6576	34.76	21.34	19.36	169.95	73.26	227.15	170.94	117.26	0	0	0	0	0	0	0	0	834.02	0
34.6676	32.45	15.51	16.94	165.33	70.95	231.55	177.21	123.53	3.41	0	0	0	0	0	0	0	833.47	3.41
34.6776	27.83	13.64	14.52	154.11	68.64	233.75	181.28	131.89	6.93	0	0	0	0	0	0	0	825.66	6.93
34.6876	25.52	11.66	12.1	142.89	61.71	233.75	183.37	136.07	12.21	0	0	0	0	0	0	0	807.07	12.21
34.6976	23.21	9.68	9.68	124.96	55	233.75	181.28	144.43	19.25	11.66	0	0	0	0	0	0	781.99	30.91
34.7076	20.9	9.68	9.68	107.14	46.53	233.75	175.12	150.7	49.17	32.78	4.73	5.61	0	0	0	0	753.5	92.29
34.7176	20.9	7.7	7.26	87.34	38.06	233.75	170.94	154.88	123.75	77.55	11.88	14.08	0	4.73	0	0	720.83	231.99
34.7276	18.59	7.7	7.26	67.43	29.59	231.55	166.87	161.15	151.25	115.5	21.56	36.74	5.5	18.92	7.7	4.18	690.14	361.35
34.7376	16.17	5.83	7.26	49.94	23.21	224.95	160.82	167.42	175.34	150.59	38.28	59.4	8.25	35.64	5.06	8.47	655.6	481.03
34.7476	13.86	3.85	4.84	32.67	16.94	209.44	152.79	171.82	200.86	165.66	57.75	68.75	11	54.56	12.76	10.56	606.21	581.9
34.7576	11.55	0	4.84	20.68	10.56	182.93	144.65	174.13	219.34	173.03	71.39	71.94	16.5	64.79	33.33	16.94	549.34	667.26
34.7676	6.93	0	4.84	11.99	8.47	142.01	130.57	171.82	219.34	173.03	76.89	75.02	19.25	72.93	41.03	21.12	476.63	698.61
34.7776	0	0	0	6.82	8.47	98.89	105.38	167.42	212.41	170.61	79.64	78.21	19.25	81.07	51.37	23.21	386.98	715.77
34.7876	0	0	0	3.41	8.47	67.54	78.21	150.7	212.41	175.45	85.03	84.48	22	91.96	59.51	27.5	308.33	758.34
34.7976	0	0	0	0	8.47	48.84	58.3	117.26	224.07	185.13	96.03	87.56	24.75	102.74	71.39	31.79	232.87	823.46
34.8076	0	0	0	0	4.18	37.07	48.84	72.6	238.81	194.81	109.67	93.94	27.5	110.99	83.27	35.97	162.69	894.96
34.8176	0	0	0	0	0	27.28	39.71	42.35	253.55	204.49	120.78	97.02	30.25	119.13	98.23	40.26	109.34	963.71
34.8276	0	0	0	0	0	19.47	32.01	24.64	265.87	209.33	131.89	100.21	33	124.52	107.14	42.35	76.12	1014.31
34.8376	0	0	0	0	0	15.62	22.88	14.08	270.82	214.17	134.64	106.48	35.75	130.02	113.08	44.44	52.58	1049.4
34.8476	0	0	0	0	0	9.68	13.75	3.52	270.82	216.59	134.64	109.56	35.75	135.41	115.94	46.53	26.95	1065.24
34.8576	0	0	0	0	0	5.83	7.59	0	263.45	219.01	134.64	119.02	35.75	140.91	121.77	46.53	13.42	1081.08
34.8676	0	0	0	0	0	5.83	6.05	0	253.55	219.01	131.89	125.4	38.5	146.3	121.77	46.53	11.88	1082.95
34.8776	0	0	0	0	0	3.85	4.51	0	241.23	214.17	126.28	131.67	38.5	149.05	124.63	48.73	8.36	1074.26
34.8876	0	0	0	0	0	3.85	4.51	0	226.49	209.33	120.78	134.86	38.5	154.55	124.63	50.82	8.36	1059.96
34.8976	0	0	0	0	0	0	2.97	0	210.1	204.49	115.17	141.13	38.5	157.19	127.6	50.82	2.97	1045
34.9076	0	0	0	0	0	0	0	0	196.24	197.23	106.92	144.32	38.5	159.94	130.46	50.82	0	1024.43
34.9176	0	0	0	0	0	0	0	0	182.27	187.55	101.42	147.51	41.25	162.69	130.46	52.91	0	1006.06
34.9276	0	0	0	0	0	0	0	0	168.41	177.87	93.28	147.51	41.25	162.69	133.32	52.91	0	977.24
34.9376	0	0	0	0	0	0	0	0	155.43	168.19	87.78	150.59	41.25	165.44	133.32	52.91	0	954.91
34.9476	0	0	0	0	0	0	0	0	144.87	160.6	82.39	153.78	41.25	165.44	133.32	52.91	0	934.56
34.9576	0	0	0	0	0	0	0	0	134.31	150.59	76.89	156.97	41.25	168.19	136.29	52.91	0	917.4
34.9676	0	0	0	0	0	0	0	0	123.75	143.11	71.39	156.97	41.25	168.19	136.29	52.91	0	893.86
34.9776	0	0	0	0	0	0	0	0	115.28	135.52	66	160.05	41.25	170.83	139.15	55.11	0	883.19
34.9876	0	0	0	0	0	0	0	0	105.71	128.04	63.25	163.24	44	173.47	139.15	55.11	0	871.97
34.9976	0	0	0	0	0	0	0	0	98.01	120.56	57.75	169.62	44	176.22	142.12	57.53	0	865.81
35.0075	0	0	0	0	0	0	0	0	90.42	115.5	55.11	172.81	44	181.61	147.84	57.53	0	864.82
35.0175	0	0	0	0	0	0	0	0	82.72	108.24	50.27	176	44	187	150.81	57.53	0	856.57
35.0275	0	0	0	0	0	0	0	0	77	101.2	47.85	179.19	46.75	192.39	156.53	59.95	0	860.86
35.0375	0	0	0	0	0	0	0	0	69.41	96.47	45.43	182.38	46.75	197.67	162.36	62.37	0	862.84
35.0475	0	0	0	0	0	0	0	0	63.69	89.32	40.7	188.76	46.75	205.81	171.27	62.37	0	868.67
35.0575	0	0	0	0	0	0	0	0	56.21	82.28	38.28	191.95	49.5	211.2	180.18	67.32	0	876.92
35.0675	0	0	0	0	0	0	0	0	50.93	75.13	33.44	195.14	49.5	216.59	189.09	69.74	0	879.56
35.0775	0	0	0	0	0	0	0	0	42.13	65.67	28.71	198.44	52.25	221.98	198.11	72.16	0	879.45
35.0875	0	0	0	0	0	0	0	0	36.85	58.63	26.29	201.63	52.25	227.48	207.02	74.69	0	884.84
35.0975	0	0	0	0	0	0	0	0	31.57	49.17	21.56	204.82	52.25	233.09	215.93	77.11	0	885.5
35.1075	0	0	0	0	0	0	0	0	28.05	39.82	19.14	208.01	55.11	241.45	221.98	81.95	0	895.51
35.1175	0	0	0	0	0	0	0	0	24.53	32.78	16.72	211.2	55.11	247.06	230.45	84.48	0	902.33
35.1275	0	0	0	0	0	0	0	0	22.77	28.05	14.3	214.39	55.11	252.67	236.06	86.9	0	910.25
35.1375	0	0	0	0	0	0	0	0	21.01	23.43	11.88	217.58	55.11	261.03	241.67	91.74	0	923.45
35.1475	0	0	0	0	0	0	0	0	19.25	16.39	9.57	217.58	52.25	266.64	244.53	94.27	0	920.48
35.1575	0	0	0	0	0	0	0	0	15.73	9.35	9.57	214.39	52.25	272.25	244.53	99.11	0	917.18
35.1675	0	0	0	0	0	0	0	0	13.97	6.93	7.15	204.82	46.75	277.86	244.53	101.53	0	903.54
35.1775	0	0	0	0	0	0	0	0	13.97	4.62	4.73	188.76	44	283.47	244.53	106.48	0	890.56
35.1875	0	0	0	0	0	0	0	0	12.21	4.62	4.73	172.81	38.5	286.33	241.67	108.9	0	869.77
35.1975	0	0	0	0	0	0	0	0	12.21	0	4.73	153.78	33	289.08	238.92	113.85	0	845.57
35.2075	6.93	0	0	0	0	0	0	0	12.21	0	0	131.67	24.75	294.8	236.06	118.25	6.93	817.74
35.2175	18.59	0	0	0	0	0	0	0	10.45	0	0	112.75	22	297.55	230.45	120.45	18.59	793.65
35.2275	51.04	5.83	0	0	0	0	0	0	10.45	0	0	93.94	16.5	300.41	224.73	124.96	56.87	770.99
35.2375	213.62	36.96	14.52	8.58	0	5.83	0	0	8.69	0	0	75.02	13.75	300.41	218.9	129.47	279.51	746.24
35.2475	262.24	58.74	26.62	13.75	4.18	7.81	0	0	6.93	0	0	56.54	11	297.55	207.02	131.67	373.34	710.71
35.2575	264.88	87.34	50.82	32.67	10.56	15.62	0	0	6.93	0	0	42.35	8.25	283.47	192.06	131.67	461.89	664.73
35.2675	275.22	122.21	79.31	48.18	16.94	25.3	4.51	0	5.17	0	0	31.02	8.25	252.67	174.24	133.87	571.67	605.22
35.2775	280.39	136.84	95.81	69.63	19.03	37.07	10.67	8.8	0	0	0	19.8	8.25	211.2	153.67	131.67	658.24	524.59
35.2875	293.15	143.11	110	74.03	23.21	46.86	18.26	10.56	0	0	0	14.08	5.5	165.44	139.15	127.16	719.18	451.33
35.2975	293.15	143.11	117.37	78.43	27.5	58.63	24.42	12.32	0	0	0	8.47	8.25	124.52	118.91	116.05	754.93	376.2
35.3075	293.15	147.29	127.27	80.63	31.68	69.74	32.01	14.08	0	0	0	5.61	8.25	89.21	101.2	96.69	795.85	300.96
35.3175	298.21	149.38	137.17	85.03	33.88	78.76	38.17	15.84	0	0	0	0	8.25	64.79	83.27	69.74	836.44	226.05
35.3275	311.08	155.65	149.49	89.54	35.97	87.67	42.68	17.6	0	0	0	0	8.25	47.52	71.39	52.91	889.68	180.07
35.3375	321.31	161.92	159.39	93.94	38.06	94.49	45.76	19.36	0	0	0	0	5.5	35.64	62.48	40.26	934.23	143.88
35.3475	326.37	166.1	166.87	100.54	40.15	101.2	48.84	21.12	0	0	0	0	0	26.07	53.9	33.88	971.19	113.85
35.3575	326.37	168.3	171.82	104.94	40.15	107.91	50.38	22.88	0	0	0	0	0	21.34	43.67	25.41	992.75	90.42
35.3675	323.84	172.81	171.82	111.54	42.35	112.42	51.92	22.88	0	0	0	0	0	14.19	28.27	14.74	1009.58	57.2
35.3775	318.67	172.81	169.29	116.05	42.35	116.6	53.46	24.64	0	0	0	0	0	7.04	12.76	4.18	1013.87	23.98
35.3875	308.44	170.61	166.87	122.76	42.35	120.78	53.46	26.4	0	0	0	0	0	4.73	7.7	0	1011.67	12.43
35.3975	295.68	168.3	159.39	127.27	42.35	122.98	56.54	28.27	0	0	0	0	0	0	7.7	0	1000.78	7.7
35.4075	280.39	161.92	154.44	129.47	44.44	127.16	56.54	28.27	0	0	0	0	0	0	5.06	0	982.63	5.06
35.4175	267.41	155.65	147.07	129.47	44.44	127.16	60.06	30.03	0	0	0	0	0	0	0	0	961.29	0
35.4275	251.9	149.38	139.59	131.67	46.53	129.25	61.93	30.03	0	0	0	0	0	0	0	0	940.28	0
35.4375	236.28	141.02	132.22	131.67	46.53	129.25	63.69	31.79	0	0	0	0	0	0	0	0	912.45	0
35.4475	223.41	132.66	124.74	129.47	48.62	129.25	65.56	31.79	0	0	0	0	0	0	0	0	885.5	0
35.4575	211.2	126.39	119.79	129.47	48.62	127.16	67.32	33.55	0	0	0	0	0	0	0	0	863.5	0
35.4675	199.1	118.03	112.42	129.47	50.82	129.25	69.19	33.55	0	0	0	0	0	0	0	0	841.83	0
35.4775	189.31	113.85	107.69	129.47	50.82	129.25	70.95	33.55	0	0	0	0	0	0	0	0	824.89	0
35.4875	177.21	107.14	100.54	131.67	50.82	131.45	72.82	35.31	0	0	0	0	0	0	0	0	806.96	0
35.4975	165	100.54	93.5	136.18	52.91	135.63	74.58	35.31	0	0	0	0	0	0	0	0	793.65	0
35.5075	152.68	93.94	86.35	140.69	52.91	137.72	76.45	37.07	0	0	0	0	0	0	0	0	777.81	0
35.5175	140.47	89.54	81.73	145.09	52.91	142.01	78.21	38.83	0	0	0	0	0	0	0	0	768.79	0
35.5275	130.57	82.94	74.58	149.6	55	146.19	80.08	38.83	0	0	0	0	0	0	0	0	757.79	0
35.5375	120.78	78.54	69.85	154.11	55	150.48	81.84	40.59	0	0	0	0	0	0	0	0	751.19	0
35.5475	108.68	71.94	62.81	158.51	57.2	156.86	85.47	42.35	0	0	0	0	0	0	0	0	743.82	0
35.5575	99.88	67.54	58.08	163.02	57.2	163.13	89.1	44.11	0	0	0	0	0	0	0	0	742.06	0
35.5675	91.08	60.94	53.24	167.64	57.2	169.73	92.73	47.63	0	0	0	0	0	0	0	0	740.19	0
35.5775	82.17	56.54	48.4	172.37	57.2	176.33	96.36	49.39	0	0	0	0	0	0	0	0	738.76	0
35.5875	73.37	50.6	41.14	177.1	59.4	182.93	101.75	52.91	0	0	0	0	0	0	0	0	739.2	0
35.5975	64.57	42.79	33.88	181.83	59.4	191.73	105.38	56.54	0	0	0	0	0	0	0	0	736.12	0
35.6075	55.77	36.96	29.04	184.14	61.71	198.44	110.88	62.59	0	0	0	0	0	0	0	0	739.53	0
35.6175	44.11	31.13	21.78	186.56	59.4	205.04	118.47	68.64	0	0	0	0	0	0	0	0	735.13	0
35.6275	37.18	27.28	19.36	186.56	61.71	213.84	124.52	76.67	0	0	0	0	0	0	0	0	747.12	0
35.6375	34.76	23.32	16.94	186.56	59.4	220.55	130.57	92.84	0	0	0	0	0	0	0	0	764.94	0
35.6475	30.14	19.47	14.52	184.14	59.4	224.95	136.62	102.96	0	0	0	0	0	0	0	0	772.2	0
35.6575	27.83	15.51	14.52	181.83	59.4	231.55	142.67	110.99	0	0	0	0	0	0	0	0	784.3	0
35.6675	25.52	13.64	12.1	179.41	57.2	238.15	146.74	119.35	0	0	0	0	0	0	0	0	792.11	0
35.6775	23.21	13.64	12.1	174.68	55	240.35	150.7	127.71	0	0	0	0	0	0	0	0	797.39	0
35.6875	23.21	11.66	9.68	165.33	52.91	244.75	154.77	133.98	0	0	0	0	0	0	0	0	796.29	0
35.6975	20.9	11.66	9.68	156.31	48.62	246.95	154.77	142.34	0	0	0	0	0	0	0	0	791.23	0
35.7075	20.9	9.68	7.26	145.09	44.44	249.15	154.77	150.7	0	0	0	0	0	0	0	0	781.99	0
35.7175	18.59	9.68	7.26	129.47	40.15	249.15	154.77	156.97	3.41	0	0	0	0	0	0	0	766.04	3.41
35.7275	18.59	7.7	7.26	113.85	35.97	251.35	152.79	163.24	8.69	4.62	0	0	0	0	0	0	750.75	13.31
35.7375	16.17	7.7	7.26	98.34	29.59	251.35	148.72	169.62	13.97	11.66	0	0	0	0	0	0	728.75	25.63
35.7475	16.17	5.83	4.84	82.83	25.41	253.55	142.67	171.82	21.01	18.7	0	0	0	0	0	0	703.12	39.71
35.7575	13.86	5.83	4.84	67.43	21.12	253.55	138.6	176.44	61.71	42.13	7.15	8.47	0	0	0	0	681.67	119.46
35.7675	13.86	5.83	4.84	55.11	16.94	251.35	130.57	183.37	136.4	98.78	16.72	22.55	0	9.46	5.06	0	661.87	288.97
35.7775	11.55	3.85	4.84	43.01	12.65	242.55	124.52	187.99	173.03	148.06	33.44	62.48	11	37.95	7.7	8.47	630.96	482.13
35.7875	9.24	3.85	4.84	32.67	10.56	224.95	114.51	190.3	207.79	180.29	57.75	81.29	13.75	67.54	15.4	12.65	590.92	636.46
35.7975	4.62	0	0	24.09	8.47	189.53	103.62	192.61	238.81	197.23	74.14	90.75	16.5	78.32	33.33	16.94	522.94	746.02
35.8075	0	0	0	17.16	8.47	139.92	89.1	190.3	238.81	197.23	79.64	90.75	19.25	86.46	46.2	21.12	444.95	779.46
35.8175	0	0	0	11.99	8.47	96.69	72.82	174.13	231.44	194.81	85.03	90.75	19.25	94.6	51.37	23.21	364.1	790.46
35.8275	0	0	0	8.58	8.47	65.34	60.06	142.34	228.91	197.23	87.78	97.02	22	102.74	62.48	27.5	284.79	825.66
35.8375	0	0	0	5.17	6.27	46.86	50.38	86.79	238.81	204.49	98.67	100.21	22	116.38	74.36	29.59	195.47	884.51
35.8475	0	0	0	0	0	35.09	42.68	58.52	251.13	211.75	109.67	103.29	24.75	124.52	89.32	33.88	136.29	948.31
35.8575	0	0	0	0	0	25.3	35.09	38.83	265.87	219.01	120.78	106.48	27.5	130.02	104.17	38.06	99.22	1011.89
35.8675	0	0	0	0	0	19.47	27.5	22.88	275.77	221.43	131.89	109.56	30.25	135.41	115.94	40.26	69.85	1060.51
35.8775	0	0	0	0	0	13.64	18.26	10.56	278.19	223.85	137.5	115.94	33	143.66	124.63	44.44	42.46	1101.21
35.8875	0	0	0	0	0	7.81	9.13	0	273.24	223.85	137.5	122.21	33	149.05	130.46	46.53	16.94	1115.84
35.8975	0	0	0	0	0	7.81	6.05	0	263.45	223.85	134.64	128.48	35.75	154.55	133.32	46.53	13.86	1120.57
35.9075	0	0	0	0	0	5.83	6.05	0	248.6	219.01	129.14	137.94	35.75	159.94	136.29	48.73	11.88	1115.4
35.9175	0	0	0	0	0	5.83	4.51	0	233.86	214.17	123.53	144.32	35.75	165.44	136.29	50.82	10.34	1104.18
35.9275	0	0	0	0	0	3.85	2.97	0	214.72	206.91	115.17	147.51	35.75	168.19	136.29	50.82	6.82	1075.36
35.9375	0	0	0	0	0	0	0	0	196.24	197.23	106.92	153.78	35.75	170.83	136.29	52.91	0	1049.95
35.9475	0	0	0	0	0	0	0	0	177.65	187.55	98.67	160.05	35.75	173.47	133.32	52.91	0	1019.37
35.9575	0	0	0	0	0	0	0	0	161.81	177.87	87.78	166.43	35.75	176.22	130.46	52.91	0	989.23
35.9675	0	0	0	0	0	0	0	0	146.96	168.19	79.64	172.81	35.75	178.86	127.6	52.91	0	962.72
35.9775	0	0	0	0	0	0	0	0	132.22	158.07	71.39	176	35.75	178.86	124.63	52.91	0	929.83
35.9875	0	0	0	0	0	0	0	0	117.37	145.64	66	179.19	35.75	181.61	124.63	52.91	0	903.1
35.9975	0	0	0	0	0	0	0	0	107.58	135.52	57.75	182.38	35.75	184.25	121.77	55.11	0	880.11
36.0075	0	0	0	0	0	0	0	0	96.14	125.51	52.69	188.76	35.75	187	121.77	55.11	0	862.73
36.0175	0	0	0	0	0	0	0	0	86.57	115.5	47.85	188.76	35.75	189.64	124.63	55.11	0	843.81
36.0275	0	0	0	0	0	0	0	0	77	105.93	43.12	191.95	35.75	192.39	124.63	55.11	0	825.88
36.0375	0	0	0	0	0	0	0	0	67.43	98.78	38.28	195.14	35.75	197.67	127.6	57.53	0	818.18
36.0475	0	0	0	0	0	0	0	0	59.84	89.32	35.86	198.44	35.75	200.42	133.32	57.53	0	810.48
36.0575	0	0	0	0	0	0	0	0	52.69	82.28	31.13	201.63	35.75	205.81	136.29	59.95	0	805.53
36.0675	0	0	0	0	0	0	0	0	43.89	72.82	28.71	208.01	38.5	211.2	142.12	59.95	0	805.2
36.0775	0	0	0	0	0	0	0	0	36.85	65.67	23.87	211.2	38.5	216.59	147.84	62.37	0	802.89
36.0875	0	0	0	0	0	0	0	0	33.33	58.63	21.56	214.39	38.5	221.98	153.67	64.9	0	806.96
36.0975	0	0	0	0	0	0	0	0	29.81	51.59	19.14	217.58	41.25	227.48	162.36	64.9	0	814.11
36.1075	0	0	0	0	0	0	0	0	26.29	46.86	19.14	220.77	41.25	235.95	171.27	69.74	0	831.27
36.1175	0	0	0	0	0	0	0	0	24.53	39.82	16.72	220.77	41.25	238.7	180.18	69.74	0	831.71
36.1275	0	0	0	0	0	0	0	0	24.53	35.09	14.3	224.07	44	244.31	189.09	74.69	0	850.08
36.1375	0	0	0	0	0	0	0	0	22.77	32.78	14.3	224.07	44	249.92	201.08	77.11	0	866.03
36.1475	0	0	0	0	0	0	0	0	21.01	28.05	11.88	224.07	46.75	255.42	207.02	79.53	0	873.73
36.1575	0	0	0	0	0	0	0	0	19.25	23.43	11.88	226.93	46.75	261.03	215.93	81.95	0	887.15
36.1675	0	0	0	0	0	0	0	0	17.49	18.7	9.57	226.93	46.75	266.64	221.98	84.48	0	892.54
36.1775	0	0	0	0	0	0	0	0	15.73	13.97	9.57	224.07	46.75	269.39	227.59	86.9	0	893.97
36.1875	0	0	0	0	0	0	0	0	13.97	6.93	7.15	220.77	44	275	233.2	91.74	0	892.76
36.1975	0	0	0	0	0	0	0	0	13.97	4.62	7.15	214.39	44	277.86	236.06	94.27	0	892.32
36.2075	0	0	0	0	0	0	0	0	13.97	4.62	4.73	204.82	41.25	283.47	236.06	96.69	0	885.61
36.2175	0	0	0	0	0	0	0	0	12.21	4.62	4.73	188.76	38.5	286.33	236.06	101.53	0	872.74
36.2275	4.62	0	0	0	0	0	0	0	12.21	0	4.73	172.81	33	289.08	236.06	104.06	4.62	851.95
36.2375	13.86	0	0	0	0	0	0	0	12.21	0	0	153.78	27.5	289.08	236.06	108.9	13.86	827.53
36.2475	27.83	0	0	0	0	0	0	0	10.45	0	0	134.86	24.75	291.94	236.06	113.85	27.83	811.91
36.2575	133.1	7.7	0	0	0	0	0	0	10.45	0	0	112.75	19.25	291.94	233.2	116.05	140.8	783.64
36.2675	246.73	33.11	16.94	6.82	0	5.83	0	0	8.69	0	0	93.94	16.5	291.94	230.45	120.45	309.43	761.97
36.2775	259.6	63.14	36.3	13.75	4.18	7.81	0	0	8.69	0	0	71.94	13.75	286.33	227.59	122.76	384.78	731.06
36.2875	267.41	98.34	60.39	34.43	10.56	17.49	0	0	8.69	0	0	50.82	11	275	218.9	124.96	488.62	689.37
36.2975	270.05	122.21	79.31	49.94	16.94	23.43	6.05	3.52	5.17	0	0	36.74	8.25	255.42	207.02	127.16	571.45	639.76
36.3075	270.05	130.57	88.77	60.83	21.12	31.24	10.67	5.28	3.41	0	0	25.41	8.25	216.59	192.06	127.16	618.53	572.88
36.3175	264.88	130.57	95.81	65.23	21.12	42.9	15.18	7.04	0	0	0	14.08	8.25	170.83	174.24	127.16	642.73	494.56
36.3275	264.88	134.75	107.69	67.43	25.41	56.65	22.88	10.56	0	0	0	8.47	8.25	130.02	147.84	118.25	690.25	412.83
36.3375	275.22	138.93	122.32	69.63	29.59	67.54	30.47	12.32	0	0	0	0	8.25	97.35	121.77	104.06	746.02	331.43
36.3475	287.98	143.11	139.59	69.63	31.68	74.25	38.17	14.08	0	0	0	0	8.25	70.18	101.2	81.95	798.49	261.58
36.3575	305.91	149.38	159.39	71.83	35.97	80.96	42.68	15.84	0	0	0	0	8.25	52.25	80.3	59.95	861.96	200.75
36.3675	321.31	153.56	174.24	71.83	38.06	87.67	47.3	19.36	0	0	0	0	5.5	37.95	68.42	44.44	913.33	156.31
36.3775	328.9	159.83	184.25	76.23	40.15	92.18	48.84	21.12	0	0	0	0	0	28.49	56.54	33.88	951.5	118.91
36.3875	331.54	161.92	189.31	80.63	40.15	98.89	51.92	22.88	0	0	0	0	0	21.34	46.2	29.59	977.24	97.13
36.3975	331.54	164.01	189.31	85.03	42.35	103.4	53.46	22.88	0	0	0	0	0	16.61	35.97	19.03	991.98	71.61
36.4075	326.37	166.1	189.31	91.74	42.35	107.91	53.46	24.64	0	0	0	0	0	11.88	17.93	8.47	1001.88	38.28
36.4175	318.67	168.3	184.25	98.34	42.35	110.11	55	26.4	0	0	0	0	0	4.73	7.7	4.18	1003.42	16.61
36.4275	308.44	168.3	176.77	102.74	42.35	114.51	55	28.27	0	0	0	0	0	4.73	7.7	4.18	996.38	16.61
36.4374	295.68	166.1	166.87	109.34	42.35	116.6	55	28.27	0	0	0	0	0	0	5.06	0	980.21	5.06
36.4474	282.92	164.01	159.39	116.05	42.35	118.69	55	30.03	0	0	0	0	0	0	5.06	0	968.44	5.06
36.4574	267.41	159.83	149.49	120.56	42.35	120.78	53.46	30.03	0	0	0	0	0	0	0	0	943.91	0
36.4674	251.9	155.65	142.12	124.96	44.44	120.78	53.46	30.03	0	0	0	0	0	0	0	0	923.34	0
36.4774	238.92	149.38	132.22	127.27	44.44	120.78	55	30.03	0	0	0	0	0	0	0	0	898.04	0
36.4874	225.94	141.02	124.74	127.27	44.44	120.78	55	30.03	0	0	0	0	0	0	0	0	869.22	0
36.4974	213.62	134.75	117.37	129.47	44.44	120.78	56.54	31.79	0	0	0	0	0	0	0	0	848.76	0
36.5074	201.52	128.48	110	129.47	46.53	120.78	60.06	31.79	0	0	0	0	0	0	0	0	828.63	0
36.5174	191.73	122.21	105.27	129.47	48.62	122.98	61.93	31.79	0	0	0	0	0	0	0	0	814	0
36.5274	182.05	118.03	100.54	131.67	48.62	122.98	63.69	33.55	0	0	0	0	0	0	0	0	801.13	0
36.5374	172.37	111.54	95.81	133.98	50.82	125.07	67.32	33.55	0	0	0	0	0	0	0	0	790.46	0
36.5474	162.58	104.94	91.08	136.18	50.82	129.25	69.19	33.55	0	0	0	0	0	0	0	0	777.59	0
36.5574	150.26	98.34	84.04	138.38	52.91	131.45	72.82	35.31	0	0	0	0	0	0	0	0	763.51	0
36.5674	140.47	93.94	79.31	145.09	52.91	135.63	76.45	37.07	0	0	0	0	0	0	0	0	760.87	0
36.5774	130.57	87.34	74.58	149.6	55	144.1	78.21	38.83	0	0	0	0	0	0	0	0	758.23	0
36.5874	118.36	80.74	67.54	156.31	55	150.48	81.84	42.35	0	0	0	0	0	0	0	0	752.62	0
36.5974	108.68	76.34	62.81	163.02	57.2	158.95	85.47	44.11	0	0	0	0	0	0	0	0	756.58	0
36.6074	97.68	69.74	55.77	169.95	57.2	167.53	90.86	45.87	0	0	0	0	0	0	0	0	754.6	0
36.6174	86.68	63.14	50.82	174.68	57.2	176.33	94.49	49.39	0	0	0	0	0	0	0	0	752.73	0
36.6274	77.77	56.54	43.56	181.83	57.2	182.93	98.12	52.91	0	0	0	0	0	0	0	0	750.86	0
36.6374	66.77	50.6	38.72	188.87	57.2	191.73	99.99	56.54	0	0	0	0	0	0	0	0	750.42	0
36.6474	57.97	42.79	31.46	193.6	57.2	200.64	103.62	62.59	0	0	0	0	0	0	0	0	749.87	0
36.6574	46.42	36.96	24.2	200.64	57.2	209.44	107.25	68.64	0	0	0	0	0	0	0	0	750.75	0
36.6674	39.49	31.13	21.78	205.37	57.2	216.04	109.01	74.69	0	0	0	0	0	0	0	0	754.71	0
36.6774	37.18	29.15	19.36	210.1	57.2	224.95	112.64	84.81	0	0	0	0	0	0	0	0	775.39	0
36.6874	32.45	25.3	16.94	212.52	57.2	231.55	114.51	98.89	0	0	0	0	0	0	0	0	789.36	0
36.6974	27.83	19.47	14.52	214.83	55	240.35	116.49	110.99	0	0	0	0	0	0	0	0	799.48	0
36.7074	25.52	15.51	12.1	214.83	52.91	246.95	118.47	119.35	0	0	0	0	0	0	0	0	805.64	0
36.7174	23.21	15.51	12.1	210.1	50.82	253.55	122.54	127.71	0	0	0	0	0	0	0	0	815.54	0
36.7274	23.21	13.64	9.68	200.64	48.62	257.95	122.54	136.07	0	0	0	0	0	0	0	0	812.35	0
36.7374	20.9	13.64	9.68	188.87	44.44	260.15	122.54	144.43	0	0	0	0	0	0	0	0	804.65	0
36.7474	20.9	11.66	9.68	172.37	40.15	264.55	122.54	150.7	0	0	0	0	0	0	0	0	792.55	0
36.7574	18.59	11.66	7.26	154.11	35.97	266.75	120.45	159.06	3.41	0	0	0	0	0	0	0	773.85	3.41
36.7674	18.59	9.68	7.26	133.98	31.68	266.75	118.47	165.33	8.69	6.93	0	0	0	0	0	0	751.74	15.62
36.7774	16.17	9.68	7.26	113.85	27.5	271.15	116.49	171.82	13.97	11.66	0	0	0	0	0	0	733.92	25.63
36.7874	16.17	7.7	4.84	96.14	23.21	271.15	112.64	176.44	22.77	21.01	0	0	0	0	0	0	708.29	43.78
36.7974	13.86	7.7	4.84	78.43	19.03	271.15	109.01	181.06	80.85	53.9	7.15	11.22	0	0	0	0	685.08	153.12
36.8074	11.55	5.83	4.84	58.63	14.74	264.55	105.38	187.99	151.25	105.93	16.72	28.27	0	9.46	5.06	0	653.51	316.69
36.8174	11.55	3.85	4.84	44.77	10.56	251.35	99.99	192.61	177.65	150.59	33.44	59.4	8.25	33.22	0	8.47	619.52	471.02
36.8274	6.93	0	0	32.67	8.47	224.95	94.49	197.23	214.72	180.29	57.75	71.94	11	56.98	5.06	12.65	564.74	610.39
36.8374	4.62	0	0	24.09	6.27	180.73	85.47	199.43	251.13	194.81	82.39	81.29	16.5	70.18	28.27	19.03	500.61	743.6
36.8474	0	0	0	17.16	8.47	127.16	74.58	192.61	260.92	192.39	90.53	81.29	19.25	78.32	43.67	23.21	419.98	789.58
36.8574	0	0	0	13.75	8.47	85.47	61.93	169.62	248.6	185.13	93.28	81.29	22	86.46	51.37	27.5	339.24	795.63
36.8674	0	0	0	8.58	6.27	58.63	51.92	123.53	243.76	185.13	101.42	84.48	24.75	97.35	65.45	31.79	248.93	834.13
36.8774	0	0	0	3.41	4.18	42.9	44.22	80.74	253.55	192.39	115.17	87.56	27.5	108.24	83.27	38.06	175.45	905.74
36.8874	0	0	0	0	0	31.24	36.63	52.91	268.4	199.65	129.14	90.75	33	119.13	101.2	42.35	120.78	983.62
36.8974	0	0	0	0	0	21.45	27.5	30.03	280.72	204.49	143	93.94	35.75	124.52	115.94	48.73	78.98	1047.09
36.9074	0	0	0	0	0	17.49	19.8	17.6	293.48	206.91	154.22	97.02	41.25	132.77	133.32	52.91	54.89	1111.88
36.9174	0	0	0	0	0	11.66	10.67	0	296.01	209.33	159.72	100.21	44	138.16	142.12	55.11	22.33	1144.66
36.9274	0	0	0	0	0	7.81	4.51	0	290.84	211.75	159.72	106.48	44	143.66	150.81	59.95	12.32	1167.21
36.9374	0	0	0	0	0	7.81	4.51	0	280.72	211.75	156.97	112.75	46.75	151.8	156.53	62.37	12.32	1179.64
36.9474	0	0	0	0	0	5.83	2.97	0	265.87	206.91	154.22	119.02	46.75	157.19	162.36	62.37	8.8	1174.69
36.9574	0	0	0	0	0	3.85	0	0	246.18	202.07	145.86	125.4	49.5	162.69	165.33	64.9	3.85	1161.93
36.9674	0	0	0	0	0	3.85	0	0	224.07	192.39	134.64	128.48	49.5	165.44	168.3	64.9	3.85	1127.72
36.9774	0	0	0	0	0	0	0	0	205.48	182.71	126.28	134.86	49.5	168.19	171.27	64.9	0	1103.19
36.9874	0	0	0	0	0	0	0	0	184.58	173.03	112.42	137.94	49.5	170.83	171.27	67.32	0	1066.89
36.9974	0	0	0	0	0	0	0	0	166.1	160.6	104.17	141.13	49.5	173.47	171.27	67.32	0	1033.56
37.0074	0	0	0	0	0	0	0	0	149.16	150.59	93.28	144.32	49.5	176.22	171.27	67.32	0	1001.66
37.0174	0	0	0	0	0	0	0	0	132.22	138.05	82.39	144.32	49.5	176.22	171.27	67.32	0	961.29
37.0274	0	0	0	0	0	0	0	0	117.37	125.51	74.14	147.51	49.5	176.22	171.27	67.32	0	928.84
37.0374	0	0	0	0	0	0	0	0	103.73	115.5	66	147.51	49.5	176.22	171.27	67.32	0	897.05
37.0474	0	0	0	0	0	0	0	0	92.29	105.93	57.75	147.51	49.5	176.22	174.24	64.9	0	868.34
37.0574	0	0	0	0	0	0	0	0	80.85	96.47	50.27	147.51	49.5	178.86	174.24	67.32	0	845.02
37.0674	0	0	0	0	0	0	0	0	69.41	87.01	45.43	150.59	49.5	181.61	174.24	67.32	0	825.11
37.0774	0	0	0	0	0	0	0	0	61.71	79.86	40.7	150.59	46.75	184.25	177.21	67.32	0	808.39
37.0874	0	0	0	0	0	0	0	0	56.21	72.82	35.86	153.78	49.5	187	180.18	69.74	0	805.09
37.0974	0	0	0	0	0	0	0	0	49.17	65.67	33.44	156.97	46.75	189.64	183.15	69.74	0	794.53
37.1074	0	0	0	0	0	0	0	0	42.13	60.94	28.71	156.97	49.5	192.39	189.09	69.74	0	789.47
37.1174	0	0	0	0	0	0	0	0	36.85	53.9	23.87	160.05	49.5	197.67	195.14	72.16	0	789.14
37.1274	0	0	0	0	0	0	0	0	33.33	49.17	21.56	163.24	52.25	200.42	201.08	74.69	0	795.74
37.1374	0	0	0	0	0	0	0	0	29.81	42.13	19.14	166.43	52.25	203.06	209.99	74.69	0	797.5
37.1474	0	0	0	0	0	0	0	0	28.05	37.51	19.14	166.43	52.25	208.45	218.9	77.11	0	807.84
37.1574	0	0	0	0	0	0	0	0	26.29	32.78	16.72	169.62	55.11	213.84	227.59	79.53	0	821.48
37.1674	0	0	0	0	0	0	0	0	24.53	28.05	16.72	172.81	58.08	219.23	238.92	81.95	0	840.29
37.1774	0	0	0	0	0	0	0	0	22.77	25.74	14.3	176	58.08	224.73	247.39	84.48	0	853.49
37.1874	0	0	0	0	0	0	0	0	21.01	21.01	11.88	179.19	58.08	230.34	255.86	86.9	0	864.27
37.1974	0	0	0	0	0	0	0	0	19.25	16.39	11.88	179.19	58.08	238.7	264.33	91.74	0	879.56
37.2074	0	0	0	0	0	0	0	0	17.49	11.66	9.57	179.19	58.08	244.31	269.94	94.27	0	884.51
37.2174	0	0	0	0	0	0	0	0	15.73	6.93	7.15	176	58.08	249.92	278.52	99.11	0	891.44
37.2274	0	0	0	0	0	0	0	0	13.97	0	4.73	169.62	55.11	255.42	281.49	104.06	0	884.4
37.2374	0	0	0	0	0	0	0	0	13.97	0	7.15	160.05	52.25	258.28	281.49	106.48	0	879.67
37.2474	0	0	0	0	0	0	0	0	12.21	0	4.73	147.51	46.75	261.03	284.46	108.9	0	865.59
37.2574	0	0	0	0	0	0	0	0	12.21	0	4.73	134.86	41.25	263.89	284.46	113.85	0	855.25
37.2674	4.62	0	0	0	0	0	0	0	12.21	0	0	119.02	35.75	263.89	281.49	118.25	4.62	830.61
37.2774	13.86	0	0	0	0	0	0	0	12.21	0	0	103.29	30.25	266.64	278.52	120.45	13.86	811.36
37.2874	39.49	0	0	0	0	0	0	0	10.45	0	0	87.56	24.75	269.39	272.8	124.96	39.49	789.91
37.2974	177.21	9.68	7.26	0	0	0	0	0	10.45	0	0	71.94	19.25	269.39	267.19	127.16	194.15	765.38
37.3074	257.07	33.11	19.36	6.82	0	5.83	0	0	8.69	0	0	56.54	13.75	269.39	255.86	129.47	322.19	733.7
37.3174	267.41	60.94	41.14	13.75	0	5.83	0	0	6.93	0	0	45.21	11	263.89	244.53	129.47	389.07	701.03
37.3274	277.86	98.34	69.85	32.67	10.56	17.49	0	0	5.17	0	0	33.88	11	247.06	227.59	131.67	506.77	656.37
37.3374	277.86	120.12	86.35	48.18	16.94	23.43	6.05	5.28	3.41	0	0	22.55	8.25	216.59	207.02	131.67	584.21	589.49
37.3474	282.92	128.48	100.54	60.83	19.03	29.26	10.67	7.04	0	0	0	14.08	8.25	178.86	186.12	131.67	638.77	518.98
37.3574	275.22	128.48	107.69	69.63	21.12	39.05	15.18	8.8	0	0	0	5.61	8.25	138.16	162.36	124.96	665.17	439.34
37.3674	272.58	130.57	117.37	74.03	25.41	50.71	22.88	10.56	0	0	0	0	8.25	108.24	136.29	113.85	704.11	366.63
37.3774	280.39	134.75	132.22	76.23	29.59	60.83	32.01	12.32	0	0	0	0	11	78.32	113.08	94.27	758.34	296.67
37.3874	293.15	141.02	149.49	76.23	33.88	69.74	39.71	15.84	0	0	0	0	11	56.98	89.32	72.16	819.06	229.46
37.3974	311.08	145.2	169.29	76.23	38.06	76.56	45.76	17.6	0	0	0	0	8.25	42.68	77.33	52.91	879.78	181.17
37.4074	323.84	149.38	184.25	78.43	38.06	80.96	48.84	21.12	0	0	0	0	5.5	30.8	65.45	42.35	924.88	144.1
37.4174	331.54	153.56	194.37	80.63	40.15	85.47	51.92	22.88	0	0	0	0	0	26.07	53.9	35.97	960.52	115.94
37.4274	334.07	155.65	199.32	85.03	40.15	92.18	55	24.64	0	0	0	0	0	18.92	43.67	27.5	986.04	90.09
37.4374	334.07	157.74	201.85	91.74	42.35	96.69	56.54	26.4	0	0	0	0	0	11.88	30.8	14.74	1007.38	57.42
37.4474	326.37	157.74	199.32	96.14	42.35	101.2	58.3	26.4	0	0	0	0	0	7.04	10.23	6.27	1007.82	23.54
37.4574	318.67	157.74	194.37	102.74	44.44	103.4	60.06	28.27	0	0	0	0	0	4.73	10.23	4.18	1009.69	19.14
37.4674	305.91	157.74	184.25	109.34	44.44	107.91	60.06	30.03	0	0	0	0	0	4.73	7.7	4.18	999.68	16.61
37.4774	290.62	155.65	176.77	116.05	44.44	112.42	60.06	30.03	0	0	0	0	0	0	5.06	0	986.04	5.06
37.4874	275.22	151.47	164.34	120.56	44.44	114.51	60.06	31.79	0	0	0	0	0	0	5.06	0	962.39	5.06
37.4974	257.07	147.29	154.44	127.27	44.44	116.6	60.06	31.79	0	0	0	0	0	0	0	0	938.96	0
37.5074	241.45	141.02	144.54	131.67	44.44	118.69	58.3	31.79	0	0	0	0	0	0	0	0	911.9	0
37.5174	223.41	136.84	134.64	136.18	44.44	120.78	58.3	31.79	0	0	0	0	0	0	0	0	886.38	0
37.5274	208.78	128.48	124.74	140.69	44.44	120.78	58.3	33.55	0	0	0	0	0	0	0	0	859.76	0
37.5374	194.15	122.21	114.84	142.89	46.53	122.98	58.3	33.55	0	0	0	0	0	0	0	0	835.45	0
37.5474	182.05	115.94	107.69	147.4	46.53	125.07	60.06	33.55	0	0	0	0	0	0	0	0	818.29	0
37.5574	169.95	111.54	100.54	149.6	46.53	127.16	60.06	33.55	0	0	0	0	0	0	0	0	798.93	0
37.5674	160.05	104.94	93.5	151.8	46.53	129.25	61.93	35.31	0	0	0	0	0	0	0	0	783.31	0
37.5774	147.84	98.34	88.77	156.31	48.62	133.54	63.69	35.31	0	0	0	0	0	0	0	0	772.42	0
37.5874	137.94	91.74	84.04	158.51	48.62	135.63	67.32	37.07	0	0	0	0	0	0	0	0	760.87	0
37.5974	128.15	85.14	79.31	163.02	48.62	139.92	70.95	38.83	0	0	0	0	0	0	0	0	753.94	0
37.6074	120.78	80.74	74.58	167.64	50.82	144.1	72.82	40.59	0	0	0	0	0	0	0	0	752.07	0
37.6174	110.99	76.34	69.85	169.95	50.82	150.48	78.21	42.35	0	0	0	0	0	0	0	0	748.99	0
37.6274	102.08	69.74	65.12	174.68	52.91	156.86	81.84	44.11	0	0	0	0	0	0	0	0	747.34	0
37.6374	95.48	65.34	60.39	179.41	52.91	163.13	85.47	47.63	0	0	0	0	0	0	0	0	749.76	0
37.6474	86.68	58.74	55.77	184.14	55	169.73	90.86	51.15	0	0	0	0	0	0	0	0	752.07	0
37.6574	75.57	54.56	48.4	188.87	55	176.33	94.49	56.54	0	0	0	0	0	0	0	0	749.76	0
37.6674	66.77	48.73	43.56	193.6	55	185.13	99.99	60.5	0	0	0	0	0	0	0	0	753.28	0
37.6774	57.97	42.79	33.88	198.33	57.2	191.73	105.38	68.64	0	0	0	0	0	0	0	0	755.92	0
37.6874	48.73	35.09	29.04	200.64	57.2	200.64	109.01	76.67	0	0	0	0	0	0	0	0	757.02	0
37.6974	39.49	29.15	21.78	203.06	57.2	207.24	116.49	92.84	0	0	0	0	0	0	0	0	767.25	0
37.7074	37.18	27.28	21.78	205.37	57.2	213.84	122.54	104.94	0	0	0	0	0	0	0	0	790.13	0
37.7174	32.45	23.32	19.36	205.37	57.2	220.55	128.59	115.17	0	0	0	0	0	0	0	0	802.01	0
37.7274	27.83	19.47	16.94	203.06	57.2	224.95	134.64	123.53	0	0	0	0	0	0	0	0	807.62	0
37.7374	25.52	15.51	14.52	200.64	55	229.35	138.6	131.89	0	0	0	0	0	0	0	0	811.03	0
37.7474	23.21	13.64	12.1	195.91	55	233.75	142.67	140.25	0	0	0	0	0	0	0	0	816.53	0
37.7574	23.21	11.66	9.68	188.87	50.82	238.15	146.74	148.61	0	0	0	0	0	0	0	0	817.74	0
37.7674	20.9	11.66	9.68	179.41	48.62	238.15	148.72	154.88	3.41	0	0	0	0	0	0	0	812.02	3.41
37.7774	20.9	11.66	9.68	165.33	44.44	238.15	148.72	159.06	6.93	0	0	0	0	0	0	0	797.94	6.93
37.7874	18.59	9.68	7.26	149.6	40.15	240.35	148.72	163.24	12.21	4.62	0	0	0	0	0	0	777.59	16.83
37.7974	18.59	9.68	7.26	131.67	33.88	240.35	146.74	167.42	19.25	11.66	0	0	0	0	0	0	755.59	30.91
37.8074	18.59	7.7	7.26	111.54	29.59	240.35	144.65	171.82	38.61	25.74	4.73	0	0	0	0	0	731.5	69.08
37.8174	16.17	7.7	7.26	93.94	25.41	240.35	142.67	174.13	111.43	63.36	11.88	11.22	0	0	0	0	707.63	197.89
37.8274	13.86	5.83	4.84	74.03	19.03	235.95	138.6	178.75	173.03	125.51	23.87	31.02	0	11.88	0	0	670.89	365.31
37.8374	13.86	5.83	4.84	55.11	16.94	227.15	134.64	185.68	200.86	180.29	43.12	65.67	8.25	30.8	5.06	10.56	644.05	544.61
37.8474	9.24	3.85	4.84	37.84	12.65	211.64	128.59	187.99	224.07	199.65	66	84.48	13.75	56.98	10.23	10.56	596.64	665.72
37.8573	6.93	0	0	22.33	8.47	182.93	118.47	187.99	233.86	199.65	76.89	87.56	13.75	67.54	23.1	16.94	527.12	719.29
37.8673	0	0	0	15.51	8.47	137.72	105.38	187.99	226.49	194.81	79.64	87.56	19.25	75.68	35.97	19.03	455.07	738.43
37.8773	0	0	0	10.34	8.47	96.69	85.47	178.75	219.34	189.97	82.39	90.75	19.25	83.82	46.2	21.12	379.72	752.84
37.8873	0	0	0	6.82	8.47	67.54	65.56	154.88	226.49	194.81	93.28	97.02	24.75	94.6	59.51	27.5	303.27	817.96
37.8973	0	0	0	3.41	8.47	48.84	53.46	106.92	243.76	202.07	109.67	100.21	27.5	105.49	74.36	31.79	221.1	894.85
37.9073	0	0	0	0	4.18	37.07	45.76	68.64	265.87	211.75	126.28	100.21	30.25	113.63	89.32	38.06	155.65	975.37
37.9173	0	0	0	0	0	27.28	38.17	44.11	283.25	216.59	140.25	100.21	33	119.13	104.17	40.26	109.56	1036.86
37.9273	0	0	0	0	0	19.47	30.47	26.4	296.01	219.01	151.36	103.29	35.75	124.52	113.08	44.44	76.34	1087.46
37.9373	0	0	0	0	0	15.62	21.34	14.08	293.48	221.43	154.22	106.48	38.5	130.02	121.77	46.53	51.04	1112.43
37.9473	0	0	0	0	0	9.68	12.21	3.52	285.78	221.43	154.22	112.75	41.25	135.41	127.6	48.73	25.41	1127.17
37.9573	0	0	0	0	0	7.81	7.59	0	275.77	221.43	151.36	122.21	41.25	143.66	130.46	50.82	15.4	1136.96
37.9673	0	0	0	0	0	7.81	7.59	0	260.92	221.43	145.86	128.48	41.25	149.05	130.46	50.82	15.4	1128.27
37.9773	0	0	0	0	0	5.83	4.51	0	246.18	216.59	137.5	134.86	44	151.8	133.32	50.82	10.34	1115.07
37.9873	0	0	0	0	0	5.83	4.51	0	226.49	209.33	129.14	141.13	44	157.19	133.32	50.82	10.34	1091.42
37.9973	0	0	0	0	0	3.85	0	0	210.1	199.65	120.78	144.32	44	157.19	133.32	52.91	3.85	1062.27
38.0073	0	0	0	0	0	0	0	0	191.51	189.97	112.42	147.51	41.25	159.94	133.32	52.91	0	1028.83
38.0173	0	0	0	0	0	0	0	0	173.03	180.29	101.42	150.59	41.25	159.94	133.32	52.91	0	992.75
38.0273	0	0	0	0	0	0	0	0	157.63	168.19	93.28	150.59	44	162.69	133.32	52.91	0	962.61
38.0373	0	0	0	0	0	0	0	0	142.78	155.65	85.03	153.78	44	162.69	133.32	52.91	0	930.16
38.0473	0	0	0	0	0	0	0	0	130.02	145.64	79.64	153.78	44	162.69	136.29	52.91	0	904.97
38.0573	0	0	0	0	0	0	0	0	119.46	133.1	71.39	153.78	44	162.69	139.15	52.91	0	876.48
38.0673	0	0	0	0	0	0	0	0	107.58	123.09	66	156.97	44	165.44	142.12	55.11	0	860.31
38.0773	0	0	0	0	0	0	0	0	99.99	115.5	63.25	156.97	44	168.19	142.12	55.11	0	845.13
38.0873	0	0	0	0	0	0	0	0	92.29	108.24	57.75	160.05	46.75	170.83	147.84	57.53	0	841.28
38.0973	0	0	0	0	0	0	0	0	84.7	103.51	55.11	160.05	46.75	173.47	153.67	57.53	0	834.79
38.1073	0	0	0	0	0	0	0	0	78.98	98.78	52.69	166.43	46.75	178.86	159.5	59.95	0	841.94
38.1173	0	0	0	0	0	0	0	0	73.15	94.05	50.27	169.62	49.5	184.25	165.33	59.95	0	846.12
38.1273	0	0	0	0	0	0	0	0	69.41	89.32	47.85	172.81	49.5	189.64	171.27	62.37	0	852.17
38.1373	0	0	0	0	0	0	0	0	63.69	84.59	45.43	176	52.25	195.03	177.21	62.37	0	856.57
38.1473	0	0	0	0	0	0	0	0	57.97	79.86	43.12	179.19	52.25	200.42	186.12	64.9	0	863.83
38.1573	0	0	0	0	0	0	0	0	52.69	75.13	38.28	182.38	52.25	205.81	195.14	67.32	0	869
38.1673	0	0	0	0	0	0	0	0	47.41	68.09	35.86	185.57	55.11	211.2	204.05	69.74	0	877.03
38.1773	0	0	0	0	0	0	0	0	42.13	63.36	31.13	191.95	55.11	216.59	212.96	72.16	0	885.39
38.1873	0	0	0	0	0	0	0	0	36.85	53.9	28.71	195.14	58.08	224.73	221.98	74.69	0	894.08
38.1973	0	0	0	0	0	0	0	0	31.57	46.86	23.87	198.44	58.08	230.34	233.2	77.11	0	899.47
38.2073	0	0	0	0	0	0	0	0	28.05	37.51	19.14	198.44	58.08	235.95	238.92	81.95	0	898.04
38.2173	0	0	0	0	0	0	0	0	24.53	30.47	16.72	201.63	61.05	241.45	250.14	84.48	0	910.47
38.2273	0	0	0	0	0	0	0	0	22.77	25.74	14.3	201.63	61.05	247.06	255.86	86.9	0	915.31
38.2373	0	0	0	0	0	0	0	0	19.25	18.7	11.88	201.63	61.05	252.67	261.47	89.32	0	915.97
38.2473	0	0	0	0	0	0	0	0	17.49	11.66	9.57	198.44	58.08	255.42	267.19	91.74	0	909.59
38.2573	0	0	0	0	0	0	0	0	13.97	6.93	7.15	188.76	55.11	261.03	269.94	94.27	0	897.16
38.2673	0	0	0	0	0	0	0	0	13.97	4.62	7.15	179.19	52.25	263.89	272.8	96.69	0	890.56
38.2773	0	0	0	0	0	0	0	0	13.97	4.62	4.73	163.24	46.75	266.64	272.8	101.53	0	874.28
38.2873	0	0	0	0	0	0	0	0	12.21	0	4.73	147.51	41.25	269.39	272.8	104.06	0	851.95
38.2973	6.93	0	0	0	0	0	0	0	12.21	0	4.73	131.67	35.75	272.25	269.94	108.9	6.93	835.45
38.3073	13.86	0	0	0	0	0	0	0	10.45	0	0	112.75	30.25	272.25	269.94	113.85	13.86	809.49
38.3173	41.8	0	0	0	0	0	0	0	10.45	0	0	97.02	22	275	264.33	116.05	41.8	784.85
38.3273	150.26	19.47	7.26	3.41	0	3.85	0	0	10.45	0	0	81.29	19.25	277.86	258.72	120.45	184.25	768.02
38.3373	231.11	44.77	21.78	10.34	4.18	7.81	0	0	8.69	0	0	62.48	16.5	277.86	253	122.76	319.99	741.29
38.3473	238.92	71.94	41.14	25.85	8.47	11.66	0	0	8.69	0	0	45.21	13.75	272.25	241.67	124.96	397.98	706.53
38.3573	251.9	104.94	67.54	41.36	14.74	23.43	4.51	3.52	6.93	0	0	33.88	11	258.28	227.59	124.96	511.94	662.64
38.3673	254.43	122.21	84.04	56.87	19.03	31.24	9.13	5.28	5.17	0	0	25.41	8.25	230.34	207.02	127.16	582.23	603.35
38.3773	259.6	128.48	95.81	65.23	23.21	42.9	16.72	10.56	3.41	0	0	14.08	8.25	189.64	186.12	124.96	642.51	526.46
38.3873	262.24	130.57	105.27	65.23	25.41	52.69	21.34	12.32	0	0	0	8.47	8.25	146.3	162.36	120.45	675.07	445.83
38.3973	264.88	132.66	114.84	69.63	29.59	63.03	30.47	14.08	0	0	0	0	8.25	113.63	139.15	108.9	719.18	369.93
38.4073	275.22	138.93	127.27	69.63	31.68	72.05	36.63	15.84	0	0	0	0	11	83.82	113.08	91.74	767.25	299.64
38.4173	290.62	145.2	144.54	71.83	33.88	78.76	42.68	17.6	0	0	0	0	11	59.4	89.32	67.32	825.11	227.04
38.4273	308.44	151.47	159.39	76.23	38.06	85.47	45.76	19.36	0	0	0	0	8.25	45.1	77.33	50.82	884.18	181.5
38.4373	323.84	159.83	174.24	78.43	38.06	92.18	48.84	22.88	0	0	0	0	5.5	33.22	65.45	38.06	938.3	142.23
38.4473	331.54	164.01	181.83	85.03	40.15	98.89	50.38	22.88	0	0	0	0	0	26.07	53.9	31.79	974.71	111.76
38.4573	331.54	168.3	184.25	91.74	40.15	103.4	51.92	24.64	0	0	0	0	0	18.92	43.67	25.41	995.94	88
38.4673	331.54	172.81	184.25	98.34	42.35	107.91	51.92	26.4	0	0	0	0	0	14.19	28.27	12.65	1015.52	55.11
38.4773	326.37	177.43	179.3	104.94	42.35	110.11	53.46	26.4	0	0	0	0	0	7.04	12.76	4.18	1020.36	23.98
38.4873	316.14	175.12	174.24	111.54	42.35	112.42	51.92	26.4	0	0	0	0	0	4.73	7.7	4.18	1010.13	16.61
38.4973	305.91	175.12	166.87	116.05	42.35	116.6	51.92	28.27	0	0	0	0	0	4.73	7.7	0	1003.09	12.43
38.5073	293.15	170.61	156.97	120.56	42.35	116.6	53.46	28.27	0	0	0	0	0	0	5.06	0	981.97	5.06
38.5173	280.39	166.1	149.49	124.96	42.35	116.6	51.92	28.27	0	0	0	0	0	0	0	0	960.08	0
38.5273	267.41	159.83	142.12	124.96	42.35	116.6	51.92	28.27	0	0	0	0	0	0	0	0	933.46	0
38.5373	251.9	153.56	134.64	124.96	42.35	116.6	53.46	28.27	0	0	0	0	0	0	0	0	905.74	0
38.5473	236.28	145.2	127.27	124.96	44.44	116.6	55	30.03	0	0	0	0	0	0	0	0	879.78	0
38.5573	225.94	138.93	119.79	124.96	44.44	114.51	56.54	28.27	0	0	0	0	0	0	0	0	853.38	0
38.5673	213.62	130.57	114.84	122.76	46.53	114.51	60.06	30.03	0	0	0	0	0	0	0	0	832.92	0
38.5773	203.94	124.3	110	122.76	46.53	114.51	61.93	30.03	0	0	0	0	0	0	0	0	814	0
38.5873	194.15	118.03	102.96	122.76	48.62	114.51	61.93	30.03	0	0	0	0	0	0	0	0	792.99	0
38.5973	184.47	113.85	100.54	122.76	48.62	114.51	65.56	31.79	0	0	0	0	0	0	0	0	782.1	0
38.6073	174.79	107.14	95.81	122.76	48.62	116.6	67.32	31.79	0	0	0	0	0	0	0	0	764.83	0
38.6173	167.53	100.54	93.5	122.76	50.82	116.6	69.19	33.55	0	0	0	0	0	0	0	0	754.49	0
38.6273	162.58	96.14	91.08	124.96	50.82	118.69	70.95	35.31	0	0	0	0	0	0	0	0	750.53	0
38.6373	155.21	93.94	91.08	124.96	52.91	120.78	74.58	35.31	0	0	0	0	0	0	0	0	748.77	0
38.6473	150.26	89.54	88.77	127.27	52.91	127.16	78.21	38.83	0	0	0	0	0	0	0	0	752.95	0
38.6573	142.89	85.14	88.77	131.67	55	133.54	83.71	40.59	0	0	0	0	0	0	0	0	761.31	0
38.6673	135.52	82.94	86.35	136.18	57.2	142.01	89.1	44.11	0	0	0	0	0	0	0	0	773.41	0
38.6773	128.15	78.54	84.04	140.69	59.4	150.48	94.49	47.63	0	0	0	0	0	0	0	0	783.42	0
38.6873	118.36	74.14	79.31	145.09	59.4	158.95	99.99	52.91	0	0	0	0	0	0	0	0	788.15	0
38.6973	106.48	67.54	72.27	149.6	61.71	165.33	105.38	58.52	0	0	0	0	0	0	0	0	786.83	0
38.7073	97.68	63.14	65.12	156.31	64.02	176.33	112.64	66.55	0	0	0	0	0	0	0	0	801.79	0
38.7173	84.48	54.56	58.08	160.82	66.33	185.13	120.45	74.69	0	0	0	0	0	0	0	0	804.54	0
38.7273	73.37	48.73	48.4	165.33	68.64	194.04	128.59	88.77	0	0	0	0	0	0	0	0	815.87	0
38.7373	62.37	40.92	38.72	169.95	70.95	202.84	136.62	100.87	0	0	0	0	0	0	0	0	823.24	0
38.7473	48.73	33.11	29.04	174.68	70.95	209.44	144.65	110.99	0	0	0	0	0	0	0	0	821.59	0
38.7573	39.49	27.28	21.78	177.1	70.95	218.24	152.79	119.35	0	0	0	0	0	0	0	0	826.98	0
38.7673	34.76	23.32	19.36	177.1	70.95	224.95	158.84	127.71	0	0	0	0	0	0	0	0	836.99	0
38.7773	30.14	17.49	16.94	172.37	68.64	229.35	164.89	138.16	0	0	0	0	0	0	0	0	837.98	0
38.7873	25.52	13.64	14.52	167.64	66.33	231.55	170.94	146.52	0	0	0	0	0	0	0	0	836.66	0
38.7973	23.21	11.66	12.1	158.51	61.71	233.75	173.03	152.79	0	0	0	0	0	0	0	0	826.76	0
38.8073	23.21	11.66	9.68	145.09	57.2	233.75	173.03	156.97	0	0	0	0	0	0	0	0	810.59	0
38.8173	20.9	9.68	9.68	127.27	50.82	233.75	170.94	161.15	0	0	0	0	0	0	0	0	784.19	0
38.8273	18.59	9.68	9.68	109.34	42.35	231.55	168.96	165.33	8.69	0	0	0	0	0	0	0	755.48	8.69
38.8373	18.59	7.7	7.26	89.54	35.97	231.55	164.89	169.62	17.49	11.66	0	0	0	0	0	0	725.12	29.15
38.8473	16.17	7.7	7.26	71.83	29.59	229.35	160.82	174.13	45.65	30.47	0	5.61	0	0	0	0	696.85	81.73
38.8573	16.17	5.83	7.26	55.11	23.21	227.15	154.77	176.44	146.96	87.01	9.57	19.8	0	9.46	0	0	665.94	272.8
38.8673	13.86	3.85	4.84	41.36	12.65	218.24	146.74	178.75	182.27	150.59	26.29	53.68	5.5	23.65	0	4.18	620.29	446.16
38.8773	11.55	3.85	4.84	29.26	12.65	202.84	138.6	181.06	212.41	197.23	45.43	87.56	11	54.56	0	8.47	584.65	616.66
38.8873	6.93	0	4.84	20.68	8.47	174.13	126.5	178.75	236.28	221.43	66	100.21	11	72.93	10.23	10.56	520.3	728.64
38.8973	0	0	0	11.99	8.47	129.25	109.01	176.44	241.23	223.85	71.39	106.48	13.75	81.07	20.46	16.94	435.16	775.17
38.9073	0	0	0	6.82	6.27	87.67	85.47	165.33	224.07	219.01	71.39	109.56	16.5	91.96	33.33	21.12	351.56	786.94
38.9173	0	0	0	3.41	8.47	58.63	63.69	138.16	221.65	223.85	76.89	122.21	19.25	105.49	43.67	23.21	272.36	836.22
38.9273	0	0	0	0	6.27	42.9	50.38	84.81	226.49	235.95	85.03	131.67	19.25	116.38	53.9	27.5	184.36	896.17
38.9373	0	0	0	0	0	31.24	41.25	51.15	241.23	248.05	96.03	141.13	22	127.27	65.45	31.79	123.64	972.95
38.9473	0	0	0	0	0	23.43	33.55	30.03	253.55	255.42	106.92	147.51	24.75	138.16	77.33	35.97	87.01	1039.61
38.9573	0	0	0	0	0	15.62	24.42	19.36	263.45	260.26	115.17	153.78	27.5	146.3	83.27	40.26	59.4	1089.99
38.9673	0	0	0	0	0	9.68	13.75	7.04	260.92	260.26	117.92	163.24	27.5	151.8	89.32	40.26	30.47	1111.22
38.9773	0	0	0	0	0	5.83	6.05	3.52	253.55	260.26	115.17	176	30.25	157.19	92.29	44.44	15.4	1129.15
38.9873	0	0	0	0	0	3.85	2.97	0	236.28	257.84	109.67	191.95	30.25	165.44	92.29	44.44	6.82	1128.16
38.9973	0	0	0	0	0	3.85	2.97	0	217.03	248.05	101.42	204.82	27.5	168.19	89.32	44.44	6.82	1100.77
39.0073	0	0	0	0	0	0	2.97	0	198.55	238.37	93.28	217.58	30.25	173.47	86.35	44.44	2.97	1082.29
39.0173	0	0	0	0	0	0	0	0	179.96	226.27	85.03	226.93	30.25	176.22	86.35	46.53	0	1057.54
39.0273	0	0	0	0	0	0	0	0	159.72	211.75	74.14	235.62	27.5	176.22	80.3	44.44	0	1009.69
39.0373	0	0	0	0	0	0	0	0	142.78	199.65	63.25	244.42	27.5	176.22	77.33	44.44	0	975.59
39.0473	0	0	0	0	0	0	0	0	130.02	185.13	55.11	253.11	27.5	176.22	74.36	44.44	0	945.89
39.0573	0	0	0	0	0	0	0	0	115.28	173.03	50.27	258.94	27.5	176.22	71.39	44.44	0	917.07
39.0673	0	0	0	0	0	0	0	0	103.73	160.6	43.12	264.77	27.5	176.22	68.42	44.44	0	888.8
39.0773	0	0	0	0	0	0	0	0	94.16	148.06	38.28	267.63	24.75	176.22	65.45	44.44	0	858.99
39.0873	0	0	0	0	0	0	0	0	84.7	138.05	35.86	267.63	24.75	176.22	62.48	44.44	0	834.13
39.0973	0	0	0	0	0	0	0	0	77	128.04	31.13	270.6	24.75	176.22	62.48	44.44	0	814.66
39.1073	0	0	0	0	0	0	0	0	69.41	118.03	28.71	270.6	24.75	176.22	62.48	44.44	0	794.64
39.1173	0	0	0	0	0	0	0	0	63.69	113.08	28.71	273.46	24.75	178.86	62.48	44.44	0	789.47
39.1273	0	0	0	0	0	0	0	0	57.97	108.24	26.29	276.43	24.75	178.86	62.48	44.44	0	779.46
39.1373	0	0	0	0	0	0	0	0	54.45	103.51	26.29	279.51	24.75	184.25	65.45	44.44	0	782.65
39.1473	0	0	0	0	0	0	0	0	50.93	98.78	23.87	282.7	24.75	187	65.45	44.44	0	777.92
39.1573	0	0	0	0	0	0	0	0	47.41	94.05	23.87	285.89	27.5	192.39	68.42	46.53	0	786.06
39.1673	0	0	0	0	0	0	0	0	45.65	91.74	23.87	288.97	27.5	195.03	71.39	46.53	0	790.68
39.1773	0	0	0	0	0	0	0	0	42.13	87.01	21.56	292.16	27.5	200.42	77.33	48.73	0	796.84
39.1873	0	0	0	0	0	0	0	0	38.61	82.28	21.56	295.35	30.25	208.45	80.3	50.82	0	807.62
39.1973	0	0	0	0	0	0	0	0	36.85	75.13	21.56	298.43	30.25	216.59	86.35	52.91	0	818.07
39.2073	0	0	0	0	0	0	0	0	33.33	70.4	19.14	301.62	30.25	224.73	95.26	55.11	0	829.84
39.2173	0	0	0	0	0	0	0	0	31.57	65.67	19.14	308	33	235.95	104.17	57.53	0	855.03
39.2273	0	0	0	0	0	0	0	0	28.05	58.63	16.72	311.08	33	247.06	113.08	59.95	0	867.57
39.2373	0	0	0	0	0	0	0	0	26.29	51.59	14.3	314.27	35.75	258.28	121.77	64.9	0	887.15
39.2473	0	0	0	0	0	0	0	0	24.53	44.55	14.3	317.46	35.75	269.39	133.32	69.74	0	909.04
39.2573	0	0	0	0	0	0	0	0	22.77	39.82	11.88	320.54	38.5	280.61	142.12	74.69	0	930.93
39.2673	0	0	0	0	0	0	0	0	21.01	35.09	11.88	323.73	38.5	289.08	150.81	79.53	0	949.63
39.2773	0	0	0	0	0	0	0	0	19.25	28.05	9.57	326.92	38.5	300.41	156.53	84.48	0	963.71
39.2872	0	0	0	0	0	0	0	0	15.73	21.01	7.15	326.92	38.5	311.74	162.36	89.32	0	972.73
39.2972	0	0	0	0	0	0	0	0	13.97	13.97	7.15	320.54	35.75	320.21	165.33	94.27	0	971.19
39.3072	0	0	0	0	0	0	0	0	13.97	9.35	4.73	304.81	35.75	328.68	168.3	99.11	0	964.7
39.3172	0	0	0	0	0	0	0	0	12.21	9.35	4.73	285.89	30.25	337.15	171.27	101.53	0	952.38
39.3272	6.93	0	0	0	0	0	0	0	12.21	6.93	4.73	258.94	27.5	342.76	168.3	106.48	6.93	927.85
39.3372	16.17	0	0	0	0	0	0	0	10.45	6.93	0	226.93	22	348.48	165.33	108.9	16.17	889.02
39.3472	37.18	0	0	0	0	0	0	0	10.45	6.93	0	195.14	16.5	356.95	162.36	113.85	37.18	862.18
39.3572	133.1	19.47	7.26	3.41	0	3.85	0	0	8.69	4.62	0	160.05	13.75	362.56	159.5	118.25	167.09	827.42
39.3672	223.41	42.79	21.78	10.34	0	5.83	0	0	8.69	4.62	0	131.67	11	365.42	153.67	122.76	304.15	797.83
39.3772	238.92	63.14	41.14	22.33	8.47	9.68	0	0	6.93	0	0	97.02	8.25	359.7	147.84	127.16	383.68	746.9
39.3872	249.26	93.94	69.85	32.67	12.65	17.49	2.97	5.28	5.17	0	0	65.67	8.25	342.76	139.15	131.67	484.11	692.67
39.3972	251.9	109.34	91.08	48.18	16.94	25.3	7.59	8.8	3.41	0	0	45.21	5.5	308.88	133.32	133.87	559.13	630.19
39.4072	257.07	118.03	102.96	55.11	23.21	39.05	16.72	14.08	0	0	0	33.88	5.5	247.06	124.63	133.87	626.23	544.94
39.4172	262.24	122.21	114.84	56.87	25.41	46.86	22.88	15.84	0	0	0	22.55	5.5	184.25	115.94	131.67	667.15	459.91
39.4272	264.88	124.3	124.74	58.63	31.68	56.65	33.55	17.6	0	0	0	16.94	5.5	135.41	101.2	120.45	712.03	379.5
39.4372	275.22	128.48	142.12	60.83	33.88	65.34	41.25	19.36	0	0	0	14.08	5.5	91.96	86.35	99.11	766.48	297
39.4472	290.62	134.75	159.39	60.83	38.06	72.05	47.3	22.88	0	0	0	11.22	8.25	64.79	77.33	72.16	825.88	233.75
39.4572	308.44	138.93	179.3	60.83	40.15	76.56	53.46	26.4	0	0	0	5.61	5.5	47.52	65.45	55.11	884.07	179.19
39.4672	323.84	143.11	194.37	60.83	42.35	78.76	58.3	30.03	0	0	0	0	0	35.64	53.9	40.26	931.59	129.8
39.4772	334.07	145.2	206.91	63.03	44.44	83.27	63.69	31.79	0	0	0	0	0	26.07	46.2	35.97	972.4	108.24
39.4872	334.07	145.2	211.86	63.03	46.53	85.47	67.32	33.55	0	0	0	0	0	18.92	33.33	27.5	987.03	79.75
39.4972	334.07	143.11	214.39	63.03	48.62	87.67	70.95	37.07	0	0	0	0	0	11.88	15.4	12.65	998.91	39.93
39.5072	328.9	141.02	211.86	65.23	48.62	89.98	74.58	37.07	0	0	0	0	0	7.04	0	4.18	997.26	11.22
39.5172	321.31	138.93	206.91	65.23	50.82	89.98	78.21	38.83	0	0	0	0	0	4.73	0	4.18	990.22	8.91
39.5272	311.08	134.75	199.32	65.23	52.91	92.18	81.84	38.83	0	0	0	0	0	4.73	0	0	976.14	4.73
39.5372	298.21	128.48	191.84	65.23	52.91	92.18	85.47	38.83	0	0	0	0	0	0	0	0	953.15	0
39.5472	285.45	122.21	184.25	63.03	55	89.98	87.23	38.83	0	0	0	0	0	0	0	0	925.98	0
39.5572	272.58	115.94	176.77	63.03	55	89.98	89.1	38.83	0	0	0	0	0	0	0	0	901.23	0
39.5672	259.6	109.34	166.87	60.83	57.2	89.98	92.73	40.59	0	0	0	0	0	0	0	0	877.14	0
39.5772	246.73	100.54	159.39	60.83	57.2	89.98	94.49	38.83	0	0	0	0	0	0	0	0	847.99	0
39.5872	233.75	96.14	152.02	60.83	59.4	89.98	96.36	40.59	0	0	0	0	0	0	0	0	829.07	0
39.5972	218.46	89.54	144.54	58.63	59.4	89.98	99.99	40.59	0	0	0	0	0	0	0	0	801.13	0
39.6072	208.78	85.14	139.59	60.83	61.71	89.98	101.75	42.35	0	0	0	0	0	0	0	0	790.13	0
39.6172	199.1	80.74	132.22	60.83	61.71	92.18	105.38	42.35	0	0	0	0	0	0	0	0	774.51	0
39.6272	186.89	74.14	124.74	63.03	64.02	94.49	109.01	44.11	0	0	0	0	0	0	0	0	760.43	0
39.6372	174.79	69.74	119.79	65.23	64.02	98.89	114.51	47.63	0	0	0	0	0	0	0	0	754.6	0
39.6472	162.58	65.34	114.84	67.43	66.33	103.4	118.47	49.39	0	0	0	0	0	0	0	0	747.78	0
39.6572	152.68	60.94	110	69.63	68.64	110.11	124.52	52.91	0	0	0	0	0	0	0	0	749.43	0
39.6672	140.47	56.54	102.96	74.03	70.95	114.51	130.57	58.52	0	0	0	0	0	0	0	0	748.55	0
39.6772	130.57	52.58	98.23	76.23	73.26	120.78	136.62	64.57	0	0	0	0	0	0	0	0	752.84	0
39.6872	118.36	48.73	88.77	80.63	75.57	127.16	144.65	78.65	0	0	0	0	0	0	0	0	762.52	0
39.6972	104.28	44.77	81.73	85.03	75.57	135.63	150.7	86.79	0	0	0	0	0	0	0	0	764.5	0
39.7072	93.28	38.94	72.27	89.54	77.88	144.1	158.84	96.91	0	0	0	0	0	0	0	0	771.76	0
39.7172	82.17	33.11	62.81	91.74	77.88	150.48	164.89	104.94	0	0	0	0	0	0	0	0	768.02	0
39.7272	66.77	29.15	50.82	96.14	80.19	158.95	173.03	115.17	0	0	0	0	0	0	0	0	770.22	0
39.7372	55.77	23.32	41.14	98.34	82.5	167.53	181.28	121.44	0	0	0	0	0	0	0	0	771.32	0
39.7472	44.11	19.47	29.04	102.74	82.5	174.13	191.62	129.8	0	0	0	0	0	0	0	0	773.41	0
39.7572	34.76	17.49	24.2	104.94	82.5	180.73	202.07	138.16	0	0	0	0	0	0	0	0	784.85	0
39.7672	32.45	15.51	21.78	104.94	80.19	187.33	210.32	144.43	0	0	0	0	0	0	0	0	796.95	0
39.7772	30.14	11.66	16.94	102.74	77.88	189.53	218.57	152.79	0	0	0	0	0	0	0	0	800.25	0
39.7872	27.83	9.68	14.52	98.34	75.57	194.04	224.84	156.97	0	0	0	0	0	0	0	0	801.79	0
39.7972	23.21	7.7	12.1	89.54	70.95	194.04	229.24	163.24	3.41	0	0	0	0	0	0	0	790.02	3.41
39.8072	20.9	5.83	9.68	76.23	61.71	191.73	229.24	167.42	8.69	0	0	0	0	0	0	0	762.74	8.69
39.8172	18.59	5.83	9.68	63.03	52.91	189.53	229.24	171.82	15.73	0	0	0	0	0	0	0	740.63	15.73
39.8272	16.17	5.83	9.68	49.94	44.44	187.33	227.04	176.44	28.05	13.97	0	0	0	0	0	0	716.87	42.02
39.8372	16.17	3.85	7.26	39.6	35.97	185.13	222.75	181.06	80.85	44.55	9.57	11.22	0	0	0	0	691.79	146.19
39.8472	13.86	3.85	7.26	29.26	27.5	178.53	216.48	185.68	163.9	110.66	21.56	28.27	0	9.46	0	0	662.42	333.85
39.8572	11.55	0	4.84	20.68	21.12	169.73	206.14	190.3	210.1	192.39	40.7	75.02	11	30.8	10.23	10.56	624.36	580.8
39.8672	9.24	0	4.84	13.75	14.74	152.57	189.64	190.3	231.44	223.85	66	100.21	13.75	47.52	10.23	8.47	575.08	701.47
39.8772	6.93	0	4.84	6.82	10.56	125.07	168.96	187.99	233.86	216.59	74.14	100.21	13.75	59.4	17.93	12.65	511.17	728.53
39.8872	0	0	0	0	8.47	92.18	134.64	181.06	214.72	204.49	74.14	106.48	19.25	72.93	33.33	16.94	416.35	742.28
39.8972	0	0	0	0	8.47	63.03	96.36	165.33	210.1	199.65	82.39	115.94	22	86.46	48.73	21.12	333.19	786.39
39.9072	0	0	0	0	10.56	44.88	69.19	136.07	219.34	209.33	96.03	125.4	27.5	102.74	62.48	25.41	260.7	868.23
39.9172	0	0	0	0	8.47	35.09	55	84.81	238.81	221.43	112.42	131.67	30.25	113.63	80.3	29.59	183.37	958.1
39.9272	0	0	0	0	4.18	27.28	45.76	51.15	260.92	231.11	129.14	134.86	33	124.52	95.26	35.97	128.37	1044.78
39.9372	0	0	0	0	0	19.47	39.71	35.31	275.77	238.37	143	137.94	38.5	132.77	107.14	38.06	94.49	1111.55
39.9472	0	0	0	0	0	15.62	28.93	21.12	283.25	240.79	151.36	144.32	41.25	140.91	118.91	42.35	65.67	1163.14
39.9572	0	0	0	0	0	9.68	18.26	7.04	280.72	240.79	154.22	150.59	41.25	146.3	124.63	44.44	34.98	1182.94
39.9672	0	0	0	0	0	5.83	10.67	3.52	270.82	238.37	154.22	153.78	44	154.55	130.46	46.53	20.02	1192.73
39.9772	0	0	0	0	0	3.85	10.67	0	258.5	235.95	148.61	160.05	44	157.19	133.32	46.53	14.52	1184.15
39.9872	0	0	0	0	0	3.85	9.13	0	241.23	228.69	143	166.43	44	162.69	133.32	46.53	12.98	1165.89
39.9972	0	0	0	0	0	3.85	7.59	0	224.07	219.01	134.64	169.62	44	165.44	133.32	46.53	11.44	1136.63
40.0072	0	0	0	0	0	0	6.05	0	207.79	209.33	126.28	172.81	44	165.44	133.32	48.73	6.05	1107.7
40.0172	0	0	0	0	0	0	4.51	0	189.2	197.23	117.92	172.81	44	165.44	130.46	48.73	4.51	1065.79
40.0272	0	0	0	0	0	0	4.51	0	170.72	185.13	106.92	176	44	168.19	130.46	48.73	4.51	1030.15
40.0372	0	0	0	0	0	0	2.97	0	155.43	173.03	98.67	176	44	165.44	127.6	48.73	2.97	988.9
40.0472	0	0	0	0	0	0	2.97	0	140.69	160.6	90.53	179.19	44	165.44	124.63	48.73	2.97	953.81
40.0572	0	0	0	0	0	0	2.97	0	127.93	148.06	82.39	179.19	44	168.19	124.63	48.73	2.97	923.12
40.0672	0	0	0	0	0	0	0	0	115.28	138.05	74.14	179.19	41.25	168.19	121.77	48.73	0	886.6
40.0772	0	0	0	0	0	0	0	0	105.71	130.57	68.75	182.38	41.25	168.19	121.77	50.82	0	869.44
40.0872	0	0	0	0	0	0	0	0	94.16	120.56	60.5	185.57	41.25	170.83	121.77	50.82	0	845.46
40.0972	0	0	0	0	0	0	0	0	84.7	110.66	55.11	188.76	41.25	173.47	121.77	50.82	0	826.54
40.1072	0	0	0	0	0	0	0	0	75.13	103.51	50.27	191.95	41.25	178.86	124.63	50.82	0	816.42
40.1172	0	0	0	0	0	0	0	0	67.43	96.47	45.43	198.44	41.25	181.61	127.6	52.91	0	811.14
40.1272	0	0	0	0	0	0	0	0	59.84	87.01	43.12	201.63	41.25	187	127.6	55.11	0	802.56
40.1372	0	0	0	0	0	0	0	0	54.45	82.28	38.28	204.82	44	192.39	133.32	55.11	0	804.65
40.1472	0	0	0	0	0	0	0	0	49.17	75.13	35.86	211.2	44	200.42	139.15	57.53	0	812.46
40.1572	0	0	0	0	0	0	0	0	45.65	70.4	33.44	214.39	44	208.45	147.84	57.53	0	821.7
40.1672	0	0	0	0	0	0	0	0	40.37	65.67	31.13	220.77	44	213.84	153.67	59.95	0	829.4
40.1772	0	0	0	0	0	0	2.97	0	36.85	60.94	26.29	224.07	46.75	221.98	162.36	62.37	2.97	841.61
40.1872	0	0	0	0	0	0	0	0	33.33	53.9	23.87	229.79	46.75	230.34	171.27	64.9	0	854.15
40.1972	0	0	0	0	0	0	2.97	0	29.81	49.17	21.56	232.76	49.5	238.7	180.18	69.74	2.97	871.42
40.2072	0	0	0	0	0	0	2.97	0	26.29	42.13	19.14	235.62	49.5	247.06	192.06	72.16	2.97	883.96
40.2172	0	0	0	0	0	0	2.97	0	24.53	35.09	16.72	238.59	52.25	252.67	201.08	74.69	2.97	895.62
40.2272	0	0	0	0	0	0	2.97	0	22.77	32.78	16.72	241.45	52.25	261.03	209.99	79.53	2.97	916.52
40.2372	0	0	0	0	0	0	2.97	0	21.01	25.74	14.3	241.45	52.25	266.64	215.93	81.95	2.97	919.27
40.2472	0	0	0	0	0	0	2.97	0	19.25	21.01	11.88	241.45	52.25	272.25	224.73	86.9	2.97	929.72
40.2572	0	0	0	0	0	0	0	0	17.49	13.97	9.57	235.62	52.25	280.61	230.45	89.32	0	929.28
40.2672	0	0	0	0	0	0	0	0	13.97	6.93	7.15	226.93	46.75	283.47	236.06	91.74	0	913
40.2772	0	0	0	0	0	0	0	0	13.97	6.93	7.15	211.2	44	286.33	238.92	96.69	0	905.19
40.2872	0	0	0	0	0	0	0	0	13.97	6.93	4.73	188.76	41.25	286.33	241.67	101.53	0	885.17
40.2972	0	0	0	0	0	0	0	0	12.21	4.62	4.73	166.43	35.75	286.33	241.67	106.48	0	858.22
40.3072	0	0	0	0	0	0	0	0	12.21	4.62	0	144.32	27.5	289.08	241.67	113.85	0	833.25
40.3172	6.93	0	0	0	0	0	0	0	10.45	0	0	122.21	22	291.94	241.67	118.25	6.93	806.52
40.3272	25.52	0	0	0	0	0	0	0	10.45	0	0	97.02	19.25	291.94	238.92	122.76	25.52	780.34
40.3372	120.78	9.68	0	0	0	0	0	0	8.69	0	0	75.02	13.75	289.08	233.2	124.96	130.46	744.7
40.3472	290.62	42.79	19.36	10.34	0	7.81	2.97	0	8.69	0	0	56.54	13.75	280.61	227.59	129.47	373.89	716.65
40.3572	300.85	78.54	45.98	20.68	6.27	9.68	0	0	6.93	0	0	42.35	8.25	266.64	215.93	129.47	462	669.57
40.3672	308.44	132.66	84.04	46.53	14.74	23.43	4.51	5.28	5.17	0	0	28.27	8.25	235.95	198.11	129.47	619.63	605.22
40.3772	308.44	155.65	105.27	69.63	21.12	31.24	9.13	8.8	0	0	0	16.94	8.25	192.39	180.18	129.47	709.28	527.23
40.3872	316.14	164.01	117.37	82.83	23.21	39.05	15.18	12.32	0	0	0	8.47	8.25	149.05	156.53	122.76	770.11	445.06
40.3972	305.91	159.83	122.32	87.34	25.41	50.71	21.34	12.32	0	0	0	5.61	8.25	113.63	127.6	111.32	785.18	366.41
40.4072	300.85	161.92	129.69	96.14	29.59	65.34	27.5	15.84	0	0	0	0	8.25	78.32	104.17	89.32	826.87	280.06
40.4172	303.38	168.3	139.59	100.54	33.88	76.56	33.55	15.84	0	0	0	0	8.25	54.56	83.27	62.37	871.64	208.45
40.4272	313.61	175.12	152.02	107.14	35.97	85.47	39.71	19.36	0	0	0	0	8.25	40.37	71.39	46.53	928.4	166.54
40.4372	323.84	179.63	164.34	111.54	40.15	92.18	44.22	19.36	0	0	0	0	5.5	28.49	56.54	33.88	975.26	124.41
40.4472	328.9	184.25	171.82	116.05	40.15	101.2	47.3	21.12	0	0	0	0	0	21.34	48.73	27.5	1010.79	97.57
40.4572	331.54	186.45	176.77	120.56	42.35	105.6	48.84	22.88	0	0	0	0	0	16.61	35.97	19.03	1034.99	71.61
40.4672	326.37	188.76	176.77	129.47	42.35	110.11	50.38	22.88	0	0	0	0	0	9.46	17.93	6.27	1047.09	33.66
40.4772	316.14	188.76	171.82	136.18	42.35	114.51	50.38	24.64	0	0	0	0	0	4.73	5.06	0	1044.78	9.79
40.4872	303.38	186.45	164.34	145.09	42.35	118.69	50.38	24.64	0	0	0	0	0	0	0	0	1035.32	0
40.4972	287.98	184.25	156.97	154.11	44.44	122.98	50.38	24.64	0	0	0	0	0	0	0	0	1025.75	0
40.5072	270.05	179.63	144.54	160.82	42.35	125.07	50.38	24.64	0	0	0	0	0	0	0	0	997.48	0
40.5172	249.26	172.81	134.64	167.64	42.35	127.16	48.84	26.4	0	0	0	0	0	0	0	0	969.1	0
40.5272	231.11	164.01	122.32	174.68	44.44	127.16	48.84	26.4	0	0	0	0	0	0	0	0	938.96	0
40.5372	211.2	155.65	112.42	181.83	42.35	129.25	48.84	26.4	0	0	0	0	0	0	0	0	907.94	0
40.5472	194.15	147.29	102.96	186.56	42.35	129.25	47.3	26.4	0	0	0	0	0	0	0	0	876.26	0
40.5572	179.63	141.02	93.5	191.29	42.35	129.25	47.3	28.27	0	0	0	0	0	0	0	0	852.61	0
40.5672	165	132.66	84.04	195.91	42.35	131.45	47.3	28.27	0	0	0	0	0	0	0	0	826.98	0
40.5772	152.68	122.21	77	198.33	42.35	131.45	47.3	28.27	0	0	0	0	0	0	0	0	799.59	0
40.5872	137.94	113.85	69.85	203.06	42.35	133.54	47.3	28.27	0	0	0	0	0	0	0	0	776.16	0
40.5972	125.73	104.94	62.81	207.79	44.44	135.63	47.3	30.03	0	0	0	0	0	0	0	0	758.67	0
40.6072	113.41	93.94	55.77	210.1	44.44	137.72	50.38	30.03	0	0	0	0	0	0	0	0	735.79	0
40.6172	102.08	85.14	50.82	212.52	44.44	142.01	51.92	30.03	0	0	0	0	0	0	0	0	718.96	0
40.6272	93.28	78.54	45.98	212.52	46.53	144.1	53.46	31.79	0	0	0	0	0	0	0	0	706.2	0
40.6372	84.48	71.94	43.56	217.25	46.53	150.48	55	31.79	0	0	0	0	0	0	0	0	701.03	0
40.6472	77.77	65.34	38.72	219.56	48.62	154.66	58.3	33.55	0	0	0	0	0	0	0	0	696.52	0
40.6572	71.17	58.74	33.88	224.18	48.62	161.04	60.06	35.31	0	0	0	0	0	0	0	0	693	0
40.6672	62.37	52.58	29.04	228.69	48.62	167.53	63.69	35.31	0	0	0	0	0	0	0	0	687.83	0
40.6772	53.35	46.75	24.2	231	48.62	176.33	67.32	37.07	0	0	0	0	0	0	0	0	684.64	0
40.6872	44.11	38.94	21.78	235.51	48.62	185.13	70.95	40.59	0	0	0	0	0	0	0	0	685.63	0
40.6972	39.49	35.09	19.36	237.82	48.62	194.04	74.58	44.11	0	0	0	0	0	0	0	0	693.11	0
40.7072	34.76	31.13	16.94	240.13	46.53	202.84	78.21	47.63	0	0	0	0	0	0	0	0	698.17	0
40.7171	32.45	29.15	16.94	240.13	48.62	211.64	83.71	52.91	0	0	0	0	0	0	0	0	715.55	0
40.7271	30.14	25.3	14.52	240.13	46.53	220.55	89.1	60.5	0	0	0	0	0	0	0	0	726.77	0
40.7371	27.83	21.34	12.1	242.33	48.62	229.35	94.49	70.62	0	0	0	0	0	0	0	0	746.68	0
40.7471	25.52	17.49	12.1	242.33	48.62	238.15	98.12	80.74	0	0	0	0	0	0	0	0	763.07	0
40.7571	23.21	15.51	9.68	240.13	46.53	246.95	101.75	100.87	0	0	0	0	0	0	0	0	784.63	0
40.7671	20.9	15.51	9.68	237.82	46.53	253.55	105.38	115.17	0	0	0	0	0	0	0	0	804.54	0
40.7771	20.9	13.64	9.68	231	44.44	260.15	109.01	125.62	0	0	0	0	0	0	0	0	814.44	0
40.7871	20.9	13.64	9.68	224.18	42.35	266.75	110.88	136.07	0	0	0	0	0	0	0	0	824.45	0
40.7971	20.9	13.64	7.26	212.52	38.06	271.15	112.64	146.52	0	0	0	0	0	0	0	0	822.69	0
40.8071	18.59	11.66	7.26	195.91	35.97	273.35	112.64	156.97	0	0	0	0	0	0	0	0	812.35	0
40.8171	18.59	11.66	7.26	174.68	31.68	275.55	112.64	165.33	0	0	0	0	0	0	0	0	797.39	0
40.8271	16.17	9.68	4.84	154.11	29.59	277.86	109.01	171.82	5.17	0	0	0	0	0	0	0	773.08	5.17
40.8371	16.17	9.68	7.26	131.67	25.41	277.86	105.38	181.06	10.45	6.93	0	0	0	0	0	0	754.49	17.38
40.8471	13.86	9.68	4.84	111.54	21.12	279.84	101.75	183.37	15.73	11.66	0	0	0	0	0	0	726	27.39
40.8571	13.86	7.7	4.84	91.74	19.03	277.86	98.12	190.3	33.33	28.05	0	8.47	0	0	0	0	703.45	69.85
40.8671	11.55	5.83	4.84	74.03	14.74	273.35	92.73	194.92	125.84	82.28	11.88	19.8	0	9.46	0	0	671.99	249.26
40.8771	9.24	5.83	4.84	56.87	10.56	262.35	87.23	201.74	189.2	158.07	26.29	56.54	5.5	26.07	0	0	638.66	461.67
40.8871	6.93	3.85	0	43.01	8.47	238.15	83.71	206.36	224.07	209.33	47.85	90.75	11	56.98	0	10.56	590.48	650.54
40.8971	0	0	0	32.67	6.27	196.24	76.45	206.36	258.5	238.37	71.39	103.29	11	75.68	10.23	12.65	517.99	781.11
40.9071	0	0	0	25.85	8.47	137.72	69.19	194.92	270.82	240.79	79.64	109.56	13.75	83.82	25.63	19.03	436.15	843.04
40.9171	0	0	0	20.68	8.47	89.98	58.3	165.33	258.5	233.53	82.39	109.56	16.5	91.96	38.5	21.12	342.76	852.06
40.9271	0	0	0	13.75	6.27	58.63	48.84	115.17	246.18	231.11	85.03	112.75	19.25	102.74	48.73	25.41	242.66	871.2
40.9371	0	0	0	8.58	4.18	42.9	41.25	76.67	246.18	233.53	93.28	119.02	22	116.38	59.51	29.59	173.58	919.49
40.9471	0	0	0	3.41	0	31.24	33.55	49.39	251.13	238.37	101.42	125.4	22	127.27	74.36	33.88	117.59	973.83
40.9571	0	0	0	0	0	21.45	24.42	24.64	258.5	240.79	109.67	128.48	24.75	138.16	89.32	38.06	70.51	1027.73
40.9671	0	0	0	0	0	15.62	16.72	12.32	265.87	243.21	117.92	134.86	27.5	146.3	101.2	42.35	44.66	1079.21
40.9771	0	0	0	0	0	9.68	7.59	0	263.45	243.21	123.53	141.13	30.25	154.55	113.08	44.44	17.27	1113.64
40.9871	0	0	0	3.41	0	5.83	0	0	253.55	240.79	120.78	147.51	30.25	159.94	118.91	46.53	9.24	1118.26
40.9971	0	0	0	0	0	5.83	0	0	241.23	238.37	117.92	156.97	33	168.19	121.77	46.53	5.83	1123.98
41.0071	0	0	0	0	0	3.85	0	0	221.65	231.11	109.67	166.43	33	173.47	124.63	48.73	3.85	1108.69
41.0171	0	0	0	0	0	3.85	0	0	203.17	221.43	101.42	176	33	178.86	124.63	50.82	3.85	1089.33
41.0271	0	0	0	0	0	0	0	0	182.27	209.33	93.28	185.57	33	184.25	121.77	50.82	0	1060.29
41.0371	0	0	0	0	0	0	0	0	161.81	197.23	82.39	191.95	33	189.64	121.77	52.91	0	1030.7
41.0471	0	0	0	0	0	0	0	0	144.87	182.71	74.14	201.63	33	192.39	121.77	52.91	0	1003.42
41.0571	0	0	0	0	0	0	0	0	127.93	168.19	63.25	208.01	33	195.03	118.91	52.91	0	967.23
41.0671	0	0	0	0	0	0	0	0	111.43	153.12	55.11	214.39	33	197.67	115.94	52.91	0	933.57
41.0771	0	0	0	0	0	0	0	0	96.14	138.05	47.85	220.77	33	200.42	115.94	55.11	0	907.28
41.0871	0	0	0	0	0	0	0	0	82.72	123.09	40.7	226.93	33	203.06	113.08	55.11	0	877.69
41.0971	0	0	0	0	0	0	0	0	69.41	108.24	35.86	229.79	33	205.81	113.08	55.11	0	850.3
41.1071	0	0	0	0	0	0	0	0	57.97	96.47	31.13	235.62	30.25	208.45	113.08	57.53	0	830.5
41.1171	0	0	0	0	0	0	0	0	45.65	82.28	26.29	238.59	30.25	211.2	113.08	57.53	0	804.87
41.1271	0	0	0	0	0	0	0	0	38.61	70.4	21.56	241.45	30.25	216.59	113.08	57.53	0	789.47
41.1371	0	0	0	0	0	0	0	0	31.57	58.63	19.14	244.42	30.25	219.23	113.08	57.53	0	773.85
41.1471	0	0	0	0	0	0	0	0	26.29	51.59	14.3	250.14	30.25	224.73	113.08	57.53	0	767.91
41.1571	0	0	0	0	0	0	0	0	24.53	42.13	14.3	253.11	30.25	230.34	113.08	59.95	0	767.69
41.1671	0	0	0	0	0	0	0	0	21.01	39.82	11.88	253.11	30.25	235.95	115.94	59.95	0	767.91
41.1771	0	0	0	0	0	0	0	0	21.01	35.09	9.57	255.97	30.25	241.45	118.91	59.95	0	772.2
41.1871	0	0	0	0	0	0	0	0	19.25	30.47	9.57	255.97	30.25	247.06	121.77	59.95	0	774.29
41.1971	0	0	0	0	0	0	0	0	17.49	25.74	9.57	258.94	30.25	252.67	124.63	62.37	0	781.66
41.2071	0	0	0	0	0	0	0	0	17.49	23.43	7.15	261.8	30.25	258.28	127.6	64.9	0	790.9
41.2171	0	0	0	0	0	0	0	0	15.73	18.7	7.15	261.8	27.5	263.89	130.46	64.9	0	790.13
41.2271	0	0	0	0	0	0	0	0	13.97	16.39	7.15	264.77	27.5	269.39	133.32	67.32	0	799.81
41.2371	0	0	0	0	0	0	0	0	13.97	11.66	4.73	264.77	27.5	277.86	136.29	69.74	0	806.52
41.2471	0	0	0	0	0	0	0	0	12.21	9.35	4.73	264.77	27.5	286.33	139.15	72.16	0	816.2
41.2571	0	0	0	0	0	0	0	0	12.21	6.93	4.73	264.77	27.5	294.8	142.12	77.11	0	830.17
41.2671	0	0	0	0	0	0	0	0	12.21	6.93	4.73	264.77	27.5	303.27	144.98	81.95	0	846.34
41.2771	0	0	0	0	0	0	0	0	12.21	4.62	0	258.94	24.75	308.88	144.98	86.9	0	841.28
41.2871	0	0	0	0	0	0	0	0	12.21	4.62	0	253.11	24.75	317.35	147.84	91.74	0	851.62
41.2971	0	0	0	0	0	0	0	0	10.45	4.62	0	241.45	22	325.82	147.84	96.69	0	848.87
41.3071	0	0	0	0	0	0	0	0	10.45	4.62	0	226.93	19.25	331.54	147.84	101.53	0	842.16
41.3171	0	0	0	0	0	0	0	0	10.45	4.62	0	204.82	16.5	337.15	150.81	106.48	0	830.83
41.3271	0	0	0	0	0	0	0	0	10.45	0	0	182.38	16.5	342.76	150.81	113.85	0	816.75
41.3371	9.24	0	0	0	0	0	0	0	8.69	0	0	156.97	11	348.48	147.84	120.45	9.24	793.43
41.3471	20.9	0	0	0	0	0	0	0	8.69	0	0	134.86	11	351.23	147.84	124.96	20.9	778.58
41.3571	57.97	3.85	0	0	0	0	0	0	6.93	0	0	109.56	8.25	354.09	144.98	129.47	61.82	753.28
41.3671	251.9	31.13	12.1	6.82	0	5.83	0	0	6.93	0	0	84.48	8.25	354.09	142.12	136.18	307.78	732.05
41.3771	298.21	60.94	31.46	15.51	0	7.81	0	0	6.93	0	0	65.67	5.5	348.48	136.29	138.38	413.93	701.25
41.3871	305.91	109.34	65.12	39.6	12.65	17.49	0	0	3.41	0	0	48.07	5.5	325.82	127.6	142.89	550.11	653.29
41.3971	300.85	141.02	91.08	58.63	19.03	25.3	4.51	5.28	3.41	0	0	36.74	5.5	289.08	118.91	142.89	645.7	596.53
41.4071	300.85	153.56	102.96	78.43	21.12	33.22	10.67	10.56	0	0	0	28.27	5.5	235.95	113.08	142.89	711.37	525.69
41.4171	295.68	153.56	110	87.34	25.41	44.88	16.72	10.56	0	0	0	22.55	5.5	178.86	107.14	136.18	744.15	450.23
41.4271	290.62	153.56	122.32	93.94	29.59	63.03	24.42	14.08	0	0	0	16.94	5.5	132.77	98.23	120.45	791.56	373.89
41.4371	293.15	157.74	137.17	96.14	33.88	76.56	33.55	15.84	0	0	0	14.08	8.25	89.21	86.35	99.11	844.03	297
41.4471	303.38	164.01	154.44	96.14	35.97	85.47	42.68	19.36	0	0	0	8.47	8.25	64.79	77.33	72.16	901.45	231
41.4571	316.14	166.1	171.82	96.14	40.15	94.49	48.84	21.12	0	0	0	0	5.5	47.52	65.45	52.91	954.8	171.38
41.4671	326.37	168.3	186.78	98.34	42.35	101.2	53.46	22.88	0	0	0	0	0	35.64	53.9	40.26	999.68	129.8
41.4771	328.9	170.61	196.79	100.54	44.44	107.91	56.54	26.4	0	0	0	0	0	26.07	46.2	33.88	1032.13	106.15
41.4871	328.9	170.61	199.32	102.74	44.44	112.42	60.06	28.27	0	0	0	0	0	18.92	33.33	23.21	1046.76	75.46
41.4971	326.37	172.81	199.32	107.14	46.53	116.6	60.06	30.03	0	0	0	0	0	11.88	15.4	8.47	1058.86	35.75
41.5071	318.67	172.81	194.37	111.54	46.53	120.78	61.93	33.55	0	0	0	0	0	4.73	0	0	1060.18	4.73
41.5171	303.38	170.61	186.78	118.25	46.53	122.98	63.69	35.31	0	0	0	0	0	4.73	0	0	1047.53	4.73
41.5271	290.62	168.3	174.24	124.96	46.53	125.07	61.93	37.07	0	0	0	0	0	0	0	0	1028.72	0
41.5371	272.58	164.01	164.34	131.67	46.53	129.25	60.06	37.07	0	0	0	0	0	0	0	0	1005.51	0
41.5471	254.43	157.74	152.02	138.38	46.53	131.45	60.06	37.07	0	0	0	0	0	0	0	0	977.68	0
41.5571	236.28	151.47	139.59	142.89	46.53	131.45	60.06	38.83	0	0	0	0	0	0	0	0	947.1	0
41.5671	218.46	143.11	129.69	145.09	46.53	133.54	60.06	38.83	0	0	0	0	0	0	0	0	915.31	0
41.5771	201.52	134.75	117.37	147.4	46.53	133.54	60.06	38.83	0	0	0	0	0	0	0	0	880	0
41.5871	186.89	126.39	110	149.6	46.53	133.54	60.06	38.83	0	0	0	0	0	0	0	0	851.84	0
41.5971	172.37	118.03	102.96	151.8	48.62	135.63	61.93	40.59	0	0	0	0	0	0	0	0	831.93	0
41.6071	160.05	111.54	95.81	154.11	48.62	137.72	63.69	40.59	0	0	0	0	0	0	0	0	812.13	0
41.6171	147.84	102.74	88.77	156.31	48.62	139.92	65.56	42.35	0	0	0	0	0	0	0	0	792.11	0
41.6271	135.52	96.14	79.31	158.51	48.62	142.01	65.56	44.11	0	0	0	0	0	0	0	0	769.78	0
41.6371	123.2	87.34	72.27	160.82	48.62	144.1	69.19	44.11	0	0	0	0	0	0	0	0	749.65	0
41.6471	110.99	78.54	67.54	163.02	50.82	148.39	70.95	45.87	0	0	0	0	0	0	0	0	736.12	0
41.6571	102.08	71.94	60.39	165.33	50.82	152.57	74.58	47.63	0	0	0	0	0	0	0	0	725.34	0
41.6671	93.28	67.54	55.77	169.95	50.82	156.86	76.45	51.15	0	0	0	0	0	0	0	0	721.82	0
41.6771	84.48	60.94	50.82	172.37	52.91	163.13	80.08	54.67	0	0	0	0	0	0	0	0	719.4	0
41.6871	77.77	56.54	45.98	177.1	52.91	169.73	83.71	58.52	0	0	0	0	0	0	0	0	722.26	0
41.6971	68.97	50.6	41.14	179.41	52.91	176.33	87.23	64.57	0	0	0	0	0	0	0	0	721.16	0
41.7071	62.37	46.75	36.3	181.83	52.91	182.93	90.86	70.62	0	0	0	0	0	0	0	0	724.57	0
41.7171	53.35	40.92	31.46	184.14	55	189.53	94.49	78.65	0	0	0	0	0	0	0	0	727.54	0
41.7271	46.42	35.09	26.62	186.56	55	196.24	99.99	92.84	0	0	0	0	0	0	0	0	738.76	0
41.7371	39.49	29.15	21.78	188.87	55	202.84	105.38	104.94	0	0	0	0	0	0	0	0	747.45	0
41.7471	34.76	27.28	19.36	188.87	55	211.64	112.64	115.17	0	0	0	0	0	0	0	0	764.72	0
41.7571	32.45	23.32	16.94	188.87	55	218.24	118.47	123.53	0	0	0	0	0	0	0	0	776.82	0
41.7671	30.14	19.47	14.52	188.87	55	224.95	124.52	131.89	0	0	0	0	0	0	0	0	789.36	0
41.7771	25.52	15.51	14.52	184.14	55	231.55	130.57	140.25	0	0	0	0	0	0	0	0	797.06	0
41.7871	23.21	13.64	12.1	179.41	52.91	235.95	134.64	150.7	0	0	0	0	0	0	0	0	802.56	0
41.7971	23.21	13.64	12.1	174.68	50.82	238.15	138.6	161.15	0	0	0	0	0	0	0	0	812.35	0
41.8071	23.21	11.66	9.68	165.33	48.62	240.35	142.67	167.42	0	0	0	0	0	0	0	0	808.94	0
41.8171	20.9	11.66	9.68	156.31	46.53	242.55	144.65	174.13	0	0	0	0	0	0	0	0	806.41	0
41.8271	18.59	9.68	9.68	142.89	42.35	244.75	144.65	181.06	0	0	0	0	0	0	0	0	793.65	0
41.8371	18.59	9.68	9.68	127.27	38.06	242.55	144.65	183.37	0	0	0	0	0	0	0	0	773.85	0
41.8471	16.17	7.7	7.26	111.54	33.88	242.55	142.67	187.99	5.17	0	0	0	0	0	0	0	749.76	5.17
41.8571	16.17	7.7	7.26	96.14	29.59	244.75	140.69	192.61	10.45	6.93	0	0	0	0	0	0	734.91	17.38
41.8671	16.17	7.7	7.26	80.63	25.41	244.75	136.62	197.23	17.49	13.97	0	0	0	0	0	0	715.77	31.46
41.8771	13.86	5.83	4.84	67.43	21.12	246.95	132.55	201.74	42.13	30.47	4.73	8.47	0	0	0	0	694.32	85.8
41.8871	11.55	5.83	4.84	55.11	16.94	246.95	126.5	206.36	130.02	82.28	11.88	19.8	0	7.04	0	0	674.08	251.02
41.8971	11.55	3.85	4.84	43.01	12.65	240.35	120.45	208.67	173.03	143.11	26.29	50.82	5.5	23.65	5.06	4.18	645.37	431.64
41.9071	6.93	0	4.84	31.02	10.56	222.75	112.64	213.29	203.17	187.55	47.85	84.48	11	54.56	0	8.47	602.03	597.08
41.9171	4.62	0	0	24.09	8.47	189.53	103.62	215.6	238.81	209.33	71.39	97.02	13.75	72.93	15.4	12.65	545.93	731.28
41.9271	0	0	0	17.16	8.47	142.01	89.1	213.29	251.13	211.75	82.39	100.21	19.25	83.82	35.97	19.03	470.03	803.55
41.9371	0	0	0	13.75	8.47	96.69	72.82	194.92	238.81	206.91	85.03	103.29	22	91.96	43.67	21.12	386.65	812.79
41.9471	0	0	0	8.58	8.47	65.34	58.3	154.88	231.44	204.49	87.78	106.48	22	102.74	53.9	25.41	295.57	834.24
41.9571	0	0	0	3.41	6.27	48.84	50.38	98.89	236.28	214.17	98.67	112.75	24.75	116.38	65.45	29.59	207.79	898.04
41.9671	0	0	0	0	4.18	35.09	41.25	70.62	253.55	223.85	112.42	119.02	27.5	127.27	80.3	33.88	151.14	977.79
41.9771	0	0	0	0	0	25.3	33.55	44.11	270.82	231.11	126.28	122.21	30.25	135.41	95.26	38.06	102.96	1049.4
41.9871	0	0	0	0	0	19.47	25.96	26.4	285.78	235.95	137.5	125.4	33	140.91	104.17	42.35	71.83	1105.06
41.9971	0	0	0	0	0	13.64	16.72	10.56	290.84	238.37	143	128.48	33	146.3	113.08	44.44	40.92	1137.51
42.0071	0	0	0	0	0	7.81	9.13	0	285.78	240.79	143	134.86	35.75	151.8	115.94	44.44	16.94	1152.36
42.0171	0	0	0	0	0	7.81	6.05	0	278.19	240.79	140.25	141.13	35.75	157.19	118.91	46.53	13.86	1158.74
42.0271	0	0	0	0	0	5.83	4.51	0	263.45	235.95	134.64	147.51	35.75	159.94	121.77	46.53	10.34	1145.54
42.0371	0	0	0	0	0	5.83	2.97	0	246.18	231.11	129.14	153.78	38.5	165.44	118.91	46.53	8.8	1129.59
42.0471	0	0	0	0	0	3.85	0	0	226.49	221.43	120.78	156.97	38.5	165.44	121.77	46.53	3.85	1097.91
42.0571	0	0	0	0	0	3.85	0	0	207.79	211.75	112.42	163.24	35.75	168.19	118.91	48.73	3.85	1066.78
42.0671	0	0	0	0	0	0	0	0	189.2	199.65	104.17	166.43	38.5	168.19	118.91	48.73	0	1033.78
42.0771	0	0	0	0	0	0	0	0	173.03	187.55	96.03	166.43	38.5	168.19	115.94	48.73	0	994.4
42.0871	0	0	0	0	0	0	0	0	157.63	177.87	87.78	169.62	38.5	168.19	115.94	50.82	0	966.35
42.0971	0	0	0	0	0	0	0	0	144.87	165.66	79.64	169.62	38.5	168.19	118.91	50.82	0	936.21
42.1071	0	0	0	0	0	0	0	0	132.22	153.12	74.14	169.62	38.5	168.19	118.91	50.82	0	905.52
42.1171	0	0	0	0	0	0	0	0	121.55	143.11	68.75	169.62	38.5	168.19	121.77	52.91	0	884.4
42.1271	0	0	0	0	0	0	0	0	113.3	133.1	66	166.43	41.25	168.19	124.63	52.91	0	865.81
42.1371	0	0	0	0	0	0	0	0	105.71	125.51	63.25	166.43	41.25	168.19	127.6	52.91	0	850.85
42.1470	0	0	0	0	0	0	0	0	99.99	118.03	57.75	166.43	41.25	170.83	130.46	55.11	0	839.85
42.1570	0	0	0	0	0	0	0	0	92.29	113.08	55.11	166.43	44	170.83	136.29	55.11	0	833.14
42.1670	0	0	0	0	0	0	0	0	86.57	105.93	55.11	166.43	44	173.47	142.12	57.53	0	831.16
42.1770	0	0	0	0	0	0	0	0	82.72	101.2	52.69	169.62	46.75	176.22	147.84	57.53	0	834.57
42.1870	0	0	0	0	0	0	0	0	78.98	98.78	50.27	172.81	46.75	181.61	153.67	59.95	0	842.82
42.1970	0	0	0	0	0	0	0	0	73.15	94.05	50.27	176	49.5	189.64	162.36	62.37	0	857.34
42.2070	0	0	0	0	0	0	0	0	69.41	89.32	47.85	182.38	49.5	195.03	171.27	64.9	0	869.66
42.2170	0	0	0	0	0	0	0	0	63.69	87.01	45.43	185.57	52.25	203.06	177.21	69.74	0	883.96
42.2270	0	0	0	0	0	0	0	0	57.97	79.86	40.7	191.95	52.25	211.2	189.09	72.16	0	895.18
42.2370	0	0	0	0	0	0	0	0	52.69	72.82	38.28	198.44	55.11	219.23	198.11	77.11	0	911.79
42.2470	0	0	0	0	0	0	0	0	43.89	65.67	33.44	201.63	55.11	227.48	204.05	81.95	0	913.22
42.2570	0	0	0	0	0	0	0	0	38.61	58.63	26.29	208.01	55.11	233.09	212.96	84.48	0	917.18
42.2670	0	0	0	0	0	0	0	0	31.57	49.17	21.56	211.2	58.08	241.45	218.9	89.32	0	921.25
42.2770	0	0	0	0	0	0	0	0	28.05	39.82	19.14	217.58	58.08	247.06	227.59	91.74	0	929.06
42.2870	0	0	0	0	0	0	0	0	24.53	32.78	16.72	220.77	61.05	252.67	233.2	96.69	0	938.41
42.2970	0	0	0	0	0	0	0	0	22.77	25.74	14.3	220.77	58.08	261.03	238.92	99.11	0	940.72
42.3070	0	0	0	0	0	0	0	0	19.25	18.7	11.88	220.77	58.08	266.64	241.67	101.53	0	938.52
42.3170	0	0	0	0	0	0	0	0	17.49	9.35	9.57	211.2	55.11	272.25	244.53	104.06	0	923.56
42.3270	0	0	0	0	0	0	0	0	15.73	6.93	7.15	198.44	49.5	272.25	247.39	106.48	0	903.87
42.3370	0	0	0	0	0	0	0	0	13.97	4.62	4.73	179.19	46.75	275	247.39	106.48	0	878.13
42.3470	4.62	0	0	0	0	0	0	0	13.97	4.62	4.73	160.05	38.5	272.25	247.39	111.32	4.62	852.83
42.3570	16.17	0	0	0	0	0	0	0	13.97	0	4.73	134.86	33	275	247.39	113.85	16.17	822.8
42.3670	55.77	0	0	0	0	0	0	0	12.21	0	0	115.94	27.5	275	247.39	118.25	55.77	796.29
42.3770	223.41	17.49	7.26	0	0	3.85	0	0	10.45	0	0	93.94	22	275	241.67	120.45	252.01	763.51
42.3870	264.88	44.77	19.36	10.34	0	7.81	0	0	10.45	0	0	75.02	16.5	275	238.92	122.76	347.16	738.65
42.3970	270.05	78.54	41.14	25.85	6.27	11.66	0	0	8.69	0	0	56.54	13.75	266.64	230.45	124.96	433.51	701.03
42.4070	275.22	120.12	69.85	44.77	14.74	23.43	4.51	0	6.93	0	0	39.6	11	249.92	215.93	127.16	552.64	650.54
42.4170	275.22	141.02	84.04	65.23	19.03	31.24	9.13	7.04	5.17	0	0	28.27	8.25	221.98	201.08	127.16	631.95	591.91
42.4270	280.39	147.29	95.81	80.63	23.21	39.05	15.18	7.04	3.41	0	0	16.94	8.25	178.86	180.18	124.96	688.6	512.6
42.4370	280.39	149.38	105.27	87.34	23.21	50.71	18.26	10.56	0	0	0	8.47	8.25	138.16	156.53	120.45	725.12	431.86
42.4470	282.92	153.56	119.79	91.74	29.59	65.34	25.96	12.32	0	0	0	5.61	8.25	105.49	127.6	104.06	781.22	351.01
42.4570	293.15	157.74	134.64	93.94	31.68	74.25	32.01	15.84	0	0	0	0	8.25	72.93	104.17	84.48	833.25	269.83
42.4670	305.91	161.92	149.49	93.94	35.97	83.27	39.71	15.84	0	0	0	0	8.25	52.25	83.27	59.95	886.05	203.72
42.4770	321.31	168.3	164.34	96.14	38.06	87.67	44.22	17.6	0	0	0	0	5.5	37.95	68.42	46.53	937.64	158.4
42.4870	334.07	172.81	176.77	96.14	40.15	92.18	47.3	19.36	0	0	0	0	5.5	28.49	59.51	33.88	978.78	127.38
42.4970	339.35	175.12	181.83	98.34	40.15	94.49	48.84	21.12	0	0	0	0	0	23.65	51.37	29.59	999.24	104.61
42.5070	341.99	177.43	184.25	100.54	42.35	96.69	48.84	21.12	0	0	0	0	0	16.61	41.03	23.21	1013.21	80.85
42.5170	341.99	179.63	184.25	102.74	42.35	98.89	48.84	22.88	0	0	0	0	0	11.88	25.63	10.56	1021.57	48.07
42.5270	336.71	179.63	181.83	104.94	42.35	98.89	50.38	22.88	0	0	0	0	0	7.04	10.23	6.27	1017.61	23.54
42.5370	328.9	177.43	176.77	109.34	44.44	101.2	50.38	24.64	0	0	0	0	0	4.73	7.7	4.18	1013.1	16.61
42.5470	318.67	175.12	169.29	111.54	42.35	101.2	50.38	24.64	0	0	0	0	0	4.73	7.7	0	993.19	12.43
42.5570	308.44	172.81	161.92	113.85	42.35	101.2	50.38	24.64	0	0	0	0	0	0	7.7	0	975.59	7.7
42.5670	293.15	168.3	154.44	116.05	44.44	103.4	50.38	26.4	0	0	0	0	0	0	5.06	0	956.56	5.06
42.5770	280.39	164.01	147.07	118.25	44.44	103.4	50.38	26.4	0	0	0	0	0	0	0	0	934.34	0
42.5870	267.41	159.83	137.17	120.56	44.44	103.4	48.84	26.4	0	0	0	0	0	0	0	0	908.05	0
42.5970	254.43	153.56	132.22	122.76	44.44	103.4	48.84	26.4	0	0	0	0	0	0	0	0	886.05	0
42.6070	241.45	147.29	124.74	122.76	44.44	103.4	48.84	26.4	0	0	0	0	0	0	0	0	859.32	0
42.6170	228.58	143.11	117.37	124.96	44.44	103.4	48.84	26.4	0	0	0	0	0	0	0	0	837.1	0
42.6270	220.88	138.93	112.42	127.27	44.44	103.4	48.84	28.27	0	0	0	0	0	0	0	0	824.45	0
42.6370	211.2	134.75	107.69	127.27	44.44	103.4	50.38	28.27	0	0	0	0	0	0	0	0	807.4	0
42.6470	203.94	130.57	105.27	129.47	44.44	105.6	50.38	28.27	0	0	0	0	0	0	0	0	797.94	0
42.6570	194.15	126.39	102.96	131.67	46.53	105.6	51.92	28.27	0	0	0	0	0	0	0	0	787.49	0
42.6670	189.31	122.21	98.23	133.98	46.53	107.91	53.46	30.03	0	0	0	0	0	0	0	0	781.66	0
42.6770	182.05	120.12	98.23	136.18	48.62	110.11	55	30.03	0	0	0	0	0	0	0	0	780.34	0
42.6870	174.79	115.94	95.81	138.38	48.62	114.51	56.54	31.79	0	0	0	0	0	0	0	0	776.38	0
42.6970	169.95	111.54	95.81	142.89	50.82	120.78	60.06	33.55	0	0	0	0	0	0	0	0	785.4	0
42.7070	160.05	107.14	93.5	147.4	50.82	127.16	63.69	35.31	0	0	0	0	0	0	0	0	785.07	0
42.7170	152.68	102.74	91.08	154.11	52.91	135.63	69.19	37.07	0	0	0	0	0	0	0	0	795.41	0
42.7270	142.89	98.34	86.35	160.82	55	142.01	72.82	38.83	0	0	0	0	0	0	0	0	797.06	0
42.7370	133.1	93.94	84.04	167.64	57.2	150.48	78.21	40.59	0	0	0	0	0	0	0	0	805.2	0
42.7470	123.2	87.34	77	174.68	57.2	161.04	83.71	44.11	0	0	0	0	0	0	0	0	808.28	0
42.7570	110.99	80.74	72.27	181.83	59.4	169.73	87.23	47.63	0	0	0	0	0	0	0	0	809.82	0
42.7670	99.88	74.14	65.12	191.29	59.4	180.73	92.73	51.15	0	0	0	0	0	0	0	0	814.44	0
42.7770	88.88	67.54	55.77	198.33	61.71	189.53	98.12	56.54	0	0	0	0	0	0	0	0	816.42	0
42.7870	77.77	60.94	48.4	205.37	64.02	200.64	103.62	62.59	0	0	0	0	0	0	0	0	823.35	0
42.7970	64.57	50.6	38.72	212.52	64.02	211.64	109.01	68.64	0	0	0	0	0	0	0	0	819.72	0
42.8070	53.35	42.79	29.04	217.25	64.02	220.55	116.49	78.65	0	0	0	0	0	0	0	0	822.14	0
42.8170	41.8	33.11	24.2	219.56	64.02	231.55	122.54	88.77	0	0	0	0	0	0	0	0	825.55	0
42.8270	37.18	27.28	19.36	217.25	64.02	238.15	130.57	109.01	0	0	0	0	0	0	0	0	842.82	0
42.8370	32.45	21.34	16.94	212.52	61.71	244.75	134.64	121.44	0	0	0	0	0	0	0	0	845.79	0
42.8470	27.83	17.49	14.52	205.37	59.4	249.15	138.6	131.89	0	0	0	0	0	0	0	0	844.25	0
42.8570	25.52	15.51	12.1	195.91	55	253.55	142.67	138.16	0	0	0	0	0	0	0	0	838.42	0
42.8670	23.21	13.64	9.68	179.41	50.82	255.75	142.67	144.43	0	0	0	0	0	0	0	0	819.61	0
42.8770	20.9	13.64	9.68	163.02	44.44	255.75	140.69	152.79	5.17	4.62	0	0	0	0	0	0	800.91	9.79
42.8870	20.9	11.66	7.26	145.09	40.15	260.15	136.62	159.06	10.45	9.35	0	0	0	0	0	0	780.89	19.8
42.8970	18.59	9.68	7.26	122.76	33.88	262.35	132.55	165.33	17.49	16.39	0	0	0	0	0	0	752.4	33.88
42.9070	16.17	9.68	7.26	102.74	27.5	262.35	126.5	171.82	52.69	37.51	4.73	8.47	0	0	0	0	724.02	103.4
42.9170	16.17	7.7	4.84	80.63	21.12	260.15	120.45	178.75	136.4	82.28	14.3	16.94	0	7.04	0	0	689.81	256.96
42.9270	13.86	5.83	7.26	58.63	16.94	253.55	114.51	185.68	163.9	120.56	28.71	45.21	5.5	21.34	0	6.27	656.26	391.49
42.9370	11.55	5.83	4.84	41.36	12.65	235.95	109.01	190.3	200.86	155.65	52.69	59.4	11	49.83	5.06	12.65	611.49	547.14
42.9470	6.93	3.85	4.84	27.5	8.47	202.84	101.75	194.92	246.18	182.71	79.64	71.94	13.75	64.79	23.1	19.03	551.1	701.14
42.9570	0	0	0	18.92	6.27	150.48	89.1	192.61	260.92	187.55	90.53	78.21	19.25	72.93	41.03	25.41	457.38	775.83
42.9670	0	0	0	13.75	6.27	101.2	72.82	181.06	251.13	180.29	93.28	75.02	22	78.32	48.73	27.5	375.1	776.27
42.9770	0	0	0	8.58	8.47	65.34	56.54	148.61	236.28	177.87	93.28	78.21	24.75	89.21	59.51	29.59	287.54	788.7
42.9870	0	0	0	5.17	4.18	46.86	47.3	96.91	238.81	182.71	101.42	81.29	24.75	100.1	74.36	35.97	200.42	839.41
42.9970	0	0	0	0	0	35.09	39.71	68.64	251.13	189.97	112.42	87.56	27.5	110.99	89.32	40.26	143.44	909.15
43.0070	0	0	0	0	0	25.3	32.01	42.35	263.45	197.23	126.28	90.75	33	119.13	104.17	44.44	99.66	978.45
43.0170	0	0	0	0	0	17.49	22.88	22.88	280.72	202.07	140.25	93.94	35.75	127.27	118.91	48.73	63.25	1047.64
43.0270	0	0	0	0	0	11.66	13.75	8.8	288.31	209.33	148.61	97.02	38.5	132.77	130.46	50.82	34.21	1095.82
43.0370	0	0	0	0	0	7.81	6.05	0	288.31	211.75	151.36	103.29	41.25	140.91	139.15	52.91	13.86	1128.93
43.0470	0	0	0	0	0	5.83	2.97	0	285.78	214.17	151.36	109.56	44	146.3	144.98	55.11	8.8	1151.26
43.0570	0	0	0	0	0	5.83	2.97	0	275.77	211.75	148.61	115.94	44	151.8	150.81	57.53	8.8	1156.21
43.0670	0	0	0	0	0	3.85	0	0	260.92	206.91	143	119.02	44	157.19	153.67	57.53	3.85	1142.24
43.0770	0	0	0	0	0	0	0	0	246.18	199.65	137.5	122.21	46.75	159.94	156.53	59.95	0	1128.71
43.0870	0	0	0	0	0	0	0	0	226.49	192.39	129.14	128.48	46.75	159.94	156.53	59.95	0	1099.67
43.0970	0	0	0	0	0	0	0	0	210.1	185.13	120.78	128.48	46.75	162.69	159.5	59.95	0	1073.38
43.1070	0	0	0	0	0	0	0	0	191.51	175.45	109.67	131.67	46.75	162.69	159.5	59.95	0	1037.19
43.1170	0	0	0	0	0	0	0	0	175.34	165.66	101.42	134.86	46.75	165.44	156.53	59.95	0	1005.95
43.1270	0	0	0	0	0	0	0	0	157.63	155.65	93.28	134.86	46.75	165.44	156.53	59.95	0	970.09
43.1370	0	0	0	0	0	0	0	0	144.87	143.11	85.03	134.86	46.75	165.44	156.53	59.95	0	936.54
43.1470	0	0	0	0	0	0	0	0	132.22	133.1	76.89	134.86	46.75	165.44	159.5	59.95	0	908.71
43.1570	0	0	0	0	0	0	0	0	119.46	125.51	71.39	137.94	46.75	165.44	159.5	59.95	0	885.94
43.1670	0	0	0	0	0	0	0	0	109.45	115.5	66	137.94	46.75	165.44	162.36	59.95	0	863.39
43.1770	0	0	0	0	0	0	0	0	99.99	108.24	60.5	137.94	46.75	165.44	165.33	59.95	0	844.14
43.1870	0	0	0	0	0	0	0	0	94.16	103.51	57.75	137.94	49.5	168.19	168.3	59.95	0	839.3
43.1970	0	0	0	0	0	0	0	0	88.44	98.78	55.11	137.94	49.5	170.83	171.27	59.95	0	831.82
43.2070	0	0	0	0	0	0	0	0	84.7	94.05	52.69	141.13	49.5	173.47	177.21	62.37	0	835.12
43.2170	0	0	0	0	0	0	0	0	78.98	89.32	50.27	141.13	52.25	176.22	183.15	62.37	0	833.69
43.2270	0	0	0	0	0	0	0	0	75.13	87.01	50.27	144.32	52.25	178.86	189.09	67.32	0	844.25
43.2370	0	0	0	0	0	0	0	0	71.28	82.28	47.85	147.51	55.11	184.25	198.11	67.32	0	853.71
43.2470	0	0	0	0	0	0	0	0	67.43	77.55	45.43	150.59	55.11	189.64	207.02	69.74	0	862.51
43.2570	0	0	0	0	0	0	0	0	61.71	72.82	40.7	156.97	58.08	195.03	215.93	72.16	0	873.4
43.2670	0	0	0	0	0	0	0	0	54.45	68.09	38.28	160.05	61.05	200.42	227.59	74.69	0	884.62
43.2770	0	0	0	0	0	0	0	0	49.17	60.94	35.86	163.24	61.05	205.81	238.92	79.53	0	894.52
43.2870	0	0	0	0	0	0	0	0	40.37	53.9	31.13	166.43	64.02	213.84	250.14	81.95	0	901.78
43.2970	0	0	0	0	0	0	0	0	35.09	46.86	26.29	169.62	66.99	219.23	261.47	84.48	0	910.03
43.3070	0	0	0	0	0	0	0	0	29.81	37.51	21.56	169.62	66.99	224.73	269.94	89.32	0	909.48
43.3170	0	0	0	0	0	0	0	0	26.29	30.47	19.14	172.81	69.96	230.34	281.49	91.74	0	922.24
43.3270	0	0	0	0	0	0	0	0	24.53	23.43	16.72	172.81	69.96	233.09	293.37	94.27	0	928.18
43.3370	0	0	0	0	0	0	0	0	21.01	16.39	14.3	172.81	69.96	238.7	299.31	99.11	0	931.59
43.3470	0	0	0	0	0	0	0	0	19.25	9.35	9.57	166.43	66.99	244.31	308.22	99.11	0	923.23
43.3570	0	0	0	0	0	0	0	0	15.73	4.62	7.15	156.97	64.02	247.06	311.19	104.06	0	910.8
43.3670	0	0	0	0	0	0	0	0	13.97	0	7.15	141.13	58.08	247.06	314.16	106.48	0	888.03
43.3770	9.24	0	0	0	0	0	0	0	13.97	0	4.73	125.4	52.25	247.06	314.16	111.32	9.24	868.89
43.3870	18.59	0	0	0	0	0	0	0	13.97	0	4.73	109.56	46.75	249.92	314.16	116.05	18.59	855.14
43.3970	64.57	3.85	0	0	0	0	0	0	12.21	0	0	90.75	38.5	249.92	311.19	120.45	68.42	823.02
43.4070	213.62	29.15	14.52	6.82	0	5.83	0	0	12.21	0	0	75.02	30.25	249.92	305.25	124.96	269.94	797.61
43.4170	246.73	50.6	29.04	10.34	4.18	5.83	0	0	10.45	0	0	56.54	22	247.06	296.34	127.16	346.72	759.55
43.4270	257.07	80.74	55.77	27.5	8.47	13.64	0	0	10.45	0	0	42.35	16.5	238.7	284.46	129.47	443.19	721.93
43.4370	262.24	107.14	79.31	39.6	14.74	19.47	4.51	7.04	6.93	0	0	28.27	13.75	224.73	269.94	131.67	534.05	675.29
43.4470	262.24	118.03	91.08	51.7	19.03	27.28	9.13	10.56	6.93	0	0	19.8	11	197.67	250.14	131.67	589.05	617.21
43.4570	264.88	122.21	100.54	56.87	23.21	37.07	15.18	14.08	3.41	0	0	8.47	8.25	162.69	224.73	131.67	634.04	539.22
43.4670	257.07	120.12	107.69	56.87	25.41	46.86	21.34	15.84	0	0	0	0	8.25	124.52	192.06	124.96	651.2	449.79
43.4770	257.07	124.3	114.84	60.83	29.59	56.65	30.47	17.6	0	0	0	0	8.25	97.35	153.67	116.05	691.35	375.32
43.4870	264.88	128.48	129.69	60.83	33.88	65.34	38.17	17.6	0	0	0	0	11	70.18	124.63	99.11	738.87	304.92
43.4970	277.86	134.75	144.54	63.03	35.97	72.05	44.22	21.12	0	0	0	0	11	52.25	92.29	74.69	793.54	230.23
43.5070	295.68	138.93	164.34	63.03	38.06	76.56	48.84	24.64	0	0	0	0	8.25	37.95	80.3	55.11	850.08	181.61
43.5170	311.08	145.2	179.3	65.23	40.15	83.27	53.46	28.27	0	0	0	0	5.5	28.49	65.45	40.26	905.96	139.7
43.5270	318.67	147.29	189.31	69.63	42.35	87.67	56.54	30.03	0	0	0	0	0	21.34	53.9	29.59	941.49	104.83
43.5370	318.67	149.38	194.37	71.83	44.44	92.18	60.06	33.55	0	0	0	0	0	16.61	43.67	23.21	964.48	83.49
43.5470	316.14	151.47	199.32	76.23	44.44	96.69	63.69	35.31	0	0	0	0	0	9.46	25.63	12.65	983.29	47.74
43.5570	313.61	153.56	196.79	80.63	46.53	101.2	67.32	37.07	0	0	0	0	0	4.73	12.76	6.27	996.71	23.76
43.5670	305.91	151.47	194.37	85.03	46.53	105.6	69.19	38.83	0	0	0	0	0	4.73	10.23	4.18	996.93	19.14
43.5769	293.15	151.47	186.78	91.74	48.62	110.11	70.95	40.59	0	0	0	0	0	0	7.7	4.18	993.41	11.88
43.5869	282.92	149.38	179.3	96.14	48.62	114.51	70.95	42.35	0	0	0	0	0	0	5.06	0	984.17	5.06
43.5969	267.41	145.2	171.82	100.54	48.62	116.6	72.82	42.35	0	0	0	0	0	0	0	0	965.36	0
43.6069	254.43	141.02	161.92	104.94	48.62	120.78	72.82	42.35	0	0	0	0	0	0	0	0	946.88	0
43.6169	238.92	136.84	152.02	111.54	48.62	122.98	72.82	44.11	0	0	0	0	0	0	0	0	927.85	0
43.6269	223.41	130.57	142.12	113.85	50.82	125.07	72.82	44.11	0	0	0	0	0	0	0	0	902.77	0
43.6369	208.78	126.39	134.64	116.05	50.82	125.07	72.82	44.11	0	0	0	0	0	0	0	0	878.68	0
43.6469	196.68	120.12	124.74	120.56	50.82	127.16	74.58	44.11	0	0	0	0	0	0	0	0	858.77	0
43.6569	184.47	113.85	117.37	122.76	50.82	131.45	76.45	45.87	0	0	0	0	0	0	0	0	843.04	0
43.6669	169.95	107.14	110	124.96	50.82	133.54	76.45	45.87	0	0	0	0	0	0	0	0	818.73	0
43.6769	160.05	100.54	100.54	129.47	52.91	135.63	78.21	45.87	0	0	0	0	0	0	0	0	803.22	0
43.6869	145.31	93.94	93.5	133.98	50.82	137.72	80.08	47.63	0	0	0	0	0	0	0	0	782.98	0
43.6969	135.52	87.34	88.77	136.18	52.91	144.1	81.84	47.63	0	0	0	0	0	0	0	0	774.29	0
43.7069	125.73	82.94	81.73	140.69	52.91	148.39	83.71	49.39	0	0	0	0	0	0	0	0	765.49	0
43.7169	115.83	78.54	77	142.89	52.91	152.57	87.23	52.91	0	0	0	0	0	0	0	0	759.88	0
43.7269	106.48	71.94	69.85	147.4	55	156.86	89.1	54.67	0	0	0	0	0	0	0	0	751.3	0
43.7369	97.68	65.34	65.12	149.6	55	165.33	94.49	58.52	0	0	0	0	0	0	0	0	751.08	0
43.7469	88.88	60.94	58.08	154.11	57.2	171.93	98.12	64.57	0	0	0	0	0	0	0	0	753.83	0
43.7569	79.97	54.56	53.24	158.51	57.2	176.33	101.75	68.64	0	0	0	0	0	0	0	0	750.2	0
43.7669	71.17	48.73	45.98	158.51	59.4	182.93	107.25	76.67	0	0	0	0	0	0	0	0	750.64	0
43.7769	62.37	42.79	38.72	163.02	59.4	189.53	112.64	88.77	0	0	0	0	0	0	0	0	757.24	0
43.7869	53.35	36.96	31.46	165.33	59.4	196.24	118.47	96.91	0	0	0	0	0	0	0	0	758.12	0
43.7969	44.11	31.13	26.62	167.64	61.71	202.84	124.52	106.92	0	0	0	0	0	0	0	0	765.49	0
43.8069	39.49	27.28	21.78	167.64	61.71	209.44	132.55	115.17	0	0	0	0	0	0	0	0	775.06	0
43.8169	34.76	23.32	19.36	167.64	61.71	216.04	138.6	123.53	0	0	0	0	0	0	0	0	784.96	0
43.8269	30.14	19.47	16.94	169.95	61.71	220.55	144.65	131.89	0	0	0	0	0	0	0	0	795.3	0
43.8369	27.83	15.51	14.52	167.64	61.71	227.15	150.7	140.25	0	0	0	0	0	0	0	0	805.31	0
43.8469	25.52	13.64	14.52	165.33	59.4	231.55	154.77	146.52	0	0	0	0	0	0	0	0	811.25	0
43.8569	23.21	11.66	12.1	160.82	57.2	233.75	156.75	154.88	0	0	0	0	0	0	0	0	810.37	0
43.8669	23.21	11.66	9.68	154.11	55	235.95	158.84	163.24	0	0	0	0	0	0	0	0	811.69	0
43.8769	20.9	11.66	9.68	142.89	50.82	238.15	160.82	169.62	0	0	0	0	0	0	0	0	804.54	0
43.8869	18.59	9.68	9.68	129.47	44.44	238.15	160.82	176.44	3.41	0	0	0	0	0	0	0	787.27	3.41
43.8969	18.59	9.68	7.26	113.85	40.15	240.35	158.84	181.06	6.93	4.62	0	0	0	0	0	0	769.78	11.55
43.9069	18.59	7.7	7.26	98.34	33.88	240.35	156.75	183.37	12.21	9.35	0	0	0	0	0	0	746.24	21.56
43.9169	16.17	7.7	7.26	82.83	29.59	242.55	152.79	187.99	19.25	16.39	0	0	0	0	0	0	726.88	35.64
43.9269	16.17	5.83	7.26	69.63	25.41	242.55	146.74	192.61	49.17	32.78	4.73	8.47	0	0	0	0	706.2	95.15
43.9369	13.86	5.83	4.84	55.11	21.12	240.35	140.69	194.92	127.93	79.86	11.88	16.94	0	4.73	0	0	676.72	241.34
43.9469	11.55	3.85	4.84	43.01	14.74	233.75	134.64	199.43	161.81	128.04	26.29	45.21	5.5	21.34	7.7	8.47	645.81	404.36
43.9569	9.24	3.85	4.84	32.67	12.65	220.55	126.5	201.74	193.82	165.66	45.43	68.75	8.25	47.52	5.06	10.56	612.04	545.05
43.9669	6.93	0	0	24.09	10.56	194.04	116.49	204.05	226.49	185.13	66	78.21	13.75	64.79	17.93	14.74	556.16	667.04
43.9769	0	0	0	17.16	8.47	150.48	101.75	199.43	236.28	189.97	76.89	81.29	16.5	75.68	35.97	21.12	477.29	733.7
43.9869	0	0	0	10.34	8.47	105.6	83.71	190.3	231.44	185.13	79.64	84.48	19.25	81.07	43.67	23.21	398.42	747.89
43.9969	0	0	0	6.82	8.47	69.74	65.56	161.15	224.07	185.13	85.03	87.56	19.25	91.96	51.37	25.41	311.74	769.78
44.0069	0	0	0	3.41	6.27	48.84	53.46	109.01	233.86	189.97	96.03	90.75	22	102.74	65.45	29.59	220.99	830.39
44.0169	0	0	0	0	4.18	37.07	44.22	72.6	253.55	199.65	112.42	93.94	27.5	113.63	80.3	35.97	158.07	916.96
44.0269	0	0	0	0	0	27.28	35.09	45.87	273.24	204.49	126.28	93.94	27.5	119.13	98.23	38.06	108.24	980.87
44.0369	0	0	0	0	0	19.47	25.96	24.64	293.48	204.49	143	90.75	33	121.88	110.22	44.44	70.07	1041.26
44.0469	0	0	0	0	0	13.64	18.26	10.56	303.71	206.91	154.22	90.75	35.75	127.27	127.6	46.53	42.46	1092.74
44.0569	0	0	0	0	0	9.68	9.13	3.52	308.77	204.49	162.58	93.94	38.5	130.02	136.29	50.82	22.33	1125.41
44.0669	0	0	0	0	0	7.81	6.05	0	303.71	204.49	165.33	97.02	41.25	135.41	147.84	52.91	13.86	1147.96
44.0769	0	0	0	0	0	5.83	4.51	0	296.01	202.07	162.58	100.21	41.25	140.91	153.67	55.11	10.34	1151.81
44.0869	0	0	0	0	0	5.83	2.97	0	280.72	197.23	159.72	103.29	44	143.66	159.5	55.11	8.8	1143.23
44.0969	0	0	0	0	0	3.85	2.97	0	265.87	189.97	154.22	103.29	46.75	146.3	165.33	57.53	6.82	1129.26
44.1069	0	0	0	0	0	0	0	0	248.6	182.71	145.86	106.48	46.75	149.05	165.33	57.53	0	1102.31
44.1169	0	0	0	0	0	0	0	0	231.44	175.45	137.5	109.56	46.75	151.8	168.3	59.95	0	1080.75
44.1269	0	0	0	0	0	0	0	0	212.41	168.19	129.14	112.75	46.75	151.8	171.27	59.95	0	1052.26
44.1369	0	0	0	0	0	0	0	0	193.82	158.07	120.78	115.94	49.5	154.55	171.27	59.95	0	1023.88
44.1469	0	0	0	0	0	0	0	0	175.34	150.59	109.67	119.02	46.75	157.19	171.27	59.95	0	989.78
44.1569	0	0	0	0	0	0	0	0	159.72	140.58	101.42	122.21	49.5	159.94	171.27	59.95	0	964.59
44.1669	0	0	0	0	0	0	0	0	142.78	130.57	90.53	125.4	49.5	162.69	174.24	59.95	0	935.66
44.1769	0	0	0	0	0	0	0	0	127.93	120.56	82.39	128.48	49.5	165.44	174.24	62.37	0	910.91
44.1869	0	0	0	0	0	0	0	0	113.3	110.66	74.14	131.67	49.5	168.19	177.21	62.37	0	887.04
44.1969	0	0	0	0	0	0	0	0	99.99	103.51	66	134.86	49.5	173.47	177.21	62.37	0	866.91
44.2069	0	0	0	0	0	0	0	0	88.44	96.47	60.5	137.94	49.5	176.22	180.18	64.9	0	854.15
44.2169	0	0	0	0	0	0	0	0	80.85	89.32	55.11	144.32	49.5	181.61	183.15	64.9	0	848.76
44.2269	0	0	0	0	0	0	0	0	71.28	84.59	50.27	147.51	49.5	184.25	183.15	67.32	0	837.87
44.2369	0	0	0	0	0	0	0	0	65.56	79.86	45.43	150.59	49.5	189.64	186.12	67.32	0	834.02
44.2469	0	0	0	0	0	0	0	0	57.97	72.82	40.7	153.78	49.5	195.03	189.09	69.74	0	828.63
44.2569	0	0	0	0	0	0	0	0	52.69	68.09	38.28	160.05	49.5	200.42	195.14	69.74	0	833.91
44.2669	0	0	0	0	0	0	0	0	47.41	63.36	33.44	163.24	52.25	205.81	201.08	72.16	0	838.75
44.2769	0	0	0	0	0	0	0	0	40.37	56.21	31.13	166.43	52.25	211.2	209.99	72.16	0	839.74
44.2869	0	0	0	0	0	0	0	0	36.85	51.59	26.29	172.81	52.25	213.84	215.93	77.11	0	846.67
44.2969	0	0	0	0	0	0	0	0	31.57	44.55	23.87	176	52.25	219.23	221.98	77.11	0	846.56
44.3069	0	0	0	0	0	0	0	0	29.81	39.82	21.56	179.19	55.11	227.48	230.45	79.53	0	862.95
44.3169	0	0	0	0	0	0	0	0	26.29	32.78	19.14	185.57	58.08	230.34	236.06	84.48	0	872.74
44.3269	0	0	0	0	0	0	0	0	26.29	28.05	16.72	185.57	58.08	235.95	244.53	84.48	0	879.67
44.3369	0	0	0	0	0	0	0	0	24.53	25.74	14.3	191.95	58.08	244.31	250.14	89.32	0	898.37
44.3469	0	0	0	0	0	0	0	0	22.77	21.01	14.3	191.95	58.08	249.92	258.72	91.74	0	908.49
44.3569	0	0	0	0	0	0	0	0	19.25	13.97	11.88	191.95	58.08	255.42	264.33	94.27	0	909.15
44.3669	0	0	0	0	0	0	0	0	17.49	6.93	9.57	185.57	55.11	258.28	269.94	96.69	0	899.58
44.3769	0	0	0	0	0	0	0	0	15.73	4.62	7.15	179.19	55.11	261.03	272.8	99.11	0	894.74
44.3869	0	0	0	0	0	0	0	0	13.97	4.62	4.73	166.43	49.5	263.89	272.8	101.53	0	877.47
44.3969	6.93	0	0	0	0	0	0	0	13.97	0	4.73	150.59	44	266.64	275.66	106.48	6.93	862.07
44.4069	13.86	0	0	0	0	0	0	0	13.97	0	0	131.67	38.5	266.64	275.66	108.9	13.86	835.34
44.4169	30.14	0	0	0	0	0	0	0	12.21	0	0	115.94	33	269.39	275.66	113.85	30.14	820.05
44.4269	128.15	7.7	4.84	0	0	0	0	0	12.21	0	0	97.02	27.5	269.39	269.94	116.05	140.69	792.11
44.4369	238.92	31.13	19.36	6.82	0	5.83	0	0	10.45	0	0	78.21	22	269.39	267.19	120.45	302.06	767.69
44.4469	257.07	56.54	36.3	11.99	0	5.83	0	0	10.45	0	0	59.4	16.5	266.64	258.72	122.76	367.73	734.47
44.4569	267.41	91.74	62.81	31.02	10.56	17.49	0	0	8.69	0	0	45.21	13.75	255.42	250.14	124.96	481.03	698.17
44.4669	270.05	115.94	81.73	46.53	16.94	25.3	6.05	3.52	6.93	0	0	31.02	11	235.95	236.06	124.96	566.06	645.92
44.4769	270.05	124.3	91.08	60.83	19.03	31.24	10.67	7.04	5.17	0	0	22.55	8.25	200.42	215.93	127.16	614.24	579.48
44.4869	267.41	126.39	98.23	65.23	21.12	39.05	15.18	8.8	3.41	0	0	11.22	8.25	159.94	189.09	124.96	641.41	496.87
44.4969	264.88	128.48	110	69.63	25.41	52.69	22.88	10.56	0	0	0	5.61	8.25	124.52	159.5	118.25	684.53	416.13
44.5069	272.58	134.75	122.32	71.83	29.59	63.03	30.47	12.32	0	0	0	0	8.25	94.6	127.6	104.06	736.89	334.51
44.5169	285.45	138.93	139.59	71.83	33.88	72.05	38.17	14.08	0	0	0	0	8.25	67.54	104.17	81.95	793.98	261.91
44.5269	303.38	143.11	156.97	71.83	35.97	78.76	44.22	17.6	0	0	0	0	8.25	47.52	83.27	59.95	851.84	198.99
44.5369	321.31	147.29	176.77	71.83	40.15	83.27	48.84	19.36	0	0	0	0	8.25	35.64	71.39	44.44	908.82	159.72
44.5469	331.54	149.38	189.31	74.03	40.15	87.67	51.92	22.88	0	0	0	0	5.5	26.07	59.51	33.88	946.88	124.96
44.5569	336.71	151.47	199.32	74.03	42.35	89.98	55	26.4	0	0	0	0	0	18.92	51.37	29.59	975.26	99.88
44.5669	339.35	151.47	204.38	76.23	44.44	94.49	58.3	28.27	0	0	0	0	0	14.19	38.5	21.12	996.93	73.81
44.5769	336.71	151.47	209.33	76.23	44.44	94.49	61.93	30.03	0	0	0	0	0	9.46	20.46	8.47	1004.63	38.39
44.5869	334.07	149.38	206.91	78.43	46.53	96.69	63.69	30.03	0	0	0	0	0	4.73	7.7	4.18	1005.73	16.61
44.5969	328.9	147.29	204.38	78.43	46.53	96.69	63.69	31.79	0	0	0	0	0	4.73	7.7	4.18	997.7	16.61
44.6069	321.31	145.2	199.32	80.63	48.62	98.89	65.56	33.55	0	0	0	0	0	0	7.7	0	993.08	7.7
44.6169	313.61	143.11	194.37	80.63	48.62	98.89	67.32	33.55	0	0	0	0	0	0	5.06	0	980.1	5.06
44.6269	303.38	138.93	189.31	80.63	48.62	96.69	69.19	33.55	0	0	0	0	0	0	0	0	960.3	0
44.6369	295.68	134.75	181.83	80.63	50.82	96.69	69.19	33.55	0	0	0	0	0	0	0	0	943.14	0
44.6469	285.45	128.48	174.24	80.63	50.82	94.49	69.19	33.55	0	0	0	0	0	0	0	0	916.85	0
44.6569	275.22	124.3	169.29	80.63	50.82	94.49	70.95	35.31	0	0	0	0	0	0	0	0	901.01	0
44.6669	264.88	120.12	164.34	78.43	50.82	92.18	70.95	35.31	0	0	0	0	0	0	0	0	877.03	0
44.6769	254.43	113.85	156.97	78.43	52.91	92.18	72.82	35.31	0	0	0	0	0	0	0	0	856.9	0
44.6869	244.09	109.34	152.02	78.43	52.91	92.18	72.82	35.31	0	0	0	0	0	0	0	0	837.1	0
44.6969	233.75	104.94	144.54	80.63	52.91	94.49	74.58	37.07	0	0	0	0	0	0	0	0	822.91	0
44.7069	223.41	102.74	139.59	82.83	55	96.69	76.45	37.07	0	0	0	0	0	0	0	0	813.78	0
44.7169	211.2	98.34	134.64	87.34	55	98.89	78.21	37.07	0	0	0	0	0	0	0	0	800.69	0
44.7269	201.52	93.94	127.27	91.74	57.2	103.4	80.08	38.83	0	0	0	0	0	0	0	0	793.98	0
44.7369	189.31	91.74	122.32	96.14	57.2	107.91	83.71	40.59	0	0	0	0	0	0	0	0	788.92	0
44.7469	177.21	89.54	117.37	100.54	59.4	114.51	85.47	40.59	0	0	0	0	0	0	0	0	784.63	0
44.7569	167.53	85.14	114.84	107.14	59.4	120.78	89.1	42.35	0	0	0	0	0	0	0	0	786.28	0
44.7669	157.63	80.74	107.69	111.54	61.71	127.16	92.73	45.87	0	0	0	0	0	0	0	0	785.07	0
44.7769	147.84	78.54	102.96	116.05	64.02	133.54	98.12	47.63	0	0	0	0	0	0	0	0	788.7	0
44.7869	137.94	74.14	98.23	122.76	64.02	142.01	101.75	51.15	0	0	0	0	0	0	0	0	792	0
44.7969	123.2	69.74	91.08	129.47	66.33	150.48	107.25	54.67	0	0	0	0	0	0	0	0	792.22	0
44.8069	113.41	63.14	81.73	136.18	68.64	158.95	112.64	60.5	0	0	0	0	0	0	0	0	795.19	0
44.8169	102.08	58.74	74.58	142.89	68.64	169.73	118.47	66.55	0	0	0	0	0	0	0	0	801.68	0
44.8269	88.88	52.58	65.12	151.8	70.95	180.73	124.52	74.69	0	0	0	0	0	0	0	0	809.27	0
44.8369	75.57	46.75	53.24	158.51	70.95	191.73	128.59	84.81	0	0	0	0	0	0	0	0	810.15	0
44.8469	62.37	40.92	43.56	167.64	73.26	200.64	132.55	102.96	0	0	0	0	0	0	0	0	823.9	0
44.8569	51.04	33.11	31.46	177.1	73.26	209.44	136.62	113.08	0	0	0	0	0	0	0	0	825.11	0
44.8669	41.8	27.28	26.62	181.83	73.26	218.24	142.67	123.53	0	0	0	0	0	0	0	0	835.23	0
44.8769	34.76	23.32	21.78	181.83	70.95	224.95	146.74	131.89	0	0	0	0	0	0	0	0	836.22	0
44.8869	30.14	19.47	19.36	179.41	68.64	231.55	152.79	140.25	0	0	0	0	0	0	0	0	841.61	0
44.8969	27.83	15.51	14.52	172.37	66.33	235.95	154.77	148.61	0	0	0	0	0	0	0	0	835.89	0
44.9069	25.52	11.66	12.1	163.02	59.4	238.15	156.75	159.06	0	0	0	0	0	0	0	0	825.66	0
44.9169	23.21	11.66	9.68	149.6	55	238.15	156.75	167.42	0	0	0	0	0	0	0	0	811.47	0
44.9269	23.21	9.68	9.68	133.98	48.62	240.35	156.75	171.82	3.41	0	0	0	0	0	0	0	794.09	3.41
44.9369	20.9	9.68	9.68	118.25	40.15	242.55	150.7	176.44	8.69	6.93	0	0	0	0	0	0	768.35	15.62
44.9469	18.59	7.7	7.26	100.54	35.97	242.55	146.74	181.06	13.97	11.66	0	0	0	0	0	0	740.41	25.63
44.9569	18.59	7.7	7.26	82.83	27.5	244.75	140.69	185.68	22.77	18.7	0	0	0	0	0	0	715	41.47
44.9669	16.17	5.83	7.26	67.43	23.21	244.75	136.62	187.99	63.69	42.13	4.73	11.22	0	0	0	0	689.26	121.77
44.9769	13.86	5.83	4.84	51.7	19.03	240.35	130.57	192.61	144.87	96.47	16.72	22.55	0	7.04	0	0	658.79	287.65
44.9869	13.86	3.85	4.84	39.6	12.65	229.35	122.54	194.92	182.27	143.11	28.71	56.54	8.25	28.49	0	6.27	621.61	453.64
44.9969	9.24	0	4.84	27.5	10.56	207.24	114.51	197.23	221.65	182.71	52.69	81.29	11	59.4	5.06	10.56	571.12	624.36
45.0068	4.62	0	4.84	18.92	8.47	169.73	103.62	194.92	256.08	202.07	71.39	93.94	13.75	75.68	17.93	16.94	505.12	747.78
45.0168	0	0	0	13.75	6.27	122.98	89.1	190.3	260.92	202.07	79.64	97.02	16.5	83.82	35.97	21.12	422.4	797.06
45.0268	0	0	0	8.58	8.47	83.27	70.95	169.62	246.18	194.81	79.64	97.02	19.25	91.96	46.2	23.21	340.89	798.27
45.0368	0	0	0	6.82	8.47	56.65	58.3	131.89	236.28	194.81	85.03	100.21	22	102.74	53.9	27.5	262.13	822.47
45.0468	0	0	0	0	6.27	42.9	48.84	82.72	238.81	202.07	93.28	106.48	22	113.63	68.42	31.79	180.73	876.48
45.0568	0	0	0	0	0	31.24	41.25	58.52	251.13	209.33	104.17	112.75	24.75	124.52	80.3	35.97	131.01	942.92
45.0668	0	0	0	0	0	23.43	33.55	31.79	263.45	214.17	115.17	115.94	27.5	132.77	92.29	38.06	88.77	999.35
45.0768	0	0	0	0	0	17.49	25.96	21.12	278.19	221.43	126.28	119.02	30.25	140.91	104.17	42.35	64.57	1062.6
45.0868	0	0	0	0	0	11.66	15.18	7.04	285.78	223.85	131.89	125.4	30.25	146.3	113.08	46.53	33.88	1103.08
45.0968	0	0	0	0	0	7.81	7.59	3.52	283.25	226.27	134.64	131.67	33	151.8	121.77	46.53	18.92	1128.93
45.1068	0	0	0	0	0	5.83	6.05	0	273.24	226.27	131.89	137.94	35.75	159.94	124.63	50.82	11.88	1140.48
45.1168	0	0	0	0	0	3.85	4.51	0	260.92	223.85	129.14	144.32	35.75	162.69	127.6	50.82	8.36	1135.09
45.1268	0	0	0	0	0	3.85	2.97	0	246.18	216.59	123.53	147.51	35.75	168.19	130.46	50.82	6.82	1119.03
45.1368	0	0	0	0	0	0	0	0	226.49	209.33	115.17	150.59	38.5	168.19	130.46	52.91	0	1091.64
45.1468	0	0	0	0	0	0	0	0	210.1	199.65	106.92	153.78	38.5	170.83	133.32	52.91	0	1066.01
45.1568	0	0	0	0	0	0	0	0	191.51	189.97	98.67	160.05	38.5	173.47	133.32	52.91	0	1038.4
45.1668	0	0	0	0	0	0	0	0	175.34	180.29	90.53	163.24	38.5	173.47	133.32	55.11	0	1009.8
45.1768	0	0	0	0	0	0	0	0	159.72	168.19	82.39	163.24	38.5	173.47	130.46	55.11	0	971.08
45.1868	0	0	0	0	0	0	0	0	144.87	158.07	76.89	166.43	38.5	176.22	133.32	55.11	0	949.41
45.1968	0	0	0	0	0	0	0	0	132.22	148.06	71.39	166.43	38.5	176.22	133.32	55.11	0	921.25
45.2068	0	0	0	0	0	0	0	0	121.55	138.05	66	169.62	38.5	176.22	130.46	55.11	0	895.51
45.2168	0	0	0	0	0	0	0	0	109.45	128.04	60.5	169.62	38.5	176.22	133.32	57.53	0	873.18
45.2268	0	0	0	0	0	0	0	0	99.99	120.56	55.11	172.81	38.5	178.86	133.32	57.53	0	856.68
45.2368	0	0	0	0	0	0	0	0	92.29	110.66	50.27	176	41.25	181.61	136.29	57.53	0	845.9
45.2468	0	0	0	0	0	0	0	0	84.7	105.93	45.43	179.19	41.25	184.25	139.15	57.53	0	837.43
45.2568	0	0	0	0	0	0	0	0	77	98.78	43.12	182.38	41.25	189.64	142.12	59.95	0	834.24
45.2668	0	0	0	0	0	0	0	0	69.41	94.05	40.7	185.57	41.25	195.03	147.84	59.95	0	833.8
45.2768	0	0	0	0	0	0	0	0	63.69	87.01	35.86	191.95	41.25	200.42	150.81	62.37	0	833.36
45.2868	0	0	0	0	0	0	0	0	56.21	82.28	33.44	195.14	44	205.81	156.53	64.9	0	838.31
45.2968	0	0	0	0	0	0	0	0	49.17	75.13	28.71	198.44	44	213.84	162.36	67.32	0	838.97
45.3068	0	0	0	0	0	0	0	0	43.89	68.09	26.29	204.82	44	219.23	168.3	67.32	0	841.94
45.3168	0	0	0	0	0	0	0	0	38.61	60.94	23.87	208.01	44	227.48	177.21	69.74	0	849.86
45.3268	0	0	0	0	0	0	0	0	33.33	51.59	21.56	211.2	46.75	233.09	183.15	72.16	0	852.83
45.3368	0	0	0	0	0	0	0	0	29.81	44.55	19.14	214.39	46.75	238.7	192.06	74.69	0	860.09
45.3468	0	0	0	0	0	0	0	0	26.29	37.51	16.72	220.77	46.75	247.06	201.08	77.11	0	873.29
45.3568	0	0	0	0	0	0	0	0	24.53	35.09	16.72	224.07	49.5	252.67	209.99	79.53	0	892.1
45.3668	0	0	0	0	0	0	0	0	22.77	30.47	14.3	226.93	49.5	258.28	215.93	84.48	0	902.66
45.3768	0	0	0	0	0	0	0	0	21.01	25.74	11.88	226.93	49.5	263.89	221.98	86.9	0	907.83
45.3868	0	0	0	0	0	0	0	0	21.01	21.01	9.57	229.79	49.5	269.39	227.59	89.32	0	917.18
45.3968	0	0	0	0	0	0	0	0	17.49	13.97	9.57	226.93	46.75	275	230.45	89.32	0	909.48
45.4068	0	0	0	0	0	0	0	0	15.73	9.35	7.15	220.77	46.75	277.86	233.2	91.74	0	902.55
45.4168	0	0	0	0	0	0	0	0	13.97	4.62	4.73	211.2	44	280.61	236.06	94.27	0	889.46
45.4268	0	0	0	0	0	0	0	0	13.97	4.62	4.73	198.44	38.5	286.33	236.06	96.69	0	879.34
45.4368	0	0	0	0	0	0	0	0	13.97	4.62	4.73	179.19	35.75	289.08	238.92	101.53	0	867.79
45.4468	0	0	0	0	0	0	0	0	13.97	0	4.73	160.05	30.25	291.94	236.06	104.06	0	841.06
45.4568	9.24	0	0	0	0	0	0	0	12.21	0	0	141.13	24.75	294.8	236.06	108.9	9.24	817.85
45.4668	25.52	0	0	0	0	0	0	0	10.45	0	0	119.02	22	297.55	233.2	113.85	25.52	796.07
45.4768	123.2	21.34	4.84	5.17	0	5.83	0	0	10.45	0	0	103.29	16.5	294.8	230.45	116.05	160.38	771.54
45.4868	282.92	52.58	21.78	15.51	4.18	9.68	2.97	0	8.69	0	0	84.48	13.75	294.8	224.73	118.25	389.62	744.7
45.4968	277.86	82.94	43.56	31.02	8.47	15.62	0	0	6.93	0	0	62.48	11	286.33	215.93	120.45	459.47	703.12
45.5068	285.45	122.21	72.27	49.94	16.94	25.3	6.05	0	6.93	0	0	45.21	11	269.39	201.08	122.76	578.16	656.37
45.5168	290.62	138.93	91.08	69.63	19.03	33.22	10.67	5.28	5.17	0	0	33.88	8.25	235.95	186.12	122.76	658.46	592.13
45.5268	303.38	147.29	102.96	78.43	23.21	42.9	18.26	8.8	0	0	0	22.55	8.25	187	165.33	122.76	725.23	505.89
45.5368	298.21	145.2	107.69	80.63	25.41	54.67	22.88	10.56	0	0	0	11.22	8.25	143.66	142.12	116.05	745.25	421.3
45.5468	290.62	145.2	112.42	85.03	29.59	65.34	28.93	12.32	0	0	0	5.61	8.25	102.74	115.94	101.53	769.45	334.07
45.5568	293.15	149.38	119.79	87.34	31.68	74.25	33.55	14.08	0	0	0	0	8.25	72.93	92.29	77.11	803.22	250.58
45.5668	300.85	153.56	129.69	91.74	35.97	83.27	38.17	15.84	0	0	0	0	8.25	52.25	77.33	52.91	849.09	190.74
45.5768	313.61	161.92	139.59	98.34	38.06	89.98	41.25	17.6	0	0	0	0	5.5	37.95	65.45	40.26	900.35	149.16
45.5868	323.84	168.3	147.07	102.74	40.15	94.49	44.22	19.36	0	0	0	0	0	28.49	56.54	29.59	940.17	114.62
45.5968	326.37	172.81	152.02	107.14	40.15	98.89	45.76	19.36	0	0	0	0	0	21.34	48.73	25.41	962.5	95.48
45.6068	326.37	177.43	154.44	113.85	40.15	103.4	47.3	21.12	0	0	0	0	0	16.61	35.97	19.03	984.06	71.61
45.6168	323.84	179.63	154.44	120.56	42.35	107.91	47.3	21.12	0	0	0	0	0	9.46	17.93	6.27	997.15	33.66
45.6268	316.14	179.63	149.49	127.27	42.35	112.42	48.84	22.88	0	0	0	0	0	0	0	0	999.02	0
45.6368	308.44	177.43	147.07	131.67	42.35	114.51	50.38	24.64	0	0	0	0	0	0	0	0	996.49	0
45.6468	295.68	175.12	142.12	136.18	44.44	116.6	50.38	24.64	0	0	0	0	0	0	0	0	985.16	0
45.6568	282.92	170.61	137.17	138.38	44.44	118.69	51.92	24.64	0	0	0	0	0	0	0	0	968.77	0
45.6668	272.58	164.01	132.22	140.69	46.53	120.78	53.46	26.4	0	0	0	0	0	0	0	0	956.67	0
45.6768	259.6	157.74	124.74	140.69	46.53	120.78	56.54	26.4	0	0	0	0	0	0	0	0	933.02	0
45.6868	246.73	151.47	122.32	140.69	48.62	120.78	58.3	28.27	0	0	0	0	0	0	0	0	917.18	0
45.6968	238.92	143.11	117.37	138.38	48.62	120.78	60.06	28.27	0	0	0	0	0	0	0	0	895.51	0
45.7068	228.58	136.84	112.42	136.18	50.82	118.69	61.93	28.27	0	0	0	0	0	0	0	0	873.73	0
45.7168	218.46	130.57	110	133.98	50.82	118.69	65.56	28.27	0	0	0	0	0	0	0	0	856.35	0
45.7268	211.2	124.3	105.27	133.98	50.82	118.69	65.56	30.03	0	0	0	0	0	0	0	0	839.85	0
45.7368	203.94	120.12	102.96	131.67	52.91	116.6	69.19	30.03	0	0	0	0	0	0	0	0	827.42	0
45.7468	196.68	113.85	102.96	129.47	55	116.6	70.95	30.03	0	0	0	0	0	0	0	0	815.54	0
45.7568	191.73	109.34	100.54	127.27	55	118.69	72.82	31.79	0	0	0	0	0	0	0	0	807.18	0
45.7668	186.89	104.94	100.54	127.27	55	118.69	74.58	31.79	0	0	0	0	0	0	0	0	799.7	0
45.7768	182.05	100.54	100.54	127.27	57.2	120.78	78.21	33.55	0	0	0	0	0	0	0	0	800.14	0
45.7868	174.79	96.14	98.23	127.27	57.2	122.98	80.08	33.55	0	0	0	0	0	0	0	0	790.24	0
45.7968	167.53	93.94	95.81	129.47	59.4	127.16	83.71	35.31	0	0	0	0	0	0	0	0	792.33	0
45.8068	160.05	89.54	95.81	129.47	59.4	131.45	87.23	37.07	0	0	0	0	0	0	0	0	790.02	0
45.8168	155.21	85.14	93.5	131.67	61.71	135.63	92.73	40.59	0	0	0	0	0	0	0	0	796.18	0
45.8268	145.31	80.74	91.08	136.18	64.02	144.1	98.12	42.35	0	0	0	0	0	0	0	0	801.9	0
45.8368	135.52	76.34	86.35	140.69	64.02	150.48	103.62	44.11	0	0	0	0	0	0	0	0	801.13	0
45.8468	125.73	71.94	81.73	145.09	66.33	158.95	110.88	47.63	0	0	0	0	0	0	0	0	808.28	0
45.8568	113.41	65.34	74.58	149.6	68.64	167.53	116.49	51.15	0	0	0	0	0	0	0	0	806.74	0
45.8668	102.08	60.94	67.54	154.11	70.95	178.53	124.52	56.54	0	0	0	0	0	0	0	0	815.21	0
45.8768	91.08	54.56	60.39	158.51	70.95	187.33	132.55	62.59	0	0	0	0	0	0	0	0	817.96	0
45.8868	77.77	46.75	50.82	163.02	73.26	196.24	138.6	68.64	0	0	0	0	0	0	0	0	815.1	0
45.8968	64.57	40.92	41.14	165.33	73.26	205.04	146.74	78.65	0	0	0	0	0	0	0	0	815.65	0
45.9068	53.35	35.09	31.46	167.64	75.57	211.64	154.77	94.82	0	0	0	0	0	0	0	0	824.34	0
45.9168	41.8	29.15	24.2	169.95	75.57	218.24	160.82	104.94	0	0	0	0	0	0	0	0	824.67	0
45.9268	39.49	23.32	21.78	169.95	75.57	224.95	168.96	115.17	0	0	0	0	0	0	0	0	839.19	0
45.9368	32.45	19.47	16.94	167.64	73.26	229.35	175.12	123.53	0	0	0	0	0	0	0	0	837.76	0
45.9468	30.14	15.51	14.52	160.82	70.95	231.55	179.3	129.8	0	0	0	0	0	0	0	0	832.59	0
45.9568	25.52	11.66	12.1	151.8	68.64	231.55	181.28	136.07	0	0	0	0	0	0	0	0	818.62	0
45.9668	23.21	11.66	9.68	138.38	61.71	231.55	181.28	142.34	0	0	0	0	0	0	0	0	799.81	0
45.9768	23.21	9.68	9.68	122.76	52.91	231.55	179.3	150.7	6.93	9.35	0	0	0	0	0	0	779.79	16.28
45.9868	20.9	7.7	9.68	104.94	46.53	229.35	177.21	154.88	13.97	18.7	0	0	0	0	0	0	751.19	32.67
45.9968	18.59	7.7	7.26	85.03	38.06	229.35	170.94	161.15	43.89	58.63	11.88	5.61	0	0	0	0	718.08	120.01
46.0068	18.59	7.7	7.26	67.43	29.59	227.15	164.89	165.33	132.22	148.06	33.44	11.22	0	0	0	0	687.94	324.94
46.0168	16.17	5.83	7.26	51.7	23.21	222.75	158.84	169.62	159.72	204.49	50.27	31.02	0	14.19	5.06	0	655.38	464.75
46.0268	13.86	3.85	4.84	36.19	16.94	209.44	150.7	174.13	163.9	240.79	66	48.07	5.5	35.64	5.06	4.18	609.95	569.14
46.0368	11.55	0	4.84	24.09	12.65	187.33	142.67	176.44	168.41	248.05	79.64	53.68	8.25	56.98	10.23	6.27	559.57	631.51
46.0468	6.93	0	0	13.75	8.47	152.57	130.57	178.75	173.03	245.63	85.03	56.54	8.25	59.4	20.46	12.65	491.04	660.99
46.0568	0	0	0	8.58	6.27	112.42	110.88	176.44	170.72	243.21	87.78	56.54	11	67.54	33.33	14.74	414.59	684.86
46.0668	0	0	0	3.41	6.27	76.56	83.71	163.24	168.41	243.21	93.28	59.4	13.75	78.32	43.67	19.03	333.19	719.07
46.0768	0	0	0	0	8.47	54.67	63.69	138.16	175.34	252.89	104.17	62.48	13.75	89.21	51.37	21.12	264.99	770.33
46.0868	0	0	0	0	6.27	41.03	51.92	92.84	189.2	265.1	115.17	65.67	16.5	97.35	62.48	25.41	192.06	836.88
46.0968	0	0	0	0	4.18	31.24	44.22	60.5	203.17	279.62	131.89	65.67	19.25	105.49	71.39	29.59	140.14	906.07
46.1068	0	0	0	0	0	23.43	36.63	37.07	217.03	292.16	145.86	68.75	22	110.99	83.27	33.88	97.13	973.94
46.1168	0	0	0	0	0	17.49	28.93	22.88	224.07	297.22	154.22	71.94	22	116.38	92.29	33.88	69.3	1012
46.1268	0	0	0	0	0	11.66	18.26	10.56	226.49	302.28	159.72	75.02	24.75	121.88	98.23	38.06	40.48	1046.43
46.1368	0	0	0	0	0	7.81	10.67	0	226.49	304.81	159.72	81.29	24.75	130.02	104.17	38.06	18.48	1069.31
46.1468	0	0	0	0	0	3.85	6.05	0	221.65	307.34	159.72	84.48	24.75	135.41	107.14	40.26	9.9	1080.75
46.1568	0	0	0	0	0	3.85	6.05	0	214.72	302.28	156.97	87.56	24.75	140.91	107.14	40.26	9.9	1074.59
46.1668	0	0	0	0	0	3.85	4.51	0	205.48	297.22	154.22	93.94	24.75	143.66	110.22	42.35	8.36	1071.84
46.1768	0	0	0	0	0	0	2.97	0	198.55	287.1	148.61	97.02	24.75	146.3	113.08	42.35	2.97	1057.76
46.1868	0	0	0	0	0	0	0	0	186.89	279.62	143	100.21	24.75	151.8	113.08	42.35	0	1041.7
46.1968	0	0	0	0	0	0	0	0	177.65	267.52	134.64	103.29	24.75	154.55	113.08	42.35	0	1017.83
46.2068	0	0	0	0	0	0	0	0	166.1	257.84	126.28	106.48	27.5	157.19	110.22	44.44	0	996.05
46.2168	0	0	0	0	0	0	0	0	157.63	245.63	115.17	112.75	24.75	159.94	110.22	44.44	0	970.53
46.2268	0	0	0	0	0	0	0	0	146.96	235.95	109.67	115.94	24.75	162.69	110.22	44.44	0	950.62
46.2368	0	0	0	0	0	0	0	0	138.49	226.27	101.42	115.94	24.75	165.44	110.22	44.44	0	926.97
46.2468	0	0	0	0	0	0	0	0	130.02	214.17	93.28	119.02	27.5	165.44	110.22	44.44	0	904.09
46.2568	0	0	0	0	0	0	0	0	121.55	202.07	87.78	122.21	27.5	168.19	110.22	44.44	0	883.96
46.2668	0	0	0	0	0	0	0	0	115.28	192.39	79.64	125.4	27.5	170.83	110.22	44.44	0	865.7
46.2768	0	0	0	0	0	0	0	0	109.45	182.71	74.14	128.48	27.5	173.47	113.08	46.53	0	855.36
46.2868	0	0	0	0	0	0	0	0	103.73	173.03	71.39	131.67	27.5	178.86	115.94	46.53	0	848.65
46.2968	0	0	0	0	0	0	0	0	98.01	165.66	68.75	134.86	27.5	181.61	121.77	48.73	0	846.89
46.3068	0	0	0	0	0	0	0	0	94.16	158.07	63.25	137.94	30.25	187	124.63	50.82	0	846.12
46.3168	0	0	0	0	0	0	0	0	88.44	150.59	60.5	141.13	30.25	195.03	130.46	50.82	0	847.22
46.3268	0	0	0	0	0	0	0	0	84.7	143.11	57.75	147.51	30.25	200.42	136.29	52.91	0	852.94
46.3368	0	0	0	0	0	0	0	0	80.85	135.52	55.11	150.59	30.25	208.45	142.12	55.11	0	858
46.3468	0	0	0	0	0	0	0	0	75.13	128.04	52.69	153.78	33	213.84	150.81	57.53	0	864.82
46.3568	0	0	0	0	0	0	0	0	71.28	123.09	47.85	160.05	33	221.98	156.53	59.95	0	873.73
46.3668	0	0	0	0	0	0	0	0	67.43	115.5	45.43	163.24	33	227.48	165.33	62.37	0	879.78
46.3768	0	0	0	0	0	0	0	0	63.69	108.24	43.12	166.43	35.75	233.09	171.27	64.9	0	886.49
46.3868	0	0	0	0	0	0	0	0	59.84	103.51	40.7	172.81	35.75	238.7	180.18	67.32	0	898.81
46.3968	0	0	0	0	0	0	0	0	56.21	96.47	38.28	176	38.5	244.31	189.09	69.74	0	908.6
46.4068	0	0	0	0	0	0	0	0	50.93	89.32	33.44	182.38	38.5	252.67	195.14	74.69	0	917.07
46.4168	0	0	0	0	0	0	0	0	43.89	79.86	28.71	188.76	41.25	258.28	201.08	74.69	0	916.52
46.4268	0	0	0	0	0	0	0	0	38.61	70.4	23.87	191.95	41.25	263.89	209.99	79.53	0	919.49
46.4367	0	0	0	0	0	0	0	0	31.57	58.63	19.14	195.14	44	266.64	215.93	81.95	0	913
46.4467	0	0	0	0	0	0	0	0	26.29	46.86	16.72	198.44	44	272.25	221.98	84.48	0	911.02
46.4567	0	0	0	0	0	0	0	0	21.01	32.78	11.88	195.14	44	277.86	230.45	89.32	0	902.44
46.4667	0	0	0	0	0	0	0	0	15.73	21.01	9.57	188.76	44	277.86	236.06	91.74	0	884.73
46.4767	0	0	0	0	0	0	0	0	13.97	13.97	7.15	176	41.25	280.61	238.92	94.27	0	866.14
46.4867	0	0	0	0	0	0	0	0	12.21	6.93	7.15	163.24	38.5	280.61	244.53	96.69	0	849.86
46.4967	9.24	0	0	0	0	0	0	0	10.45	6.93	4.73	147.51	33	283.47	247.39	101.53	9.24	835.01
46.5067	23.21	0	0	0	0	0	0	0	10.45	4.62	4.73	128.48	30.25	283.47	250.14	104.06	23.21	816.2
46.5167	77.77	5.83	0	0	0	0	0	0	8.69	4.62	0	112.75	24.75	286.33	250.14	108.9	83.6	796.18
46.5267	220.88	31.13	12.1	8.58	0	5.83	2.97	0	8.69	0	0	97.02	22	286.33	247.39	113.85	281.49	775.28
46.5367	220.88	50.6	21.78	13.75	4.18	5.83	0	0	6.93	0	0	78.21	16.5	283.47	244.53	116.05	317.02	745.69
46.5467	231.11	82.94	43.56	31.02	10.56	15.62	2.97	0	6.93	0	0	59.4	13.75	275	238.92	118.25	417.78	712.25
46.5567	244.09	109.34	65.12	48.18	16.94	23.43	6.05	0	5.17	0	0	45.21	11	258.28	227.59	120.45	513.15	667.7
46.5667	259.6	124.3	77	63.03	19.03	31.24	12.21	7.04	5.17	0	0	33.88	8.25	235.95	212.96	122.76	593.45	618.97
46.5767	267.41	128.48	86.35	67.43	21.12	41.03	15.18	7.04	0	0	0	22.55	8.25	195.03	192.06	122.76	634.04	540.65
46.5867	267.41	130.57	93.5	71.83	23.21	52.69	19.8	10.56	0	0	0	14.08	8.25	149.05	168.3	120.45	669.57	460.13
46.5967	267.41	134.75	100.54	74.03	27.5	60.83	25.96	12.32	0	0	0	8.47	8.25	113.63	139.15	111.32	703.34	380.82
46.6067	272.58	136.84	105.27	76.23	29.59	69.74	30.47	14.08	0	0	0	0	8.25	86.46	113.08	96.69	734.8	304.48
46.6167	285.45	143.11	117.37	80.63	33.88	76.56	36.63	15.84	0	0	0	0	8.25	62.04	92.29	77.11	789.47	239.69
46.6267	298.21	151.47	127.27	85.03	33.88	80.96	39.71	17.6	0	0	0	0	8.25	49.83	77.33	55.11	834.13	190.52
46.6367	308.44	157.74	134.64	89.54	35.97	87.67	42.68	17.6	0	0	0	0	5.5	35.64	65.45	42.35	874.28	148.94
46.6467	313.61	164.01	142.12	93.94	35.97	94.49	44.22	19.36	0	0	0	0	0	28.49	56.54	33.88	907.72	118.91
46.6567	316.14	168.3	144.54	100.54	38.06	101.2	45.76	21.12	0	0	0	0	0	21.34	48.73	27.5	935.66	97.57
46.6667	313.61	172.81	144.54	107.14	38.06	105.6	47.3	22.88	0	0	0	0	0	16.61	35.97	19.03	951.94	71.61
46.6767	308.44	175.12	144.54	113.85	40.15	110.11	47.3	24.64	0	0	0	0	0	11.88	23.1	8.47	964.15	43.45
46.6867	300.85	175.12	142.12	118.25	40.15	116.6	48.84	26.4	0	0	0	0	0	4.73	10.23	4.18	968.33	19.14
46.6967	293.15	175.12	139.59	122.76	40.15	118.69	48.84	28.27	0	0	0	0	0	4.73	7.7	4.18	966.57	16.61
46.7067	282.92	172.81	134.64	129.47	40.15	122.98	50.38	28.27	0	0	0	0	0	0	7.7	0	961.62	7.7
46.7167	272.58	170.61	129.69	133.98	42.35	125.07	50.38	30.03	0	0	0	0	0	0	5.06	0	954.69	5.06
46.7267	259.6	166.1	124.74	138.38	42.35	127.16	50.38	30.03	0	0	0	0	0	0	0	0	938.74	0
46.7367	246.73	161.92	117.37	142.89	42.35	129.25	50.38	31.79	0	0	0	0	0	0	0	0	922.68	0
46.7467	233.75	155.65	112.42	147.4	42.35	129.25	50.38	31.79	0	0	0	0	0	0	0	0	902.99	0
46.7567	218.46	151.47	105.27	149.6	42.35	131.45	50.38	31.79	0	0	0	0	0	0	0	0	880.77	0
46.7667	206.36	145.2	98.23	154.11	42.35	131.45	50.38	31.79	0	0	0	0	0	0	0	0	859.87	0
46.7767	196.68	138.93	93.5	156.31	42.35	133.54	50.38	33.55	0	0	0	0	0	0	0	0	845.24	0
46.7867	186.89	134.75	88.77	160.82	42.35	135.63	50.38	33.55	0	0	0	0	0	0	0	0	833.14	0
46.7967	174.79	128.48	84.04	163.02	44.44	137.72	51.92	35.31	0	0	0	0	0	0	0	0	819.72	0
46.8067	165	124.3	79.31	167.64	44.44	139.92	51.92	35.31	0	0	0	0	0	0	0	0	807.84	0
46.8167	157.63	120.12	74.58	172.37	44.44	144.1	53.46	37.07	0	0	0	0	0	0	0	0	803.77	0
46.8267	147.84	113.85	72.27	177.1	44.44	146.19	55	37.07	0	0	0	0	0	0	0	0	793.76	0
46.8367	140.47	109.34	67.54	184.14	46.53	150.48	56.54	38.83	0	0	0	0	0	0	0	0	793.87	0
46.8467	133.1	104.94	62.81	188.87	46.53	154.66	58.3	38.83	0	0	0	0	0	0	0	0	788.04	0
46.8567	123.2	98.34	58.08	193.6	46.53	158.95	60.06	42.35	0	0	0	0	0	0	0	0	781.11	0
46.8667	115.83	93.94	55.77	200.64	48.62	165.33	61.93	42.35	0	0	0	0	0	0	0	0	784.41	0
46.8767	108.68	87.34	50.82	205.37	48.62	169.73	63.69	44.11	0	0	0	0	0	0	0	0	778.36	0
46.8867	99.88	82.94	48.4	210.1	48.62	176.33	65.56	47.63	0	0	0	0	0	0	0	0	779.46	0
46.8967	93.28	78.54	45.98	214.83	50.82	180.73	67.32	49.39	0	0	0	0	0	0	0	0	780.89	0
46.9067	86.68	74.14	41.14	219.56	50.82	187.33	69.19	51.15	0	0	0	0	0	0	0	0	780.01	0
46.9167	77.77	67.54	38.72	224.18	50.82	194.04	72.82	54.67	0	0	0	0	0	0	0	0	780.56	0
46.9267	71.17	60.94	33.88	228.69	50.82	200.64	76.45	58.52	0	0	0	0	0	0	0	0	781.11	0
46.9367	64.57	56.54	31.46	233.31	50.82	207.24	80.08	62.59	0	0	0	0	0	0	0	0	786.61	0
46.9467	57.97	50.6	26.62	235.51	50.82	211.64	83.71	66.55	0	0	0	0	0	0	0	0	783.42	0
46.9567	48.73	44.77	24.2	237.82	52.91	218.24	87.23	72.6	0	0	0	0	0	0	0	0	786.5	0
46.9667	41.8	38.94	21.78	240.13	52.91	224.95	90.86	78.65	0	0	0	0	0	0	0	0	790.02	0
46.9767	39.49	35.09	19.36	242.33	52.91	231.55	94.49	84.81	0	0	0	0	0	0	0	0	800.03	0
46.9867	34.76	31.13	16.94	242.33	52.91	235.95	99.99	98.89	0	0	0	0	0	0	0	0	812.9	0
46.9967	32.45	27.28	14.52	240.13	52.91	242.55	103.62	109.01	0	0	0	0	0	0	0	0	822.47	0
47.0067	30.14	23.32	14.52	237.82	52.91	246.95	107.25	115.17	0	0	0	0	0	0	0	0	828.08	0
47.0167	25.52	19.47	12.1	233.31	50.82	251.35	109.01	123.53	0	0	0	0	0	0	0	0	825.11	0
47.0267	23.21	15.51	9.68	226.49	50.82	253.55	110.88	127.71	0	0	0	0	0	0	0	0	817.85	0
47.0367	23.21	15.51	9.68	217.25	46.53	255.75	112.64	131.89	0	4.62	0	0	0	0	0	0	812.46	4.62
47.0467	20.9	13.64	7.26	205.37	44.44	260.15	112.64	138.16	6.93	6.93	0	0	0	0	0	0	802.56	13.86
47.0567	20.9	13.64	7.26	191.29	40.15	260.15	110.88	140.25	10.45	11.66	0	0	0	0	0	0	784.52	22.11
47.0667	20.9	11.66	7.26	174.68	35.97	262.35	109.01	144.43	19.25	18.7	0	0	0	0	0	0	766.26	37.95
47.0767	18.59	11.66	7.26	154.11	31.68	262.35	107.25	148.61	50.93	37.51	4.73	8.47	0	0	0	0	741.51	101.64
47.0867	16.17	9.68	4.84	131.67	27.5	260.15	103.62	156.97	99.99	70.4	11.88	28.27	5.5	11.88	7.7	0	710.6	235.62
47.0967	16.17	9.68	4.84	104.94	23.21	255.75	101.75	163.24	125.84	96.47	23.87	45.21	8.25	35.64	7.7	4.18	679.58	347.16
47.1067	13.86	7.7	4.84	80.63	19.03	246.95	99.99	169.62	157.63	120.56	38.28	53.68	11	52.25	15.4	10.56	642.62	459.36
47.1167	11.55	5.83	4.84	55.11	14.74	231.55	96.36	171.82	200.86	143.11	55.11	62.48	13.75	64.79	28.27	14.74	591.8	583.11
47.1267	9.24	3.85	0	37.84	10.56	209.44	96.36	176.44	217.03	150.59	66	65.67	16.5	72.93	38.5	19.03	543.73	646.25
47.1367	6.93	3.85	0	25.85	8.47	169.73	87.23	176.44	210.1	148.06	66	65.67	16.5	78.32	41.03	21.12	478.5	646.8
47.1467	0	0	0	18.92	6.27	125.07	76.45	169.62	193.82	148.06	63.25	71.94	19.25	83.82	46.2	23.21	396.33	649.55
47.1567	0	0	0	13.75	6.27	87.67	61.93	154.88	182.27	148.06	63.25	78.21	19.25	94.6	51.37	27.5	324.5	664.51
47.1667	0	0	0	10.34	6.27	60.83	51.92	121.44	182.27	155.65	66	84.48	19.25	108.24	62.48	29.59	250.8	707.96
47.1767	0	0	0	6.82	4.18	46.86	44.22	80.74	189.2	165.66	74.14	93.94	22	121.88	68.42	35.97	182.82	771.21
47.1867	0	0	0	3.41	0	35.09	38.17	54.67	203.17	177.87	82.39	100.21	24.75	132.77	80.3	40.26	131.34	841.72
47.1967	0	0	0	0	0	27.28	32.01	37.07	217.03	187.55	93.28	106.48	27.5	143.66	95.26	42.35	96.36	913.11
47.2067	0	0	0	0	0	19.47	25.96	19.36	226.49	197.23	98.67	115.94	27.5	151.8	104.17	46.53	64.79	968.33
47.2167	0	0	0	0	0	15.62	18.26	12.32	226.49	202.07	104.17	125.4	30.25	162.69	113.08	48.73	46.2	1012.88
47.2267	0	0	0	0	0	9.68	10.67	3.52	224.07	204.49	104.17	134.86	30.25	173.47	118.91	52.91	23.87	1043.13
47.2367	0	0	0	0	0	7.81	6.05	0	214.72	204.49	104.17	144.32	33	181.61	124.63	55.11	13.86	1062.05
47.2467	0	0	0	0	0	5.83	4.51	0	205.48	202.07	98.67	153.78	33	189.64	127.6	57.53	10.34	1067.77
47.2567	0	0	0	0	0	5.83	2.97	0	191.51	197.23	96.03	163.24	33	197.67	133.32	57.53	8.8	1069.53
47.2667	0	0	0	0	0	3.85	0	0	177.65	189.97	90.53	169.62	33	205.81	136.29	59.95	3.85	1062.82
47.2767	0	0	0	0	0	3.85	0	0	163.9	182.71	85.03	176	35.75	211.2	139.15	62.37	3.85	1056.11
47.2867	0	0	0	0	0	0	0	0	151.25	173.03	76.89	179.19	35.75	213.84	139.15	62.37	0	1031.47
47.2967	0	0	0	0	0	0	0	0	136.4	163.13	71.39	185.57	35.75	219.23	142.12	62.37	0	1015.96
47.3067	0	0	0	0	0	0	0	0	123.75	153.12	63.25	188.76	35.75	224.73	142.12	64.9	0	996.38
47.3167	0	0	0	0	0	0	0	0	111.43	143.11	57.75	195.14	35.75	224.73	142.12	64.9	0	974.93
47.3267	0	0	0	0	0	0	0	0	99.99	135.52	50.27	198.44	35.75	230.34	142.12	64.9	0	957.33
47.3367	0	0	0	0	0	0	0	0	90.42	125.51	45.43	201.63	35.75	233.09	142.12	64.9	0	938.85
47.3467	0	0	0	0	0	0	0	0	80.85	115.5	40.7	204.82	35.75	235.95	142.12	67.32	0	923.01
47.3567	0	0	0	0	0	0	0	0	71.28	108.24	38.28	208.01	35.75	238.7	142.12	67.32	0	909.7
47.3667	0	0	0	0	0	0	0	0	61.71	98.78	33.44	208.01	35.75	241.45	142.12	67.32	0	888.58
47.3767	0	0	0	0	0	0	0	0	52.69	89.32	28.71	211.2	35.75	244.31	144.98	67.32	0	874.28
47.3867	0	0	0	0	0	0	0	0	43.89	79.86	26.29	214.39	35.75	244.31	144.98	69.74	0	859.21
47.3967	0	0	0	0	0	0	0	0	38.61	70.4	23.87	217.58	35.75	247.06	147.84	69.74	0	850.85
47.4067	0	0	0	0	0	0	0	0	33.33	60.94	19.14	220.77	35.75	249.92	150.81	69.74	0	840.4
47.4167	0	0	0	0	0	0	0	0	29.81	56.21	19.14	220.77	35.75	252.67	153.67	72.16	0	840.18
47.4267	0	0	0	0	0	0	0	0	28.05	49.17	16.72	220.77	35.75	252.67	159.5	72.16	0	834.79
47.4367	0	0	0	0	0	0	0	0	26.29	44.55	14.3	220.77	35.75	255.42	162.36	74.69	0	834.13
47.4467	0	0	0	0	0	0	0	0	24.53	42.13	14.3	224.07	35.75	261.03	168.3	77.11	0	847.22
47.4567	0	0	0	0	0	0	0	0	22.77	39.82	14.3	224.07	38.5	261.03	174.24	77.11	0	851.84
47.4667	0	0	0	0	0	0	0	0	22.77	37.51	11.88	226.93	38.5	266.64	177.21	79.53	0	860.97
47.4767	0	0	0	0	0	0	0	0	21.01	32.78	11.88	226.93	38.5	269.39	180.18	81.95	0	862.62
47.4867	0	0	0	0	0	0	0	0	21.01	30.47	11.88	229.79	38.5	272.25	186.12	81.95	0	871.97
47.4967	0	0	0	0	0	0	0	0	19.25	28.05	11.88	229.79	38.5	275	189.09	81.95	0	873.51
47.5067	0	0	0	0	0	0	0	0	19.25	25.74	9.57	232.76	38.5	277.86	192.06	84.48	0	880.22
47.5167	0	0	0	0	0	0	0	0	19.25	23.43	9.57	232.76	41.25	280.61	198.11	86.9	0	891.88
47.5267	0	0	0	0	0	0	0	0	17.49	21.01	7.15	232.76	38.5	283.47	201.08	86.9	0	888.36
47.5367	0	0	0	0	0	0	0	0	15.73	16.39	7.15	229.79	41.25	289.08	204.05	89.32	0	892.76
47.5467	0	0	0	0	0	0	0	0	15.73	11.66	7.15	226.93	38.5	291.94	207.02	91.74	0	890.67
47.5567	0	0	0	0	0	0	0	0	13.97	9.35	4.73	224.07	38.5	294.8	207.02	91.74	0	884.18
47.5667	0	0	0	0	0	0	0	0	12.21	6.93	4.73	217.58	35.75	297.55	207.02	94.27	0	876.04
47.5767	0	0	0	0	0	0	0	0	12.21	6.93	4.73	208.01	33	300.41	207.02	96.69	0	869
47.5867	0	0	0	0	0	0	0	0	12.21	4.62	0	195.14	30.25	303.27	204.05	96.69	0	846.23
47.5967	0	0	0	3.41	0	0	0	0	10.45	4.62	0	182.38	27.5	306.02	201.08	99.11	3.41	831.16
47.6067	6.93	5.83	0	6.82	0	5.83	0	0	10.45	4.62	0	166.43	24.75	308.88	198.11	101.53	25.41	814.77
47.6167	9.24	9.68	0	15.51	0	7.81	0	0	10.45	0	0	150.59	19.25	311.74	192.06	104.06	42.24	788.15
47.6267	16.17	13.64	0	32.67	8.47	15.62	4.51	0	10.45	0	0	134.86	16.5	314.49	183.15	108.9	91.08	768.35
47.6367	51.04	31.13	9.68	48.18	14.74	23.43	9.13	7.04	8.69	0	0	119.02	13.75	317.35	177.21	111.32	194.37	747.34
47.6467	135.52	69.74	24.2	60.83	19.03	31.24	15.18	10.56	8.69	0	0	103.29	11	317.35	168.3	113.85	366.3	722.48
47.6567	177.21	91.74	36.3	74.03	21.12	39.05	16.72	12.32	6.93	0	0	87.56	8.25	317.35	156.53	116.05	468.49	692.67
47.6667	189.31	102.74	48.4	80.63	25.41	54.67	22.88	14.08	5.17	0	0	65.67	8.25	308.88	144.98	118.25	538.12	651.2
47.6767	196.68	102.74	53.24	80.63	27.5	60.83	27.5	17.6	5.17	0	0	48.07	5.5	289.08	130.46	118.25	566.72	596.53
47.6867	191.73	102.74	53.24	82.83	29.59	67.54	33.55	17.6	3.41	0	0	36.74	5.5	252.67	115.94	120.45	578.82	534.71
47.6967	189.31	104.94	58.08	85.03	31.68	76.56	36.63	19.36	0	0	0	28.27	5.5	203.06	104.17	120.45	601.59	461.45
47.7067	194.15	109.34	65.12	87.34	33.88	83.27	41.25	22.88	0	0	0	22.55	5.5	154.55	92.29	113.85	637.23	388.74
47.7167	211.2	118.03	74.58	89.54	35.97	92.18	45.76	26.4	0	0	0	16.94	5.5	116.38	83.27	101.53	693.66	323.62
47.7267	231.11	126.39	86.35	89.54	38.06	98.89	50.38	30.03	0	0	0	14.08	5.5	83.82	74.36	84.48	750.75	262.24
47.7367	251.9	136.84	100.54	91.74	38.06	107.91	55	35.31	0	0	0	8.47	5.5	64.79	65.45	62.37	817.3	206.58
47.7467	270.05	145.2	112.42	93.94	40.15	112.42	58.3	38.83	0	0	0	5.61	0	49.83	59.51	50.82	871.31	165.77
47.7567	282.92	151.47	119.79	98.34	42.35	118.69	61.93	44.11	0	0	0	0	0	40.37	53.9	42.35	919.6	136.62
47.7667	287.98	155.65	124.74	100.54	42.35	122.98	63.69	47.63	0	0	0	0	0	33.22	48.73	33.88	945.56	115.83
47.7767	290.62	157.74	129.69	102.74	44.44	127.16	67.32	52.91	0	0	0	0	0	26.07	43.67	31.79	972.62	101.53
47.7867	287.98	157.74	134.64	104.94	44.44	131.45	69.19	56.54	0	0	0	0	0	21.34	33.33	25.41	986.92	80.08
47.7967	285.45	157.74	134.64	107.14	46.53	135.63	72.82	60.5	0	0	0	0	0	14.19	23.1	14.74	1000.45	52.03
47.8067	280.39	155.65	134.64	109.34	46.53	137.72	74.58	64.57	0	0	0	0	0	7.04	12.76	6.27	1003.42	26.07
47.8167	272.58	153.56	134.64	109.34	46.53	142.01	78.21	68.64	0	0	0	0	0	4.73	7.7	4.18	1005.51	16.61
47.8267	264.88	149.38	132.22	111.54	46.53	144.1	80.08	70.62	0	0	0	0	0	4.73	5.06	0	999.35	9.79
47.8367	257.07	145.2	129.69	113.85	48.62	144.1	81.84	74.69	0	0	0	0	0	0	0	0	995.06	0
47.8467	249.26	141.02	127.27	111.54	48.62	146.19	81.84	74.69	0	0	0	0	0	0	0	0	980.43	0
47.8567	241.45	138.93	124.74	113.85	48.62	146.19	83.71	76.67	0	0	0	0	0	0	0	0	974.16	0
47.8666	236.28	134.75	122.32	111.54	50.82	146.19	85.47	84.81	0	0	0	0	0	0	0	0	972.18	0
47.8766	228.58	132.66	119.79	111.54	50.82	146.19	85.47	84.81	0	0	0	0	0	0	0	0	959.86	0
47.8866	223.41	128.48	114.84	111.54	50.82	146.19	85.47	84.81	0	0	0	0	0	0	0	0	945.56	0
47.8966	218.46	126.39	112.42	111.54	50.82	146.19	85.47	84.81	0	0	0	0	0	0	0	0	936.1	0
47.9066	211.2	122.21	110	111.54	50.82	144.1	85.47	84.81	0	0	0	0	0	0	0	0	920.15	0
47.9166	206.36	120.12	107.69	113.85	50.82	146.19	87.23	86.79	0	0	0	0	0	0	0	0	919.05	0
47.9266	201.52	118.03	105.27	113.85	50.82	146.19	87.23	86.79	0	0	0	0	0	0	0	0	909.7	0
47.9366	196.68	115.94	102.96	116.05	50.82	146.19	87.23	86.79	0	0	0	0	0	0	0	0	902.66	0
47.9466	191.73	113.85	100.54	116.05	52.91	146.19	87.23	88.77	0	0	0	0	0	0	0	0	897.27	0
47.9566	186.89	111.54	98.23	116.05	52.91	148.39	87.23	90.86	0	0	0	0	0	0	0	0	892.1	0
47.9666	184.47	109.34	98.23	118.25	52.91	148.39	89.1	92.84	0	0	0	0	0	0	0	0	893.53	0
47.9766	182.05	109.34	95.81	118.25	52.91	150.48	89.1	92.84	0	0	0	0	0	0	0	0	890.78	0
47.9866	179.63	107.14	95.81	120.56	52.91	150.48	90.86	94.82	0	0	0	0	0	0	0	0	892.21	0
47.9966	177.21	107.14	95.81	120.56	55	152.57	92.73	96.91	0	0	0	0	0	0	0	0	897.93	0
48.0066	177.21	104.94	95.81	122.76	55	154.66	94.49	98.89	0	0	0	0	0	0	0	0	903.76	0
48.0166	174.79	104.94	95.81	122.76	57.2	154.66	96.36	102.96	0	0	0	0	0	0	0	0	909.48	0
48.0266	172.37	102.74	95.81	122.76	57.2	156.86	98.12	104.94	0	0	0	0	0	0	0	0	910.8	0
48.0366	169.95	102.74	95.81	122.76	57.2	158.95	101.75	106.92	0	0	0	0	0	0	0	0	916.08	0
48.0466	169.95	100.54	98.23	122.76	59.4	161.04	103.62	109.01	0	0	0	0	0	0	0	0	924.55	0
48.0566	167.53	100.54	98.23	122.76	59.4	163.13	105.38	110.99	0	0	0	0	0	0	0	0	927.96	0
48.0666	167.53	98.34	98.23	124.96	61.71	165.33	109.01	113.08	0	0	0	0	0	0	0	0	938.19	0
48.0766	162.58	96.14	100.54	124.96	61.71	167.53	112.64	115.17	0	0	0	0	0	0	0	0	941.27	0
48.0866	162.58	93.94	100.54	124.96	64.02	169.73	116.49	119.35	0	0	0	0	0	0	0	0	951.61	0
48.0966	160.05	91.74	100.54	124.96	64.02	171.93	120.45	121.44	0	0	0	0	0	0	0	0	955.13	0
48.1066	155.21	89.54	100.54	124.96	66.33	174.13	122.54	123.53	0	0	0	0	0	0	0	0	956.78	0
48.1166	152.68	87.34	100.54	124.96	66.33	176.33	126.5	127.71	0	0	0	0	0	0	0	0	962.39	0
48.1266	147.84	85.14	98.23	122.76	68.64	176.33	130.57	129.8	0	0	0	0	0	0	0	0	959.31	0
48.1366	142.89	80.74	98.23	122.76	68.64	178.53	134.64	133.98	0	4.62	0	0	0	0	0	0	960.41	4.62
48.1466	137.94	76.34	95.81	122.76	70.95	180.73	138.6	136.07	0	4.62	0	5.61	0	0	0	0	959.2	10.23
48.1566	133.1	71.94	93.5	120.56	70.95	180.73	140.69	138.16	3.41	6.93	0	14.08	0	0	0	0	949.63	24.42
48.1666	125.73	67.54	88.77	118.25	70.95	180.73	144.65	140.25	15.73	13.97	7.15	22.55	8.25	11.88	5.06	0	936.87	84.59
48.1766	118.36	60.94	84.04	116.05	70.95	180.73	146.74	142.34	24.53	21.01	11.88	28.27	11	23.65	17.93	6.27	920.15	144.54
48.1866	108.68	54.56	77	111.54	70.95	178.53	148.72	144.43	42.13	37.51	19.14	36.74	13.75	28.49	20.46	10.56	894.41	208.78
48.1966	97.68	46.75	69.85	107.14	70.95	176.33	150.7	146.52	77	58.63	28.71	42.35	16.5	33.22	28.27	12.65	865.92	297.33
48.2066	84.48	38.94	60.39	102.74	68.64	174.13	152.79	146.52	101.86	75.13	35.86	48.07	19.25	42.68	33.33	14.74	828.63	370.92
48.2166	71.17	31.13	50.82	96.14	66.33	169.73	152.79	148.61	107.58	77.55	40.7	53.68	19.25	49.83	38.5	16.94	786.72	404.03
48.2266	55.77	25.3	38.72	89.54	64.02	163.13	154.77	148.61	107.58	77.55	45.43	56.54	22	56.98	43.67	19.03	739.86	428.78
48.2366	41.8	19.47	29.04	82.83	61.71	156.86	154.77	146.52	101.86	75.13	45.43	59.4	22	64.79	48.73	21.12	693	438.46
48.2466	32.45	15.51	21.78	74.03	57.2	150.48	154.77	146.52	94.16	75.13	45.43	68.75	22	72.93	53.9	23.21	652.74	455.51
48.2566	27.83	13.64	19.36	65.23	55	142.01	154.77	144.43	88.44	75.13	45.43	75.02	22	81.07	59.51	25.41	622.27	472.01
48.2666	25.52	11.66	16.94	58.63	50.82	135.63	154.77	142.34	86.57	77.55	45.43	81.29	24.75	89.21	62.48	27.5	596.31	494.78
48.2766	20.9	9.68	14.52	53.35	46.53	129.25	154.77	138.16	84.7	79.86	45.43	90.75	24.75	97.35	65.45	29.59	567.16	517.88
48.2866	18.59	9.68	14.52	48.18	44.44	122.98	152.79	133.98	82.72	82.28	45.43	100.21	24.75	105.49	68.42	31.79	545.16	541.09
48.2966	16.17	7.7	12.1	43.01	40.15	118.69	150.7	131.89	80.85	82.28	45.43	109.56	27.5	116.38	74.36	33.88	520.41	570.24
48.3066	16.17	7.7	9.68	39.6	38.06	114.51	146.74	127.71	78.98	84.59	45.43	115.94	27.5	124.52	77.33	33.88	500.17	588.17
48.3166	13.86	5.83	9.68	36.19	33.88	107.91	144.65	123.53	77	84.59	45.43	125.4	27.5	132.77	83.27	38.06	475.53	614.02
48.3266	11.55	5.83	7.26	31.02	31.68	103.4	140.69	119.35	75.13	84.59	45.43	134.86	30.25	143.66	89.32	40.26	450.78	643.5
48.3366	11.55	5.83	7.26	27.5	27.5	96.69	138.6	117.26	69.41	82.28	43.12	141.13	30.25	149.05	98.23	42.35	432.19	655.82
48.3466	11.55	3.85	7.26	24.09	25.41	92.18	134.64	113.08	63.69	79.86	40.7	144.32	33	159.94	104.17	46.53	412.06	672.21
48.3566	11.55	3.85	7.26	20.68	23.21	85.47	132.55	109.01	57.97	72.82	35.86	147.51	33	165.44	113.08	48.73	393.58	674.41
48.3666	9.24	3.85	4.84	18.92	21.12	78.76	128.59	104.94	49.17	68.09	31.13	150.59	33	173.47	121.77	50.82	370.26	678.04
48.3766	9.24	3.85	4.84	17.16	21.12	74.25	126.5	102.96	42.13	60.94	28.71	150.59	35.75	178.86	127.6	52.91	359.92	677.49
48.3866	9.24	0	4.84	15.51	19.03	69.74	124.52	98.89	35.09	53.9	23.87	153.78	35.75	181.61	133.32	55.11	341.77	672.43
48.3966	9.24	0	4.84	13.75	16.94	65.34	120.45	94.82	28.05	46.86	21.56	156.97	35.75	187	139.15	57.53	325.38	672.87
48.4066	9.24	0	4.84	13.75	16.94	63.03	118.47	90.86	24.53	42.13	19.14	160.05	38.5	189.64	144.98	59.95	317.13	678.92
48.4166	9.24	0	4.84	13.75	16.94	60.83	116.49	86.79	21.01	37.51	16.72	160.05	38.5	195.03	147.84	59.95	308.88	676.61
48.4266	6.93	0	4.84	11.99	16.94	58.63	114.51	82.72	19.25	32.78	14.3	160.05	38.5	197.67	153.67	59.95	296.56	676.17
48.4366	6.93	0	0	11.99	16.94	56.65	112.64	78.65	17.49	28.05	11.88	160.05	38.5	200.42	156.53	59.95	283.8	672.87
48.4466	6.93	0	4.84	11.99	14.74	56.65	110.88	74.69	15.73	25.74	11.88	156.97	38.5	203.06	159.5	59.95	280.72	671.33
48.4566	6.93	0	0	11.99	14.74	54.67	109.01	70.62	13.97	21.01	9.57	153.78	38.5	205.81	162.36	57.53	267.96	662.53
48.4666	6.93	0	0	13.75	16.94	54.67	109.01	66.55	13.97	18.7	9.57	147.51	38.5	205.81	162.36	57.53	267.85	653.95
48.4766	6.93	0	4.84	13.75	16.94	54.67	105.38	62.59	12.21	16.39	7.15	141.13	38.5	208.45	168.3	57.53	265.1	649.66
48.4866	6.93	3.85	0	13.75	19.03	54.67	103.62	58.52	10.45	13.97	7.15	134.86	35.75	208.45	168.3	57.53	260.37	636.46
48.4966	9.24	3.85	0	15.51	19.03	54.67	101.75	54.67	10.45	11.66	4.73	128.48	35.75	211.2	171.27	57.53	258.72	631.07
48.5066	6.93	3.85	4.84	17.16	21.12	54.67	99.99	51.15	10.45	9.35	4.73	122.21	35.75	211.2	174.24	55.11	259.71	623.04
48.5166	6.93	3.85	4.84	18.92	21.12	54.67	98.12	49.39	10.45	9.35	0	115.94	33	213.84	174.24	55.11	257.84	611.93
48.5266	9.24	3.85	4.84	20.68	23.21	54.67	96.36	47.63	8.69	9.35	4.73	112.75	33	216.59	174.24	55.11	260.48	614.46
48.5366	9.24	5.83	4.84	22.33	25.41	56.65	94.49	45.87	8.69	9.35	0	109.56	30.25	221.98	174.24	55.11	264.66	609.18
48.5466	9.24	5.83	7.26	24.09	25.41	56.65	92.73	45.87	8.69	6.93	0	106.48	27.5	227.48	174.24	55.11	267.08	606.43
48.5566	9.24	7.7	7.26	25.85	27.5	58.63	90.86	44.11	8.69	9.35	0	103.29	27.5	233.09	174.24	55.11	271.15	611.27
48.5666	11.55	7.7	9.68	29.26	27.5	60.83	89.1	42.35	8.69	6.93	0	103.29	24.75	238.7	171.27	55.11	277.97	608.74
48.5766	13.86	9.68	9.68	31.02	29.59	63.03	85.47	42.35	8.69	6.93	0	103.29	24.75	244.31	171.27	55.11	284.68	614.35
48.5866	16.17	9.68	14.52	34.43	31.68	63.03	83.71	40.59	8.69	6.93	0	103.29	22	247.06	168.3	55.11	293.81	611.38
48.5966	18.59	11.66	16.94	36.19	31.68	65.34	81.84	38.83	8.69	6.93	0	103.29	22	252.67	165.33	55.11	301.07	614.02
48.6066	20.9	11.66	19.36	37.84	31.68	65.34	78.21	33.55	8.69	6.93	0	103.29	22	255.42	162.36	52.91	298.54	611.6
48.6166	25.52	13.64	21.78	39.6	31.68	65.34	74.58	31.79	8.69	6.93	0	106.48	22	261.03	159.5	55.11	303.93	619.74
48.6266	27.83	13.64	24.2	41.36	31.68	67.54	70.95	30.03	6.93	6.93	0	109.56	22	263.89	156.53	52.91	307.23	618.75
48.6366	32.45	15.51	26.62	43.01	31.68	67.54	67.32	28.27	8.69	6.93	0	112.75	22	266.64	153.67	52.91	312.4	623.59
48.6466	37.18	17.49	29.04	44.77	31.68	65.34	63.69	26.4	6.93	4.62	0	112.75	22	269.39	153.67	52.91	315.59	622.27
48.6566	39.49	17.49	31.46	46.53	31.68	63.03	58.3	26.4	6.93	4.62	0	115.94	19.25	272.25	147.84	52.91	314.38	619.74
48.6666	44.11	17.49	33.88	46.53	29.59	60.83	55	22.88	8.69	6.93	0	122.21	19.25	275	147.84	50.82	310.31	630.74
48.6766	48.73	19.47	36.3	46.53	29.59	58.63	50.38	21.12	6.93	4.62	0	125.4	22	275	144.98	50.82	310.75	629.75
48.6866	53.35	19.47	38.72	46.53	29.59	52.69	45.76	17.6	6.93	6.93	0	128.48	22	275	142.12	50.82	303.71	632.28
48.6966	57.97	21.34	41.14	44.77	27.5	48.84	41.25	15.84	6.93	6.93	0	131.67	22	277.86	142.12	50.82	298.65	638.33
48.7066	62.37	21.34	43.56	41.36	25.41	42.9	36.63	14.08	8.69	6.93	0	137.94	22	275	142.12	50.82	287.65	643.5
48.7166	68.97	21.34	45.98	39.6	25.41	37.07	30.47	12.32	6.93	6.93	0	141.13	22	275	139.15	48.73	281.16	639.87
48.7266	75.57	21.34	48.4	36.19	23.21	31.24	27.5	10.56	6.93	6.93	0	144.32	22	272.25	139.15	48.73	274.01	640.31
48.7366	79.97	21.34	50.82	34.43	23.21	27.28	22.88	8.8	8.69	6.93	0	150.59	24.75	266.64	139.15	48.73	268.73	645.48
48.7466	84.48	23.32	53.24	32.67	21.12	23.43	21.34	7.04	8.69	6.93	0	156.97	27.5	261.03	136.29	48.73	266.64	646.14
48.7566	88.88	21.34	55.77	29.26	19.03	21.45	18.26	7.04	8.69	6.93	0	166.43	30.25	258.28	136.29	48.73	261.03	655.6
48.7666	93.28	23.32	55.77	27.5	19.03	19.47	16.72	5.28	8.69	6.93	0	179.19	33	255.42	139.15	48.73	260.37	671.11
48.7766	95.48	21.34	58.08	25.85	16.94	17.49	16.72	3.52	10.45	11.66	4.73	191.95	35.75	249.92	142.12	50.82	255.42	697.4
48.7866	97.68	21.34	58.08	24.09	16.94	17.49	15.18	3.52	12.21	16.39	7.15	204.82	41.25	247.06	147.84	52.91	254.32	729.63
48.7966	99.88	21.34	58.08	20.68	16.94	15.62	13.75	3.52	13.97	23.43	9.57	217.58	44	244.31	150.81	52.91	249.81	756.58
48.8066	102.08	21.34	58.08	18.92	14.74	13.64	13.75	0	15.73	28.05	11.88	226.93	49.5	241.45	153.67	55.11	242.55	782.32
48.8166	102.08	19.47	58.08	17.16	14.74	11.66	12.21	0	21.01	39.82	16.72	235.62	52.25	238.7	156.53	55.11	235.4	815.76
48.8266	102.08	19.47	58.08	15.51	12.65	9.68	10.67	0	28.05	53.9	23.87	241.45	55.11	235.95	156.53	57.53	228.14	852.39
48.8366	104.28	19.47	58.08	13.75	12.65	7.81	9.13	0	40.37	70.4	33.44	241.45	58.08	233.09	156.53	57.53	225.17	890.89
48.8466	102.08	17.49	55.77	11.99	10.56	5.83	7.59	0	50.93	82.28	38.28	244.42	61.05	230.34	156.53	57.53	211.31	921.36
48.8566	102.08	17.49	53.24	10.34	10.56	5.83	7.59	0	57.97	89.32	43.12	244.42	61.05	227.48	156.53	57.53	207.13	937.42
48.8666	102.08	15.51	50.82	10.34	10.56	5.83	6.05	0	59.84	91.74	45.43	241.45	58.08	227.48	156.53	57.53	201.19	938.08
48.8766	102.08	15.51	50.82	8.58	10.56	5.83	6.05	0	59.84	91.74	45.43	238.59	58.08	224.73	156.53	57.53	199.43	932.47
48.8866	102.08	13.64	48.4	8.58	8.47	3.85	6.05	0	57.97	89.32	43.12	235.62	58.08	224.73	156.53	57.53	191.07	922.9
48.8966	99.88	13.64	45.98	6.82	8.47	3.85	6.05	0	56.21	84.59	43.12	232.76	58.08	221.98	156.53	57.53	184.69	910.8
48.9066	102.08	11.66	43.56	6.82	8.47	3.85	4.51	0	54.45	82.28	43.12	226.93	58.08	219.23	156.53	57.53	180.95	898.15
48.9166	102.08	11.66	41.14	5.17	6.27	3.85	4.51	0	54.45	79.86	40.7	224.07	58.08	219.23	159.5	57.53	174.68	893.42
48.9266	104.28	11.66	41.14	5.17	6.27	3.85	4.51	0	52.69	79.86	43.12	217.58	58.08	216.59	159.5	57.53	176.88	884.95
48.9366	104.28	11.66	41.14	5.17	6.27	0	4.51	0	54.45	77.55	43.12	214.39	58.08	213.84	162.36	57.53	173.03	881.32
48.9466	106.48	11.66	38.72	5.17	6.27	3.85	2.97	0	56.21	79.86	45.43	208.01	58.08	211.2	162.36	57.53	175.12	878.68
48.9566	108.68	9.68	38.72	3.41	6.27	3.85	2.97	0	57.97	79.86	47.85	204.82	61.05	208.45	165.33	57.53	173.58	882.86
48.9666	108.68	9.68	38.72	3.41	6.27	0	2.97	0	61.71	84.59	47.85	201.63	61.05	205.81	165.33	57.53	169.73	885.5
48.9766	108.68	7.7	36.3	3.41	4.18	0	2.97	0	67.43	87.01	52.69	195.14	61.05	203.06	165.33	57.53	163.24	889.24
48.9866	106.48	7.7	36.3	0	4.18	3.85	0	0	73.15	91.74	57.75	191.95	64.02	197.67	168.3	57.53	158.51	902.11
48.9966	106.48	5.83	33.88	0	4.18	0	0	0	78.98	94.05	60.5	188.76	64.02	195.03	171.27	57.53	150.37	910.14
49.0066	104.28	5.83	31.46	0	4.18	0	0	0	84.7	98.78	66	185.57	66.99	192.39	171.27	59.95	145.75	925.65
49.0166	102.08	5.83	29.04	0	4.18	0	0	0	88.44	101.2	68.75	182.38	66.99	189.64	171.27	59.95	141.13	928.62
49.0266	102.08	5.83	29.04	0	4.18	0	0	0	92.29	103.51	71.39	179.19	66.99	189.64	174.24	59.95	141.13	937.2
49.0366	102.08	5.83	29.04	0	4.18	0	0	0	96.14	103.51	74.14	176	69.96	187	177.21	59.95	141.13	943.91
49.0466	102.08	5.83	29.04	0	4.18	0	0	0	98.01	103.51	76.89	172.81	69.96	187	177.21	59.95	141.13	945.34
49.0566	104.28	5.83	29.04	0	4.18	0	2.97	0	99.99	103.51	76.89	169.62	69.96	184.25	180.18	59.95	146.3	944.35
49.0666	104.28	5.83	29.04	0	4.18	0	2.97	0	99.99	103.51	79.64	166.43	69.96	184.25	180.18	59.95	146.3	943.91
49.0766	106.48	5.83	31.46	0	4.18	0	2.97	0	99.99	103.51	79.64	163.24	72.93	181.61	183.15	59.95	150.92	944.02
49.0866	106.48	5.83	31.46	0	4.18	0	2.97	0	99.99	101.2	79.64	160.05	72.93	178.86	183.15	59.95	150.92	935.77
49.0966	108.68	7.7	33.88	0	4.18	0	2.97	0	99.99	101.2	79.64	156.97	72.93	178.86	186.12	59.95	157.41	935.66
49.1066	110.99	7.7	33.88	0	4.18	3.85	2.97	0	98.01	96.47	79.64	156.97	75.9	178.86	189.09	62.37	163.57	937.31
49.1166	113.41	9.68	36.3	3.41	4.18	0	2.97	0	94.16	94.05	76.89	153.78	75.9	178.86	192.06	59.95	169.95	925.65
49.1266	115.83	11.66	38.72	3.41	6.27	0	4.51	0	90.42	89.32	74.14	153.78	75.9	178.86	195.14	59.95	180.4	917.51
49.1366	118.36	13.64	41.14	5.17	6.27	0	4.51	0	84.7	84.59	71.39	150.59	75.9	181.61	198.11	62.37	189.09	909.26
49.1466	125.73	17.49	45.98	6.82	8.47	0	4.51	0	80.85	79.86	68.75	147.51	78.87	181.61	204.05	62.37	209	903.87
49.1566	128.15	23.32	50.82	10.34	10.56	3.85	6.05	0	73.15	75.13	63.25	144.32	78.87	184.25	209.99	64.9	233.09	893.86
49.1666	133.1	27.28	55.77	11.99	12.65	7.81	7.59	0	65.56	68.09	57.75	141.13	78.87	184.25	215.93	67.32	256.19	878.9
49.1766	135.52	29.15	58.08	13.75	14.74	9.68	10.67	0	57.97	60.94	52.69	137.94	78.87	184.25	221.98	69.74	271.59	864.38
49.1866	135.52	31.13	60.39	15.51	16.94	9.68	15.18	3.52	50.93	51.59	47.85	131.67	78.87	184.25	227.59	72.16	287.87	844.91
49.1966	140.47	33.11	65.12	15.51	19.03	13.64	18.26	5.28	42.13	44.55	40.7	125.4	78.87	184.25	230.45	74.69	310.42	821.04
49.2066	145.31	35.09	67.54	17.16	21.12	15.62	21.34	7.04	35.09	37.51	33.44	115.94	78.87	184.25	233.2	74.69	330.22	792.99
49.2166	150.26	38.94	72.27	18.92	23.21	19.47	25.96	8.8	28.05	30.47	26.29	109.56	75.9	181.61	238.92	74.69	357.83	765.49
49.2266	157.63	40.92	79.31	18.92	25.41	23.43	28.93	10.56	22.77	23.43	21.56	100.21	72.93	178.86	238.92	77.11	385.11	735.79
49.2366	167.53	42.79	84.04	20.68	27.5	25.3	32.01	14.08	19.25	18.7	16.72	87.56	66.99	176.22	238.92	77.11	413.93	701.47
49.2466	177.21	46.75	91.08	22.33	29.59	29.26	35.09	14.08	17.49	16.39	14.3	75.02	61.05	170.83	238.92	74.69	445.39	668.69
49.2566	184.47	50.6	98.23	22.33	29.59	31.24	36.63	17.6	15.73	13.97	9.57	62.48	55.11	162.69	238.92	77.11	470.69	635.58
49.2666	194.15	52.58	102.96	24.09	31.68	35.09	38.17	17.6	13.97	9.35	7.15	50.82	49.5	157.19	238.92	77.11	496.32	604.01
49.2766	203.94	56.54	107.69	25.85	31.68	37.07	39.71	17.6	10.45	6.93	4.73	42.35	44	146.3	236.06	74.69	520.08	565.51
49.2865	216.04	60.94	114.84	27.5	31.68	39.05	41.25	19.36	8.69	4.62	4.73	33.88	38.5	132.77	230.45	74.69	550.66	528.33
49.2965	223.41	65.34	119.79	27.5	33.88	41.03	42.68	21.12	8.69	4.62	0	25.41	30.25	119.13	227.59	74.69	574.75	490.38
49.3065	233.75	67.54	122.32	29.26	33.88	42.9	45.76	22.88	8.69	4.62	0	16.94	24.75	105.49	218.9	74.69	598.29	454.08
49.3165	238.92	71.94	127.27	29.26	35.97	44.88	47.3	22.88	6.93	0	0	14.08	19.25	86.46	209.99	72.16	618.42	408.87
49.3265	246.73	74.14	129.69	29.26	40.15	46.86	51.92	26.4	6.93	0	0	8.47	13.75	64.79	198.11	69.74	645.15	361.79
49.3365	251.9	74.14	134.64	31.02	40.15	46.86	55	28.27	6.93	0	0	0	11	49.83	180.18	64.9	661.98	312.84
49.3465	257.07	76.34	137.17	31.02	42.35	50.71	58.3	30.03	5.17	0	0	0	11	35.64	159.5	57.53	682.99	268.84
49.3565	264.88	78.54	142.12	32.67	44.44	50.71	61.93	31.79	3.41	0	0	0	8.25	23.65	136.29	52.91	707.08	224.51
49.3665	272.58	80.74	147.07	32.67	46.53	52.69	65.56	31.79	3.41	0	0	0	8.25	16.61	107.14	42.35	729.63	177.76
49.3765	280.39	85.14	154.44	34.43	48.62	54.67	69.19	33.55	0	0	0	0	8.25	14.19	80.3	31.79	760.43	134.53
49.3865	290.62	87.34	159.39	34.43	48.62	56.65	72.82	35.31	0	0	0	0	5.5	11.88	62.48	25.41	785.18	105.27
49.3965	298.21	89.54	166.87	36.19	50.82	58.63	74.58	37.07	0	0	0	0	0	9.46	48.73	21.12	811.91	79.31
49.4065	308.44	93.94	171.82	37.84	52.91	60.83	78.21	38.83	0	0	0	0	0	9.46	35.97	16.94	842.82	62.37
49.4165	316.14	98.34	179.3	37.84	52.91	63.03	80.08	40.59	0	0	0	0	0	9.46	25.63	12.65	868.23	47.74
49.4265	323.84	100.54	184.25	39.6	55	63.03	81.84	42.35	0	0	0	0	0	7.04	15.4	10.56	890.45	33
49.4365	328.9	102.74	186.78	41.36	55	65.34	81.84	42.35	0	0	0	0	0	7.04	12.76	6.27	904.31	26.07
49.4465	331.54	104.94	186.78	43.01	55	67.54	83.71	44.11	0	0	0	0	0	4.73	10.23	6.27	916.63	21.23
49.4565	331.54	104.94	189.31	43.01	57.2	67.54	83.71	44.11	0	0	0	0	0	4.73	10.23	4.18	921.36	19.14
49.4665	331.54	104.94	186.78	44.77	57.2	67.54	85.47	44.11	0	0	0	0	0	0	7.7	4.18	922.35	11.88
49.4765	328.9	107.14	186.78	44.77	57.2	67.54	85.47	45.87	0	0	0	0	0	0	7.7	0	923.67	7.7
49.4865	328.9	107.14	184.25	46.53	57.2	67.54	83.71	45.87	0	0	0	0	0	0	7.7	0	921.14	7.7
49.4965	326.37	107.14	179.3	48.18	57.2	67.54	83.71	45.87	0	0	0	0	0	0	7.7	0	915.31	7.7
49.5065	321.31	107.14	176.77	48.18	57.2	69.74	83.71	47.63	0	0	0	0	0	0	5.06	0	911.68	5.06
49.5165	318.67	107.14	171.82	49.94	57.2	69.74	83.71	47.63	0	0	0	0	0	0	5.06	0	905.85	5.06
49.5265	313.61	107.14	166.87	51.7	57.2	72.05	81.84	47.63	0	0	0	0	0	0	5.06	0	898.04	5.06
49.5365	311.08	109.34	164.34	55.11	59.4	74.25	81.84	47.63	0	0	0	0	0	0	0	0	902.99	0
49.5465	305.91	109.34	159.39	58.63	59.4	74.25	81.84	49.39	0	0	0	0	0	0	0	0	898.15	0
49.5565	300.85	109.34	156.97	60.83	59.4	76.56	81.84	49.39	0	0	0	0	0	0	0	0	895.18	0
49.5665	295.68	109.34	152.02	65.23	59.4	78.76	80.08	49.39	0	0	0	0	0	0	0	0	889.9	0
49.5765	290.62	111.54	147.07	71.83	59.4	80.96	80.08	49.39	0	0	0	0	0	0	0	0	890.89	0
49.5865	282.92	113.85	144.54	76.23	59.4	85.47	80.08	49.39	0	0	0	0	0	0	0	0	891.88	0
49.5965	277.86	115.94	139.59	82.83	59.4	87.67	78.21	51.15	0	0	0	0	0	0	0	0	892.65	0
49.6065	270.05	118.03	134.64	91.74	57.2	92.18	78.21	51.15	0	0	0	0	0	0	0	0	893.2	0
49.6165	262.24	120.12	132.22	98.34	57.2	96.69	76.45	51.15	0	0	0	0	0	0	0	0	894.41	0
49.6265	254.43	120.12	129.69	104.94	57.2	101.2	76.45	51.15	0	0	0	0	0	0	0	0	895.18	0
49.6365	244.09	122.21	124.74	113.85	57.2	105.6	76.45	51.15	0	0	0	0	0	0	0	0	895.29	0
49.6465	236.28	122.21	122.32	122.76	57.2	112.42	76.45	51.15	0	0	0	0	0	0	0	0	900.79	0
49.6565	225.94	122.21	117.37	131.67	57.2	118.69	76.45	51.15	0	0	0	0	0	0	0	0	900.68	0
49.6665	213.62	122.21	112.42	140.69	57.2	125.07	78.21	51.15	0	0	0	0	0	0	0	0	900.57	0
49.6765	203.94	118.03	107.69	149.6	57.2	131.45	78.21	51.15	0	0	0	0	0	0	0	0	897.27	0
49.6865	189.31	115.94	102.96	158.51	57.2	139.92	81.84	51.15	0	0	0	0	0	0	0	0	896.83	0
49.6965	177.21	111.54	98.23	165.33	57.2	146.19	83.71	54.67	0	0	0	0	0	0	0	0	894.08	0
49.7065	162.58	104.94	91.08	172.37	57.2	152.57	87.23	56.54	0	0	0	0	0	0	0	0	884.51	0
49.7165	147.84	96.14	84.04	179.41	59.4	161.04	90.86	60.5	0	0	0	0	0	0	0	0	879.23	0
49.7265	128.15	87.34	77	186.56	59.4	167.53	94.49	64.57	0	0	0	0	0	0	0	0	865.04	0
49.7365	113.41	78.54	67.54	193.6	61.71	174.13	99.99	70.62	0	0	0	0	0	0	0	0	859.54	0
49.7465	97.68	69.74	60.39	198.33	64.02	180.73	105.38	78.65	0	0	0	0	0	0	0	0	854.92	0
49.7565	82.17	58.74	50.82	200.64	64.02	187.33	109.01	92.84	0	0	0	0	0	0	0	0	845.57	0
49.7665	68.97	50.6	41.14	203.06	66.33	194.04	116.49	100.87	0	0	0	0	0	0	0	0	841.5	0
49.7765	57.97	42.79	33.88	205.37	66.33	198.44	122.54	113.08	0	0	0	0	0	0	0	0	840.4	0
49.7865	46.42	33.11	26.62	205.37	66.33	205.04	128.59	121.44	0	0	0	0	0	0	0	0	832.92	0
49.7965	39.49	29.15	24.2	203.06	66.33	209.44	134.64	131.89	0	4.62	0	0	0	0	0	0	838.2	4.62
49.8065	34.76	23.32	19.36	200.64	66.33	213.84	140.69	140.25	3.41	4.62	0	0	0	0	0	0	839.19	8.03
49.8165	30.14	17.49	16.94	198.33	64.02	218.24	144.65	148.61	5.17	9.35	0	0	0	0	0	0	838.42	14.52
49.8265	25.52	15.51	14.52	193.6	61.71	220.55	146.74	156.97	8.69	9.35	0	0	0	0	0	0	835.12	18.04
49.8365	23.21	13.64	14.52	186.56	57.2	222.75	148.72	163.24	10.45	13.97	0	0	0	0	0	0	829.84	24.42
49.8465	23.21	13.64	14.52	177.1	52.91	227.15	148.72	167.42	15.73	16.39	0	0	0	0	0	0	824.67	32.12
49.8565	20.9	11.66	12.1	167.64	48.62	227.15	146.74	174.13	24.53	21.01	0	5.61	0	0	0	0	808.94	51.15
49.8665	20.9	11.66	12.1	154.11	44.44	229.35	144.65	176.44	56.21	42.13	7.15	11.22	0	0	0	0	793.65	116.71
49.8765	18.59	9.68	9.68	138.38	38.06	229.35	142.67	178.75	111.43	87.01	19.14	31.02	5.5	11.88	10.23	0	765.16	276.21
49.8865	18.59	9.68	9.68	118.25	31.68	229.35	136.62	181.06	144.87	120.56	31.13	48.07	11	37.95	15.4	8.47	734.91	417.45
49.8965	13.86	9.68	9.68	98.34	27.5	224.95	130.57	181.06	166.1	138.05	43.12	53.68	13.75	49.83	17.93	8.47	695.64	490.93
49.9065	13.86	7.7	9.68	78.43	23.21	218.24	122.54	183.37	179.96	148.06	50.27	56.54	13.75	56.98	30.8	12.65	657.03	549.01
49.9165	11.55	5.83	7.26	58.63	19.03	209.44	112.64	185.68	179.96	148.06	52.69	59.4	16.5	59.4	38.5	14.74	610.06	569.25
49.9265	6.93	5.83	7.26	46.53	14.74	194.04	99.99	183.37	173.03	145.64	50.27	59.4	16.5	64.79	38.5	16.94	558.69	565.07
49.9365	4.62	3.85	7.26	37.84	14.74	169.73	87.23	176.44	168.41	150.59	52.69	65.67	16.5	72.93	46.2	19.03	501.71	592.02
49.9465	0	3.85	4.84	31.02	10.56	135.63	72.82	165.33	168.41	158.07	55.11	71.94	19.25	81.07	48.73	21.12	424.05	623.7
49.9565	0	0	0	27.5	10.56	101.2	60.06	144.43	175.34	170.61	57.75	81.29	19.25	91.96	53.9	23.21	343.75	673.31
49.9665	0	0	0	22.33	8.47	69.74	51.92	110.99	186.89	182.71	66	84.48	22	97.35	62.48	25.41	263.45	727.32
49.9765	0	0	0	17.16	6.27	50.71	45.76	74.69	198.55	192.39	71.39	90.75	22	105.49	68.42	29.59	194.59	778.58
49.9865	0	0	0	11.99	4.18	39.05	38.17	52.91	210.1	199.65	76.89	97.02	24.75	110.99	77.33	29.59	146.3	826.32
49.9965	0	0	0	6.82	0	29.26	30.47	31.79	214.72	206.91	82.39	103.29	24.75	119.13	83.27	33.88	98.34	868.34
50.0065	0	0	0	5.17	0	21.45	24.42	17.6	214.72	211.75	82.39	112.75	27.5	127.27	89.32	35.97	68.64	901.67
50.0165	0	0	0	3.41	0	15.62	16.72	10.56	212.41	214.17	82.39	122.21	27.5	132.77	92.29	35.97	46.31	919.71
50.0265	0	0	0	3.41	0	9.68	9.13	0	207.79	216.59	82.39	128.48	27.5	140.91	95.26	38.06	22.22	936.98
50.0365	0	0	0	3.41	0	5.83	2.97	0	200.86	216.59	82.39	137.94	30.25	146.3	98.23	40.26	12.21	952.82
50.0465	0	0	0	3.41	0	5.83	0	0	196.24	216.59	79.64	147.51	30.25	154.55	101.2	42.35	9.24	968.33
50.0565	0	0	0	3.41	0	3.85	0	0	191.51	216.59	79.64	153.78	30.25	159.94	104.17	42.35	7.26	978.23
50.0665	0	0	0	3.41	0	0	0	0	182.27	214.17	76.89	160.05	30.25	165.44	107.14	44.44	3.41	980.65
50.0765	0	0	0	0	0	0	0	0	175.34	209.33	74.14	166.43	33	170.83	107.14	44.44	0	980.65
50.0865	0	0	0	0	0	0	0	0	166.1	204.49	71.39	172.81	33	173.47	110.22	46.53	0	978.01
50.0965	0	0	0	0	0	0	0	0	157.63	197.23	68.75	179.19	33	176.22	110.22	46.53	0	968.77
50.1065	0	0	0	0	0	0	0	0	146.96	189.97	63.25	182.38	33	181.61	110.22	46.53	0	953.92
50.1165	0	0	0	0	0	0	0	0	138.49	182.71	60.5	188.76	33	184.25	110.22	46.53	0	944.46
50.1265	0	0	0	0	0	0	0	0	130.02	175.45	55.11	191.95	33	184.25	113.08	48.73	0	931.59
50.1365	0	0	0	0	0	0	0	0	121.55	168.19	55.11	195.14	33	187	113.08	48.73	0	921.8
50.1465	0	0	0	0	0	0	0	0	115.28	160.6	50.27	198.44	33	189.64	113.08	48.73	0	909.04
50.1565	0	0	0	0	0	0	0	0	109.45	155.65	47.85	201.63	33	192.39	113.08	48.73	0	901.78
50.1665	0	0	0	0	0	0	0	0	103.73	148.06	45.43	204.82	33	195.03	115.94	50.82	0	896.83
50.1765	0	0	0	0	0	0	0	0	99.99	143.11	45.43	208.01	33	200.42	115.94	50.82	0	896.72
50.1865	0	0	0	0	0	0	0	0	92.29	135.52	43.12	214.39	33	203.06	118.91	50.82	0	891.11
50.1965	0	0	0	0	0	0	0	0	86.57	130.57	40.7	217.58	35.75	208.45	121.77	50.82	0	892.21
50.2065	0	0	0	0	0	0	0	0	78.98	123.09	38.28	224.07	35.75	213.84	121.77	52.91	0	888.69
50.2165	0	0	0	0	0	0	0	0	71.28	115.5	35.86	229.79	35.75	219.23	124.63	52.91	0	884.95
50.2265	0	0	0	0	0	0	0	0	61.71	108.24	33.44	235.62	35.75	224.73	127.6	55.11	0	882.2
50.2365	0	0	0	0	0	0	0	0	56.21	101.2	31.13	241.45	38.5	230.34	130.46	55.11	0	884.4
50.2465	0	0	0	0	0	0	0	0	49.17	91.74	28.71	247.28	38.5	235.95	136.29	57.53	0	885.17
50.2565	0	0	0	0	0	0	0	0	42.13	84.59	26.29	253.11	38.5	241.45	139.15	57.53	0	882.75
50.2665	0	0	0	0	0	0	0	0	36.85	75.13	23.87	258.94	38.5	247.06	144.98	59.95	0	885.28
50.2765	0	0	0	0	0	0	0	0	33.33	68.09	21.56	261.8	41.25	252.67	150.81	59.95	0	889.46
50.2865	0	0	0	0	0	0	0	0	29.81	60.94	19.14	267.63	41.25	258.28	156.53	62.37	0	895.95
50.2965	0	0	0	0	0	0	0	0	28.05	53.9	16.72	270.6	41.25	263.89	159.5	64.9	0	898.81
50.3065	0	0	0	0	0	0	0	0	24.53	46.86	14.3	270.6	41.25	269.39	165.33	67.32	0	899.58
50.3165	0	0	0	0	0	0	0	0	22.77	39.82	14.3	273.46	44	275	171.27	67.32	0	907.94
50.3265	0	0	0	0	0	0	0	0	21.01	35.09	11.88	270.6	44	280.61	180.18	69.74	0	913.11
50.3365	0	0	0	0	0	0	0	0	19.25	28.05	11.88	270.6	44	286.33	186.12	74.69	0	920.92
50.3465	0	0	0	0	0	0	0	0	17.49	23.43	9.57	264.77	44	289.08	192.06	74.69	0	915.09
50.3565	0	0	0	0	0	0	0	0	13.97	13.97	7.15	258.94	41.25	291.94	198.11	77.11	0	902.44
50.3665	0	0	0	0	0	0	0	0	12.21	9.35	4.73	247.28	38.5	294.8	201.08	81.95	0	889.9
50.3765	6.93	0	0	0	0	0	0	0	12.21	9.35	4.73	229.79	38.5	297.55	204.05	84.48	6.93	880.66
50.3865	11.55	0	0	0	0	0	0	0	12.21	6.93	4.73	208.01	33	300.41	204.05	86.9	11.55	856.24
50.3965	30.14	0	0	0	0	0	0	0	12.21	6.93	0	182.38	27.5	303.27	204.05	89.32	30.14	825.66
50.4065	135.52	9.68	4.84	0	0	0	0	0	10.45	6.93	0	160.05	24.75	306.02	204.05	94.27	150.04	806.52
50.4165	241.45	29.15	16.94	8.58	0	5.83	0	0	10.45	4.62	0	131.67	19.25	308.88	204.05	99.11	301.95	778.03
50.4265	251.9	50.6	33.88	13.75	4.18	5.83	0	0	8.69	4.62	0	103.29	16.5	306.02	201.08	106.48	360.14	746.68
50.4365	267.41	82.94	58.08	31.02	10.56	15.62	2.97	0	8.69	0	0	75.02	11	294.8	195.14	106.48	468.6	691.13
50.4465	275.22	107.14	77	46.53	16.94	23.43	7.59	7.04	6.93	0	0	50.82	8.25	277.86	189.09	111.32	560.89	644.27
50.4565	282.92	118.03	91.08	56.87	19.03	31.24	12.21	8.8	5.17	0	0	33.88	8.25	247.06	180.18	113.85	620.18	588.39
50.4665	282.92	122.21	98.23	60.83	21.12	39.05	16.72	10.56	3.41	0	0	22.55	5.5	195.03	165.33	113.85	651.64	505.67
50.4765	282.92	124.3	107.69	65.23	25.41	50.71	22.88	12.32	0	0	0	11.22	5.5	146.3	147.84	111.32	691.46	422.18
50.4865	287.98	128.48	119.79	67.43	29.59	58.63	30.47	14.08	0	0	0	5.61	5.5	105.49	124.63	104.06	736.45	345.29
50.4965	298.21	132.66	129.69	69.63	31.68	67.54	36.63	15.84	0	0	0	5.61	5.5	78.32	104.17	86.9	781.88	280.5
50.5065	313.61	136.84	147.07	69.63	33.88	74.25	41.25	17.6	0	0	0	0	5.5	56.98	86.35	64.9	834.13	213.73
50.5165	326.37	141.02	159.39	71.83	35.97	78.76	45.76	19.36	0	0	0	0	8.25	42.68	71.39	48.73	878.46	171.05
50.5265	336.71	145.2	169.29	74.03	40.15	83.27	50.38	22.88	0	0	0	0	5.5	30.8	62.48	35.97	921.91	134.75
50.5365	341.99	147.29	174.24	76.23	40.15	87.67	53.46	26.4	0	0	0	0	0	23.65	51.37	25.41	947.43	100.43
50.5465	341.99	149.38	176.77	80.63	42.35	92.18	56.54	28.27	0	0	0	0	0	18.92	43.67	21.12	968.11	83.71
50.5565	336.71	149.38	176.77	82.83	42.35	94.49	60.06	30.03	0	0	0	0	0	14.19	28.27	10.56	972.62	53.02
50.5665	331.54	149.38	174.24	87.34	44.44	96.69	61.93	31.79	0	0	0	0	0	7.04	12.76	4.18	977.35	23.98
50.5765	323.84	147.29	171.82	89.54	46.53	98.89	65.56	33.55	0	0	0	0	0	7.04	10.23	4.18	977.02	21.45
50.5865	313.61	145.2	166.87	91.74	48.62	101.2	67.32	33.55	0	0	0	0	0	4.73	7.7	0	968.11	12.43
50.5965	303.38	141.02	164.34	91.74	48.62	101.2	69.19	35.31	0	0	0	0	0	4.73	5.06	0	954.8	9.79
50.6065	293.15	136.84	156.97	93.94	48.62	103.4	70.95	35.31	0	0	0	0	0	0	0	0	939.18	0
50.6165	280.39	132.66	152.02	96.14	50.82	103.4	70.95	35.31	0	0	0	0	0	0	0	0	921.69	0
50.6265	267.41	126.39	144.54	98.34	50.82	105.6	72.82	37.07	0	0	0	0	0	0	0	0	902.99	0
50.6365	251.9	122.21	139.59	100.54	50.82	105.6	74.58	37.07	0	0	0	0	0	0	0	0	882.31	0
50.6465	241.45	118.03	132.22	102.74	52.91	107.91	74.58	38.83	0	0	0	0	0	0	0	0	868.67	0
50.6565	225.94	113.85	124.74	107.14	52.91	110.11	76.45	38.83	0	0	0	0	0	0	0	0	849.97	0
50.6665	213.62	109.34	117.37	109.34	52.91	112.42	76.45	40.59	0	0	0	0	0	0	0	0	832.04	0
50.6765	201.52	104.94	112.42	113.85	52.91	114.51	78.21	40.59	0	0	0	0	0	0	0	0	818.95	0
50.6865	189.31	98.34	105.27	118.25	55	118.69	80.08	44.11	0	0	0	0	0	0	0	0	809.05	0
50.6965	177.21	93.94	100.54	122.76	55	122.98	83.71	44.11	0	0	0	0	0	0	0	0	800.25	0
50.7065	165	89.54	98.23	124.96	55	127.16	85.47	47.63	0	0	0	0	0	0	0	0	792.99	0
50.7164	157.63	85.14	93.5	129.47	57.2	131.45	89.1	49.39	0	0	0	0	0	0	0	0	792.88	0
50.7264	147.84	80.74	88.77	131.67	57.2	135.63	92.73	51.15	0	0	0	0	0	0	0	0	785.73	0
50.7364	137.94	76.34	86.35	133.98	59.4	139.92	96.36	54.67	0	0	0	0	0	0	0	0	784.96	0
50.7464	128.15	71.94	81.73	136.18	59.4	144.1	99.99	58.52	0	0	0	0	0	0	0	0	780.01	0
50.7564	120.78	65.34	77	138.38	61.71	150.48	105.38	62.59	0	0	0	0	0	0	0	0	781.66	0
50.7664	110.99	60.94	72.27	140.69	61.71	156.86	109.01	68.64	0	0	0	0	0	0	0	0	781.11	0
50.7764	102.08	56.54	67.54	142.89	64.02	161.04	114.51	82.72	0	0	0	0	0	0	0	0	791.34	0
50.7864	91.08	50.6	60.39	145.09	64.02	169.73	120.45	88.77	0	0	0	0	0	0	0	0	790.13	0
50.7964	79.97	44.77	53.24	147.4	66.33	176.33	126.5	98.89	0	0	0	0	0	0	0	0	793.43	0
50.8064	66.77	38.94	45.98	149.6	66.33	182.93	132.55	106.92	0	0	0	0	0	0	0	0	790.02	0
50.8164	55.77	31.13	36.3	151.8	66.33	189.53	140.69	113.08	0	0	0	0	0	0	0	0	784.63	0
50.8264	44.11	27.28	29.04	151.8	68.64	196.24	148.72	121.44	0	0	0	0	0	0	0	0	787.27	0
50.8364	37.18	23.32	24.2	151.8	68.64	202.84	158.84	129.8	0	0	0	0	0	0	0	0	796.62	0
50.8464	34.76	19.47	21.78	149.6	68.64	207.24	166.87	136.07	0	0	0	0	0	0	0	0	804.43	0
50.8564	30.14	15.51	19.36	147.4	68.64	211.64	175.12	144.43	0	0	0	0	0	0	0	0	812.24	0
50.8664	27.83	13.64	16.94	145.09	66.33	213.84	181.28	152.79	0	0	0	0	0	0	0	0	817.74	0
50.8764	25.52	11.66	14.52	140.69	64.02	216.04	185.46	156.97	0	0	0	0	0	0	0	0	814.88	0
50.8864	23.21	9.68	12.1	133.98	61.71	216.04	189.64	163.24	0	0	0	0	0	0	0	0	809.6	0
50.8964	20.9	9.68	9.68	122.76	57.2	216.04	189.64	167.42	0	0	0	0	0	0	0	0	793.32	0
50.9064	20.9	9.68	9.68	109.34	50.82	216.04	189.64	171.82	3.41	0	0	0	0	0	0	0	777.92	3.41
50.9164	18.59	7.7	9.68	96.14	44.44	213.84	187.55	174.13	8.69	4.62	0	0	0	0	0	0	752.07	13.31
50.9264	18.59	7.7	9.68	80.63	38.06	213.84	183.37	178.75	13.97	11.66	0	0	0	0	0	0	730.62	25.63
50.9364	16.17	5.83	7.26	67.43	31.68	211.64	179.3	183.37	28.05	21.01	0	11.22	0	0	0	0	702.68	60.28
50.9464	16.17	5.83	7.26	55.11	27.5	211.64	173.03	187.99	96.14	56.21	9.57	19.8	0	4.73	0	0	684.53	186.45
50.9564	13.86	5.83	7.26	44.77	21.12	207.24	166.87	192.61	170.72	118.03	23.87	42.35	8.25	18.92	12.76	4.18	659.56	399.08
50.9664	11.55	3.85	4.84	32.67	16.94	196.24	156.75	194.92	191.51	158.07	38.28	68.75	13.75	35.64	15.4	12.65	617.76	534.05
50.9764	9.24	0	4.84	24.09	12.65	178.53	146.74	194.92	217.03	182.71	60.5	87.56	16.5	52.25	17.93	10.56	571.01	645.04
50.9864	6.93	0	4.84	15.51	10.56	148.39	132.55	192.61	228.91	185.13	71.39	87.56	16.5	62.04	25.63	16.94	511.39	694.1
50.9964	0	0	0	10.34	8.47	112.42	110.88	187.99	221.65	177.87	74.14	87.56	19.25	70.18	43.67	21.12	430.1	715.44
51.0064	0	0	0	6.82	8.47	78.76	85.47	171.82	210.1	173.03	76.89	90.75	22	78.32	53.9	23.21	351.34	728.2
51.0164	0	0	0	3.41	10.56	56.65	65.56	144.43	207.79	175.45	82.39	93.94	22	86.46	65.45	25.41	280.61	758.89
51.0264	0	0	0	0	8.47	42.9	53.46	94.82	219.34	182.71	96.03	97.02	24.75	97.35	77.33	29.59	199.65	824.12
51.0364	0	0	0	0	4.18	33.22	45.76	64.57	236.28	189.97	106.92	97.02	27.5	105.49	89.32	31.79	147.73	884.29
51.0464	0	0	0	0	0	23.43	38.17	42.35	256.08	199.65	123.53	100.21	30.25	110.99	101.2	35.97	103.95	957.88
51.0564	0	0	0	0	0	17.49	30.47	24.64	270.82	204.49	134.64	100.21	33	116.38	110.22	38.06	72.6	1007.82
51.0664	0	0	0	0	0	13.64	19.8	14.08	275.77	204.49	143	103.29	35.75	121.88	118.91	40.26	47.52	1043.35
51.0764	0	0	0	0	0	5.83	10.67	0	273.24	204.49	145.86	106.48	35.75	127.27	124.63	42.35	16.5	1060.07
51.0864	0	0	0	0	0	3.85	6.05	0	263.45	204.49	148.61	112.75	38.5	132.77	130.46	44.44	9.9	1075.47
51.0964	0	0	0	0	0	3.85	6.05	0	253.55	202.07	145.86	115.94	38.5	138.16	133.32	44.44	9.9	1071.84
51.1064	0	0	0	0	0	0	4.51	0	238.81	197.23	143	122.21	41.25	140.91	136.29	46.53	4.51	1066.23
51.1164	0	0	0	0	0	0	2.97	0	221.65	189.97	137.5	125.4	41.25	143.66	139.15	46.53	2.97	1045.11
51.1264	0	0	0	0	0	0	0	0	207.79	182.71	131.89	128.48	41.25	146.3	139.15	48.73	0	1026.3
51.1364	0	0	0	0	0	0	0	0	191.51	175.45	126.28	131.67	41.25	149.05	139.15	48.73	0	1003.09
51.1464	0	0	0	0	0	0	0	0	177.65	168.19	117.92	134.86	41.25	151.8	139.15	48.73	0	979.55
51.1564	0	0	0	0	0	0	0	0	161.81	160.6	109.67	137.94	41.25	151.8	136.29	50.82	0	950.18
51.1664	0	0	0	0	0	0	0	0	149.16	153.12	101.42	141.13	41.25	154.55	136.29	50.82	0	927.74
51.1764	0	0	0	0	0	0	0	0	136.4	143.11	96.03	144.32	41.25	154.55	136.29	50.82	0	902.77
51.1864	0	0	0	0	0	0	0	0	123.75	133.1	87.78	147.51	41.25	157.19	136.29	52.91	0	879.78
51.1964	0	0	0	0	0	0	0	0	113.3	125.51	82.39	150.59	41.25	159.94	139.15	52.91	0	865.04
51.2064	0	0	0	0	0	0	0	0	101.86	115.5	74.14	153.78	41.25	162.69	139.15	55.11	0	843.48
51.2164	0	0	0	0	0	0	0	0	92.29	105.93	68.75	156.97	41.25	168.19	142.12	55.11	0	830.61
51.2264	0	0	0	0	0	0	0	0	82.72	98.78	63.25	156.97	41.25	170.83	147.84	57.53	0	819.17
51.2364	0	0	0	0	0	0	0	0	73.15	91.74	57.75	160.05	41.25	176.22	150.81	57.53	0	808.5
51.2464	0	0	0	0	0	0	0	0	65.56	84.59	55.11	163.24	44	181.61	156.53	59.95	0	810.59
51.2564	0	0	0	0	0	0	0	0	59.84	79.86	50.27	163.24	44	184.25	162.36	62.37	0	806.19
51.2664	0	0	0	0	0	0	0	0	54.45	72.82	47.85	166.43	46.75	189.64	171.27	62.37	0	811.58
51.2764	0	0	0	0	0	0	0	0	49.17	68.09	45.43	169.62	46.75	195.03	177.21	64.9	0	816.2
51.2864	0	0	0	0	0	0	0	0	42.13	60.94	40.7	172.81	46.75	200.42	186.12	67.32	0	817.19
51.2964	0	0	0	0	0	0	0	0	36.85	56.21	38.28	172.81	46.75	205.81	195.14	69.74	0	821.59
51.3064	0	0	0	0	0	0	0	0	33.33	49.17	35.86	176	49.5	211.2	204.05	72.16	0	831.27
51.3164	0	0	0	0	0	0	0	0	29.81	44.55	33.44	179.19	49.5	216.59	212.96	77.11	0	843.15
51.3264	0	0	0	0	0	0	0	0	28.05	42.13	31.13	179.19	49.5	224.73	221.98	79.53	0	856.24
51.3364	0	0	0	0	0	0	0	0	28.05	37.51	28.71	182.38	52.25	230.34	230.45	81.95	0	871.64
51.3464	0	0	0	0	0	0	0	0	26.29	35.09	26.29	185.57	52.25	238.7	238.92	86.9	0	890.01
51.3564	0	0	0	0	0	0	0	0	24.53	32.78	23.87	185.57	52.25	244.31	244.53	91.74	0	899.58
51.3664	0	0	0	0	0	0	0	0	22.77	28.05	21.56	188.76	52.25	252.67	250.14	96.69	0	912.89
51.3764	0	0	0	0	0	0	0	0	21.01	23.43	19.14	188.76	52.25	258.28	255.86	99.11	0	917.84
51.3864	0	0	0	0	0	0	0	0	19.25	18.7	16.72	188.76	49.5	266.64	255.86	101.53	0	916.96
51.3964	0	0	0	0	0	0	0	0	17.49	13.97	11.88	188.76	49.5	272.25	255.86	106.48	0	916.19
51.4064	0	0	0	0	0	0	0	0	13.97	9.35	9.57	182.38	46.75	277.86	255.86	108.9	0	904.64
51.4164	0	0	0	0	0	0	0	0	12.21	4.62	7.15	172.81	41.25	280.61	255.86	111.32	0	885.83
51.4264	0	0	0	0	0	0	0	0	12.21	4.62	4.73	156.97	38.5	283.47	253	113.85	0	867.35
51.4364	0	0	0	0	0	0	0	0	10.45	0	4.73	141.13	30.25	286.33	250.14	116.05	0	839.08
51.4464	4.62	0	0	0	0	0	0	0	10.45	0	4.73	122.21	24.75	289.08	247.39	118.25	4.62	816.86
51.4564	18.59	0	0	0	0	0	0	0	8.69	0	0	103.29	22	291.94	244.53	122.76	18.59	793.21
51.4664	44.11	3.85	0	0	0	0	0	0	8.69	0	0	81.29	16.5	294.8	238.92	127.16	47.96	767.36
51.4764	203.94	31.13	9.68	8.58	0	7.81	4.51	0	6.93	0	0	62.48	13.75	294.8	230.45	129.47	265.65	737.88
51.4864	270.05	54.56	26.62	15.51	4.18	7.81	2.97	0	6.93	0	0	48.07	11	286.33	221.98	131.67	381.7	705.98
51.4964	275.22	85.14	53.24	32.67	10.56	15.62	4.51	0	5.17	0	0	36.74	11	269.39	209.99	133.87	476.96	666.16
51.5064	285.45	120.12	86.35	49.94	16.94	27.28	7.59	0	3.41	0	0	25.41	8.25	235.95	195.14	133.87	593.67	602.03
51.5164	293.15	132.66	105.27	67.43	19.03	37.07	13.75	8.8	0	0	0	16.94	8.25	195.03	174.24	133.87	677.16	528.33
51.5264	305.91	136.84	119.79	69.63	23.21	44.88	21.34	10.56	0	0	0	11.22	8.25	151.8	153.67	127.16	732.16	452.1
51.5364	300.85	134.75	129.69	71.83	29.59	56.65	28.93	14.08	0	0	0	5.61	8.25	113.63	130.46	116.05	766.37	374
51.5464	303.38	138.93	142.12	74.03	33.88	69.74	38.17	15.84	0	0	0	5.61	11	83.82	107.14	96.69	816.09	304.26
51.5564	311.08	141.02	156.97	76.23	38.06	76.56	45.76	17.6	0	0	0	0	11	62.04	89.32	72.16	863.28	234.52
51.5664	323.84	147.29	171.82	76.23	40.15	85.47	51.92	21.12	0	0	0	0	8.25	47.52	77.33	52.91	917.84	186.01
51.5764	339.35	151.47	186.78	78.43	44.44	89.98	56.54	24.64	0	0	0	0	5.5	35.64	65.45	40.26	971.63	146.85
51.5864	347.27	153.56	196.79	80.63	44.44	94.49	60.06	28.27	0	0	0	0	0	26.07	53.9	33.88	1005.51	113.85
51.5964	352.44	153.56	204.38	80.63	46.53	98.89	65.56	30.03	0	0	0	0	0	18.92	43.67	25.41	1032.02	88
51.6064	355.08	153.56	206.91	82.83	48.62	101.2	70.95	31.79	0	0	0	0	0	11.88	25.63	12.65	1050.94	50.16
51.6164	352.44	151.47	204.38	82.83	50.82	101.2	74.58	33.55	0	0	0	0	0	7.04	15.4	6.27	1051.27	28.71
51.6264	344.63	147.29	201.85	82.83	52.91	103.4	78.21	33.55	0	0	0	0	0	7.04	12.76	4.18	1044.67	23.98
51.6364	334.07	143.11	194.37	82.83	55	101.2	80.08	35.31	0	0	0	0	0	4.73	10.23	4.18	1025.97	19.14
51.6464	321.31	136.84	186.78	82.83	55	103.4	81.84	35.31	0	0	0	0	0	0	7.7	0	1003.31	7.7
51.6564	308.44	130.57	176.77	80.63	57.2	101.2	85.47	35.31	0	0	0	0	0	0	0	0	975.59	0
51.6664	293.15	122.21	169.29	80.63	57.2	101.2	87.23	35.31	0	0	0	0	0	0	0	0	946.22	0
51.6764	280.39	115.94	161.92	78.43	59.4	96.69	89.1	35.31	0	0	0	0	0	0	0	0	917.18	0
51.6864	267.41	107.14	154.44	76.23	59.4	94.49	89.1	35.31	0	0	0	0	0	0	0	0	883.52	0
51.6964	254.43	98.34	147.07	74.03	59.4	92.18	90.86	35.31	0	0	0	0	0	0	0	0	851.62	0
51.7064	244.09	91.74	142.12	71.83	61.71	92.18	92.73	35.31	0	0	0	0	0	0	0	0	831.71	0
51.7164	231.11	85.14	134.64	71.83	61.71	89.98	92.73	35.31	0	0	0	0	0	0	0	0	802.45	0
51.7264	220.88	80.74	129.69	69.63	61.71	89.98	94.49	37.07	0	0	0	0	0	0	0	0	784.19	0
51.7364	211.2	74.14	127.27	69.63	64.02	89.98	96.36	37.07	0	0	0	0	0	0	0	0	769.67	0
51.7464	203.94	71.94	122.32	69.63	64.02	89.98	99.99	38.83	0	0	0	0	0	0	0	0	760.65	0
51.7564	194.15	67.54	119.79	69.63	66.33	92.18	103.62	40.59	0	0	0	0	0	0	0	0	753.83	0
51.7664	186.89	63.14	117.37	71.83	66.33	94.49	107.25	40.59	0	0	0	0	0	0	0	0	747.89	0
51.7764	179.63	60.94	114.84	74.03	68.64	96.69	112.64	42.35	0	0	0	0	0	0	0	0	749.76	0
51.7864	169.95	58.74	112.42	76.23	70.95	101.2	118.47	45.87	0	0	0	0	0	0	0	0	753.83	0
51.7964	160.05	54.56	110	78.43	73.26	107.91	124.52	47.63	0	0	0	0	0	0	0	0	756.36	0
51.8064	150.26	52.58	105.27	82.83	75.57	116.6	132.55	52.91	0	0	0	0	0	0	0	0	768.57	0
51.8164	137.94	48.73	100.54	87.34	77.88	122.98	138.6	56.54	0	0	0	0	0	0	0	0	770.55	0
51.8264	125.73	44.77	93.5	91.74	80.19	131.45	146.74	62.59	0	0	0	0	0	0	0	0	776.71	0
51.8364	110.99	40.92	86.35	96.14	82.5	139.92	154.77	78.65	0	0	0	0	0	0	0	0	790.24	0
51.8464	99.88	36.96	77	100.54	84.7	150.48	162.8	86.79	0	0	0	0	0	0	0	0	799.15	0
51.8564	86.68	31.13	65.12	104.94	84.7	158.95	170.94	98.89	0	0	0	0	0	0	0	0	801.35	0
51.8664	71.17	27.28	55.77	109.34	87.01	167.53	179.3	109.01	0	0	0	0	0	0	0	0	806.41	0
51.8764	57.97	23.32	41.14	113.85	87.01	176.33	189.64	119.35	0	0	0	0	0	0	0	0	808.61	0
51.8864	44.11	19.47	29.04	116.05	87.01	185.13	197.89	127.71	0	0	0	0	0	0	0	0	806.41	0
51.8964	37.18	15.51	24.2	116.05	84.7	191.73	208.23	140.25	0	0	0	0	0	0	0	0	817.85	0
51.9064	32.45	13.64	19.36	113.85	84.7	194.04	216.48	148.61	0	0	0	0	0	0	0	0	823.13	0
51.9164	30.14	11.66	16.94	109.34	80.19	198.44	224.84	156.97	0	0	0	0	0	0	0	0	828.52	0
51.9264	25.52	9.68	14.52	102.74	77.88	198.44	231.44	165.33	0	0	0	0	0	0	0	0	825.55	0
51.9364	23.21	5.83	12.1	91.74	70.95	198.44	233.64	171.82	0	0	0	0	0	0	0	0	807.73	0
51.9464	20.9	5.83	12.1	80.63	61.71	198.44	231.44	178.75	0	0	0	0	0	0	0	0	789.8	0
51.9564	20.9	5.83	9.68	67.43	52.91	198.44	227.04	183.37	8.69	0	0	0	0	0	0	0	765.6	8.69
51.9664	18.59	5.83	9.68	55.11	44.44	198.44	218.57	187.99	15.73	11.66	0	0	0	0	0	0	738.65	27.39
51.9764	16.17	3.85	7.26	48.18	35.97	200.64	208.23	192.61	26.29	21.01	0	0	0	0	0	0	712.91	47.3
51.9864	16.17	3.85	7.26	39.6	29.59	200.64	195.8	197.23	103.73	65.67	7.15	14.08	0	7.04	0	0	690.14	197.67
51.9964	16.17	3.85	7.26	31.02	21.12	196.24	183.37	199.43	166.1	138.05	16.72	33.88	0	16.61	5.06	4.18	658.46	380.6
52.0064	11.55	0	4.84	22.33	16.94	182.93	170.94	199.43	196.24	199.65	35.86	75.02	11	35.64	0	8.47	608.96	561.88
52.0164	9.24	0	4.84	15.51	10.56	156.86	158.84	199.43	231.44	233.53	60.5	97.02	13.75	64.79	7.7	12.65	555.28	721.38
52.0264	4.62	0	4.84	8.58	8.47	122.98	142.67	197.23	248.6	238.37	71.39	100.21	13.75	75.68	17.93	16.94	489.39	782.87
52.0364	0	0	0	0	8.47	83.27	110.88	187.99	241.23	233.53	76.89	103.29	16.5	83.82	33.33	21.12	390.61	809.71
52.0464	0	0	0	0	10.56	54.67	80.08	165.33	228.91	228.69	79.64	106.48	19.25	91.96	46.2	23.21	310.64	824.34
52.0564	0	0	0	0	10.56	41.03	60.06	121.44	233.86	233.53	87.78	115.94	24.75	105.49	56.54	27.5	233.09	885.39
52.0664	0	0	0	0	6.27	29.26	48.84	74.69	246.18	243.21	96.03	119.02	24.75	116.38	68.42	31.79	159.06	945.78
52.0764	0	0	0	0	0	21.45	41.25	44.11	263.45	252.89	109.67	125.4	27.5	124.52	80.3	33.88	106.81	1017.61
52.0864	0	0	0	0	0	15.62	32.01	26.4	278.19	260.26	120.78	128.48	30.25	130.02	89.32	35.97	74.03	1073.27
52.0964	0	0	0	0	0	11.66	21.34	14.08	285.78	265.1	126.28	131.67	33	135.41	95.26	40.26	47.08	1112.76
52.1064	0	0	0	0	0	5.83	12.21	5.28	285.78	265.1	129.14	134.86	33	140.91	101.2	40.26	23.32	1130.25
52.1164	0	0	0	0	0	0	7.59	3.52	278.19	265.1	129.14	141.13	33	146.3	104.17	42.35	11.11	1139.38
52.1264	0	0	0	0	0	0	7.59	3.52	268.4	262.68	123.53	147.51	35.75	149.05	104.17	42.35	11.11	1133.44
52.1364	0	0	0	0	0	0	6.05	3.52	251.13	257.84	117.92	153.78	35.75	154.55	104.17	44.44	9.57	1119.58
52.1463	0	0	0	0	0	0	6.05	3.52	236.28	248.05	115.17	160.05	35.75	157.19	104.17	44.44	9.57	1101.1
52.1563	0	0	0	0	0	0	2.97	0	219.34	238.37	106.92	160.05	35.75	157.19	104.17	44.44	2.97	1066.23
52.1663	0	0	0	0	0	0	0	0	203.17	228.69	101.42	163.24	35.75	157.19	104.17	44.44	0	1038.07
52.1763	0	0	0	0	0	0	0	0	189.2	216.59	93.28	163.24	35.75	157.19	104.17	44.44	0	1003.86
52.1863	0	0	0	0	0	0	0	0	175.34	204.49	87.78	163.24	35.75	157.19	104.17	44.44	0	972.4
52.1963	0	0	0	0	0	0	0	0	161.81	194.81	82.39	163.24	35.75	157.19	101.2	44.44	0	940.83
52.2063	0	0	0	0	0	0	0	0	151.25	182.71	76.89	163.24	35.75	154.55	101.2	44.44	0	910.03
52.2163	0	0	0	0	0	0	0	0	140.69	173.03	74.14	166.43	35.75	154.55	101.2	44.44	0	890.23
52.2263	0	0	0	0	0	0	0	0	132.22	165.66	68.75	166.43	35.75	154.55	101.2	44.44	0	869
52.2363	0	0	0	0	0	0	0	0	123.75	158.07	66	166.43	35.75	157.19	101.2	44.44	0	852.83
52.2463	0	0	0	0	0	0	0	0	117.37	150.59	63.25	172.81	35.75	159.94	104.17	44.44	0	848.32
52.2563	0	0	0	0	0	0	0	0	109.45	143.11	60.5	176	38.5	165.44	107.14	46.53	0	846.67
52.2663	0	0	0	0	0	0	0	0	103.73	138.05	57.75	182.38	35.75	168.19	107.14	46.53	0	839.52
52.2763	0	0	0	0	0	0	0	0	98.01	133.1	55.11	185.57	38.5	176.22	113.08	48.73	0	848.32
52.2863	0	0	0	0	0	0	0	0	92.29	128.04	52.69	191.95	38.5	181.61	115.94	48.73	0	849.75
52.2963	0	0	0	0	0	0	0	0	88.44	123.09	50.27	198.44	41.25	187	121.77	50.82	0	861.08
52.3063	0	0	0	0	0	0	0	0	82.72	118.03	50.27	204.82	41.25	195.03	127.6	52.91	0	872.63
52.3163	0	0	0	0	0	0	0	0	77	115.5	47.85	211.2	44	200.42	133.32	55.11	0	884.4
52.3263	0	0	0	0	0	0	0	0	73.15	108.24	45.43	214.39	44	208.45	142.12	55.11	0	890.89
52.3363	0	0	0	0	0	0	0	0	67.43	103.51	43.12	220.77	46.75	216.59	150.81	59.95	0	908.93
52.3463	0	0	0	0	0	0	0	0	61.71	96.47	40.7	224.07	46.75	227.48	159.5	62.37	0	919.05
52.3563	0	0	0	0	0	0	0	0	56.21	89.32	38.28	229.79	49.5	235.95	171.27	64.9	0	935.22
52.3663	0	0	0	0	0	0	0	0	49.17	79.86	33.44	232.76	49.5	244.31	180.18	67.32	0	936.54
52.3763	0	0	0	0	0	0	0	0	42.13	72.82	28.71	238.59	52.25	252.67	192.06	72.16	0	951.39
52.3863	0	0	0	0	0	0	0	0	35.09	60.94	23.87	241.45	52.25	261.03	201.08	77.11	0	952.82
52.3963	0	0	0	0	0	0	0	0	29.81	49.17	19.14	244.42	52.25	269.39	209.99	79.53	0	953.7
52.4063	0	0	0	0	0	0	0	0	26.29	39.82	16.72	247.28	55.11	275	218.9	84.48	0	963.6
52.4163	0	0	0	0	0	0	0	0	22.77	32.78	14.3	247.28	55.11	280.61	227.59	89.32	0	969.76
52.4263	0	0	0	0	0	0	0	0	19.25	23.43	11.88	244.42	52.25	289.08	233.2	91.74	0	965.25
52.4363	0	0	0	0	0	0	0	0	17.49	13.97	7.15	235.62	49.5	291.94	236.06	94.27	0	946
52.4463	4.62	0	0	0	0	0	0	0	15.73	9.35	7.15	217.58	46.75	294.8	238.92	96.69	4.62	926.97
52.4563	11.55	0	0	0	0	0	0	0	13.97	6.93	4.73	195.14	41.25	297.55	238.92	101.53	11.55	900.02
52.4663	23.21	0	0	0	0	0	0	0	13.97	6.93	4.73	172.81	35.75	300.41	238.92	104.06	23.21	877.58
52.4763	79.97	0	0	0	0	0	0	0	12.21	4.62	0	147.51	27.5	303.27	238.92	108.9	79.97	842.93
52.4863	233.75	19.47	12.1	3.41	0	0	0	0	12.21	4.62	0	119.02	24.75	303.27	236.06	113.85	268.73	813.78
52.4963	254.43	38.94	24.2	8.58	0	3.85	0	0	10.45	0	0	93.94	16.5	300.41	230.45	116.05	330	767.8
52.5063	267.41	71.94	48.4	17.16	6.27	7.81	0	0	8.69	0	0	68.75	13.75	291.94	224.73	118.25	418.99	726.11
52.5163	275.22	107.14	72.27	34.43	12.65	17.49	2.97	3.52	6.93	0	0	45.21	11	272.25	212.96	120.45	525.69	668.8
52.5263	275.22	128.48	86.35	51.7	16.94	25.3	7.59	8.8	5.17	0	0	31.02	8.25	238.7	198.11	122.76	600.38	604.01
52.5363	282.92	136.84	100.54	63.03	19.03	31.24	10.67	10.56	3.41	0	0	19.8	8.25	187	180.18	122.76	654.83	521.4
52.5463	282.92	141.02	110	74.03	21.12	39.05	15.18	12.32	0	0	0	8.47	8.25	140.91	153.67	116.05	695.64	427.35
52.5563	290.62	147.29	122.32	80.63	25.41	52.69	21.34	14.08	0	0	0	5.61	8.25	102.74	124.63	101.53	754.38	342.76
52.5663	300.85	153.56	137.17	82.83	29.59	63.03	27.5	15.84	0	0	0	0	8.25	72.93	101.2	81.95	810.37	264.33
52.5763	313.61	159.83	152.02	87.34	33.88	72.05	35.09	17.6	0	0	0	0	8.25	52.25	80.3	57.53	871.42	198.33
52.5863	328.9	164.01	166.87	87.34	35.97	76.56	39.71	19.36	0	0	0	0	5.5	35.64	68.42	42.35	918.72	151.91
52.5963	339.35	168.3	176.77	89.54	38.06	80.96	42.68	19.36	0	0	0	0	5.5	28.49	59.51	31.79	955.02	125.29
52.6063	344.63	170.61	181.83	91.74	40.15	85.47	45.76	21.12	0	0	0	0	0	21.34	51.37	27.5	981.31	100.21
52.6163	347.27	172.81	186.78	96.14	40.15	87.67	47.3	21.12	0	0	0	0	0	16.61	38.5	19.03	999.24	74.14
52.6263	347.27	175.12	186.78	98.34	42.35	92.18	48.84	21.12	0	0	0	0	0	11.88	20.46	8.47	1012	40.81
52.6363	341.99	172.81	184.25	100.54	42.35	92.18	50.38	22.88	0	0	0	0	0	4.73	5.06	0	1007.38	9.79
52.6463	336.71	170.61	179.3	100.54	44.44	94.49	51.92	24.64	0	0	0	0	0	4.73	5.06	0	1002.65	9.79
52.6563	328.9	168.3	174.24	102.74	44.44	94.49	53.46	26.4	0	0	0	0	0	0	0	0	992.97	0
52.6663	318.67	164.01	169.29	102.74	46.53	94.49	55	26.4	0	0	0	0	0	0	0	0	977.13	0
52.6763	308.44	159.83	164.34	104.94	46.53	94.49	55	26.4	0	0	0	0	0	0	0	0	959.97	0
52.6863	