sensor_0_mean,sensor_0_std,sensor_0_max,sensor_0_min,sensor_0_entropy,sensor_1_mean,sensor_1_std,sensor_1_max,sensor_1_min,sensor_1_entropy,sensor_2_mean,sensor_2_std,sensor_2_max,sensor_2_min,sensor_2_entropy,sensor_3_mean,sensor_3_std,sensor_3_max,sensor_3_min,sensor_3_entropy,sensor_4_mean,sensor_4_std,sensor_4_max,sensor_4_min,sensor_4_entropy,sensor_5_mean,sensor_5_std,sensor_5_max,sensor_5_min,sensor_5_entropy,sensor_6_mean,sensor_6_std,sensor_6_max,sensor_6_min,sensor_6_entropy,sensor_7_mean,sensor_7_std,sensor_7_max,sensor_7_min,sensor_7_entropy,sensor_8_mean,sensor_8_std,sensor_8_max,sensor_8_min,sensor_8_entropy,sensor_9_mean,sensor_9_std,sensor_9_max,sensor_9_min,sensor_9_entropy,sensor_10_mean,sensor_10_std,sensor_10_max,sensor_10_min,sensor_10_entropy,sensor_11_mean,sensor_11_std,sensor_11_max,sensor_11_min,sensor_11_entropy,sensor_12_mean,sensor_12_std,sensor_12_max,sensor_12_min,sensor_12_entropy,sensor_13_mean,sensor_13_std,sensor_13_max,sensor_13_min,sensor_13_entropy,sensor_14_mean,sensor_14_std,sensor_14_max,sensor_14_min,sensor_14_entropy,sensor_15_mean,sensor_15_std,sensor_15_max,sensor_15_min,sensor_15_entropy,sensor_16_mean,sensor_16_std,sensor_16_max,sensor_16_min,sensor_16_entropy,sensor_17_mean,sensor_17_std,sensor_17_max,sensor_17_min,sensor_17_entropy,stride_time_mean,stride_time_std,stride_variability,status
84.16070137800148,101.33210072275908,298.87,0.0,-635.794954534861,53.143714827956096,67.61522259319366,233.86,0.0,-370.8026878471528,51.64195478174768,64.87083703074896,238.37,0.0,-357.5372744235201,34.848778777126824,41.83950146735786,199.32,0.0,-217.9655204943745,5.227328162389636,6.763796946117063,21.67,0.0,-19.426922847026145,83.5774535852793,91.00128978819791,290.29,0.0,-616.9837674863601,63.38015017740738,74.52451600553418,287.54,0.0,-442.82542426989227,29.763128145886622,35.32616680899511,138.27,0.0,-178.32147854645243,77.98540721181617,94.29276480957625,297.55,0.0,-579.6852543069976,57.57637263800644,71.97277495524777,259.27,0.0,-406.07209384359254,38.802316197706084,49.40101168196135,197.12,0.0,-252.99957437826157,65.07073190857331,75.94002165276113,328.46,0.0,-462.5994735559309,12.443397144978958,13.32857809851413,44.44,0.0,-57.59485435509306,84.07559864675304,89.90245883749671,286.55,0.0,-619.0945535594661,56.12341777374371,71.53436387248527,285.56,0.0,-389.3209955681231,31.128230051984488,34.37134678003045,138.82,0.0,-185.8268324753907,405.7432098357951,366.15617669085805,992.31,0.0,-3829.2608853369147,423.2054715735622,367.4077307349905,942.81,0.0,-4007.257397476385,120.02,4.969869213570917,0.04140867533386866,1
31.59764749566796,58.90592124093451,358.49,0.0,-211.39863276641358,56.29530241769123,85.9474984149701,332.64,0.0,-412.7456867068487,55.976412245234755,83.78287067001283,325.6,0.0,-406.50538438352373,68.10417773743707,78.3744523471962,257.62,0.0,-488.495669744424,56.40538410759964,59.352751003524325,229.46,0.0,-381.4651529276994,82.85561432461424,102.07860324596447,367.95,0.0,-621.6559765324882,94.4703036554171,114.26011859915286,407.55,0.0,-722.8197709763981,28.640763264295735,37.40067616137636,250.14,0.0,-168.91871892986032,33.341445663833646,65.55755224040257,415.91,0.0,-227.60216193600905,60.584022609126166,91.78773709513766,339.79,0.0,-450.52893954817023,77.20712930109745,109.3062167346941,395.12,0.0,-592.1123948877143,66.22897681326842,79.63654406509785,280.72,0.0,-475.3973155793759,81.02544269329152,90.51741664918039,296.78,0.0,-598.0530449657714,54.14833732156118,77.64413472205811,311.96,0.0,-384.7897654041938,77.72400858156614,101.57667427978234,367.18,0.0,-582.1541068387023,20.74291030613087,24.947523161194415,164.56,0.0,-111.88918597172314,474.34560524795774,394.58794365266726,1021.13,0.0,-4544.621613534277,471.0022732898754,388.3132643121637,1033.01,0.0,-4504.679721535008,109.62385321100918,39.45262842625217,0.35989091124458,1
61.29978958659956,96.31802098275165,461.56,0.0,-457.1592954405899,103.78947025332121,142.73042852778445,510.95,0.0,-836.2643298210627,75.47606568198697,110.9329943591144,433.95,0.0,-581.4150841776155,84.93779932337651,95.09053879972781,379.28,0.0,-632.2358023299108,60.08011387078141,64.19062252890842,252.23,0.0,-414.41366329302684,80.46367934648075,88.37286761580712,318.56,0.0,-589.2429326466472,102.5874032510933,115.66025010460714,416.13,0.0,-790.4684958493109,36.682172621503426,37.867100339006726,197.89,0.0,-224.87176968399078,58.07275682812113,98.26304798720365,435.71,0.0,-436.767110249555,97.02200594108425,143.08132736734973,490.27,0.0,-783.5960438852298,67.85171961382952,104.6375875383647,388.85,0.0,-517.2979850918803,87.05633633138048,101.71665452236816,412.94,0.0,-659.187013728634,33.93239953791567,35.84094900940814,160.6,0.0,-205.15368139384825,84.5965079627032,90.44542811499436,319.88,0.0,-624.798601429125,109.71551943229639,124.52395407889449,417.45,0.0,-858.0577531390035,53.38501774073769,58.00969461885105,251.79,0.0,-358.7554028839328,605.3164939351432,535.4686841661498,1599.84,0.0,-6052.016061275149,591.6322633880683,531.5227071042598,1550.01,0.0,-5907.754216615099,111.30555555555556,12.443545354425897,0.11179626472656158,0
54.40561572052402,91.4882558352606,355.3,0.0,-405.3562217259449,45.738984716157205,73.322311482757,253.22,0.0,-326.8981952326552,27.402525109170302,47.27122737481229,195.03,0.0,-178.56239932966506,43.67287008733624,51.05442579180301,331.54,0.0,-284.7737587714772,2.700223799126638,3.110017804909995,14.96,0.0,-6.911878332755899,98.94184170305675,104.76531256028808,332.53,0.0,-751.9015343517016,63.90239847161572,71.71864105945856,307.67,0.0,-445.65119654782075,28.404281659388644,33.89890449768806,160.27,0.0,-167.07324626907763,84.02506113537119,142.02975961065965,548.02,0.0,-684.4752347524081,42.12573689956332,68.83607217443901,249.81,0.0,-298.96318974985587,19.09309388646288,31.567046935344766,122.1,0.0,-114.28551923469439,45.597954148471615,64.7245004482981,350.13,0.0,-312.6864548073987,5.444855895196507,6.945570224497478,34.98,0.0,-20.139224609645737,61.86730240174673,71.22283213691293,253.99,0.0,-433.7144428395124,78.22862554585153,100.5156957106285,423.61,0.0,-582.8912573439455,49.54354366812227,65.82370494895139,240.68,0.0,-339.13789469061226,365.16874126637555,331.4474413344927,1046.21,0.0,-3396.749271474987,385.92617358078604,321.97776564508575,932.14,0.0,-3586.6443468682196,100.25555555555556,3.962493914782881,0.03952393353989352,1
39.08666061556234,63.706372433874165,316.36,0.0,-267.25034647464764,55.03452760128723,81.43201970332268,302.61,0.0,-398.7634439709349,83.72654674478092,114.23038622540192,455.18,0.0,-644.8833731086886,79.2928178892648,90.83267529429953,369.71,0.0,-582.0485514479983,88.08644607640896,104.60393852834888,398.2,0.0,-664.4990322805169,47.92984734714085,67.8587291549128,294.69,0.0,-332.4642131442293,69.64877052562093,95.87133108620816,412.17,0.0,-516.8716790753117,22.642073603432625,29.2821949118495,210.76,0.0,-127.13575200527448,9.76713590230217,17.937648219764167,199.43,0.0,-49.42021833932614,34.17433781665154,60.385906406660176,271.48,0.0,-237.62512692480325,44.04403993728855,79.12493129364579,324.83,0.0,-322.1340886614525,76.12954864262728,85.68604172712652,383.46,0.0,-555.718187942527,83.39539400940671,90.95680063808585,332.2,0.0,-615.8501971351639,59.39776714250351,77.29708284525198,316.03,0.0,-418.2803723807258,95.97595758725967,118.9808173370305,504.57,0.0,-734.7728124153923,42.16967406551696,51.91154464152724,313.83,0.0,-268.6295172565434,485.44769040349865,382.43765893964144,1169.08,0.0,-4641.970976294866,445.0538551035564,397.0231943847896,1192.62,0.0,-4246.942383097882,115.66990291262135,51.72169519997877,0.447149119153753,1
32.006478257281955,52.806860802911544,312.4,0.0,-210.12077991865996,56.88365129136067,84.22886705975381,340.34,0.0,-417.41443900652376,91.14611436587177,123.38254143420663,397.21,0.0,-719.1967627875201,69.90304398052645,76.08563717714944,276.43,0.0,-500.23319445824836,88.78883406221634,105.59443814985846,357.61,0.0,-671.4116732044882,45.17061638749071,56.47851825678373,221.65,0.0,-298.36536151845155,98.79071953131447,141.30106480818722,535.48,0.0,-784.5140369858657,33.64230051984487,44.150060625408976,262.35,0.0,-207.5485760963354,18.780146876805016,31.144040335957907,229.79,0.0,-110.70246422989722,47.55591632973018,76.15304937212898,356.29,0.0,-342.59902448868365,55.52756250515719,87.3533361212507,343.86,0.0,-411.19209068880264,89.78192920207938,96.02800903791935,343.53,0.0,-672.1528461594684,91.64388728442941,101.38462117772892,319.44,0.0,-691.3836707190814,62.59861374700883,74.15364496335194,269.5,0.0,-440.02557967383603,92.64329070055285,125.11569738969047,495.11,0.0,-720.1674030281469,51.1670096542619,59.5610252679583,257.4,0.0,-341.45156105189324,516.3317583959073,422.3681723416363,1082.84,0.0,-5010.316830622593,509.6983563000247,447.9805237720578,1139.93,0.0,-4978.267073461373,110.12844036697248,12.040528591395205,0.10933169080823703,1
16.968328244904693,29.773045858387373,212.85,0.0,-98.31902125196834,50.68145391533955,71.83252623956473,284.68,0.0,-358.67335229022245,22.878411585114282,37.690885765021214,169.62,0.0,-142.1508626259927,58.175395659707895,65.51049470291481,276.87,0.0,-402.28020637405774,35.24732568693787,36.5667649896622,130.68,0.0,-214.4734860848904,47.96509200429078,51.2446138783861,193.27,0.0,-314.5514829243764,105.51395329647661,109.13616263704556,372.46,0.0,-806.5232333640287,21.396828946282696,25.462790074455842,150.26,0.0,-115.87871195550228,43.486823995379154,64.32693063668609,308.33,0.0,-301.55701847985614,68.55544186814093,93.78552052144072,326.81,0.0,-512.5327022244933,57.71490056935391,78.6806673826243,279.73,0.0,-417.63297630453775,31.34197623566301,42.81741691185157,294.36,0.0,-195.33359150131773,28.225061473718956,39.935280606575624,179.3,0.0,-173.64034233429706,46.09330390296229,60.03185147192365,324.61,0.0,-310.5300096824863,99.0700899414143,143.6580324915676,554.73,0.0,-792.8221406416521,27.8528913276673,41.00984660277767,218.68,0.0,-169.53750960169103,358.8267893390543,318.359560631653,916.19,0.0,-3318.0054372519985,402.3404893142998,326.26123917769945,849.09,0.0,-3750.1042533991404,87.83823529411765,34.721416638098184,0.3952881853994101,1
107.87415060648975,111.06039884737338,347.71,0.0,-830.0137955552098,48.19408102949326,54.318637427601374,186.12,0.0,-321.0195640263952,52.98198325226279,57.940656951625314,180.73,0.0,-358.6656891128218,33.331280093590294,38.61353295958093,205.92,0.0,-203.80449217233922,11.624523120497507,13.928517136244343,72.93,0.0,-54.66355429443386,72.99659195862323,73.47607987947559,256.85,0.0,-513.6966231095938,104.84437904069945,103.35876934167365,352.77,0.0,-790.8677028885438,29.620491964780495,29.833320614929796,110.77,0.0,-170.79503377852615,141.48881903823658,142.6789468161795,482.9,0.0,-1140.9237116917168,47.83236315497815,51.579186064397184,187.55,0.0,-314.5197845577427,41.48685117911458,45.029934324102776,137.94,0.0,-265.2509105471453,35.822484452927775,41.61399528730043,190.63,0.0,-221.98939471748199,11.062392709808508,12.977969005344475,72.82,0.0,-50.589155710295586,69.92175297087617,71.2880335034753,270.71,0.0,-489.5048437257423,57.11602856966935,59.92900424663667,221.76,0.0,-383.73802658787554,58.60437103626624,55.90298590880555,187.0,0.0,-391.66704850901635,461.4674810664368,378.82771079014174,1001.0,0.0,-4385.998267875093,463.33506311187733,382.54911138035976,998.69,0.0,-4408.427288918223,126.37795275590551,10.150776033215793,0.08032078231890379,1
62.182495242123075,90.8042952162626,293.04,0.0,-463.30630917472143,75.43573905688307,104.6311603067419,331.54,0.0,-577.4751158119482,18.29375132163248,28.882366799072525,117.48,0.0,-106.2014991384775,41.13176570099387,47.302321621007536,201.41,0.0,-264.7286959024092,46.09083738633961,59.141545985482665,260.37,0.0,-308.5410233620456,83.66796785789808,84.21155195252192,285.89,0.0,-610.8640552191389,90.92345527595687,106.38004240468103,394.02,0.0,-688.4519176779394,29.51358849651089,36.60193743941319,217.8,0.0,-174.53014851266914,54.47384224994713,81.24403156891725,314.38,0.0,-397.2255517495433,35.904009304292664,55.12865255471166,189.09,0.0,-242.94511322109085,64.85794459716641,93.39010019043963,317.68,0.0,-486.92273242349074,34.486267709875236,46.84352330768449,191.73,0.0,-220.81018050083637,15.229452315500106,20.05376286932652,82.83,0.0,-78.97666327164274,84.60444491435823,94.74176732500555,311.08,0.0,-631.5957390691443,83.87463945865935,110.09709561668315,381.26,0.0,-639.9772746798277,72.15490589976739,90.146734711739,291.06,0.0,-528.4927189464429,447.2396003383379,371.103226726891,993.08,0.0,-4252.340472965719,445.5855064495665,391.3612720627144,1019.26,0.0,-4257.1878215736915,104.45454545454545,11.786846570059174,0.11284187316853865,1
19.39772258437165,42.920882547295975,305.69,0.0,-121.60279170978444,45.14603680171632,69.04177801213876,268.84,0.0,-319.48631922156187,47.75916082184999,77.81204355975105,285.12,0.0,-347.05695025054655,28.323488736694447,44.207248275299285,261.14,0.0,-178.64384991878956,17.7313755260335,22.623946451270417,96.91,0.0,-94.60314769374041,41.742444921198114,70.8102052978666,310.97,0.0,-295.9386223442353,74.71824655499628,110.40695905135469,435.93,0.0,-569.1352728143762,32.351064444261084,63.1811946009749,283.91,0.0,-225.54744662687952,26.895594521000078,54.754134128993556,345.84,0.0,-179.37268726399225,56.57234920372969,84.84720282901549,342.32,0.0,-415.2603267156167,41.49717550953049,66.09782440424429,241.78,0.0,-290.89696417992934,31.556884231372226,49.359194001793526,273.9,0.0,-204.26793196985926,23.120658470170806,34.34352091096964,155.76,0.0,-137.86962605404995,34.89237395824738,64.02773856425341,277.53,0.0,-244.48681401563823,50.73032263388068,90.86324743637692,405.24,0.0,-379.8302150773105,26.718499876227412,54.65494099053093,278.08,0.0,-179.4767720283581,307.16954039112136,274.07277201808114,834.35,0.0,-2769.3414190817903,291.98385840415875,265.6420024740765,823.9,0.0,-2616.4287295212275,110.08181818181818,27.51268527860684,0.24992942279682487,0
136.9825125835465,147.88072111072063,433.84,0.0,-1107.0754770901751,65.5378348048519,74.84388766823862,242.22,0.0,-466.4541448284549,74.09343675220728,86.56222437844319,290.84,0.0,-543.3856754402603,83.95374453337735,88.84726910667872,344.3,0.0,-616.5295791221318,19.945961713012625,21.683276549409324,110.22,0.0,-107.10771075063947,80.94420661770774,85.83900251275296,292.49,0.0,-589.1039214452013,84.9746051654427,88.95390104554644,353.32,0.0,-621.2406747988231,37.556563247792724,42.62862489510037,184.58,0.0,-234.02630969711893,109.22717715983168,127.23253452801889,412.06,0.0,-856.7823653345384,63.916635035894046,76.99102606694426,251.13,0.0,-456.50570403775674,47.1152718871194,60.21750626222045,213.51,0.0,-321.28456599174683,93.71478092251836,98.72366099430407,420.31,0.0,-700.2229628246806,41.03387573232115,42.29925939555831,174.9,0.0,-257.7095506795714,61.60593613334434,62.98119166350073,199.32,0.0,-423.0397778381377,102.91962703193333,117.30985345996346,414.81,0.0,-792.914258732883,25.514318013037382,24.01562185375163,73.15,0.0,-141.06162526408835,583.9888654179388,499.09265121021923,1346.07,0.0,-5784.928429584232,545.0476219159997,469.1594768076321,1269.62,0.0,-5352.779807694835,109.90825688073394,15.932507467729039,0.14496187929736773,1
115.80689717650613,127.36187323670147,409.53,0.0,-912.8951066612641,75.1217952589461,80.63869012117796,256.85,0.0,-541.8976925792489,63.02973425939907,69.77238315338856,238.37,0.0,-442.51783437161254,44.07882530575269,47.86021484216475,178.09,0.0,-283.8933613641834,36.86712365997282,39.31046336405464,142.78,0.0,-226.35639854967934,55.93213498414616,61.72895488388834,221.65,0.0,-379.12865137460506,111.05351200362374,114.07365626982126,366.85,0.0,-853.940208721866,41.61599124263929,49.32384226613161,154.33,0.0,-269.1989136979142,131.81833308168504,138.32032338794846,409.75,0.0,-1057.218566772477,78.97363883436509,82.2861352178308,247.06,0.0,-573.6685441306342,88.7465483919674,93.94243999141725,261.25,0.0,-663.8401606922757,26.233480295938392,27.023173056829684,105.49,0.0,-147.82833394422073,31.635123056016912,36.098417828526664,184.58,0.0,-189.38621724723683,47.94782575871962,50.43506922663391,194.59,0.0,-312.13318533986785,93.9682183300619,95.69881997803014,319.99,0.0,-698.8872946819155,65.9229020081534,66.6227085480698,211.86,0.0,-456.92785762932357,543.506013890986,454.5091627480669,1151.59,0.0,-5318.797519358582,565.2460697569077,482.15248007366836,1230.02,0.0,-5575.574382434396,108.74137931034483,7.927604205706195,0.07290328903297277,1
104.7086968356584,148.4443496647439,582.67,0.0,-848.2094737215073,54.70963593058863,82.09673823373696,286.11,0.0,-399.69016510131434,41.053317454916645,62.233672279683475,224.84,0.0,-283.87227702602604,90.49193603266416,101.12427661657836,380.27,0.0,-682.9370044526505,26.303723488714983,28.637306742574182,121.0,0.0,-150.56437635256145,74.43192355676533,82.72315348504709,332.42,0.0,-537.6138031336396,65.26484518543724,79.62296342567063,319.33,0.0,-467.25587628590154,29.70916978564137,32.370336275394976,115.28,0.0,-174.87880189527493,90.5843325394125,144.1608611527241,592.57,0.0,-729.8796766101457,35.58473176817511,58.371839492225135,199.54,0.0,-243.37795378173007,36.358474537824655,62.966010971326504,261.25,0.0,-253.8674165475266,131.11867755472383,140.53203272733612,457.71,0.0,-1052.051939066202,30.265894295111718,31.15426513547916,144.43,0.0,-177.2407592576187,67.401517522967,72.85625622469283,225.39,0.0,-476.82113807134095,64.80044232732222,78.46900382427717,338.25,0.0,-461.5875004384688,35.708754678462064,33.51309614826622,131.23,0.0,-214.2027584143483,486.6732482703868,434.2162266242274,1235.3,0.0,-4726.420222352633,491.8228252239991,433.64123354244066,1240.58,0.0,-4775.927986822811,99.27272727272727,9.788359590405044,0.09860069184473946,1
31.33954369172374,53.42095789963105,291.72,0.0,-204.66678777753341,57.97367604587837,81.89672281366815,314.16,0.0,-420.1303343274179,55.01631075171218,75.9066613062304,282.92,0.0,-391.678787940672,72.98775476524466,80.28658540990833,252.78,0.0,-525.9365901724381,55.37251505899827,57.004604969540786,194.15,0.0,-371.42591842452674,83.46970459608879,98.50758177929333,345.51,0.0,-621.6475842562032,89.17960227741564,105.46730485990588,401.94,0.0,-671.076537117679,27.00906180377919,33.65315027201299,241.67,0.0,-155.67136077410893,30.61461836785213,58.4410835740733,368.39,0.0,-203.08941405601135,56.68035233930192,82.62541401384992,304.04,0.0,-411.41903130345486,76.594300684875,102.00787000037009,350.46,0.0,-578.0727871470807,69.79715570591632,80.16839901903649,278.85,0.0,-501.50216322335586,85.67963445828863,91.23413227322261,291.28,0.0,-633.3556705548557,52.78700222790659,71.94899853126424,304.81,0.0,-368.37869618947417,77.82179140193085,95.26598392505966,357.06,0.0,-575.530696927998,20.398423962373133,23.279864417399207,164.56,0.0,-108.43976684330984,472.3481689908408,387.02529238499955,1025.09,0.0,-4513.149427560967,470.37327914844457,382.95451546002295,1016.84,0.0,-4487.595025752411,113.76415094339623,37.58977979496316,0.3304184972440579,1
74.78088813080814,109.832255301967,367.84,0.0,-572.4453798693219,49.319672979649454,75.62775905053715,246.95,0.0,-353.3878360619383,26.299096576873303,39.94739519547413,130.79,0.0,-164.76070388193548,51.70056934478296,59.91417633181537,232.98,0.0,-351.2756576699109,3.962782025644042,4.660099352375876,14.3,0.0,-12.662270019728405,114.22676391012821,111.02623339276691,349.36,0.0,-877.6072864565738,79.8810269380073,80.67164572855913,273.68,0.0,-577.8780736789714,130.1831043406658,127.84196464967341,379.06,0.0,-1026.7485704946853,104.32484884131277,147.85378794905694,509.52,0.0,-845.2057803582329,65.66619574167744,90.87123975860182,288.2,0.0,-485.0486299912094,50.240187036819194,67.30540622590988,214.28,0.0,-351.2409226659181,50.87818962475003,62.639318596327726,224.18,0.0,-348.82004583540396,7.003846606281614,8.53519906651529,28.16,0.0,-28.44298876030483,75.07910834019528,79.93149059704166,268.62,0.0,-539.6018549208734,68.36936713327843,74.59769453697056,280.61,0.0,-484.70899853687513,82.41727679096576,90.32345674428976,286.55,0.0,-605.668884233071,530.3539042465592,458.08831577161953,1221.33,0.0,-5192.168925894693,503.9790201152806,439.93452170256535,1205.05,0.0,-4902.229480099074,92.43333333333334,3.8240467221692436,0.04137086248289842,1
79.79739846663904,114.32410759906764,383.24,0.0,-616.4647740845725,47.93664836303357,69.19077978427835,229.35,0.0,-335.29455011322415,21.45700891007045,30.92999788894591,115.28,0.0,-126.06598720582144,59.01598010774969,66.55925338066375,243.43,0.0,-409.0102933626801,4.792350808122669,5.613494751741082,20.57,0.0,-16.436589772068835,104.72118524658103,104.79384617777082,330.77,0.0,-793.9237897800521,77.89090654786571,81.67232754229356,294.69,0.0,-562.3191849313224,90.86935661002902,96.41907019879876,383.9,0.0,-677.284831161877,102.10444571073353,133.86618337775786,456.83,0.0,-812.834643708506,72.07988188976378,93.93871759146771,297.99,0.0,-535.7726568961564,52.510811230832985,65.2149240554287,200.53,0.0,-364.73419412945805,52.192185039370074,64.69475347321419,243.65,0.0,-360.0449265572042,6.59242125984252,8.542922806524617,30.58,0.0,-26.7361020128371,70.16817032739328,74.67022496942029,263.67,0.0,-496.89675289289227,71.1903087443017,79.41250402076949,298.54,0.0,-509.92582299267247,69.66234355573975,78.23663649964733,252.34,0.0,-497.0167766728687,486.48083506009124,416.72608645480597,1163.03,0.0,-4698.2270917329615,496.50056775797765,432.6797105750105,1133.77,0.0,-4818.67053961268,100.30526315789474,5.536621968807764,0.05519772138070496,1
111.50820525532971,144.43111193865712,453.64,0.0,-900.6533951348496,90.87147992067426,118.07855614897774,372.24,0.0,-708.7076713914439,56.845731284085275,72.05557002938063,244.09,0.0,-401.9010024377701,79.37260783341596,100.80025546827945,427.9,0.0,-593.5855564571435,12.151945959345564,16.542037256187086,87.45,0.0,-59.24214173358509,73.95255825483392,96.17209299812892,342.65,0.0,-547.0544572888539,76.95541646008925,102.6867791202249,434.61,0.0,-575.8593424510224,14.574427367377295,20.307911562236963,88.99,0.0,-76.23333813605839,111.20664600892414,133.61877275018048,442.2,0.0,-881.8960386339572,79.32690629647992,94.05089293764051,288.75,0.0,-591.1295399849705,64.24978929102629,78.39605827450698,265.1,0.0,-463.42512955671145,66.89554288547347,81.22701515073504,326.59,0.0,-478.2914619214538,24.714687654933066,29.03499488336713,114.51,0.0,-140.8554420545699,64.27613039167079,77.953297835338,280.72,0.0,-452.692794762705,78.14602875557757,95.12693213020628,392.59,0.0,-571.3283537629981,23.086474962816062,28.890264117894088,101.86,0.0,-130.80397000466763,516.2323723351512,456.7907334579786,1208.68,0.0,-5049.271405076753,511.90220624690136,441.2201858298523,1157.97,0.0,-4983.462107491314,106.08333333333333,2.8807310029072672,0.027155359021906685,0
87.48305718293588,98.13361606242714,285.23,0.0,-657.2154661645633,53.13690733558874,62.26736356512012,206.8,0.0,-364.6338880196709,48.52126413070385,55.92262896244465,191.73,0.0,-325.5825630447643,30.15966911461342,36.02397134056112,230.56,0.0,-181.37773992437,5.936078884396402,7.0298702973882135,25.96,0.0,-22.18568591048492,81.10040679924084,88.25449138775285,294.69,0.0,-594.8576192344874,57.55423467282779,64.87582917616068,273.9,0.0,-391.89599549667207,33.60347058338147,38.04716571829304,140.58,0.0,-204.94897501625542,74.86177572406964,83.05981700054431,271.37,0.0,-543.4197401612788,55.20532304645597,62.99368462505848,209.99,0.0,-378.9785069557206,36.00622493605083,40.595275626005034,136.84,0.0,-224.88361895548604,66.49472316197706,71.065420817004,267.41,0.0,-466.4824998811544,12.4389949665814,12.815194629053986,52.91,0.0,-57.010407109536956,95.39526033501113,94.14481449364965,279.29,0.0,-710.059395446417,56.14050911791403,61.44106647985738,257.18,0.0,-377.9203315660683,34.75702285667134,35.03775100766238,138.82,0.0,-208.94051427557923,397.49508870368845,355.59893581037943,876.81,0.0,-3735.3710222230957,431.2998341447314,359.9353234590913,913.77,0.0,-4072.6993812070978,128.2688172043011,6.7108318554700945,0.05231849799301859,1
114.84669979163328,128.98156912543024,394.57,0.0,-906.2764226058465,73.11230485654752,81.05135765091542,248.49,0.0,-527.7920891406502,61.39470427953198,69.4377247143112,203.5,0.0,-430.6947053191005,40.27576214136881,44.127741051060354,182.38,0.0,-254.0472672932341,36.586486616444944,39.92344724479713,136.29,0.0,-225.42569288162707,52.25782817759256,58.41887878040709,217.03,0.0,-349.66304384737026,116.67637762461932,119.08702986588548,369.05,0.0,-904.7634933296243,41.57687930758134,49.14814960740357,152.02,0.0,-268.7350327770418,134.50782016348774,141.73906150041174,409.75,0.0,-1083.3181206905808,76.59582625420741,80.61955373372108,259.27,0.0,-553.6159164197329,89.67690495271678,96.08296617303972,293.7,0.0,-673.8193419089959,25.520440775765348,26.470250043696982,102.96,0.0,-143.1213044914436,29.837909921461772,35.012285075759024,131.34,0.0,-177.32035101359833,47.33074851739061,50.14353994042263,185.13,0.0,-307.7988521604254,91.40141368809103,94.3244166756621,303.93,0.0,-677.9957164902817,60.73364641769514,65.1876208734272,209.33,0.0,-418.12372753440815,536.7270427953198,450.1982482684575,1121.45,0.0,-5242.99698772324,555.6047106908159,478.54240570162295,1270.06,0.0,-5472.873811191699,107.0,9.837973078114937,0.0919436736272424,1
45.22861622246061,60.86519627158977,221.87,0.0,-306.99880461964375,55.15690816073934,70.72044446672045,242.99,0.0,-387.38634240039926,46.12567126000495,60.973436582283185,226.16,0.0,-315.05814641556685,66.56899744203317,74.98017238194717,307.78,0.0,-471.2240533728246,17.483428500701375,18.951670095091025,66.0,0.0,-88.7517375983639,89.9178339797013,87.44617078486749,295.24,0.0,-657.21527093923,126.59132024094397,118.36547093167269,385.22,0.0,-983.1931469567799,43.567678851390376,37.814092064909666,119.35,0.0,-269.04051758925175,62.92711609868802,84.48388430178478,327.03,0.0,-457.79255187628576,76.88863850152653,93.93005411584059,315.04,0.0,-570.5807772268762,69.20321561184916,86.79520790081894,276.43,0.0,-506.63141346334044,65.54180130373794,73.70229067736953,335.39,0.0,-459.75656911557365,25.39885386583051,28.880422072557213,99.77,0.0,-144.867937170223,70.39348296064031,73.02240201221576,253.66,0.0,-493.603116443417,120.82977638419013,126.67216701634335,453.64,0.0,-945.088228750763,37.9671911873917,35.49949680122747,113.96,0.0,-229.46848477150212,490.64045465797506,409.32818373805327,1041.92,0.0,-4728.3315190766325,529.1500759138543,428.98088235907164,1085.15,0.0,-5140.798544612999,129.56521739130434,21.41429040730496,0.16527808032483696,1
82.23857172492481,122.20004667336924,455.07,0.0,-639.3076448458407,36.23234104346023,52.69401673722335,200.64,0.0,-238.7035222196534,38.62637278290633,60.60425337028306,217.69,0.0,-265.53941343825386,78.20121460429417,83.39505778714299,363.33,0.0,-566.761059888399,66.90027486775232,73.50876211347044,264.88,0.0,-473.2132266979252,30.9633056736853,32.973479620400404,123.42,0.0,-183.1631178370978,46.163272482107665,54.575203804941644,234.85,0.0,-304.3873297132664,21.562852401203195,20.551921881302007,58.63,0.0,-114.18281020480138,73.12590291463542,98.82599696785088,414.37,0.0,-545.6397611953047,42.3596525256716,56.054799260606295,201.63,0.0,-282.9729543369388,49.65992843066072,73.59281822720197,258.94,0.0,-353.73106429856557,100.0100809044705,114.16301407074597,425.26,0.0,-766.9637061409799,42.79055907063582,46.88941357837778,160.05,0.0,-274.7299711265865,45.09629187843584,51.868413329209986,203.94,0.0,-293.8391083251121,33.948183798361164,38.89876825366252,187.0,0.0,-206.2179481087713,31.05283684265118,28.89741742215017,90.53,0.0,-179.5466640741969,400.888205580334,351.54107883797155,949.96,0.0,-3771.7523654453644,418.0434363655222,361.56928609665465,933.57,0.0,-3953.6804967223834,111.04705882352941,10.045667350950435,0.09046315550702266,0
28.565211187753945,44.86683383429859,223.63,0.0,-183.56943865861064,42.96737409052253,62.149480819147435,215.27,0.0,-297.2649003277654,34.81596144760465,52.7472114992628,218.9,0.0,-232.64885494816815,50.29562127941038,61.67797050188977,312.95,0.0,-342.41032759756945,49.304394784087684,53.20611362326751,199.54,0.0,-324.9401170436705,44.85240385523954,72.97847369332018,276.1,0.0,-318.3086757094027,65.68586128696967,96.38546244363727,354.31,0.0,-488.22636838341197,27.18977983558538,49.46345074472112,260.04,0.0,-174.97638833139612,18.899482188415384,26.746667782578868,144.1,0.0,-105.95723887540021,37.9752886705093,58.51161325152917,244.53,0.0,-260.17202814410143,25.911605404894644,39.34870498930872,149.82,0.0,-162.68424672128143,74.37535197958991,82.02932102037981,340.67,0.0,-536.5261637171319,63.542789379193046,65.87261993353547,226.05,0.0,-439.0576073802178,48.14293489558727,81.15889109985706,307.67,0.0,-347.4355591204192,43.0442067466692,67.01417959222748,268.18,0.0,-297.40149233309825,21.78439667391099,30.3323935652531,184.58,0.0,-123.18814097042501,343.6766077671738,299.7973086487345,856.02,0.0,-3151.676672437079,333.67605593876976,289.47666604351645,825.77,0.0,-3040.3192055660625,109.2421052631579,20.937860841559214,0.19166475042861103,1
37.232696629213486,48.382652277622505,180.4,0.0,-239.9601020176462,46.16837702871411,66.39978060229289,223.96,0.0,-317.9357329424937,66.33465667915108,97.27885547363522,344.52,0.0,-496.9687888607212,43.595792759051186,49.74780188020479,226.38,0.0,-283.4369224560867,36.19539325842697,39.07203432818959,142.56,0.0,-221.44912995574472,49.79099875156055,51.605049238109096,170.06,0.0,-326.32615901065975,121.29151061173533,147.35225084319038,521.29,0.0,-969.8689091371529,59.47851435705368,78.6531631425253,288.64,0.0,-419.8077648057978,22.052596754057426,33.25437136272504,176.11,0.0,-130.7073065539427,63.02520599250937,97.51613368990016,331.87,0.0,-475.8576834894855,53.67901373283396,88.30842348597238,347.05,0.0,-398.7283430000684,61.72846441947566,70.48821603831179,388.41,0.0,-429.4311447923034,56.941860174781525,57.73845878080264,188.32,0.0,-381.723846137848,39.66686641697878,45.087578390693835,161.81,0.0,-250.2779119957089,106.12671660424468,140.63508893597927,509.74,0.0,-840.3255223853221,42.82114856429463,54.415848600894364,234.08,0.0,-276.4674554873518,460.0879400749063,403.76086301083257,1025.09,0.0,-4409.826379959371,446.0418726591761,394.84367309766685,1032.57,0.0,-4257.980374710586,107.1375,5.776555526436148,0.053917214107442754,1
78.28228571428572,104.5015717810475,363.99,0.0,-593.5068447245004,67.54227046263345,87.11523253358062,281.93,0.0,-495.0289302178712,70.61437417386884,92.12784695038509,331.1,0.0,-522.9161840295224,118.01486731062532,123.79010574269118,535.04,0.0,-921.76317158702,25.661115404168786,28.229994867787063,143.0,0.0,-145.59882684026843,92.87443721403153,93.51308681151963,309.65,0.0,-689.7976722950265,62.318953736654805,65.47604066467296,270.93,0.0,-428.0655312329809,37.380013218098625,41.715604764453374,153.67,0.0,-232.302870587151,80.37606609049315,99.79521944770634,339.57,0.0,-602.6314121295516,65.3030350788002,78.39697985951582,288.75,0.0,-467.91745701577065,71.69757498729028,88.96545755295624,296.34,0.0,-527.0311790500532,81.39205897305541,85.68856312384614,326.59,0.0,-593.2742448450003,32.70245754956786,33.898329810105615,152.46,0.0,-194.44255520517316,75.85619013726487,74.58646289381278,233.31,0.0,-539.890144096049,60.56773360447381,60.546155865544165,212.52,0.0,-412.4665530365097,54.379011692933396,57.0560787697056,210.21,0.0,-362.82694936070885,552.688317234367,482.5873732417258,1337.93,0.0,-5445.091477564415,522.274128113879,439.43457184616767,1180.85,0.0,-5081.868038671069,101.40625,5.31424603659823,0.052405507910984084,1
88.20273923444977,120.12468202800426,451.99,0.0,-688.5458544476263,64.09162679425837,87.98422543198015,309.1,0.0,-471.35963685333786,42.25348086124402,57.590797840435926,198.44,0.0,-285.21447339053765,35.34569377990431,48.30643244359658,246.07,0.0,-228.35990758757808,1.0966985645933014,2.415209404781562,15.4,0.0,-2.7930357220333626,71.31601674641148,85.96568581893763,347.16,0.0,-515.9375272310424,68.58277511961724,89.48121715020135,354.75,0.0,-502.4159441294622,41.37336124401914,60.533501091312196,220.33,0.0,-279.3124479834283,88.24019138755982,116.83919526512754,429.77,0.0,-683.2247042546957,40.49864832535885,54.095604631040544,183.15,0.0,-269.6719390134339,70.50013157894736,93.60493261144529,310.86,0.0,-526.1443140931813,37.751064593301436,50.667530319242225,262.9,0.0,-246.7632215777558,5.456590909090909,5.891416916362768,25.08,0.0,-18.783040521364192,66.086004784689,80.4986106975123,350.35,0.0,-472.23999757468533,56.748133971291864,73.52653930984086,330.0,0.0,-398.17102342861017,49.4125956937799,73.65440717305087,266.09,0.0,-347.4976375962733,412.2623923444976,356.75202909535733,944.9,0.0,-3890.979407671557,414.6933612440191,358.30927171469676,925.32,0.0,-3917.5115446097298,105.79069767441861,10.554527606748799,0.09976801211039753,0
62.733603433835846,89.54412341246197,279.29,0.0,-466.0449655035828,74.18569514237856,102.60267101101951,304.7,0.0,-566.4175506057419,19.30675041876047,29.475291970025992,117.48,0.0,-112.75866917607634,41.804652428810726,47.06883269188165,228.58,0.0,-268.39477677923605,47.22371859296482,58.849842419829244,235.51,0.0,-316.0405035114693,90.91336474036851,90.67087998414814,316.8,0.0,-673.8526514692318,91.39037688442211,103.27497823288896,378.18,0.0,-688.6639704348839,30.65918341708543,38.10213986200133,224.95,0.0,-182.32760868270034,55.307037269681736,84.55161060623956,338.14,0.0,-407.38528749831653,35.595548576214405,57.31230640924312,209.99,0.0,-243.82165667634612,59.56889237855947,88.8557754846868,329.56,0.0,-443.6142386810125,30.93726968174204,43.799621452277215,202.4,0.0,-195.37378093284045,13.760433417085428,18.95808870828699,70.18,0.0,-70.74091847772141,84.66337939698494,94.68753550978269,320.87,0.0,-632.3621421067938,84.77727177554439,113.13639849692842,414.81,0.0,-650.6551543409385,74.31778266331658,93.96219603274133,296.12,0.0,-550.3808416174282,458.21734505862645,378.4143993702963,1036.42,0.0,-4370.79144821318,438.92761515912895,395.16560005673927,1010.35,0.0,-4197.311816969322,108.46511627906976,13.460275468360726,0.12409773695101013,1
98.35812608301013,140.8637741712318,474.87,0.0,-791.0204694408325,33.436142420991835,49.7984958372469,158.73,0.0,-219.90655870838629,33.90265533459856,48.361148445791706,167.2,0.0,-220.7738386978348,28.518773001072695,36.08425139952092,220.88,0.0,-172.5597459929354,3.2124465714992985,4.441251587811637,25.41,0.0,-10.032070927311516,92.10512666061557,91.28562432143855,344.08,0.0,-678.0710370120472,78.3855516131694,83.25812901685555,315.92,0.0,-566.4109886037355,93.1277844706659,100.20967889433322,339.9,0.0,-696.5790081825984,100.58885056522816,150.91944886293987,530.42,0.0,-814.2827689551498,37.09662183348461,57.683935034756196,203.28,0.0,-251.26306667295825,35.52807574882416,54.88175924422677,188.98,0.0,-239.54100861397367,45.9507005528509,61.41258780399388,249.15,0.0,-315.47714081530955,5.16282944137305,6.936586918573281,28.16,0.0,-19.487672585707454,67.896276920538,74.62200189663366,301.51,0.0,-479.471591400415,56.09236653189207,64.6845428817664,236.06,0.0,-385.27261164823994,51.17451604917898,60.18457541150564,227.81,0.0,-343.54713901871156,461.0466061556234,382.62088204755935,1046.21,0.0,-4395.923920725495,399.49023764336994,363.19962081960506,1063.81,0.0,-3757.5926948364213,98.32786885245902,9.41000742404092,0.09570030891405404,1
117.90228271405493,123.97709120717214,453.09,0.0,-926.2152983954862,85.97624878836834,94.21541570729131,302.61,0.0,-641.5015328013579,32.358348142164786,33.42673364211009,119.68,0.0,-194.1671753586577,36.15710662358642,35.11057581509866,111.65,0.0,-219.59025334269674,27.547429725363493,28.51483186266769,112.31,0.0,-158.00998550037522,50.474894991922454,47.08861150175749,175.78,0.0,-326.79759222250493,104.68348142164781,101.63317414735117,369.05,0.0,-786.7818545379376,30.60317285945073,26.90750141001678,95.59,0.0,-173.8362425473185,142.79176413570272,139.25246646086333,428.56,0.0,-1151.0848007309003,49.398894184168014,49.27561606096377,152.9,0.0,-324.38787528747997,65.7017294022617,65.94316269578353,211.09,0.0,-458.98412808787936,25.396298869143784,24.126090770480054,80.41,0.0,-141.0717608662059,21.155141357027464,20.736510174976022,70.18,0.0,-112.45915667805048,42.734937802907915,41.02245655724782,155.87,0.0,-268.9544624245322,72.84588287560582,70.80391715639064,283.25,0.0,-511.14891002344746,36.691681744749594,32.37283058291953,118.58,0.0,-218.29537416090426,485.702965266559,403.78104767010086,1059.08,0.0,-4671.832594370452,456.71633037156704,395.5809694774627,1015.96,0.0,-4373.408915297958,94.75193798449612,4.313366655308916,0.04552272752473616,1
49.04930769865501,61.752456417627556,217.36,0.0,-333.00007633535853,116.14576780262398,135.44297407412566,433.62,0.0,-925.6987698972957,65.81372885551613,89.42792237931268,303.38,0.0,-485.5173949091034,139.31340704678604,146.97056148976841,579.7,0.0,-1119.482360138924,51.04226916412245,51.08661675222657,207.57,0.0,-334.8204866934662,69.04160574304811,74.05637509023285,248.49,0.0,-486.24140116761555,72.52517204389801,79.76748801705632,341.0,0.0,-516.4157423714496,34.173847677201096,32.00336245057412,173.25,0.0,-201.1170902433649,70.97643122369833,87.31554302459675,304.81,0.0,-519.394493942193,118.4672406964271,131.46579046425737,477.29,0.0,-939.80144156237,98.80171136232362,115.73867474870154,462.22,0.0,-766.6138384315719,103.15956844624144,113.13366126752437,480.81,0.0,-789.0522980803795,44.679396814918725,47.22442811791905,236.17,0.0,-285.61963543559324,61.97040019803613,76.92410041797177,283.03,0.0,-434.82033506165453,57.34514481392855,75.1331027962825,398.42,0.0,-398.19966194482623,31.629479329977723,31.746722136585586,194.48,0.0,-184.51228685538095,597.1051060318507,498.48666659774085,1351.57,0.0,-5919.28862871636,587.0293728855515,482.7989305138067,1391.5,0.0,-5798.287294207538,105.6842105263158,13.861669850468884,0.13116121870463585,1
71.83836867728361,98.66107138817915,344.63,0.0,-541.9809029004325,48.610451357372725,69.4007043467713,244.75,0.0,-341.5168591823988,27.630186484033334,39.52102546282192,154.44,0.0,-172.62896449604818,52.10089776384191,57.43809404263681,221.98,0.0,-349.1656117047885,15.792066177077317,18.437187029795467,75.57,0.0,-80.5370421303495,73.92852298044393,74.78718895251075,227.15,0.0,-525.8256495014585,81.27295403911214,89.03435739200937,329.78,0.0,-594.0659535675226,32.07496163049757,32.291369709502085,119.35,0.0,-188.36712095327917,61.46241604092747,85.78903938225483,290.84,0.0,-450.6518198030062,46.6406262892978,63.572843145131145,233.53,0.0,-322.03753566940367,21.93366779437247,30.040025972546502,112.42,0.0,-127.98625680213516,105.68596501361498,111.07033648953755,362.78,0.0,-812.9252716607006,9.807554253651292,11.215344549830233,41.25,0.0,-43.1489079709504,100.09158593943394,100.9188292002323,286.33,0.0,-756.4478820328289,81.54274857661524,84.54861261371636,314.16,0.0,-589.574957840939,40.06506064856836,44.992377011209065,169.73,0.0,-253.21063154948317,403.2484091096625,350.54912456864986,994.95,0.0,-3784.959892864663,467.2296245564816,400.4358095892344,1052.37,0.0,-4483.0711327784775,98.60655737704919,8.364206896102358,0.08482404333536887,1
47.92376598729268,68.9031723209997,334.73,0.0,-334.3701599250706,70.03620760788844,94.50684730998479,401.5,0.0,-522.6015475556144,102.72275435266937,143.14052414671428,505.67,0.0,-826.6964827052332,101.55909976070633,110.63569592710525,393.14,0.0,-779.6765705963812,42.06520174931925,44.05791719116452,180.29,0.0,-266.53695809109075,109.74644360095716,114.38955666944656,374.77,0.0,-846.2856646116718,105.95816486508788,119.08149739547241,440.77,0.0,-819.793243296703,49.72838683059659,63.36403685265604,264.0,0.0,-335.06687435468865,95.53334351019059,120.33972467582817,479.6,0.0,-747.110882187674,114.94767637593861,140.09184997071532,456.61,0.0,-926.9891822120218,118.98916659790412,147.69430438113662,489.72,0.0,-966.0431996696873,93.5597697829854,114.31366974848387,430.32,0.0,-715.6404494864589,24.70102236158099,29.528348473358072,135.96,0.0,-140.90083302542868,77.55334928624474,99.75972191722684,342.1,0.0,-576.7603383003722,73.59699810215363,108.09473693798326,454.96,0.0,-554.6039082045863,35.70007838930605,55.74514629062998,256.85,0.0,-235.14450458951362,629.7400247545177,529.820538140726,1411.52,0.0,-6304.115629002875,634.5814044063042,537.7557458892087,1456.51,0.0,-6362.766825201,116.24271844660194,4.720264143130325,0.04060696623589939,1
59.800791850451574,89.05953827976107,281.38,0.0,-445.43526290854277,67.47172652804034,99.41386497578725,302.61,0.0,-513.9387646949593,18.113079185045162,29.622995227748508,121.88,0.0,-106.80117077300027,35.077731568998104,42.82159700365561,180.18,0.0,-220.51920949277437,46.56068262969964,59.948963527624336,217.47,0.0,-313.42108601357677,85.62459147237975,89.11310469653625,301.29,0.0,-631.8256757261217,93.67122663306027,109.55784244391381,407.66,0.0,-714.5738719820511,29.968126444024364,38.35778070343941,220.22,0.0,-179.03497310930732,53.418827977315686,81.930833675454,342.76,0.0,-391.2308339125593,33.56839109430791,53.88128188558681,212.08,0.0,-226.17434730416198,62.3681054400336,92.29673204854667,319.99,0.0,-467.6213565056118,30.551789540012603,42.17633034247971,189.09,0.0,-190.3509944045522,15.38574459147238,20.013078851009087,82.83,0.0,-79.90853185240786,89.20706574249107,96.66317679586648,323.4,0.0,-668.545269447903,91.61486662465869,116.62705736377919,431.97,0.0,-707.8374268389962,80.38550934677589,93.67030929731254,291.06,0.0,-594.6400870509761,436.2879563116992,373.1009295786746,1033.01,0.0,-4146.570109675016,456.5003003570678,393.3629120306075,1018.38,0.0,-4369.143776328151,108.55813953488372,9.411280528697057,0.08669345816923167,1
63.10273151854817,110.42013064031973,581.79,0.0,-488.3421654688481,45.10659060581799,76.76579461307442,265.32,0.0,-326.95856452226076,30.831118227915667,56.707525893937955,233.64,0.0,-210.1626604860735,44.75433813717641,51.94037652327579,231.77,0.0,-293.38060091046356,2.5003202562049642,3.5898806979608415,36.74,0.0,-6.687044751788538,101.43481051507872,109.06001456858337,356.73,0.0,-775.1974388256568,50.390685882038966,57.117585765152235,229.02,0.0,-334.8666747719259,28.898074459567653,36.472788958932306,149.6,0.0,-172.79198086769767,64.50867360555111,116.74293073534157,480.04,0.0,-510.25613875804413,53.177792900987455,94.3475509399191,336.16,0.0,-404.2589613003516,15.334226047504671,27.991961840087868,115.17,0.0,-89.6085146815062,30.37231518548172,45.90297903249981,255.31,0.0,-194.50460227074828,4.1882639444889245,5.419704342303378,24.97,0.0,-13.94268766518199,55.12943421403789,63.598728239069715,306.57,0.0,-376.81927301542,88.58543368027753,113.47117922787427,418.44,0.0,-677.508265799076,44.484695756605284,57.26421766910276,197.01,0.0,-296.48383111124855,367.01866960234855,332.6334585519473,1091.42,0.0,-3410.7057396237183,355.78083533493464,318.14403377252916,1110.89,0.0,-3290.7726931775815,94.9090909090909,16.96228192975411,0.17872136132882682,1
108.12402584655652,123.97214578199768,383.02,0.0,-847.0050590067067,70.96502535579911,79.61181839488535,248.49,0.0,-510.10812121165236,57.54531326680844,66.66806471032957,222.42,0.0,-400.87945644217086,44.379268771470635,48.641959362655356,214.17,0.0,-286.92134937277973,38.45882872566661,40.9211821893887,140.58,0.0,-238.4470051514503,57.372620644528055,62.41219112730711,237.71,0.0,-390.71577284009857,118.5871257974808,119.3820437208386,362.34,0.0,-921.3197995648197,45.45146736463275,52.34135070174248,158.84,0.0,-298.56812836841266,128.74271879600852,137.61908881171914,421.41,0.0,-1030.5234405358653,73.249779159169,78.2936870444621,247.06,0.0,-526.27992335435,85.67607230492392,93.1477465611238,258.94,0.0,-640.3012138692615,25.58425813839359,26.498223419827774,95.48,0.0,-143.72296236597748,30.916531981024047,36.10590306128302,128.7,0.0,-185.41240272474934,49.541693113037795,51.559826815737246,185.13,0.0,-324.1707365738004,94.75225094061835,96.69322149462113,306.24,0.0,-706.2491974003541,64.95815802388353,67.06862814251717,216.81,0.0,-450.65765190125154,540.883675772943,455.2071328764638,1127.39,0.0,-5293.420215773094,553.4214624570587,480.239171461513,1238.6,0.0,-5451.6701243516145,105.21428571428571,6.9274667749739045,0.06584150363179543,1
57.371403581153565,66.970739425304,247.61,0.0,-397.05103757900906,132.1844648898424,145.738641081757,444.62,0.0,-1070.1945151697396,74.43542701543032,91.60368372838714,293.15,0.0,-552.1994049975638,128.14870203812197,137.58486292702884,549.01,0.0,-1016.2112773081623,47.217720108919885,46.68054206520276,190.52,0.0,-303.40066392172116,62.65192095057347,67.79331130272068,245.63,0.0,-432.0669231215205,59.33635448469346,64.71149758205198,271.48,0.0,-405.05181933158127,30.402950738509777,28.168127900725008,157.63,0.0,-173.46513757502697,80.42092829441373,89.85086010042014,279.29,0.0,-592.2171997932234,122.88417773743707,133.03866566724167,411.84,0.0,-978.9425210244059,107.12159254063867,118.32536277451717,369.49,0.0,-835.8651933351722,92.61888357125176,99.66333206780494,420.42,0.0,-691.1539644198282,45.90549880353164,47.158021263610195,210.98,0.0,-293.6717366222649,57.38337569106362,71.99351064882568,287.87,0.0,-396.3470734372137,55.9059229309349,72.23024443080068,351.12,0.0,-385.7919621319452,31.09756910636191,30.887417825032998,194.48,0.0,-179.93572323213638,591.7489438072449,488.5768037701436,1324.84,0.0,-5852.046587498824,593.3379486756332,482.00671286542365,1342.77,0.0,-5859.290527047817,108.02702702702703,14.80957777467455,0.13709141297547117,1
53.83529251588415,77.0438608585584,255.09,0.0,-386.8164653257026,41.55335093654592,57.2753270817319,192.28,0.0,-281.2707129585177,36.393780014852716,51.929796610101015,170.5,0.0,-242.17652001951055,57.8501155210826,63.94252358722676,232.43,0.0,-398.6517394679879,24.921140358115355,26.630381445422962,88.66,0.0,-140.39608418140355,88.85998597243996,89.88774990312578,256.19,0.0,-657.9219877682531,87.28508622823665,91.05666528850901,283.03,0.0,-645.6671646129726,50.334371647825726,53.74273658232233,213.07,0.0,-332.7698674391703,72.1756663091014,98.02508193622803,358.82,0.0,-543.7975339906352,43.51019638584042,59.228753253458926,255.2,0.0,-296.2463594821541,53.807835630002465,75.95520847126119,267.96,0.0,-386.7128906943479,65.702948263058,74.40802515791911,320.76,0.0,-464.90309813554336,25.387834804851884,29.420296460059316,123.53,0.0,-145.16519261925282,87.85677036059083,98.7567485857029,323.4,0.0,-656.5266761490253,59.9254113375691,74.57185410903956,299.31,0.0,-422.25212156048104,51.20632065351927,62.36507323801782,238.59,0.0,-346.31799180582806,441.0331231949831,390.2526145804206,1007.05,0.0,-4216.0876876877655,459.5729837445334,379.4492996531338,941.82,0.0,-4385.488148469137,119.73,13.007578560208659,0.10864093009445133,1
31.372673487911545,49.69933700632041,194.37,0.0,-206.02525602162993,57.362853370740154,85.0400209784277,315.04,0.0,-422.12184043938333,55.979952141265784,83.87058898685767,304.59,0.0,-410.9370982665114,80.49035563990427,93.13393969995005,363.33,0.0,-596.5172969224194,74.3083447479165,85.86281308621395,291.83,0.0,-542.2821483973913,62.256296724152165,90.25659743600039,367.62,0.0,-456.5041356272993,77.28861952306296,107.2928482147185,437.14,0.0,-584.9535987680774,26.861103226338805,43.877044743196564,325.38,0.0,-162.79127638309214,25.890790494265204,40.39767761025698,194.81,0.0,-161.82710966470196,64.54668206947768,95.68609950169619,362.45,0.0,-486.52943215919817,54.93902302170146,84.95781696984639,296.12,0.0,-405.81705905094475,81.56900734384025,94.638220357588,375.98,0.0,-607.1478662432663,70.02855598646754,80.38651583582042,294.14,0.0,-504.39012299879033,74.66150837527849,103.80565962802025,416.24,0.0,-562.6156930303932,91.27682729598152,125.5358220947504,499.84,0.0,-713.5278111026756,34.31699562670187,48.87803806761901,358.16,0.0,-215.1930814810962,465.92019886129225,406.82803335388047,1071.62,0.0,-4489.488625438859,497.22939021371394,435.88804505851675,1163.91,0.0,-4839.859220072292,113.61904761904762,17.979555030449742,0.15824419766950737,0
53.41658247108946,79.48303277226887,284.35,0.0,-383.01964639496265,44.96150131872591,68.89530671473902,243.43,0.0,-314.1594388276336,15.064231081355246,23.170878976952444,87.23,0.0,-82.95722043831586,47.51205518360722,57.46797260938502,201.74,0.0,-318.9345166667398,11.681881720430107,15.055772650342849,73.26,0.0,-55.579709117104976,78.43888212619193,74.52126721333077,262.46,0.0,-557.0091271924391,87.28418543315074,84.24447684538151,312.4,0.0,-634.6644139690017,102.76296409007912,100.53010190880144,307.01,0.0,-774.1682362514306,55.9539247311828,90.92810631349016,342.65,0.0,-414.40422386433096,40.534196591600725,62.72254913006811,216.37,0.0,-277.5950263309881,32.50337086630149,48.750035026061376,161.48,0.0,-212.5313381422078,59.84513288699533,71.9686016159201,288.09,0.0,-420.15418238891095,16.263407384865086,21.250078452818894,96.47,0.0,-85.78615711077624,68.96931933455062,68.24225258794439,248.82,0.0,-480.36045718486054,61.8962233718807,65.47190042508682,232.32,0.0,-424.74256390652283,57.53323595049706,61.114071025709634,192.61,0.0,-389.2845989098906,441.1222834246297,371.01213420077494,995.17,0.0,-4183.392898417689,393.49881111787386,350.01992615104956,981.64,0.0,-3688.171990303734,104.68478260869566,10.474533659668275,0.10005784411686026,1
103.96666126418152,106.26572710315439,355.08,0.0,-794.24888046587,85.04029983792545,90.32617922728652,289.3,0.0,-630.1500378800913,26.696596434359805,26.66428138971691,91.08,0.0,-151.65863258186553,22.855032414910855,22.637374459193726,129.47,0.0,-123.52133500719023,28.76734197730956,28.716379212468617,161.59,0.0,-165.38362266215452,42.292123176661256,41.0013970177188,154.66,0.0,-263.89225427582096,59.981952998379256,65.41916097633064,282.37,0.0,-407.90343514030735,17.994821717990277,15.75821067686458,86.79,0.0,-87.78634046731781,124.47072933549433,124.59218512588885,431.31,0.0,-980.6975114109903,53.97712317666126,54.30967054007245,175.45,0.0,-361.54124861540765,55.045680713128036,54.458823017389804,182.71,0.0,-369.03588252731396,30.993452188006483,29.355094454221597,93.94,0.0,-180.27702182727296,19.64160453808752,19.690248601021473,69.96,0.0,-102.74105788903242,30.71682333873582,30.459438264255255,121.88,0.0,-179.58605439546335,95.47803889789303,93.01105033186333,376.31,0.0,-705.0510117442074,26.38602917341977,24.146785403747703,96.69,0.0,-144.97910791620063,387.59482982171795,317.03784598844106,839.41,0.0,-3592.9772435581717,436.70948136142624,368.2869851523838,959.64,0.0,-4136.784923800374,97.13970588235294,14.08387312731963,0.14498575015634468,1
37.78815204678362,51.91200700105387,191.18,0.0,-249.40742653174308,49.4254187134503,71.06871295797498,232.54,0.0,-348.16547280865456,70.91070877192983,101.37409936975918,330.11,0.0,-535.0573546962055,40.868254970760226,48.01643900585326,256.41,0.0,-263.98805027469996,36.78695906432748,39.84864126490567,139.15,0.0,-226.11835393529918,47.330156725146196,49.71346497091139,154.44,0.0,-307.37242580381815,121.88070760233917,147.8358048917069,521.29,0.0,-973.4922754767954,54.3633380116959,72.66211558268341,265.21,0.0,-377.4126131670176,20.386280701754387,32.77119726156331,188.87,0.0,-121.1031065286406,65.36459883040936,101.09429262004772,351.01,0.0,-496.18941699226684,53.327987134502926,88.20896800150138,317.46,0.0,-395.88131607584165,60.13245847953217,71.32365042554997,352.99,0.0,-419.570031014406,58.747745029239766,60.126187917091684,204.6,0.0,-397.793585444251,37.7212,41.748352044077826,153.12,0.0,-233.28178848319942,108.50577543859647,145.11283435986718,529.54,0.0,-864.6940206715032,35.268302923976606,44.319708106839876,168.52,0.0,-219.70828594412632,459.35369590643273,406.55694706789933,1023.0,0.0,-4408.480862598466,439.45434853801174,394.6219965040082,1025.53,0.0,-4198.410790451968,108.97402597402598,8.94713772118898,0.08210339703629502,1
45.21726132519185,82.94966717839976,357.39,0.0,-334.6475894657402,46.321799653436756,84.94254293201107,371.69,0.0,-345.2056419725269,11.1572076904035,20.46629874084558,97.46,0.0,-60.593143779008045,42.254014357620264,53.5548949690557,280.61,0.0,-279.9538873101558,49.308900074263555,57.926618728153265,237.71,0.0,-331.2195020649008,40.21178480072613,52.04535989372249,182.71,0.0,-264.58018747753437,68.22119399290372,92.51506349231168,330.66,0.0,-503.0235093964644,31.7416395742223,44.51178779311302,205.92,0.0,-199.41031635626177,60.55770030530572,94.68910418805112,407.33,0.0,-455.36140562758914,43.82989438072448,66.59478549648946,249.04,0.0,-309.1250509011434,19.59021123855104,32.205840433650046,162.14,0.0,-117.35968835538024,37.91795940259098,44.766486112061074,228.69,0.0,-241.69513464961068,30.332216354484693,37.7565621101876,165.33,0.0,-184.62501283984852,41.342981269081605,56.71761746553542,206.36,0.0,-277.439777797809,51.68601287234921,78.36535786581284,301.62,0.0,-370.4251983245364,39.077102896278575,59.92964925743386,245.63,0.0,-263.0951365068543,334.4338014687681,303.8386238404678,910.03,0.0,-3076.1734253481523,324.3340787193663,288.5073228282018,795.74,0.0,-2963.0047749794544,105.25438596491227,15.35932850066636,0.14592578123810027,0
15.41325191847512,25.28496917189648,176.22,0.0,-83.67239711174199,39.66852875649806,60.915785751163334,233.86,0.0,-272.2195354500054,30.151772423467285,46.99123480137681,189.42,0.0,-195.81070271302855,67.89592293093489,79.30685123117244,291.17,0.0,-485.9456645195509,60.14105454245399,72.20271722366122,255.86,0.0,-422.3606314020248,28.080933245317272,39.83321574601345,180.4,0.0,-170.72760867205898,46.24979453750309,64.36820224755077,294.36,0.0,-313.35913427830894,20.26385345325522,23.52224314006713,145.09,0.0,-107.82837423359189,9.377801798828287,18.076098076742113,150.81,0.0,-47.493852447539055,42.660784718211076,68.91892534614142,300.41,0.0,-303.1476584686276,29.844963280798744,52.065063826808085,254.43,0.0,-198.55834467362578,64.30409934813103,73.22119087653316,300.19,0.0,-452.81496549720407,47.24651126330555,56.502344742854696,225.5,0.0,-313.78200220949697,51.866366036801715,67.20410942915159,264.55,0.0,-357.24958080179573,58.988001485271056,79.85136695596408,303.93,0.0,-420.6569878895435,36.86040184833732,43.32754625473338,229.24,0.0,-228.43707344805037,307.865111807905,258.85585593229945,758.67,0.0,-2761.054202105184,341.1489297796848,294.70340047586075,801.79,0.0,-3124.995764382059,111.8411214953271,36.08379384407217,0.3226344063938934,1
46.81791154385675,70.10603806663548,386.65,0.0,-326.9015683727053,65.24661935803285,94.24527521466739,374.55,0.0,-487.374457254376,101.70878290287979,150.70727961898507,533.83,0.0,-827.4596369205196,99.3582374783398,109.23831751758699,372.68,0.0,-760.6541925953663,41.42175757075667,42.760332230237395,170.06,0.0,-260.6216630991654,116.52214951728692,121.81470637864345,412.72,0.0,-909.4373856796079,111.17527271226999,125.29439412090525,482.68,0.0,-868.7082811539987,55.51254971532305,70.29980195126309,295.9,0.0,-382.95951864114056,87.44222130538823,115.97482734429745,496.43,0.0,-678.4598769765616,106.82790824325438,133.6075986274007,425.15,0.0,-853.8383144871278,119.49243997029457,151.0113792085288,510.84,0.0,-974.149475568515,89.99759963693376,112.48099959876764,440.33,0.0,-687.6066911675852,26.21997359518112,32.05833598067156,131.56,0.0,-152.7643412517306,76.92270319333278,100.5818477253368,394.57,0.0,-573.0693801541673,81.00187061638748,119.35063240327524,495.33,0.0,-622.225068438417,39.28012954864263,58.579963293110005,264.33,0.0,-260.41956088115717,637.7632807987458,533.2869887925048,1470.59,0.0,-6389.588857614403,627.184846109415,539.9121567571436,1504.58,0.0,-6288.631064281602,111.47222222222223,2.954777466501193,0.02650684993621803,1
59.031111111111116,85.3793998700488,320.21,0.0,-428.5888914804723,57.15408983451536,90.74070651571242,333.63,0.0,-425.45732568462626,12.801193853427897,21.295661510404663,117.48,0.0,-68.86791926856428,29.240886524822695,36.66498251507963,148.83,0.0,-178.1646569777868,20.94543735224586,22.550919723245848,92.95,0.0,-112.50312802175814,55.7625768321513,58.85047190129682,230.78,0.0,-376.18696501063954,92.5194917257683,101.11201744932744,384.89,0.0,-693.3705217169124,40.32734042553192,48.355617967573885,156.53,0.0,-259.77147690424135,101.42934988179668,137.46740688771698,475.53,0.0,-809.6736867395675,33.525023640661935,48.25140071399301,178.64,0.0,-218.0440509889995,36.73418439716312,54.6076015606972,192.39,0.0,-247.62088935707368,37.28555555555556,44.560987712049105,365.97,0.0,-231.79284166044928,14.180638297872342,14.394404721954697,80.3,0.0,-66.75309824001361,68.626926713948,71.86733659184473,257.18,0.0,-481.2672872869356,76.24851063829786,91.63009374295153,336.05,0.0,-556.0213172854435,51.345768321513006,62.49606081251103,219.34,0.0,-349.0637304122481,367.7821276595745,329.2873965543103,885.94,0.0,-3423.454060742178,419.3759574468085,337.6964144314061,920.81,0.0,-3930.780693611416,106.12790697674419,19.841697057733782,0.18696022208448618,1
79.06339631982836,109.45264023130002,385.0,0.0,-605.6723730655741,44.59727122699893,61.15629664404486,223.41,0.0,-304.1679663333708,30.428292763429326,44.97422180205009,168.19,0.0,-196.1638840654335,50.45085238055945,57.830641388718455,280.61,0.0,-338.1889799833446,11.146560772340953,13.158060079257247,47.74,0.0,-51.583688751385836,75.33109332453172,79.44103556493415,260.81,0.0,-540.625984934136,77.91086970872185,73.63973528879087,241.78,0.0,-550.9023233243053,43.14361746018648,45.1732961549517,133.65,0.0,-276.102789953135,80.5313095139863,114.29670630314915,423.83,0.0,-621.5449950665866,39.06591137882664,55.145405707997384,195.36,0.0,-261.9579610205389,31.890805346975828,46.50318731293112,166.76,0.0,-206.7620714058382,68.53868636026074,76.2943125371254,355.96,0.0,-489.4999286060569,11.406842973842727,13.486123616879983,50.82,0.0,-53.00289844397512,77.51288555161317,82.46739907556797,262.13,0.0,-562.0745797108207,74.70704596088787,78.99674875738619,278.63,0.0,-535.9272642630509,63.620835877547655,73.08102325625251,245.63,0.0,-447.57453411936706,412.07195395659704,362.214232287401,1013.87,0.0,-3883.6534621185187,447.2743229639409,384.95808490137796,1025.42,0.0,-4268.61058198636,110.0,3.9515413320731656,0.03592310301884696,1
61.30732341069626,102.69462155705168,429.0,0.0,-466.8148368163711,46.35340060544904,75.6282937914856,268.73,0.0,-333.63879802331206,30.476437941473257,54.360330931542485,223.85,0.0,-204.85133160759526,47.08305247225026,54.61458735571095,331.54,0.0,-311.2824984170542,2.9764379414732596,3.3319922762052774,20.35,0.0,-7.813296931392889,106.27757946518668,110.98930548762284,375.43,0.0,-814.6362599550218,49.7103847124117,54.7818503757508,214.83,0.0,-327.02013092200144,29.63469096871846,35.67630858784942,137.39,0.0,-175.76074756577302,69.00116296670029,118.58704173801303,454.52,0.0,-544.0385302528849,53.041408930373365,89.67259820361832,314.71,0.0,-397.08844114286995,17.38040237134208,29.52490989684483,122.1,0.0,-102.21581107878075,29.86695635721493,43.60795144055368,288.09,0.0,-188.260500055172,4.4231849142280515,5.625764030194058,33.33,0.0,-14.899517884830267,53.36757946518669,59.87574217865062,224.62,0.0,-360.21306747269836,93.70878910191726,116.4997168125466,449.57,0.0,-719.1209005378699,43.70436806256306,54.46748484673228,184.58,0.0,-286.9718848900369,373.8193075176589,331.4349589447128,1056.11,0.0,-3473.629288604812,364.4938521695257,317.2834741516997,984.39,0.0,-3371.083661763884,94.04938271604938,12.234237765101453,0.13008312667015198,1
95.57500652619802,104.51427389779059,336.71,0.0,-710.0056493947867,78.76634812604887,95.59648515258034,296.23,0.0,-585.9028652222197,36.98913574491888,46.139627821828604,166.87,0.0,-238.58069796788516,56.04057989931009,61.62974259320344,240.13,0.0,-380.31710055191854,54.10856516874883,61.00596004821065,201.63,0.0,-369.0260743244029,45.3715541674436,47.745717179325275,222.75,0.0,-288.9453394321853,80.96833768413201,85.6842758263823,334.4,0.0,-577.4626825147142,21.342174156255826,19.54373134957105,58.52,0.0,-111.79998138311194,83.06762912548947,101.06235140676063,356.62,0.0,-620.4198438723095,93.84442942382995,111.67300278835296,378.62,0.0,-718.3651739473581,47.03700913667723,57.63753888956439,188.43,0.0,-317.9108027174717,92.69321368636957,96.50505150673592,353.87,0.0,-690.1511037904324,65.56356889800486,76.90411634686997,281.71,0.0,-465.63241319660114,50.3467210516502,52.657465963726295,258.28,0.0,-324.59707730434997,92.15728416930824,99.36226807967192,396.88,0.0,-673.3196362578059,37.29397911616632,35.974504151206375,129.47,0.0,-224.57152744761052,469.16170147305616,392.8186288684093,1028.06,11.55,-4466.5110542024195,562.0038346074958,453.68728159663624,1133.88,5.06,-5483.296682421351,114.98901098901099,10.479172966165997,0.0911319514450598,1
59.44487498968562,66.3467130922514,307.23,0.0,-412.79319163137416,88.16877135077151,99.78316609996993,369.16,0.0,-665.5288076033225,108.01527106196879,120.40340059763781,363.22,0.0,-844.9934206769566,111.91163462331876,114.8372133580361,514.91,0.0,-862.8636628701814,44.83461671755095,43.66333167069086,176.88,0.0,-283.0720278778161,102.73903787441208,97.63612995088747,333.63,0.0,-770.1463093781288,104.74017740737685,105.87225524707338,388.3,0.0,-793.3078458201572,45.84397722584371,49.25868399562406,224.84,0.0,-293.1807579860643,108.8564502021619,120.7659065295606,372.24,0.0,-853.5315446159245,134.34379239211157,152.1710968713781,539.22,0.0,-1099.4221711995679,108.90081689908408,121.41964835408218,355.63,0.0,-854.0379676248062,87.79052892152818,103.44892760720266,520.52,0.0,-660.3375802899774,26.938354649723575,28.67213876968657,118.14,0.0,-152.86330998259294,69.96808730093242,84.11283671097961,305.14,0.0,-503.2547265970577,64.6770500866408,87.14728522379852,370.04,0.0,-466.13334068375787,29.67807079792062,43.66673380597514,219.45,0.0,-183.24429711254442,665.6983612509282,531.7878172411661,1354.54,0.0,-6673.728099424333,631.1531512501032,533.7065735162621,1448.04,0.0,-6317.1468184413725,148.6,26.153202480767053,0.17599732490421974,1
16.750769865500455,32.25237902508972,186.34,0.0,-99.53750470546959,65.47791979536267,108.96842283569943,407.77,0.0,-506.31810458203137,66.17025084577935,105.05176764798999,368.61,0.0,-507.941654193262,38.980100668371975,52.875905267812506,297.55,0.0,-257.92974493998025,41.363294826305804,53.44154193633617,202.07,0.0,-273.7662216072392,50.88129466127569,72.22555790510096,292.49,0.0,-357.46095622718,59.39910141100751,92.03650852426948,371.36,0.0,-440.46330475320497,34.88011139532965,60.621406147387766,288.09,0.0,-235.38559186072982,14.359887779519761,28.091068161286863,169.07,0.0,-82.41014380613352,63.38622246059906,104.60018079825198,446.93,0.0,-485.67664798570155,56.836144071293006,96.46727703177356,381.81,0.0,-428.9271885126165,47.26138790329235,62.40672296011835,282.15,0.0,-324.6781889866456,48.59587424705009,58.97508913699991,218.24,0.0,-328.5152673783457,46.14298044393102,70.92839338571285,301.29,0.0,-323.6858524257499,50.324623318755684,80.06735484265059,347.27,0.0,-362.85415937190004,24.792188299364636,46.915791243702095,266.75,0.0,-159.44717451691858,373.9028434689331,333.36837911859,939.84,0.0,-3490.739682945089,351.6993085238056,317.754497403136,896.17,0.0,-3257.2736670950158,100.6890756302521,21.109457794771473,0.2096499313618599,0
48.64284594438485,86.77935470252301,474.87,0.0,-362.9761955673381,23.361707236570677,40.755886746925306,179.96,0.0,-149.8760251441787,51.82201749319251,81.35614781040066,288.97,0.0,-379.12230268519414,63.90032428418186,72.64455232972078,278.08,0.0,-450.8072642954519,66.7989545342025,67.5724975536174,230.45,0.0,-465.63144592744106,84.0373223863355,100.1235116730135,344.08,0.0,-629.6068029307365,136.04848832411918,152.62587990905584,478.06,0.0,-1105.2060950047473,105.09378579090682,124.82748084277988,476.41,0.0,-816.4073182696819,61.17088291113128,99.84605915550515,437.69,0.0,-464.92609317529326,28.117067414803202,46.2473462251837,278.52,0.0,-183.86242789761238,46.09880435679512,74.13251375303618,317.68,0.0,-331.7961637779115,87.28110157603761,95.49283221515539,453.09,0.0,-649.2905597597702,83.31427593035728,82.90978012624724,272.69,0.0,-605.7761202373775,63.47233270071788,82.51837353344034,288.64,0.0,-457.9239070418812,111.7428995791732,135.97452311253102,476.74,0.0,-885.2517579085046,31.380043732981267,42.453855998862004,296.23,0.0,-191.41274065332777,579.7054459938938,507.97281260548704,1339.03,0.0,-5765.968442045269,512.5774082019968,441.73756750658737,1110.23,0.0,-4995.813190892252,98.11475409836065,18.266782860894615,0.18617773676099778,1
74.26545754600215,100.51933733943844,353.54,0.0,-558.3711454862038,40.51853948345573,56.544139230977166,217.14,0.0,-270.6884160593274,34.368777951976234,49.12721097826843,182.27,0.0,-224.19484827719862,64.9140688175592,70.55509789696033,405.13,0.0,-452.952900819256,26.892680914266855,25.336161254894407,92.95,0.0,-149.4134242349294,79.86687102896279,80.3952631429994,221.65,0.0,-578.5710779044864,83.62018648403333,91.59606611637636,351.01,0.0,-615.0090585000727,39.964445911378824,43.92364041113966,138.27,0.0,-253.43223376595003,91.95555243832,118.54732613710993,456.72,0.0,-711.0392471591933,35.66173859229309,44.66569132350584,159.39,0.0,-226.5388082222774,41.616388315867646,56.76534103396994,204.16,0.0,-280.29831792479456,70.62352174271805,78.38626488060166,328.46,0.0,-503.9741300460783,14.263611684132353,14.595542645128,48.73,0.0,-67.7853795600354,102.09814423632312,104.91836573451764,298.87,0.0,-775.6144920726223,65.8838551035564,67.91471766615614,285.56,0.0,-456.39564229087074,53.45477184586187,55.75040110776974,194.26,0.0,-357.0046220040732,444.4110281376351,382.7247918076759,1075.36,0.0,-4232.1110426847545,475.5575839590725,400.8552590598076,1059.96,0.0,-4564.251138581706,114.65384615384616,5.675130006591565,0.049497947055142794,1
67.66190697674419,101.20214238857722,416.24,0.0,-508.1859222418933,37.70794186046512,58.68079062950325,202.4,0.0,-255.60736036988956,52.500476744186045,86.66028118600718,335.17,0.0,-386.0793008451812,52.158883720930234,63.91602266390271,267.3,0.0,-359.0394835696821,17.890802325581397,19.070300108198058,61.71,0.0,-91.60076063356325,79.12987209302325,84.11197342721694,283.91,0.0,-576.0600222645646,74.2618488372093,73.88519876761947,253.55,0.0,-526.4014518902729,36.006895348837205,35.39448678015982,117.26,0.0,-218.08395359928008,67.2956511627907,101.13853259977847,396.77,0.0,-505.36082467237935,54.73643023255814,85.41124399006948,314.93,0.0,-403.0657779877698,23.411395348837207,37.17459083032171,140.25,0.0,-144.62590351030082,66.21859302325582,77.9795879284158,273.46,0.0,-475.50005630938057,60.12810465116279,58.6330071301872,206.25,0.0,-407.84114938003216,51.636186046511625,52.19437810867596,170.83,0.0,-341.0836413762268,140.21839534883722,145.23544677036622,455.18,0.0,-1128.7495877203241,25.48482558139535,26.504706885053483,113.85,0.0,-142.65646327958206,417.3186279069767,387.0841270642522,1190.97,0.0,-3963.15618000526,489.1295813953488,433.0703262971582,1261.37,0.0,-4739.057435489835,108.80232558139535,11.37093374031152,0.10451002475866096,1
70.32676104676105,105.90233691120491,475.09,0.0,-533.0964760837892,37.882848562848565,59.34025043366113,227.15,0.0,-257.7574596760223,54.13086550836552,88.95032957114101,337.7,0.0,-400.2774386873694,52.30477584727584,64.99745055755925,333.08,0.0,-361.29869535911274,17.36118296868297,18.96421267951359,61.71,0.0,-88.80421730188195,76.51337623337623,83.29646483637893,271.15,0.0,-555.8086196040406,71.5981906906907,72.42180918554523,273.35,0.0,-504.9104870947538,37.380203775203775,37.33973159661276,125.62,0.0,-228.67772362928267,70.5232722007722,106.2159562396133,404.69,0.0,-534.8729212457004,57.04010832260832,88.26339710047823,304.81,0.0,-422.2642134589093,25.445463320463322,40.251974617754094,143.0,0.0,-160.1379197457152,70.13781209781209,83.34155564144477,326.92,0.0,-509.876529977215,56.89760617760618,56.286353731283185,222.64,0.0,-382.2171900264909,53.797892535392535,54.1756158625352,200.42,0.0,-357.6516061962102,135.1488738738739,141.91036040093135,535.59,0.0,-1081.8527860466363,27.20252574002574,28.150134625458687,113.85,0.0,-154.70670074203565,417.49820463320464,390.51398974970715,1224.74,0.0,-3969.9887024706222,496.1935542685543,438.2585710837361,1287.33,0.0,-4815.836257431188,109.0,15.105974850716395,0.13858692523593022,1
64.858583216437,74.91167220505949,287.98,0.0,-460.6189757010142,58.14926396567373,67.88038555552318,218.24,0.0,-405.6636266110042,46.033016750556975,53.09154050909442,179.3,0.0,-304.268441445054,58.19959402590973,62.62872527422695,240.13,0.0,-399.1673819683372,22.26140770690651,22.56614849045472,128.04,0.0,-120.17359181526528,69.85589075006187,72.62725748897888,240.35,0.0,-492.3372769040244,58.13993316280221,57.8306402778887,216.48,0.0,-388.56939209397456,30.442606650713753,37.704155006762626,187.99,0.0,-182.52823653651416,51.357719283769285,63.972884843329545,212.41,0.0,-352.03724951653004,67.13352916907336,82.55884848690401,274.78,0.0,-487.3473975530085,25.16231619770608,30.642522282815108,117.92,0.0,-146.57094412109882,65.72556729103063,71.60320497362414,292.16,0.0,-462.75386771033567,23.96571334268504,24.61772403262723,87.78,0.0,-132.20571807347594,60.59124762769206,60.01081363754129,187.0,0.0,-412.50846998826154,117.83555986467529,116.92398380941864,391.05,0.0,-909.0439367507953,26.722529911708886,26.20788220107726,101.53,0.0,-150.04084108564194,407.9402962290618,345.64288980654726,897.71,0.0,-3827.191228039528,438.49418268834063,376.64988817396954,1050.94,0.0,-4162.248549437376,110.97222222222223,10.037391513489036,0.09044958560340557,1
57.00155489370443,93.9407288337998,367.29,0.0,-426.7917164120481,28.955587963438436,47.22144291715225,171.6,0.0,-188.5552063875878,30.508082571633974,53.06515811511574,210.65,0.0,-205.27473140922945,88.52037896682756,92.01511949200538,354.86,0.0,-656.207622526124,34.6273492862278,33.447767687280816,114.51,0.0,-207.2510968634217,83.41454657492041,84.39944208403298,276.98,0.0,-608.3082809176083,61.81578617644039,57.0613066491187,174.46,0.0,-418.18846420532503,46.172152613741396,46.01279548795902,161.15,0.0,-297.17701340578253,100.00395193591457,139.40321112486816,546.7,0.0,-798.518115548392,60.77522029372497,86.17279652225224,281.82,0.0,-443.5318017537686,39.07227790900688,58.633882365475614,225.06,0.0,-265.98733067049034,81.08885488343432,91.79057397416983,383.46,0.0,-597.6062707763327,31.61535791311492,32.46544561465886,131.34,0.0,-185.91550267015265,52.051159494710895,57.826062437029854,182.82,0.0,-349.408295015725,79.04184040258806,86.92709393934348,285.56,0.0,-574.6993985684169,45.02793570915066,49.9220010997949,191.73,0.0,-291.208111798531,431.0154390469344,401.6600821195462,1208.9,0.0,-4129.0373779869815,488.67659854164526,409.67383398155533,1173.48,0.0,-4704.184352173854,105.25274725274726,19.31667468856974,0.1835265605199255,1
130.4084536677944,173.09204881631945,642.4,0.0,-1085.3948927392964,80.04362076078885,109.97916890024912,349.47,0.0,-617.4497625951207,19.3670344087796,26.67106773418986,101.31,0.0,-109.20176099315101,105.21229969469427,113.67799685046911,531.85,0.0,-809.0579391241922,6.428977638419012,7.53860168895947,59.29,0.0,-24.49012411238993,59.37809802789008,69.73888159054758,337.15,0.0,-412.8032042538878,100.00970542123939,132.4922830124968,629.2,0.0,-785.1190361093912,30.79382787358693,40.88819542891566,207.79,0.0,-188.665224589471,51.534278405809054,84.24465632355897,355.19,0.0,-375.7140276742309,65.38868718541134,109.35246627716654,378.29,0.0,-508.1908408299047,9.266022774156284,16.226420726895213,84.37,0.0,-46.699328594088286,70.64320901064444,82.4049016649449,557.15,0.0,-511.4638188919851,2.6111634623318754,4.226423470347469,24.42,0.0,-8.216867385173328,79.78863025002062,82.75997847492417,303.16,0.0,-581.1912601670465,102.13261737767142,115.87028406213157,539.55,0.0,-786.4104419959029,49.5283282449047,60.39084739872661,279.29,0.0,-332.9465989981771,531.6420174931925,467.3468101496541,1275.67,0.0,-5223.268941037485,430.89293671094975,401.19991255191945,1205.38,0.0,-4126.958378254854,101.17647058823529,11.902719877592224,0.11764316158085338,1
72.09789751629671,109.21317906723908,357.72,0.0,-554.5923190995626,48.05456968396733,73.51374728645396,244.75,0.0,-343.9733208937324,27.138286162224606,44.515017041055835,194.37,0.0,-175.25308624553716,62.14316527766317,75.69972144171771,391.71,0.0,-441.1503650148365,18.944134829606405,22.602319551796427,100.87,0.0,-101.76291490868634,64.40113788266359,76.75344827464583,370.26,0.0,-457.1222342475125,48.621406881755924,60.05276798803197,323.07,0.0,-326.2831820336467,30.72256704348544,40.040950166569594,194.92,0.0,-189.01507064417848,65.87705668784554,101.38073146890585,381.37,0.0,-501.20043652689884,47.71740820199687,69.64699083896458,221.43,0.0,-337.3116780634288,32.98397062463899,52.313756827024044,205.92,0.0,-220.4102070973087,59.16766482383034,70.48298738018295,380.6,0.0,-413.33302308574207,10.234529251588416,12.728654485494074,61.05,0.0,-46.6168380274629,86.69446819044475,99.35384473784788,494.78,0.0,-647.5480761534785,75.30977225843715,87.36519893156994,358.6,0.0,-549.4822687793418,49.9419605578018,58.78439966969588,185.35,0.0,-335.5579563526794,372.12316527766313,341.63297311650234,996.05,0.0,-3479.9158015548664,427.92683059658384,384.2664090602861,1052.92,0.0,-4079.5954015741277,102.53846153846153,15.127118605050196,0.14752628797123224,0
33.77136908802896,60.596375473902036,231.11,0.0,-236.3567829606361,34.004985290789776,56.064591286115814,193.27,0.0,-231.65083831043486,61.29790450328129,102.84230547243068,352.88,0.0,-471.73137784078125,39.97980991174474,51.29864299188041,224.18,0.0,-261.4509124140963,49.7679180810138,56.50716839667006,194.59,0.0,-334.2419512621303,52.4785132382892,71.27270957014976,240.35,0.0,-367.57347181526114,59.7877008372935,79.9161703220384,295.9,0.0,-428.3189659023755,42.00150486535416,67.03738387509331,290.62,0.0,-287.1911210999824,19.652611450554428,40.86084628191053,175.34,0.0,-127.82620209843098,28.6051029644716,53.93083517079577,206.91,0.0,-196.4980648920036,38.32381081692691,73.35438304698076,279.95,0.0,-279.78001959388894,60.740959493097996,78.35133245065964,308.0,0.0,-435.9869840375229,53.38522290110885,59.45577659414676,209.55,0.0,-362.13022229768467,48.099149128762164,63.03631620550583,216.59,0.0,-328.2877038353801,91.97466168816473,117.47771882283264,405.79,0.0,-710.4779036975405,46.15967413441955,71.23303433688423,300.41,0.0,-319.4010127190294,373.08970581579547,330.195556640284,912.89,0.0,-3481.097508825772,386.9411925775062,359.64291154413917,903.65,0.0,-3655.0794809276695,112.67567567567568,5.932293909606036,0.052649286316964104,1
111.21555491377177,133.6307457176669,518.76,0.0,-886.2557579844395,60.44264460764091,76.47653079400041,238.04,0.0,-432.7915460334407,51.8793819622081,66.17750084452524,227.04,0.0,-361.1462577555007,38.45004208268009,48.37373573926186,348.48,0.0,-246.50493250090952,8.274552355804936,10.408051601635137,41.25,0.0,-35.859185029608106,74.04785378331546,80.3468917074776,305.8,0.0,-528.5905471214677,92.7702458948758,103.84872651029788,416.68,0.0,-691.97693023633,30.066206782737847,27.908011166657985,97.79,0.0,-170.10859706317257,95.2856415545837,122.52280664693225,524.15,0.0,-747.3607706796834,57.56273042330225,77.0317784997363,255.2,0.0,-413.40029958286647,42.15651291360673,58.09230273199408,204.16,0.0,-286.25336470016805,45.7673974750392,56.30765517596016,262.57,0.0,-306.4831462790169,9.199309348956184,11.697543147855994,46.53,0.0,-40.93432792358092,77.50883736281871,89.7560071499386,370.59,0.0,-564.7494893163481,66.87345573067086,79.90167794576588,441.76,0.0,-472.44075075913946,29.633758560937373,31.594931418959003,121.11,0.0,-172.37587406590785,467.14648238303494,403.1030164214461,1059.74,0.0,-4475.656631903044,423.987643369915,372.30416833702884,993.08,0.0,-4016.504926141077,114.22115384615384,4.085520235137255,0.03576850782509256,0
66.03703275847843,92.42329756635425,379.06,0.0,-486.5669769075958,51.43574222295569,76.05621904166459,300.52,0.0,-366.143218046309,32.32096625134086,49.93630808492623,187.0,0.0,-214.16158289278596,77.14813103391369,81.05458438720794,333.63,0.0,-556.2675438249241,30.078714415380812,29.423532538306937,123.2,0.0,-173.79927871470477,75.61020051159336,74.29656362299929,294.69,0.0,-537.3479776475262,83.99861952306296,77.57863168787291,319.33,0.0,-603.6992491831141,45.30583133921941,41.66920226312937,154.33,0.0,-285.39403662895864,71.71599719448798,100.50980406780715,428.56,0.0,-536.2462729875423,48.82145639079132,71.74353153816043,247.06,0.0,-344.0673634205228,42.321054542454,65.06246697347271,220.55,0.0,-296.04002588777354,81.24242924333691,86.99599930408108,295.02,0.0,-593.4012108454233,23.307646670517368,23.827567002530724,100.43,0.0,-127.24093305928865,76.22035151415133,77.82340795747913,252.34,0.0,-546.7860209254962,90.66570509117913,91.46263383001566,342.76,0.0,-667.5361716274998,57.811076821519926,56.451668982318886,209.33,0.0,-388.96273808095845,461.93523805594526,399.01023750854745,1182.94,0.0,-4425.341384260815,492.105717468438,419.7748995498833,1179.86,0.0,-4749.7132775979335,113.11320754716981,9.637114532062695,0.08519884406994543,1
68.89237643369914,95.7693165205364,318.67,0.0,-518.37030455605,50.73693043980526,73.51625381157125,260.15,0.0,-361.4179833305306,26.135969139367933,37.1215589605874,152.02,0.0,-160.64633978374403,53.11460599059328,59.51505457410165,333.08,0.0,-358.5943024721318,13.851177489891906,16.754048178927242,96.25,0.0,-68.79318297012121,75.70188381879693,76.63448191561352,229.35,0.0,-541.8980976095103,78.8158486673818,88.63986532378124,353.32,0.0,-575.8004350125215,31.529273042330225,32.56933764688226,123.53,0.0,-186.00097495840268,62.47546167175509,87.99816416677957,290.84,0.0,-461.0183680685298,47.156915587094645,65.10937422210222,221.43,0.0,-327.5983583030146,22.036969221882995,30.20839196606309,115.17,0.0,-128.58956709927403,102.8068132684215,110.16666306939935,545.71,0.0,-788.5862725194021,9.702755177819952,11.193315484519582,64.02,0.0,-42.55110480107346,98.42168990840828,101.08692255810946,294.8,0.0,-743.9785780407864,79.50867893390544,85.1049538538854,317.13,0.0,-574.959739861408,36.9678422312072,42.349918821640614,180.84,0.0,-230.37482377135424,398.7780650218665,349.1693473390933,1017.39,0.0,-3741.037515614827,459.07712600049507,399.7196657961593,1055.23,0.0,-4400.990817276692,99.88429752066116,13.30083579219688,0.1331624301552062,1
51.643488736694444,95.62836322718643,523.93,0.0,-385.5007065755633,104.69804356795116,162.98370418611285,596.31,0.0,-868.4634482445573,85.71576862777457,131.07498976216445,450.67,0.0,-685.0964039412622,76.12198778777127,99.34371059503223,549.78,0.0,-571.0298745176308,37.27569518937205,51.649032558521455,257.29,0.0,-244.91711328111464,59.0166564898094,90.6305260806479,358.6,0.0,-435.47228686167716,81.78284429408366,137.5827247959526,550.66,0.0,-654.5110111076513,21.00003383117419,36.99376849049251,267.08,0.0,-123.37809190829279,61.82135242181698,109.51568300637578,536.58,0.0,-474.06606920712187,90.87476772010892,138.1466636036999,547.36,0.0,-731.1665519076606,98.24812608301015,144.75355694073946,483.12,0.0,-796.74844906445,71.08233765162142,97.37569222549986,458.04,0.0,-531.0541390386687,77.45518524630745,99.67575205409817,400.62,0.0,-580.0199477386227,35.30301097450285,58.453408475683254,272.91,0.0,-236.98764302863773,58.63039029622906,99.74549972559677,428.78,0.0,-440.06293879105306,15.738522980443928,22.073647441216742,170.5,0.0,-81.14379220980447,517.2545185246307,451.5433672620569,1371.59,0.0,-5053.784473498747,509.1536933740407,443.59236525659884,1198.89,0.0,-4959.074018144338,100.7983193277311,4.047158629663539,0.04015105268278125,0
32.40538823335259,51.41712276072885,264.88,0.0,-214.04276610977243,59.72418186319003,80.91575466865982,258.5,0.0,-435.3762364125017,59.50335588744945,84.18193480603055,281.38,0.0,-437.15892120501087,58.7553123194983,74.74616132489614,307.78,0.0,-414.3352248932874,34.80177984982259,43.91754512483536,211.75,0.0,-217.70994191858108,24.37521577687928,39.99875179710497,166.76,0.0,-150.19015036898162,43.362383034903864,65.38803083640707,267.63,0.0,-295.6696753266573,13.33329977720934,20.99300942893607,150.26,0.0,-66.97913373521472,32.07189372060401,44.57660442249962,219.12,0.0,-204.33917629752062,67.93486178727618,85.55905003120971,278.08,0.0,-499.51350636844063,66.66227824077893,88.52435637172844,314.05,0.0,-493.98308412770604,72.22006023599307,86.26127116145061,360.03,0.0,-523.4837486311317,25.75423219737602,34.83974374223078,157.41,0.0,-152.81091617242117,26.387092994471494,44.69826897599207,217.36,0.0,-166.66364947186224,25.22751382127238,42.80284203774419,207.46,0.0,-158.37416985348452,14.026066507137552,18.801022467184286,125.18,0.0,-69.33739165146152,326.2609167423055,273.4048944953207,723.91,0.0,-2956.5360855040803,330.2839995049096,279.2053229317076,759.99,0.0,-3001.4919089719892,113.01886792452831,17.637856548460345,0.15606116812494128,1
68.26911063140854,102.93016133145069,520.96,0.0,-513.7259622989059,35.49812196438208,56.96773040250351,220.55,0.0,-239.97229696939465,55.19030652995143,91.86016937519462,363.11,0.0,-409.95664089482597,51.82653858607663,63.82444799381599,292.93,0.0,-356.71041223631767,17.58241662169455,19.02747470962311,68.64,0.0,-89.93615766161362,77.8529422558014,83.1151122657622,281.82,0.0,-564.868990427778,72.74240043173234,73.04864045613314,273.35,0.0,-514.083773615239,39.509423637344845,39.41429585035897,129.8,0.0,-244.6411342859014,69.78827415002698,104.8179333444398,420.64,0.0,-527.3621618547677,53.493932002158665,84.46853359475251,337.7,0.0,-393.86467135210665,27.108677819751758,42.36759996086585,168.19,0.0,-171.69076318116728,66.10896708041012,78.72020282674012,282.7,0.0,-475.808948621164,59.67518402590394,57.42204749588497,219.34,0.0,-402.789425762387,51.50898111171074,52.024530628867645,181.61,0.0,-340.1494717240668,137.16094117647057,142.62523393878118,463.65,0.0,-1100.742578186405,30.113844576362656,30.587812803732085,118.25,0.0,-174.73138206966374,418.47126065839177,390.48966097971595,1255.1,0.0,-3977.5759091047,494.95880194279556,437.0748956147857,1281.28,0.0,-4802.512807012006,105.6046511627907,14.452230108563548,0.13685221199476602,1
106.9419518257679,108.75375989308021,355.52,0.0,-820.4475772113592,49.21886429543706,54.03739839117368,181.17,0.0,-327.5617373327842,54.488278984435105,58.601724407582225,173.69,0.0,-370.07423247601776,34.20326211753566,39.35139665968675,192.39,0.0,-209.9364705290852,10.755685032846065,13.033315939651535,45.32,0.0,-49.67609045636483,74.12149849085637,73.51609539804407,265.21,0.0,-522.3725447216086,104.12739184470617,102.11201933015754,364.54,0.0,-783.6932658470795,29.68942770906078,29.631867742960736,108.57,0.0,-170.72656096890503,137.6147978931171,138.14447653046815,459.36,0.0,-1102.9340073283324,46.85155648931763,50.03619898006,207.46,0.0,-305.70559621152347,41.31944250458661,45.08038597209754,137.94,0.0,-264.1920876625617,35.984400189382725,42.185608494059686,270.6,0.0,-223.29999345930335,11.680780020121915,13.21680382016207,51.04,0.0,-53.801896224931035,70.33275788601526,71.34767655349212,273.13,0.0,-492.97973120281705,59.019117594839315,61.02238507252754,224.07,0.0,-398.3883840508056,59.83917322601645,57.7502438655419,197.01,0.0,-403.17227744212,463.5463603006451,378.73321429639316,1002.1,0.0,-4407.294511343941,462.6420258033971,384.0867681240097,991.87,0.0,-4402.693758518551,127.46564885496183,8.09325202843586,0.06349359298868712,1
32.25958082350029,49.940472309792725,298.87,0.0,-207.8576423651622,62.83749319250763,84.81369484235168,286.11,0.0,-460.61174898219645,59.72901064444261,78.7649575747202,270.27,0.0,-431.7366693380872,53.39516544269329,66.91024493235402,303.93,0.0,-368.4628301921433,75.644809802789,82.92065381598911,294.14,0.0,-548.4236110375226,32.04483620760789,53.613268555916015,217.03,0.0,-210.45179767473593,63.59600214539153,99.95984529413461,421.19,0.0,-474.41333069242495,18.82437742387986,24.546262378523437,217.8,0.0,-100.41665225421298,26.83591550457958,48.02160584955608,292.71,0.0,-172.14452699613994,68.48614159584123,94.13857876107154,331.54,0.0,-512.8725052331755,56.24933822922683,80.44382654468868,300.96,0.0,-408.50398077273917,56.9588060070963,70.41128171411913,274.67,0.0,-398.68420725266304,56.85054872514234,67.55961832503465,235.18,0.0,-394.46236023118877,40.29302087630993,65.01329009652177,252.34,0.0,-276.4648053650113,67.44838022939187,104.55318735968888,407.55,0.0,-509.56557745601737,34.83327584784223,53.56490048624872,269.06,0.0,-225.6361440411067,398.33127568281213,343.14404725800097,982.85,0.0,-3740.0323989290246,407.95542701543036,345.24864824245265,1019.37,0.0,-3834.511575733709,125.42708333333333,7.126454225376663,0.0568175073196711,0
11.106587177159833,11.746571604988915,112.42,0.0,-48.54936800293886,30.415739747503917,43.243414743576515,204.71,0.0,-190.1473374917006,25.69316445251258,34.34424901582071,150.48,0.0,-153.0706768432824,71.68278570839178,74.40453751675571,270.6,0.0,-506.35383518749273,74.42476194405478,76.14063441347136,258.06,0.0,-529.4944958046509,31.86335753775064,38.13189796400088,161.7,0.0,-191.74419041517896,51.01041009984323,60.2518437730153,269.28,0.0,-340.0164900520384,23.270341612344254,20.8863678423469,119.9,0.0,-122.01871765567293,9.922001815331297,12.063405060961044,83.38,0.0,-44.598836454362115,41.945644030035474,57.4460109577738,220.44,0.0,-282.48591627434865,28.879851472893808,39.64333807270417,225.06,0.0,-178.2327167762843,72.31040019803613,75.00915868272934,277.09,0.0,-511.6212429955735,49.9660136974998,52.71095145831373,208.56,0.0,-326.8875785889442,52.344342767555084,60.17233392042794,237.6,0.0,-350.939592967178,57.195098605495495,67.42587959725418,257.18,0.0,-392.4222382770642,36.733355887449456,35.80335551240079,181.72,0.0,-219.12336964697334,319.467148279561,253.54012274716493,741.73,0.0,-2852.346078861013,349.2967084742966,280.85014442753834,790.57,0.0,-3175.9630696067893,122.6734693877551,51.0233590983349,0.41592823087978875,1
105.97269111455796,146.81339675172794,530.53,0.0,-856.8533708067183,49.253883226235324,70.2527372226905,233.86,0.0,-347.14191877118753,45.48042986926656,66.98709793584267,265.65,0.0,-318.76992228504986,101.07429093729226,112.85529408025205,496.21,0.0,-777.5842555195529,26.242385331265236,28.895053915244407,123.2,0.0,-150.26107176801608,69.9928561932196,77.65998797459616,303.49,0.0,-498.64824942617906,58.549139153556396,70.0434960887863,308.0,0.0,-408.06855224840984,35.052829603368046,38.7512389799738,145.09,0.0,-214.8007853368726,88.33040217150455,134.73655718530645,609.4,0.0,-701.9450712814848,38.16803789053845,58.351625875331,201.63,0.0,-258.99436769344794,39.90630844227786,65.89921466499452,265.76,0.0,-279.98148141375856,113.09334478174164,125.56826711137468,498.41,0.0,-887.4941202924688,23.50487702193663,23.677571526856962,90.31,0.0,-128.52934197686594,73.91824506979836,79.65617532151245,276.76,0.0,-531.1743886158337,72.18003545313539,85.74908453106582,392.92,0.0,-522.6607611236028,33.133959672058495,31.55010264761848,116.05,0.0,-195.71393497375098,491.61850542876135,434.20397348639455,1234.64,0.0,-4775.859070577116,482.2352105029913,422.82134062728795,1260.82,0.0,-4663.009029509727,102.5813953488372,4.728599567203287,0.046096073767794454,1
78.57154022461609,132.0517626117066,471.9,0.0,-625.0554165454807,28.81046986018794,49.41715968757837,193.49,0.0,-189.3931589387503,28.91492321796928,50.83456532586963,202.95,0.0,-193.00657113446894,44.56162273664909,57.70152787189516,255.53,0.0,-299.056928419619,8.590034380013751,13.050429229343349,50.82,0.0,-39.857804671732424,108.42268622507449,112.98178764404047,376.09,0.0,-837.4785069453307,124.06777217510886,121.83565846972957,404.25,0.0,-971.1066430515729,96.1660187944075,110.47835168029349,364.32,0.0,-735.1725609882965,72.87934907173963,122.47592604803116,416.13,0.0,-573.1880970051163,30.578941095576436,48.734025121704065,171.49,0.0,-199.65442981356122,43.01761402704561,71.55346153432019,253.0,0.0,-308.46098749619796,77.85914966765986,86.04824403802402,288.09,0.0,-568.3726013612426,16.192842081136835,24.872871407529747,87.01,0.0,-90.99226728405078,86.07294522117809,89.54673487236487,316.8,0.0,-635.4758825722873,109.12622736649094,109.07383938531758,353.43,0.0,-836.8875544459008,40.65555122622049,49.97112026687419,185.68,0.0,-262.94707415862064,518.1050676140271,455.37687650941075,1336.28,0.0,-5061.752506340786,476.3826197570479,438.22204157316094,1319.45,0.0,-4617.56641849324,95.4186046511628,21.493354904010346,0.22525329292528512,1
25.452033996204307,41.76113163400767,227.04,0.0,-160.30892160460854,29.841595841241027,43.51922300337438,167.97,0.0,-190.49476044615,50.926124267678844,68.17783531658866,234.74,0.0,-356.1684244477975,31.282215529334103,38.8540312148743,191.29,0.0,-191.45662413402323,11.881470418351347,13.860561942942113,61.27,0.0,-54.50959756868932,55.421810380394426,60.90895622418093,230.45,0.0,-376.2273860294739,79.62640316857828,92.69617980852549,342.21,0.0,-587.5730231481461,49.415686937866155,60.51863687817903,231.11,0.0,-332.34678513784246,23.647939598976812,37.59918896462054,282.7,0.0,-142.56503323358808,43.28741892895453,57.0274222839867,240.79,0.0,-291.72313368487846,56.50720604010232,73.2445431666287,250.58,0.0,-401.68154942124784,27.997709381962206,35.87564096370521,183.37,0.0,-167.98047188249146,24.27344830431554,29.162269021222567,122.32,0.0,-138.8543751295824,46.27854030860631,56.35134040932586,251.24,0.0,-306.5405846584632,71.57965673735458,88.65852301996796,392.48,0.0,-521.1912805232843,31.521784800726135,43.118448809064006,196.68,0.0,-195.03425776833018,333.8473405396485,288.2187867915756,729.41,0.0,-3048.474393850036,325.0937041009984,273.58813792509324,728.97,0.0,-2947.317143603678,122.3265306122449,8.889084696348597,0.07266685854539227,1
35.97555491377177,41.701834185763374,245.3,0.0,-223.87655909433298,51.802729598151664,59.15374151509213,188.54,0.0,-351.8134088352881,68.53563660368017,79.97642338158748,239.36,0.0,-494.70020961902094,111.21547322386336,112.44013663736237,396.22,0.0,-854.6984214663099,40.1903548147537,41.77408665181353,156.97,0.0,-250.2345187825537,40.30645432791485,53.256635218194155,221.21,0.0,-262.822284869889,47.46722831916826,67.39327252184009,318.78,0.0,-325.9463016738171,19.043678521330143,29.12406293716777,201.08,0.0,-104.96197126616727,31.620765739747508,41.95645862800517,191.95,0.0,-197.75151575143454,61.23233187556729,71.84595321053595,248.82,0.0,-431.74976620231837,70.64064031685783,83.09077339425428,253.11,0.0,-514.3907298843245,72.43775476524466,79.64080771897325,307.12,0.0,-521.2581064871988,43.9357826553346,45.56255302729974,171.05,0.0,-280.43278820924206,44.43580658470171,56.923632667605304,243.21,0.0,-294.5202144999479,58.35268091426685,73.92049149096361,349.36,0.0,-409.90414159939144,27.386351184091097,35.557674733670325,196.24,0.0,-161.0011634537709,414.5371103226339,347.6214381362559,897.49,0.0,-3886.318766578199,410.04211403581155,348.13025762261077,909.7,0.0,-3846.026396991405,93.484375,16.23123164948905,0.17362507530792232,1
93.01260373443982,104.25801174904363,386.65,0.0,-690.0073849675491,77.4826867219917,96.83328897692456,309.98,0.0,-578.0981243893002,35.56488589211619,44.83348265641609,156.97,0.0,-227.63895184338082,56.63930497925312,62.437931994064066,237.82,0.0,-385.13467501666497,53.12390041493776,60.331585143331814,185.02,0.0,-361.65618989662175,46.14667012448133,47.76554886649726,213.84,0.0,-293.2135233003353,86.3079460580913,92.81716114849205,372.24,0.0,-626.3335149377217,21.413402489626556,19.697748893010846,66.55,0.0,-112.3176317572719,80.02742738589212,99.91896837383797,364.1,0.0,-595.8457995498134,90.00808091286306,107.57730218105311,363.22,0.0,-681.6417783470796,47.38928423236514,58.836757603003285,197.23,0.0,-321.3788568628822,96.2263070539419,98.00044434680527,356.84,0.0,-716.9308631740142,69.92470954356847,79.41901016729545,284.68,0.0,-500.0615661375063,49.98219917012448,52.37105138303489,241.45,0.0,-322.93526085009745,97.42354771784231,103.8778065270247,429.33,0.0,-720.1656845806201,37.29738589211618,35.91900505702756,129.47,0.0,-225.01110022874957,469.6914004149378,394.57262160407413,1034.0,6.93,-4474.256802712218,568.2789419087137,457.50230903881936,1141.03,0.0,-5551.401521525514,115.9,6.894522785838368,0.05948682300119385,1
37.34977863862756,49.09106311926956,182.16,0.0,-242.87469255442247,47.48264748201439,67.41038244080777,218.79,0.0,-330.81961952988405,68.6285069175429,95.60219525555969,320.65,0.0,-509.51948940930833,44.682474820143874,51.4668689296041,292.27,0.0,-292.5156073778396,39.290745987825126,40.89757209617215,145.97,0.0,-243.09977124629984,49.25966795794134,50.67157418878615,173.36,0.0,-321.72774222952864,123.34753514111787,145.18209502679906,532.4,0.0,-982.5864399967771,54.62271278361926,72.14548353017639,268.62,0.0,-378.8292070306468,19.266776978417266,29.64872096589896,159.61,0.0,-111.23863163362964,61.34929496402878,94.08211822390794,330.22,0.0,-457.9166602600264,49.54490094078584,82.31570676599863,324.28,0.0,-362.49947885416697,61.54730713890425,71.25233719281101,354.75,0.0,-429.31827912791215,60.679871610403985,61.40631567165117,206.36,0.0,-413.25504520285943,38.981102379634756,43.55637128294967,172.26,0.0,-244.551677434662,111.08351521859433,143.37796829917022,552.86,0.0,-882.7535611096102,37.7350160486995,46.36682097412503,186.45,0.0,-236.411968928888,464.6640697288323,402.71578790518873,1020.8,0.0,-4454.763534909019,440.1877852794687,391.24305561088136,998.8,0.0,-4198.962366686405,109.5125,9.565555067532673,0.08734669619936238,1
19.070772340952225,33.04243849969331,188.32,0.0,-112.85647280395193,52.45376186153973,83.84461667842704,344.74,0.0,-384.6746594284348,54.7680641967159,84.09367396995252,309.21,0.0,-401.8979537972612,60.21629094809803,72.43301346022267,266.86,0.0,-423.5440272439693,62.39533294826306,78.76002565951364,278.52,0.0,-446.63976376603176,29.43016915587095,44.4402945970512,191.84,0.0,-184.86810954590499,60.51876144896443,97.54509272394702,425.81,0.0,-450.4538992572029,25.048703688423135,41.48828004089975,276.43,0.0,-151.0371917239578,26.43263058008087,45.85777167377943,239.03,0.0,-169.801598639295,61.65624804026736,99.04062255295919,387.2,0.0,-466.60423581757385,52.771081772423464,83.29059322301667,274.78,0.0,-388.05118817695814,51.829641884643955,63.47222289709717,267.41,0.0,-355.5276753947038,68.69296229061804,81.393303565913,273.9,0.0,-497.7024417587155,44.50729433121545,64.30938850577002,269.5,0.0,-304.7872265897465,68.41366449377011,98.72341564323533,397.76,0.0,-510.9889242693622,31.206915587094645,47.17921567551891,288.53,0.0,-195.20959483918676,363.90185658882746,330.84775920383345,927.08,0.0,-3392.8171935808195,405.51043898011386,358.3956981666823,922.79,0.0,-3834.2923249280584,116.71844660194175,5.42453519234357,0.04647538885471533,1
28.917773743708228,60.45818465232295,424.27,0.0,-196.8815632087752,70.9992680914267,107.13505302806522,367.29,0.0,-549.0069532385361,63.349752454823,92.4612322622096,311.74,0.0,-476.3813439204162,54.33557966828946,69.92805230396851,386.98,0.0,-378.0715796097093,25.153003548147538,37.20330038616166,192.17,0.0,-150.51481676922265,76.88718623648816,102.47992565390916,403.37,0.0,-577.6256768263529,51.209633633138054,83.34672373913172,384.01,0.0,-370.02860003244325,35.467516296724156,64.55601241385011,314.27,0.0,-240.57848474227657,37.143811370575136,60.96958312372204,354.2,0.0,-252.97275953999699,51.0307418103804,75.29108789523379,297.22,0.0,-368.4667512767479,53.77800973677696,78.4526075459649,273.9,0.0,-391.1828572327249,52.3940193085238,65.21990811920168,383.57,0.0,-362.0982079942613,37.49985229804439,49.93719230392225,247.5,0.0,-241.9795287078455,67.57557141678356,89.80734821347431,373.89,0.0,-495.49933400498065,90.26932750226916,132.51768606085108,526.02,0.0,-714.4336572019793,29.24076656489809,51.68264820345515,273.24,0.0,-189.32277846104742,406.3197136727453,361.73894282601975,957.77,0.0,-3841.3326284551663,418.9321000082515,376.8994803747798,1067.44,0.0,-3979.9300415996618,107.17857142857143,8.259425660716243,0.0770622854048833,0
52.39281211321066,85.12632968462214,387.64,0.0,-382.8213546672956,102.00354732238634,148.7670755391984,499.84,0.0,-832.843049459715,69.81989273042329,100.23144497849539,343.75,0.0,-531.9557046919971,58.13964270979454,80.44403805010143,469.92,0.0,-418.31131042671785,46.547236570674144,73.1889393189275,299.2,0.0,-331.18954579347337,49.00691063619111,73.25196907721164,268.84,0.0,-347.71143042365003,71.20893885634128,119.06195498399319,442.97,0.0,-559.158021442356,16.742709794537504,29.71913861083143,208.01,0.0,-95.11020750347554,66.60773661193168,102.68893543303132,504.13,0.0,-503.2686103485904,74.09296476606981,102.58737527929516,345.29,0.0,-564.7862106417517,98.03508787853784,130.88339684842325,433.18,0.0,-782.3058946048656,67.15372472976318,92.69981507042364,477.29,0.0,-493.91958101273286,34.923742883076166,54.73258679646309,254.98,0.0,-231.99404458646117,39.29221965508706,69.17993679525566,281.71,0.0,-277.8527217526177,52.53602359930687,92.90368655219127,409.75,0.0,-394.601335061425,15.875426190279724,26.698760755408756,215.82,0.0,-86.44488353418373,465.8616907335589,406.12354246825436,1032.46,0.0,-4482.101305835684,448.5169263140523,400.2853882730093,1114.63,0.0,-4300.317150918791,105.72566371681415,3.70660206870972,0.03505867864436246,0
81.75523310504167,109.5583996821436,401.83,0.0,-626.1372957343299,58.3237808400033,79.13299394542533,261.69,0.0,-419.9399189226397,34.48171878867893,44.950881089365296,160.16,0.0,-220.49709686633474,64.7620348213549,76.11089148749875,311.85,0.0,-460.8361475019741,3.187122699892731,4.207585933185771,26.95,0.0,-9.188133058993726,63.579655087053396,76.22336278177261,314.6,0.0,-449.00813857082863,66.28739417443684,82.49082038696908,382.36,0.0,-473.25122718640193,29.501175839590726,39.3089559282405,198.33,0.0,-179.47027694267345,79.62875402260913,108.99727076798614,492.25,0.0,-607.8239814496728,58.71019226008746,77.77484915271212,271.26,0.0,-420.36108725816666,28.053966498886048,37.03947225276877,134.2,0.0,-170.31135341302075,60.57932997772094,71.30390857401946,275.66,0.0,-425.83996937698095,13.838660780592457,17.20205249087664,81.51,0.0,-68.21754810952336,53.811166762934235,65.85702768443797,290.95,0.0,-367.39778836570133,69.35261737767142,87.53796179605135,408.65,0.0,-500.52813547813514,21.894738014687682,31.084990198754628,160.16,0.0,-124.67699695832046,401.8781153560525,343.1132415868747,912.12,0.0,-3766.0669028207412,385.8694256951894,331.65753091725026,875.16,0.0,-3596.3801299661254,100.83193277310924,3.806936013463661,0.03775526173865953,0
34.58993976400693,75.35560185846246,443.19,0.0,-245.11358841670977,74.69318590642793,114.45515338747137,431.53,0.0,-583.6605800668574,100.49036884231373,139.3517023293173,523.16,0.0,-810.7778555318521,56.91064526776137,77.79132163766724,409.86,0.0,-402.36136239912224,33.92118079049426,42.67257654987925,192.17,0.0,-211.319707377407,50.97650878785378,79.40831311797587,322.19,0.0,-364.2235467382654,71.63754765244657,118.15573643308049,505.78,0.0,-554.6892717978694,27.5833690898589,53.48807139457995,255.42,0.0,-181.86526182175078,19.856946942817064,50.23212782358548,349.25,0.0,-127.86610912674153,77.73680666721677,109.67964779051734,391.38,0.0,-601.9031301677038,83.10876227411501,117.73833428208896,412.17,0.0,-649.0717632511626,84.96918640151829,103.20936428178379,468.6,0.0,-642.6044934654808,38.98998514728938,44.447462705445886,189.97,0.0,-247.4769595652766,63.22849740077564,91.98961697470287,354.09,0.0,-465.2788680251406,95.37995709216932,138.9787248965013,603.24,0.0,-758.5416693134287,32.42729928211899,53.28369308134792,239.25,0.0,-210.91273083023634,450.8027461011635,390.3203454227849,1001.88,0.0,-4310.087902787703,495.69744120802045,443.9750118309445,1195.7,0.0,-4826.505801520717,113.45714285714286,10.87682426641384,0.09586724989284422,1
108.24808716707022,143.75026953286752,477.84,0.0,-870.366646291654,32.023062953995165,47.08322369176852,160.27,0.0,-207.56356536499453,37.15966101694915,49.75615394920807,163.68,0.0,-242.6932141123597,26.039878934624696,30.606144839270254,203.5,0.0,-149.91830586819464,13.782142857142858,15.539122847530136,57.2,0.0,-66.49216467201087,71.7522760290557,75.31525247968548,282.15,0.0,-509.43455507980076,94.79054479418886,110.33978918900756,393.69,0.0,-721.1824528006401,64.82820823244552,75.68029632602781,307.01,0.0,-459.28775637805484,99.31688861985472,132.26660313444998,373.01,0.0,-786.9663674766584,52.21895883777239,76.45126278381827,231.33,0.0,-375.1049874115078,29.759685230024214,41.85212445564211,127.49,0.0,-189.16516855146372,24.884200968523004,32.06762424320953,232.43,0.0,-145.12284738753016,30.08924939467312,31.91086472617414,140.14,0.0,-177.02562527772415,49.76122276029055,51.93778657365672,216.81,0.0,-326.9866359572584,103.34939467312348,123.46675033241988,445.06,0.0,-804.1960379566399,34.12877723970944,36.51679186640442,158.62,0.0,-207.02520203017355,448.62386198547216,383.5219661784452,969.32,0.0,-4278.960223220071,423.50837772397085,372.7164923010566,995.94,0.0,-4016.8562904214655,112.225,7.6239343517635305,0.06793436713534,0
64.10269741727865,82.97437815958412,287.21,0.0,-466.6180447859175,66.04095387408202,80.2292899885989,246.95,0.0,-476.46540728847475,75.26874577110324,87.59704791672135,253.33,0.0,-552.5407964973854,90.5133534119977,95.98547090839757,327.36,0.0,-673.3336298106767,31.43061886294249,39.83573428920495,152.13,0.0,-193.82593798528129,93.53440960475288,116.86670301515473,384.12,0.0,-720.3738162498497,50.716380889512344,66.03188351123823,260.04,0.0,-350.13740336198435,62.35152900404323,71.36411287984056,307.01,0.0,-436.56435180289037,57.32337899166598,84.54178341521931,293.26,0.0,-420.81345198660057,64.61352256786864,86.9007972244266,270.93,0.0,-473.7894087194564,69.9685502104134,87.84880826046434,263.67,0.0,-515.7884091473285,79.9190527271227,83.32257680033477,257.51,0.0,-581.1975815649223,49.66331628022114,58.49319727657086,195.8,0.0,-333.45842395691767,69.58878290287977,83.89250479827824,286.11,0.0,-503.86613415615244,89.39571746843801,115.9093123783667,395.01,0.0,-687.8024041701825,63.16893638088951,88.57176113217156,298.65,0.0,-460.20714947242504,533.9586888357125,438.19245258300236,1166.0,0.0,-5204.125583582197,543.6412575294991,454.1573370238644,1180.74,0.0,-5325.437129257733,102.44915254237289,4.803948689425099,0.04689105346613961,0
118.05862777456886,140.2364299846848,480.92,0.0,-945.2081676104862,68.6936158098853,87.26047425432262,289.3,0.0,-505.52575002088514,48.42943559699645,59.75656527875115,214.39,0.0,-328.9459209347255,43.70179552768381,52.80285805263812,249.15,0.0,-287.34910115801273,20.648422312071954,23.735273252876105,100.87,0.0,-111.98197775232876,94.3841752619853,97.65112013961307,341.11,0.0,-707.7457157711748,93.85113045630828,111.12293747414753,503.14,0.0,-712.9657643734898,32.88802128888522,35.469068807372054,176.44,0.0,-197.92520813455627,100.97254806502187,133.1702687138,476.52,0.0,-799.4437138343633,61.53002805512006,77.31762330629849,248.05,0.0,-440.66387772246765,51.85349533789917,66.18624708181903,247.17,0.0,-359.80540922404487,70.04084577935474,82.44132029914944,389.51,0.0,-506.69549219327854,16.35963858404159,20.322100937610806,87.78,0.0,-84.63954336324959,104.84996864427758,110.74044760938287,382.36,0.0,-806.0061533033543,114.50193085238055,134.08509186188584,480.59,0.0,-904.7335284389598,43.20580163379817,49.46637834311254,205.48,0.0,-278.8782682985582,520.6552240283852,458.4936828552102,1159.95,0.0,-5100.384256709273,563.3142569518938,491.34693038299207,1257.3,0.0,-5581.173303714462,124.88541666666667,13.609792577150305,0.1089782373347593,0
127.38714332865749,143.27799247843123,451.11,0.0,-1020.7267055872875,70.33205214951728,84.9326606971393,284.02,0.0,-512.5890197616262,61.89299447149104,77.27577884226555,274.78,0.0,-443.743980642386,72.41513573727205,77.30314385938479,333.63,0.0,-517.7918271446307,17.28956019473554,19.26330387654907,67.21,0.0,-90.03317010375855,88.95475534285006,94.1531094780148,325.6,0.0,-660.022081105969,89.4298184668702,94.18497135282144,373.67,0.0,-661.973461212005,27.950347388398384,28.567535682911643,106.48,0.0,-159.93712567896685,107.63082019968644,128.11485338643027,428.56,0.0,-843.520026856494,66.34160904365046,82.20069060348408,287.98,0.0,-479.4041919125322,44.43146794289957,59.894061715912606,213.51,0.0,-302.30996542349357,92.20826470830926,96.4288420833929,398.2,0.0,-686.5208998094915,40.53102896278571,40.878456477298684,191.73,0.0,-252.6850067403093,67.3761935803284,68.4672625958765,218.13,0.0,-470.87165079523135,104.61068982589322,116.46847473252758,457.93,0.0,-805.3123524741998,27.95474049013945,26.333201430492885,93.5,0.0,-158.2498033009033,555.6518070797921,486.3669077812251,1366.75,0.0,-5476.879629388171,551.0848147536925,466.1539214132791,1303.94,0.0,-5408.681182143343,106.84821428571429,9.31991897327264,0.08722578131582984,1
43.8836826470831,63.683237712423555,306.57,0.0,-300.7709609819591,58.38044640646918,77.47458207035538,286.11,0.0,-418.4934324813651,61.62103968974339,77.90868455841685,247.5,0.0,-442.92917400293544,77.40961135407213,81.8753038796441,299.75,0.0,-559.2700277434507,85.58221470418351,90.7417044814682,300.85,0.0,-630.5336453077907,37.11954039112138,45.35279544329102,182.71,0.0,-233.7625204548818,73.94343592705668,81.59408856435763,280.72,0.0,-532.8425867347073,22.809964518524634,24.180487622712377,142.78,0.0,-123.0617531383801,33.71456885881673,55.64603667869107,307.12,0.0,-225.01729750595223,58.925136562422644,80.88892808078865,292.16,0.0,-424.9813806895658,29.145379981846684,38.6355854264531,152.9,0.0,-179.5837609838884,107.40358610446407,111.54819277473085,355.96,0.0,-827.8310101747472,63.40043650466209,71.42479968701441,244.86,0.0,-444.3436779715983,58.59391121379652,66.43064348398673,230.34,0.0,-404.6501502953226,41.739912534037465,55.39947232136072,221.21,0.0,-274.50873813365956,26.407905767802628,26.278523640491183,121.11,0.0,-148.06787540414552,460.749935638254,370.3975798554151,925.1,0.0,-4380.838421093896,419.3308375278488,349.61309700145677,917.18,0.0,-3950.095799077658,115.01904761904763,5.065252219322496,0.044038377331196664,1
36.776606155623405,64.50774070490807,407.11,0.0,-254.2545429593984,43.533151250103145,63.93262134387896,277.09,0.0,-301.5277841619494,53.60385592870699,74.11301911920279,290.95,0.0,-380.9237007269595,64.69356960145225,74.00606936146148,274.67,0.0,-459.7887376703444,39.893575377506394,47.03679998205766,154.0,0.0,-257.31450612469945,56.01163874907171,72.39962542297746,290.73,0.0,-392.1536778267213,79.97802376433698,100.91920102105468,361.9,0.0,-600.470088259402,95.72021371400281,130.15655835178856,486.31,0.0,-749.4542644712968,50.25203729680666,79.1364681774062,422.29,0.0,-362.18802211567896,50.111485271061966,67.77257123805767,242.66,0.0,-351.15914106042504,67.08800066012047,88.37949711580609,308.55,0.0,-494.3950112388448,70.45001237725884,81.22508803720812,282.59,0.0,-508.77631460131795,37.49451522402839,44.796556117047245,169.62,0.0,-238.67447016891893,40.27650136149847,56.30769068450399,226.49,0.0,-268.1376297068682,62.08369502434195,85.90763658945716,319.99,0.0,-450.45535551667325,46.06944137305059,75.69099556844654,322.85,0.0,-326.36811111406485,470.21063454080365,409.7461362256866,1151.26,0.0,-4529.742508158106,423.8256885881674,374.6382622219805,983.62,0.0,-4027.504637559569,106.23008849557522,5.0308936723619,0.047358462593876605,0
36.27094482758621,50.03409607507494,182.16,0.0,-237.40001212076214,47.734234482758616,69.10958454379741,248.16,0.0,-334.2227848957263,67.94404137931036,98.71672327254007,330.11,0.0,-510.7748463237365,43.9716275862069,50.697768155044926,213.51,0.0,-287.3208319701538,38.13113333333333,40.42897103552622,164.78,0.0,-235.27082678440243,49.49730689655173,51.07981812810288,154.44,0.0,-323.5036940440112,121.99465287356321,146.24013348396616,515.79,0.0,-974.7808093812902,55.5003356321839,72.92017200109281,272.03,0.0,-385.788217793124,19.34851954022988,31.199209689245755,174.46,0.0,-113.17727380257081,61.719331034482764,97.19418148406355,340.56,0.0,-465.1507050283847,50.80293103448277,85.14779177991196,352.33,0.0,-374.5503745017591,60.23495057471265,70.1759514667377,325.05,0.0,-418.91358902957325,60.898806896551726,61.630361954336124,204.6,0.0,-414.7923526940848,38.177952873563214,42.24959446644889,140.91,0.0,-237.5168008056774,111.3270551724138,145.26856318112084,540.21,0.0,-887.4600132583171,37.10761494252874,45.567686059879435,186.45,0.0,-231.37034615675194,461.0442770114943,404.42283683315713,1018.93,0.0,-4424.257449903743,439.61716206896557,392.2443445016395,1013.32,0.0,-4194.917183862909,108.0506329113924,5.763039665116113,0.05333647300189468,1
36.55716426979947,62.728343124236645,340.78,0.0,-249.73112005053764,111.19737796232529,158.41920595679971,622.6,0.0,-914.0950082521058,103.64959995948956,141.89658872641593,615.67,0.0,-836.0976912940304,51.94125582337452,67.68786639586004,338.14,0.0,-359.3821777284412,15.742354668827224,22.23102293400184,108.46,0.0,-83.72624073011983,88.157313145635,115.63000466625725,474.76,0.0,-677.8854804065631,83.86811525217743,117.59469751419068,491.7,0.0,-647.1735514946714,38.8194834919992,65.84745266784753,341.11,0.0,-266.20542457864707,57.523828235770715,90.33584569465273,525.14,0.0,-422.7566170527439,107.66066740935793,143.9629030052379,591.47,0.0,-869.7254374113068,101.70085983390723,135.26986661386576,549.01,0.0,-812.4560578990476,66.89226554587806,86.3900924024556,461.89,0.0,-485.4936153079924,15.836479643508202,23.83413129881881,134.97,0.0,-85.8770490523482,64.35891229491594,90.5734526654546,393.91,0.0,-473.68748004491357,77.81710147863075,109.8274239482489,529.21,0.0,-594.1010575412655,27.71543244885558,48.948210761202034,297.33,0.0,-177.00991304071232,529.9326645736277,473.0437243671403,1379.62,0.0,-5212.294964039581,519.5055468908243,447.0170998526048,1246.41,0.0,-5071.126763912463,134.08333333333334,7.952550254827413,0.05931050531878741,0
9.801055367604587,11.541898991481109,90.97,0.0,-42.91579572733327,43.608777951976236,55.73358513312708,285.67,0.0,-291.76113426840953,50.33122204802376,69.11531266004783,282.92,0.0,-353.9521746948226,110.0370418351349,108.67692457189169,326.59,0.0,-844.5611450802776,51.06219242511758,50.28544747353292,152.02,0.0,-335.4009682163377,76.74777786946117,86.73298113905079,327.14,0.0,-555.5367595343417,70.06836620183182,77.57971796329795,311.3,0.0,-495.74329829527653,30.088825810710453,30.593007593607354,226.49,0.0,-171.0957557147275,29.764761944054793,36.91422595873488,201.19,0.0,-179.68373085373156,64.69828946282696,78.53376032607312,273.9,0.0,-465.86638950594977,106.62362901229474,127.14010023031472,347.38,0.0,-844.564602150382,87.69389883653767,95.83990600006258,389.62,0.0,-650.6736795377068,60.69396814918722,62.73464313953665,215.27,0.0,-415.2457536877518,51.125393184256126,75.56597940690541,315.48,0.0,-358.11266894036055,74.69085320571004,98.02735370460502,399.41,0.0,-550.5740879211355,27.167385922930933,32.55424365142963,228.25,0.0,-153.98349584844442,441.74525950986055,369.96016398057276,938.19,0.0,-4192.635557424415,502.4581797177985,393.82674240450416,1001.0,0.0,-4824.013627066419,113.12264150943396,5.206495997270883,0.04602523356773527,1
55.33005129998834,94.33177649811398,385.0,0.0,-411.59534770226463,31.733903462749215,56.31382163705417,212.96,0.0,-216.5899481888532,25.333511717383704,45.67522638077397,179.96,0.0,-165.60807394410222,85.24194590183046,94.95801138994734,289.08,0.0,-637.1381527938499,27.3923469744666,31.630517275116674,131.89,0.0,-161.05554420116476,63.26146554739419,65.1195934638318,196.46,0.0,-438.51132394602183,84.85933776378687,92.16251904622152,312.51,0.0,-627.9028598984337,38.210167890870935,39.608490917678544,140.58,0.0,-237.30560233331292,64.45516497609886,106.66938790982285,409.75,0.0,-490.7977219163011,38.08931794333683,60.6638876505948,238.92,0.0,-258.2767307067706,29.973441762854144,49.59177727366384,199.43,0.0,-196.6717457007392,70.67013291360615,77.57364514832523,228.69,0.0,-507.35839284628616,22.679763320508336,25.12755169517557,115.61,0.0,-125.25932996262654,75.26195639500992,78.00660088179907,220.55,0.0,-540.9012567869108,81.43306284248573,89.45343780630554,324.61,0.0,-597.4348152035924,38.449289961525004,41.63683830423409,191.73,0.0,-240.73670831295593,411.3627305584704,386.1569850968629,1178.54,0.0,-3913.5396646023,421.01213011542495,371.4266392908039,1085.26,0.0,-3989.902197159086,99.47058823529412,2.344396248850927,0.023568738161127003,1
108.09391514742292,148.63077657199662,518.76,0.0,-875.3488964797602,56.95578663065496,82.80406007167888,265.21,0.0,-416.09883488876534,42.18748818365969,61.549185709339895,247.5,0.0,-290.50194613319275,91.12658226423586,101.57425894367931,363.33,0.0,-688.4203060444237,26.22738690074274,28.489593136740087,118.91,0.0,-150.00827450571094,72.00032297996849,81.14393085834818,299.09,0.0,-517.9363689132562,62.17556268287193,77.56771042065657,312.51,0.0,-442.66201336185725,29.187050416385325,32.60434109651649,115.28,0.0,-171.85612882399786,95.8475579563358,144.85978109942013,578.16,0.0,-770.3041490628027,38.797455548053115,59.809370134660234,201.63,0.0,-264.79156721598105,37.60292932703128,62.686523083557454,249.92,0.0,-261.8412637275341,136.03709655638085,144.67830790987173,531.74,0.0,-1097.8123673300743,29.693897141571014,29.66822942927587,102.96,0.0,-172.3850308288354,67.13425275714609,72.8942074134178,222.97,0.0,-474.636892752449,62.05668692325007,73.9485805453398,297.0,0.0,-436.6037975474405,37.00569097456673,34.013406319643444,116.05,0.0,-222.98882370846906,487.95409520594194,435.5065112111423,1189.65,0.0,-4742.365650789204,504.1755671843348,439.3153332145623,1218.69,0.0,-4906.681629134131,101.33720930232558,4.3631929452091365,0.04305617823155316,1
52.01537596360419,82.4024609800743,398.86,0.0,-376.02838067874785,92.03339820548464,144.05317803593323,505.34,0.0,-745.6636937818269,101.72536711740176,159.76152621629845,510.84,0.0,-841.3385809583046,153.9966081132314,162.18280092866917,470.03,0.0,-1273.2236784291024,55.42067736635916,60.26081268811505,217.8,0.0,-377.9215700152252,83.91110830279287,100.96925430131718,368.94,0.0,-628.0612948404014,109.24759888790598,120.36764798622693,412.94,0.0,-850.9701218919756,39.2798976368002,50.17208872368324,277.86,0.0,-251.1846947040085,62.40865916845697,95.47410720625258,466.07,0.0,-463.42670966299045,132.99189055983825,190.49058803435636,610.28,0.0,-1129.481648721312,108.2564728927082,157.94705885779314,516.78,0.0,-889.7427012018779,102.21197775811955,113.27467571422812,395.45,0.0,-794.1585618762883,35.990893466447616,40.2277147077203,142.67,0.0,-224.05991269307376,94.34274485024643,107.7786102128284,399.63,0.0,-719.3803307575325,118.20933906230255,145.76244439250829,519.09,0.0,-948.9490878643118,47.95452293693921,68.72427738406454,332.64,0.0,-328.95766036427096,687.6300315935803,612.1294489962961,1816.54,0.0,-7004.475354861293,702.3665006950588,634.956690332123,1866.59,0.0,-7191.469426339613,109.61428571428571,3.440485252912764,0.03138719766765196,0
20.026258578702677,30.201952338820313,201.3,0.0,-115.92017640320013,46.02301859641354,77.09472857743282,326.26,0.0,-332.7874378416595,48.822953287580255,78.90935057234474,360.8,0.0,-352.94847952242253,67.86499557228248,86.40784573104324,375.98,0.0,-495.40805583374674,68.70100287801638,83.85961459043007,298.43,0.0,-499.05145519751005,41.289718839938004,52.52139976466281,240.02,0.0,-270.1549493643504,63.56663050697365,86.05736862621039,376.31,0.0,-459.9104693773034,29.65744410006642,33.54183748194625,191.18,0.0,-175.6984508428037,19.658634049147665,29.792728291269878,178.2,0.0,-113.63970893415149,60.654187513836625,93.86075925819085,363.11,0.0,-452.3186480212509,45.98717179543945,75.02838052805298,358.38,0.0,-327.8235341745997,63.96434248394954,84.35426121742364,361.68,0.0,-464.80113308211753,57.055395173787915,62.36495215999838,213.29,0.0,-390.8229295598985,35.249155412884654,45.709421506057126,207.13,0.0,-222.85395906757267,68.30030772636707,99.55098267598304,429.33,0.0,-507.2338611039379,26.258816692495017,29.347274958929194,174.57,0.0,-150.27689269166314,385.9520223599734,344.2512186607448,981.97,0.0,-3622.9327621374355,377.12801084790794,328.8388766234697,841.5,0.0,-3518.245226610734,119.64864864864865,6.983440707831311,0.058366231350747345,0
111.34356300024754,142.98160858236466,415.14,0.0,-898.2507746183951,75.35711609868801,101.2871348706901,329.45,0.0,-569.4952818492153,47.38315125010315,63.94843668223101,215.38,0.0,-329.31760279400083,106.35145639079133,117.90388408508683,439.67,0.0,-823.4955485353946,12.03764336991501,14.62980674595868,65.01,0.0,-56.65658858813198,51.024360920868055,64.95909067096912,230.78,0.0,-347.56317413622094,36.79333443353411,51.07930366132886,209.44,0.0,-240.30603679864504,32.714684379899325,48.020469672806996,241.34,0.0,-208.5929373131345,100.06646175427015,135.93018248556967,461.45,0.0,-798.2795860327559,65.89771515801634,93.88505790890629,366.63,0.0,-490.35439227429504,37.41812608301015,53.04429008369316,190.08,0.0,-249.8174142394004,103.10085155540887,114.16560290165845,442.53,0.0,-795.4283075669377,18.102038947107847,21.742938278676004,110.55,0.0,-95.27475335687697,51.36263883158677,61.05312138832497,211.09,0.0,-347.6725848074434,52.49644030035482,79.65924965574945,310.86,0.0,-377.54750815539467,43.61151002557967,53.224415270966205,216.81,0.0,-285.75253610183825,473.0053098440465,421.8173470772306,1141.91,0.0,-4574.531746236065,472.0557826553346,425.5107889964152,1201.09,0.0,-4571.082209893539,109.17272727272727,3.429442284128032,0.03141299452527967,0
76.04309348956184,92.70026923829101,294.8,0.0,-563.4605970611433,39.792307121049596,51.81653736158922,161.81,0.0,-262.13094357142154,22.265546662265866,29.394152082138504,109.23,0.0,-128.9866653583811,66.7096039277168,78.63044778191372,253.44,0.0,-479.64575286802443,15.25749649310999,18.25884703310783,52.36,0.0,-78.28572221965567,109.75914184338642,100.71706839697198,309.54,0.0,-827.8864353397048,110.60717385922929,95.84770071307513,312.84,0.0,-828.6206205190377,76.63255879197953,65.43911334569641,188.98,0.0,-531.5278220872264,95.6751571911874,117.34796976279178,365.86,0.0,-740.5258486510191,54.61926149022197,69.6392744961258,217.36,0.0,-383.09492320702805,20.865390708804355,25.562581633016165,99.66,0.0,-116.37945046242936,70.18282284016834,81.61702885177529,283.36,0.0,-506.5505194274752,6.157404076243915,6.8693476029983565,27.28,0.0,-22.64363625851331,121.03424622493606,115.46047103720726,374.55,0.0,-935.0258423689888,68.96943724729763,64.86236754573049,274.01,0.0,-472.3260966243476,76.93911378826635,71.5018499176918,261.8,0.0,-539.904072120879,517.0669221882995,447.34533099216713,1190.53,0.0,-5024.488955250185,514.442833567126,420.69235986073375,1104.18,0.0,-4970.501974930179,123.50515463917526,5.105331176269146,0.041336988655935485,1
45.55637428830761,71.49814587659777,318.89,0.0,-321.2621278099558,71.26933492862447,101.8534462132088,351.78,0.0,-542.8326200783042,96.31036884231371,130.87428983973695,387.42,0.0,-766.3515976180504,72.4810050334186,82.08129293492333,309.1,0.0,-522.5642114374499,68.52556151497647,87.68217172736874,354.86,0.0,-497.72456245040877,50.13803449129466,68.23547838154319,289.41,0.0,-344.0245871656061,70.16580410924993,109.32743416358065,461.78,0.0,-529.0496465419691,35.304118326594605,58.13143282124714,301.51,0.0,-230.34050696514046,41.72618862942486,70.2266855007404,348.81,0.0,-292.7847435687531,77.20648485848668,104.17938850611775,381.37,0.0,-585.7206575639079,88.75765574717386,123.16190364283962,405.68,0.0,-697.666126342345,58.41574552355805,69.29637434232352,290.4,0.0,-407.8245292715277,75.95000330060236,91.40954972542542,374.88,0.0,-555.8072627074322,47.9753123194983,74.14645448879928,319.33,0.0,-334.11711874077514,68.56218582391287,99.49678398953013,394.9,0.0,-507.0243450220192,49.81338971862365,66.29653791385972,294.91,0.0,-338.2294401374256,509.7506015347801,458.3086411743798,1237.72,0.0,-4984.503895259854,508.4069659212806,451.4144102093189,1268.08,0.0,-4965.9850904524565,111.44444444444444,14.05698279973689,0.12613444187201597,1
110.03684596577017,153.33147528629755,515.35,0.0,-890.4914778606116,65.9723549092781,100.05379420901677,337.59,0.0,-497.1962693708644,33.76776347960365,50.37516000196102,180.29,0.0,-222.71372166431362,31.246440612533778,38.70451655981988,220.88,0.0,-192.67487998475477,3.126513962167031,4.025572564194638,14.3,0.0,-9.414065013954405,97.16275511517179,97.5402361068251,346.72,0.0,-727.406257714829,81.54884184789603,89.57181632468772,298.21,0.0,-601.2853103657951,93.62114013640458,105.55758306508625,293.15,0.0,-709.7221415787643,103.31955604169347,154.2398425210551,591.69,0.0,-844.0872782610171,54.34765795907863,80.64104964285615,296.01,0.0,-391.32247389605124,68.4359104362373,98.239089800064,331.54,0.0,-515.5944576534887,31.333820615107452,41.512778729526175,218.79,0.0,-196.34401327998415,4.114206665808776,5.301627296039808,16.39,0.0,-14.055447568305619,78.8343572255823,85.82456559720582,344.96,0.0,-574.503840354844,61.36431604684082,75.88215458481928,269.61,0.0,-437.6479423510443,56.74713293012482,67.28277499808371,194.92,0.0,-393.76388360554046,516.4826560288251,442.324283772084,1193.17,0.0,-5031.237965727993,458.49695792047356,425.55996296142376,1211.32,0.0,-4426.441635500047,91.57831325301204,7.142475157237305,0.07799308486392532,0
32.45020876309927,55.301357737869075,296.89,0.0,-218.5750643697476,37.924431058668205,57.068080539021956,217.03,0.0,-258.285078629136,38.83456555821438,56.8464613696605,202.51,0.0,-263.85903053065675,30.462774981434112,40.6421140853665,211.86,0.0,-189.52473815979616,30.054098522980443,34.45162804619136,144.32,0.0,-177.99684784207173,48.48762604175262,60.24629249151862,271.15,0.0,-326.5404074509014,85.37811700635365,107.98822891214571,412.39,0.0,-645.5469759737283,41.4878991665979,64.58703060340055,278.96,0.0,-282.62897900182975,28.128186319003216,49.965918517321235,332.2,0.0,-183.97172676692594,44.41744450862282,67.58937405345168,262.24,0.0,-312.8234313282821,33.489195478174764,50.80408567755937,186.01,0.0,-222.6171685337362,59.292668537008005,67.1077775360932,252.78,0.0,-411.03990031558567,24.098740820199687,26.893838176389398,96.69,0.0,-134.91737822512232,64.90040844954204,82.54169767223664,317.02,0.0,-465.9651732869276,53.89809390213714,70.04295775437998,259.6,0.0,-374.34383154505366,38.61467447809225,64.00164871466565,293.92,0.0,-260.513983796906,345.07972109910054,284.3869128002933,774.18,0.0,-3144.4134469622873,346.8394124927799,295.5741657561301,808.83,0.0,-3175.829029046873,121.36734693877551,6.214511909022992,0.051204150587208105,1
30.228073844564936,47.54818593186488,180.18,0.0,-197.19250618770428,54.94420001721318,79.32076626018691,290.18,0.0,-398.8735948301955,53.721428694379895,79.67876462362018,277.09,0.0,-390.54351286236687,77.17200103279112,89.04290022726512,323.07,0.0,-566.7624757053453,71.84541268611757,81.56459918980092,278.52,0.0,-519.6710987359851,55.02831655047767,79.76360350307975,321.2,0.0,-394.253383668561,67.15781650744469,92.62235261107693,378.18,0.0,-493.72586615425564,26.36202685256907,41.00862074280772,304.37,0.0,-156.55952038315223,25.594355796540146,41.62777099734644,204.16,0.0,-161.83719883021482,60.98647473965057,91.33968266418503,376.86,0.0,-456.3286291607481,54.96024700920906,84.84595433389516,288.97,0.0,-405.98219927587587,86.7633118168517,100.42666398808805,378.4,0.0,-652.2372790532979,76.65160512952922,89.43247793489829,324.5,0.0,-563.6472850171133,67.34927274292107,94.83386490342157,383.02,0.0,-498.3144836217431,92.04704191410622,126.66784122127592,495.11,0.0,-720.7602703430778,31.576021172217917,41.986274935144934,306.24,0.0,-192.04605813345162,436.45927618555817,376.5991345919013,982.63,0.0,-4159.703321938762,495.92833032102584,435.05970733298244,1172.71,0.0,-4825.278862738714,114.68316831683168,10.559525466638183,0.09207563430289704,0
96.4608785942492,106.20309468256842,318.67,0.0,-733.9890488398372,64.93129392971247,69.63122888148818,218.24,0.0,-454.80814084551076,71.56193290734824,78.73831588519273,252.45,0.0,-514.7256572429076,30.237364217252395,31.84895409457686,140.69,0.0,-177.34762532598145,33.78202875399361,36.77563295323405,119.02,0.0,-205.1968938010881,53.31555910543131,55.47702531198797,209.44,0.0,-354.0598784868853,87.53448881789137,93.45055120364914,323.07,0.0,-645.844170513797,50.23797124600638,59.0105961260292,178.75,0.0,-337.56450583837585,100.76190095846644,111.7936442382717,359.15,0.0,-774.8592987137979,62.83522364217252,66.2258886670637,206.91,0.0,-437.41920993501554,78.46554313099041,85.05625933193905,241.23,0.0,-575.8505674877163,31.921134185303515,32.50902696693069,131.67,0.0,-188.61244657519111,27.81562300319489,32.46217328307563,114.84,0.0,-163.51160214772605,43.193338658146956,45.85031783491394,197.67,0.0,-274.7329035858353,106.82562300319489,103.91374155998452,364.54,0.0,-809.8960539124569,58.52552715654952,61.018105686158584,194.26,0.0,-397.6835754933649,488.06151757188496,400.52643181707583,1029.49,0.0,-4689.704806042522,510.3439137380192,445.2742603890709,1115.73,0.0,-4972.180190668527,104.71875,6.068537586395919,0.05795082147558024,1
12.604861787276178,22.092762339651216,184.47,0.0,-67.660998668483,37.58301262480403,59.661001158531604,262.35,0.0,-256.79465272118915,62.19683554748741,93.05928599370311,347.82,0.0,-462.6087899417618,48.770227741562834,68.72708943322968,375.21,0.0,-336.20005835976,82.47555656407295,86.45331620789304,301.4,0.0,-601.7844222799962,45.2674552355805,64.37148917975537,302.06,0.0,-307.7895071638384,56.33806254641472,74.67740814713605,289.19,0.0,-396.4574661736816,32.34745193497813,40.04252082959595,232.98,0.0,-197.58645960114893,10.827498143411173,19.405453835104982,159.72,0.0,-55.516750966662144,37.72781252578596,56.49569221256272,231.11,0.0,-253.94426126035893,58.06545919630333,91.23291459983086,381.37,0.0,-431.6267894422461,92.12668371977887,106.6927438970528,395.45,0.0,-700.8677810291235,64.37999834969882,67.63432674429923,219.34,0.0,-448.2148894364119,70.09897268751547,84.85953641526145,322.96,0.0,-506.1346854715163,91.18158593943394,99.95506255397477,367.51,0.0,-683.9644061671152,41.739631157686276,46.673889736711,273.24,0.0,-265.3104159636216,377.58346398217674,321.7717196422745,910.91,0.0,-3504.984970036757,466.1476417196138,414.0669593027437,1104.95,0.0,-4495.576102477199,103.12068965517241,24.26902210652779,0.23534580875750072,1
35.71776894599303,48.069576878464154,180.4,0.0,-231.54076883245526,47.44690222125436,67.43890383474569,242.99,0.0,-330.0361899176859,68.72895579268292,97.75212354426655,335.5,0.0,-514.8142974849842,44.07949368466899,49.82090479889957,192.39,0.0,-287.20268511879425,38.706705139372815,40.404026825300996,144.32,0.0,-238.9345535549947,50.46405705574912,51.19120706630467,157.52,0.0,-329.94340790543555,123.72869229094077,145.13318052929236,502.92,0.0,-987.4039789220199,54.92987260452961,72.03423090712789,253.22,0.0,-381.4977502039339,18.853753266550523,28.272655864539505,162.47,0.0,-107.0867647025265,60.45754028745644,92.72268698161467,358.05,0.0,-451.8634820583249,47.393255662020906,79.28150869609986,345.29,0.0,-345.0041105118221,61.0547550087108,69.09575837454672,309.76,0.0,-424.74870098423384,62.39506859756097,62.01818610810779,195.58,0.0,-425.88705853670893,39.885827526132395,42.45739399294713,135.63,0.0,-248.79007361655235,113.82974629790941,143.62682169945953,525.91,0.0,-904.4535148659529,37.18893510452962,43.50547774992562,166.76,0.0,-229.18660125966105,463.8024477351916,402.6357131260388,1014.09,0.0,-4448.883177998772,441.05888175087114,390.25781926809975,1015.41,0.0,-4205.112917983438,110.60493827160494,8.266665191675017,0.07474047109338948,1
51.80985477349616,79.57427863767722,313.28,0.0,-378.20623785666277,43.07601452265039,62.39011542337122,205.26,0.0,-298.2880908393724,43.30527271226999,62.50640151672193,220.0,0.0,-299.6609608492737,71.15612179222708,79.67720483708872,325.6,0.0,-509.381936585855,36.868443765987294,41.47171249489979,169.18,0.0,-228.7483117956657,76.13407789421571,98.04124574141974,354.75,0.0,-565.8234024810621,94.44075913854279,110.45640273448608,383.02,0.0,-720.2124083757998,80.46976978298538,100.80991882210806,374.11,0.0,-599.4097229613527,47.37048023764337,70.95818338446911,265.54,0.0,-336.88460406889044,45.51492119811865,63.94143674389853,227.59,0.0,-315.48139127853364,47.167526198531235,66.56666569364172,240.24,0.0,-330.73462760652603,76.60104464064692,92.97168456595716,419.43,0.0,-563.698142302829,41.029963693374036,45.79224493814743,186.23,0.0,-261.854871957713,62.03647825728195,82.08682282779344,319.33,0.0,-446.0809430434776,85.64550622988696,104.10442983095083,433.4,0.0,-643.961650711754,50.008583216437,72.74199789512853,293.81,0.0,-348.8363420435324,497.26031438237476,434.3046568713284,1117.05,0.0,-4831.237124020254,455.37450367192014,400.56972155611396,1052.26,0.0,-4371.829192442148,121.84693877551021,17.672965657147092,0.14504234439330163,0
8.429903529124434,11.40327390375212,79.97,0.0,-37.247304244950286,31.94348821589938,48.072222139301196,197.78,0.0,-207.57045198568412,23.447798265966544,38.2258905139042,189.31,0.0,-145.3885327264043,35.47707534497497,38.85963416516925,174.68,0.0,-217.80027829905288,58.20796617413604,59.75983806104244,182.71,0.0,-395.4531615854502,53.290862742703624,55.71536911716639,220.55,0.0,-355.0199294677409,101.89137196238856,103.5188372197441,334.4,0.0,-771.1429420868634,41.159638539504215,42.79661897173826,234.96,0.0,-256.92918800789624,7.6511991696177795,10.262242605907238,50.93,0.0,-32.7283608798606,35.011727927707895,50.77645932825093,202.07,0.0,-229.8346839907857,18.58091280986689,25.943316651213934,126.28,0.0,-103.10244552804026,87.55335083648798,88.01507149059653,288.97,0.0,-643.7374079789616,43.834254487727435,42.42663385263043,141.02,0.0,-276.38101604221913,78.57440102576628,74.88960641726521,224.73,0.0,-560.4292869682216,116.31375686897057,109.20990579480903,382.25,0.0,-892.3770869553498,31.522891683966296,29.175799125523298,142.89,0.0,-181.25651049162212,353.84810477469773,301.8449784962642,780.78,0.0,-3246.5767534497145,419.0424948101111,342.6058764851251,869.33,0.0,-3927.3821842670386,101.45,27.581424908804113,0.27187210358604347,1
46.56704183513492,77.60429625679336,368.39,0.0,-333.46852819048735,76.89371235250434,118.5715164293916,398.75,0.0,-601.6363977651748,57.69145556564073,93.40121188520983,336.38,0.0,-432.4010465164338,128.05572984569685,135.06836830785466,375.98,0.0,-1023.4789585448304,71.91243419424045,69.17746698165136,224.62,0.0,-505.74201128537374,85.66487581483621,79.92892773737995,211.86,0.0,-621.2508895502131,100.80789751629672,101.15209959877791,338.03,0.0,-761.0910610724021,43.80369915009489,38.4183718238308,159.83,0.0,-272.55975686367043,16.739768957834805,28.493841752550345,187.88,0.0,-96.37746059451611,40.22504579585775,69.51577367747922,259.82,0.0,-285.8218723199016,46.4792342602525,80.81781704989389,318.45,0.0,-338.1232553042241,97.1080798745771,111.8510425988124,390.5,0.0,-746.8184133791144,42.85720356465055,41.8487016962327,160.6,0.0,-268.2950063097419,91.4546117666474,89.08724913999937,251.24,0.0,-675.7078746930018,134.6301881343345,132.2491897615549,422.18,0.0,-1069.712658445053,66.53511428335669,63.41450874329254,246.84,0.0,-457.5646243711591,611.396846274445,529.6620138344409,1507.88,0.0,-6100.875488902692,536.0292466375113,462.53541783055624,1289.31,0.0,-5243.176519119852,101.08403361344538,25.871882090208018,0.2559442986727703,1
59.200429578969874,87.74343633578574,285.23,0.0,-438.35240580965836,69.33650993802095,99.53378878016797,310.86,0.0,-527.2931271735049,19.35988245351571,30.668050645908945,117.48,0.0,-114.56379895153836,38.24135071596494,45.26735774164799,178.09,0.0,-243.57512765088808,49.887151100662535,61.77394511515018,235.51,0.0,-337.7890450541889,84.07258388544561,86.24191951637033,283.69,0.0,-616.5947813740011,94.36810429578969,107.28887215178004,387.2,0.0,-717.0300433989208,29.063556315452022,35.9520884451166,208.34,0.0,-170.99845398759538,54.55000854883522,81.09868640100869,333.63,0.0,-397.3677480885745,33.48889933746527,51.5743066952806,180.73,0.0,-222.96007560637773,66.85244710408206,96.3737930717732,334.4,0.0,-505.35134811691427,28.801357127591363,40.48963257414098,202.4,0.0,-177.9699482873996,14.05131865783287,19.03978380036794,70.18,0.0,-72.56343550514109,80.7268583030562,88.82652889855157,291.5,0.0,-594.5720885687937,94.43945501175465,119.39897068583007,427.02,0.0,-732.3795066268513,75.32731352853173,90.94594906963093,283.47,0.0,-553.6474050658662,443.52956828382133,374.89061134350186,1027.73,0.0,-4220.021128321482,448.2376576191494,389.513079178213,1018.05,0.0,-4281.691133662445,107.35714285714286,9.797525024139487,0.09126104480236381,1
31.849806089611352,53.327459206537256,308.55,0.0,-208.91990051092938,61.77330060235993,86.02072794443266,294.36,0.0,-454.2698196012763,57.835611024011875,79.52766886102627,272.47,0.0,-418.3868509607482,54.898985889924916,69.76364266633063,299.75,0.0,-382.1722762238411,73.3793671094975,81.26507071530409,282.92,0.0,-530.0415902880655,35.856224110900236,56.912102881216626,230.78,0.0,-238.29188092106497,67.00789916659791,101.71139683066033,428.01,0.0,-502.06753069320877,19.271248452842645,25.723386117824564,210.76,0.0,-103.86718306403891,28.34326677118574,50.68297618598975,297.55,0.0,-184.40540450712902,67.04978793629839,94.01767222494833,395.45,0.0,-502.3314560852353,54.163195808235,78.35401137666123,312.84,0.0,-391.31461790408855,57.643966498886044,70.10470856207647,267.41,0.0,-403.2024595480763,57.874831256704354,68.13573533415749,227.92,0.0,-402.73688176619385,42.948587342189946,66.3619710534365,254.76,0.0,-295.164376744721,70.89259922435843,108.47872266093508,405.13,0.0,-539.1847379819947,32.920270649393515,49.68238284115743,254.98,0.0,-210.05979005101065,401.87244244574634,345.1525027616477,938.08,0.0,-3776.6685659836103,411.83650548725143,348.7884310101104,994.18,0.0,-3878.0035239590393,120.58,16.628998767213858,0.1379084323039796,0
97.75064279806216,140.01647893347982,524.81,0.0,-780.9390631832865,28.68982748434361,39.75615532295144,157.08,0.0,-176.3926138161809,40.0814108472173,55.953152002322234,196.57,0.0,-267.4948706476967,31.840106345267642,41.12547670263746,253.44,0.0,-196.44481457834613,8.33062507385088,10.010301477585205,37.18,0.0,-34.65425090988174,51.89382252156446,59.01367185149064,286.66,0.0,-346.73735421724564,74.09888810114617,83.3070042315746,296.12,0.0,-533.6084211162411,45.14364646106581,56.91848208589484,189.53,0.0,-299.65390443767615,83.0863287250384,110.50019908427478,413.6,0.0,-636.2052777493371,43.20513529481272,57.02522877230002,183.15,0.0,-289.9770574577848,45.12275906888811,61.72287868658449,187.0,0.0,-309.8472355027291,38.918956634763084,48.26191917597556,179.74,0.0,-250.29060989969395,9.534737090866122,10.19056359050363,38.61,0.0,-40.41803873790125,40.61396786009689,48.1473832635966,170.17,0.0,-258.79885161364865,65.1477632045374,76.79948776178358,275.44,0.0,-461.4929955541313,36.69015360983103,50.39287361301428,158.18,0.0,-237.8640575568681,377.82896963251807,315.8728527437682,850.3,0.0,-3500.7093478357815,362.3198014888337,314.5069482239798,799.7,0.0,-3352.0668703286524,104.30379746835443,3.9757315396586614,0.03811684364478571,0
28.64573529411765,60.13075787071373,376.31,0.0,-192.86185468722783,71.42717914438502,105.81691768891122,377.3,0.0,-546.1880125665306,63.92693850267379,97.05017986390617,342.1,0.0,-481.35153252950624,47.420828877005334,67.39774994346106,321.64,0.0,-328.0380708077886,35.96351604278075,52.68203991890521,224.73,0.0,-235.9599852661178,40.10414438502674,67.62688142580745,287.21,0.0,-278.21978739371417,43.878315508021394,75.65870251606106,340.67,0.0,-310.57727852361944,15.315788770053475,22.39763218705044,176.0,0.0,-79.4710566311951,29.001029411764705,58.496728821053246,310.64,0.0,-196.85690094342897,46.434545454545464,83.36474358938476,311.19,0.0,-344.6875107538338,56.02622994652406,89.8390461212674,308.22,0.0,-417.392486172941,52.86262032085562,77.31739699896406,387.75,0.0,-376.8462743150737,53.659197860962564,75.65358935289781,324.39,0.0,-380.39142589858307,26.525935828877003,44.3718588169674,188.1,0.0,-167.997998627906,49.41224598930481,87.87142374514205,406.34,0.0,-363.29583891862376,13.7902807486631,16.99148141559709,123.09,0.0,-68.22112591389966,346.6824465240642,299.15294656948817,856.24,0.0,-3179.417053324485,327.71208556149736,300.00264208227503,869.11,0.0,-2999.8268962822012,110.52112676056338,7.056829984818678,0.06385050706284263,0
40.75337074016008,72.43861985756622,322.85,0.0,-289.88847136453734,45.29520257446985,74.10188687181547,266.75,0.0,-324.2630842079156,58.29375526033501,100.58830022771726,370.48,0.0,-445.4550885138989,50.59658717715983,71.24379977136492,325.93,0.0,-354.5781781706544,56.986026899909234,67.64226509986332,259.16,0.0,-393.77125466250857,44.72638666556647,63.77126450167499,279.4,0.0,-304.29884238529036,67.20433616635034,97.72610919252136,397.54,0.0,-500.6219117633583,29.725323871606566,37.599623939363184,209.11,0.0,-178.02075920884312,54.61554913771764,95.83142392484332,462.66,0.0,-410.63034360776265,58.140268999092335,98.0830161760613,370.59,0.0,-441.0485781366547,61.165681986962625,99.56804992110192,350.13,0.0,-462.8318807817601,56.06658882746101,80.33627797097274,380.16,0.0,-403.25838379994855,28.437328162389633,38.9239871049974,165.11,0.0,-174.33880191482928,47.55385592870698,75.23181824962332,317.35,0.0,-337.55750941513196,49.19560524795776,80.14528899479807,362.89,0.0,-354.52445345879113,30.346348708639322,41.84822711647817,221.98,0.0,-188.1918729520569,393.5809893555574,352.94666704391824,975.7,0.0,-3698.4779124090232,385.5212269989273,353.65973313016195,1028.06,0.0,-3619.9458512035108,101.98290598290598,25.427955174881365,0.2493354639172913,0
87.54476029375361,127.74330453727649,486.64,0.0,-687.2371177865488,30.537539400940677,47.54772181668302,183.37,0.0,-197.9760247959948,47.94893555573891,70.70900898309415,283.14,0.0,-338.33395275758795,42.61393101741068,50.500056132043824,199.98,0.0,-278.82070753247154,4.781437412327749,6.229816750698149,28.6,0.0,-17.18686927441643,66.9350589982672,70.06947627885698,285.01,0.0,-467.75133121350535,65.86713590230217,84.58778895194891,308.88,0.0,-476.1308891548125,84.02828203647165,104.16438510983497,334.95,0.0,-633.0764072144106,79.17724482218004,121.50961306670955,443.96,0.0,-618.4775347853852,40.715230629589904,64.58645255747605,272.8,0.0,-282.03529510633587,55.44521000082515,85.00753210607452,301.62,0.0,-407.92726787393315,39.234873339384436,50.63068191390441,221.43,0.0,-259.074057556694,8.276285997194488,10.801428044646444,40.04,0.0,-36.509684545217326,52.24360095717468,54.76739316940038,207.13,0.0,-345.75131936426214,59.47426520339963,70.91595761506521,273.35,0.0,-412.53273111164333,55.11459278818384,68.14314377372871,242.55,0.0,-377.4953173698674,430.2570806172126,374.1212048084286,1065.02,0.0,-4085.311635535852,389.6813037379321,361.3043254874511,1059.85,0.0,-3661.7936507709283,91.42748091603053,6.318554446662411,0.06911001356873807,0
119.0703398631107,125.13520605027418,491.04,0.0,-937.3359136302454,86.28040516088427,94.3795593549127,405.68,0.0,-643.8519471831268,30.337447879789163,31.50349745755221,99.66,0.0,-179.64235824744011,36.52472504130281,35.643909389028025,157.08,0.0,-222.3114987104246,25.434144441822045,26.92122445192524,108.02,0.0,-143.88528093110796,51.59889623161042,47.72288213433989,161.7,0.0,-334.8471797364143,105.60864526787822,102.39301210203955,362.34,0.0,-794.2208314343255,30.81250491700102,27.28810205584765,97.79,0.0,-175.49481405256194,142.74111792935253,138.4087063903235,484.88,0.0,-1148.1125887694814,44.41725749350956,43.947103674831155,129.03,0.0,-284.32083763617834,71.04465659664858,71.24241605642723,227.26,0.0,-504.0371082593936,25.815635276532134,24.18525643309518,70.4,0.0,-143.41356681846497,20.401715836676896,20.107173888073167,62.59,0.0,-107.54431356115688,43.834164896546305,41.86624403098618,150.81,0.0,-276.9486058017542,74.98452757454173,72.63943316598528,283.25,0.0,-528.6551000211259,37.2904932735426,32.6534011706189,113.52,0.0,-222.32906344313082,485.66710880339866,403.54400086734023,1031.91,0.0,-4669.945685551675,460.5295688773503,395.267600031306,983.29,0.0,-4409.047411164,96.1,6.28165828179397,0.06536585100722134,1
83.05618120306956,113.54722911696602,432.96,0.0,-641.008536080094,60.846819044475616,84.17681914860277,280.5,0.0,-443.40731313373107,34.66130043732981,46.95304153274947,170.06,0.0,-224.11474310250537,65.47861869791237,79.27238462684127,311.85,0.0,-470.30529279126335,2.369325026817394,4.016248314312084,28.27,0.0,-6.952159620160995,63.14196963445829,77.86882190502845,305.25,0.0,-447.6411845191343,60.542288142586024,78.96394719857155,402.71,0.0,-428.59260249332704,27.826859476854523,40.340326322697756,198.33,0.0,-170.76901670561645,81.10017988282861,113.17524180463852,447.92,0.0,-623.2541235808808,57.47722831916825,78.81314229135927,257.73,0.0,-413.19642933002336,27.3907987457711,37.61652195853304,132.22,0.0,-167.34447551019326,63.0285749649311,75.09094851971638,283.03,0.0,-448.11597180552695,14.954027560029704,18.39452270629606,85.47,0.0,-75.0898318564398,52.27344500371318,66.16836908701325,275.44,0.0,-357.35544298147965,69.05554748741645,88.11119314808181,404.03,0.0,-498.39408403842975,21.64935968314217,31.936060568785226,170.17,0.0,-124.60631394171628,397.92336166350367,345.46348842837585,933.79,0.0,-3732.7879468940446,386.92916164700057,332.33302818699224,902.77,0.0,-3607.3498854163527,99.00826446280992,10.163535426209302,0.10265340455520247,0
48.36687011807448,67.94003209297308,262.24,0.0,-337.6813378241251,37.053495004541325,52.33854968366341,172.81,0.0,-246.4247319752223,40.025073569482295,55.32972840996979,184.25,0.0,-269.33365596612333,45.47411989100817,52.01913038127547,212.52,0.0,-298.8022484681044,73.8015676657584,81.57365989919707,296.67,0.0,-531.6781445148563,46.597019073569484,58.6886382717721,235.95,0.0,-312.30639300627325,41.697133514986376,53.260262675530065,204.05,0.0,-273.2435061788659,17.718392370572207,20.45798044353059,159.06,0.0,-90.35961023930203,32.557622161671205,50.36495851021353,236.28,0.0,-214.0955162136397,36.05450317892824,53.75940223933863,189.97,0.0,-242.1412507820089,27.235120799273385,42.572796142581,159.72,0.0,-174.3552063469412,63.59238873751135,72.83923133733886,267.63,0.0,-448.6855891734931,66.40788919164396,75.87735482689367,287.76,0.0,-471.39840900431295,46.40527338782924,58.51216141879326,224.73,0.0,-311.6995958484937,75.86433242506813,94.70383155310844,364.54,0.0,-561.3227823203551,23.842624886466847,27.213611799427074,169.73,0.0,-131.8759133281684,350.7336712079927,298.6479311790868,783.64,0.0,-3215.3444941775783,371.95975476839243,310.68597208187464,860.31,0.0,-3434.744073849393,100.92307692307692,16.749105778479585,0.1659591273782276,1
48.9559633633138,74.8713730287494,264.0,0.0,-352.7998451194109,41.39114200841654,60.117322631686015,213.73,0.0,-284.6447713627773,43.70132354154633,63.64645576900288,234.85,0.0,-303.5470703184483,69.4317295156366,76.76201082735335,322.08,0.0,-493.33790490717706,39.398561762521666,43.12637113285784,167.2,0.0,-247.06152589430505,78.38687680501693,97.258938265359,344.08,0.0,-582.3762224415476,101.49040762439145,117.66958966231178,407.77,0.0,-783.9039159985927,83.41945622576121,101.2642835593522,379.06,0.0,-622.4156279181512,49.84292515884148,73.4103262438236,271.7,0.0,-357.1275888475501,44.36676045878373,61.94114702970627,214.5,0.0,-305.5460905896349,47.5125208350524,66.67897790511294,248.82,0.0,-333.19841761021024,77.49294413730506,93.45825842388398,456.17,0.0,-571.4005535221604,44.833282449046955,48.67647445019091,181.5,0.0,-289.57625823829653,61.735986467530324,81.60325482753255,296.34,0.0,-442.1288691507401,89.68843964023434,106.3610411414595,449.02,0.0,-677.6608666960051,48.44759798663256,70.04813241753277,286.55,0.0,-334.9559772083958,506.1754608466045,440.32404630928517,1134.32,0.0,-4928.920764526159,463.9204571334268,404.95826217200096,1087.57,0.0,-4461.67987741221,118.22772277227723,15.060854240639813,0.12738851673265397,0
57.74392771680832,69.72047565570166,220.11,0.0,-405.6778622385444,68.65741810380395,92.80621785734833,366.52,0.0,-509.7093388779556,53.50698077399126,74.09379341457559,305.91,0.0,-380.0096979398343,81.60901724564732,90.19147264925562,322.41,0.0,-603.0236838329193,81.11862364881591,89.04274076002197,338.58,0.0,-596.326947729734,55.24157521247628,68.12502387870576,318.56,0.0,-379.4135036632797,58.0778579090684,74.34164360299323,346.83,0.0,-404.80008851160017,29.172845944384846,30.409953230997566,218.13,0.0,-167.5244106386111,70.41898836537669,81.82614469495485,288.86,0.0,-505.8122461669357,52.800780592458125,73.57453503833648,318.01,0.0,-372.266857004339,59.126202656984894,86.08632672805453,327.58,0.0,-430.52701825104094,69.50420661770772,78.53726827410219,300.63,0.0,-498.8899764859077,65.66835712517533,75.66896375080681,267.85,0.0,-464.4671424685848,68.09833237065764,98.3617681161369,402.27,0.0,-502.5097522636768,64.17601864840333,94.28541625052326,391.38,0.0,-472.25967999043576,33.57043155375856,36.64692811270289,244.31,0.0,-200.12204862919646,485.12824655499634,429.96113005482204,1208.13,0.0,-4698.673417342156,483.3633179305224,398.95169401023185,1055.67,0.0,-4643.085094658306,124.1875,6.907593195172976,0.055622290449304286,1
103.67791814506147,142.0865536266296,461.12,0.0,-833.316884237889,58.20978711114779,89.08739609175181,333.63,0.0,-430.06116956390906,23.37186401518277,35.50928230680038,128.48,0.0,-143.11155869036483,40.47667794372473,47.69270363953367,257.29,0.0,-260.93999728710395,22.117887614489643,26.688098290977717,121.0,0.0,-124.28060786081134,45.90748659130291,52.15470029731449,223.96,0.0,-300.1057498871128,64.56646918062546,85.6622688761145,344.19,0.0,-466.7907395471717,12.610552850895289,18.274045029785583,99.99,0.0,-63.05490911366873,92.87483620760788,131.13427446799219,414.37,0.0,-736.8883939334842,57.88839178150012,88.6673778584403,337.7,0.0,-428.7783562624121,16.987897516296727,25.86051442782123,96.36,0.0,-96.13118407799152,68.58669279643536,80.19699636435345,353.54,0.0,-493.94635119368144,8.59004785873422,10.013078153154675,55.11,0.0,-35.89157352616239,57.626648238303495,68.26057135277291,281.71,0.0,-399.228386072966,40.45923260995132,58.94867258270185,271.59,0.0,-270.8591098595291,27.63295486426273,40.15669354144741,179.19,0.0,-170.296969669401,370.9386434524301,339.3863647201011,1041.04,0.0,-3461.7619377157775,370.6467018730919,341.9793086757534,1032.9,0.0,-3465.0910282391696,98.25409836065573,3.9908942985000975,0.04061809497096954,0
29.342125587919792,56.15930041960558,302.17,0.0,-199.29605895308634,49.74900899414143,81.9063951317519,349.36,0.0,-366.809141871627,32.5112765079627,56.03180423513723,259.93,0.0,-222.59129483513533,118.38204719861375,136.83132219374085,422.07,0.0,-945.831792556406,59.51894050664246,67.1743178415164,246.73,0.0,-412.7241659760143,58.313723904612594,81.16712832590136,267.85,0.0,-419.1833390984484,60.52383529994225,81.93447486384107,324.39,0.0,-433.7115088414941,20.628862117336414,26.064125473913577,172.04,0.0,-112.28581663108942,23.86659625381632,40.63418787893838,222.31,0.0,-148.55996851622072,69.97955111807904,102.24487232814644,352.77,0.0,-533.2745388302048,34.90126908160739,54.339037146632116,182.82,0.0,-234.3440087141385,103.10654261902796,116.5686642523595,418.88,0.0,-797.0471689699242,59.939697994884064,64.07217809458224,229.46,0.0,-411.9609045929119,51.243271722089275,73.32260100261232,270.16,0.0,-360.1356584109596,56.14807904942653,79.56016569272116,324.39,0.0,-400.58910519791,23.137758890997606,30.35962594781679,206.14,0.0,-129.9649878337744,428.96982011717137,361.76797182364896,975.59,0.0,-4055.2003059657873,422.32276672992816,339.3585915860273,917.29,0.0,-3960.4731176992877,108.63636363636364,15.938362681237923,0.14671296191934488,1
74.26545754600215,100.51933733943844,353.54,0.0,-558.3711454862038,40.51853948345573,56.544139230977166,217.14,0.0,-270.6884160593274,34.368777951976234,49.12721097826843,182.27,0.0,-224.19484827719862,64.9140688175592,70.55509789696033,405.13,0.0,-452.952900819256,26.892680914266855,25.336161254894407,92.95,0.0,-149.4134242349294,79.86687102896279,80.3952631429994,221.65,0.0,-578.5710779044864,83.62018648403333,91.59606611637636,351.01,0.0,-615.0090585000727,39.964445911378824,43.92364041113966,138.27,0.0,-253.43223376595003,91.95555243832,118.54732613710993,456.72,0.0,-711.0392471591933,35.66173859229309,44.66569132350584,159.39,0.0,-226.5388082222774,41.616388315867646,56.76534103396994,204.16,0.0,-280.29831792479456,70.62352174271805,78.38626488060166,328.46,0.0,-503.9741300460783,14.263611684132353,14.595542645128,48.73,0.0,-67.7853795600354,102.09814423632312,104.91836573451764,298.87,0.0,-775.6144920726223,65.8838551035564,67.91471766615614,285.56,0.0,-456.39564229087074,53.45477184586187,55.75040110776974,194.26,0.0,-357.0046220040732,444.4110281376351,382.7247918076759,1075.36,0.0,-4232.1110426847545,475.5575839590725,400.8552590598076,1059.96,0.0,-4564.251138581706,114.65384615384616,5.675130006591565,0.049497947055142794,1
107.85303020096553,106.00520764416844,322.85,0.0,-823.8935520312106,53.41215673066128,56.787099963854814,195.91,0.0,-359.12415910760654,57.029664870326705,59.275833248114665,173.69,0.0,-387.9258849501693,30.18973896934995,33.891318787551434,152.46,0.0,-179.31779830235405,9.20074604243853,10.749170811922237,38.39,0.0,-39.9017345485874,76.90694397664757,73.5828868668245,262.46,0.0,-542.8202501999791,102.86485685415965,98.59380721894115,335.06,0.0,-769.4259207766933,29.482439092848317,27.998806169036715,92.95,0.0,-168.32766854780684,132.30898057707418,129.68076035212852,398.64,0.0,-1048.9825090017432,50.8449219714831,53.13656183030595,222.31,0.0,-336.9190325394484,48.12919894465027,51.39099710639805,199.54,0.0,-316.7857066667067,29.425759514988215,33.721911787033335,195.8,0.0,-173.51625046674235,9.181591444930953,10.54598567640659,78.98,0.0,-39.24058440787082,68.26091557202201,67.88264601582128,251.24,0.0,-473.7860140637396,61.84974458291232,62.991518997820144,233.53,0.0,-421.4064013419076,59.860012911193444,56.81779473556927,184.58,0.0,-402.2798876617128,466.93957673739754,378.8239745316995,993.41,0.0,-4439.843214423737,459.8611255192546,382.17874228405105,979.99,0.0,-4376.283495230049,125.87050359712231,11.099831181796215,0.08818452985080441,1
26.579431635841562,35.52280551232556,155.21,0.0,-160.53544512305274,56.72913943079132,71.01605642237224,253.55,0.0,-399.67357086842884,77.87629338738282,107.49458839084811,350.35,0.0,-599.1800275612766,69.99495735157504,82.33984392776952,342.43,0.0,-501.8641022967462,29.413708301663707,33.5860965103092,134.75,0.0,-174.2252827680575,45.55706528164852,61.72459773764735,222.75,0.0,-308.62754364531054,38.3166480871548,50.74034153949079,222.75,0.0,-246.3842872109128,24.256834726796722,32.573195542181615,167.42,0.0,-139.88641768021796,20.237705430284606,37.47270530395115,241.23,0.0,-124.07784640757436,75.02508149649523,101.78022867758689,393.91,0.0,-568.1600809593123,37.6267164935394,56.63913207030094,214.61,0.0,-254.25362026067248,78.82622667004476,94.04998288679968,407.44,0.0,-584.5681379880876,30.42886496072967,31.612407658360524,160.6,0.0,-178.2155389278243,61.94335866903133,79.09843994778025,286.33,0.0,-443.51101336669205,61.924955662528504,80.70015455619198,337.92,0.0,-443.03066075680914,23.026257917405626,32.85735126741767,178.64,0.0,-133.21191353967552,368.72407820285446,309.3363205485844,802.23,0.0,-3405.9386500397814,389.03916730005903,330.0315135412721,851.18,0.0,-3632.4552460498307,130.11111111111111,9.338622839755864,0.07177421482305958,1
36.69271061968809,71.9807802002188,322.19,0.0,-264.2319374926166,42.53637098770526,74.14927517232545,284.02,0.0,-304.263802021858,30.523842726297552,58.53723142683995,227.04,0.0,-211.9255120769055,110.7594075418764,115.52691591291777,492.03,0.0,-856.66206736439,112.430692301345,111.66542937731711,359.81,0.0,-866.2371944330671,48.87411915174519,52.28995772468243,205.59,0.0,-321.20443549060985,78.72856753857579,84.59082080460877,351.01,0.0,-572.553763334585,23.55839838270484,21.999783610718602,131.34,0.0,-126.84053364964753,49.76532882251011,90.71124408885366,358.82,0.0,-375.8049795878706,66.38770030530571,107.6212959304582,374.88,0.0,-510.7172113601432,29.627332288142586,54.253943869114146,213.51,0.0,-201.32320022746134,139.95033418598894,152.94112562015957,573.65,0.0,-1135.8834903640368,86.4084264378249,93.30578106688269,311.85,0.0,-638.9309134715414,52.01670269824243,57.09005049787838,203.94,0.0,-347.9023448313136,64.12770360590808,82.34434811002374,324.61,0.0,-459.0656529952931,26.911923426025247,24.887702202220733,126.17,0.0,-149.68103893521464,484.1041092499381,434.6205437987658,1245.31,0.0,-4703.989771871496,515.195451769948,428.5358302560713,1138.94,0.0,-5011.042335310114,109.66363636363636,11.62073168775003,0.10596704680862998,1
47.11911131281459,83.0774294656403,410.08,0.0,-348.9126390519099,25.48477349616305,43.20541195681073,196.9,0.0,-164.71674860953902,53.863938443765996,82.65873129393853,294.8,0.0,-393.87061636096144,62.754441785625886,71.81497391001456,313.28,0.0,-441.8426066741216,62.59755177819952,64.21723529352069,252.23,0.0,-431.51969136741945,87.13119151745192,101.98597890458296,352.11,0.0,-655.0495718295482,134.51170146051652,149.8119942838332,488.51,0.0,-1089.817775276086,109.97600132024094,130.0960493215126,501.6,0.0,-860.9794476779543,67.37752784883241,107.28201381362175,473.11,0.0,-518.9870718862744,30.400572654509446,49.1058228311998,177.1,0.0,-201.44553940349869,50.706187804274286,78.99399137129416,310.86,0.0,-369.4428848515915,77.91128723492038,87.54911237861647,367.84,0.0,-569.4757492957194,81.22844211568611,83.28217495708134,279.95,0.0,-591.138680989837,58.42735456720852,79.62584142863862,291.28,0.0,-418.3850226197687,110.24666721676707,140.43732126163223,520.19,0.0,-877.8654295687603,30.89768297714333,44.273053801458516,296.23,0.0,-189.99096851941965,583.4387111147785,510.6118012871291,1355.09,0.0,-5808.366424648613,507.1957224193415,437.34653531799455,1182.72,0.0,-4937.333714830171,99.575,15.73460226168216,0.1580175974057962,1
74.143075773746,112.83120838571101,407.0,0.0,-570.6560756174557,30.10671824973319,46.247220374156235,167.86,0.0,-193.7778703963877,67.94749306296691,104.35505005711948,385.0,0.0,-514.5518958742645,116.41507790821773,125.0471121763682,427.9,0.0,-912.2354444484863,19.031408751334045,18.444237774046933,67.21,0.0,-97.38112419592834,112.40951654215583,117.15710091607663,375.1,0.0,-871.5979153996614,57.701797225186766,54.69435700479585,177.21,0.0,-385.7854692787361,79.34985592315903,97.76012793432665,397.43,0.0,-587.6820131338042,73.79512593383137,106.82833660156238,420.97,0.0,-561.8394680444655,48.76202561366062,72.70890943291317,265.76,0.0,-345.80965797012834,50.160739594450376,77.10062361853214,271.04,0.0,-362.5133672889695,57.301512273212374,67.31581385284892,240.57,0.0,-400.57916034751094,43.06264034151548,42.677819710826284,166.1,0.0,-272.08943105046063,65.41043756670224,67.58206254506311,218.46,0.0,-455.96532524831775,103.56566915688367,106.92786635098949,361.46,0.0,-787.643251655832,34.86815688367129,40.56488375599772,179.85,0.0,-215.34273117998956,557.1049434364995,483.507457655932,1416.69,0.0,-5491.723795926019,476.92630736392744,422.83007491905647,1241.46,0.0,-4602.939741877405,107.38823529411765,8.26914053098067,0.07700229460269029,1
94.51098522980443,127.77716039513146,416.35,0.0,-746.5330830700931,71.63211981186566,94.6250084817485,300.85,0.0,-533.8767222696541,64.87063701625547,88.82569641967996,303.82,0.0,-478.0122967170678,37.256144071293015,51.80000028825509,350.24,0.0,-241.2827336796237,10.492206452677612,14.465315576654167,77.77,0.0,-48.93912754219294,84.81633550622989,101.15327240010866,442.75,0.0,-633.5005539903441,87.76668454492946,106.10020401816473,477.4,0.0,-661.6114775252003,26.249100585856915,30.943175619757156,116.27,0.0,-152.0997656532644,91.14423549797839,125.87817480941094,483.67,0.0,-717.5947972023652,71.85544186814094,95.56248494323587,316.8,0.0,-537.124613146507,56.59721924251176,74.8244622397988,303.71,0.0,-401.99856324271735,52.7606345408037,66.71600745769344,335.39,0.0,-362.57357101866563,11.18913029127816,15.171648381097526,73.37,0.0,-53.19947363892829,69.96217839755755,89.89677712600474,389.18,0.0,-510.44708613256853,80.9711279808565,108.36450459963154,488.18,0.0,-610.872460456079,19.938691311164288,24.781993848642088,163.46,0.0,-107.96199887691401,477.5942132189125,418.9887862617285,1175.46,0.0,-4614.253229500161,454.4186591302913,396.7209371272677,1103.08,0.0,-4352.717564069123,112.65094339622641,4.977387457537979,0.044184161334814995,0
100.54943064609292,114.4708504092688,371.36,0.0,-778.8920815251247,73.85429408367027,82.96733973392554,232.54,0.0,-538.3142916185614,72.78736034326265,81.79548462555204,251.02,0.0,-529.4699939613772,38.78299199603928,42.247200457815346,176.22,0.0,-242.347656516144,18.302587672250187,20.67218698556394,88.11,0.0,-95.39266130355759,56.50645267761366,57.80828006947784,203.17,0.0,-379.9285406849298,91.77754105124185,99.413264319426,345.29,0.0,-684.9219502995667,22.571647825728196,21.433630465378233,74.36,0.0,-120.21639791410368,80.22292103308854,96.1317292290514,400.51,0.0,-600.1547439976429,68.41103226338807,77.15160197462073,258.72,0.0,-491.4055240888628,77.4072241934153,88.53479771995099,284.79,0.0,-570.7353073613782,55.5080476937041,60.02204473384389,252.78,0.0,-374.7230560223284,21.592666886706823,22.73471052732951,78.1,0.0,-116.53873662248218,61.51516049178975,66.78968379050231,250.03,0.0,-424.9363783737778,66.94906427923095,69.83290014929734,257.84,0.0,-467.7948152558276,32.169767307533625,33.35146536157723,157.08,0.0,-190.37138187655412,475.132306295899,395.13457862330534,1031.69,0.0,-4558.760413300304,463.77588414885713,385.3997940981637,983.62,0.0,-4433.757269676877,118.63366336633663,3.954500562467903,0.03333371363789502,0
79.64450202161895,102.52776863069155,392.37,0.0,-605.5149950735264,43.93620925818962,62.08517862346663,241.34,0.0,-301.45948922757526,31.852937536100338,40.160776146510564,137.94,0.0,-197.74137254070155,24.663626536842973,29.27564097100239,168.19,0.0,-140.90893433009722,23.87340374618368,28.313104714316726,133.65,0.0,-134.72617183596685,40.094450862282365,48.81797197124373,251.02,0.0,-257.32535059663036,90.6446381714663,119.18239748726936,501.27,0.0,-698.6802535166149,26.72333773413648,40.08023998190465,180.73,0.0,-162.3483981360883,69.97909728525455,94.5044292484759,476.19,0.0,-524.380534211074,46.66081277333113,67.03370245590739,237.38,0.0,-326.5297869707874,28.949768957834806,39.276959190352564,188.98,0.0,-179.29490105820133,36.16420414225596,44.03483156020284,208.56,0.0,-228.28209702064757,35.225732321148605,44.85944522891507,199.87,0.0,-222.45048136943254,35.70469840745936,46.93645664859772,235.84,0.0,-226.5613846167478,74.21527271226999,109.78726175858787,479.49,0.0,-564.557276958466,23.388419836620184,37.229560709597145,184.47,0.0,-139.55235380112728,361.43310586682065,309.2531327143606,791.67,0.0,-3336.661669164778,350.28800643617456,304.82140698803914,787.71,0.0,-3223.8528328028524,127.35483870967742,7.504328731150324,0.05892456703790781,0
111.4353461506725,134.29409856059902,495.55,0.0,-889.5473072841968,84.35437907418104,104.27242353439851,332.97,0.0,-642.8990346721838,67.78634953378992,85.26156921501793,327.47,0.0,-495.5308195961498,44.369846521990254,61.451551137989995,297.66,0.0,-298.5289288952998,5.277512996121792,9.454657396446148,89.32,0.0,-22.50686071427766,78.6839376186154,98.26210947933117,379.17,0.0,-583.1553412403151,28.448673983001896,41.98128001567299,206.14,0.0,-176.77145126583844,20.863085238055945,31.66981180289166,119.35,0.0,-121.9869304822355,94.46847017080616,127.90914103545855,391.49,0.0,-747.1358138706103,62.60815331297962,82.87807892723977,332.64,0.0,-456.12193961518994,59.42939929037048,81.5036709013515,302.5,0.0,-431.566350682958,47.72102071127981,60.74622150339068,241.45,0.0,-323.21586366596466,6.489264790824325,11.533114475064787,66.99,0.0,-29.513904034202632,90.83857001402755,110.16656867472108,414.59,0.0,-693.1853691144773,55.46662183348461,74.24569159740594,311.19,0.0,-392.26119117806064,30.94460929119564,38.91162276658887,142.89,0.0,-190.2100691403677,441.2191311164288,373.33243896761275,1046.43,0.0,-4193.857521996033,447.96610941496823,387.8861766426498,1086.25,0.0,-4280.245643909412,107.29729729729729,17.09201098590347,0.15929582027164446,0
29.839367163472915,43.592431878915086,193.05,0.0,-189.47549081376454,29.432065294535132,46.63049054296698,167.75,0.0,-189.46787609355394,27.753205583155903,45.39277745165083,193.38,0.0,-177.4457876046205,61.89207120889519,71.31854525379575,287.1,0.0,-432.6160208759303,53.9309285545304,58.35470318731667,213.51,0.0,-363.23512633442346,53.4675987698131,84.70797557550685,298.76,0.0,-387.1487153471674,58.0144996451384,81.26406300602474,302.72,0.0,-412.3626005651896,23.893030518097948,35.5289682708634,224.07,0.0,-139.2717284224956,23.5331428909392,37.8449726385045,169.73,0.0,-145.43571702594835,34.07490063875089,54.11463571650805,199.76,0.0,-225.2030455491639,23.79407735982967,39.81422088183935,166.65,0.0,-149.499968372419,82.68709368346344,90.91224267314274,363.66,0.0,-605.3535443052538,61.23067896853561,65.8105379258824,232.87,0.0,-420.6176518420204,54.576381594511474,87.68043463923586,326.48,0.0,-395.51472456558446,39.5078388928318,56.58374297016686,215.49,0.0,-260.1008886550225,21.382196593328604,21.644906815386257,157.08,0.0,-110.546741233517,338.22276673763906,300.86632942093587,866.8,0.0,-3090.8085746952925,340.7863106221907,295.68489967380185,860.31,0.0,-3101.429715987249,99.11904761904762,10.375572000187063,0.1046778822983081,1
46.689994223945874,81.78498323170164,359.37,0.0,-343.3634200975882,46.69318920703029,81.54220425113976,321.2,0.0,-344.2378494629411,11.99774238798581,21.14473970242329,139.48,0.0,-65.39020930463217,44.77471078471821,55.57810270141953,238.15,0.0,-299.43913542676114,45.11283439227659,52.31739212206161,190.96,0.0,-296.8125457656493,41.91296806667217,54.07790807244452,184.91,0.0,-278.3238339584072,66.26306873504416,89.00105666756087,319.33,0.0,-484.63106665311085,32.23822345077977,44.00602261050689,213.07,0.0,-202.14346458648768,64.40653849327502,92.67086986027986,379.39,0.0,-481.56411177439685,48.434681904447565,68.8526451395574,234.85,0.0,-343.13080060649884,20.0109142668537,30.594582388820506,157.52,0.0,-118.13141619280925,35.834775971614825,41.28474611345587,160.27,0.0,-224.61686721197577,29.54419919135242,36.727072390005674,146.96,0.0,-178.21522900649967,39.7579156696097,55.46845022865723,213.4,0.0,-265.8552937220635,50.42479329977721,76.34676965231964,299.31,0.0,-358.4712928561959,37.03795940259097,56.809098742443624,238.59,0.0,-246.6434520572379,335.68273124845285,305.00495712787995,888.8,0.0,-3090.4537075277667,325.4517781995214,286.9192705148724,759.33,0.0,-2971.4944341246573,109.80733944954129,12.57963773651776,0.11456099200270999,0
56.43987540226091,79.46824237482166,297.88,0.0,-406.4911333192305,55.24862777456886,82.40636517483637,300.41,0.0,-404.54638785732647,67.5888959485106,101.94317408701221,343.64,0.0,-514.2083273474152,76.51771185741399,98.55067906844197,366.08,0.0,-570.7796483151342,76.3376854525951,88.1088959194341,316.8,0.0,-558.6145240647203,57.50801633798167,93.95798307816587,330.55,0.0,-426.1869557580922,50.50849822592623,68.92183900845168,279.84,0.0,-347.38713392040216,28.29010479412493,28.349140957875633,88.44,0.0,-162.17099102555886,58.19047198613747,90.92811836404184,381.92,0.0,-429.27590076640945,62.60543031603268,95.27535055214683,370.59,0.0,-469.556322250978,57.5445135737272,89.93382029149407,321.53,0.0,-426.63927172641496,89.09568858816733,108.36456622236425,402.93,0.0,-678.9491636410473,53.70953544021784,60.987233378592386,210.98,0.0,-364.6503603984175,60.540445581318586,97.8675591400112,347.05,0.0,-451.7559946966374,35.80252661110653,50.246660689124916,219.56,0.0,-230.17853703782677,29.72513326182028,28.828185329211117,116.27,0.0,-170.89292595029434,468.43941579338224,421.3856353808361,1286.12,0.0,-4518.220149233468,447.21374535852794,393.81336261858024,1197.46,0.0,-4272.296056711276,102.23931623931624,4.751337324383332,0.04647270247056093,0
35.41388233352587,75.64073185170795,421.74,0.0,-259.38944587815377,52.392076904034994,95.25363378859555,363.77,0.0,-399.02102440705664,37.357711857413975,71.80517774775184,283.25,0.0,-271.93487616870436,103.34672002640481,126.18633833947113,411.51,0.0,-812.6161454242168,54.73454410429903,63.818314537623024,218.79,0.0,-375.9713728629415,59.6821660202987,87.00089580544508,288.31,0.0,-436.75467092604583,68.1480724482218,97.57112148402399,399.63,0.0,-506.32422475522947,22.199377836455152,32.43839301975121,229.13,0.0,-126.48296053214146,27.526521990263223,57.171598544618575,332.2,0.0,-188.4038289339297,71.82503506890008,119.70092105055633,408.76,0.0,-567.4576690427862,36.46092004290783,65.57570109406515,240.13,0.0,-258.64900292011123,88.79275517781994,102.95775932339205,381.26,0.0,-670.6523074686298,57.90236075583794,64.61593159078029,236.28,0.0,-398.9774855160642,56.80351349121215,83.40267343229706,313.28,0.0,-410.4029709244946,67.83084330390297,98.45088948471634,384.12,0.0,-506.55717237523004,26.29248700387821,37.892325651978595,251.02,0.0,-155.4224115507595,433.27455153065426,370.9443438341808,968.44,0.0,-4114.537645298508,433.43443683472236,357.94620657762454,944.9,0.0,-4099.267464857845,101.47058823529412,16.231426892966322,0.15996188822053767,1
133.22565723244495,154.26009274900068,461.56,0.0,-1088.2705974393568,59.43342024919548,72.45224193831979,208.23,0.0,-422.5257580404583,38.99495915504579,47.706643405969615,154.55,0.0,-253.68204958908152,37.81223450779767,47.707274975196405,192.39,0.0,-244.7598442365812,7.490111395329648,10.632795733334921,41.91,0.0,-32.685491704621406,106.63551943229638,118.53172590215014,386.65,0.0,-825.7350857746161,59.359227659047775,74.27666424438065,251.9,0.0,-419.2359556931229,49.46669774733889,53.863968896314425,153.12,0.0,-328.6632678131918,138.95757488241605,159.3455627997771,533.39,0.0,-1139.9273792345405,47.24515884148857,57.78954144902539,187.55,0.0,-319.8644748940673,57.07554996286822,69.07930711281436,268.18,0.0,-400.71045006557864,30.790160904365045,36.5460639286613,132.33,0.0,-187.4227102550609,2.907870286327255,3.438162735334666,12.76,0.0,-7.9850319656111575,138.89629837445332,158.17373590179736,501.6,0.0,-1133.0567183602568,31.92158428913277,40.93794980416059,171.16,0.0,-197.51595778056299,65.79412327749814,80.70917060619924,358.16,0.0,-469.3433292549299,492.4178273784966,439.99015951876373,1140.15,0.0,-4787.07134919028,513.5883208185494,440.46793987136004,1222.87,0.0,-5003.720913668771,104.12173913043478,2.608173860859128,0.025049272924569876,0
21.167053387243172,36.38755009279449,302.72,0.0,-124.57048480624412,79.91225431141183,108.26256874685261,399.63,0.0,-615.2608178678969,31.70255549137718,52.64557840801433,220.11,0.0,-212.57706354050086,76.26374700882911,84.47685414336831,331.54,0.0,-554.3109933832135,30.997698655004537,33.782985280408035,125.4,0.0,-184.8616216820679,109.7263841901147,113.07040823303235,358.27,0.0,-846.5124006601069,79.50473058833238,83.85102845597342,262.35,0.0,-578.9524366063235,43.58302747751464,52.21655730502219,253.0,0.0,-282.39502587655636,15.633015925406387,32.949248973642035,347.38,0.0,-89.97308388119235,58.7828418186319,81.93060933837418,317.02,0.0,-429.60271951506417,37.68682234507798,56.962073532465055,243.1,0.0,-255.20300661254913,35.925206700222795,42.906419827563234,183.81,0.0,-226.59202026984468,27.435864345243004,30.55756008610295,102.96,0.0,-159.3297022133748,101.77106691971285,105.02292529028988,348.15,0.0,-775.4494452754731,116.13086393266771,119.26260380540766,367.62,0.0,-905.9563372730785,87.62256539318426,95.47220574320512,321.42,0.0,-650.8713441970237,472.85745110982754,402.6710602675078,988.24,0.0,-4542.471135389741,480.9882473801469,415.655343903677,1000.56,0.0,-4638.397999977668,112.01851851851852,5.527676964152974,0.04934609953120526,1
38.180561399217225,55.445155311311886,205.59,0.0,-256.20415186641145,25.599486301369858,40.883404725540615,154.33,0.0,-160.6313002731802,28.475025684931506,44.969354728264044,161.37,0.0,-182.16178281437539,61.01410469667319,71.84129699309783,311.19,0.0,-427.9388706398339,56.50454867906067,62.08964304378096,213.51,0.0,-384.2156236040801,50.90204256360078,81.67693771582157,291.72,0.0,-365.68521951235556,51.53491927592955,76.74679674287337,279.51,0.0,-363.9273835316293,20.460565068493153,27.766146696058456,184.14,0.0,-111.2084565171681,24.359699119373776,40.72194261458745,168.19,0.0,-153.28041866661866,34.17861179060665,56.70497034224297,198.11,0.0,-230.8686212409601,25.124788405088065,42.74544159219992,158.95,0.0,-160.70253951492862,81.26684564579256,92.86722373012002,379.5,0.0,-598.9597521417887,61.895194471624265,69.00124683181996,234.52,0.0,-430.63121994258273,53.43153131115459,82.67397705651987,320.87,0.0,-380.12145492170686,38.53954134050881,54.130767778601516,205.81,0.0,-250.12918042378917,20.303785469667318,20.122767862318724,131.56,0.0,-103.45015495344775,332.6712536692759,297.91095747088497,864.6,0.0,-3035.06086232933,339.0999975538161,295.7180882709928,864.49,0.0,-3087.7839255067,97.42682926829268,7.34021746172992,0.0753408226138257,1
35.22067662348378,69.16898244903595,370.81,0.0,-250.6002739440253,32.73134004455814,55.15641275795207,219.12,0.0,-220.4536276827019,28.64593695849493,48.0350379469152,192.72,0.0,-187.01896688749682,36.029370410099844,45.181493509476454,233.2,0.0,-228.67252974036356,24.107699480155127,27.335881617434957,121.0,0.0,-134.57929301339271,39.48454492944963,52.6202844783376,198.55,0.0,-260.012908993115,59.307917319910885,79.11274704307229,334.62,0.0,-423.8162981614472,48.35365459196303,70.20687529210997,277.75,0.0,-338.82381042929995,33.8490849079957,65.05815399180305,294.03,0.0,-238.86463084944035,31.191684957504748,56.71497373660523,217.25,0.0,-213.7634940632227,16.790416701047942,32.05601244497003,146.08,0.0,-101.62370960721968,41.242411915174515,51.07012721529674,206.8,0.0,-269.8421419613433,22.921870616387494,28.30085869566884,133.54,0.0,-129.86188414619733,45.07165360178232,58.34957860146928,233.64,0.0,-302.42802178796086,56.9067876887532,73.57337192901446,306.02,0.0,-399.8102852613777,43.61256291773249,58.52526536530493,229.02,0.0,-292.08085010277347,303.8811403581154,264.8943173639266,741.18,0.0,-2735.751920670092,291.5864733063784,260.46607588657724,720.5,0.0,-2614.236282127334,107.75675675675676,19.791351380877792,0.183666917755826,0
134.27573562175095,135.1720476781565,405.79,0.0,-1067.8345867081173,76.38308688835714,82.22082765480351,240.13,0.0,-553.5508718785164,61.5885089528839,67.58254894488427,210.65,0.0,-429.83336331673894,72.50250763264295,75.37665360034819,433.62,0.0,-514.206262800254,18.18964683554749,19.038516422608403,103.73,0.0,-94.10050961415595,84.80146794289958,85.40641145757931,312.4,0.0,-617.435102217334,87.96137882663585,84.39729135272758,289.85,0.0,-639.2963710829811,29.46874494595264,28.282263754696874,99.99,0.0,-168.55869532863278,106.22550870533873,112.69078536127934,402.6,0.0,-813.7817150951636,66.84014440135324,73.89419439742633,249.04,0.0,-472.3048693387686,42.836408944632396,50.69859606293331,173.69,0.0,-280.8200742512815,90.83430398547735,92.11890744877287,410.52,0.0,-669.6193339661206,39.51032263388068,38.7991635633062,136.51,0.0,-243.09269647294346,67.6589858899249,66.59033512103707,206.36,0.0,-470.0233010444582,105.83904282531563,107.98446565761088,374.44,0.0,-806.3607855485367,26.80634375773578,23.84675177883102,67.32,0.0,-147.92684495746687,565.1710776466705,475.22364768332585,1238.82,0.0,-5554.239224814631,546.5510611436588,450.4220340533992,1182.61,0.0,-5334.560881792925,113.78301886792453,11.246806437268308,0.09884433151069072,1
42.13328574964932,70.46643113523743,361.35,0.0,-298.2075047320241,59.1021585939434,95.5202401926084,353.76,0.0,-447.0652376502405,40.87850152652859,67.20622275818563,240.68,0.0,-288.7218403787148,106.23321478669858,118.23319426464501,407.11,0.0,-826.0548003785788,87.14783810545424,109.54520699851615,396.0,0.0,-664.0949772731628,36.50466952718871,65.08193359342047,299.09,0.0,-249.21539838326294,52.63568528756498,85.04634316442439,394.02,0.0,-377.80122183009286,22.490638666556645,33.978145195474156,250.69,0.0,-128.03144428292876,40.07361993563825,66.02315779409403,331.21,0.0,-280.63088229285387,41.50071540556152,66.37158248345436,242.99,0.0,-292.0731582878592,53.141300437329804,83.99259620184523,291.39,0.0,-392.9915003975801,99.81345903127321,109.65610759934538,385.99,0.0,-767.8434919460941,77.98492614902219,90.00174215278423,324.5,0.0,-575.0171239432341,52.39324779272217,84.03643835767393,355.63,0.0,-377.4543708080979,66.37019143493688,104.61071654332183,427.02,0.0,-500.8522142557872,38.89158511428335,63.98429394141668,365.53,0.0,-258.20559049750165,447.1259922435845,394.0068082700295,1078.33,0.0,-4285.56653647457,470.1690453007674,415.5499286326343,1132.12,0.0,-4543.497216576249,107.375,21.284268587050725,0.19822368882003003,0
128.7949729187563,152.98456281593977,471.02,0.0,-1050.6539647984596,90.57700100300902,110.33626284839927,362.67,0.0,-694.1802316030067,64.09045737211635,78.8392476469687,272.47,0.0,-460.7733896692787,47.41313340020059,57.48315618008923,232.43,0.0,-316.5963323141241,18.031107321965898,24.966896124343688,97.24,0.0,-99.33279556486661,84.30603009027082,100.92202378331827,367.62,0.0,-631.2588067298257,99.65371113340021,126.95116369296423,490.27,0.0,-778.7325478478272,30.025498495486456,38.13261168000247,156.53,0.0,-181.6676409190107,102.42683650952858,120.05082924732866,351.89,0.0,-801.0805547267604,70.31027883650953,81.09487069786222,269.5,0.0,-507.43041734351567,53.12073219658976,65.92772754876913,222.75,0.0,-370.070884636318,77.44816449348043,90.12910967480674,361.02,0.0,-567.732331234598,9.009849548645938,11.054757961084757,50.82,0.0,-38.97838537413355,100.46113540621866,111.25716982751631,370.59,0.0,-769.1283805531835,61.28875626880641,69.95473616470434,254.76,0.0,-426.13063977747277,28.439667001003013,35.82616526286018,159.06,0.0,-170.64301489052093,562.8919117352056,477.5293486503248,1273.36,0.0,-5550.631136863905,502.50542026078233,443.97408685131086,1135.2,0.0,-4892.70141090747,112.86046511627907,6.821925648312851,0.0604456630697409,1
113.19818714415382,132.3466646572583,407.99,0.0,-897.9671906096811,48.17095965013615,61.971967711536415,213.18,0.0,-331.3492160704157,52.106561597491535,69.58585350264951,235.95,0.0,-367.03460904395587,62.75154633220563,75.36465814833332,325.93,0.0,-446.06276300988156,13.941499298621997,17.904702424589203,69.52,0.0,-71.19720818197747,111.37780014852711,114.36006745393104,424.27,0.0,-855.6146003397315,100.62432213879032,106.33053894019976,428.45,0.0,-761.6129882119266,33.772269164122456,31.013943296817615,128.59,0.0,-198.12359906991873,107.80886789339054,135.1535594296092,418.88,0.0,-856.1824802377153,47.437284429408365,64.37176351816095,254.87,0.0,-327.6886582953228,38.93475369254888,53.41841208749702,191.4,0.0,-258.1945462386073,46.37802046373463,55.92309501674078,322.74,0.0,-309.7155371919692,8.367079792062052,9.478152561776426,36.41,0.0,-34.639885355785104,126.32879610528921,124.21972012295777,435.49,0.0,-990.1423308762361,117.02788266358611,125.65672019979544,422.18,0.0,-914.7083819707343,60.17416618532882,54.245238767566974,197.01,0.0,-401.85825607823176,535.943145474049,470.26634615473785,1238.93,0.0,-5256.456234774163,552.4568512253486,467.8296019659865,1238.16,0.0,-5423.537429464764,123.56701030927834,3.5577915555117947,0.028792406214303696,0
29.97529584352078,55.45452998066997,296.67,0.0,-201.05637955799617,72.46346821515893,112.24793947461427,391.16,0.0,-563.2794188518847,57.765599022004885,95.07473219731826,330.55,0.0,-435.56073315900136,45.683013447432764,62.217927444222916,257.62,0.0,-311.67510270717577,50.32837530562347,68.67508856475892,276.87,0.0,-350.17167456405156,35.35213080684596,64.02794769080403,287.21,0.0,-242.46768958420634,45.441201711491445,79.13739856631881,358.05,0.0,-324.55084881196524,17.554480440097798,30.365150130638558,209.66,0.0,-98.6913479744469,27.762171149144255,59.85485232625341,392.04,0.0,-189.17225836215871,59.371141809290954,104.08292319444705,383.35,0.0,-456.7106621055173,57.26068826405868,97.28156214578306,382.8,0.0,-433.36633417103917,43.49785941320293,57.33063448789518,224.51,0.0,-292.9622691255023,66.6417249388753,84.37338180569871,320.76,0.0,-483.91724307328434,30.841687041564793,53.85197749059711,245.3,0.0,-204.14384013115966,63.686665036674825,102.80781735628189,380.6,0.0,-480.75723967495486,24.58580684596577,38.844261803489665,214.28,0.0,-147.92389058978307,354.563564792176,315.4153551272205,839.3,0.0,-3279.2159585592176,373.64774449877746,323.590962184427,938.3,0.0,-3471.4171841959205,103.6025641025641,12.408991512143723,0.11977494591600178,0
60.031170012857274,82.69031807041956,295.13,0.0,-436.8144652292347,98.99994560379784,132.56729698106764,469.15,0.0,-788.6039016551304,34.46288794382356,49.911843551810286,229.68,0.0,-225.197215802006,82.01110869350214,91.21845795935491,371.8,0.0,-603.4915432175716,10.4537642171892,11.992166028791466,50.16,0.0,-45.96190993296805,63.4251448917021,76.87413621889303,284.79,0.0,-447.6829053600962,39.335003461576505,50.28074565004782,221.65,0.0,-252.33267417924577,15.591354959944615,14.49323982744988,48.29,0.0,-74.3983674642875,69.90248145584017,99.62042953688598,457.82,0.0,-525.7444910358755,84.71078132726733,107.61435061135874,340.56,0.0,-649.3796806015425,37.201007813272675,47.40115482213486,160.49,0.0,-241.73768096988468,56.98257837998221,65.03362744559337,294.36,0.0,-390.4925725548556,26.746688754821484,30.046402695466522,123.31,0.0,-153.781007038876,45.55414301256058,51.55516743244234,229.9,0.0,-296.32072880517785,91.01168924933242,104.38770383996707,398.09,0.0,-685.2291031504054,31.675060824844227,37.337498272464984,153.89,0.0,-190.15527972375642,404.31037978439326,361.418169455295,1112.32,0.0,-3814.6319177339337,443.7844308179211,363.3727915362265,973.61,0.0,-4209.462089870395,112.8735632183908,17.956399683742983,0.1590841927174786,1
33.97803696674643,67.67211184182197,418.66,0.0,-235.13271342284767,83.76105619275518,128.8193560388408,443.19,0.0,-666.29905593132,73.70267761366449,110.93895039508392,395.45,0.0,-570.2737498196412,84.5269353907088,101.00739457023033,416.79,0.0,-636.577088044645,29.645031768297716,35.84134342170175,131.45,0.0,-178.64330294158523,68.57990345738096,92.40987608324943,360.47,0.0,-504.88421324506584,70.11975823087714,102.82727716853401,431.75,0.0,-524.9696555504055,36.24672910306131,60.6569374759463,330.77,0.0,-239.35355352030354,46.989496658140105,75.97393149049061,425.15,0.0,-331.99057003994415,79.23665153890585,112.48048991079202,434.72,0.0,-613.3499943682503,95.50482465549963,132.32917396422138,433.18,0.0,-762.9125453079138,82.11796352834392,103.89600356489727,431.75,0.0,-619.6016983699627,43.007431306213384,50.809720908194244,198.66,0.0,-280.58512742740913,51.326450202161894,76.02112950048532,306.57,0.0,-361.59330245082054,64.72148939681492,95.86819983085206,414.92,0.0,-476.78392505629444,29.852151992738673,46.72262598833123,281.27,0.0,-185.27523962648047,480.560128723492,411.53412041225334,1145.98,0.0,-4634.629498244936,492.7564592788184,416.64045781939143,1111.55,0.0,-4759.689794838435,126.32631578947368,5.851571278433922,0.046321079197668744,1
125.368341790136,152.75018498256796,500.94,0.0,-1021.79567007743,90.94883499086666,111.12468821578751,382.91,0.0,-697.070719412809,63.32231378120561,80.08960632825635,277.09,0.0,-456.8135449334409,49.017201136594274,60.67445428432098,259.16,0.0,-329.6863516002868,18.84994114065354,25.607515869844573,108.02,0.0,-104.25237121841724,87.25705906230972,103.95560043830977,412.17,0.0,-656.2956668153175,106.08445098437183,129.85090064607758,501.49,0.0,-832.243931617646,30.285520600771264,37.790999373114836,156.53,0.0,-182.85438091367322,104.78851836817536,122.64534956813029,367.95,0.0,-821.9417150919732,76.7423361071646,89.67514887570654,300.41,0.0,-565.6966735582855,50.85080982342196,63.84375418234709,227.26,0.0,-351.7970193337659,83.27180840267911,99.55402427352503,445.06,0.0,-621.2999346102863,7.053685812867871,9.496417106781422,40.26,0.0,-29.329264970010446,99.36782017454841,114.39972933573861,397.43,0.0,-764.6983175912584,46.347016440024355,54.66734820160484,221.21,0.0,-307.6362572593171,26.402612137203167,32.991155510659446,154.0,0.0,-155.61276998517187,571.1336634869089,479.64569758107086,1317.58,0.0,-5637.606545651044,494.8246072660848,450.32051856457855,1135.86,0.0,-4828.031009050964,111.67441860465117,8.3351899860675,0.07463831099560651,1
121.57799240861456,180.74995651621475,689.81,0.0,-1016.2054993207827,51.16987787771268,79.16828388523224,280.06,0.0,-371.9099173167432,33.08864262727948,54.881552340083275,249.81,0.0,-223.2992791071676,98.97099100585856,109.71127395114266,405.35,0.0,-758.6620003435933,9.192883076161399,11.857164781345404,61.71,0.0,-41.08740049931957,102.33499958742469,108.69907478969135,338.8,0.0,-782.2252850475356,65.91096707649146,77.85616147274023,316.25,0.0,-468.0674471482155,32.77038782077729,38.6185502910774,140.25,0.0,-200.0436761151474,91.65659460351515,137.98287269903113,537.13,0.0,-728.7892040375641,55.43193085238057,82.80073156054125,289.63,0.0,-402.4155144364044,40.75221800478588,63.68858110211409,264.99,0.0,-282.27777281206636,110.98690486013697,125.19724556569068,566.83,0.0,-874.0675933015904,25.699962868223455,29.17219056383219,131.23,0.0,-147.57205845371016,78.07891492697418,85.29325638565642,261.03,0.0,-571.5231534932963,104.09874824655499,119.50646644974134,426.36,0.0,-806.5335542718936,27.649710372142913,31.045108384528092,113.85,0.0,-161.40406084063787,515.0167414803201,458.5782238584239,1445.62,0.0,-5031.472779749047,534.3549847347141,490.17238403617074,1457.72,0.0,-5274.979280920398,104.06896551724138,13.710507006603413,0.13174443445709044,0
73.26669240669241,108.3240855757825,398.86,0.0,-562.9710971880322,71.16069498069498,110.09360830321164,390.28,0.0,-549.7237879812327,51.9615057915058,74.13530796923946,284.46,0.0,-369.32340190656305,106.38586872586873,112.1299176432424,396.22,0.0,-817.4639801928938,31.164877734877738,32.71928244591055,154.11,0.0,-183.82622872981887,91.43377091377091,90.97991034168044,300.96,0.0,-676.7396867921154,84.49803088803088,93.1912111377298,345.18,0.0,-623.3772674941494,33.5043371943372,34.41950798740148,116.71,0.0,-200.742484359515,76.4206435006435,103.46149681594322,362.56,0.0,-578.9726644851464,74.24003861003862,97.14440023576812,309.32,0.0,-555.7040121860921,58.85537966537967,80.20278010979276,296.34,0.0,-425.3889404736564,78.21110682110682,84.95937732032023,301.51,0.0,-569.9084023252168,27.612123552123553,30.56590806605239,130.79,0.0,-160.01457702413563,85.3267824967825,86.051887212688,258.17,0.0,-624.7961685008803,58.09388674388674,58.37586861564181,217.25,0.0,-392.44123961424896,58.87553410553411,60.48876949067439,214.94,0.0,-399.5520630788055,543.3757786357786,480.96738652408857,1404.26,0.0,-5349.718205046943,517.6354954954955,448.38289377886184,1262.91,0.0,-5044.653452963957,98.0,6.656266397383835,0.06792108568759014,1
86.06062903225806,136.64051155711653,588.83,0.0,-683.9118954499589,38.41300115207374,63.79505231519616,246.4,0.0,-266.1746403898858,30.12034447004608,55.38549978543773,236.17,0.0,-204.6429409991288,53.57709677419355,60.955983829988995,245.85,0.0,-364.05560416167316,8.617574884792628,10.805581023256114,52.03,0.0,-37.648984099738044,91.70459216589863,96.87867648487153,344.19,0.0,-686.5377351988591,74.81823617511522,81.4106316437993,310.2,0.0,-537.3163518055233,33.5789193548387,36.407110944945245,149.71,0.0,-203.0779588175167,89.81100806451614,145.82558352600682,554.29,0.0,-726.0348919990571,45.67501612903226,75.2701601836882,287.98,0.0,-328.46111345526595,26.496604838709676,46.10662978138572,204.16,0.0,-173.35860737301743,54.86092857142857,74.03112833978811,320.76,0.0,-387.9671087176002,7.608831797235023,8.864544142362437,46.53,0.0,-30.771247737029476,73.16680414746544,83.53757147887632,333.19,0.0,-530.581479537581,69.55061751152076,93.84271021768909,381.26,0.0,-511.2871641887468,54.78508179723502,72.13656233540205,262.02,0.0,-384.33582331780224,416.8903940092166,385.5251536015804,1244.98,0.0,-3962.5237609798983,421.95489285714285,373.3241819099954,1130.36,0.0,-4002.2426954247,98.55813953488372,13.818259449478004,0.14020414259734643,1
30.392688780487806,55.56249097042673,274.78,0.0,-205.81287861916528,33.158764878048785,49.40501058361547,183.15,0.0,-213.73690106210677,27.422645853658537,40.410736558668326,152.24,0.0,-168.65964443518868,35.262394146341464,40.236752400404754,170.06,0.0,-215.6053727577941,27.172682926829268,26.024478327836853,111.98,0.0,-150.63510959017287,33.331695609756096,42.5277009050145,176.11,0.0,-205.27902626376007,55.69127219512195,62.257171937219766,263.56,0.0,-375.71034378433734,39.47388097560976,51.17104394061328,222.53,0.0,-253.1807750395272,37.368942439024394,51.541265772559974,230.78,0.0,-242.20006750220347,43.72616975609756,52.717172300850166,187.99,0.0,-288.7490950955868,17.51592780487805,24.135619301884915,104.39,0.0,-94.96386297517294,59.98022048780488,59.33075951243264,230.23,0.0,-405.6159890054832,20.255882926829266,21.109818474013604,97.24,0.0,-105.6473280729964,47.31210536585366,54.61884799060754,227.04,0.0,-308.9676034872273,41.4973443902439,45.212012876262726,226.27,0.0,-260.0010010426362,38.41665756097561,42.9985887878332,186.45,0.0,-237.0944488590888,281.9060253658536,226.2767753390122,709.72,0.0,-2468.362312110299,306.0732507317073,224.34809591283738,678.15,0.0,-2698.2587888620633,148.61290322580646,95.3467956798234,0.6415781780061918,0
109.64740144364241,149.59262498203753,534.49,0.0,-889.4205613909237,55.382697390338706,79.0617452056061,256.85,0.0,-400.4343709449185,43.61721710161022,63.493267924946736,224.84,0.0,-302.4887108420192,92.32466740699613,104.27572816672439,435.6,0.0,-699.9009546088201,23.91083620210994,26.9659336651743,116.71,0.0,-134.63910481581686,72.41681732370904,81.50811952821998,365.31,0.0,-520.545856234823,61.18656857301498,75.76176545948432,314.82,0.0,-432.9888695592821,30.96142698500833,34.85831751894133,131.34,0.0,-184.9713552489353,91.91752692948363,142.3813536766863,619.52,0.0,-738.6356177169196,37.173990005552476,57.5942734626944,189.09,0.0,-252.22620226855807,37.375715713492504,61.49206013607984,236.28,0.0,-258.40630611628643,136.0188051082732,143.30584279514713,536.91,0.0,-1095.3239622152953,30.02848528595225,29.600405932618973,123.53,0.0,-174.16168063400036,69.8975058300944,74.54577187626838,230.34,0.0,-496.3648769088046,61.791037201554694,72.38356491402376,290.18,0.0,-433.014493756279,36.331491393670184,33.458711624516035,123.64,0.0,-217.996445474134,489.4476324264297,436.0894584164296,1214.73,0.0,-4756.96488329161,500.5345574680732,433.84826775229493,1200.32,0.0,-4864.3710825047965,102.76744186046511,4.290807964801716,0.04175260069845526,1
64.08511593365789,79.63595809775909,308.44,0.0,-458.8443655373079,65.21857248947934,83.02011413255265,271.15,0.0,-472.9321900674056,36.87241026487333,46.83945911515412,161.92,0.0,-237.67798085034633,55.27121049591551,60.86590583424102,210.1,0.0,-376.86821453540176,23.62178067497318,24.213012909842753,87.01,0.0,-129.89651453438336,64.35877712682564,67.1251679571193,218.24,0.0,-447.18027255704794,56.64163132271639,60.530294699606564,222.75,0.0,-381.64366692826195,22.010347388398383,23.436867077264207,96.91,0.0,-118.23112421637528,49.57947520422477,65.8225653685537,236.28,0.0,-341.50042564129143,67.44783563000247,88.85413248503976,294.69,0.0,-496.2534124174539,21.48886624308936,28.224511852545476,98.67,0.0,-123.04449034585616,66.74271557059163,73.48126784301132,224.07,0.0,-473.5300107009791,26.0266226586352,25.7906913964824,96.69,0.0,-145.31148942756553,61.21786368512254,60.619720044073674,178.86,0.0,-417.91954754264384,109.85237725884974,112.56564551046714,379.28,0.0,-842.069308311342,28.641571086723328,27.8042790430525,101.53,0.0,-163.2556444361407,388.0798456968397,335.6757559247279,946.0,0.0,-3618.9665084801763,430.9973273372391,371.8924261084015,1043.79,0.0,-4082.4090824608475,102.72413793103448,23.86585578881887,0.2323295796830303,1
59.60574927039716,103.73637504474016,446.27,0.0,-455.1988488300925,46.362620225859665,78.46621318517874,287.32,0.0,-336.7784174179261,28.837321405912956,53.208847537380194,219.01,0.0,-193.53720911871966,44.26654866133739,51.86098027889887,244.75,0.0,-290.2254337920851,2.9080979571120418,3.3023982624017987,23.1,0.0,-7.612753825496888,105.41141860170029,112.04264803355358,377.3,0.0,-810.2615237233636,51.99178403755869,58.23070391016163,243.21,0.0,-346.89864268776006,30.476518208349194,37.38696712805261,158.84,0.0,-183.37184871378128,69.94951782768683,123.28836566216305,492.91,0.0,-555.818924436715,51.213660702956474,88.49226621740992,320.1,0.0,-383.15313789393315,16.117742672249715,28.049725672608776,112.42,0.0,-93.76509133622301,34.24810430148458,51.51049037243396,324.83,0.0,-224.34929440514114,4.662710315949752,5.910326407425464,28.38,0.0,-16.04333570546246,58.37584570485979,66.62619967920644,265.98,0.0,-402.94388008725844,86.95351351351351,110.60505287764704,456.72,0.0,-660.8260641340902,46.43557670346403,59.152125958034205,208.01,0.0,-311.32004292449864,369.8600583682274,334.8091721803496,1072.06,0.0,-3441.339676697141,367.95667174216476,321.1430063388667,959.97,0.0,-3410.8985191629768,96.28395061728395,17.092511224164184,0.17752191423994088,1
66.3166937330835,91.545163070671,296.89,0.0,-494.53235152087433,76.86254007911722,104.94060973960211,310.86,0.0,-589.3053172575004,19.81896314803248,30.045484468779396,113.08,0.0,-116.33722179504356,37.998759108890276,43.488063918194435,192.94,0.0,-239.81609342427308,46.34968977722257,59.57893160716052,246.84,0.0,-311.6400181732728,85.36982510930669,86.82165644892346,285.89,0.0,-626.8811755995556,86.7668915261295,101.29652563284873,371.36,0.0,-651.7205803233383,28.129013116801996,36.249277764950975,215.49,0.0,-165.14492714620704,55.367926296064965,82.86664660739824,342.76,0.0,-405.3347952502102,36.50243389548199,55.60776610423233,199.54,0.0,-246.7615142846904,62.74099521132626,91.12345095585596,324.83,0.0,-469.0828499230904,31.19234020403914,42.3107455670857,238.37,0.0,-194.50027827307466,14.996620861961276,19.880526623851797,85.25,0.0,-77.74572996579023,86.32517384967728,93.89006699336574,333.19,0.0,-643.4967956590125,86.43547158026234,113.31831791304651,402.71,0.0,-664.5874521885552,75.83912554653341,92.88296666217407,298.65,0.0,-559.9626316931219,447.61237559858426,376.84396166877866,1045.11,0.0,-4262.138254101653,449.4000874453467,395.46842214113394,1016.07,0.0,-4302.994417974492,107.11627906976744,5.88339920068987,0.054925350766318805,1
52.22199851472894,63.31490717946408,212.08,0.0,-356.52112854147305,116.36123855103557,134.96661581998322,447.48,0.0,-927.9467590283053,73.32717633468108,94.17046192620862,338.8,0.0,-546.3111512414288,127.10909811040514,135.78459708109682,526.35,0.0,-1006.5570988536737,55.60572159419094,57.27278599734551,248.82,0.0,-372.1893725310082,69.23866903209836,76.89907320342337,267.96,0.0,-490.71395847010643,78.74689330802872,90.90146897746119,425.37,0.0,-574.2009754668617,34.93773908738344,33.81415647556834,206.91,0.0,-207.538574882486,71.03735374205793,84.98586602876004,352.88,0.0,-517.4153944175757,119.40268091426684,131.4138410836866,406.56,0.0,-947.7885818311695,101.34306625959239,115.71158675483073,369.49,0.0,-786.5635862610316,94.63186814093571,105.27330577084527,512.71,0.0,-713.8232243987723,48.54841241026487,52.83530376752069,258.83,0.0,-318.22253508443936,58.11517204389801,74.28549816404063,290.4,0.0,-405.3406354573845,59.87103308853866,82.0405482595734,454.96,0.0,-424.04517592172834,30.187498143411176,32.00307042955712,209.44,0.0,-175.79544412964324,607.5485345325521,504.07180559920954,1369.39,0.0,-6033.340634338696,583.1370847429656,480.8873735940091,1317.58,0.0,-5755.830744805765,110.08256880733946,11.142223552541335,0.1012169653493629,1
37.92861539731001,44.22088266194825,198.88,0.0,-239.33249831627484,54.33227576532717,62.07407406118284,193.71,0.0,-372.79055984472967,66.36893885634129,78.51589926269034,236.94,0.0,-476.9427746299708,113.93753527518773,115.68826779765458,435.82,0.0,-879.4486359430317,39.676479907583136,41.63916198320587,229.24,0.0,-246.84236086381384,42.02160656819869,54.735197714863794,230.12,0.0,-275.97164199154605,48.6108325769453,68.6371352792577,318.78,0.0,-335.95535641056927,19.67801881343345,28.600577936748213,190.74,0.0,-107.68934220277576,30.208319993398796,42.1138548554898,184.03,0.0,-188.96616729711874,56.318856341282284,65.76498135721123,220.55,0.0,-389.28108008203833,72.53615479825068,86.50453988364634,286.66,0.0,-531.4394842743982,83.81508045218251,90.36334381272437,315.48,0.0,-619.1725491499816,38.95295238881096,39.63850463964462,141.57,0.0,-240.9709611883422,50.291747668949576,64.41123368355638,270.6,0.0,-342.57425978951665,58.33647908243255,68.58621140221736,307.56,0.0,-404.7155222366921,29.582711444838683,38.10957386937238,203.17,0.0,-176.44169980172583,422.55430316032675,356.7995473120265,907.5,0.0,-3975.7616680627493,420.04230217014606,355.02240119903547,933.13,0.0,-3953.108923275914,100.74789915966386,11.855019493155991,0.11767014093632189,1
92.78038142785822,106.1577938682593,448.91,0.0,-689.5727896251058,79.06999900149776,101.12520943224753,319.22,0.0,-593.9510341611315,32.65508437343984,42.55100105795185,147.07,0.0,-206.75132860237628,56.697767348976534,63.40946776503037,274.12,0.0,-387.32441134266446,52.28764053919121,59.659134872992446,204.05,0.0,-354.8448748403454,46.52815476784823,48.29857254541922,224.95,0.0,-295.9236818189338,90.96010384423366,98.84827806226767,376.97,0.0,-667.8623773462735,20.938848726909633,19.67404609803943,66.55,0.0,-109.65117270048513,78.4851263105342,101.11620748029824,369.05,0.0,-584.4991898812249,88.69748676984523,108.85400120150766,381.15,0.0,-670.9501914655486,45.63227259111333,58.955481847134806,200.09,0.0,-309.1912718380934,94.8275456814778,99.22244707887829,374.66,0.0,-708.9285516836142,68.09240539191214,78.75472747249216,275.66,0.0,-484.9941054077823,50.035644533200205,54.36480650294177,261.03,0.0,-326.5293552478592,99.8213040439341,108.52693254379703,443.85,0.0,-744.8830517601583,36.580881677483774,36.090164676154515,129.47,0.0,-220.8780403697585,471.9179800299551,396.3938437154648,1065.68,6.93,-4497.611845991334,562.1726669995008,458.2767923697963,1169.52,0.0,-5488.727930161068,111.43181818181819,4.0277318638338055,0.03614525841498826,1
45.193410754056636,53.084363869337786,190.52,0.0,-298.20014843036563,66.86866051543112,76.7783439155833,228.03,0.0,-479.17927908954,62.260787464206174,71.6732359602035,223.63,0.0,-439.933805139457,104.09324848870504,103.1356405559683,346.17,0.0,-790.66923100972,129.28975819280942,120.92179051184526,449.9,0.0,-1011.3065448582058,58.03777441934458,61.612201998113456,234.52,0.0,-392.9953665395042,111.52470569519568,109.24046667048154,431.53,0.0,-853.1412721890771,19.847440343620747,20.36432604025958,139.81,0.0,-101.81940282254358,90.91297009226854,94.39857970932184,288.86,0.0,-674.718296931936,47.86072701240853,57.31211987054958,217.36,0.0,-322.5046148348354,82.18620426344256,92.15301517508608,279.29,0.0,-611.958093980371,82.95896913776647,86.49973985468635,361.68,0.0,-606.4579946521463,46.47606745147948,45.63650989201159,160.6,0.0,-297.23399727815325,48.38090836780147,54.742122414856844,234.08,0.0,-318.6510742219044,76.09366369710467,77.04897613077462,271.59,0.0,-543.3050124753844,35.628695513840285,32.87526990970403,182.05,0.0,-210.79833488544566,597.1157858733694,500.14867081984255,1342.0,0.0,-5927.954961135583,510.49820553611204,415.83952772189105,1089.22,0.0,-4930.792242308142,106.75438596491227,3.48067699481856,0.03260453388737188,1
33.63653684297385,60.633825186182854,386.32,0.0,-229.39794184786783,40.281892895453424,60.00781739291271,232.87,0.0,-275.89192536098824,48.27978876144896,69.9980317607008,279.29,0.0,-339.503347238189,64.27947437907417,74.88187271400325,265.98,0.0,-457.24920948585816,38.08998019638584,45.580295361674295,155.87,0.0,-243.9885967100204,59.993785790906834,76.30393149119045,307.89,0.0,-424.88409156270336,79.68727122699893,97.48101193590716,361.9,0.0,-593.9454882760488,96.7560871359023,128.29701983635604,491.26,0.0,-755.5206053111884,47.30140688175592,78.2452961441554,403.7,0.0,-340.9508315299729,48.3524383199934,67.88318233044053,237.05,0.0,-339.1632929522287,62.58408201996864,87.352541146512,292.49,0.0,-460.5231145210501,69.80225678686361,83.1199760544366,299.09,0.0,-506.8379377143545,36.3735663008499,42.721094738548985,165.0,0.0,-228.73972792749817,42.68999339879528,59.62012105245776,233.97,0.0,-287.96354649699816,63.20419919135243,85.78725229114708,319.99,0.0,-458.20769555369463,51.39631322716395,83.085596166903,339.9,0.0,-370.87661564400446,461.0048172291443,407.01677369835585,1140.04,0.0,-4434.767727162456,421.70425612674313,373.09786675741174,968.44,0.0,-4005.4043442345323,106.05263157894737,9.271577114903335,0.08742430033903889,0
76.98093908629441,109.86457748829496,389.51,0.0,-588.2217829395023,50.139213197969546,74.43313615765624,248.82,0.0,-356.886508892837,26.715901015228425,39.8057050546631,129.03,0.0,-167.15027542901217,52.84557106598985,60.16818341098934,243.43,0.0,-359.3613153478013,3.9797208121827414,4.726044769215887,30.14,0.0,-12.729772512563752,113.91506345177665,110.18267318376259,352.11,0.0,-873.6807222475089,80.99201776649745,81.26453179607458,266.86,0.0,-586.0555420297408,130.0670812182741,127.93515490877195,383.9,0.0,-1025.8737252102205,104.31901015228425,144.87364740427492,509.52,0.0,-841.8234918214739,65.26802030456854,89.76709028854998,282.37,0.0,-481.762831944549,49.12184010152284,65.17523672003428,209.66,0.0,-341.68623146772603,49.67719543147208,62.01155973271958,260.37,0.0,-340.1741094777184,7.417043147208122,8.871213728024514,30.58,0.0,-30.486731261609943,74.63025380710658,79.53507272318792,309.1,0.0,-535.3681715439702,67.63802030456853,75.09456689093865,277.09,0.0,-480.1733752379125,84.02171319796953,91.21556040714668,288.97,0.0,-618.7692690716026,535.6355076142133,462.2008315795347,1204.72,0.0,-5251.033499577888,502.0930964467005,439.4960189629943,1195.37,0.0,-4882.686292207997,92.6086956521739,2.37265454776387,0.025620213426558222,1
59.904595351442175,81.54185811081435,266.86,0.0,-433.2742731512516,36.92987398487819,50.65821476715232,174.9,0.0,-242.34089054290737,29.18283674040885,39.34857183086172,123.86,0.0,-181.2966503258171,44.80157378885466,50.61732280118728,177.43,0.0,-292.8825251240273,18.418500420050407,19.836804471863115,62.48,0.0,-95.38193318237063,80.00028773452813,80.32474316067172,240.13,0.0,-578.09267523909,107.1374509941193,110.5592072909731,340.67,0.0,-821.5787741732668,90.05149537944554,92.33155157802842,274.45,0.0,-667.5721397007576,77.52812167460095,102.78080148588941,327.36,0.0,-587.0482918368815,57.053066367964156,73.49944464520867,261.47,0.0,-404.0531877684872,59.31130845701484,73.0927790637577,240.24,0.0,-420.99350513222004,46.38647017642118,53.82249069209225,208.01,0.0,-307.0230083965573,22.11646877625315,24.837880953285552,79.97,0.0,-121.47088909114852,59.62935662279473,59.902515281476795,209.55,0.0,-404.4683340312101,108.83160809297115,116.66432065149532,376.09,0.0,-839.6288089129987,41.59945253430412,44.93490061648659,169.62,0.0,-263.01547680654465,466.4266143937272,420.42026673339456,1039.61,0.0,-4502.932818595733,472.4558527023243,397.1874546047338,1022.23,0.0,-4530.436937627784,120.01709401709402,9.722634536199237,0.08101041452323819,1
102.23567373545673,145.9956728184521,580.69,0.0,-826.646382269165,79.03126495585444,110.21360138641808,358.27,0.0,-605.4835321743975,81.314497895866,114.57805587244377,394.9,0.0,-629.4016091705726,98.20923260995131,111.37477859340596,417.34,0.0,-751.7874997343264,13.159191352421816,18.69657965747467,75.79,0.0,-67.79943229973482,92.92003795692713,109.23048079147598,374.66,0.0,-708.7698712014669,102.00277580658471,114.69674403725999,425.81,0.0,-785.1945316198245,47.120372968066675,57.822159723913224,194.04,0.0,-316.87508257976765,111.49303737932172,152.38947294872676,575.85,0.0,-907.802482478122,101.1312534037462,139.0566124000259,449.13,0.0,-809.7561373702657,54.16989438072448,73.74141596846474,245.41,0.0,-385.08896132602155,107.09578760623815,124.74565510582964,425.26,0.0,-837.4013795896761,23.47329565145639,28.329114137144074,120.89,0.0,-132.8174274075453,78.16801138707814,92.5565018339686,343.2,0.0,-578.8769208538715,87.12902219655088,107.97571513275561,409.97,0.0,-662.9010778973108,39.74880270649393,51.67993848307673,169.18,0.0,-261.64492935239423,615.9930472811288,531.5815337756028,1427.69,0.0,-6170.211917903114,602.4091047116099,524.7268020321976,1348.27,0.0,-6022.3546673738865,112.34579439252336,4.106304256787891,0.036550582769844804,0
48.65097862859972,81.3716405651107,371.25,0.0,-354.47445790294876,61.79611024011883,102.26119716838095,391.49,0.0,-474.6794925245394,43.97534780097368,72.16189414131463,247.5,0.0,-315.4206617377054,97.74763016750558,113.96581592065287,427.46,0.0,-753.7462106197903,83.48258437164782,111.95743214107254,406.89,0.0,-638.4417407494182,34.05531562010067,63.110346756761736,310.2,0.0,-232.15166036344195,49.49646010396897,84.96638740684995,391.71,0.0,-357.10133743526444,22.129296971697336,34.92785437450154,253.0,0.0,-126.7815953104146,45.953804769370414,73.41803473284686,335.83,0.0,-328.41891064660183,43.350773991253405,68.96733533271113,259.27,0.0,-307.69793195354225,60.39531892070302,91.66913796788658,303.27,0.0,-453.1249276982118,90.84961630497565,102.2384473827608,385.99,0.0,-690.1332103735263,78.88025662183348,93.91842988190845,334.62,0.0,-585.2894259666093,45.2192672662761,76.47347808386165,345.62,0.0,-319.91197273810275,63.25373050581731,104.48787410187788,417.34,0.0,-478.6444351774189,36.4717212641307,62.14578624431657,353.32,0.0,-240.34095636027408,441.3337239046126,388.8060658412156,1077.34,0.0,-4220.494113623539,464.37448964436004,410.05874025839324,1058.97,0.0,-4477.233031995672,106.22123893805309,20.143175358152455,0.1896341594160816,0
36.541911048766394,40.42097642546171,159.5,0.0,-226.07615968793834,54.71053634788349,59.89913389908925,186.01,0.0,-371.85141813909536,64.65086393266772,74.14207335243592,225.17,0.0,-459.8464949650432,109.22505322221305,108.67486437665559,398.86,0.0,-833.155139520592,39.735632477927226,40.18488253886881,253.88,0.0,-245.21247765849742,44.02310916742306,54.325673798278665,224.18,0.0,-288.78475988880666,52.29927716808318,66.78505959966274,298.98,0.0,-358.4992765371412,18.400778942156947,25.10868331225844,160.6,0.0,-97.5429593870531,26.909391038864594,34.13735800305612,131.01,0.0,-160.0507981335372,57.45111477844707,63.50108693053839,206.14,0.0,-394.12548362158543,73.68351679181451,82.63670299588073,247.17,0.0,-535.6685637694823,87.29391781500124,87.73857287266532,309.87,0.0,-640.1226039213981,42.601949830844134,40.29459908155952,136.18,0.0,-265.1716321248781,50.329352256786855,60.048117936614936,240.79,0.0,-336.61868455409234,61.34338476772011,66.74422324312282,277.86,0.0,-423.18071291028735,31.32512996121792,35.78155699457997,198.55,0.0,-184.31747811398102,419.58716230712105,351.89393446773664,939.73,0.0,-3937.9552318281944,430.9377572406964,349.6542281231747,909.37,0.0,-4049.446053911169,109.83636363636364,23.40377874412874,0.21307860137842752,1
78.89772882440795,108.87364080944957,355.96,0.0,-605.3272422351596,75.45935459782376,106.97391110446935,351.78,0.0,-578.1162420812439,56.21483464902923,75.44539619491754,318.78,0.0,-400.12635126976676,110.4815404309793,115.41215494626344,580.91,0.0,-851.5091630566644,29.76224023895882,31.637425268071482,145.86,0.0,-173.70292885341624,89.99768401962875,88.91401538400375,277.64,0.0,-662.8595938782586,82.2677373586516,88.16910487900067,330.11,0.0,-599.4559984496608,35.14755813953489,37.18339191160823,137.5,0.0,-213.46691948969183,76.35559526349478,100.84457634868019,337.26,0.0,-575.3860077069052,73.76151269468743,94.09572040832981,345.07,0.0,-548.8001129565097,57.0284521015575,76.12097262711151,265.1,0.0,-408.7303513305332,76.16030829955196,83.16199976252841,360.47,0.0,-551.3936863070405,27.385552592276508,29.60116114268234,111.98,0.0,-157.39284625906157,85.61753893748667,85.36626474785321,263.12,0.0,-625.4549835295679,61.32807446127587,60.32735768762922,214.83,0.0,-416.8836330453916,58.046579901856184,58.75678068260975,205.59,0.0,-391.4206418314658,558.2286782590143,485.41064463639447,1357.73,0.0,-5505.899341296184,515.6836142521868,443.6058406799664,1270.83,0.0,-5018.9070285209,97.24468085106383,9.573551965627463,0.09844807841253489,1
123.9116803130208,126.62207293518885,400.18,0.0,-977.3701139670293,86.00590826751683,91.28559142207581,290.18,0.0,-637.8673428053537,30.302828055937976,30.49304762620281,99.66,0.0,-178.06801709364314,36.665667705238754,34.74321212245295,121.99,0.0,-221.79364848856355,27.321773059923196,27.763488026446268,108.02,0.0,-155.53832437116975,49.88818418955149,45.72211794930329,175.78,0.0,-320.5193326736099,105.95598362437505,100.96213020973806,348.7,0.0,-795.4315035160512,27.248397217592927,23.871598640973094,91.19,0.0,-149.8961464674815,141.16769219621764,136.2331595481305,419.1,0.0,-1132.6857746629519,44.46550539815955,44.19855359063657,168.19,0.0,-284.81999842516524,67.54923773639591,67.3630689459775,220.55,0.0,-473.9771341029651,24.0555358307369,22.536687467296282,62.92,0.0,-131.2298586344833,19.093970726758933,18.9300233312152,60.06,0.0,-98.86501570251154,43.21964640243461,40.73195085747884,138.27,0.0,-271.4521483580916,74.31458445040215,71.25158554360887,264.33,0.0,-521.7176598316968,38.12679226143033,33.301163198362744,110.99,0.0,-228.28049119362578,487.300422433157,396.93839704437596,1040.05,0.0,-4678.143859978811,451.99296500253604,390.0547532436343,970.42,0.0,-4316.369812125853,97.98561151079137,13.775687900937655,0.14058888533262365,1
111.02064805090505,112.33847322631358,345.07,0.0,-856.4620506681061,56.6966720207574,61.663331415591124,203.28,0.0,-387.77855531983255,52.629505776240194,56.871967379848485,187.88,0.0,-354.73414596824296,34.22198739729413,39.86332638694774,188.98,0.0,-210.50090069501914,12.761658120714152,14.601468805456044,48.84,0.0,-60.91040975928186,72.64794958917649,73.3307204012846,259.6,0.0,-510.4735772893335,100.57176252548342,98.14702797073468,338.03,0.0,-750.4910207533095,26.930510286032,27.0329545070582,90.64,0.0,-152.003415421602,140.25009513807376,143.63395644824962,445.83,0.0,-1132.0576645707797,51.48566751096559,55.79907718010235,217.36,0.0,-344.19684952788987,41.00349045530364,44.86273680507185,145.86,0.0,-261.6129772129772,36.10172545870144,43.5609095302172,234.19,0.0,-225.89363169579738,11.029377278062643,12.54311909394413,54.67,0.0,-49.82018108260563,70.98012479149935,72.57888153219616,270.71,0.0,-498.6750841907999,56.116418113300796,59.12137376052922,252.56,0.0,-375.50028281294954,57.51996972879471,55.06758472096809,187.0,0.0,-382.20459840859036,467.4806937666028,383.4874651587772,999.57,0.0,-4449.842297757561,464.48686847470196,383.6067857029979,989.45,0.0,-4419.606178611535,125.09302325581395,10.058312047631112,0.08040665886747311,1
140.13478999917484,186.1021805888434,754.27,0.0,-1180.4558240708284,72.78163297301758,98.94386129389306,319.77,0.0,-550.2190169949018,24.785371730340792,34.070697476888064,167.42,0.0,-147.87113236770853,117.5624795775229,124.22019720458663,568.15,0.0,-919.1882914585035,7.732403663668619,8.146474009581345,52.8,0.0,-30.329495274818175,57.87969634458289,67.00745093351576,308.44,0.0,-398.84947640869524,104.96061308688834,138.86214368045876,606.76,0.0,-831.4998308542914,31.810358940506642,41.382587656287775,202.62,0.0,-194.81517428319546,53.09859476854526,87.445260128086,332.86,0.0,-390.3492336538421,67.34238303490386,112.49160125544532,461.23,0.0,-524.0709357904656,9.114778447066588,15.437525638941263,73.59,0.0,-45.12058385110002,73.91289297796848,84.95844727013538,350.35,0.0,-539.5016196137497,2.970426602855021,4.461084943787557,18.37,0.0,-9.481607639017865,78.09115933657891,80.52403443380186,373.23,0.0,-564.9246428222208,103.36516379239212,119.83741311122617,537.13,0.0,-799.9832519050675,46.84529581648651,55.96887255180537,219.01,0.0,-309.02145945856455,557.6473463157025,485.793462104139,1355.53,0.0,-5508.555654388351,434.74069477679683,405.170113402852,1288.98,0.0,-4167.8003910418565,100.30252100840336,10.828343310710125,0.10795684098311871,1
29.22717881013285,50.91079893913927,305.69,0.0,-190.7048819282266,53.541553758560944,76.27161034294386,263.67,0.0,-385.5357360797472,59.63554831256704,87.88635634479682,316.91,0.0,-441.1677153416077,60.99887119399291,68.66768014651564,311.19,0.0,-427.4991497079585,71.22534945127485,80.39755246105108,309.21,0.0,-511.9755513065511,51.335036719201256,73.8905951423847,338.58,0.0,-361.28586441352104,73.57710207112798,99.78462534142217,381.59,0.0,-548.665636678131,15.243491212146216,23.44242568483849,185.9,0.0,-78.87111779482287,23.403142173446653,44.46441287635336,296.45,0.0,-148.07016455210587,50.50543939268917,76.46040711653781,335.28,0.0,-363.58445168029044,52.37894298209422,84.25930643631463,326.04,0.0,-384.9892235090533,78.94112468025415,84.5030758509253,301.18,0.0,-576.223604374005,65.8709480980279,69.34409484419278,237.93,0.0,-461.7343134128208,68.22472481227824,88.47217068004184,339.46,0.0,-498.2203352809894,59.00289627857084,77.9562501182412,290.4,0.0,-419.38177053359846,19.829789586599556,23.256945045715508,170.28,0.0,-104.88323056586884,414.78413152900407,350.68801826848676,954.14,0.0,-3906.4710441690845,418.15700800396075,359.4460956529243,971.74,0.0,-3951.03810133145,110.57407407407408,6.801693285503882,0.061512550228974984,0
118.0855623174294,123.78111408322404,428.23,0.0,-927.3320191720231,86.66135426809478,94.31112883686825,292.27,0.0,-646.4931901392399,31.284681921454077,32.48812672544074,110.77,0.0,-186.56120224099047,36.81341366439467,35.48443038339231,111.65,0.0,-223.96104792925308,26.484419019798764,27.51434002372114,97.24,0.0,-150.5729114060622,52.45389808503732,48.34645632434412,168.96,0.0,-341.52266413631725,105.90557043167803,101.550960216501,366.85,0.0,-795.4226481816909,30.954931840311588,26.91643349638106,108.68,0.0,-175.9314825783009,143.46807124310288,140.49297781718744,447.37,0.0,-1157.6026709848486,48.080496592015585,48.3442869033107,144.21,0.0,-314.40966162327624,64.72166504381694,65.30999652149154,199.43,0.0,-451.1721016997208,26.38572784810126,24.67797119034839,75.46,0.0,-147.44365760896275,21.01911311262577,20.664851486740222,67.65,0.0,-111.63519994236485,43.46513794222655,41.59280500726932,145.75,0.0,-274.23244433506716,72.00005193119118,70.0589037596585,297.0,0.0,-503.62556425620795,36.50660256410256,32.13442856742384,113.52,0.0,-216.7371677626504,488.6438315481987,403.3822841581479,1069.64,0.0,-4700.353015330653,455.64686627718277,394.9440695739592,989.67,0.0,-4361.360906052524,94.2421875,4.067297347729048,0.04315792593130383,1
92.73565995525728,133.25887167114502,459.14,0.0,-737.6089977615209,51.87090604026845,79.73172958887761,261.03,0.0,-376.5518725090668,36.03252097315437,57.739973634560585,227.04,0.0,-245.75897528278517,50.86495665548098,61.71711955546008,314.6,0.0,-346.0326805230095,11.108200503355706,13.499964866246428,69.3,0.0,-51.09373571184786,50.65816834451901,62.50404043763752,233.09,0.0,-343.5595034496047,50.66219798657718,74.81745748373122,312.51,0.0,-354.39977816955036,43.63177992170023,68.61688378026933,288.09,0.0,-301.52793765230643,94.01451761744967,131.26151514988283,484.88,0.0,-744.1749272146894,53.35549077181208,78.94832188902811,255.2,0.0,-384.6194127063362,37.654913310961966,59.68474056407163,211.09,0.0,-259.2138711175978,50.11178271812081,61.02043829355243,245.63,0.0,-338.77396278438107,9.510770413870246,11.204788467410506,44.44,0.0,-41.63874630983307,57.039598713646534,75.01299032593077,254.76,0.0,-402.52375954555777,54.545788590604026,87.8907514437041,395.34,0.0,-397.8265384507124,42.87379194630872,66.052402507465,231.55,0.0,-296.6987007441946,387.5643903803133,353.7589289024092,1025.64,0.0,-3641.0287197568337,399.10665408277407,352.51791853037446,939.29,0.0,-3754.387248114972,107.33846153846154,7.473598501138057,0.06962647306492385,0
97.91900678521291,118.25730739721322,385.0,0.0,-763.1334478118506,81.07887927000468,103.6387624721781,310.86,0.0,-617.4679211671133,34.786187412260176,44.17815650623238,137.28,0.0,-223.03433469247824,25.58844759007955,31.894307779070452,157.08,0.0,-150.01916623285473,6.054208001871783,8.321591428052349,34.65,0.0,-24.053408904379342,59.87164365933552,71.20001006888869,270.05,0.0,-416.7151040546867,59.497067150210576,69.82202471601481,253.22,0.0,-413.59136181597734,32.66350140383715,37.96271872690265,131.34,0.0,-198.4165949932308,83.26463383247544,107.43252579114693,342.76,0.0,-636.4120705441774,78.5556609733271,105.87886739866654,333.63,0.0,-598.6005603134101,27.78115114646701,38.53479190532621,134.53,0.0,-172.23668255540838,27.063834815161442,34.86944794095428,145.42,0.0,-162.9599073518494,6.245601310248011,7.11864647480675,27.5,0.0,-23.32740405690939,72.31314810481985,88.15809815407346,318.45,0.0,-527.8145483271378,55.01675479644361,65.73953007961558,240.35,0.0,-373.15714417618346,34.38099672437997,38.14400680741088,121.11,0.0,-209.59054323618903,397.4589412728124,351.5508519975601,944.13,0.0,-3738.6535086623885,384.6217817033224,335.6331396390679,906.73,0.0,-3586.949704219064,107.2948717948718,5.116862456019299,0.04768972058424009,0
76.8478752372308,100.19174318166783,441.32,0.0,-578.0333614886747,43.300670847429664,57.75278197824831,219.23,0.0,-290.85578419275487,39.55609621255879,53.90629711303648,215.38,0.0,-263.12027957854735,69.55042495255384,74.38645450565068,320.87,0.0,-491.8479807753701,18.805915504579588,18.588240449585093,67.21,0.0,-95.94862466407864,88.9479478504827,89.70299138238194,251.57,0.0,-656.6326661535251,89.91454823005198,95.6035073005215,391.71,0.0,-666.1185612771408,38.40848914926974,43.53949119544889,165.77,0.0,-242.40369680687797,79.86471986137471,101.01609752970414,386.32,0.0,-599.7853791029211,31.31477349616305,38.998271330394594,146.41,0.0,-192.85326955684297,46.93948428088126,62.9630404097106,243.1,0.0,-322.7459390641663,78.2107987457711,86.32523460334887,395.78,0.0,-567.6736876747451,15.321459691393681,15.29674415750365,48.73,0.0,-73.97044249470068,112.94766234837857,113.43488512841004,335.72,0.0,-870.7475884853059,67.60660450532224,67.29240619498214,322.3,0.0,-467.5091872026441,61.44175757075666,61.52401250790222,209.33,0.0,-418.7074631729309,465.33196798415713,402.38009766268215,1098.13,0.0,-4464.253354307265,493.6472605000413,413.01783996847655,1099.45,0.0,-4760.330400992085,116.99019607843137,6.244205310650287,0.05337374857004352,1
105.87916164700059,131.6841041769497,500.28,0.0,-839.8058185434861,105.35080947272877,129.8325991356305,419.32,0.0,-834.6931999225634,51.12175344500371,65.38426926828888,233.31,0.0,-355.0129965020186,83.26311989438072,93.36966646925708,596.42,0.0,-614.9332166174188,14.872065351926727,19.441188306180074,110.22,0.0,-75.65795187691324,89.09941909398464,101.0412597636603,382.36,0.0,-666.72355261206,60.13123360013202,77.49079684686126,332.64,0.0,-424.5911105443399,25.102165195148114,27.764872886115473,142.56,0.0,-141.35771836275566,82.0982944137305,118.46382266953539,481.8,0.0,-637.7737462600362,60.755762026569855,80.10711920722346,299.97,0.0,-438.83331451407435,62.058979288720195,86.65862486909658,320.87,0.0,-454.76000449891575,76.15555326347058,89.56649746858447,404.47,0.0,-558.3337421171362,18.33598069147619,20.212959716478892,87.34,0.0,-95.98027407380017,83.43250845779355,93.88923356012855,328.35,0.0,-618.7291777830088,80.22629754930274,88.60832030194732,407.0,0.0,-589.8782397503257,22.257840580906016,22.249393482849143,92.51,0.0,-120.24514849613742,534.8197277003053,457.73955547171613,1292.39,0.0,-5242.587447901216,485.32121627196966,442.3846839790924,1234.31,0.0,-4725.487988888405,110.97222222222223,6.6700801446311315,0.06010585361870356,1
37.78803809523809,52.58915638789125,229.02,0.0,-250.39120185357774,33.30809312169312,48.672356622840425,171.27,0.0,-218.43297351028139,54.348252910052906,80.30018820291686,263.56,0.0,-395.3200831001411,39.48121164021165,45.365407313062626,173.03,0.0,-252.91595195937867,48.095282539682536,50.1767206079979,178.64,0.0,-314.03199671435135,53.66068888888889,56.9256495679389,189.97,0.0,-358.9716295655593,120.29100634920636,140.93190121591056,493.68,0.0,-955.926398351553,46.82831534391535,63.14520022225778,291.94,0.0,-313.63914724782205,15.325840211640212,27.849605879780846,257.18,0.0,-87.87970432940878,36.916256084656084,63.03943665661281,293.15,0.0,-258.76563688549834,31.339977777777783,62.526071105783004,317.46,0.0,-221.35979413924937,55.30482222222223,66.84710032576659,313.17,0.0,-384.08622073482366,50.86721269841269,49.75801953516275,163.9,0.0,-333.6864111844314,52.65398518518519,54.89139157084567,196.57,0.0,-351.0001646331843,132.09657883597882,146.76922004415542,486.31,0.0,-1062.902169889927,42.80615661375661,49.49278942598497,244.2,0.0,-274.2181186922972,433.8008888888889,365.4750915500925,929.28,0.0,-4109.141946119963,417.3108296296296,369.1292177298505,968.22,0.0,-3954.2691881799833,105.4090909090909,12.66494478654688,0.12015040332213513,1
65.52272217179635,78.9382703441061,275.66,0.0,-471.87266489755007,74.47722501856589,84.84273051600114,268.18,0.0,-543.2048753188928,73.03336496410594,80.66596567767907,244.09,0.0,-527.7197732774194,89.29041009984321,93.51788098568791,325.6,0.0,-660.5822072894483,27.553234590312734,35.380876334528466,137.17,0.0,-165.28518473409818,83.15562505157192,102.88892502435688,360.14,0.0,-623.9910180085101,43.609304398052636,55.65862459383278,207.68,0.0,-289.6386048105312,56.84009241686608,63.02659375505253,269.72,0.0,-387.4506845648759,57.89788596418846,81.91126264824206,296.34,0.0,-421.647584984226,64.35526446076409,85.18533102783944,286.22,0.0,-470.9190603989254,71.20268504001982,86.5367422436894,253.0,0.0,-523.086368838873,78.16767555078802,80.43958814315461,288.09,0.0,-564.351152503141,48.61193992903705,57.85165813196053,190.96,0.0,-325.399861501421,65.47130291278158,79.545372371012,283.58,0.0,-468.5355347077746,83.84210165855269,108.80224926671502,383.57,0.0,-636.8666988532489,60.68362983744534,87.06216263787452,301.07,0.0,-441.34289247869054,513.4819787111147,416.10136691804377,1092.96,0.0,-4966.986182551217,530.2324853535771,437.0413214654137,1163.47,0.0,-5165.5750530345085,104.26724137931035,13.95149093418204,0.1338051218160493,0
128.37717862165962,131.04614078478443,443.19,0.0,-1020.2261896431255,87.21135724331927,91.66543931629626,273.57,0.0,-647.590420062219,30.182770042194093,30.285658325287642,108.57,0.0,-176.97050640283896,37.25850070323488,35.3762433086863,117.81,0.0,-226.0157990894991,25.37170112517581,26.333083378813964,125.4,0.0,-142.32477037113492,47.81504289732771,44.788861603442626,159.28,0.0,-305.4428086358835,103.03739451476794,98.73665981661364,339.68,0.0,-769.8468187977103,25.615132208157526,22.77302374388662,86.9,0.0,-138.97765090269615,137.59399507735586,132.24190121446807,386.32,0.0,-1099.3212391253212,48.785843178621654,48.36428890158229,152.9,0.0,-319.0253258699994,68.55604571026723,67.60073035028857,204.16,0.0,-481.88383803471294,21.13032700421941,20.23278342488011,60.39,0.0,-112.0353095457628,18.668926160337552,18.568808631345078,57.53,0.0,-96.21682879051203,39.43293459915613,36.989234676751735,130.68,0.0,-242.22569502075564,74.43344163150492,71.66023550761952,283.25,0.0,-523.5905606513822,37.83378832630098,33.16219175717193,113.52,0.0,-226.52605430715573,484.8690773558368,396.19760967583807,1007.71,0.0,-4654.059371929378,446.43530168776374,387.9245921739607,965.03,0.0,-4260.602878591623,99.89285714285714,6.56037502039047,0.06567411532746985,1
85.34718376103639,131.40500833942002,603.35,0.0,-679.4801858280439,63.86491624721511,93.37709391087675,385.33,0.0,-476.47049808490533,59.7188720191435,83.09076330467416,329.89,0.0,-433.79575112799614,48.135678686360265,56.01816208492226,203.5,0.0,-322.18113602810797,5.883425200099019,6.987675708670989,28.6,0.0,-21.784387926857733,92.78837197788597,105.5021494005888,336.05,0.0,-704.4324324128767,105.45550870533873,131.42272685181206,471.02,0.0,-828.8252563474954,91.34946777786946,121.88117770317258,407.99,0.0,-708.3654090249914,65.33483538245729,114.44737396980942,574.97,0.0,-512.0900704647286,60.393957422229555,92.16023382039577,363.55,0.0,-449.7203378339292,71.95856176252167,106.05535229754155,351.56,0.0,-551.2221523465216,53.47958742470501,62.918567409049366,224.18,0.0,-369.0337009891431,17.97698077399125,18.09601792504372,70.62,0.0,-91.55652652460763,68.39882416040928,73.86437532421719,311.74,0.0,-486.265828538764,118.22001980361415,144.8667265698074,500.5,0.0,-948.6834065369264,59.580943147124344,82.00049436892982,279.29,0.0,-429.07552981002925,552.5434243749484,480.89963080252636,1336.94,0.0,-5455.167521817824,515.3437098770526,453.553617451064,1264.67,0.0,-5041.615572118232,89.81954887218045,6.57156621386794,0.07316409730825682,0
79.92782732240435,116.08557095842684,367.84,0.0,-620.730105624994,41.52768087431694,59.75360440589315,224.07,0.0,-283.4325035351221,27.62567650273224,41.52583745586833,141.24,0.0,-174.52604193074566,73.02800218579235,81.83060212553319,264.22,0.0,-527.5708950316434,4.959256830601093,6.18714449833909,23.76,0.0,-17.655117623867955,106.17238469945354,111.00684491363283,333.41,0.0,-814.8065805170783,87.79185355191257,95.02211023518659,301.73,0.0,-652.2309340762406,78.8259519125683,91.47498724970832,297.77,0.0,-578.5688263673866,75.83599562841529,116.19851701003385,373.01,0.0,-591.4664886845256,58.538802185792356,84.60023664661702,269.06,0.0,-428.5391068871207,31.67023825136612,47.866753076714645,159.28,0.0,-207.55865229421244,78.96422732240437,87.34886238406857,288.09,0.0,-578.6739822946471,9.838688524590165,11.58610505217488,40.04,0.0,-43.75403405448638,89.0120480874317,91.80339206098921,298.87,0.0,-658.8173907590144,89.97858142076502,95.34575754261755,323.51,0.0,-669.2868839152624,46.22873224043716,54.60937709155097,178.75,0.0,-304.6432528714777,499.8586338797814,422.4157740289189,1102.86,0.0,-4846.355444552151,480.06731366120215,426.4729659092454,1182.28,0.0,-4648.906701096755,87.24,4.452235393597243,0.05103433509396198,1
49.007101245977395,78.4002198724684,355.41,0.0,-354.43705353309343,63.358511428335675,99.76166778568634,355.96,0.0,-482.8953217064602,47.24247215116759,72.87247993132974,252.01,0.0,-338.6343446980208,90.75688010561929,107.84739425666497,398.97,0.0,-692.517049707162,79.25126495585445,109.77965579490015,400.29,0.0,-604.5322773027996,30.988676458453668,59.99549593428844,303.49,0.0,-208.9440395577724,49.715706741480325,89.31239460361024,492.47,0.0,-362.83855028398216,22.09665731495998,37.52069895639477,288.09,0.0,-128.61051024780656,43.876212558791984,71.1754900684248,342.76,0.0,-311.5783321228561,43.92342932585197,70.16435487856924,263.34,0.0,-313.17486993514126,52.657242346728275,81.56025918207926,288.97,0.0,-386.38984431569975,93.30984404653849,105.01787596084034,373.45,0.0,-712.0895424291903,76.43540473636438,93.82507458558712,362.01,0.0,-567.120227182452,45.338407459361335,78.06239968605207,345.62,0.0,-323.07380207124777,60.86412822840168,104.73118185064584,427.02,0.0,-462.29089888639965,35.42575460021454,62.542347230245404,365.53,0.0,-234.23560937757452,432.4172704018484,385.5128117884662,1053.91,0.0,-4129.068543265689,451.8304233022527,402.0771053416843,1099.67,0.0,-4343.501190822031,105.94690265486726,9.602581426495211,0.09063579194737378,0
35.23897168557702,65.37028772844431,359.37,0.0,-247.33224352311362,63.47044975978739,104.34658678858247,362.67,0.0,-488.6660263878882,59.63341408565879,98.8602220973224,353.98,0.0,-456.2898711120898,79.7445129305939,91.9370367993474,314.6,0.0,-587.6089181685317,78.05707042829397,92.83806048360447,351.34,0.0,-578.2952152109018,38.31790350608198,48.94777811638659,182.71,0.0,-247.4951311523879,79.09972605540223,105.67697884419914,369.05,0.0,-600.3176150175326,24.752664826740265,28.154428560259117,170.39,0.0,-139.51974618518437,14.244162322395992,19.553116393510614,92.95,0.0,-74.16771843261658,28.353925176326282,50.70345955255207,236.83,0.0,-189.51174711832866,33.43955024021261,62.4116343244713,291.39,0.0,-233.52260069755522,89.4878840846366,95.67961540702555,307.89,0.0,-669.910379032563,74.69060717571297,77.97077552768715,237.6,0.0,-535.6931579539024,70.1853521414699,75.13437353837575,225.39,0.0,-498.2637065462263,102.01436880302566,116.42951061623697,390.5,0.0,-787.6755811317719,43.063611366656446,39.71058887557546,154.0,0.0,-268.44668012900223,458.3147132781355,397.0430434590078,1019.48,0.0,-4397.362531108122,455.4794613104365,393.849147499242,992.31,0.0,-4354.075670513149,114.29761904761905,7.579388971956026,0.0663127459269145,1
65.59014342849262,111.5236507645713,515.02,0.0,-506.97883520207165,47.15049648324369,78.26777097158613,272.14,0.0,-342.39649991098855,32.22635912287961,58.602100307565635,243.54,0.0,-220.3539254087858,41.639634533167836,47.726213113627175,223.74,0.0,-267.558518920609,2.4853840849537994,3.291012527179279,20.35,0.0,-6.488751066045171,99.53033926354985,105.40642527381166,377.3,0.0,-754.7120726966033,52.4361398427803,59.24815635161367,239.69,0.0,-350.1470897251298,30.12396497034892,37.997349352107605,158.84,0.0,-181.18972040812352,69.03570266170183,121.71966648343833,521.29,0.0,-547.5315424357367,56.21371672872708,97.38550438283588,370.7,0.0,-427.80220885776174,15.606877672045234,27.137515811259455,112.42,0.0,-89.96035383189394,31.8667011446697,46.72877967759708,248.05,0.0,-205.41459514995805,4.792972003861536,5.994926223846611,28.38,0.0,-16.571391167145713,53.09840022065922,61.023879122192184,286.99,0.0,-359.791088073466,85.8447069369742,113.10178259604737,447.81,0.0,-654.0478072650553,44.519022203833956,57.15148856048283,208.01,0.0,-295.87682218283527,371.1824617294167,333.1573484617833,1096.7,0.0,-3447.095769231055,360.9780995724728,317.39336264175904,972.62,0.0,-3338.194305152713,89.84615384615384,7.334633200198874,0.08163547226248746,1
78.18400912721049,110.8343417776072,423.39,0.0,-600.5313919233454,66.42817798060467,105.26757474214851,359.48,0.0,-509.74057539055656,51.719339418140336,71.78415126449472,253.44,0.0,-365.1237850295901,108.50201711351967,113.73872222675507,417.34,0.0,-835.4867803099805,31.390900171135197,32.82580839200212,131.89,0.0,-185.134137875723,91.32899030233885,90.88753765650334,292.27,0.0,-675.8631449308068,83.63871648602395,91.91193235280208,348.37,0.0,-615.1993520683324,33.01243696520251,34.523204869651444,119.02,0.0,-197.78138084431743,75.43464917284655,100.84243999964639,358.05,0.0,-568.3877170201085,74.31376611523103,96.33129548566467,324.06,0.0,-555.4893813760026,58.41092869366799,78.30104450963304,280.28,0.0,-419.40275067459237,75.53228750713065,82.89604601603426,337.81,0.0,-547.3100821572999,26.6680285225328,29.36554277457304,117.15,0.0,-153.04021611135124,85.53563605248146,85.73784314323764,260.7,0.0,-625.5091218266421,57.89561665715916,58.220901665815866,198.33,0.0,-390.8647994558395,58.14261152310325,59.93431520992865,212.52,0.0,-393.9197208544001,544.2045875641758,477.78246535866344,1388.53,0.0,-5352.445934543099,511.93352424415275,442.762968022711,1246.52,0.0,-4979.407135244345,97.04545454545455,6.638231368555885,0.06840332089378429,1
72.72227163957422,110.83900847862607,447.15,0.0,-562.6029037796488,79.32960557801799,116.24671660306385,369.05,0.0,-618.3764826014501,42.902514233847675,63.797510464526354,231.44,0.0,-297.5055466776906,70.30328822510108,82.80078176723019,324.94,0.0,-510.273136481794,12.263951646175427,13.52690582168164,61.6,0.0,-56.79612287600595,99.80649723574552,110.7292711062738,466.07,0.0,-762.4188830951194,86.87403168578267,103.31474115558503,453.97,0.0,-653.2578746047566,28.314039937288552,30.419998474752592,123.97,0.0,-163.7328670645803,60.589087383447485,102.66378688399992,529.87,0.0,-460.19409091453736,50.737357042660285,77.72505983444687,271.04,0.0,-366.41924642862654,52.30691971284759,82.20275039186463,305.36,0.0,-380.3502779000455,103.63739087383448,112.56520597566788,408.1,0.0,-796.8554723997074,13.447956101988611,15.457383826765074,62.59,0.0,-64.99266557559262,82.50193332783233,95.1855004824149,311.41,0.0,-613.2129152065278,82.14553841075997,92.99833401671134,344.85,0.0,-606.5912239031551,24.77963528343923,26.539507651002424,100.1,0.0,-138.62614291434582,492.5162001815331,435.31174774958606,1210.0,0.0,-4785.890912930922,470.14581813680996,403.92514418590974,1148.84,0.0,-4518.533944088748,99.875,4.007415002217764,0.04012430540393255,1
98.62739417443684,144.60309231934903,483.67,0.0,-794.5043906703977,32.84730340787194,51.61889213047137,231.11,0.0,-218.35719333086166,32.017097945375035,48.387750735002484,172.7,0.0,-209.3319696343669,25.554237148279565,33.34520054717793,186.12,0.0,-152.196619361961,2.873905437742388,3.934528191924236,15.84,0.0,-8.506393508773295,87.42825233105042,88.56877952375552,330.77,0.0,-641.4107944805834,80.76496080534696,86.41261941161562,337.15,0.0,-588.0823747832934,87.27591880518193,95.16577396424822,311.63,0.0,-647.499541480092,99.4677927221718,156.23400014056494,564.96,0.0,-814.6797523806961,36.18860219490057,59.28760518816753,248.27,0.0,-248.0967565970775,33.90703935968315,55.56252120896759,202.84,0.0,-230.35117108662678,41.98244079544517,56.487793767678426,202.62,0.0,-283.8665990142671,5.228471821107353,7.057821983510955,54.12,0.0,-19.738246125409166,70.46250185658883,75.10187039078795,306.57,0.0,-499.1975029317191,58.759705421239374,66.5505727052047,239.8,0.0,-406.66990105475764,48.460178232527426,54.97617530509993,183.37,0.0,-320.8039591552222,447.38907005528506,382.49798977346614,1064.47,0.0,-4259.217274850966,394.45673240366364,363.784925900368,1104.07,0.0,-3711.9015979902456,93.328125,9.255158506712622,0.09916794649750675,1
46.299598151662686,73.34624478035713,360.69,0.0,-325.13215256745445,75.58814423632313,114.03457614431056,388.08,0.0,-585.9870619901908,59.54234920372968,93.09073585330368,341.22,0.0,-444.39769921743556,130.99123855103556,136.085640577637,414.92,0.0,-1047.633874238526,70.11716230712105,66.16385583699552,210.98,0.0,-488.5298287279734,87.47352669362158,79.85811446879515,211.86,0.0,-634.3706882726436,103.3693572076904,100.82586996935953,332.2,0.0,-780.1808106880625,46.02344087796023,39.24766353350174,162.03,0.0,-287.97153107811226,12.761434111725391,21.39464888194806,142.45,0.0,-68.38932555476353,36.60912369007344,60.37190027385473,272.36,0.0,-249.9228518417203,42.66808235002888,71.8857839424254,288.31,0.0,-301.9920205125875,98.55523475534284,110.95301137867685,437.8,0.0,-755.9845734984325,44.506758808482545,43.31939112743035,222.53,0.0,-280.2286866333422,92.41854360920868,88.37029199931831,239.03,0.0,-681.8230641591839,138.8406766234838,133.06546183321393,403.26,0.0,-1104.6866912343614,67.2192672662761,61.651384334043385,244.31,0.0,-460.7937990474254,619.4048172291443,525.2720732263818,1501.94,0.0,-6173.135424857001,533.5791212146216,453.78924296677366,1303.72,0.0,-5203.088021859691,93.4724409448819,35.75789693556358,0.38255015675314413,1
12.45101245977391,27.394203987998573,245.19,0.0,-67.48292503326122,50.707794372472975,71.74089541561729,270.49,0.0,-360.1971651962658,85.56229144318839,117.82830833732751,335.5,0.0,-669.1107785521286,69.0433938443766,78.73064563561495,290.29,0.0,-494.0305027576933,55.79590477762192,60.03263401214116,201.74,0.0,-378.91901478306585,73.98051406881757,106.98288049478636,390.39,0.0,-557.1309872885217,61.05812360755837,86.68069291531117,334.84,0.0,-441.1233136067304,24.857168083175182,32.30123679582864,223.08,0.0,-140.99251655363776,7.52620018153313,11.726241752959282,120.89,0.0,-32.16851731654917,48.6497532799736,63.178907034421364,325.38,0.0,-334.4050388845372,87.09511180790494,114.17338581850753,364.32,0.0,-675.3624130092704,88.85983166927963,94.76699281271041,322.96,0.0,-660.6786958285365,81.91163297301757,87.53934401177,291.28,0.0,-599.6404023209353,37.18047198613747,54.6133376396971,259.16,0.0,-240.90095503120975,44.238543609208676,63.57087189191291,299.09,0.0,-295.7186684157699,19.04990510768215,18.054043542219233,115.94,0.0,-96.4293343632922,433.4562026569849,356.5962434237308,979.55,0.0,-4093.5103191289877,414.51145061473716,357.3306242124709,967.89,0.0,-3911.0849544053626,112.00934579439253,17.377337980051763,0.15514185764418345,1
61.14996113989637,107.19990365988026,539.99,0.0,-466.088820063777,91.76081606217618,139.6317838777892,497.97,0.0,-739.5311690751482,111.6701554404145,160.85645688221913,539.77,0.0,-923.3564119298773,81.9751554404145,116.20534199483455,589.6,0.0,-631.2225528966413,22.820556994818652,35.49154508636131,171.16,0.0,-137.17703112616013,64.60284974093264,105.08173366190688,426.8,0.0,-493.38842631967503,60.096502590673566,95.31264127591328,400.07,0.0,-448.8455605680367,46.774417098445596,87.19481845610362,363.66,0.0,-344.24039894040874,55.82756476683939,96.82031259429607,509.85,0.0,-415.15971707356334,97.5696243523316,149.52451791689074,562.65,0.0,-795.6384825213362,104.91233160621762,148.06929841080938,504.46,0.0,-853.6428002834967,88.61981865284974,123.0908481294664,551.87,0.0,-690.8609837943825,45.973303108808295,61.169957830886865,262.24,0.0,-312.2183154177271,43.33454663212436,70.07173601578572,292.38,0.0,-303.51607669786824,86.69291450777202,139.89205496158854,559.24,0.0,-695.1153844990166,22.251321243523318,36.84934307476702,228.25,0.0,-133.73910824399513,540.850414507772,469.6588430973797,1230.79,0.0,-5316.848669653579,545.1814248704663,482.9081412438353,1218.8,0.0,-5379.758229148759,126.8923076923077,9.01984662486534,0.07108269042389027,0
89.63423384767721,119.40584158950765,403.7,0.0,-699.2644039429885,47.812540638666555,60.73273769866432,202.95,0.0,-326.1483913642298,69.47759386087962,92.9541492063562,318.78,0.0,-517.0100802641459,43.23478339797013,46.92428502572921,235.84,0.0,-274.6605441875031,16.772925983992078,18.268853046555872,70.4,0.0,-84.35847538439639,67.83761448964437,68.92056320651767,229.79,0.0,-472.877034601287,123.65185411337568,143.1945574309577,558.25,0.0,-983.881134442148,36.90504084495421,43.85256037097028,180.73,0.0,-230.34715454187122,55.46480650218665,81.89016653425455,350.9,0.0,-403.22823555123387,31.469276342932588,42.8038405589273,141.35,0.0,-198.8825578417712,52.959594851060324,76.18914013636241,271.48,0.0,-379.8374862863944,37.503283274197535,39.109480127366396,205.81,0.0,-231.11285424266242,18.52860549550293,19.442987947191128,74.91,0.0,-95.41805843531267,71.19889099760707,70.71339448862257,222.64,0.0,-500.63857174177497,118.29350441455566,126.22071081596185,444.62,0.0,-925.4413826469108,30.44847924746266,32.36835504047817,121.99,0.0,-178.08284999373242,495.32658717715987,410.509047669219,1164.02,0.0,-4778.3225108845245,415.86644112550545,359.5020285101278,1034.0,0.0,-3924.7631963312597,100.70588235294117,3.8530855063094926,0.03826077897620408,1
77.50077729185577,107.39813336763453,401.83,0.0,-594.6632271231274,81.74978711114778,111.66129788429802,345.84,0.0,-631.7789789746533,43.931997689578346,60.96706289406221,235.07,0.0,-301.6578057018662,72.93809637758892,84.78930541396231,346.94,0.0,-531.1173395385888,17.731166762934237,19.75007260560222,86.57,0.0,-91.62264015985595,86.420806997277,94.01156313469598,416.9,0.0,-640.1260450402609,87.26198613747009,100.38306849771885,399.63,0.0,-653.1762344458928,27.25567456060731,28.239295261849584,102.63,0.0,-155.20111357785112,60.08461589240036,97.6203316302596,491.04,0.0,-451.9765214215272,52.25697087218417,77.2660055215099,289.85,0.0,-376.16533719954833,48.68621420909316,73.80437982600205,300.19,0.0,-345.88238526350545,118.01429738427264,128.1532063804965,507.1,0.0,-928.7247590746985,15.587423879858074,17.34935489638915,85.8,0.0,-77.5898201651079,82.40674643122368,94.8494309037673,320.87,0.0,-611.8711035305273,70.86549632807989,81.56679746522194,446.38,0.0,-509.31192838095257,25.247319085733146,25.876863091102976,106.26,0.0,-140.67781677667418,494.7902929284594,436.1966841882927,1223.53,0.0,-4809.474978428188,473.1490840828451,396.9109686028634,1151.15,0.0,-4540.130144002927,108.05357142857143,5.7953788328569615,0.05363431079821349,1
119.084098621421,126.02232302006298,437.58,0.0,-938.4042938096645,86.99294008483562,95.29059781678492,312.95,0.0,-649.849179971638,32.64015729939908,34.216984741193585,126.28,0.0,-196.8479372163579,36.769939908094734,35.266366601976145,117.81,0.0,-223.42333944150633,26.963735418875928,27.941278106987497,95.15,0.0,-153.83762140507318,51.5913025804171,47.39615545568538,171.16,0.0,-334.6337141104381,104.81584658890068,101.5502636058743,382.69,0.0,-786.6816524486375,29.058206963591378,25.437290782026736,86.9,0.0,-162.79863799019947,143.54884323082362,142.57451116924807,456.72,0.0,-1160.5030171994222,49.015663662071404,49.882714185265186,146.41,0.0,-322.3946764897397,65.37801785083067,67.36093117279425,236.28,0.0,-458.142755433547,27.006759455638033,25.849503039592232,100.54,0.0,-152.4923884282444,20.025501944149877,20.5084915041545,85.25,0.0,-105.99827819628119,42.984123365146694,42.554915745430904,143.22,0.0,-272.36722539162326,71.08208554259457,73.57103070090517,306.24,0.0,-500.8622643942125,33.50215447154471,30.546990119804953,118.58,0.0,-196.0128027799794,487.91622746553554,402.9341831342833,1097.8,0.0,-4692.070274794509,452.5431495227996,394.6349884438062,1024.1,0.0,-4331.466118893195,92.35833333333333,5.095415968190319,0.05517007274048888,1
36.57323394495413,53.00591766415744,193.05,0.0,-243.0383674651632,25.472011105746013,41.27944639117657,149.27,0.0,-160.7022206013124,27.078204973442784,44.45507592986951,163.02,0.0,-173.39418356022946,61.90271245774987,73.12970420675407,288.75,0.0,-435.07918172345956,56.53142201834863,61.40302226200148,209.99,0.0,-383.24454330261455,52.163874939642675,83.29218908838628,297.0,0.0,-376.44441722182944,54.46916103331724,79.33006867421564,292.82,0.0,-386.0801533375505,22.006440125543218,30.673222831643955,208.45,0.0,-123.09056415124456,23.55128681796234,38.73314850960645,184.03,0.0,-146.3513646076396,33.273950989859976,55.06828320512488,220.0,0.0,-223.4139156720113,24.726350796716563,41.760739429513606,176.33,0.0,-156.83252604841599,83.48831361661034,93.83857074894823,349.47,0.0,-615.6266584828669,62.2876195074843,67.34947691670104,232.87,0.0,-431.41769695514586,52.875820859488165,84.63666772591392,328.35,0.0,-380.8762868022106,39.37591018831482,54.490471902260104,205.81,0.0,-255.44354773280222,20.599730806373735,20.71908389290274,129.91,0.0,-106.02343008897847,336.19706059874454,300.7543398730561,903.32,0.0,-3070.586986248492,340.17898358281025,296.735696801721,881.43,0.0,-3100.4242311108915,98.64634146341463,10.627130433435752,0.1077295951961592,1
98.39347443144473,144.56007244533916,546.37,0.0,-788.930113359074,65.52144866570265,107.43252564313227,421.96,0.0,-501.253035286331,35.984648350203756,59.152274007309984,242.99,0.0,-246.44134973375967,62.14356513737347,74.67157040731927,266.86,0.0,-440.74813568235845,23.506596555803863,28.75883598281081,164.56,0.0,-133.18226023810618,70.34499276981727,81.46819580628663,321.2,0.0,-506.6514528395845,62.45384119889575,77.50178450912011,303.38,0.0,-442.38710334731627,34.77564611542001,44.658153203952146,172.7,0.0,-220.20388969062128,91.21197975548837,139.89589193844157,563.86,0.0,-728.8866464721615,55.88902326804259,91.06257679619169,335.61,0.0,-415.6189385973657,39.30910082818457,64.42233446092881,261.25,0.0,-273.63654394987407,59.88928092546339,74.80174729346372,336.05,0.0,-426.4010175696218,11.7264598396214,15.886473374464542,100.43,0.0,-56.51111802193247,88.58690285263572,102.473873282344,463.98,0.0,-668.178208489475,67.39862100696726,87.85860349042251,390.5,0.0,-490.0468246595203,43.78141711581438,52.281426162030876,184.25,0.0,-287.16460114893493,453.12421322466145,418.3628565709184,1274.68,0.0,-4360.958983831718,457.7927855922177,415.1640644779445,1293.16,0.0,-4404.950822382456,97.85333333333334,6.050219463420774,0.06182946719669683,0
87.62495255384108,111.55877712010394,373.12,0.0,-676.7501598106393,80.23947685452595,102.02770775062788,304.48,0.0,-608.8839432102816,51.68694776796765,66.26615658942539,217.14,0.0,-361.0069990613787,51.42918887697005,61.92658478703082,285.34,0.0,-350.25668403031534,14.519201254228898,18.244104048289337,91.08,0.0,-72.89269265380464,74.00181698159915,85.61752143610533,300.41,0.0,-538.6004487634042,75.60596171301263,99.99588571260978,381.59,0.0,-563.3284641863991,31.158291938278733,38.31386655159078,159.5,0.0,-189.07371861226235,84.75858074098524,112.52158470161807,359.48,0.0,-655.66945515896,49.40177242346728,63.816248308778206,232.21,0.0,-341.9933107477416,69.04634375773578,89.0427506972242,288.2,0.0,-510.8628830494252,74.66037379321726,84.95568716376599,447.59,0.0,-541.4025137351623,23.86525290865583,27.768302070012478,109.01,0.0,-134.90822638589034,68.81144896443601,80.90742310609781,285.01,0.0,-493.5820047697883,65.91509695519433,83.10033574359471,331.21,0.0,-473.48515771630355,47.52245069725225,64.18873081143573,306.13,0.0,-321.4244716098684,466.2658379404241,408.1966228244582,1020.14,0.0,-4491.237852463413,483.981320240944,414.32946489524005,1043.9,0.0,-4673.507928170629,116.99009900990099,7.483969732735032,0.0639709667405415,0
82.17544599389389,131.41488167191093,495.0,0.0,-659.2020748005478,56.326281046290944,92.14216126295638,331.54,0.0,-421.7104443805236,25.177419754105127,41.771741737378086,168.19,0.0,-160.43256308186233,40.84498143411172,51.641893994879766,195.03,0.0,-268.96766991988153,8.998052644607641,13.75203325879199,69.3,0.0,-41.95031568773176,71.89079544516875,91.34228466125032,481.58,0.0,-527.6808020156053,62.31260830101493,88.81323456037559,366.85,0.0,-457.5723979678393,31.34622411090024,42.5817884839156,152.02,0.0,-196.3781610155308,81.24345490552025,129.46054006307156,496.65,0.0,-647.4943537593754,49.66853535770278,80.99032440772886,287.98,0.0,-362.92400551482484,25.435841241026484,41.64609540477691,159.83,0.0,-161.6321232853819,50.603676045878366,58.936606809133906,235.95,0.0,-343.27372250114513,7.570585031768298,10.084665314582724,57.53,0.0,-31.70976757448697,69.99795857744039,82.21081901875347,306.24,0.0,-505.6329177049043,54.7148840663421,79.13127020851667,313.17,0.0,-392.0754311502998,44.01788101328492,54.033929553390884,196.79,0.0,-291.0198949560394,379.07180873009327,354.10727583434993,1089.99,0.0,-3566.8866014628784,383.2528162389636,358.50755289716335,1074.04,0.0,-3612.3230535949588,108.4,11.05210798486383,0.10195671572752611,0
68.06676375938609,71.65058142994145,254.43,0.0,-478.9833997371229,70.78508622823665,77.12666044729409,240.35,0.0,-506.31386015774615,40.45715405561515,44.04478104348303,169.29,0.0,-257.0448283478507,56.9568454492945,59.9855587978274,258.28,0.0,-387.16327297487567,26.156981599141844,25.31477905720262,82.5,0.0,-145.47500325993332,61.54627527023681,63.46651916504831,229.35,0.0,-421.74731303148826,52.056712600049515,54.33034981498126,191.62,0.0,-342.87170125613494,18.221705586269493,17.546150008410045,92.84,0.0,-91.17905442437363,53.06152570344088,59.65895141890953,189.2,0.0,-358.54226107375575,74.31064114200844,84.44056418638723,272.36,0.0,-541.466287103122,24.255957587259672,26.813272992189756,85.03,0.0,-136.88196757721502,70.8228269659213,74.14375219096486,232.76,0.0,-504.1547870214519,27.536479082432542,27.299083330656977,93.72,0.0,-155.86282761849606,62.54704018483374,60.874816884716,192.39,0.0,-427.3697326029503,108.75621668454492,107.05937353307777,379.28,0.0,-825.9647132976843,29.473746183678518,27.087324242018298,94.27,0.0,-167.55430351717723,394.24752454823005,335.27380020853724,886.05,0.0,-3676.662589647608,450.76443353412,381.1735844727666,968.44,0.0,-4289.166719967557,119.34,11.993514914319324,0.10049870047192327,1
80.39827295981517,101.50378529325836,363.22,0.0,-609.1467115043995,63.42194818054295,82.67068419293555,261.58,0.0,-464.07645796136353,81.57785708391782,104.52736505956202,321.31,0.0,-623.1938826826791,69.99969221882994,89.09214754520559,385.99,0.0,-510.01863331600674,71.9334920372968,79.48132901570176,313.17,0.0,-514.6100783927027,42.00757405726545,59.814459615247344,228.91,0.0,-283.5123857484191,46.59283769287895,72.26724646867133,290.84,0.0,-327.2465094858301,15.373478009736777,19.41309596170096,119.68,0.0,-77.91835172962921,70.14972027395,98.39467350339014,362.56,0.0,-527.6730143634549,61.098197045960895,85.56035124788225,295.13,0.0,-450.43643029195096,74.17175014440136,102.72571588876099,330.55,0.0,-565.5820260720576,53.65241604092747,66.88080113651176,270.6,0.0,-369.79954110210303,38.65436669692219,41.554007887828874,165.11,0.0,-241.98819754530263,59.63995049096461,73.64888162646892,273.13,0.0,-420.7495475995539,77.1878504827131,101.84706833897457,384.23,0.0,-578.0330221923556,26.328802706493935,33.38201104786442,199.54,0.0,-153.9627621955384,471.3051522402838,404.65080294460597,1046.65,0.0,-4537.7054529871,460.88305388233357,396.4767601439065,1093.95,0.0,-4423.179571926869,120.31313131313131,4.79613999813879,0.03986381158725046,1
4.678268886501969,6.250531363880256,23.98,0.0,-16.739100941000274,22.03676512710347,37.313310585120554,218.9,0.0,-136.3259366324252,50.58888381668457,81.39543333610199,355.3,0.0,-367.69543563673653,61.43320802005013,68.13275972829888,256.08,0.0,-427.3179823603608,71.53756265664161,83.10532787885535,307.23,0.0,-513.8684694278462,36.75598997493734,52.28222828706555,259.71,0.0,-237.06806794011607,36.60972699606158,58.40707614810049,418.66,0.0,-240.67131313390334,16.002508950948798,21.728079830316627,174.35,0.0,-80.79331051821086,5.892148227712138,7.070480276423154,30.14,0.0,-21.690417390402352,19.05691908342284,36.778585794152,266.97,0.0,-115.98692220076423,62.47447636949517,94.1986415585998,413.38,0.0,-465.91136826859787,78.87585839598998,86.07364503727318,253.44,0.0,-578.6396180724172,94.87666398138204,101.34852132751858,346.83,0.0,-716.466716475688,33.91569190834228,47.93498184531336,271.15,0.0,-214.64590937224006,52.59333154314358,76.96227329248595,375.54,0.0,-368.5649602779577,20.911165413533837,25.475590182232075,181.39,0.0,-111.37850842281146,299.6429144289295,253.3702637375018,780.45,0.0,-2677.348548952299,368.59625492302183,314.83434478355525,841.06,0.0,-3407.923013240777,102.20183486238533,18.90865527581753,0.1850128747813385,1
33.46794702533212,57.80105419687134,242.99,0.0,-231.01894477087376,42.97269494182689,74.9189317581704,281.93,0.0,-313.5647515192921,39.677451109827544,68.20693064793328,233.86,0.0,-284.0627386589555,57.47581236075584,61.887727530537724,310.31,0.0,-393.3887870444041,72.61945127485767,82.024918475723,273.9,0.0,-523.8357935849534,44.98319250763264,51.24522669942401,203.28,0.0,-294.95500345123054,80.84590642792308,98.6061213974355,344.19,0.0,-605.210794444976,19.84467530324284,21.691189898419232,163.46,0.0,-102.73226347660257,21.35718211073521,36.00598513118146,180.73,0.0,-131.5545768743603,36.45500206287648,59.88620239747879,214.17,0.0,-252.21608220786428,53.01302005115934,91.31166138207102,341.44,0.0,-400.76785245795224,45.1095304893143,51.94825900849236,274.67,0.0,-297.190970566079,41.89626701873092,43.2674501044888,194.15,0.0,-264.80519671763847,80.83555903952471,89.45321576127266,306.24,0.0,-596.1326018404371,99.96149929862202,118.937595750805,441.76,0.0,-772.9776166891197,40.95780427428006,49.496021779536065,221.87,0.0,-262.428225424266,391.88713095139866,340.75365788071053,904.86,0.0,-3669.2383220822644,419.585864345243,370.0852902841275,927.74,0.0,-3979.7049824505743,113.12264150943396,9.025856808948138,0.07978824299462119,1
33.39050499216107,53.59654464158186,271.26,0.0,-221.26731493776347,64.86294001155211,86.399917117283,290.18,0.0,-474.1448242772255,66.91215859394339,92.49709568950573,341.88,0.0,-495.87158342726764,95.15227824077895,98.24964497594372,323.07,0.0,-715.2488659117824,58.910668371977884,59.56920508260368,202.07,0.0,-401.24436076778204,59.3410380394422,68.39955738112114,221.65,0.0,-412.3887024579522,49.09609786285997,56.32453254295754,223.41,0.0,-326.42719370180174,28.330632065351928,31.80194397066669,184.58,0.0,-164.16705323978238,29.704874164535028,53.02215213331293,257.51,0.0,-198.09981737914094,63.63665648980938,92.65113268509327,298.43,0.0,-474.5314205467402,63.98284016833071,96.38948341699736,351.01,0.0,-479.46162231237616,84.07871193992905,90.35290444507751,300.19,0.0,-622.4391414152342,58.14685865170394,64.69723076297365,215.82,0.0,-400.3462280307266,67.33569353907089,81.98249917854932,264.55,0.0,-486.5677007128896,50.54287152405315,72.39124530531147,285.56,0.0,-353.8957725461153,31.61534697582309,36.079311390985886,186.78,0.0,-189.97290734173018,455.9963181780675,391.726079999559,1056.22,0.0,-4365.772538577982,449.0438534532552,395.67380544137,1006.72,0.0,-4304.423348709418,102.21186440677967,11.142263177980368,0.10901144639761905,1
25.573761036389143,27.668537404546182,106.92,0.0,-144.46057025253108,60.707546827295985,65.49491915849492,225.83,0.0,-420.6236373345201,59.44933162802212,61.23273846714145,182.16,0.0,-407.16259682839575,42.39914101823583,44.97847499125358,198.22,0.0,-267.92468122720965,18.671172538988365,17.809184337658177,64.35,0.0,-94.13789045192027,39.01728773001073,45.38956648195953,223.3,0.0,-245.75006354998837,65.48427345490552,70.50214243793438,294.69,0.0,-455.55244152688135,32.13070137800148,38.25628007247657,245.85,0.0,-192.30889261394452,37.42952636356135,42.54783406282495,171.16,0.0,-234.80506218755147,65.42574717385924,68.13105502026141,216.37,0.0,-457.773652981476,66.92034573809721,69.09688550856225,221.21,0.0,-470.03788776153,45.01242841818633,58.10022589741037,288.09,0.0,-298.4164913140218,33.89336991500949,33.97696687353017,124.3,0.0,-202.22681140046032,29.518612096707653,38.30004191553235,207.13,0.0,-178.4255656916289,71.0517130126248,77.59665390629551,330.77,0.0,-504.1777427152495,15.509745853618286,23.702868304768376,194.92,0.0,-80.8294857354829,343.4332156118491,282.4279439700366,744.37,0.0,-3118.908723590047,364.7614885716643,301.68478322607365,785.4,0.0,-3345.581401963576,146.53658536585365,32.224136962445094,0.21990506249338362,1
56.72716973347636,90.67265211316243,387.64,0.0,-420.67588146016993,94.95879115438568,132.8885316170367,446.82,0.0,-757.7629040185012,69.18048766399869,101.8386752773436,393.8,0.0,-525.7641901098859,77.37640894463239,96.04948022426017,576.84,0.0,-574.7488382487147,48.17039689743378,59.09399038225353,242.55,0.0,-324.914928040741,38.56022361580989,53.188949378537025,219.34,0.0,-252.6070707179344,87.3107913194158,125.8849535119754,458.59,0.0,-682.094846910168,15.22090849079957,18.99774018658985,160.27,0.0,-76.69562504275261,58.189255714167835,98.6324011220056,450.78,0.0,-438.19147573854355,85.51349533789917,127.00288131791676,445.83,0.0,-677.7521916125668,67.68440052809638,101.83885992371435,364.32,0.0,-515.3003599503065,83.26234837857909,101.14006266507093,498.52,0.0,-625.9970924927242,45.074567208515546,56.49506242377245,238.81,0.0,-301.36947639250513,46.830600709629515,68.49704371293144,269.5,0.0,-326.1082162481578,79.30688670682399,118.96189097390567,492.58,0.0,-614.7490504594215,18.508618697912368,30.878349510787583,215.82,0.0,-105.17833136803276,487.50517781995217,434.3877428486626,1222.76,0.0,-4730.541175463199,484.37017328162386,419.29933900115896,1173.7,0.0,-4683.1343207941945,118.06930693069307,6.21600843836248,0.05264711549472625,0
99.59539235910555,133.23268558083095,452.65,0.0,-792.348057398612,88.72259262315373,119.77551838612673,376.31,0.0,-691.7943413365222,42.21305140688175,60.98057143396969,222.64,0.0,-288.9886519720488,90.7326454327915,101.78337431519127,393.91,0.0,-683.5131285899164,18.6281219572572,24.99967593627039,125.51,0.0,-102.1243017601999,76.68232609951318,90.87699756921943,317.9,0.0,-564.7480960267737,54.92397392524135,77.87728007700369,350.68,0.0,-389.3008511607738,18.080436504662103,22.519181365002034,114.73,0.0,-95.68976060478438,102.8845729845697,148.18897354849642,559.35,0.0,-836.1171425098804,66.8173892235333,92.32731346546228,301.62,0.0,-497.2032619568197,60.82146794289958,87.27152355833032,308.88,0.0,-447.87664677984276,77.29850400198035,86.86590888487102,473.55,0.0,-564.2953448478484,19.772125587919795,24.241154642152583,107.47,0.0,-107.83999851411052,76.55550705503755,90.88162412557094,354.2,0.0,-561.8073758771635,74.10799570921694,101.93481777979316,453.64,0.0,-553.0899273589489,31.935253733806416,44.58268519939825,189.97,0.0,-199.7334911234049,489.5785403086063,434.3037658352784,1254.44,0.0,-4753.433325163955,510.19281623896364,456.3205167211496,1286.56,0.0,-4989.826593628307,105.62280701754386,4.3070532745864885,0.04077768236050657,0
38.180561399217225,55.445155311311886,205.59,0.0,-256.20415186641145,25.599486301369858,40.883404725540615,154.33,0.0,-160.6313002731802,28.475025684931506,44.969354728264044,161.37,0.0,-182.16178281437539,61.01410469667319,71.84129699309783,311.19,0.0,-427.9388706398339,56.50454867906067,62.08964304378096,213.51,0.0,-384.2156236040801,50.90204256360078,81.67693771582157,291.72,0.0,-365.68521951235556,51.53491927592955,76.74679674287337,279.51,0.0,-363.9273835316293,20.460565068493153,27.766146696058456,184.14,0.0,-111.2084565171681,24.359699119373776,40.72194261458745,168.19,0.0,-153.28041866661866,34.17861179060665,56.70497034224297,198.11,0.0,-230.8686212409601,25.124788405088065,42.74544159219992,158.95,0.0,-160.70253951492862,81.26684564579256,92.86722373012002,379.5,0.0,-598.9597521417887,61.895194471624265,69.00124683181996,234.52,0.0,-430.63121994258273,53.43153131115459,82.67397705651987,320.87,0.0,-380.12145492170686,38.53954134050881,54.130767778601516,205.81,0.0,-250.12918042378917,20.303785469667318,20.122767862318724,131.56,0.0,-103.45015495344775,332.6712536692759,297.91095747088497,864.6,0.0,-3035.06086232933,339.0999975538161,295.7180882709928,864.49,0.0,-3087.7839255067,97.42682926829268,7.34021746172992,0.0753408226138257,1
96.69504662100833,123.71650754090062,394.57,0.0,-759.511517624581,48.265565640729434,60.78426840998637,196.46,0.0,-329.1432006335449,68.3633435101906,89.73534192799025,295.46,0.0,-507.6122945619686,75.82949253238716,81.6161163395762,329.45,0.0,-546.6844212922433,23.440229391864015,26.930093341838596,92.95,0.0,-131.79600843342956,56.887136727452756,63.31758610875701,198.66,0.0,-389.99323169811385,68.01282118986715,79.89686551469225,294.36,0.0,-486.3666671695509,29.144163709877052,34.66758096939788,142.78,0.0,-173.18682429595904,110.18727865335423,148.6484209667221,551.76,0.0,-892.4283630262685,50.923746183678524,73.32369568439543,273.57,0.0,-361.53909179563095,39.190325109332456,55.904954571714,201.74,0.0,-264.95871775907256,82.78170311081773,99.14019567146335,500.94,0.0,-614.623232145777,39.818529581648654,43.21932646090249,172.48,0.0,-250.15515611473282,60.96170228566714,64.84885743749268,232.76,0.0,-418.68256855072013,98.10398877795197,120.9396108286977,511.61,0.0,-753.2944707071065,48.21420084165361,55.671347125662116,238.59,0.0,-316.9381862407751,466.63779932337656,431.3593682050726,1081.96,0.0,-4523.438732789314,530.1814745441043,435.54002631173427,1108.03,0.0,-5156.4370925638395,124.03092783505154,5.794511459704596,0.046718278745852035,1
98.72661113710811,118.98542366372077,359.37,0.0,-767.5576455657567,54.92572297613478,69.35959462824775,221.32,0.0,-386.34267299429246,45.505985961628454,57.003961591052665,170.5,0.0,-308.0905898611126,62.58475994384651,65.21246504854675,230.56,0.0,-432.2320323855147,27.148226485727655,30.711103099047246,101.53,0.0,-158.14355389578355,58.846149742629855,66.26461762829743,223.96,0.0,-405.93698016765046,71.38174356574638,83.49816858172035,289.85,0.0,-514.5590752116622,25.05665138043987,25.647429135897767,97.79,0.0,-139.74511080788585,106.84147122133834,127.77684846247237,400.29,0.0,-840.6522139102407,57.50786616752456,70.4147292918174,214.17,0.0,-404.7072916225535,42.85630884417408,52.652228781855456,162.14,0.0,-284.8401308011909,64.52955170800188,68.1616171391229,233.53,0.0,-448.51246400860305,37.00673841834347,40.98095195157916,141.79,0.0,-229.09507276068186,52.56387833411325,58.51192485595786,192.17,0.0,-352.956253008449,59.17449227889564,79.28267158633822,345.07,0.0,-421.338527202809,37.64082639213851,36.45508310346808,141.35,0.0,-229.01497827184997,444.1758511932616,380.9302571839614,1012.0,0.0,-4234.53942009452,458.12113336452967,381.36802562983786,971.74,0.0,-4372.44601144305,106.36363636363636,5.990656943544952,0.05632241570854229,0
101.71223166183174,132.401392265891,549.67,0.0,-809.8782904614677,78.45608682138418,100.21175458690956,302.61,0.0,-592.807786238041,27.944581433899707,37.77734509196441,140.03,0.0,-172.28158016021555,40.018813717364274,46.80961988138119,231.11,0.0,-256.2989409848909,15.318172399502695,20.17856669207431,83.71,0.0,-79.14636096787157,77.93788334024036,88.58532467308821,338.58,0.0,-570.2368111598106,71.92964048901781,88.70178796235074,309.43,0.0,-525.298535616254,39.05341898052217,50.59149111036115,242.88,0.0,-251.59211088676597,85.19657273104019,106.87726351806553,361.13,0.0,-651.8714401662436,98.1181423539163,122.84447304282236,363.22,0.0,-771.0422646741321,24.98429133858268,33.61361263964993,126.83,0.0,-149.87036654333326,42.066612101118935,45.11987453090943,247.61,0.0,-267.5294046923494,14.337551802735183,20.386305406821226,91.96,0.0,-74.46249985310806,79.92574699544136,89.77869316518147,389.18,0.0,-584.5204745802746,66.82110236220473,89.8360491008783,343.2,0.0,-489.07454541970134,35.2281723995027,42.58341967871389,161.92,0.0,-219.46058412068479,452.370828843763,386.4515559186971,1054.02,0.0,-4320.600986110747,446.6781920845421,379.5257920941971,992.97,0.0,-4256.171396855477,112.41176470588235,10.789203882364301,0.09597931240198489,0
8.428519679841571,14.061904292319435,73.15,0.0,-40.74267279742671,21.908843138872847,40.67476984877821,179.85,0.0,-140.9891387459701,29.745092829441376,53.38397462102301,254.32,0.0,-200.43276163204766,60.431680006601205,68.15543533623246,247.72,0.0,-423.10412068772223,33.74325109332454,34.4756614563059,129.8,0.0,-203.14343397482202,69.96100750887038,73.71654697339797,265.43,0.0,-496.5127900050271,85.49850977803449,88.04264780070474,296.67,0.0,-629.2496235164314,29.865549137717636,34.67838854377145,198.88,0.0,-176.01643617479587,37.64722996946943,61.03918027477969,361.13,0.0,-255.83174400094367,79.30351019060979,107.9173615733856,352.11,0.0,-608.7041386961623,77.607001402756,103.74974218204629,329.56,0.0,-591.4653732141214,44.596599554418674,56.910011785738504,292.49,0.0,-295.1503459634695,34.644617542701546,43.55919920672527,198.99,0.0,-216.77976033591318,55.01059245812362,84.12650795714333,350.68,0.0,-398.4829002431507,60.698542784058084,90.64659919878191,402.71,0.0,-444.1410536585538,30.97287399950491,53.760947082036886,278.52,0.0,-204.03151064735837,339.582453172704,317.42667084775576,826.76,0.0,-3146.6602922868947,420.48096790164203,344.8410776659894,897.05,0.0,-3957.6312227322373,113.21698113207547,6.050112609245358,0.053438208197650855,1
85.80198778777127,130.04330714514487,481.03,0.0,-683.1348122993817,59.32895700965426,92.4827555442646,325.27,0.0,-442.9131684818059,26.57025992243584,42.793519673429586,179.96,0.0,-169.85306729300552,44.801886294248696,55.47211940036326,263.01,0.0,-299.6350550184693,10.619833319580824,16.011979475131977,90.86,0.0,-51.62014246041573,69.13657479990097,84.65148725191746,469.48,0.0,-501.07144873424164,62.58113210660945,88.31539314775634,394.02,0.0,-457.91932063713057,31.355482300519846,42.66777283322158,158.84,0.0,-196.09654376007285,83.04327419754105,128.11861521299718,506.55,0.0,-659.8914024759812,52.02901064444261,81.43123607934379,292.16,0.0,-379.72193312426293,25.922386335506232,41.2028116459413,166.76,0.0,-164.08014146425393,51.63010066837198,61.37023799059385,412.94,0.0,-352.2944146948523,8.658013862529911,11.43241967086549,70.18,0.0,-37.66345726874456,68.4909068404984,82.28709688894074,335.72,0.0,-495.13695761153,53.50721676705999,76.48548413053203,333.74,0.0,-379.9515570350585,46.59964518524632,57.15115166051312,226.93,0.0,-311.45747471224655,390.1961135407211,363.1056481488496,1133.77,0.0,-3686.378222018901,389.8805545011964,361.11726124745377,1084.6,0.0,-3680.6764409309844,105.28070175438596,15.232990958529074,0.14468929922282242,0
118.03119811865666,171.27778240485202,574.64,0.0,-977.8086137329676,56.872777456885885,87.40232914434068,296.23,0.0,-422.6099991012806,31.743518442115686,51.7167043657316,216.92,0.0,-211.51302293523423,96.6404777621916,109.88852130684087,370.59,0.0,-740.7714994441841,8.33705421239376,10.854617164653297,57.2,0.0,-36.2756546626259,100.50621668454492,110.64024376380168,365.75,0.0,-770.0959226543828,63.63159171548808,77.75356135641353,307.23,0.0,-451.6767119093269,25.47173034078719,36.11803135294303,152.79,0.0,-153.74655167745632,97.17963115768627,143.23298475668253,544.94,0.0,-777.8086605014893,60.31661523227989,86.46813228570608,292.16,0.0,-440.38904600571533,36.21630415050746,54.99110280462822,205.92,0.0,-242.89546741180715,123.5322147041835,134.64612841708748,398.42,0.0,-987.5980546407043,28.407384272629752,32.06840560756323,137.72,0.0,-166.93748119365262,80.05828863767638,86.64629819177509,272.25,0.0,-587.7038387962333,96.36528261407706,111.05812792787263,379.28,0.0,-736.8604681856398,27.064719861374698,31.361953886024576,122.76,0.0,-158.1674606036947,501.23456473306373,452.10333928116535,1362.02,0.0,-4885.137290352495,549.140440630415,497.742666178555,1433.19,0.0,-5436.836031608075,107.6036036036036,9.80281195112791,0.09110114924440707,0
13.61436752207278,26.02304102408456,254.43,0.0,-76.44984204022393,35.66152982919383,60.226241690291324,275.55,0.0,-245.64864840280111,63.27037709381962,99.53399800332552,368.17,0.0,-478.3289735140133,50.3718945457546,67.64765903959665,354.2,0.0,-346.90405110884893,84.14157686277746,87.74284227299262,284.9,0.0,-616.5526976150666,48.04674560607311,67.5139533729518,271.15,0.0,-330.8779529309128,51.21388150837528,67.97000020195603,253.55,0.0,-353.4344164338638,36.490582556316525,42.59401209267874,224.84,0.0,-226.88042777158867,14.068336496410597,26.988771330392794,198.55,0.0,-79.88448456315606,38.08405313969799,61.98540010278456,277.2,0.0,-263.3118953063504,63.76772340952223,105.08733604909274,496.1,0.0,-488.34736985140904,90.34466375113458,106.6320956674008,392.48,0.0,-687.856294570347,61.75654509447975,66.59575241418018,216.04,0.0,-428.8374697812074,69.49791649476029,85.60965369243134,322.96,0.0,-503.329426847527,89.50313062133839,101.94145399053865,361.57,0.0,-673.573227196303,41.639497483290704,47.178760433020514,237.05,0.0,-266.1135979111588,382.81095552438325,325.9786447670663,927.08,0.0,-3561.219622266614,468.66186649063457,420.34174298751094,1103.96,0.0,-4530.978991056529,99.09016393442623,19.44686080207016,0.19625419950802875,1
125.88778859641883,113.08569524513786,353.54,0.0,-975.6300076367771,72.86439392689165,68.49737014623643,240.13,0.0,-511.2851439287715,57.04533377341364,53.15286731173997,161.48,0.0,-379.9983710459773,38.44827213466458,42.408997911274405,222.64,0.0,-236.55547106645753,66.54905602772506,61.37201803460717,199.87,0.0,-453.1645329280655,20.12036059080782,25.33459761114906,132.99,0.0,-109.19221878799878,69.74625381632147,70.5799723485198,260.15,0.0,-486.9253806905179,14.026792639656735,17.207177473355312,133.65,0.0,-67.1994491783718,85.289637758891,87.74447619277372,271.37,0.0,-627.9655227603043,46.08176747256374,48.16007857954464,170.28,0.0,-299.4424614876373,52.72828533707401,56.27358818782344,169.07,0.0,-354.9947993664792,46.74628764749567,45.483025410605606,165.33,0.0,-299.43378209862743,20.933102566218334,21.886885401963635,80.3,0.0,-111.49114669837174,53.56931925076326,51.645819974054625,171.05,0.0,-351.97676815714675,59.532056275270236,59.41987938163455,201.63,0.0,-402.1339335892625,35.97452925158841,34.54691257627278,194.26,0.0,-214.0772578383401,464.6882515058998,326.5449062908669,876.26,0.0,-4345.64853761774,400.8549855598647,332.2236574117939,901.67,0.0,-3724.83280927836,170.05714285714285,8.876752485784289,0.052198645329712724,1
19.34603102566218,42.9776322163176,308.55,0.0,-125.13696054724052,47.52299529664164,86.83297543889726,411.84,0.0,-354.151573782364,44.934323789091515,87.10065118321693,422.51,0.0,-337.88254839404027,101.62000412575296,111.37611770412359,388.74,0.0,-779.3206993427484,95.04150672497731,96.02860853081742,296.34,0.0,-711.4848787329955,57.49865830514069,62.0039711055363,235.4,0.0,-393.73852767056337,82.12620513243668,89.14543598492017,344.19,0.0,-604.8583802568116,27.830653519267265,33.19255647728107,255.31,0.0,-160.56844529926346,25.334228071623066,55.493073573058055,393.25,0.0,-171.72077733159466,51.00720604010232,88.01005511213685,442.53,0.0,-377.4310189624113,48.02549715323047,88.62611541912084,414.15,0.0,-355.51928021190287,101.91841736116842,109.94763068372679,475.53,0.0,-779.244056365948,86.94658140110569,88.73737719101672,294.14,0.0,-640.6248964046705,58.626705173694205,63.29043200432275,257.18,0.0,-402.7764496445416,97.14690073438403,113.16483565648883,439.23,0.0,-746.0848967634198,29.299165772753526,31.227880194882893,194.26,0.0,-169.60785581175435,475.9203779189702,417.60109845384704,1221.0,0.0,-4595.102810660548,498.3047017080617,434.4905409982553,1278.64,0.0,-4838.610691104133,95.75396825396825,24.91626819491428,0.26021133796595103,1
121.23838022939188,111.36296864711582,341.66,0.0,-935.4831668189692,79.2993893885634,75.92935256079909,279.95,0.0,-566.9805075658973,59.90830184008581,57.053803896919675,194.15,0.0,-404.3750913143287,35.44019556068982,41.6212920010539,228.58,0.0,-215.53241730600638,52.33681821932503,50.35481993523235,188.76,0.0,-340.61713786991515,24.66198366201832,32.74807927883567,154.55,0.0,-143.10479007383984,74.29999422394587,76.57081302053628,292.05,0.0,-526.3677011652663,19.53854690981104,23.986854684373178,154.33,0.0,-102.62466358771451,85.02026074758643,87.14693610873174,271.37,0.0,-624.0861934550145,47.69139450449707,49.841050894216316,174.46,0.0,-312.1067331810968,51.55402921033089,55.48280970385496,176.11,0.0,-345.30463149310646,37.18849575047446,37.94398986599676,167.97,0.0,-227.6670264340354,20.05648815908903,21.254066059565307,87.78,0.0,-105.57369632200151,49.94514646422972,49.50524714347742,180.4,0.0,-324.09114660193904,64.44616717550953,65.41012271392243,242.77,0.0,-443.3466821718638,37.9028830761614,39.74884616777849,229.24,0.0,-231.2319729979662,466.72361003383116,323.4476343959198,882.09,0.0,-4363.679249876745,393.80486508787857,323.7421179412447,885.06,0.0,-3645.714607122413,160.65333333333334,14.707361724282466,0.09154719307172254,1
82.40198118656654,97.90140139628757,296.89,0.0,-618.7165176311378,51.69219407541876,64.66918874432558,221.32,0.0,-357.11442196403766,53.77589487581484,67.03814943989683,242.99,0.0,-374.62345172680944,43.935728195395654,54.0811578558712,299.75,0.0,-289.9118032226698,5.290211238551035,6.712674221389779,23.87,0.0,-19.63053075123988,81.65707814176086,91.07637502068202,290.29,0.0,-602.8777486675231,60.610490139450455,72.32998815138677,298.87,0.0,-421.4029030025462,34.74643947520423,42.64283476912512,168.08,0.0,-216.9549766831764,81.71554996286824,96.96548338928322,331.21,0.0,-611.0657245532776,59.63157273702451,73.05753110434453,242.99,0.0,-422.43451381087385,40.91498968561763,51.2394634847073,197.12,0.0,-269.32461366432847,62.462300519844874,74.33112189891375,330.99,0.0,-442.07168186413423,10.837745688588168,12.580926032201528,42.35,0.0,-49.442139737118296,81.93109332453173,90.19737412366638,291.5,0.0,-602.8897280414817,56.76995709216932,76.33086927723936,322.3,0.0,-399.79307719085796,31.031663503589403,35.53403873856259,143.88,0.0,-186.30243872476515,414.1100173281624,367.2900781109896,949.63,0.0,-3914.4559826495756,425.2948725142338,372.0925772703919,940.83,0.0,-4035.155898210883,125.43157894736842,4.3009243353614295,0.034289007373223886,1
118.77298787028631,151.7415422560149,527.12,0.0,-964.0049024874822,74.7987383447479,98.46696119947798,299.09,0.0,-564.0944508343704,17.541664328739994,22.714722223071547,83.82,0.0,-94.51048912970428,109.26526281046293,115.89536798929686,500.61,0.0,-844.4599719529184,6.436075583794042,7.278509465373043,28.6,0.0,-24.34223932388467,66.72695849492533,70.75157462894704,326.81,0.0,-467.2953574075288,114.52331545507056,134.23148423782175,576.29,0.0,-902.5671626237405,32.17817229144319,39.04230436772564,165.0,0.0,-194.94514535870718,46.58817229144319,74.43707908209328,270.05,0.0,-331.948905936096,57.60861292185824,92.62021469881343,318.56,0.0,-433.059721137385,8.42656819869626,13.605704941141665,54.34,0.0,-40.14148072496868,68.53840498390956,79.30202338466997,375.54,0.0,-492.8962939617051,3.1648395082102487,4.589465058781147,22.44,0.0,-10.113530832355579,83.03893555573893,86.12396419092724,313.83,0.0,-609.4703782587248,101.1467291030613,112.305993734869,440.11,0.0,-774.3529593146751,56.668552685865166,64.89425118543554,244.86,0.0,-387.75904282768374,540.2431751794702,461.74279983002344,1276.0,0.0,-5299.937950459822,425.1808152487829,389.19948600837,1092.96,0.0,-4056.784069594446,106.23008849557522,11.357434000328356,0.10691353232565014,1
95.9250647743213,100.52345592742874,374.66,0.0,-725.4217931213911,103.14526363561352,107.31066792100404,315.92,0.0,-792.6015481792989,81.76701460516544,85.51869290969252,274.78,0.0,-602.0362511172485,55.5503539896031,57.19810426414451,244.75,0.0,-374.15446858414293,49.69233435101906,53.50501830728722,206.36,0.0,-327.90847155329044,39.36739252413566,40.845080081678944,190.3,0.0,-244.70825885859287,59.63524878290288,59.38941385239664,223.74,0.0,-404.7583903345883,16.97145061473719,17.4591231678105,182.71,0.0,-84.86014493837493,65.24759963693374,80.37480192383177,330.11,0.0,-470.7706350115001,89.82389058503176,102.84266528349184,304.04,0.0,-684.1716134550027,61.03002227906594,69.27783472700281,216.81,0.0,-429.9279401948921,73.1198927304233,73.5409521542554,253.44,0.0,-521.3706548383875,72.10082019968645,71.75623638707596,269.5,0.0,-507.91256377991044,44.73309431471243,45.47090461198019,184.58,0.0,-285.0635940878939,80.4599669939764,84.48870248389463,336.82,0.0,-582.4857167091882,23.285817311659383,21.175019896942356,137.39,0.0,-123.17021018694271,502.05412327749815,436.1361795599553,1138.83,0.0,-4873.455223600756,509.8011040514894,424.2622824154752,1100.88,0.0,-4938.040454328348,107.33928571428571,3.252893139270057,0.03030477720830531,1
69.13475636138867,98.16966977670366,381.37,0.0,-515.6468690044442,34.80515813330586,51.194883994360914,175.12,0.0,-228.4216099764665,67.91209848562893,105.14944670401597,405.02,0.0,-516.0562326902668,56.669479756876484,69.76124859334618,292.93,0.0,-396.4485797634925,18.414568867827338,19.396592191260012,80.19,0.0,-94.78742554140767,75.89824353559287,82.21734554279064,266.75,0.0,-548.7047550367672,69.33237560523332,71.02413421915224,255.75,0.0,-485.6381710489052,38.59112084063047,38.74803481945846,144.43,0.0,-237.81833448674567,84.55807767590399,119.97196115230825,455.18,0.0,-656.0176947837964,52.46820953950757,75.59899692792133,272.36,0.0,-375.36630136316893,37.749173792108785,55.1228229723581,205.92,0.0,-253.37568311753336,71.74618831770887,84.09918766245903,377.63,0.0,-522.0324389558051,56.379005872051096,55.733586025674015,189.97,0.0,-377.19337927803946,50.37653239929948,51.9688982811128,205.81,0.0,-331.3522790923344,128.21275677346244,136.07339103510728,446.71,0.0,-1016.7831697898602,31.170421345420827,31.120447781684526,129.47,0.0,-181.388783829903,430.757801586484,392.199370411554,1211.43,0.0,-4103.4769951677645,512.6603657154631,446.83659060132544,1280.51,0.0,-4993.669003758935,108.52272727272727,11.669674445025986,0.10753207865573684,1
108.4045143988778,138.9845183213132,489.06,0.0,-866.1267216590703,58.18437247297632,79.09282921064438,250.58,0.0,-420.35542073896073,45.35323871606568,62.28560491769928,240.68,0.0,-312.7765591462158,103.48562010066837,114.0928986297656,443.85,0.0,-797.3461333825918,23.39111560359766,25.632679706309187,112.31,0.0,-130.0307297051988,67.81542206452677,75.75777558071978,299.09,0.0,-479.67326419145115,61.29041340044558,72.14470524813503,298.87,0.0,-429.5204890971834,26.867420579255715,31.324799170468165,133.65,0.0,-155.70000910956327,80.63569106361912,116.64032540069046,506.55,0.0,-622.354901037942,44.03579833319581,66.09446878257957,218.35,0.0,-307.04162555083036,44.04262397887614,69.63460166506083,300.96,0.0,-311.3306687149283,106.87182110735208,117.0519855170498,440.0,0.0,-828.001294466792,14.699990098192922,16.18022997466578,67.65,0.0,-71.85643495513953,77.93550375443519,85.58637315927456,320.87,0.0,-566.8169960598997,86.80267101245978,103.30907256784324,395.34,0.0,-651.7939896775507,21.90281623896361,22.182429105823473,93.5,0.0,-117.59911591634389,494.79211733641387,433.11348485609886,1194.05,0.0,-4804.199861935716,476.92691558709464,410.25606702802514,1159.4,0.0,-4592.187064054707,105.29565217391304,5.271702823720785,0.05006572175471883,1
74.49471573562175,90.99894797569839,325.93,0.0,-549.0829814845031,35.15479825068075,47.464101832084,186.12,0.0,-227.54712649012316,23.61904860136975,32.3847217567459,109.23,0.0,-140.3256649237449,60.22419671590065,72.15920457820864,243.21,0.0,-426.0053700193603,14.732738674808152,17.936958111936946,52.36,0.0,-75.21037262449886,107.23739252413566,99.34370502094254,303.49,0.0,-807.2353950025812,109.94856258767226,97.10659609018069,299.09,0.0,-826.0594698094002,70.55179800313557,62.65312606436771,173.25,0.0,-485.21505802961076,84.99662513408698,108.44606084590386,352.88,0.0,-647.9149117717163,48.65942899579173,64.10610432404727,214.83,0.0,-335.19707214108513,19.515982341777374,24.80440058232054,99.66,0.0,-107.97364665471162,64.35414803201584,75.48258582306507,262.79,0.0,-457.4531256431567,5.702200676623484,7.188763586904534,41.91,0.0,-21.632206254914646,125.03417443683473,115.57945128980232,352.11,0.0,-968.381835254424,73.30183430976153,64.62470523890526,289.74,0.0,-504.5797528479355,78.26533129796188,68.14908213065553,209.44,0.0,-547.4604035716789,495.9632510933246,436.66539495560846,1187.34,0.0,-4799.209783028656,499.8297252248535,411.8625200239485,1165.01,0.0,-4809.039263623882,119.20792079207921,6.082464377587196,0.051023995194045414,1
46.94378661605743,61.46965614604316,271.26,0.0,-319.0143712222508,63.400282201501774,77.19447800904078,277.75,0.0,-453.2035959092171,65.34761531479495,75.80239732940362,245.19,0.0,-467.1461387022991,71.32127155705916,76.21135734580238,289.08,0.0,-506.8910208934528,88.76407294331216,91.94637791442236,298.54,0.0,-655.4136624456661,30.616479082432544,37.74869528099369,159.28,0.0,-184.52088134452168,70.93403416123444,76.30261673079212,255.53,0.0,-504.1648825694031,21.24918805181946,22.14430117759382,133.65,0.0,-111.80346805099137,32.158975162967245,46.745976214972174,252.89,0.0,-205.5399379589033,58.65487003878208,74.24016930004053,271.48,0.0,-416.2234310366427,29.59650796270319,36.21597609094046,152.9,0.0,-179.74466848098146,106.41740737684628,108.10526273210327,343.53,0.0,-814.9438367505999,66.75625794207444,72.26732136865152,249.7,0.0,-469.16708545881386,57.624215694364224,62.15242377717877,206.36,0.0,-392.3134840999521,40.64180955524383,50.75106096194252,211.42,0.0,-261.42338395596903,26.114475616800064,24.747858377417508,113.52,0.0,-144.53303897034255,458.57672992821193,362.7515735305567,902.99,0.0,-4346.276383231263,417.9645193497813,342.4987896465189,905.19,0.0,-3924.3949141531357,122.55102040816327,16.984460153736688,0.1385909321453951,1
117.38832157742866,129.2815811855861,402.05,0.0,-926.8182405464264,70.86422891952549,77.91913727086823,242.22,0.0,-507.3884625799696,63.74609329913434,70.8402264589387,217.69,0.0,-449.30876982261844,38.58908624559154,42.74190953068062,169.62,0.0,-241.60980766328012,38.800516191086885,42.21481455480315,153.67,0.0,-241.79880272476427,48.0195319012504,54.67805788211321,217.03,0.0,-316.2032157683082,117.1364042962488,120.83919914640447,446.16,0.0,-909.8119505256818,39.99293523565245,47.860020920992554,149.71,0.0,-256.63165949706587,129.39256973388908,136.33817044472895,390.94,0.0,-1034.2806391800552,75.227092016672,79.00018983245238,281.82,0.0,-541.5416008066122,88.42594581596664,94.07812756214646,270.27,0.0,-661.239515899595,25.692741263225393,26.147578846474605,100.54,0.0,-143.76370197704082,29.0490638025008,34.07067091921786,123.53,0.0,-171.79384788773245,47.59300416800257,49.502617390589144,182.82,0.0,-308.5554724348828,94.36613978839371,95.5219615628875,313.17,0.0,-701.5379570177283,64.24118146841937,66.14424820107472,214.39,0.0,-444.0049847814854,534.5371176659186,444.42293404077026,1116.39,0.0,-5214.1567700964215,553.9877380570696,469.4402268082843,1209.12,0.0,-5443.031266425445,103.73684210526316,9.123954043950565,0.08795288018014243,1
34.74852710619688,48.65211047395073,222.75,0.0,-223.48599368853732,74.0472728773001,87.40377074279158,304.7,0.0,-543.9430766196189,70.50976400693126,85.53548480541969,288.53,0.0,-515.0382906287995,97.84420579255716,99.39858241825621,342.1,0.0,-737.1746770573641,57.63519844871689,57.60561620315222,173.36,0.0,-389.6987028683699,54.9141348296064,62.49243206944814,217.03,0.0,-374.1675791741798,44.23838022939186,50.433101081061054,200.09,0.0,-286.8965099547891,27.534082845119233,29.05198716233999,165.77,0.0,-156.80197165179672,30.656343757735787,46.404221546099,206.47,0.0,-195.86483862799344,72.23319415793382,91.81238924010336,277.64,0.0,-536.1250332658251,70.08082845119235,90.48731927854425,296.12,0.0,-517.8714382113716,86.07499546167175,91.57150182793362,277.09,0.0,-639.3325335721701,57.01766812443271,62.83855269224389,218.24,0.0,-390.3538100171231,63.00046455978216,75.38568923818615,242.55,0.0,-447.3939108660322,43.68126413070385,61.80098711685226,247.61,0.0,-295.3128598342912,30.38223780840003,32.851384810384324,159.06,0.0,-179.14119652815344,461.4715661358198,390.39354072034064,1020.14,0.0,-4417.611607684618,453.1269964518524,396.98047301560723,1007.16,0.0,-4344.5658503198165,108.06306306306307,11.442200443009426,0.1058844726280989,1
81.98567604581673,123.78528215795863,463.76,0.0,-648.5967910034558,29.108886952191234,44.87735278355588,155.21,0.0,-187.59281672692498,34.14616658366534,50.40203781762165,175.67,0.0,-225.64045541279705,23.5956984561753,30.99397218714403,170.06,0.0,-137.15101327451742,1.8058105079681275,2.2921303397650092,7.7,0.0,-3.948519927945416,58.49323954183267,67.25135130855797,312.73,0.0,-404.50348169671173,66.05586279880478,77.77861617399626,265.98,0.0,-467.0835798534339,48.95013695219124,67.71963710499813,273.46,0.0,-337.556840779846,79.69578062749004,117.36529289342461,490.27,0.0,-620.5447082761765,25.580998505976098,38.78232009551561,139.92,0.0,-159.20541516828268,36.857587151394426,55.36783014054267,211.86,0.0,-247.71268021681865,13.987666832669323,19.499812899029745,167.2,0.0,-72.17090828403178,4.875949950199204,5.319064771537357,21.23,0.0,-16.234642739719828,39.515938745019916,46.25335480823168,204.38,0.0,-251.9253995615447,66.01606449203187,86.78803961480867,325.6,0.0,-477.95962551197186,34.94284487051794,45.64930118569036,162.14,0.0,-221.61102839471022,344.1414778386454,295.1514861441956,860.53,0.0,-3149.4846615210363,301.4728311752988,268.66582431268205,755.59,0.0,-2713.800922616046,96.1219512195122,6.956993750636905,0.07237674290183027,0
101.06477597161482,143.8557641247558,534.49,0.0,-816.3862497542656,65.52104299034573,92.0033917172831,306.24,0.0,-486.9725677728306,62.64371565310669,90.39009018688067,301.95,0.0,-465.26237829601354,44.2140275600297,54.68391522059319,237.38,0.0,-294.2190165026136,12.712628929779685,15.92663285450536,74.8,0.0,-61.324764692566056,79.67558049344005,97.07548620050981,403.92,0.0,-591.6873196257824,112.40962538163215,140.4933674480663,582.56,0.0,-892.1248906315182,33.953929367109495,45.61176299340891,224.07,0.0,-213.41044521366092,81.32956514563907,130.1816743940279,568.37,0.0,-646.386853856721,67.95036471656078,103.4149482952097,384.23,0.0,-516.2877960569915,46.88280056110239,72.38475963470684,281.38,0.0,-333.1006670237501,62.37812360755838,76.27831310458389,408.1,0.0,-443.10822871550596,13.390718706163874,17.431080548639695,76.45,0.0,-66.78263305286539,73.92319498308441,95.04821384991895,429.77,0.0,-544.7644735084734,103.88403086063205,139.7727573966848,642.62,0.0,-823.8211688388467,38.006946942817066,50.39172985581019,216.92,0.0,-245.179065044439,512.1953263470583,454.75260249733503,1283.15,0.0,-5007.552338212194,487.745745523558,439.1449549757875,1258.73,0.0,-4741.565081257871,106.67256637168141,4.034020103135017,0.03781684682713265,0
85.86186843703896,110.36967497041057,375.54,0.0,-658.1764397247847,45.73737568341578,55.60358037391469,177.43,0.0,-304.4080434060951,61.20255662587867,74.85701128435407,273.9,0.0,-434.41807513377296,77.56806126876681,85.4162982791109,281.16,0.0,-565.1561551866206,27.255466458387573,34.98721739895175,126.39,0.0,-163.6714382546757,67.92437472880327,70.67460066349045,254.87,0.0,-474.3860980258802,93.23168706066129,114.26471941912594,402.71,0.0,-712.8184977502559,32.25311116896641,35.172626497599175,123.09,0.0,-192.35881995985696,96.35872081923111,124.2929672570014,488.29,0.0,-754.1588238047804,59.67571118632301,72.93183281333094,295.79,0.0,-420.89522949674995,35.864782608695656,45.792428413847574,190.85,0.0,-229.31809850893046,72.19473834938817,86.99801173182534,334.07,0.0,-524.0074155549659,36.44522520177038,40.07614056107652,159.61,0.0,-224.1994948874157,65.43186236223205,85.79157398475918,367.73,0.0,-468.9197211942941,65.49581185455177,77.10155315955981,321.31,0.0,-462.88298671390237,27.10790245595765,33.49124836691747,115.28,0.0,-158.46621249878135,491.03450143191884,408.35263627163795,1003.64,0.0,-4734.376913646089,458.57475483814983,387.03537420591414,1011.23,0.0,-4382.786905540357,102.72477064220183,4.985983214684921,0.04853730199166351,0
97.49716890832576,122.34878324303035,429.66,0.0,-760.4240920208032,89.50790494265202,118.8650878431299,403.26,0.0,-697.0103322830536,51.63235167918145,68.00300560416692,247.28,0.0,-362.00729498284073,42.77259097285254,59.303219842103424,271.81,0.0,-287.145947077021,18.292621503424378,23.152948723111578,100.87,0.0,-98.63577385041427,55.63529334103474,79.63764905248748,326.26,0.0,-394.882516883358,61.414799900981926,88.218415119292,374.55,0.0,-443.99743772673656,15.705874247050087,18.189250845395527,74.69,0.0,-79.29507243652337,105.40309101411007,138.93546235445456,547.58,0.0,-841.1762239997098,72.24503011799654,91.15068350061486,347.93,0.0,-535.3760673434625,62.5637321561185,81.61903284665419,316.58,0.0,-454.0675622204417,79.72552025744697,99.35125171690366,401.39,0.0,-596.111075999021,20.990013202409443,25.131313577330435,105.6,0.0,-116.34214766983077,65.2779156696097,82.46206399368144,322.96,0.0,-464.4036497712075,87.09720851555407,107.78422497242207,483.45,0.0,-650.4288514692422,23.22200841653602,30.14757823055364,131.67,0.0,-133.36575661264592,432.4586054955029,390.0021543599461,1137.84,0.0,-4128.094476184361,516.5245193497814,463.6801501168755,1300.97,0.0,-5058.749813664039,106.16814159292035,3.2366886139218374,0.03048643939094504,0
108.0977738095238,145.4350638132139,532.51,0.0,-871.5710234401312,57.13858333333334,81.36305579384357,261.03,0.0,-415.657323763922,42.16401190476191,60.41900892320034,229.35,0.0,-289.042825466879,94.07880952380953,103.80716295136544,367.62,0.0,-712.2840397443798,25.17307142857143,27.437568493801354,114.51,0.0,-142.47480046934473,72.96303571428572,80.7085836082281,312.4,0.0,-523.6845424352002,63.74988095238094,77.31188792334295,323.84,0.0,-452.9173590037802,30.215678571428572,32.757938354753435,117.59,0.0,-178.01011390142,94.11854761904762,141.48012378081046,578.16,0.0,-755.1632408783811,38.12957142857143,58.08037817630014,191.18,0.0,-258.9079212420899,37.62589285714286,61.692982485954836,238.59,0.0,-260.8121675591049,131.82707142857143,140.9053166575905,562.87,0.0,-1057.860447161213,31.90528571428571,32.22868570912278,165.33,0.0,-188.5907969302153,66.64661904761905,71.60054457426331,227.81,0.0,-469.35016729877776,64.37965476190476,78.8857677458805,342.76,0.0,-458.8801130623346,35.75382142857143,33.279343042988,113.52,0.0,-214.17384804721658,493.5808452380952,436.167835909827,1209.56,0.0,-4796.559353572974,500.3864642857142,434.23738323283897,1213.85,0.0,-4864.25451505629,102.4090909090909,4.443167286653754,0.043386453753387746,1
37.02027690065582,53.96633037624884,214.61,0.0,-246.9376244888795,25.50601287345154,40.501746342463356,149.27,0.0,-159.40054942121296,28.335780908428468,45.42292573706619,182.38,0.0,-181.93697639070305,63.58717391304347,73.89766001086232,287.1,0.0,-448.02690053024986,58.76822807869809,63.17334111108257,232.76,0.0,-401.55699731374796,51.33954092786009,82.31343550341654,293.48,0.0,-369.94036907515004,53.022471459800826,77.6391609004123,276.1,0.0,-375.1557324681321,20.03846247267428,28.17276854185543,180.73,0.0,-110.15936792135106,22.235550157881953,37.12149403188553,172.92,0.0,-136.53924322977568,33.08118411464658,52.269079672799826,199.76,0.0,-213.90399110886597,23.223212290502794,41.459503768139555,166.65,0.0,-148.64746569556783,83.77248117561331,93.77234290635693,338.91,0.0,-617.2904492309194,64.16818071411221,67.97046997699266,226.05,0.0,-444.6604439190513,54.36368593636143,84.78017912252022,326.48,0.0,-391.0241946169205,40.77064367257712,56.990456618756326,259.6,0.0,-268.13903556687416,24.48174641729414,21.87091802585069,188.21,0.0,-126.40770302882315,337.61794753461254,301.2242987617811,869.44,0.0,-3087.6930026683995,346.0966844789896,297.35944270296955,880.22,0.0,-3150.866086305104,98.37349397590361,9.545971008280278,0.09703803964326553,1
78.2755516131694,111.44487843884522,438.13,0.0,-604.8804390854987,83.06964188464394,115.94479589582784,361.9,0.0,-647.1347219931079,44.725769452925164,63.13559943604072,233.31,0.0,-309.37103424533933,74.61789504084496,87.24744620860525,343.53,0.0,-546.6590785369103,15.261744368347223,17.117045228077448,76.34,0.0,-75.71734731472667,89.86172208928129,99.00074700282694,394.79,0.0,-671.2815935867629,83.60736116841322,101.2027377130745,428.67,0.0,-625.1770093835669,25.533215611849165,27.17005141118756,96.69,0.0,-143.63131761556625,63.89810957999835,102.50645438850242,518.76,0.0,-485.4245468823792,54.502771680831756,79.19334896946852,248.05,0.0,-394.3453156922255,53.48760211238551,80.97152035509774,296.78,0.0,-388.09260999688695,106.44522732898754,116.0839935737727,445.72,0.0,-823.6201611679511,15.24615067249773,17.078858207846014,78.1,0.0,-75.92411149683079,77.37143493687599,90.61113194064978,311.41,0.0,-569.273398184247,74.10421074346067,85.23909951008216,344.85,0.0,-537.9926097823865,23.374487168908328,24.05517929526371,90.97,0.0,-127.92547772312926,494.95290122947443,434.2951779404852,1219.13,0.0,-4809.519783597218,468.4299942239458,402.4918688314218,1123.87,0.0,-4502.202118543656,103.59482758620689,4.464377101153975,0.043094594635421576,1
30.46940540540541,41.779404146053146,167.86,0.0,-191.2339110453715,31.220172090457805,45.46173381675078,161.04,0.0,-195.96415048224216,26.853590733590732,41.42173856716143,173.25,0.0,-167.38140691131446,60.64195035852179,69.6209555556264,307.78,0.0,-421.50168718767134,54.85307446221733,59.16145797214078,215.27,0.0,-369.88463700292715,52.75421621621621,82.67806046581518,312.62,0.0,-379.69808737937683,59.937015995587416,83.6078803356995,324.39,0.0,-428.10489226192385,24.78311527854385,37.82680764505583,258.39,0.0,-145.8273502364783,23.75849531163817,34.83138392975194,141.24,0.0,-142.71714811613452,33.340617760617754,49.98277162724324,177.87,0.0,-214.59769815975068,21.192407060121347,34.74350959094169,135.96,0.0,-129.0425272844085,79.71409376723662,85.35676734766939,299.53,0.0,-576.9565691995505,62.793375620518475,66.0244403602756,234.52,0.0,-433.09156150575296,53.69641809156095,86.32510890760022,328.35,0.0,-387.92544789871977,45.83523441809156,64.91887171158494,295.46,0.0,-308.62401024719185,30.817328185328186,28.9981605900258,244.2,0.0,-168.95266381885565,341.51254054054056,298.4387708285133,851.95,0.0,-3114.4392623025633,351.1479702151131,296.87545209401094,870.21,0.0,-3193.5470346905577,97.4065934065934,18.69475922447399,0.19192498752562423,1
128.94539409787075,149.27940770907693,451.11,0.0,-1045.6982840207033,87.99192566305567,104.61517361686361,349.25,0.0,-665.657237414752,64.92831154277177,77.74614703248501,254.32,0.0,-465.4163331826607,45.41931639895406,56.69589232161858,240.02,0.0,-300.9370483513969,18.906111318640267,25.774639597187313,105.82,0.0,-105.00061207696803,81.4053623459096,98.72780372187492,391.16,0.0,-605.303796384951,108.22132424355621,131.7251836659377,499.18,0.0,-851.2744793997,29.45659880463205,36.053927337524726,149.71,0.0,-175.71851106600985,107.09032125513635,121.13563490618857,393.25,0.0,-836.1191791071802,70.52259432200225,80.04038053966286,257.29,0.0,-506.87022516155537,55.89694994396712,66.21366850802303,218.13,0.0,-388.27708186401674,75.69240941352261,86.15483112062674,378.4,0.0,-548.5549482723986,9.794067986552111,11.578370491666607,48.73,0.0,-42.807690435185826,100.30259805752708,107.58963813813924,365.64,0.0,-762.2239422966887,63.657723197609265,72.59013754497397,283.25,0.0,-444.959638325776,29.151828539409788,35.28800688348984,148.94,0.0,-174.35820280665803,565.2743444153904,471.943289958943,1274.57,0.0,-5565.611043565742,512.1084927157265,437.99674679087565,1136.52,0.0,-4976.085556375069,113.53333333333333,6.90764471839393,0.060842437331714,1
29.637516296724147,64.92661804915844,480.92,0.0,-204.54107972260294,75.98855186071458,116.20351673841547,420.64,0.0,-596.6039987195785,58.54304563082762,87.01069091363945,290.84,0.0,-434.7207175190376,51.91371895370906,67.81057369163535,335.39,0.0,-359.6834180305591,25.15435596996452,36.36677597814844,194.59,0.0,-149.4548295899364,77.37853288225101,102.96752849062898,425.04,0.0,-582.7288377980027,51.99149682317024,87.11441196504067,417.89,0.0,-380.59229769825805,33.91746843798993,62.70452822747617,307.78,0.0,-229.5124205303554,37.77717138377754,67.66884445015906,471.13,0.0,-262.5397444261734,54.989770608135984,83.0843296269145,314.93,0.0,-405.0094238617368,52.15543031603268,78.60945957984012,262.02,0.0,-380.823256870972,57.772092581896196,71.58091399249984,336.05,0.0,-408.6986067805636,36.9583117418929,51.1796042701272,241.34,0.0,-239.7814639386506,67.24913854278407,90.75981788501197,354.09,0.0,-495.80373550150017,86.93428253156202,134.892360460778,510.29,0.0,-692.913970787949,28.592094232197372,51.05427685933735,282.37,0.0,-185.77166140680282,404.5246868553511,360.0036731127293,939.29,0.0,-3823.3445045884237,422.4282919382788,383.8274572372834,1068.98,0.0,-4024.544459878914,100.89915966386555,16.278250147520883,0.16133187037186517,0
106.93264502394891,110.51926404406878,347.71,0.0,-821.4079888145615,52.51974587546567,58.85325008480659,203.28,0.0,-355.66881066681896,51.35265699840342,56.69951957986984,168.96,0.0,-345.872531343576,34.929998004257584,40.82888733481722,209.33,0.0,-216.48271329967116,11.558188531133581,13.941232524460355,48.84,0.0,-54.572402203455766,74.22056080361894,74.67897690971198,285.45,0.0,-524.4055017055142,106.91942921766896,104.16321916244769,343.97,0.0,-807.4296598420723,28.891018493879727,28.99276209514125,99.66,0.0,-166.14361249685942,135.4796720329963,141.58327166930243,425.59,0.0,-1090.280320514159,48.68707424161788,53.16608413744288,229.79,0.0,-322.07906180896146,40.228877727514636,45.22829839818975,153.78,0.0,-257.36947406056333,35.31298563065461,41.885573075213735,218.57,0.0,-219.3957858987438,11.606456226716338,13.336660045867227,52.8,0.0,-53.61019046570259,71.58044372006387,73.37790967887518,270.71,0.0,-504.5697823339355,61.557154736562005,63.45492082507431,231.11,0.0,-418.66928516450474,59.45276077700904,56.52104965956191,184.58,0.0,-398.5013774259327,467.3242429483768,383.89879116726195,1006.17,0.0,-4449.308571702201,463.9054250931346,386.89899958501894,991.98,0.0,-4418.458429721152,120.90243902439025,13.680093325732596,0.11314985401554094,1
100.97900953389832,137.18366815413737,484.99,0.0,-807.2524677969384,53.86645233050847,75.79767653079485,258.94,0.0,-385.8336483834169,41.9924533898305,59.936291686075606,220.11,0.0,-287.6180346774218,76.87229978813559,86.57296953046755,352.77,0.0,-562.8391762505872,24.305618644067795,26.40410154681273,112.31,0.0,-136.11894619371452,72.7818845338983,79.73342869724902,319.0,0.0,-521.485534922959,65.63776906779661,80.69999606818018,328.35,0.0,-470.4268728685757,27.68565995762712,29.177019858566226,110.88,0.0,-158.97450188549138,86.38954872881357,128.82803843356297,514.03,0.0,-681.0855272251873,35.06458580508474,53.04750416937285,176.55,0.0,-233.3163057401869,36.437884533898306,59.9788759607078,234.08,0.0,-250.815400811622,135.06931461864409,144.3496997804355,526.57,0.0,-1086.7841720388246,28.125345338983053,28.19979237901804,123.53,0.0,-160.5080846034969,66.91775423728814,73.52020058347004,252.34,0.0,-473.1347323511078,50.380862288135596,59.49089087014422,242.77,0.0,-339.0245583955777,33.66969491525423,31.499118741912334,105.16,0.0,-198.89395189440955,464.1211472457627,408.91175446692114,1150.05,0.0,-4468.8745998018085,472.05499046610174,408.0615023832399,1125.52,0.0,-4544.530248489568,103.80898876404494,4.687723398708066,0.0451572012647492,1
68.50184348875293,88.21660999095316,303.93,0.0,-504.9464903828358,94.90337929845731,118.06738007919732,383.46,0.0,-739.0958057224312,32.80780573989485,42.66146385148719,182.38,0.0,-207.43809367338935,62.46811169525123,72.08628198206674,278.52,0.0,-437.81226493492994,34.14991381539257,39.36432015755294,151.14,0.0,-210.114103901901,44.898837369645776,53.09518754394947,267.85,0.0,-292.6310132162473,94.5418667585969,108.2054684057728,425.04,0.0,-716.5239730217236,24.803459450142206,22.586347648671936,81.73,0.0,-134.89959086448778,75.75813668878739,96.89975369169021,342.43,0.0,-567.0038723681045,90.90027234335949,110.96722543910417,396.44,0.0,-699.5718694867569,58.71254503145738,72.78363495425764,221.98,0.0,-416.8794471023541,65.02091183314658,70.8688931362293,311.41,0.0,-454.4237231530449,44.80527622166681,54.938834426934264,220.77,0.0,-296.8620012991123,30.232793243126775,42.59637738469456,240.9,0.0,-185.13461333316883,74.40368525381366,94.62982739798419,380.71,0.0,-545.885322783158,29.33702749288977,32.985632745593726,144.32,0.0,-171.07985379375012,457.0752176161338,390.2146629847497,1084.82,0.0,-4371.741869124928,469.1706481082478,384.6770951379283,970.2,0.0,-4487.110813616505,119.42105263157895,4.454634363561098,0.03730191842558875,1
67.69228814258602,84.92592212318601,266.86,0.0,-497.3536178293163,25.32203812195726,34.23397000650094,119.35,0.0,-153.55013305921818,42.8916222460599,58.21745011708867,210.54,0.0,-291.909817828834,25.239122864922848,27.971740926353366,97.57,0.0,-144.3032138345038,8.580880435679513,10.957756100413418,45.98,0.0,-36.84339794218779,81.93594025909728,84.64660003170358,276.43,0.0,-599.1481137520428,108.67241191517452,121.16037762587405,418.44,0.0,-845.371394645663,50.94359683142173,57.35506900914823,274.45,0.0,-339.1704722653981,60.811574387325685,77.37463317177618,293.26,0.0,-436.3187388881808,26.286650713755254,36.25011281356233,160.27,0.0,-161.28406873913866,65.50742800561103,83.44306047197706,301.62,0.0,-478.502592488203,30.044740490139453,34.40698477226403,146.63,0.0,-179.610684086208,10.973223863355063,16.923972352263657,89.43,0.0,-53.81108146891119,72.33275600297054,76.07638025045405,248.82,0.0,-516.674777215389,88.2945647330638,104.84792228996277,372.24,0.0,-666.818205399922,38.042418516379236,52.56655682994931,235.18,0.0,-244.87413965981017,411.2779008168991,361.97449056219,899.03,0.0,-3888.0947943222986,392.29335671260003,339.2852250620591,844.14,0.0,-3669.2794011450783,107.42857142857143,11.373303865470515,0.1058685200243266,1
43.943034903869965,57.461195276340284,257.07,0.0,-292.40938654850925,25.102210578430565,33.145017767064054,175.78,0.0,-146.75824791866805,20.794356795115107,28.03011122681301,119.68,0.0,-118.05842265699302,60.10786120967076,58.71463992855032,293.37,0.0,-404.2126405908911,31.834575460021455,28.60897674693563,90.86,0.0,-181.9229871533942,83.67412905355228,74.32652810468075,210.21,0.0,-597.7393469116719,98.62471656077234,88.53104003804981,301.18,0.0,-726.254095486939,49.816031025662184,43.770251492803204,133.65,0.0,-317.76715690851904,42.583115768627785,58.820783589561174,311.96,0.0,-283.4899449316805,18.715076326429575,24.037773674435847,107.47,0.0,-101.70037561115369,19.714425282614076,28.78551879789684,152.9,0.0,-112.23727507148139,64.18350689000744,60.276998131823945,207.68,0.0,-435.1125092644939,16.024346893308028,15.483835095146997,92.84,0.0,-77.35605796697511,123.17419506559948,104.30623315918363,388.08,0.0,-940.4038421261098,81.68920042907831,68.3298408293479,257.18,0.0,-572.2078637971612,75.42909398465218,60.05155923278457,191.73,0.0,-518.5032886003034,413.8969155870947,344.8242464209666,965.69,0.0,-3874.989523668675,441.51296064031686,347.86858561764825,938.52,0.0,-4147.645153305095,119.5,20.40710660529807,0.17077076657153195,1
96.33875154715736,117.48153014092077,373.45,0.0,-746.2059098519661,47.18765822262563,57.674066131113705,179.63,0.0,-317.85523850843845,50.762181698159914,63.58303504681232,221.98,0.0,-347.9561348658062,63.67544104299034,70.2202910347912,288.2,0.0,-445.33403198063695,22.6326520339962,22.81347074413818,84.7,0.0,-122.47801073127728,83.3750078389306,87.83358365101286,302.06,0.0,-607.9108268482952,45.84022856671342,48.75388052028805,208.23,0.0,-294.8728998623058,43.274675303242844,57.16260496422183,222.53,0.0,-285.5064280234738,62.53567621090849,88.88520550828547,316.47,0.0,-458.91318689103133,61.96439145143989,82.5502747461948,260.26,0.0,-451.89877093095475,28.62835547487417,41.09693732494275,165.33,0.0,-179.56183554162126,78.08795527683802,84.57799242319362,336.05,0.0,-569.0929468071598,15.871977060813597,17.682812469240123,78.87,0.0,-79.9956790345818,116.35762604175261,112.64012638891349,432.19,0.0,-896.5493639187666,88.6378257281954,88.8263302107459,346.83,0.0,-649.8782719534152,45.373397970129545,44.91337143744988,169.73,0.0,-287.751143383078,453.0865962538163,388.1821799899445,1040.27,0.0,-4329.110127608586,497.4572052149517,431.6420491273635,1219.35,0.0,-4828.009653428267,107.37837837837837,15.038122159733378,0.14004795366477096,1
38.0101237725885,68.52285950789997,310.31,0.0,-267.86098201561595,42.94021866490635,73.00223507035798,271.92,0.0,-307.9459616077701,57.42764254476442,98.89207147778524,382.69,0.0,-436.46821132947963,53.15749319250762,73.03243075575739,349.47,0.0,-375.0635987389687,59.89380641967159,71.50088763789466,276.43,0.0,-419.47778546215784,44.05713755260334,61.00336292662286,276.43,0.0,-296.633107244938,68.28620100668371,96.68100437600754,388.3,0.0,-505.7494890875531,29.47186731578513,36.0166044864419,193.38,0.0,-175.3609021116737,55.04413070385346,94.20140052154686,439.12,0.0,-412.53316879035606,59.414332040597415,98.10543652929907,355.63,0.0,-451.26237966415584,63.4396295073851,101.39759175949239,361.13,0.0,-481.6429000871979,59.96183596006271,81.26465604285382,364.32,0.0,-431.739217984413,28.992120637016253,38.649691857438434,178.64,0.0,-176.31475940031805,51.18697829853948,78.73860802013648,324.72,0.0,-365.3329590875319,47.42216271969635,76.60923928035942,346.39,0.0,-338.29743348412836,29.908699562670186,39.705847980707794,207.02,0.0,-183.4418118115379,393.24449046951065,361.7578429430684,1055.56,0.0,-3706.146762253043,395.3698894298209,359.30138842043993,1064.03,0.0,-3723.7385328796345,109.68181818181819,15.625696678683317,0.1424638735727447,0
11.54816651538906,19.1055536770604,194.15,0.0,-59.3043582712441,36.56784305635779,56.71307362354655,286.99,0.0,-246.7100776574948,59.693366614407125,87.45550187281476,317.02,0.0,-439.52860749943073,50.25912616552521,65.46774450656575,344.74,0.0,-343.9445562782108,84.35252743625712,86.90808296822588,282.48,0.0,-617.4214812296356,46.57318673157851,64.40223769349736,262.35,0.0,-317.1478797111927,54.56540968726792,69.16828173469601,260.15,0.0,-377.99078897190094,38.994078719366286,43.91579216815581,220.22,0.0,-244.5153653147779,11.166084660450531,19.137918008797513,136.4,0.0,-57.46055207774117,37.4252966416371,55.263172386966005,219.01,0.0,-251.6156024124919,61.5796864427758,93.41076209784404,333.63,0.0,-460.1403038160988,92.4277110322634,106.51737832104432,362.78,0.0,-703.0015713180976,66.2099339879528,69.89064158124184,222.64,0.0,-464.9218978721578,65.78127073190858,78.2808588817778,272.25,0.0,-467.2885243735509,89.58446654014357,98.99007941640961,337.92,0.0,-671.3830382895146,39.528448716890836,42.36646006878889,187.55,0.0,-247.31386457145484,382.553704926149,322.8046274171499,924.44,0.0,-3553.2084961571823,463.7028987540226,412.1455776229561,1073.27,0.0,-4470.282003125512,90.63636363636364,33.04846595423719,0.36462700651615754,1
27.766508787853788,48.8641917771936,282.37,0.0,-180.31625111421545,51.3598432213879,82.9979041780803,292.6,0.0,-376.6020254348958,43.452151167588084,78.86846003819288,328.9,0.0,-317.0575822112567,63.00361415958412,75.35805043634323,256.85,0.0,-447.4435348788187,47.32397144978958,55.57418025660395,190.52,0.0,-315.03410194737313,92.05132024094397,99.20875004658329,309.54,0.0,-692.7497949433647,99.96901477019554,109.32551316648055,332.2,0.0,-766.5569784401063,39.76089281293836,40.534566055963964,215.82,0.0,-247.1633519089964,48.83142255961713,72.98179877405042,333.63,0.0,-347.25788623834455,79.7117872761779,110.35170542869439,353.1,0.0,-613.2415439522721,84.65744863437577,123.14686824789044,394.9,0.0,-666.4100373435778,51.03560689825893,62.49357545084682,254.98,0.0,-347.96224905219526,35.491623896361084,38.368518177851215,142.67,0.0,-217.93941986497973,70.80291278158263,91.80563342207611,369.49,0.0,-519.5522339399939,72.40624969056853,92.7741716654797,381.81,0.0,-531.6279154176126,40.209361333443354,54.80775383848466,291.39,0.0,-262.2057991540232,464.68731661028136,412.0652579536462,1173.59,0.0,-4471.507627541015,483.14641307038534,406.30056655902536,1150.38,0.0,-4652.385888214986,103.4695652173913,27.32169761710515,0.26405540179570486,1
91.13845366779437,140.749461317191,469.04,0.0,-733.6397173463891,43.13333360838353,67.75921902682951,227.59,0.0,-302.19360438735447,24.923119069230136,40.92735076940194,146.08,0.0,-159.25298890127587,102.0032114860962,117.60419947099274,487.85,0.0,-789.0171556608602,20.8604530076739,23.284457940162735,95.15,0.0,-113.53160409265476,67.03111725389884,78.21823764503247,226.27,0.0,-480.717458527907,49.6408243254394,55.75316510727365,202.4,0.0,-331.6683625971982,47.96389388563412,59.89571776055678,215.49,0.0,-323.68959746062933,79.00233765162143,115.48706045487874,409.75,0.0,-610.9588888045764,49.42959237560855,77.30355949812818,263.34,0.0,-356.0614874382661,29.54387243171879,46.99170781177057,183.04,0.0,-193.3605490827396,54.15679676540969,62.53944251926578,282.15,0.0,-369.5656054522692,8.57288390131199,10.606200156738657,46.53,0.0,-37.083841472735344,96.5161275682812,98.85249471548558,298.87,0.0,-725.1090101186231,79.88450697252249,89.89757384895586,324.61,0.0,-584.8283461145405,72.44600544599389,72.78700997602236,221.87,0.0,-509.7297178524417,446.6944063041505,398.66760880593347,1071.95,0.0,-4282.442420678933,469.552123112468,404.85134188786833,1129.26,0.0,-4509.0410294529165,106.73214285714286,4.319767980825274,0.040472980914541636,1
15.038440465384932,33.17276129918377,262.24,0.0,-90.54168699202596,41.536922188299364,73.18396905714717,354.31,0.0,-298.07697631865653,38.997927221717966,76.31959842464646,380.38,0.0,-284.30248353254586,120.32784635696014,134.4479691879468,464.64,0.0,-953.863765031809,80.40132271639574,92.9748075828136,392.59,0.0,-591.4480591941347,80.32516956844626,99.47500632027239,365.31,0.0,-598.8791133384993,97.41202987045135,129.47600892816564,511.39,0.0,-761.041325929471,39.76007591385428,52.68634473268547,315.48,0.0,-254.87355594990626,20.038688835712517,41.46541632622286,295.46,0.0,-126.28132148888753,56.68200429078308,92.81992215819066,432.41,0.0,-422.22839532544685,60.53407376846274,101.41827224645337,456.94,0.0,-462.0479233544877,83.00133096790164,94.3060269369322,360.47,0.0,-617.0192806034897,60.93697747338889,73.47648147385961,276.43,0.0,-428.5605358872838,68.94156283521743,95.54494880024279,369.27,0.0,-509.2398475298437,73.89018318343098,108.62372450310866,1105.72,0.0,-556.5957719809631,46.2974469840746,65.8065719725564,331.98,0.0,-312.8492437706113,513.7997343015101,452.0112010552663,1264.12,0.0,-5008.623960465283,470.32226833897187,410.65117596476324,1911.03,0.0,-4526.643555229413,112.98113207547169,22.52712458603254,0.19938837726448308,1
89.05751217097121,106.92300301888478,352.44,0.0,-677.3740686221236,41.32012624804027,50.89041962715682,188.76,0.0,-270.3939160786084,57.77462496905686,73.71957441866367,262.57,0.0,-409.9506222294338,15.948211898671508,21.9706275243562,131.67,0.0,-83.76480186159786,16.396417196138295,18.501072134004932,64.02,0.0,-83.27508695905739,41.793219737602115,52.599793382800904,233.75,0.0,-272.3986750114214,48.18734301510026,57.59702779524478,231.44,0.0,-320.44464478750893,53.59674890667546,61.46946630607242,201.74,0.0,-363.58260554784044,72.85157768792806,83.02585045038505,308.77,0.0,-529.8630207632531,83.0874049013945,96.34530266193006,299.75,0.0,-622.7483178290037,29.10128558461919,32.81998840712317,117.92,0.0,-173.42175545860826,42.60497235745524,49.28931237763516,235.62,0.0,-274.9899715079113,7.53475946860302,9.465302220413266,38.5,0.0,-31.09567744726647,59.10578017988283,68.64745116521817,261.03,0.0,-408.9850164007657,40.045455070550375,47.154052927850316,209.99,0.0,-254.96663659216952,30.72961960557802,35.67831523484623,118.25,0.0,-185.44719809034973,364.074204142256,293.825858534133,799.04,0.0,-3333.5020636478803,365.06085485601125,311.71310112598303,839.19,0.0,-3361.034435331101,94.2421875,9.611797839886343,0.10199039405665687,1
73.52645453503038,108.84346865337561,364.76,0.0,-561.9260038051792,48.57577800710928,74.39881390818279,239.91,0.0,-346.09727385781383,25.961879371631692,39.71981166350984,130.79,0.0,-162.4437049631357,50.868094255245964,59.3919619993725,257.29,0.0,-344.72052453560946,3.9917853457172336,4.859482606994169,36.52,0.0,-12.893880801028864,111.78277949776401,109.55179657080666,349.36,0.0,-856.2328035914906,80.96828689370484,82.56441986869618,273.68,0.0,-587.8593988081753,128.81851393188853,126.75926016311006,388.85,0.0,-1013.8801979672552,107.52791996330696,147.03360260879364,519.97,0.0,-869.4467474621295,67.36338951955051,90.6620984224239,288.2,0.0,-497.2614747797346,50.84095057906203,66.83843588805694,216.59,0.0,-355.03594771468903,52.22384015594542,63.24538209158228,299.09,0.0,-358.2904540421968,7.0458020869166385,8.636914708317587,54.12,0.0,-28.604066188980525,76.24569086113978,80.3901986654487,334.73,0.0,-548.3891174943196,67.7249226006192,73.94739692807387,280.61,0.0,-479.2863720404967,80.86181859878455,88.19876300670532,284.13,0.0,-591.3022227606209,524.493571838092,457.0927636394185,1251.69,0.0,-5130.118219093121,509.8343343653251,438.2688187769711,1242.34,0.0,-4959.59786632492,92.94623655913979,4.670579599311218,0.050250335809340956,1
38.14273372390461,56.344381406166356,257.07,0.0,-254.50521564726876,73.56237973430152,91.55004586442185,284.02,0.0,-544.7797087743646,73.75093819622082,95.70021805456068,327.58,0.0,-550.6349366716597,95.29558957009654,97.9479931548532,303.93,0.0,-715.3533342630737,55.263849327502264,55.93403545160924,177.76,0.0,-371.0601449392708,53.57844129053552,63.134439153677775,214.72,0.0,-365.051750562067,43.77664163709877,50.76423209679701,211.75,0.0,-283.67921747552055,27.141508375278487,29.593719962939712,170.39,0.0,-154.82257570495736,31.10663668619523,51.19023694260522,250.58,0.0,-204.08076670737083,69.47902797260501,93.33099462627438,286.0,0.0,-517.1988794978511,66.90147536925488,93.75028860691958,331.98,0.0,-497.79536355140374,84.55715158016339,90.92737875325149,284.79,0.0,-627.4016044296038,56.251562010066834,61.84943534736153,196.57,0.0,-384.1960239471505,65.66226668867068,78.96812706908558,252.34,0.0,-470.7809001087655,47.66008003960723,66.87304738081995,262.02,0.0,-327.58937542634334,31.27607970954699,34.668930667773964,179.19,0.0,-186.49242488791816,460.5120818549385,394.72792971256894,1059.19,0.0,-4412.859003649352,452.8942800561102,395.52653061493857,1023.44,0.0,-4341.01666110303,101.17796610169492,12.005388165977811,0.11865615240684996,1
107.11418535127056,150.44662302234104,542.41,0.0,-868.4933332507676,50.963289640105785,74.74280781987231,235.95,0.0,-364.1011689636502,44.15478670806025,66.7720889595754,245.19,0.0,-309.6405221251803,92.97754743014832,103.73389332051427,392.92,0.0,-704.7944326854703,26.6077440496723,29.017141386692277,125.4,0.0,-152.96546336573905,69.05279406691963,77.6405450305697,299.09,0.0,-492.467014641548,61.73017362308842,75.62833494527781,335.17,0.0,-437.3223316515986,32.81067149591813,36.2271928398456,129.03,0.0,-197.99134139354953,93.89117856732207,144.20463277936128,644.93,0.0,-755.1142916829915,38.31179717143842,58.49800954917514,189.09,0.0,-260.172710894857,39.5969012303093,66.0805001587378,263.45,0.0,-278.48096699561944,121.6244969529723,130.6169081289247,467.83,0.0,-963.8087560264364,29.06676325169599,28.996291154210187,128.7,0.0,-167.59016696533573,68.84268483385077,74.09275017856032,237.6,0.0,-488.12338801307055,69.83271012992986,83.08444254222154,322.3,0.0,-502.9065434874936,36.146149246866734,33.79054821151759,123.64,0.0,-217.14803757936897,485.41119236518347,434.0179177157082,1214.29,0.0,-4712.558550006427,497.31268138438537,432.2910820116026,1219.13,0.0,-4828.812113952069,99.94186046511628,3.141450750487634,0.03143278237835213,1
113.79762427873945,145.98435460097795,467.06,0.0,-920.4308142385661,71.94967931646693,101.16723362173322,310.86,0.0,-547.0483466324561,18.26432090545939,25.116673476013087,88.55,0.0,-102.95396538183472,41.55734576120727,50.968242110885,236.28,0.0,-271.58924748099895,25.250602529960055,35.75530974915966,140.58,0.0,-152.7150068365045,58.19722592099422,66.40690429364977,256.19,0.0,-400.4475702218594,66.06430093209056,86.89079326567459,330.66,0.0,-477.1991512150739,24.778647359076786,32.912881861568536,110.88,0.0,-145.8772447560867,146.54594984465157,179.57090122016152,590.15,0.0,-1229.435590060073,60.67884154460719,80.44746368472481,244.97,0.0,-439.77715480414435,30.64906125166445,39.69695879144999,116.05,0.0,-192.2526632472184,59.363626276076346,66.26609436368119,361.02,0.0,-409.4220842250744,18.58295716822015,26.042287040972365,131.34,0.0,-103.48128954823567,54.871593430980916,67.89657331469829,281.71,0.0,-378.22425305620146,48.3236517976032,76.8896937817064,340.56,0.0,-344.2115348543661,32.23975255215269,47.33117751284402,179.19,0.0,-206.36641573200737,419.8597470039947,366.2650066655336,938.08,0.0,-3973.041193059631,451.2554338659565,390.68512477262016,1003.2,0.0,-4317.382280036592,110.9873417721519,4.95675902404306,0.04466057971024199,0
87.83772753527518,119.8425991255342,455.07,0.0,-682.6006044940164,70.2532213879033,94.82186259801271,349.25,0.0,-523.6163950835935,86.63965426190278,114.20528789806887,408.65,0.0,-669.8884983174316,90.96182193250269,107.58044695486326,475.31,0.0,-689.6958797866961,12.026914761944054,16.9621981607535,77.88,0.0,-59.72582781627954,92.89564898093903,104.72129924728071,370.04,0.0,-701.44701202932,109.51362736199356,123.19368980840585,474.87,0.0,-853.0429084754821,50.502253486261246,59.46463703169671,210.76,0.0,-340.62330177289357,115.00647495667961,153.97573947190665,559.02,0.0,-938.5217406071154,82.004332865748,111.51039178218869,391.27,0.0,-630.9956990416966,67.85413400445582,92.87547224903449,336.71,0.0,-506.0750737169272,100.66011139532966,117.53480681125299,455.18,0.0,-776.3751965420828,28.443010149352254,35.99469294388517,146.96,0.0,-171.4062346287776,64.25290700552851,78.14891330205296,335.72,0.0,-460.06352311207974,91.19380311906923,113.95237042281519,390.5,0.0,-701.1199695742635,41.858998267183765,54.59801684544636,283.47,0.0,-276.84116134653857,600.6308697087219,498.2626873059558,1304.93,0.0,-5962.621475227242,591.2737717633468,514.054186312021,1271.49,0.0,-5890.8837970257155,125.05208333333333,12.253715245850497,0.09798889326127845,0
89.63044888192097,100.18538997379562,308.55,0.0,-676.8243181833262,49.40214456638337,56.79791029904217,225.5,0.0,-331.3459592856987,43.20552933410348,48.693410813169855,157.08,0.0,-281.8658324172841,50.80277250598235,59.389334565703734,272.58,0.0,-340.8336523772993,26.716720851555415,30.7510116439935,108.02,0.0,-154.62677197466942,60.60985477349617,61.52130494528306,299.09,0.0,-411.97625787037475,97.32552933410348,98.00109768392734,332.97,0.0,-727.5237704001312,47.310392771680846,43.55499550449241,152.02,0.0,-299.9380890990756,78.69353164452512,86.49466700955968,295.13,0.0,-577.2468991609328,47.54359023021701,52.04474571784814,184.91,0.0,-313.076962951386,49.43304150507468,54.750982723823036,180.73,0.0,-330.3031598225697,67.20477184586186,74.37492973961122,343.53,0.0,-471.382266456653,19.021585939433944,21.381410947672062,144.43,0.0,-99.30175849563905,76.98710207112799,74.54817883682458,271.92,0.0,-545.8206062626804,74.10367522072778,73.61341891430729,319.99,0.0,-522.013221544075,75.20621668454493,66.60886126073319,219.34,0.0,-524.3577200920013,465.003393019226,390.598069800423,987.58,0.0,-4442.607899006586,488.19351514151333,395.8003314229982,1008.7,0.0,-4677.120058060521,129.0752688172043,14.773003974585322,0.11445262992639413,1
85.17961960557801,122.75721991235174,431.97,0.0,-672.9136865217174,61.541510025579676,89.55931006308445,292.27,0.0,-457.19714370428477,26.145608548560112,39.13134484201755,141.68,0.0,-164.068833825159,44.485183596006266,54.23067419288653,203.61,0.0,-296.0569396014609,10.507491542206454,15.229178351725329,82.17,0.0,-50.45762203513437,69.57084742965591,83.6016365557792,393.47,0.0,-503.21625944259085,61.134930274775144,82.05505982942512,312.51,0.0,-441.1574963369923,31.817039359683143,40.91249453598351,138.27,0.0,-197.18350487482599,82.44385180295404,118.68636713432177,423.83,0.0,-646.2236210629579,53.14048353824573,77.72624398314197,257.29,0.0,-384.2153624310754,25.850181533129795,38.29620129809524,136.84,0.0,-161.17911931832793,50.81105949335753,58.27548512409876,272.25,0.0,-343.478952523073,8.312765079627031,10.671899208315734,46.53,0.0,-35.62506727627609,66.58309348956185,75.05648024165943,328.24,0.0,-473.1597125068242,57.12212228731744,78.17390481564898,303.93,0.0,-406.7628150530931,43.73428995791731,50.55766175791769,214.39,0.0,-285.30248617107156,390.3822303820447,356.9544339632645,1044.34,0.0,-3682.401142001372,387.9978471821108,356.16976443049487,998.14,0.0,-3656.804325462034,116.04854368932038,10.376765158791665,0.0894174526357853,0
108.00273342354534,110.62242920505561,329.01,0.0,-830.5092966694989,51.08766028738966,57.037076073461165,198.44,0.0,-343.72678556211923,53.95177846510728,58.85999472609142,197.45,0.0,-366.3823648061356,34.275281268122946,39.297547892810506,205.92,0.0,-210.530046709741,11.356800051549714,13.633086730376258,45.32,0.0,-53.21346947696457,71.77214704555706,72.70870063995501,267.96,0.0,-504.3563745247932,107.15947097106773,104.59192501932665,349.8,0.0,-809.9849612182027,29.054941684386883,29.223057874929093,106.37,0.0,-167.04022553480092,140.40242928023713,145.0488916849529,476.19,0.0,-1134.7031882502354,49.98305303176751,54.532505953222085,192.5,0.0,-332.42504477971835,39.51952187640956,43.72161823226009,143.22,0.0,-250.84007540713503,35.92915845093112,43.01010751438946,223.74,0.0,-224.51834652151254,11.259275082157355,13.037013185545797,51.04,0.0,-51.581084869823435,70.73289902699915,72.94393937782966,324.72,0.0,-497.91839993179394,58.94357690572846,61.65023351967828,217.36,0.0,-397.8298022888078,57.44364585346994,55.84242390932421,184.58,0.0,-384.04730555737734,466.6608131967266,383.97927929927414,1029.93,0.0,-4444.114657639339,464.2135595077002,386.7620781614222,1006.28,0.0,-4422.408260090404,123.208,7.116511504943977,0.05776014142705001,1
67.88862492949804,96.83179097853302,346.83,0.0,-510.04623185170504,36.34131979695432,53.21789390233048,183.15,0.0,-242.33781573951651,25.230575296108288,34.776564609390796,115.72,0.0,-152.78730826595879,27.581324309080653,33.888007323637446,162.8,0.0,-163.99341802444056,1.0044060913705584,1.8172241308659716,8.91,0.0,-2.0270307092440953,60.46499605188946,64.44759299217058,279.29,0.0,-415.5892754683246,42.867179921037796,51.362259010260786,220.0,0.0,-279.75837597202514,36.34391314156796,43.55758861211846,145.31,0.0,-228.68285309004105,65.99848618161307,94.8904128221574,333.63,0.0,-493.87461048206865,40.77183192329385,59.22458356605803,191.29,0.0,-277.9603603883159,20.862415115623236,29.676002120955456,93.28,0.0,-122.3047660685434,17.850536943034406,24.419598117296736,151.36,0.0,-97.70932121124491,4.881605188945291,4.967574289457741,21.23,0.0,-15.756121273110034,52.65150930626058,60.567579205998015,301.95,0.0,-355.2386664809964,38.79107501410039,45.396849654599784,188.87,0.0,-246.11669562974822,38.47818612521151,45.46412879921136,150.37,0.0,-244.2765918941136,297.7223395375071,256.59289497532717,679.36,0.0,-2670.263332967446,280.2856457980823,251.81471160946612,662.2,0.0,-2500.671352075382,110.37179487179488,8.967332414078843,0.08124659406413634,0
82.96015925406385,119.55589636106882,432.63,0.0,-647.5410680020153,59.78740077564156,83.94594164490871,279.29,0.0,-436.3425130503708,45.14413070385345,64.78473622246642,224.4,0.0,-313.9605540000599,47.971327667299285,61.31447689748696,381.81,0.0,-323.5552191528055,15.174472316197706,18.899442722186645,86.57,0.0,-77.3400532711079,81.97031355722419,103.64534259079439,473.22,0.0,-614.7328303897699,76.09798910801221,98.09154803464232,459.36,0.0,-565.5814816798169,34.47144401353247,47.277636266445285,196.35,0.0,-220.35309031288185,66.74750804521825,102.60445819577674,369.71,0.0,-508.0033914333486,48.16383447479165,68.33750797232061,246.29,0.0,-337.25252502708815,57.56614324614243,83.0033601231098,296.78,0.0,-419.6458129880829,50.491779024672,61.19445056500213,285.89,0.0,-341.8824520021497,11.750103968974338,16.090076728998568,73.37,0.0,-57.67886875528052,74.40125340374618,93.89100049769603,402.16,0.0,-549.2572430957396,71.98663586104465,89.53599382478868,407.0,0.0,-524.7646844507365,54.25546002145391,70.76269603689012,269.61,0.0,-378.7059482150916,443.5772373958248,382.7061929444766,1017.17,0.0,-4230.7117805222515,435.36271804604337,381.46653505134435,1015.08,0.0,-4145.138337691587,112.72641509433963,2.108084254464964,0.018700889695647014,0
104.40089666951323,121.40366028735978,367.29,0.0,-814.6092416670301,69.54773014517505,79.7067107081336,252.67,0.0,-500.2044335219753,57.044910333048676,66.7954933464582,212.96,0.0,-397.40332240454245,45.16303159692571,48.889503527492195,199.32,0.0,-292.82487542927896,37.840338172502136,40.018818252602465,134.09,0.0,-233.58648004805323,59.47075320239112,63.75841655581049,217.03,0.0,-407.1463640148145,120.54827668659266,121.57047191340834,369.05,0.0,-939.6158244397883,45.8771391972673,52.199006396277234,152.02,0.0,-300.9651922792674,129.98496157130657,139.8139714819248,402.6,0.0,-1043.5104178932843,74.00480614859094,79.46004455688983,249.04,0.0,-533.4384475433245,87.13863706233988,94.921030417369,274.78,0.0,-653.1114630334474,24.783441502988897,26.273044003077644,102.96,0.0,-138.83383927034208,29.915810418445773,35.77003291458409,133.98,0.0,-178.87944157484557,47.82548249359521,51.09801879877562,192.17,0.0,-312.2479456933286,95.80864730999146,99.51936256688612,383.46,0.0,-718.3404547181184,63.6272314261315,67.34603910548495,214.39,0.0,-440.9024985602799,539.8930760034159,453.67370905757804,1109.57,0.0,-5282.206615549495,553.0890179333903,483.74843620057237,1261.26,0.0,-5453.702050529265,103.36363636363636,7.161420977237906,0.06928375615621546,1
43.04526281046291,69.59555456346416,332.2,0.0,-300.3293596385765,83.60344005280965,123.69721710340006,420.2,0.0,-657.5029737839498,59.87803119069231,93.16385534221388,348.59,0.0,-444.804986701573,124.12392194075419,132.60849478324576,481.14,0.0,-988.7418464518158,76.30540886211733,75.03454261872491,248.82,0.0,-544.5320884767581,82.56831999339879,79.1112073402071,237.27,0.0,-597.0555792309443,104.59833649641061,107.7437039392467,461.78,0.0,-798.4115682102037,42.240399372885555,37.38682987976346,162.03,0.0,-260.9757759699724,16.072244409604757,27.981430000083623,159.61,0.0,-92.19973990368129,42.772182523310505,72.80077014806021,269.83,0.0,-306.5818938230513,47.811460516544265,82.19752866290669,309.43,0.0,-349.62568495837223,88.08819787111149,104.01101791396472,361.68,0.0,-667.3157451887903,42.0023549797838,42.34591204397751,144.98,0.0,-263.57289342596664,91.56050004125754,91.04170485372427,263.45,0.0,-678.7075145014412,140.59045630827626,141.39445602270962,468.38,0.0,-1129.8206843797848,73.16115521082598,72.48774863307472,288.97,0.0,-516.0256323625364,616.3631207195314,535.4536430271131,1475.21,0.0,-6161.5328487877105,542.0585518607146,469.98793596681094,1295.14,0.0,-5316.607685973692,108.08928571428571,14.966959784942354,0.13846848636325323,1
37.889440547899994,61.18606541747314,326.15,0.0,-258.959780808814,98.73670434854361,138.1291808966535,474.21,0.0,-793.4151644431931,82.76084495420413,115.00927973241407,378.51,0.0,-643.7088260377842,51.20249030448057,59.6994786261452,249.59,0.0,-346.16455002012464,41.18589157521248,50.76881599476023,215.49,0.0,-266.7854494558617,45.65306790989356,58.38215443305567,279.95,0.0,-304.2566548224418,93.03199851472894,129.97194685573152,523.16,0.0,-726.9533942431376,21.077739087383446,27.098448101321978,214.72,0.0,-115.33571598659158,44.51034408779602,73.02220211656679,361.02,0.0,-315.35565931332576,81.14411997689578,119.12327270267879,408.98,0.0,-636.3617188758171,77.63208928129384,112.55047434585283,396.55,0.0,-602.7636211500497,61.58182853370741,75.21711464857852,440.88,0.0,-433.73682391206535,57.30047858734219,66.95231205737328,287.65,0.0,-394.59178661170716,39.01344830431554,53.35132137522458,228.03,0.0,-254.68426340712355,82.57672497730836,117.62938675529864,451.33,0.0,-634.7442602612603,18.266789339054377,23.76157646696644,181.39,0.0,-96.23756970135676,471.5381772423467,421.5588679966328,1196.47,0.0,-4559.238375181909,462.02582308771355,400.9141739619607,1089.22,0.0,-4433.518004965778,112.13084112149532,14.66133838425907,0.13075205926952163,1
28.64573529411765,60.13075787071373,376.31,0.0,-192.86185468722783,71.42717914438502,105.81691768891122,377.3,0.0,-546.1880125665306,63.92693850267379,97.05017986390617,342.1,0.0,-481.35153252950624,47.420828877005334,67.39774994346106,321.64,0.0,-328.0380708077886,35.96351604278075,52.68203991890521,224.73,0.0,-235.9599852661178,40.10414438502674,67.62688142580745,287.21,0.0,-278.21978739371417,43.878315508021394,75.65870251606106,340.67,0.0,-310.57727852361944,15.315788770053475,22.39763218705044,176.0,0.0,-79.4710566311951,29.001029411764705,58.496728821053246,310.64,0.0,-196.85690094342897,46.434545454545464,83.36474358938476,311.19,0.0,-344.6875107538338,56.02622994652406,89.8390461212674,308.22,0.0,-417.392486172941,52.86262032085562,77.31739699896406,387.75,0.0,-376.8462743150737,53.659197860962564,75.65358935289781,324.39,0.0,-380.39142589858307,26.525935828877003,44.3718588169674,188.1,0.0,-167.997998627906,49.41224598930481,87.87142374514205,406.34,0.0,-363.29583891862376,13.7902807486631,16.99148141559709,123.09,0.0,-68.22112591389966,346.6824465240642,299.15294656948817,856.24,0.0,-3179.417053324485,327.71208556149736,300.00264208227503,869.11,0.0,-2999.8268962822012,110.52112676056338,7.056829984818678,0.06385050706284263,1
95.22862199851473,114.60004852553612,394.68,0.0,-734.0641695514615,49.60473553923591,60.67484967264337,204.6,0.0,-337.6583215699171,47.49414968231703,60.20856137360756,216.92,0.0,-322.179410839878,64.05717798498226,71.47661108811673,335.39,0.0,-448.81973210576365,25.112294743790745,25.300604368106818,87.01,0.0,-139.39186677067562,78.95867893390543,83.27130379513326,297.99,0.0,-569.7829444964007,47.92414720686525,50.33103352981803,197.89,0.0,-310.1666530370771,45.434992161069395,58.91224197488434,228.91,0.0,-301.8178884393111,58.064170311081774,82.42825962147812,359.15,0.0,-419.3166969341303,57.64513738757323,77.32911013759109,252.89,0.0,-414.58153241883053,27.493455730670853,38.892873637000754,168.19,0.0,-169.8212209986162,83.06270731908575,89.1861646679108,377.63,0.0,-611.4308664855048,20.353403746183677,22.881000317237188,183.37,0.0,-109.01292010669117,111.24222213053882,107.4172879546651,365.42,0.0,-849.82350695966,90.17908738344748,89.82391283569291,358.6,0.0,-662.5713999085543,39.20696262067827,38.681538821582365,154.0,0.0,-240.7808174554811,453.8147982506808,386.4430373372655,1034.55,0.0,-4329.75548002432,487.2471466292598,421.9904406439147,1190.53,0.0,-4711.414377234456,113.70476190476191,16.40727121592236,0.1442971335682928,1
90.71563577852959,104.05772008992139,376.09,0.0,-685.6138069969874,31.81701212971367,37.3689102238328,155.65,0.0,-194.05117957121294,61.437437082267515,72.81494732033474,254.98,0.0,-434.39924941851575,11.468754847759715,17.05338621874721,133.98,0.0,-55.804334250349136,18.260217839755754,20.09648705163569,70.95,0.0,-95.37561167319024,30.874791649476027,41.393361838322775,224.95,0.0,-190.11747567097535,64.32257942074429,68.74543020128303,233.64,0.0,-446.119300726381,56.41614902219655,61.95115121148537,197.23,0.0,-383.84032032570565,71.67687680501692,77.3013489288762,253.55,0.0,-515.3180397835796,95.59110735209175,105.03771473406952,319.99,0.0,-728.918046662505,24.08338311741893,25.810461280621418,93.28,0.0,-135.05391917534243,44.44731578513079,52.176315449010765,253.11,0.0,-290.8198828873379,4.967427180460434,7.444009888695464,30.25,0.0,-19.4475603444316,53.613740407624384,62.56107334746271,261.03,0.0,-363.8492282292698,30.246387490717055,33.11396439087345,201.08,0.0,-176.49162544002382,26.64206535192673,30.48219541194706,104.06,0.0,-153.18833303086157,365.3125777704431,285.62115869513855,787.49,0.0,-3334.1681059201765,351.26830349038704,300.35819898296177,814.66,0.0,-3205.70616557686,90.0,8.14252736438136,0.090472526270904,1
102.65952636356134,123.39776013858003,400.07,0.0,-806.5383490410253,87.77530736859477,108.12298591752938,315.26,0.0,-673.2713173377416,38.22534037461837,47.261644880416725,167.97,0.0,-247.95063157911926,48.099508210248366,57.71546527032128,328.46,0.0,-321.4529001911642,15.613246967571582,21.301141804128005,98.34,0.0,-81.5882748961645,66.8724300684875,79.52372208052303,309.21,0.0,-477.9231761272097,67.90994636521164,89.96944276747074,367.07,0.0,-495.2153975387461,25.443111642874825,29.88698296226432,147.18,0.0,-145.14173979071919,93.46059823417774,119.26550575012757,397.1,0.0,-730.9412122560078,84.24370740160079,106.26568026192047,315.04,0.0,-644.7283834503662,39.696521165112635,50.37948670092384,169.73,0.0,-260.9700362502905,61.30809472728773,69.89930613905702,337.15,0.0,-427.2330533996938,9.926358610446407,12.88263188654559,64.13,0.0,-45.077809016103224,78.59002145391534,98.14354636118667,376.31,0.0,-583.8374776796916,47.45031850812774,65.50471761032102,295.46,0.0,-325.2358406568288,29.713923591055366,38.83372876895723,181.06,0.0,-180.33630695977433,452.5984173611684,388.85717961143706,987.58,0.0,-4326.381217760829,444.3895436917237,386.2290725463383,1026.85,0.0,-4244.605702107987,121.89795918367346,3.6991168165960673,0.030346011051934924,0
100.57648815908902,138.90005677686466,518.65,0.0,-805.1360980836226,34.095434441785635,50.18531461865959,176.55,0.0,-224.93318957399637,32.57183596006271,44.78892072682421,153.34,0.0,-208.22852784040995,28.566543444178564,36.10607792280468,161.92,0.0,-172.5914470723809,3.293646340457133,4.564739046062185,23.76,0.0,-10.415905860212195,89.14062711444839,91.42866364262372,327.91,0.0,-656.0029130913122,77.43089611354073,84.56720929903506,333.63,0.0,-560.3097708894353,88.02979866325606,94.2188939582719,359.48,0.0,-650.8366188160807,103.02919135242182,148.87084942123343,527.01,0.0,-833.4101596049572,39.70184008581566,59.27510289155442,197.67,0.0,-270.33891233996235,34.03325026817394,50.2656418687483,175.23,0.0,-224.49674085898357,49.72672580245895,64.95636744763924,257.51,0.0,-344.3025695167378,6.133940919217758,7.8204124123776095,30.58,0.0,-23.966610976031134,72.96566218334846,79.00689207824071,304.04,0.0,-521.0773105032144,54.57705503754435,64.79268557650661,273.35,0.0,-374.07536199462135,47.95032428418186,54.50041634746318,199.65,0.0,-316.63053316519563,453.7052702368182,381.69641946208367,1042.58,0.0,-4320.187233107086,408.1179899331628,364.64549618295257,1040.93,0.0,-3847.4525993020757,100.81512605042016,7.365564194851677,0.07306010995976908,1
34.582279065929534,56.52060345753202,242.99,0.0,-235.76939257505256,46.80259014770196,78.80432775285794,308.77,0.0,-343.11492535057096,40.54444426107765,66.83409691485552,233.86,0.0,-287.33677271808466,55.002114860962116,59.72655544761566,316.69,0.0,-372.94128638032777,76.46875237230795,84.09499943038699,291.83,0.0,-554.9400164585306,56.41679346480733,65.37101104722629,253.88,0.0,-389.861923195235,84.93988695436917,102.93050678986083,348.7,0.0,-641.3771988101167,21.296377588909976,27.147645197821372,172.7,0.0,-117.39213980643831,20.082783232940013,32.23660517863941,150.81,0.0,-120.06744223102305,36.09806254641472,57.68699561169659,218.35,0.0,-246.5056850606947,47.58580575955113,80.67791292400896,300.96,0.0,-351.1554041470668,42.03548477597162,47.52999163237416,197.12,0.0,-271.32730603180306,41.7263338559287,42.1147078430106,149.6,0.0,-262.0468351783831,85.4087234920373,91.43469601187738,306.24,0.0,-632.0937330098425,105.26200346563247,119.71090228000588,417.34,0.0,-816.1644554961875,44.032458123607555,52.25428635466401,236.28,0.0,-285.4363762282411,416.0532387160657,364.44726124454223,956.56,0.0,-3939.3993571679566,422.2316552520835,361.13559880429847,896.94,0.0,-3991.7187358794954,114.33333333333333,11.831891260219171,0.10348592938967206,1
61.169665558786875,88.76507402504956,285.23,0.0,-453.82958670303566,70.65601163273784,101.16560867574296,319.11,0.0,-538.3568694893753,19.138103448275864,29.83946851990796,119.68,0.0,-112.31619214654515,37.67369754881595,45.22682962792689,214.17,0.0,-239.31301335004764,48.756757374324884,62.07049048199347,249.04,0.0,-330.1278417860009,87.62763606148734,88.42259870741468,294.69,0.0,-645.7586976343958,92.93777523888657,106.57769460707622,398.53,0.0,-704.822229303097,29.601265060240962,36.92493553283226,220.22,0.0,-174.96413113705557,53.45033444121313,80.99962211050345,316.69,0.0,-389.538902538066,33.79961362692148,52.95266267443689,216.26,0.0,-226.3997915356778,62.58661819692563,91.42796755441367,331.98,0.0,-468.15185849179386,30.272964270876606,41.38615340025695,197.12,0.0,-187.9082000846364,14.849862899875365,19.738589146057052,75.24,0.0,-77.252706841419,87.11049439135853,93.90763004487255,323.4,0.0,-648.5574439308322,90.5105546323224,114.39467562970785,397.76,0.0,-696.1567124988582,80.7181096800997,94.81293655367203,296.12,0.0,-597.8850507053996,447.5609119235563,375.91074817981985,1040.38,0.0,-4261.587153983238,453.29855213959286,393.09113424230526,1042.36,0.0,-4335.48673285745,109.54761904761905,10.80168060326148,0.0986026049417479,1
127.39037520729683,154.14880705360358,491.04,0.0,-1041.6354829161924,90.01021351575456,109.41316879033788,360.47,0.0,-688.4091217349214,63.82941542288557,79.37484282006282,272.47,0.0,-459.9366947093495,47.32360074626865,57.104101039284174,234.3,0.0,-315.4266098946443,18.656994195688224,25.952614109329346,116.71,0.0,-103.9650882574313,87.12200663349917,103.12611201428268,351.23,0.0,-655.2099416979157,102.76964344941958,127.41003936409449,463.76,0.0,-804.1099193645919,28.750064262023216,36.68456476636816,163.46,0.0,-172.27787593005914,100.57393034825871,120.2715639200979,377.08,0.0,-786.1498444168188,69.6291563018242,83.3986725410288,275.66,0.0,-505.85585173776826,49.69142827529022,63.04026747198412,225.06,0.0,-342.3850711609458,81.15651326699835,96.63185681762405,373.45,0.0,-602.9215925833022,9.766102819237146,11.958108799987853,52.91,0.0,-43.26038844916163,99.04451077943615,111.90303354582933,373.12,0.0,-758.9893249030522,59.62305555555555,69.3134027239516,266.75,0.0,-414.02558390448473,28.624056799336653,35.13881470071807,141.35,0.0,-170.9523993708149,565.8523134328358,478.94419132709646,1328.58,0.0,-5584.563313189441,498.108754145937,448.1573115849786,1165.01,0.0,-4854.808925270981,112.39024390243902,8.93302463943788,0.07948220707833183,1
93.60027294821462,114.82894352944523,363.33,0.0,-726.8752734449836,96.86006917180782,119.81082342592043,387.42,0.0,-757.5474659307804,62.95014769115722,80.50373390325166,288.53,0.0,-455.9576349072819,54.58364928023931,70.65759905329155,350.57,0.0,-378.7018215858182,16.369312020938494,19.614700927585883,77.88,0.0,-84.49109926160408,72.31768928771734,86.40402248093586,358.27,0.0,-524.1210745225984,94.23956440456159,110.87601117788157,437.14,0.0,-713.5329223805045,35.97014395214058,39.023803624877374,126.83,0.0,-219.64419841006105,84.93828192185455,104.51242855683445,351.89,0.0,-646.3671043906712,94.57505515049542,119.69910980250988,389.29,0.0,-741.2838209101969,46.53540848756777,61.42983375890232,218.13,0.0,-320.17408594053177,50.72667788371658,60.48512574750995,310.42,0.0,-341.4638320786891,14.163985791736774,16.076778550649788,65.12,0.0,-68.86723629711686,87.47584969153112,98.54645528451282,404.47,0.0,-651.9579859544064,88.29802206019816,108.29974065285856,434.39,0.0,-667.6547719752169,53.43947653767059,56.6867107713711,161.59,0.0,-358.12589874702707,526.890848756777,449.0672888762137,1181.84,0.0,-5145.281210919664,520.1527575247709,452.6818082346631,1155.55,0.0,-5086.507743329194,119.04651162790698,5.1170189739825425,0.042983359226655464,0
23.907268751547157,47.55259696943456,246.73,0.0,-155.55991076438187,52.37507632642958,90.5769728026279,325.93,0.0,-391.78839466100794,56.93635035894051,99.38394288771836,416.13,0.0,-434.18694879006534,44.716057430481065,59.12426671036008,218.9,0.0,-303.0506103603113,43.172299694694274,54.63910451701794,189.53,0.0,-287.36223243813873,59.0778331545507,85.5433174034094,316.25,0.0,-430.5530901761455,74.75232940011551,110.47367290525413,413.16,0.0,-571.680649848617,28.27051736941992,47.45235082966905,272.25,0.0,-177.4162456087168,32.82011882168496,63.50574790846151,333.74,0.0,-227.44605759552093,46.4012113210661,78.67293831325762,311.19,0.0,-337.9569039251929,71.4535184421157,112.62639871794453,390.5,0.0,-554.8179339696,61.34110652694117,76.00492187402588,293.59,0.0,-437.9262029668229,56.955674560607314,69.44603479950277,254.98,0.0,-398.0911588597776,48.14604422807162,71.62481245813747,248.82,0.0,-339.0886033595056,64.3122320323459,97.49622635968721,336.82,0.0,-480.36913430046627,23.895115108507305,35.98962512600666,231.33,0.0,-139.8329153964559,383.2077324861787,347.2019330558325,929.39,0.0,-3599.0888709740148,405.32502104134,347.28529433263566,918.83,0.0,-3811.9530436681607,108.14414414414415,16.606656023038198,0.1535603814192969,1
16.540602290829096,17.477861709513384,101.42,0.0,-82.32444255637951,63.2990840476371,74.74427260559156,325.27,0.0,-450.25328252421974,96.73904649927938,100.64044675714783,337.04,0.0,-733.6447827811629,34.408030038686185,37.71434270004215,161.26,0.0,-210.47201263817314,37.653034210725934,38.32326773762421,138.49,0.0,-230.7831553727449,61.928414624895694,64.38358641940475,274.67,0.0,-424.894626333103,88.49838352423575,87.90021947397949,321.53,0.0,-647.302562652147,35.90996434802397,46.2060269936516,297.33,0.0,-222.59583438646635,8.035285974360919,8.49240348597419,114.51,0.0,-31.38308115212515,37.01728627778199,54.547048443441156,306.68,0.0,-244.68384255972126,129.33672836228476,130.23471072210853,495.55,0.0,-1024.130456726631,42.179209208829555,42.70416744210998,220.88,0.0,-265.70803617437605,47.16707046954411,47.6827080796722,191.73,0.0,-302.5858954079095,74.51079003261776,72.8794209370893,335.72,0.0,-524.7662380450373,106.01006144276721,107.17340774315879,395.34,0.0,-803.8424125922443,39.00704050671319,45.10688542397435,301.18,0.0,-241.02187184060895,434.9765595843132,359.4413523569492,961.95,0.0,-4104.336758800103,483.26347227489947,381.4353822098154,1007.82,0.0,-4605.385396844479,138.3068783068783,44.051088729988955,0.31850251606610225,1
85.03001815331298,100.46669987485507,381.37,0.0,-639.0055040284233,52.94825810710455,66.16625852167437,224.95,0.0,-368.2648251114974,47.92335753775063,60.241175450806416,242.22,0.0,-326.6095291869387,22.243563000247544,27.97058245680609,193.6,0.0,-124.22566361027012,16.606823170228566,18.33998851873244,66.33,0.0,-84.04256038727577,50.10532222130539,57.147241618464136,240.35,0.0,-332.12391115423026,41.76031685782655,50.98872862685138,227.04,0.0,-269.82408590401405,41.00451274857661,46.93120476470361,165.33,0.0,-262.3757130077624,72.92620595758726,86.47935695328421,324.17,0.0,-533.8586202558851,71.27891987787771,84.3900899933165,267.52,0.0,-520.6840186715764,38.05384602689991,44.92604219494868,154.22,0.0,-244.07801933580865,42.48321808730093,48.46506642242288,220.77,0.0,-273.45837580242636,8.583113293176005,10.403792548107736,35.75,0.0,-36.57003567286372,63.96740985229805,71.766189330816,249.92,0.0,-447.1256531544109,46.70067744863438,52.90699473432274,209.99,0.0,-306.0360422130653,36.03561514976483,39.33408948305234,116.05,0.0,-222.41358358528768,357.6221717963528,294.24631786009735,771.98,0.0,-3273.124839927516,380.0290056935391,323.7736742805103,844.47,0.0,-3525.44540118699,95.34920634920636,11.024012362858981,0.11561724302648839,1
67.50102119260336,99.77669966363834,457.71,0.0,-505.01200549509053,37.187873467691674,57.893196583497655,206.91,0.0,-251.4002505172872,52.70902659463952,86.66848964843514,357.94,0.0,-387.4602201997395,51.07372221067941,62.066211944750606,219.56,0.0,-349.47780826367296,17.939187616870974,19.15865061146934,68.64,0.0,-91.92910713592617,78.1993611053397,84.84639096749426,281.82,0.0,-569.8910586688199,72.08958445875753,71.75757017665941,271.15,0.0,-508.02987221902754,35.03105755246208,34.45543971711193,123.53,0.0,-210.74062714432648,70.74530126740079,105.05573360677873,381.37,0.0,-535.8038322564319,57.65322148348223,88.79582182064092,332.64,0.0,-428.58505430242036,23.98570226469977,37.67381201097192,145.86,0.0,-148.94474821224858,69.31915229586535,81.2455518400623,339.02,0.0,-501.329346224268,59.69535217120299,56.880240235420594,206.25,0.0,-402.50007828364147,51.93068460419696,52.62083290956984,189.64,0.0,-343.62346944979845,134.21116455433202,140.0196678714146,452.32,0.0,-1072.9306590827355,24.30417203407438,25.34747427239091,120.45,0.0,-134.32136209020337,411.73083419904424,384.859831141417,1234.53,0.0,-3905.350737370394,491.84475067525455,432.1977485060003,1236.95,0.0,-4766.647491405295,109.72093023255815,15.153210698842162,0.13810683765371196,1
111.27900595932913,110.82432280961507,339.9,0.0,-856.0282347234568,52.123172574798794,56.84480909915357,198.44,0.0,-350.4859167993673,53.212663881550654,56.821635633804874,166.54,0.0,-358.7995610148575,33.87481661239786,37.936108762926544,185.57,0.0,-206.25723155413095,11.989783743933156,13.932869950273142,52.36,0.0,-56.40631328158925,70.27042206794863,70.74223790581799,253.99,0.0,-490.8429396231241,103.15723904896478,101.1183198792119,352.77,0.0,-774.5040679363279,27.283487129077837,27.353932851503963,95.15,0.0,-154.29326882686937,139.3245321619463,140.99358677721264,506.55,0.0,-1120.631150873031,49.348897831295695,52.69832978841559,197.56,0.0,-326.10753326915625,40.23889475947656,43.746370028622124,140.58,0.0,-255.43211552215112,36.02962585242981,42.02332762226336,236.83,0.0,-223.7751085770048,11.690296123364257,13.011705225928162,49.17,0.0,-53.504099548219685,71.62012348712908,71.97104881041085,260.92,0.0,-502.85031553052164,59.64932297106346,60.31515745519482,219.56,0.0,-401.4518646067751,59.82269951465258,56.22559413113052,187.0,0.0,-400.57108505807,463.1905910180009,376.58850861752984,994.62,0.0,-4400.013974767348,467.7243927013577,381.9862899400178,1003.2,0.0,-4449.389704733613,124.1732283464567,11.527505270732064,0.0928340627382988,1
79.68503535130358,109.9877296293142,393.36,0.0,-612.0823316770199,77.34821586389748,110.62093744196797,374.88,0.0,-596.7342059486596,54.15877706584181,72.59348243789914,253.44,0.0,-383.03988790747763,107.55128479893946,112.35948740313833,438.46,0.0,-826.1779266118415,31.41124613345117,32.84255285396508,151.36,0.0,-185.24888664152877,88.51373840035352,88.12801446478629,277.64,0.0,-651.4275738220571,83.38861577551923,90.51244469246384,332.97,0.0,-610.8425683894178,33.67964980114891,35.380282210398434,155.98,0.0,-202.6607729220371,75.40088046840478,99.60353045681256,348.81,0.0,-566.3600681964966,71.98729562527618,91.45247090556009,330.0,0.0,-531.7908677970664,55.87978126380911,75.7479831380887,256.08,0.0,-400.4652862790504,76.58474149359259,82.32316574609766,296.01,0.0,-554.0882914841765,28.830657313300925,30.6794354282452,122.65,0.0,-167.23245121502012,85.06398917366329,84.5748954148272,260.7,0.0,-620.7806226979798,60.69601193106495,60.172677820598054,198.33,0.0,-413.1739102223452,58.385781042863464,59.206312290718344,214.94,0.0,-394.60749293086957,555.7365631904552,486.7712006524421,1355.97,0.0,-5483.465868678097,512.8291383119752,441.32772238907097,1267.31,0.0,-4987.725858432917,97.6043956043956,5.699198171632665,0.058390794147553764,1
123.6864906345408,151.47120630138954,522.72,0.0,-1009.244926045618,57.49973842726298,73.1536398520617,252.67,0.0,-408.1394469632607,62.03375526033502,79.49569705162298,238.37,0.0,-449.49868801238705,49.714045713342685,60.200080232503765,295.46,0.0,-334.4842167263688,33.746264543279146,40.2948976980101,155.87,0.0,-208.01827278272688,75.38627031933328,82.79926303679953,325.6,0.0,-543.5698156068883,117.95924746266195,130.12422395801778,452.76,0.0,-926.4073507639569,37.56288967736612,40.832774906442936,154.33,0.0,-233.37049649434857,111.57053387243171,132.37772315901657,379.39,0.0,-887.5391453991004,69.29766729928212,81.3951271219445,244.97,0.0,-502.31688131561054,55.63143576202657,67.64726110259411,201.74,0.0,-389.93731160395885,53.648649228484196,58.73169867155439,245.63,0.0,-360.94051989299646,24.27963858404158,28.46143599952044,102.96,0.0,-137.71872502673781,77.31576780262398,81.18270769566804,276.76,0.0,-557.3608785712231,94.49456555821436,108.22019463063356,422.18,0.0,-716.3048185334378,39.4188299364634,44.3753343455138,161.59,0.0,-249.25687447413367,557.588702038122,458.9146020024393,1198.89,0.0,-5463.015592988542,525.6570880435679,453.2674495470171,1154.89,0.0,-5135.155034956842,115.83495145631068,4.92683771317997,0.04253325659689355,1
76.62524328859061,107.33435188313754,349.25,0.0,-583.738381167246,50.07953020134228,72.6222696789611,245.19,0.0,-354.2425814579434,26.24053691275168,37.60753755207884,125.62,0.0,-161.5729558609858,55.65168309563758,63.71098159160315,299.2,0.0,-381.6678243332525,3.620518036912752,4.270079002745904,25.41,0.0,-11.062722349007585,115.51287332214766,113.61310093855028,346.72,0.0,-889.7896810190759,72.7681606543624,74.98065199397423,263.45,0.0,-517.1392134117442,129.43815121644295,126.33300263390943,383.9,0.0,-1016.8543162229926,106.38323091442953,138.48642900181846,463.32,0.0,-851.3981795768011,71.77230075503356,91.65788241842422,282.37,0.0,-530.3304368426113,50.07949559563758,61.505807032063714,188.98,0.0,-343.1813313335801,53.36131606543624,64.03389710274709,229.68,0.0,-367.4636869887039,7.58209836409396,8.715392239166434,28.16,0.0,-30.90142210738176,74.70644924496644,79.07240307714605,281.05,0.0,-535.2612787420397,65.8111451342282,72.71326172417149,284.24,0.0,-463.64918648606647,81.77242659395974,87.8478101642566,279.29,0.0,-596.7082327636646,529.936696728188,455.37461118785143,1194.6,0.0,-5182.241665253173,511.4684626677852,434.47867891412454,1149.72,0.0,-4970.022813472311,96.86458333333333,4.700664384927116,0.048528205285837525,1
12.150938196220809,21.732047155977472,136.62,0.0,-66.24639100903968,31.038888522155297,59.7163834520242,308.11,0.0,-214.72142038241824,34.38765739747504,67.77734245558689,318.67,0.0,-244.79878724091557,66.62344830431553,83.82855792630127,352.77,0.0,-484.06240063685385,48.902256786863596,56.905173807147726,204.16,0.0,-327.03722233365926,59.38933492862448,75.45324364227099,309.54,0.0,-419.3469160171807,75.3818772175922,104.76061353854382,406.78,0.0,-567.7875497296111,34.32643534945127,43.48891454241137,252.45,0.0,-213.45735494990691,8.2052883901312,16.66238391972164,125.29,0.0,-42.075962311596115,31.635125010314383,62.891668717519586,310.42,0.0,-222.04582512148136,31.50585526858652,58.59744039153773,257.18,0.0,-214.61432790677748,62.02935308193746,81.41774764771141,303.05,0.0,-447.89578348764695,38.659095634953374,48.606431861185904,252.01,0.0,-247.58437640462134,88.99731578513078,109.52156461010306,425.26,0.0,-676.333118007004,71.21076326429574,91.90697768492414,381.81,0.0,-521.0651275750354,58.670790494265205,79.33213905799909,386.21,0.0,-413.9535646206709,362.20083670269827,322.388020166056,877.47,0.0,-3361.974312696733,390.9135869296146,333.23424699141094,937.31,0.0,-3649.74720066451,94.08661417322834,36.42250399406381,0.387116746777647,1
89.27895310796075,103.60611589272231,341.99,0.0,-661.3762974042999,78.30972737186477,101.07469235850947,316.91,0.0,-588.7892413884065,31.168178844056705,41.35833542486006,159.39,0.0,-196.4687919323138,56.98539803707743,63.71475582891101,249.15,0.0,-389.3682620771101,51.683762268266086,59.7452332828486,194.59,0.0,-350.91866921660494,46.84393675027262,48.768621786755894,211.64,0.0,-298.87009265206177,87.91690294438386,97.9215897410236,384.01,0.0,-644.9891059745185,21.946139585605234,20.367884435917997,66.55,0.0,-116.08552094756487,79.39516902944385,100.62749142576344,359.15,0.0,-591.6973293130802,87.80153762268264,107.09455723850387,381.15,0.0,-665.2717405228034,48.12955288985824,59.63703550142968,191.4,0.0,-325.8926529258418,93.7762268266085,97.56663469338476,353.87,0.0,-699.774476738365,68.2098691384951,77.32655955653868,275.66,0.0,-483.8182162808582,51.558451472191926,54.17467647135009,252.67,0.0,-335.2743711841362,99.39246455834243,107.288075909264,503.91,0.0,-739.2048653832676,37.84077426390404,36.51560803333169,142.89,0.0,-228.48984230243028,464.1329989094875,393.9935699814827,1058.2,4.62,-4419.43372579535,566.1040458015267,457.14831055809213,1142.9,0.0,-5527.686632956312,114.83908045977012,24.259551295098255,0.21124821966505336,1
90.06752553916003,101.03248514411291,323.84,0.0,-663.7320197347565,77.83081630722666,98.65443873878972,300.85,0.0,-582.8203366394639,32.3748562239879,41.474998418127974,161.92,0.0,-203.7949531058999,57.59774593265229,63.744433073195324,240.13,0.0,-393.9779613848895,52.562415815361334,59.34437120127481,196.9,0.0,-356.15220755193604,46.852518917896326,48.583625635129856,209.44,0.0,-298.8523667992988,83.84870696178587,91.9405506879549,410.63,0.0,-607.8838949933827,21.58403518728717,19.79449707516827,58.52,0.0,-113.30825557779059,80.55241108588726,100.92512305591615,376.42,0.0,-600.5939075663251,89.95638100643207,106.40382571897081,368.39,0.0,-678.9220279321285,47.411123723042,59.02413307654731,188.43,0.0,-322.01366409351033,95.25824158153614,97.02151273852708,356.84,0.0,-709.2850080590225,69.66421112372305,80.38488767949873,275.66,0.0,-500.80499289585055,49.30899829738933,51.634903204828404,235.95,0.0,-318.0071987235247,97.49165153234961,103.77073170050582,396.88,0.0,-720.291168413422,38.04362277714718,36.19998729737199,136.18,0.0,-229.3498112555201,462.71862088535755,390.1958421099528,1047.64,6.93,-4400.504815635725,567.6866411275066,455.9310693246958,1131.13,4.62,-5543.907691957299,113.31521739130434,4.938599845199234,0.04358284755475583,1
16.764983909563494,37.15972857261896,277.31,0.0,-104.21085657969499,42.05531727040185,79.6736866387851,349.25,0.0,-309.901129302902,41.430571004208275,84.37801578563287,408.65,0.0,-310.4750865369424,94.59941001732817,104.06833061070415,367.62,0.0,-715.7652711945221,95.25583381467118,94.71444506758134,300.85,0.0,-711.5908486798213,61.45818631900322,65.23912134311128,240.02,0.0,-425.63706932966477,94.98073850977804,100.78538274237393,355.52,0.0,-716.4399064683222,30.072524135654756,33.26492167635047,231.99,0.0,-174.13988594512156,24.96650548725142,52.256243638284126,377.08,0.0,-165.86180119318345,50.453475534285,86.98531794731295,376.86,0.0,-373.49721662878835,47.69796600379569,86.21892944906597,409.53,0.0,-350.27599969899927,85.19124680254146,94.47719040896405,398.2,0.0,-632.2343310545806,91.74448386830596,94.08019963603896,309.32,0.0,-684.2514617343963,63.06697829853948,67.6827527019507,262.13,0.0,-439.2307884611528,102.54905437742389,117.4838322731889,417.34,0.0,-793.8484893809323,31.96691311164287,33.18208484908512,196.79,0.0,-188.65785332317765,476.6175649806089,416.04998587537153,1208.79,0.0,-4597.2885324822255,497.6366234837858,430.71175846507293,1266.54,0.0,-4828.5592166054985,93.125,36.53166434752186,0.39228632856399315,1
75.14722922205524,110.07427570031763,352.33,0.0,-575.9385555239775,50.00219049820829,75.4756960620908,239.91,0.0,-357.34142413427816,25.886098716911338,38.80026739953359,127.38,0.0,-160.84124400554015,53.44465264131315,62.05985511879446,288.64,0.0,-365.2268105670341,4.080897006126459,4.911107540956375,36.52,0.0,-13.23232209952939,115.0755762339614,112.9940540711721,346.72,0.0,-886.0174887181087,76.90141833314067,78.46542671879536,266.86,0.0,-552.3486228682781,127.01631718876429,126.09093044881494,374.11,0.0,-997.9387677018195,104.81354641081955,143.899101682989,482.79,0.0,-845.4446890701054,66.93616344931222,90.58969202258774,280.39,0.0,-494.7429592814358,50.495976187723954,65.34209715983309,207.35,0.0,-350.7223204287991,48.72665587793318,60.26152378519769,307.45,0.0,-331.5795567257335,7.642603167263901,9.044811916640747,44.66,0.0,-31.559181136740893,74.3558929603514,78.26172392679341,278.52,0.0,-531.7782265292104,68.30538434863021,75.3352927135693,277.09,0.0,-485.0184831721367,85.38215004045773,91.47042845453589,288.97,0.0,-628.7812851495368,527.5543798404808,456.7573761301575,1210.33,0.0,-5161.6179991854,506.6583724424922,440.0085375754131,1192.84,0.0,-4929.432682273548,93.72527472527473,4.655295776927591,0.049669587958777205,1
75.61836870482963,109.69111562918651,361.68,0.0,-578.0868240651905,49.563246529769415,75.40693865613649,302.94,0.0,-354.33978529398627,26.87474016290008,40.227873146302564,155.1,0.0,-168.39261891460205,51.72241138006194,59.29610096086067,243.43,0.0,-350.3995391844972,3.8718056670873007,4.566921062504119,12.65,0.0,-12.263307677537961,112.94011815991742,109.45405833945571,338.69,0.0,-864.8774316107535,80.72976597453251,82.03287903282421,270.27,0.0,-585.5767379008518,126.14117815762303,125.23322029152838,388.85,0.0,-991.0309973307408,105.18959160261556,145.48596370214034,489.28,0.0,-849.1466024546934,66.38765630377424,90.01333306284799,272.8,0.0,-489.2154915815647,50.048372146380636,66.01168254984809,207.35,0.0,-348.773402592654,47.932730297120564,58.65821604323355,240.79,0.0,-324.5028823376462,7.796346220029827,9.17231452329503,28.16,0.0,-32.404796446315345,73.68537455546634,77.48117748883935,291.28,0.0,-526.384581171586,71.34667890329241,76.68558210993477,294.91,0.0,-508.5466799367572,84.38793162785363,90.80884265959251,305.91,0.0,-620.833400832675,527.4616347367213,456.1841124647759,1205.93,0.0,-5160.371064817716,506.77468165653323,439.8826905953463,1205.38,0.0,-4929.825380741492,92.93478260869566,4.6690571337217985,0.050240146935953856,1
80.12190692301346,97.39898962422235,316.58,0.0,-597.5888975073123,38.64504497070715,51.86977282319288,205.81,0.0,-254.84486016149964,24.403117418928954,33.345046382177216,135.52,0.0,-145.8968721385328,62.003439227659044,74.51805899844149,308.55,0.0,-441.5531047937743,15.32615232279891,18.393617902498097,79.64,0.0,-78.73850323329847,107.54515471573562,99.37180268566053,303.49,0.0,-809.3142243157054,108.45027890089943,94.71406618815215,293.59,0.0,-810.9106089791761,73.7986087961053,63.7650146937798,182.16,0.0,-508.6872415890782,93.36751712187474,118.38202374321556,369.05,0.0,-723.069582711426,52.185592045548304,68.41435904208602,222.31,0.0,-363.7973619116663,21.08114283356712,26.98375509546525,89.98,0.0,-119.1818664310396,64.22371647825729,75.69728825403692,262.79,0.0,-456.888555674031,5.423610858981763,6.743819101934114,27.28,0.0,-20.13347872553827,124.11221305388233,116.9840844871196,362.01,0.0,-962.49673016489,70.6100247545177,65.55435503104262,289.74,0.0,-485.7716745063787,73.60417773743707,65.58490763465646,197.01,0.0,-510.709473891512,510.2937032758479,443.38760654755566,1217.81,0.0,-4948.739295640259,504.60799488406633,419.9742776142192,1175.13,0.0,-4869.154706547624,120.03,5.66648921290776,0.0472089412055966,1
133.88221717963526,112.85872748498097,357.39,0.0,-1039.0197839203279,75.34672332700717,65.25217017703865,231.77,0.0,-524.5670349480048,60.574483043155375,51.95670309827853,154.88,0.0,-402.25651351513056,34.75044228071623,36.955243492255065,184.47,0.0,-206.8417098899802,63.72168660780592,54.73236585991535,175.56,0.0,-424.970052533003,20.3065318920703,24.962890517525576,121.0,0.0,-109.52355592611052,75.68355804934401,69.65954514803849,260.15,0.0,-528.5263542254718,15.169534615067253,18.41423057121667,135.96,0.0,-73.72063605983914,82.34198448716892,86.51384043718924,262.13,0.0,-603.8034560556608,46.071864840333355,48.70543780279123,159.39,0.0,-300.372257193165,47.10338146711775,51.53079262552818,155.21,0.0,-310.37805408920156,45.092411915174516,42.3678075009198,167.97,0.0,-284.23003873131654,16.51152735374206,16.885336902066403,65.12,0.0,-81.95656858122405,53.562702368182194,48.39515963770783,168.52,0.0,-347.7627226390014,56.70082927634293,52.4953282938405,162.8,0.0,-373.7435523329575,34.399475204224764,32.53660969860395,174.24,0.0,-201.3720440374949,479.43517699480157,306.3100232109854,867.35,0.0,-4463.987273965227,381.7841769122865,312.0300876100554,885.39,0.0,-3506.734815249595,185.33846153846153,27.95781268162494,0.15084733330336358,1
110.40844484629294,125.73655712185764,396.44,0.0,-867.8249726738027,70.80294755877034,79.58794504316818,248.49,0.0,-509.4303871837954,60.651898734177216,69.37707623475534,212.96,0.0,-425.8844370314372,41.652314647377935,45.84264072418231,161.26,0.0,-266.1317906817938,37.02909584086799,39.930411125311295,138.49,0.0,-228.31610656783573,56.125443037974684,61.8317481832208,233.09,0.0,-381.5920653557892,118.88851717902351,120.8933599615471,369.05,0.0,-925.0035480853503,43.54956600361664,50.660115015047765,147.4,0.0,-283.57207422856925,126.91669077757685,137.7375826340831,384.01,0.0,-1017.0283849621928,76.02253164556961,81.4323176895759,251.13,0.0,-550.5543747466746,85.62059674502711,93.56105744372215,284.24,0.0,-639.823296487424,26.766491862567815,28.14776119029189,100.54,0.0,-152.49575868995345,30.75746835443038,36.37223265899156,131.34,0.0,-184.871965382519,49.44121157323689,52.33331688875745,187.44,0.0,-324.8120802455561,95.19179023508138,98.02084005568317,313.17,0.0,-711.7780464105002,65.88723327305605,68.30982211121632,214.39,0.0,-458.9311625578104,539.1082278481013,453.689176892118,1108.25,0.0,-5274.397868837846,556.6040144665461,485.27279173991633,1234.97,0.0,-5492.168291623218,106.32727272727273,9.380937238414635,0.08822700891121835,1
66.37359518112055,94.54541139882892,377.08,0.0,-494.0582968381828,68.42327667299283,90.98653200213028,292.27,0.0,-506.3657334962181,74.88279726050003,102.8396832113198,351.56,0.0,-569.071031403969,81.3008647578183,96.06441462418327,386.65,0.0,-605.2618638544931,38.664732238633555,50.18909663298949,213.07,0.0,-250.4403490811936,54.95302830266524,78.55340261946691,292.49,0.0,-393.23790649228226,35.600797920620515,50.28130034681604,209.44,0.0,-231.3260988243443,23.20978216024424,30.577492943522838,163.46,0.0,-134.06911566999986,68.71321231124682,98.55229230813681,388.63,0.0,-517.9273319416562,73.38281623896361,101.34526389941936,327.36,0.0,-555.1542801318012,48.11128063371565,67.3466234746318,229.57,0.0,-336.38716355862596,81.88854195890751,96.22289014778728,383.46,0.0,-608.7879485347504,39.685774403828695,54.92146153597783,252.12,0.0,-261.83567350660013,57.37985394834557,80.37226590321126,281.71,0.0,-412.38646880776054,30.454106774486345,47.21908401726094,221.21,0.0,-194.92521754045399,22.915998019638582,30.06468529819838,176.77,0.0,-131.2724986809451,443.4088744945953,379.759538629514,1060.73,0.0,-4228.282284823194,422.53158428913275,363.2942734529022,936.32,0.0,-3999.943878894891,101.47899159663865,5.937841527721395,0.058513012735909746,0
17.81576120141926,37.40291913908376,291.06,0.0,-110.43663493577435,43.95481640399373,76.13187389331321,331.54,0.0,-316.85454194601584,44.660726132519194,82.91098642155931,404.14,0.0,-330.49662725755496,97.0270434854361,102.75914423913882,350.57,0.0,-733.9081002221953,99.94317352916907,98.98300172909367,303.05,0.0,-753.1269530778195,56.109848172291436,59.46135689756332,221.65,0.0,-381.0766375290723,86.77386170476112,91.2794692535486,294.36,0.0,-642.621330547062,26.9532040597409,29.298474106561976,224.95,0.0,-152.42538354071033,23.99331545507055,47.799614914120355,323.95,0.0,-155.10270125492838,52.40518359600627,81.3116942459945,331.54,0.0,-378.62892500320913,45.970587507220074,77.68938242002632,372.35,0.0,-329.8379752662509,112.49902137140029,115.38301691014095,435.05,0.0,-870.581059830138,87.35328822510108,86.267182207693,309.32,0.0,-641.0870995441196,59.17380972027395,61.9710041474739,242.55,0.0,-404.62722793527615,90.89253981351597,100.6767270633807,402.71,0.0,-683.0382849146908,29.806696097037708,29.434183622693315,179.19,0.0,-171.1288082309708,473.2384346893308,411.32513273605366,1188.55,0.0,-4557.930445890886,502.09444178562586,422.1889067943396,1210.77,0.0,-4862.003158144823,95.608,35.89627189556041,0.3754525970165719,1
91.25095288816058,113.41704529309793,386.98,0.0,-698.9349500511967,46.03921343711593,56.320160303863915,198.55,0.0,-307.1344635208585,57.95922081114298,73.04386903865938,256.63,0.0,-411.10096575710907,52.90191560835722,55.423508071476704,176.0,0.0,-354.9569158848229,35.012562884063904,44.84597970974926,175.56,0.0,-221.28027259686695,60.67890208930766,66.18264230427108,276.98,0.0,-416.6677397288559,59.48061859893486,80.11739776732996,303.38,0.0,-422.7394572907612,26.499040557148707,31.77690062984551,115.28,0.0,-154.64218678110637,41.79621466612045,62.76818908551346,321.53,0.0,-281.92184082088187,29.82441130684146,42.76220141719406,168.19,0.0,-186.75349111971784,47.558736583367484,71.96880864893085,308.11,0.0,-333.6351625606721,59.686766079475625,65.31539512460486,183.81,0.0,-414.977835801236,42.48007128226136,52.20398189150707,184.58,0.0,-281.1308582967534,77.8317099549365,80.50648717839616,281.71,0.0,-560.0337303944203,108.15197296190087,127.80014213428926,457.93,0.0,-843.698454777598,42.843598525194594,45.32359145428408,174.24,0.0,-272.87324857329895,429.82242687423184,364.36615039726576,981.09,0.0,-4071.347543682061,450.1734813600983,399.19029643044416,1039.61,0.0,-4315.37969089555,107.13392857142857,11.459163157954084,0.10696110289947974,1
92.51440217839756,120.52220831020574,430.1,0.0,-721.7996281534869,39.579032923508535,56.313405810299116,210.98,0.0,-267.52832429627205,45.93842891327668,66.02850834943644,238.37,0.0,-321.4833814258917,36.27793464807328,44.75559466056282,203.61,0.0,-230.6567413173048,27.78908243254394,32.73657414356363,125.4,0.0,-163.98276811949185,43.57512170971202,58.990300786902594,223.96,0.0,-291.62211959863345,44.16560359765657,62.299632292050525,230.23,0.0,-300.1426483442695,19.608736694446737,25.73922829624997,142.78,0.0,-107.75174434595537,75.6407343840251,103.30240403255956,405.02,0.0,-573.6734925491295,30.61238551035564,46.29028051170005,242.99,0.0,-198.163396158984,38.134864262727945,56.47909037909207,227.26,0.0,-257.2745161407506,43.444953378991656,51.63566727841768,212.96,0.0,-286.78158715088665,18.21959980196386,21.18137044227643,82.83,0.0,-96.65149587575229,57.64059905932833,70.5367570316114,242.55,0.0,-402.9213560794547,47.73869296146547,64.40555238340413,240.35,0.0,-327.2242002005057,34.569635283439226,47.09974053040894,201.85,0.0,-219.4108067695774,349.4483430976153,307.5144381922877,863.28,0.0,-3221.2316201771346,346.0014646422972,309.8920781211469,846.78,0.0,-3192.4859933377984,106.40178571428571,3.8253380369503,0.03595182177883978,0
44.28698572489479,80.14908469969309,341.66,0.0,-325.6944602497915,49.09409192177573,87.51448698310074,369.49,0.0,-367.4717406483299,8.757857083917814,16.397427017990857,106.37,0.0,-44.79324902282142,42.61732568693787,53.7176246841008,284.9,0.0,-282.4972962230641,51.89604670352339,60.22108991958736,213.07,0.0,-351.5977930128064,37.53289132766729,49.08687687189967,171.16,0.0,-244.39478511272787,66.36311164287483,91.91140650643199,328.35,0.0,-489.39888207643537,30.80077151580164,42.85228040558559,194.04,0.0,-191.76692788736474,58.69389058503177,90.74082657699785,402.6,0.0,-437.7559889241633,39.469504909646005,59.28242642134319,220.44,0.0,-271.5210786355011,23.136079709546994,37.6123505097875,197.12,0.0,-143.57369033632708,37.3873562175097,43.550412309591756,212.96,0.0,-236.67468928278106,30.309424870038786,36.64127933637372,157.41,0.0,-183.09568167376702,43.76143823747834,60.195684981206014,220.55,0.0,-297.2980027195346,52.617459361333445,77.2359436578058,303.93,0.0,-375.46440958712736,40.95033418598894,62.12333386916385,236.28,0.0,-279.0383506441432,331.3490816073934,301.0184572478923,816.97,0.0,-3044.797740643194,326.325488076574,288.81189400015614,773.85,0.0,-2980.668437799784,109.41818181818182,13.68368757992976,0.12505862693521716,0
80.75484579323958,119.53242640599237,442.53,0.0,-627.431401674869,33.734961756723415,49.47274088254612,165.0,0.0,-219.13417258967,27.513108808290156,43.20024224851496,156.75,0.0,-175.16024055162077,67.3886109055021,74.35132595539098,265.98,0.0,-476.9686549044289,7.509311621021466,8.62219769899063,42.9,0.0,-29.745378299392687,110.95751295336788,117.75596232294629,401.06,0.0,-859.2376376671972,78.78670614359734,84.98649940175368,361.9,0.0,-572.6601234074128,73.04871206513694,79.18571942925684,260.15,0.0,-523.8926206913566,73.04255119664447,116.26315652801426,406.78,0.0,-573.107884635428,32.80163089069825,49.900446475759026,162.14,0.0,-215.88571707907906,45.86085368862571,64.54957693217999,227.48,0.0,-313.1170539448726,53.62593634344929,66.28981946692275,249.15,0.0,-372.45181335866175,8.090333086602515,10.01037201374275,44.66,0.0,-33.82273124033307,82.42696521095485,91.35402086643943,417.34,0.0,-606.7566191272814,62.38074759437455,68.95983122037751,265.87,0.0,-431.59762228414235,53.95837897853442,64.5093645985636,211.2,0.0,-367.43007362567585,479.69377004687885,416.58330838526683,1133.11,0.0,-4632.357098722251,412.187396989884,373.38101123313567,1066.34,0.0,-3889.79002755023,101.48648648648648,4.3905403325763395,0.04326231486160441,0
94.64637554100543,127.73095405698034,500.94,0.0,-744.9569113881885,55.97345910553768,82.26983717882672,281.93,0.0,-407.41183646610637,28.55030407279991,40.500045096252066,146.08,0.0,-179.51247816904592,48.13352680057707,56.47724346652368,218.46,0.0,-321.6142818401222,8.060506048163356,10.607124773455414,39.05,0.0,-35.23469761008274,52.11260681389414,60.3998475568644,249.26,0.0,-350.81694524443,82.68296304516701,100.9673299433545,387.2,0.0,-617.1204250250424,26.83099101098657,33.589614374284615,138.27,0.0,-157.5088130365702,94.74714682055266,129.35891454924842,442.64,0.0,-748.6722356900266,47.25074353567861,65.80622793882338,209.99,0.0,-328.4031263733923,35.130003329264234,47.92708494776485,164.45,0.0,-229.29706261946393,54.05646099212074,62.35559993720801,252.89,0.0,-369.357497050486,8.834192653423592,11.158924497390869,35.97,0.0,-39.08459041290991,75.69147486405504,91.38313422099925,348.15,0.0,-553.7274380020452,72.14920874486738,87.49575543447732,338.25,0.0,-523.5566327581431,50.66584618799246,57.382273837991136,211.86,0.0,-336.8885158338343,396.9907324381312,345.15430796648036,954.8,0.0,-3722.614790624677,438.5250771279547,370.8920695263738,952.16,0.0,-4161.294626163519,109.0506329113924,3.374883904903258,0.030947861693251005,0
77.94178480072613,110.19766722236227,418.88,0.0,-598.2695505919703,46.72689990923344,68.53371243805555,260.15,0.0,-328.09099560871175,32.83758230877135,50.43049935456445,194.37,0.0,-216.36712063706264,59.22138047693704,72.84677752012082,333.08,0.0,-415.9612842530619,18.059841571086725,20.97258065883553,89.32,0.0,-95.02186999988248,56.93563330307781,72.52288583060052,326.26,0.0,-397.5334450349485,41.6423475534285,56.22828079441118,327.58,0.0,-273.9625920860601,35.485760376268665,44.98242158281123,171.82,0.0,-223.97781116183154,70.69293093489563,103.60875955908438,381.37,0.0,-537.4947604937414,45.78842808812608,63.427749844843056,250.47,0.0,-315.9607182360496,33.35946282696592,49.68053466364833,194.26,0.0,-218.57327076629704,56.65247792722172,69.74704572689792,298.43,0.0,-397.8688105693486,8.010603185081278,11.297082487804474,52.25,0.0,-35.9041132842167,84.11060731083423,97.92384455162485,426.36,0.0,-624.7619965568273,60.710986880105615,76.48580240013534,320.1,0.0,-430.09494040356503,41.832657810050335,52.559525587835296,171.93,0.0,-274.2738577667236,368.8512302995296,332.4872492482914,952.38,0.0,-3437.291000728136,401.15815496328077,361.08434810893834,1000.89,0.0,-3788.115033196002,105.41228070175438,14.831102574331057,0.1406961549033653,0
103.86949005693538,133.1824365253628,451.88,0.0,-828.0230239007677,84.81903127320737,110.04454093377278,353.65,0.0,-654.000726440311,62.56206205132437,84.18332576235846,290.84,0.0,-457.1131804799391,45.87068982589323,63.54303887529154,278.74,0.0,-312.34145381607675,8.006772836042579,12.54613935891842,55.0,0.0,-36.503333043294916,71.00740985229805,93.39343581441804,343.31,0.0,-521.6499475643392,30.269133591880518,46.061459683046394,260.15,0.0,-192.72945427126237,22.70767059988448,31.34951687842555,109.01,0.0,-131.44490544479865,87.20559287069891,123.35092720154793,410.08,0.0,-685.6762008194555,70.73621750969552,95.73620432823405,327.58,0.0,-530.791205844864,53.449634458288635,76.57185154235547,291.17,0.0,-383.6042641373923,55.575124185163794,70.11293310271205,258.94,0.0,-388.7604535798856,9.546945292515884,14.67073394553802,75.9,0.0,-45.57357071904139,83.6675212476277,99.51810069031924,411.62,0.0,-625.8319433146737,56.833974750391945,75.64702197319694,314.16,0.0,-402.81462593940347,32.574014357620264,38.444406825396236,138.38,0.0,-199.18198036723854,429.1122600874659,373.39465296397054,1032.24,0.0,-4075.50431459994,449.58902467200267,390.2588751597244,1099.56,0.0,-4298.3420764501525,105.35087719298245,7.4680400399000275,0.07088730762269801,0
22.160665896526115,34.22954672949324,166.32,0.0,-132.91071721113804,38.82858404158759,62.53590485102228,334.18,0.0,-266.818809427223,33.509499958742474,53.773885297382506,202.18,0.0,-223.93213809591862,97.55859064279231,108.89056582170645,356.07,0.0,-750.0210836867262,65.87781912699067,69.32205810550822,204.16,0.0,-463.6660391814505,96.97986302500206,104.94393474479834,357.17,0.0,-735.246572003348,101.31787853783317,110.03592225404834,400.62,0.0,-773.6901139020508,45.690291278158256,46.394641574769956,236.39,0.0,-290.9996685213543,43.743838600544606,66.67844552985449,254.43,0.0,-303.43092036137335,58.69846521990263,82.89221316706451,290.07,0.0,-426.93218594302255,51.7890692301345,71.51032872096233,237.82,0.0,-364.91686201006524,77.25100585856919,85.7581644227844,308.0,0.0,-564.8229192314955,47.47841983662018,48.372242776858045,160.6,0.0,-307.6942591961603,71.30912699067581,82.83105089830264,297.77,0.0,-513.620267364448,88.85142668537007,104.97231692289695,386.65,0.0,-668.7201550857696,48.214763594355965,49.8671451313679,246.84,0.0,-312.9668856603846,501.9231925076326,441.990215174937,1279.74,0.0,-4884.158907293413,487.336116016173,400.87464494575227,1106.27,0.0,-4686.071543188007,106.69911504424779,24.143701410531982,0.22627836604380144,1
36.923911213796515,71.2935601843307,380.38,0.0,-263.2765111732877,34.72424705008664,57.16954128515788,213.4,0.0,-235.62492872062396,29.55331215446819,49.9455895069968,204.16,0.0,-194.32803199287628,39.35236158098853,48.10936023811752,179.74,0.0,-253.76572382919062,22.819839920785544,25.696983820047123,107.03,0.0,-125.80419998838225,40.1567711857414,53.10180046900757,200.42,0.0,-264.5250717754176,57.91856258767225,77.48776382947423,324.39,0.0,-412.1564671929273,45.95100915917155,66.49551662762721,248.05,0.0,-317.531050230741,35.83608301014935,69.47514625904144,301.51,0.0,-256.33060632382853,33.50910058585692,59.69200698705911,220.55,0.0,-230.6418158448647,16.203783315455073,31.66060022182232,144.1,0.0,-97.95975417188326,45.62313309679016,57.078922571520195,208.56,0.0,-306.50810869072865,19.762667711857414,25.431430145884995,133.54,0.0,-108.57741937847133,47.941946530241765,64.37211704719799,249.04,0.0,-329.08017222781365,49.658169815991414,65.1423005241947,273.24,0.0,-340.3631823533405,38.95813515966664,53.056129115529224,219.12,0.0,-255.6910657882695,307.4000148527106,266.2609076900094,743.6,0.0,-2770.3442753494473,287.49301922600876,261.4816648745542,714.89,0.0,-2578.2521882928636,103.23275862068965,11.878231145613922,0.11506261485521628,0
78.2917578494172,103.62154949532656,358.49,0.0,-594.6750969763445,68.20144387272919,88.96599463840147,295.79,0.0,-503.03519860720604,52.854797857817914,73.08897311122386,268.18,0.0,-375.00426155977647,59.623084112149535,70.28460861662583,329.89,0.0,-414.94443622521777,7.977142707130106,9.509497897515082,46.2,0.0,-32.562873835233,94.31062480310827,103.21434662078117,401.94,0.0,-710.3977112552237,75.92253596555707,90.70427047832412,383.24,0.0,-553.761297511207,24.420392733382332,28.014351920175162,128.26,0.0,-136.77331889775252,93.84648325107634,127.23820539120895,491.04,0.0,-739.975181943737,47.55620077706605,64.81239661667607,234.3,0.0,-329.59478758843244,41.0172246140922,56.59005029222641,190.63,0.0,-277.47106456320074,52.281695894151,58.27094172657511,255.31,0.0,-351.22559708156473,11.614466029612515,12.82811805070628,58.41,0.0,-52.73011810863606,95.2069001365116,95.77718098978757,315.48,0.0,-709.4359244593437,102.18246875984458,110.72769617444747,384.01,0.0,-780.4043990768248,39.1316192376352,41.98659396766422,160.27,0.0,-243.65139383696726,461.6017799012916,398.6010532374134,1077.89,0.0,-4426.554819910208,482.8370586999895,404.7102663638205,1084.71,0.0,-4643.468877817135,119.38461538461539,3.2708140962260455,0.02739728302251198,0
55.474545754600214,82.41065315320334,365.86,0.0,-401.9958899116856,73.84501774073769,115.7468782587677,388.08,0.0,-576.6800580129552,99.72187556729104,147.11707029246784,441.76,0.0,-811.6424395886776,82.1658156613582,90.97340609955154,372.68,0.0,-610.7825950679461,19.77189867150755,25.12118894917097,106.81,0.0,-110.80947982259806,103.88728030365539,107.9442912812567,371.91,0.0,-793.6701699348772,118.8911840910966,138.9771910567401,512.49,0.0,-947.6308140496874,46.05256786863603,54.79309773210295,280.06,0.0,-302.03812635846015,68.09731578513077,103.11888180661593,439.12,0.0,-515.8909944750247,88.42891740242592,135.2473185111953,479.93,0.0,-708.4895511870261,112.86914019308523,158.1032952541326,474.43,0.0,-927.7271611687349,59.98192260087466,69.64021386877724,273.24,0.0,-421.87439974775174,7.261080122122287,9.614573525367245,64.68,0.0,-30.203376850229425,104.65666309101412,115.68074395541096,427.79,0.0,-809.5818818855183,92.95894958329896,121.92748488651252,504.57,0.0,-721.8578220262948,59.86192012542289,82.82450749299453,347.93,0.0,-429.1178138250372,599.8101856588828,535.2460463425341,1617.33,0.0,-5995.9205917918625,594.1159089033748,538.6474592497532,1535.71,0.0,-5945.016093336156,106.61946902654867,2.138225979062134,0.020054742333501088,0
121.9404096658486,146.79857516005487,447.15,0.0,-988.4564926503538,83.35404191051538,101.93033484379085,349.25,0.0,-629.0429984370817,65.0570568246177,80.94390684864084,270.27,0.0,-470.52296501323127,42.56204644138191,54.4017928169507,264.88,0.0,-280.06997654851517,20.00706248820087,26.901823085266738,105.82,0.0,-112.55330766430558,81.09261468755899,98.17249110901999,372.35,0.0,-603.1930538403876,109.11098735133095,131.7424614786511,521.84,0.0,-860.2058720780828,28.630942042665662,35.20287425032346,149.71,0.0,-170.28060431214632,106.31897677930904,118.85336506949747,361.13,0.0,-828.7373574334222,72.02732301302623,80.95806735314531,261.36,0.0,-519.7424476451171,58.48808193316972,69.11289176649908,222.75,0.0,-410.9163326223143,77.21673966396074,89.86577199621732,420.31,0.0,-563.7273551891732,8.359501604681897,10.700162830166551,46.53,0.0,-35.64940045046375,100.74602416462149,107.31545305424584,363.11,0.0,-765.5528224603928,66.30667925240702,76.57050826093884,290.18,0.0,-468.349176662967,32.581534831036436,38.01512516822668,169.18,0.0,-198.18405411155084,551.7551614121201,478.3014886667253,1252.46,0.0,-5436.578254454049,522.0448612422125,446.1294777023073,1127.94,0.0,-5088.654039632793,117.3409090909091,8.818738267354302,0.07515484868556833,1
31.39086310751712,59.086305886193536,335.94,0.0,-210.6540812310533,55.60721924251176,85.63357461534468,334.4,0.0,-407.83786711101783,57.594081194818045,86.73646043383461,333.85,0.0,-420.8537797968436,68.59765739747505,79.0710062249786,277.09,0.0,-493.13730106244026,56.51489396814919,59.47500211484376,218.57,0.0,-382.25541882418656,83.26320158428913,102.35705424456471,360.47,0.0,-625.3875985438397,95.93070137800147,117.54084706704408,429.88,0.0,-736.9709825733852,28.725766152322798,38.49856998560662,255.31,0.0,-170.28756952239152,35.424002805512,67.62494989997893,408.54,0.0,-242.7980444671467,60.45464394752042,92.989127447979,341.66,0.0,-450.7408612597319,80.12312319498308,114.64357492455356,396.55,0.0,-619.9232093229938,64.63314629919961,79.64414242866572,282.59,0.0,-464.07151981940973,78.38869213631489,89.6411359950216,337.37,0.0,-576.3267393499025,51.39254641472069,75.79480965764522,324.39,0.0,-363.2585530328153,79.00782902879774,107.42371721749949,404.58,0.0,-597.8467193699327,21.29655912203977,27.807694755660904,192.39,0.0,-116.86677935167145,477.62438402508457,395.3475561960163,1042.14,0.0,-4577.8977632046,470.7205429490882,389.8557378192675,1045.99,0.0,-4501.823093286674,113.82857142857142,26.044086118900534,0.22880095736985911,1
110.75000412575295,150.3175331555387,527.56,0.0,-899.4642418491437,92.50124102648734,126.07908695432464,441.21,0.0,-730.0801169139726,54.15003465632478,71.95557934811015,272.36,0.0,-382.8398402068598,81.39248452842644,106.46093157276104,401.5,0.0,-614.3239575859808,9.447102071127981,14.292529649478812,64.68,0.0,-44.5712125770555,73.7162018318343,100.0096210627432,416.46,0.0,-549.1343575443587,64.93663338559287,88.52994684769494,357.72,0.0,-472.1058887751984,13.473733806419673,18.187200239662392,74.14,0.0,-68.82935385391963,103.12488654179388,136.7216422496651,518.21,0.0,-818.7982936806613,70.7312616552521,91.12904958170002,339.02,0.0,-522.6620072509171,57.757751464642304,77.76625517164682,289.96,0.0,-415.1028912274291,62.397021206370155,78.57938687925181,315.48,0.0,-444.1671272258804,21.18966333855929,25.1666007960726,99.66,0.0,-116.70254360185352,60.83089858899248,75.28904404859645,308.99,0.0,-425.7016024185027,75.63445333773413,95.29235884377357,1105.72,0.0,-553.4576095536543,20.545420414225596,26.998856662771328,101.86,0.0,-114.47116010768295,500.36743543196627,440.4255374819531,1222.87,0.0,-4865.012484952943,472.21135654757,424.4939913402296,1363.56,0.0,-4560.402644887249,100.90756302521008,14.840888100358827,0.14707409093460197,0
36.59811448196909,49.01485342370381,182.16,0.0,-238.10152378201934,47.517846594161426,68.39161525981896,251.57,0.0,-332.11682913803,69.61594619347451,98.04123627845573,355.41,0.0,-520.1816261676956,45.160673153978244,51.35783083967424,205.37,0.0,-295.41985471737587,39.861141385231825,41.61238906861459,159.61,0.0,-247.21321620892266,48.01717229536348,49.820967449596,154.44,0.0,-311.4706456041566,122.88401602747565,148.18126658279385,525.03,0.0,-982.532943544436,51.49681167716084,69.09172445672182,242.88,0.0,-353.838433510694,20.96722152261019,33.004484738478695,177.65,0.0,-124.23917978132694,70.00957870635374,105.9163223001973,385.99,0.0,-536.1699087567766,52.67454836863194,86.22749876323861,329.45,0.0,-388.8091003600527,62.51070177447052,72.77709575109668,285.89,0.0,-441.3236360406057,59.848626216370924,60.46982747655728,204.6,0.0,-404.97485191366155,35.086751001717225,39.62961617227032,132.22,0.0,-214.75021617369543,104.12137836290783,141.12693993927348,529.54,0.0,-824.8667268863946,35.0790440755581,42.865431147026804,163.46,0.0,-215.23391047767154,461.1517218088151,403.5763261782161,1045.77,0.0,-4420.147201043902,440.29785002862053,395.08092889128824,1037.41,0.0,-4206.0215284321985,108.10126582278481,5.7930445783111555,0.05358905406166057,1
58.687772918557634,104.83005482684271,561.55,0.0,-450.7021933326884,66.06093159501609,114.19806731896244,413.71,0.0,-517.0715320034653,34.238001485271056,58.95122047263987,236.94,0.0,-235.4374733883116,71.07696427097945,86.51084823315283,329.89,0.0,-520.2720038343508,5.636885056522816,8.554625577608526,54.45,0.0,-22.549781508284042,106.10565145639079,116.07106394606167,434.5,0.0,-817.7160235323313,78.16039607228318,92.90448778054125,426.14,0.0,-571.4197233566077,37.47481887944549,48.41079032646333,208.01,0.0,-238.89741739193323,81.43428253156199,116.6826655014723,470.91,0.0,-634.7853294569466,75.82273042330226,108.90622643144322,434.72,0.0,-583.988355554305,42.52747586434525,58.73391961605626,203.72,0.0,-290.22872026261695,36.768754847759716,44.92657034069036,183.26,0.0,-235.89884739357112,4.842405313969799,6.578214652242854,34.98,0.0,-17.56947044921086,72.8824473966499,77.23075346133483,294.14,0.0,-519.3660218648563,129.35518029540393,163.12840171333363,626.78,0.0,-1055.5278564501828,28.6275204224771,30.436531853606038,127.38,0.0,-165.8015758927284,457.44142173446653,409.2426392036133,1227.6,0.0,-4392.930103259686,472.2607970954699,419.7715292065577,1147.74,0.0,-4562.092323136675,116.44660194174757,12.936535268914923,0.11109414146225088,1
28.61828226555246,47.61796967717747,244.97,0.0,-183.24440429647683,71.83731290622099,99.47264952802786,360.47,0.0,-543.3755272439371,41.33211699164345,61.16561229362991,212.96,0.0,-284.4030925826578,43.42080965645311,49.15967401103183,251.57,0.0,-281.3287506594217,62.50731104921077,73.44344663661407,260.37,0.0,-440.5067467358332,77.3020965645311,83.23663387742296,296.89,0.0,-561.0144200556412,60.10592014856082,72.52010437514757,283.03,0.0,-421.05523797376264,24.410092850510672,31.119323245946642,215.49,0.0,-137.41739732307565,23.689015784586815,47.71267723828622,297.55,0.0,-153.90135047880534,53.24437140204271,82.53359292108718,302.5,0.0,-392.0850069084086,46.85877437325906,73.27916930823702,286.55,0.0,-335.81135542963943,59.51988672237697,74.71001275265913,307.89,0.0,-421.0822652069791,26.56709377901578,31.839547577474793,120.89,0.0,-154.75397641574222,90.00667780872796,105.63576470329787,355.63,0.0,-684.5714448398329,77.74703992571959,105.22279030193974,365.42,0.0,-589.1142539460793,54.125474466109566,74.7111863435974,321.42,0.0,-379.4101983760925,409.53394243268343,337.3227309983293,870.76,0.0,-3839.3896357614717,431.7583342618384,372.9519265544298,976.47,0.0,-4096.2603839799485,108.16326530612245,22.55546174752134,0.20853162747708406,1
28.67186896608631,61.75461157591909,367.84,0.0,-200.0571251120436,45.14347718458619,82.22161326892433,324.28,0.0,-334.377826669186,32.98514151332618,62.76484680416566,247.5,0.0,-232.5806704942849,93.81706576450202,113.99242874786682,399.19,0.0,-724.5171203555892,57.28611931677531,64.76871564953989,211.75,0.0,-394.7486660361318,67.83486426272795,93.10871498221874,305.69,0.0,-503.0142029046109,79.16684297384272,108.94716905259926,410.52,0.0,-602.2347761219587,25.23236983249443,35.968311382747025,236.06,0.0,-146.47667357049528,20.886149022196552,43.29321639802115,296.45,0.0,-132.90147277363548,64.26568693786616,104.68065035019809,368.5,0.0,-493.73344226639716,30.823290700552853,55.15852197226138,213.73,0.0,-209.94215333050246,87.44697747338888,98.8317270060113,422.4,0.0,-655.5252182885921,59.1086484033336,64.0527291060877,226.05,0.0,-406.2633060240963,64.29740985229805,90.12372776712064,332.2,0.0,-472.0313817739716,75.66484198366201,104.5457019491727,396.22,0.0,-571.7960603930437,29.38808977638419,42.19415726369617,262.79,0.0,-178.1259814848927,430.1377498143412,366.57388339382464,943.69,0.0,-4074.8331622760725,431.8810941496823,351.6514140103813,921.14,0.0,-4073.537561250278,102.57264957264957,21.067379182739778,0.20538983121244514,1
68.87104870936385,102.19602937605163,448.91,0.0,-517.5636040608035,38.148971811210714,60.07239388608597,209.11,0.0,-260.5360928170065,52.085564315800845,86.02907072168753,342.76,0.0,-382.920161828273,51.553349173776866,62.070177901051,221.98,0.0,-353.329038190049,18.649175936926234,19.536351910411167,66.33,0.0,-96.15070962187694,80.96458580840265,85.22331984037349,277.86,0.0,-591.1635255823236,75.29409115455232,73.32919245425228,251.35,0.0,-533.8462036333779,35.138186629225615,33.39773818884491,106.92,0.0,-210.18288490060553,68.25771465601036,103.1839081824931,376.42,0.0,-514.7284173325392,55.644424883896754,88.79622550368643,312.4,0.0,-414.415898795748,22.472861000108,36.44543601405645,131.89,0.0,-138.69766478608489,68.91649098174749,83.5606692626242,465.41,0.0,-500.40096254639525,57.500928826007126,55.79708970966378,206.25,0.0,-386.0124317559858,51.72625553515498,53.53774816027624,192.39,0.0,-343.64732854813826,132.01363862188143,138.76438287544227,435.16,0.0,-1053.097795138678,25.577536451020627,26.609921258345707,106.48,0.0,-143.43104101830792,420.70497353925913,388.7174106772857,1216.49,0.0,-3998.6515301940517,482.1098509558268,430.765760856948,1283.37,0.0,-4664.20975970592,106.49411764705883,10.588143790454284,0.09942468208005016,1
52.20331572566679,89.45439366405475,334.84,0.0,-392.0958792641322,37.11104520263249,65.45531652022179,245.08,0.0,-262.58877324956484,26.083164184274327,41.006107567156455,158.62,0.0,-162.10565321830438,39.289108070661584,67.25992737751793,362.12,0.0,-276.1284933872652,2.5307525112573606,4.011316715349827,24.31,0.0,-7.606835588412039,44.01787928645653,55.010310513535664,290.4,0.0,-283.57568888202167,36.110862487010735,55.51144311269433,369.82,0.0,-232.7232797425997,19.7727476619328,24.902269497869067,155.32,0.0,-104.78660116962867,54.051759612054035,87.73232567796363,383.35,0.0,-392.4014421937172,37.67663837894007,63.97417783333483,254.32,0.0,-259.76333442245755,16.992370973328715,30.078180032833203,128.26,0.0,-100.60709873806759,36.50074904745411,60.5825076061628,261.14,0.0,-249.02613798288857,7.635741253896777,11.425703849118952,67.76,0.0,-32.16437594812548,38.59965535157603,52.996835207733895,301.95,0.0,-246.58163275007396,42.38729217180464,65.21303007278136,408.65,0.0,-282.3767201984988,18.053669033598894,22.78740075197458,152.35,0.0,-93.91387928444694,257.1188751298927,302.93799038297374,879.56,0.0,-2307.8643718418607,251.89787582265328,293.0164166475549,889.35,0.0,-2246.0173432525858,208.16666666666666,685.4509126871914,3.292798619794354,0
94.67671590065189,117.31530257899293,363.0,0.0,-732.280690117618,47.80464394752042,60.30527466872683,197.78,0.0,-325.1502923808876,46.653624061391206,61.25741688208486,232.1,0.0,-317.44861026267785,64.51930687350442,71.58366988696623,302.39,0.0,-452.7260245542968,24.397862034821355,24.77182206104125,89.32,0.0,-134.8636593743326,81.44795197623566,84.94115786051762,299.97,0.0,-590.399845222714,49.428839013119905,52.61862950547381,233.64,0.0,-323.0395952717752,43.87906262892978,58.28661208296916,228.91,0.0,-291.0398004912149,60.81012212228732,88.30020538414408,324.17,0.0,-445.21050596973464,60.11119234260253,82.28756587793951,307.34,0.0,-437.5299065521354,26.67393349286245,39.59816834648542,176.88,0.0,-165.79933421876416,83.90040102318673,90.58570784293539,380.6,0.0,-620.3179904090647,18.849229309348956,20.042539478034897,84.81,0.0,-97.98876022492809,110.20251835960063,107.5287340584684,399.85,0.0,-841.7499609424485,85.90292020793795,86.98670121601396,343.86,0.0,-627.1052506035522,40.30554666226587,40.68723195274752,163.02,0.0,-249.75893158580098,452.80800643617465,388.1050461362981,1060.18,0.0,-4323.986577161402,486.75586352009236,425.0603046199125,1199.66,0.0,-4711.246364082189,104.71052631578948,13.305271138682928,0.12706717850463714,1
40.53740077564156,63.88265695633424,243.65,0.0,-281.40104690421,40.89911461341695,60.726774097467306,200.2,0.0,-281.9033125633339,50.01136974997937,68.94066563960465,244.09,0.0,-351.4585952181747,64.32011057017905,72.06109394651435,290.4,0.0,-452.35838363070695,15.245379156696098,17.214753626575558,69.74,0.0,-75.81759129175015,87.88849327502268,96.06416328614735,307.89,0.0,-656.349289752924,92.73583629012296,102.43942100673128,351.23,0.0,-700.1318415794497,108.24568198696261,120.3916592875942,379.06,0.0,-840.9363908148327,35.82213218912452,57.698845830522956,213.4,0.0,-243.86332665237612,31.935516956844626,47.287024633954935,186.45,0.0,-208.0108105907721,52.65580823500289,75.77240470383481,259.38,0.0,-378.97408843818755,65.00424539978546,72.10312124667132,290.84,0.0,-458.6255151179457,22.479202079379487,24.840189408184543,87.01,0.0,-124.39503372689384,70.15400445581318,77.1534758965618,263.67,0.0,-502.1189061334248,86.69216271969633,91.9730528139398,302.06,0.0,-644.5555236820447,65.26347470913441,78.25848443672965,293.81,0.0,-465.4868463389665,499.88338641802136,439.64187031421284,1122.66,0.0,-4865.87667913875,430.0065467447809,394.18955450874233,1023.11,0.0,-4117.324981667169,117.56862745098039,6.5492250760300905,0.055705550179708914,1
118.85646588002311,158.6098750618283,502.15,0.0,-971.7995864943247,57.84229144318838,81.00631110437054,252.34,0.0,-419.2283276281651,52.6328170641142,69.3630105269441,244.09,0.0,-368.08162572788507,85.40511098275435,96.16404469004128,381.26,0.0,-636.1944358433993,13.456551695684464,18.295235618148553,75.02,0.0,-68.33374778584894,112.58676540968727,121.97228641527991,430.1,0.0,-873.4536132519216,93.65319580823501,111.56243191015481,400.73,0.0,-716.2400895585891,84.83856423797343,101.52979668860671,403.26,0.0,-632.7022073771228,129.79709546992325,156.48198109734307,440.77,0.0,-1060.8108803154225,71.42078801881344,88.45093843663008,294.03,0.0,-524.8500070181431,68.13279643534946,81.53733834444475,246.62,0.0,-493.7233916848365,76.83636603680173,85.1056376856727,288.09,0.0,-561.0501922178184,29.175578017988283,36.12510070883356,146.96,0.0,-175.49758566980753,74.23398877795198,79.25114166247106,273.57,0.0,-532.172378291615,96.75765739747504,116.68058061193278,421.85,0.0,-745.420865450355,39.888029540391116,46.241284271370716,169.62,0.0,-253.23188482992822,619.2717625216602,523.6202397103323,1518.22,0.0,-6192.428049830237,586.2422996946942,504.4675703679742,1263.24,0.0,-5821.872464225426,109.01834862385321,5.068307086443966,0.046490404142252986,0
56.577662972232154,96.26218962083902,360.14,0.0,-425.63638828069463,45.27915147181504,74.94220957204476,254.98,0.0,-325.62615672654834,28.229125253247528,49.88762137792931,206.25,0.0,-185.7704097539912,44.05983077106423,51.160349572127,264.11,0.0,-287.54963437232135,3.2791824573948283,3.5889404032291825,25.85,0.0,-8.955354869346714,104.09311405076868,108.61745005020215,373.56,0.0,-795.9727369334115,59.833668215945664,65.516786083907,255.75,0.0,-409.26029502316777,29.275586938386365,35.133855685931046,143.55,0.0,-173.55143255073335,71.38534620426647,123.19700597866868,519.42,0.0,-566.9924024654947,46.9793207007508,79.28218334688641,279.18,0.0,-344.2185351562599,16.618180193064,27.88860758234164,112.42,0.0,-96.27554380868646,33.18071147658205,47.97877207630727,277.09,0.0,-213.93640737320038,5.364817065903945,6.5583885618684326,33.33,0.0,-19.24790195706915,55.10767965677512,62.55533286595599,250.47,0.0,-376.0682384564626,92.48957573590751,114.72390390620687,430.43,0.0,-708.9368268397274,44.9552079609105,57.018266089350945,220.55,0.0,-299.00598197457873,370.62732213085445,329.6185943637631,1055.34,0.0,-3442.97284767248,366.0808389941604,315.6877894150073,932.69,0.0,-3387.350370640114,97.96385542168674,17.642668556950856,0.18009365271515448,1
