feature_0,feature_1,feature_2,feature_3,feature_4,feature_5,feature_6,feature_7,feature_8,feature_9,feature_10,feature_11,feature_12,feature_13,feature_14,feature_15,feature_16,feature_17,feature_18,feature_19,feature_20,feature_21,feature_22,feature_23,feature_24,feature_25,feature_26,feature_27,feature_28,feature_29,feature_30,feature_31,feature_32,feature_33,feature_34,feature_35,feature_36,feature_37,feature_38,feature_39,feature_40,feature_41,feature_42,feature_43,feature_44,feature_45,feature_46,feature_47,feature_48,feature_49,feature_50,feature_51,feature_52,feature_53,feature_54,feature_55,feature_56,feature_57,feature_58,feature_59,feature_60,feature_61,feature_62,feature_63,feature_64,feature_65,feature_66,feature_67,feature_68,feature_69,feature_70,feature_71,feature_72,feature_73,feature_74,feature_75,feature_76,feature_77,feature_78,feature_79,feature_80,feature_81,feature_82,feature_83,feature_84,feature_85,feature_86,feature_87,feature_88,feature_89,feature_90,feature_91,feature_92,feature_93,feature_94,feature_95,feature_96,feature_97,feature_98,feature_99,feature_100,feature_101,feature_102,feature_103,feature_104,feature_105,feature_106,feature_107,feature_108,feature_109,feature_110,feature_111,feature_112,feature_113,feature_114,feature_115,feature_116,feature_117,feature_118,feature_119,feature_120,feature_121,feature_122,feature_123,feature_124,feature_125,feature_126,feature_127,feature_128,feature_129,feature_130,feature_131,feature_132,feature_133,feature_134,feature_135,feature_136,feature_137,feature_138,feature_139,feature_140,feature_141,feature_142,feature_143,feature_144,feature_145,feature_146,feature_147,feature_148,feature_149,feature_150,feature_151,feature_152,feature_153,feature_154,feature_155,feature_156,feature_157,feature_158,feature_159,feature_160,feature_161,feature_162,feature_163,feature_164,feature_165,feature_166,feature_167,feature_168,feature_169,feature_170,feature_171,feature_172,feature_173,feature_174,feature_175,feature_176,feature_177,feature_178,feature_179,feature_180,feature_181,feature_182,feature_183,feature_184,feature_185,feature_186,feature_187,feature_188,feature_189,feature_190,feature_191,feature_192,feature_193,feature_194,feature_195,feature_196,feature_197,feature_198,feature_199,feature_200,feature_201,feature_202,feature_203,feature_204,feature_205,feature_206,feature_207,feature_208,feature_209,feature_210,feature_211,feature_212,feature_213,feature_214,label
131.5992,2.024429,131.19081,128.93703,138.99182,10.054791,1.2493358,1.2660228,130.43521,132.14189,0.00047691996,3.6240338e-06,0.00038153597,0.00042922798,0.012612897,0.10886909,0.010720963,0.011982252,13.68923,13.68923,15.10144,0.07614949,0.14105639,0.27452853,0.017313002,0.10718399,1064.9923,50.79161,903.2999,1180.0428,-0.0340224,-0.00593292,710.4776,40.885387,591.8316,884.53546,1470.7532,115.427734,1187.5,1796.875,5.966728e-06,6.052102e-05,7.909071e-08,0.00065756997,22.484823,3.4429798,24.099733,3.6407008,27.519299,3.4994571,25.910057,2.8598473,19.511583,2.109636,72.53286,7.2740874,-151.34909,14.40559,-176.3073,-62.692303,-0.5006503,2.9205203,0.22245772,1.0823,190.91162,10.008666,159.52393,247.62732,-0.533343,1.9306066,-0.013599349,0.77874964,-116.016174,6.9673038,-132.14713,-96.24475,0.019602025,0.95883924,0.041812085,0.6875121,-0.013638651,4.9607687,-13.1075115,18.243769,-0.07013977,0.85279214,0.0648252,0.60100484,-37.901203,5.4038277,-52.63389,-24.862415,-0.07548788,0.9469919,0.09151781,0.58249265,-22.617674,3.9349046,-33.351757,-8.032672,-0.015112404,0.5908769,0.10598549,0.43720856,23.934376,5.7286763,2.5920136,38.203934,-0.13322005,0.5653043,-0.07035258,0.3812407,-35.928078,2.9615943,-42.51866,-28.31998,-0.042273887,0.43469813,0.024699783,0.2773134,4.469482,3.1980484,-4.7564406,11.205809,0.0028899643,0.50114113,0.04758094,0.32218948,8.989813,3.5833802,1.3403252,16.130512,0.03288037,0.42798153,-0.045875438,0.2617202,-6.598251,3.3187504,-20.850311,0.30527115,0.06418518,0.32896847,0.05647835,0.33061627,17.877222,4.872444,9.30306,30.939825,-0.0026523476,0.51561856,0.016789353,0.30252343,-24.81788,4.454364,-30.349163,-8.273269,-0.067364894,0.5135894,-0.050953716,0.4170713,-14.801639,2.5571516,-23.141247,-9.223604,-0.016567094,0.39223567,0.044210996,0.26602426,1.1982473,3.5331063,-11.467328,9.292,0.04440656,0.5063207,0.049440805,0.46249187,-19.91498,3.8108554,-27.869184,-11.37668,-0.06852561,0.34519655,0.050539758,0.29305735,11.948845,2.4810827,6.074591,18.983906,-0.0383133,0.365302,0.022841103,0.2789098,-0.5082669,2.5090735,-6.334485,6.4987016,0.010579221,0.37522683,-0.050155018,0.3208023,-15.448784,3.4859214,-21.815212,-1.2446498,-0.15010053,0.4124233,0.004193577,0.32400683,8.084072,2.960507,1.102797,14.311556,-0.014864408,0.4251127,0.020367272,0
110.827614,1.4904481,110.31788,108.42268,116.20456,7.781872,1.3315386,1.9418377,110.31788,110.95695,0.0007286993,6.5750696e-06,0.00058295944,0.0006558294,0.049878646,0.42278203,0.042396847,0.047384713,9.149164,9.149164,14.749969,0.03285176,0.082566895,0.17455867,0.043533754,0.09048333,892.5588,65.040695,773.90234,1036.9233,0.28736392,-0.7989723,626.89746,45.771355,525.1611,748.79004,1334.5071,113.99563,1164.0625,1734.375,4.3592768e-06,3.167645e-05,1.3635666e-07,0.0002688394,21.842371,3.2495363,22.688438,3.6796057,22.061367,3.3522677,22.208887,2.6378071,18.87411,2.118584,65.93313,9.003802,-179.27884,25.090872,-217.81616,-98.448074,-0.7738824,3.6776066,0.2086375,2.7313151,223.74326,8.440603,206.89017,246.95782,-0.2080536,1.2236671,0.0019676099,1.0037438,-97.13686,13.444279,-130.647,-75.39345,0.41844827,2.049925,0.04490698,1.2445431,3.1128473,12.705827,-29.148079,26.044464,-0.0044522723,1.8295995,0.02058658,1.0529102,-24.89077,11.103749,-51.366463,-4.6199694,0.4289765,1.2921022,0.003583537,0.7977926,-27.753765,5.17168,-39.91642,-14.544382,0.054297406,1.0047123,0.11459483,0.80722916,18.493046,10.489358,1.3962911,42.81681,-0.36243084,1.3905162,-0.010247687,0.6775363,-23.861948,6.1629305,-34.244835,-9.900408,0.12752196,0.96240026,0.10949193,0.61465365,-1.7989806,6.9682508,-20.96471,12.53372,-0.16171262,1.1027812,0.1191126,0.70945746,1.7059876,3.5216324,-5.139393,9.234321,-0.144386,0.5919929,-0.02234605,0.30767968,-9.506931,3.6310098,-17.085293,-1.6659305,0.06323852,0.71322,0.0023477406,0.42013586,6.5440507,3.9575622,-2.7933948,17.271088,-0.09192544,0.7112155,-0.005274668,0.55303866,-17.574457,3.4986336,-24.57535,-10.652275,0.043788392,0.4781902,0.036594074,0.28799888,-7.1151576,3.4228907,-14.996517,0.32877344,-0.031728815,0.6559789,0.08722864,0.47517446,-3.8918517,3.16204,-10.293991,4.0617714,-0.043702316,0.50561696,0.049532868,0.38308635,-16.169338,3.2704844,-24.81963,-9.361503,0.020264473,0.49217558,0.05736764,0.31648567,8.837305,2.6744182,3.6468112,14.454178,-0.08685038,0.43691915,-0.032724045,0.26272443,-5.9319496,3.8068736,-15.68733,0.5668088,-0.053485725,0.7086149,-0.0656471,0.45230338,-14.361151,3.115146,-20.921816,-4.6708183,-0.18624489,0.4752758,0.04556372,0.28944227,-2.0825632,2.919877,-8.983583,4.949808,-0.025229273,0.6732653,0.019729815,0
234.89655,3.7757604,233.75545,232.40912,266.96796,34.558853,7.1115046,58.573627,233.75545,235.10959,0.00084690715,3.6054473e-06,0.0006775257,0.0007622164,0.020485615,0.17613775,0.017412772,0.019461334,19.085453,19.085453,14.904168,0.07335552,0.13316768,0.26833943,0.02748549,0.068006724,866.0248,73.34426,721.6094,1234.9333,1.5618612,6.263969,673.3333,34.408955,599.31604,763.42633,1342.3611,105.522285,1156.25,1781.25,1.8773433e-06,1.4955905e-05,5.1226895e-08,0.0001424604,12.606207,3.9185958,26.901981,4.265539,27.576283,3.9037175,27.545948,3.492421,19.527905,3.0017188,66.12233,7.8807554,-183.1062,17.556847,-206.76826,-108.90329,-0.34959465,3.4270496,0.013113536,2.0480108,184.895,10.527553,170.23279,216.17142,0.06928261,2.2085547,-0.05061693,1.1962368,-80.13398,11.745704,-123.17711,-55.774796,0.66676193,1.4912902,-0.10846115,0.69728404,7.9409924,8.174538,-13.757148,27.18832,0.2742541,1.1518242,-0.013245975,0.7553853,-23.736572,3.827393,-32.18521,-6.7754493,-0.113727815,0.6951299,0.067805864,0.33878538,-15.94723,3.9722505,-25.441116,4.0096555,-0.0046674516,0.7939525,0.046273198,0.46859017,24.966673,3.5431604,16.527037,34.5411,-0.051660497,0.7039776,0.082648,0.5443874,-26.677973,3.2147224,-36.097786,-13.608814,-0.050412092,0.5422414,0.07176449,0.4837061,-3.8293166,4.6281624,-12.438055,7.3167763,0.053417817,0.764134,-0.031930123,0.52190286,1.211059,3.8523486,-5.9678392,8.869577,-0.009782521,0.62631416,-0.006828728,0.38143915,-20.040316,3.1051297,-34.3676,-15.448927,0.046940405,0.61326164,-0.030448135,0.32707548,-4.576469,4.4214716,-13.463683,5.4018908,0.07137857,0.7282968,-0.08880987,0.5131929,-18.074564,3.6490695,-26.333862,-9.628302,-0.09781477,0.44134846,0.019910485,0.28171307,-7.2658935,2.9330869,-13.472656,8.421927,-0.14527658,0.4832105,0.0315609,0.37674758,-1.1973165,3.0516777,-7.797351,13.223261,-0.07596889,0.4378804,0.031262953,0.39002275,-15.037749,3.0954876,-21.459526,0.23590869,-0.06137145,0.52825385,0.10790103,0.4690472,-3.6585236,2.8715959,-8.517876,10.634976,-0.07018672,0.55570215,0.041978575,0.45111948,-12.263643,2.4913418,-18.427578,-4.8534374,-0.023436941,0.4783581,0.0055532735,0.28874394,-6.3228955,2.6766384,-12.791111,1.061761,0.012268961,0.47259486,1.5367403e-05,0.32547495,1.1621057,2.7232053,-7.2237873,6.293928,0.0068004318,0.48244587,-0.047445733,0
102.881386,0.97499335,102.93022,101.16194,105.94631,4.784365,1.0588878,1.2826437,102.33739,103.52649,0.00033737675,3.279279e-06,0.00026990141,0.0003036391,0.020789374,0.17872281,0.017670967,0.019749906,13.853952,13.853952,14.726323,0.05393291,0.12556273,0.22960837,0.023867073,0.07919922,967.2518,32.632828,911.80634,1057.0868,0.46224454,-0.57267064,755.10205,34.29988,643.6625,889.4254,1501.3021,134.63441,1289.0625,1882.8125,3.6537975e-05,0.00021471285,1.1283148e-07,0.0016666861,24.182728,3.2179708,24.725405,3.6936166,25.558332,3.655558,23.34395,2.7835984,19.190487,2.1057358,69.68367,10.478043,-150.36598,15.838272,-188.38618,-91.271194,-0.34118384,2.9609468,0.13837326,1.7137341,213.69861,7.4992385,184.05132,241.98312,-0.3976869,1.2493939,-0.20175055,0.9512905,-103.005196,8.300439,-117.92389,-72.81825,0.043447483,1.481914,0.26286423,1.042742,18.238592,5.588601,-1.0318923,29.058546,-0.13488294,1.1811182,0.0618382,0.5752059,-31.912102,3.8552291,-39.88832,-22.261162,0.18129906,0.5119769,0.035668537,0.3322736,-26.66385,4.6783113,-41.964924,-1.5473822,0.22568955,0.7493458,0.14635572,0.59946597,28.647602,3.4206617,14.402686,34.38253,-0.037616607,0.45659918,-0.07522348,0.3429671,-32.222137,3.2483568,-40.90751,-18.382786,0.11583172,0.47959852,0.060269296,0.32482174,-3.0208156,3.2323012,-12.233555,3.6224942,-0.030716311,0.56330675,0.039113797,0.35518485,5.858124,3.6261902,-1.1254768,16.599203,-0.13601929,0.49071282,-0.027236281,0.39894822,-9.385509,4.0265846,-16.333752,1.4615024,0.023699904,0.4966492,0.02994156,0.42512557,2.3371658,2.7330363,-5.9417076,8.13557,-0.009014155,0.50893766,-0.0005857756,0.24589165,-32.527096,2.621558,-38.378662,-22.350746,0.016335303,0.48428613,0.062786885,0.2563454,-13.732823,2.1277585,-18.713537,-8.734733,-0.0018604014,0.37324777,-0.009184027,0.24420162,-4.4841285,1.8670068,-10.387573,-0.3098384,-0.053213067,0.29177225,-0.022950573,0.23907937,-18.699417,2.7184935,-23.658657,-6.760829,0.0053236377,0.4511661,0.092709474,0.35567215,11.522195,1.8893801,3.3761177,15.911905,-0.006156576,0.3194581,-0.026943,0.29556495,-12.781318,2.0573924,-16.690279,-7.443779,0.0027661487,0.30734193,-0.009203687,0.21753316,-18.318556,2.2861028,-23.06976,-8.838041,-0.016213538,0.36471802,0.055568606,0.23017001,7.232147,2.432367,2.2980335,14.777615,-0.046058282,0.26637357,-0.028888274,0
111.61116,1.2153751,111.59972,109.682495,115.53527,5.8527718,1.262306,2.225832,110.95695,112.24621,0.00071512227,6.407265e-06,0.00057209784,0.00064361,0.064807184,0.54541945,0.055086106,0.061566826,10.25111,10.25111,14.004888,0.02134426,0.059181176,0.13816604,0.044770762,0.121315695,1190.1927,85.113335,930.6586,1565.2997,0.52845496,3.6943705,797.9123,71.53272,689.58405,1191.617,1978.0421,435.463,1242.1875,3445.3125,0.00012347278,0.00085514435,1.8443798e-07,0.0073252195,19.86979,4.008444,21.471853,2.847316,25.540236,3.1598403,24.795671,2.5373523,19.124939,2.0400717,70.672066,10.0518875,-186.41966,31.118858,-226.67938,-48.300068,-0.99652886,3.4403136,0.41715506,1.6224545,182.40596,11.026117,128.12923,214.29973,-0.17103034,1.5112743,-0.33162272,1.4121782,-109.155525,14.858155,-137.38266,-58.872597,0.12509257,2.2206154,0.27511996,1.2025213,4.0534105,7.445196,-20.667704,28.773853,0.048399244,0.86450374,-0.08453512,0.81471086,-44.0549,4.8101945,-58.11529,-33.34083,-0.018506158,0.84950536,0.029543735,0.6472383,-19.061779,6.5496235,-35.19158,9.948255,-0.00043843008,0.9519261,0.12713721,0.5396326,41.483093,6.526723,16.155396,59.936028,-0.066301964,0.86980885,-0.16130577,0.62980205,-36.74801,4.2103534,-47.16596,-20.398617,-0.0537423,0.6278494,0.06800284,0.4358642,-7.243487,4.3976626,-22.642435,8.470301,-0.04467897,0.81338394,0.032570995,0.49554962,14.871897,4.188374,3.7887914,25.59679,-0.05592875,0.7274076,-0.059665922,0.5113635,-9.721007,5.0852175,-22.972488,1.2108324,0.059342638,0.6657747,0.042077057,0.54178727,9.396787,4.631885,-2.0058894,19.133951,0.06864419,0.57593566,-0.04451584,0.4079303,-14.314355,5.002404,-31.07948,-2.0561905,-0.01983981,0.71000016,0.014643987,0.47324684,-19.742428,2.479877,-26.703695,-11.623174,-0.02524212,0.45794192,0.047294643,0.31467682,-8.2584305,2.834503,-16.747845,-2.0688498,0.0015436615,0.49287772,-0.01608351,0.39105543,-6.598676,3.4578686,-19.68309,0.079857826,0.00015860616,0.48161113,0.02148957,0.35676572,9.949476,3.8503857,1.8173065,23.335121,-0.02195298,0.607852,0.0048484686,0.35263297,-6.643994,3.0667758,-16.193064,0.9144474,-0.008177374,0.58775586,0.03276892,0.37909028,-5.0764823,2.697441,-11.952286,0.9643774,0.019329345,0.40071073,0.027294796,0.3010246,2.1676035,3.0695062,-4.1966715,11.956058,0.017998472,0.4399387,-0.006947122,0
114.62178,2.0458963,114.869835,110.31788,132.71518,22.397291,6.373723,58.61075,114.20824,114.869835,0.00058949244,5.1429356e-06,0.00047159396,0.0005305432,0.02603204,0.22321846,0.022127233,0.024730438,13.641044,13.641044,15.217371,0.042733658,0.12060299,0.20431657,0.026593888,0.09641462,1057.9901,62.367718,677.4385,1185.7106,-1.7795744,12.010198,713.8672,47.328384,595.4102,820.5672,1501.1904,156.80994,1242.1875,1890.625,3.0530402e-06,2.6357267e-05,1.2645467e-07,0.00027102564,19.973158,3.9563773,25.108639,3.6962297,25.482702,3.669628,26.087055,2.9895444,19.099146,2.347881,70.999626,7.595258,-167.2123,16.642504,-224.56859,-107.65724,0.036868114,2.4501667,-0.2143888,1.9050769,203.78746,8.092696,184.0374,240.60452,-0.29562297,1.4671022,0.049778093,0.79724896,-119.74986,10.686028,-140.19852,-42.68599,-0.4202295,2.2297382,0.29771185,1.3044368,9.551254,7.5788727,-7.5753546,43.309914,-0.115610905,1.1940272,0.106264085,0.9721447,-34.387802,6.4011307,-50.372185,-10.158267,-0.07239155,1.3909432,0.12864655,0.75987834,-21.613293,3.0528069,-30.381744,-11.816058,0.057135172,0.49349186,0.056550294,0.37159765,40.908436,3.9882944,23.681175,48.060978,0.12632519,0.8339256,-0.08461443,0.4088758,-32.28177,4.078331,-43.824287,-21.214241,-0.06261581,0.6360396,0.031163078,0.38417304,-7.8355393,7.05366,-19.099602,14.85815,-0.013175177,0.9342939,-0.0017540469,0.4406833,5.87264,4.129533,-4.6603527,13.429025,0.09052442,0.43841854,0.006077553,0.26696342,-11.8776865,3.6556976,-21.077597,-2.9847114,-0.0046665417,0.6083807,0.022188155,0.44692072,12.421513,6.638883,0.9450971,36.63916,0.003084543,1.0782127,-0.1403855,0.6675425,-19.38134,3.006797,-26.899372,-12.60376,-0.028487792,0.5397437,-0.04468277,0.38961735,-12.527082,2.4569168,-17.842537,-3.4403024,-0.06435845,0.45376858,0.03512641,0.2653862,3.550752,3.0544646,-4.2760916,13.522767,0.046142433,0.49311894,-0.022654783,0.3200779,-18.50515,2.8554552,-26.718273,-7.4674187,-0.09786032,0.4304948,0.036882326,0.3271409,2.5669606,3.565923,-4.188406,13.491124,-0.121044956,0.5053563,0.009549514,0.3295458,-4.756861,3.3568118,-14.569267,4.287133,0.077233076,0.46909386,-0.018133637,0.328558,-17.36888,2.6646655,-24.632652,-10.4705105,-0.06658659,0.41442215,0.0064607677,0.2712257,0.2810443,2.5497553,-4.6662216,6.9084816,-0.069547296,0.38806036,-0.008987611,0
100.111374,1.4291178,100.57929,97.15319,102.33739,5.184195,-0.4097256,-0.71092105,99.28088,101.16194,0.0007519309,7.5109433e-06,0.0006015447,0.0006767378,0.027564226,0.23617952,0.023429591,0.026186014,6.9200335,6.9200335,14.542034,0.051580664,0.09409628,0.22269261,0.030691747,0.096255444,1025.6549,77.12216,901.8383,1205.2332,0.37841743,-0.777755,672.7882,98.92716,535.2404,1127.7329,1420.2101,223.25533,1156.25,1921.875,0.00015711745,0.0007122012,1.03726435e-07,0.0045114276,12.903097,4.049537,20.3287,4.0490637,21.582832,4.4675074,21.306143,2.424034,14.737191,1.8510767,67.28363,14.145276,-152.77042,20.350597,-202.44992,-102.770744,-0.2596711,3.804889,0.5796275,2.3310525,197.13695,16.144318,134.00195,218.20798,0.068561085,3.0882726,-0.85551816,2.03803,-118.96255,16.26505,-143.51968,-44.182945,-0.5189378,2.709409,0.7164795,2.1396124,-16.455992,7.5324197,-34.268745,-1.5000641,0.15431835,1.2350731,-0.015704054,0.87539697,-59.954002,5.762424,-72.01985,-48.143135,0.1272852,0.89622164,0.015600645,0.6041338,-45.608006,7.3214283,-58.34339,-17.486206,0.040535897,1.4600514,0.24293293,0.6393727,17.233242,5.0891438,-5.094279,27.345459,-0.20706022,0.8909151,-0.21519774,0.81119215,-36.981174,4.9658136,-45.845024,-13.824811,-0.14815465,1.0224859,0.19442767,0.5856584,-9.369289,3.276802,-17.451609,-1.4835439,0.02578946,0.48007208,0.02141754,0.4392436,1.9595993,3.863637,-8.256356,10.519197,-0.2783317,0.6967706,-0.046004966,0.4754672,-9.46197,4.2908106,-20.166388,5.203971,-0.17721859,0.85838914,0.084808074,0.5414921,20.216238,4.864662,1.8120546,27.49006,-0.093535565,0.8750053,-0.14290896,0.54800814,-9.029697,4.1539617,-15.000296,4.2590876,-0.26588818,0.78510904,0.09614378,0.39560094,-13.068861,3.025902,-18.961777,-7.4195557,0.08362824,0.59216475,0.024347411,0.3872726,-4.351876,3.1293283,-12.826937,1.3956351,0.04201099,0.44172445,-0.10615588,0.368134,-16.460924,3.2823386,-21.473328,-0.38488656,-0.20194602,0.6827264,0.11660987,0.2958496,11.708544,1.8535995,6.9522605,16.603914,0.013878008,0.22438975,-0.04531743,0.23096773,8.15408,2.9306798,1.4885504,14.096974,-0.15464865,0.48245612,-0.0062321727,0.3305017,-2.308285,3.1107388,-9.067215,6.906089,-0.19434227,0.3580239,0.046755813,0.25036666,8.783271,2.631465,1.8082523,15.424492,0.07141193,0.4579221,-0.09091254,0
189.68866,9.624302,187.6876,184.46324,265.43036,80.96711,7.525591,57.802757,187.6876,189.86842,0.0012128387,6.3938387e-06,0.00097027095,0.0010915549,0.060032267,0.5063817,0.05102743,0.057030655,12.70363,12.70363,15.527524,0.03112327,0.062648065,0.16801484,0.050431564,0.16539316,1430.2375,173.46474,1237.5569,1878.1381,1.2644703,0.2253992,750.70294,127.89797,552.81744,1017.46356,2169.6685,556.5799,1539.0625,3179.6875,1.2130819e-05,9.7268225e-05,7.2221354e-08,0.0010366064,24.085333,3.7153678,22.079668,2.9899614,27.013674,3.1490743,29.10618,2.6497214,24.85948,2.1142116,72.76164,9.03226,-207.71072,30.008753,-272.15543,-86.800354,-0.64525425,5.0152836,0.24223663,1.6663381,133.72498,13.139435,109.46897,189.9523,-0.3682993,2.1120908,-0.0107664075,0.925492,-120.91602,9.856861,-152.47684,-104.35533,0.20268998,1.694687,0.006817239,0.8612404,10.100449,13.157663,-18.97557,47.293552,-0.14304079,1.8346808,0.05540987,0.95580614,-9.027826,9.277225,-30.706675,15.44792,0.13357058,1.3178197,0.038092274,0.8403724,-3.8943717,5.9804716,-17.278309,12.630909,0.09533612,1.0360007,0.044653505,0.5845801,24.235306,7.643346,-6.6186056,43.289062,-0.24970914,1.1730679,-0.048596185,0.6411954,-40.001476,8.726126,-61.150375,-14.770071,0.066005565,1.1395133,0.09294274,0.87460124,2.57892,5.9028225,-8.730982,27.956306,0.093673296,0.9864241,0.14198367,0.6943352,16.365387,3.83207,7.0045195,27.851627,-0.011157688,0.5193273,-0.028294722,0.3542446,-14.800837,6.764691,-30.232487,-1.8876511,-0.080755614,0.97132194,-0.06701049,0.50912446,5.472792,4.3819327,-7.836425,17.73404,-0.095939524,0.64459866,-0.006877799,0.36796507,-16.283506,3.0527446,-22.953255,-0.56874233,0.09303148,0.5950333,0.056285284,0.39490494,-10.660219,4.4689817,-23.862762,-0.4285295,-0.040369887,0.70976365,0.04767399,0.49732402,9.057701,4.817304,-5.8902187,16.838907,-0.06239538,0.6186577,-0.014159661,0.3907476,-12.026668,2.6948876,-18.033161,-5.848462,0.010089796,0.46655893,-0.0109236445,0.33480155,-2.4523678,4.4350176,-10.520849,10.458902,-0.086388126,0.44358483,0.020428423,0.33042,-3.0180411,3.3114011,-12.733587,6.3139153,0.048295915,0.50032556,0.044317573,0.35095432,-11.148213,2.8242037,-18.61422,-4.63429,-0.02717432,0.45264658,0.014797358,0.35419738,0.79941994,4.1496143,-8.093622,14.328393,-0.070018716,0.6433634,-0.01289619,0
88.64683,0.93279177,88.57675,85.5595,90.64713,5.0876327,-0.80777353,1.6158983,88.06659,89.089874,0.00069137756,7.799236e-06,0.00055310206,0.0006222398,0.085808836,0.71506745,0.07293751,0.0815184,4.5851207,4.5851207,15.18882,0.020889599,0.05532323,0.1304366,0.055963065,0.08543266,882.0332,60.981792,717.39984,1014.14514,-0.33309355,0.3924771,652.7809,66.064674,539.43414,786.44977,1222.9873,68.2947,1132.8125,1445.3125,1.5453486e-05,8.966279e-05,1.1741913e-07,0.00068181317,25.719288,3.978166,18.101398,3.465538,20.48286,3.6498764,24.358793,3.2070498,16.533232,2.6496265,65.26181,11.076219,-209.8891,48.625988,-343.56363,-97.94113,-0.87301743,8.627133,0.63877785,3.919282,217.99376,21.32211,166.94313,256.15298,-0.52574444,3.3797035,-0.020013724,1.2973428,-71.93148,19.562239,-116.800964,-27.090706,0.382719,3.2974093,-0.14254233,2.4599867,-3.5825024,10.283537,-16.042002,33.556335,-0.10019199,2.1981258,0.17520191,1.4370754,-36.862606,4.881945,-45.229294,-26.177954,0.04785908,0.9654667,-0.0353076,0.7459311,-5.287543,6.5104284,-24.79306,8.725729,0.08929049,1.066231,-0.002073804,0.61371374,44.233673,5.8531733,31.550758,55.249115,-0.20950249,1.2433729,0.0704923,0.66308224,-19.207249,5.9725885,-31.568924,-4.7055964,0.062141757,1.0981731,0.088112764,0.7677593,-4.251628,3.517611,-12.62278,3.8482823,0.055673026,0.64879024,-0.0026955341,0.61169946,-1.6454163,4.106427,-10.04187,7.597185,0.14214689,0.8232944,-0.08345134,0.5387315,-15.422346,2.9256477,-21.535145,-9.055687,0.027670601,0.57551783,0.03386223,0.47742504,7.7075543,3.7256742,0.014441855,18.091627,-0.1398074,0.7450862,0.12288237,0.50775677,-11.261076,5.074091,-20.439749,1.0874953,0.1921042,0.8743466,0.033537928,0.58038944,-11.821535,3.4642406,-18.838459,-3.3481398,-0.012326669,0.50016147,-0.006322287,0.5681302,-10.470517,5.4954214,-19.470873,9.9780035,-0.2215289,0.8933045,0.095404886,0.6398637,-14.637585,3.6553245,-24.516788,-6.964972,0.073274456,0.66930586,0.08233701,0.58970094,-0.05651669,3.5607815,-7.763336,7.3204985,0.013171971,0.665797,-0.03845339,0.4311807,-17.106321,4.040392,-25.830246,-6.663249,-0.04317926,0.7488469,-0.01787415,0.5335168,-5.7297473,2.9554064,-11.186752,2.57901,0.06794102,0.53871894,-0.02719711,0.32107574,9.172543,4.048878,1.2969922,17.217953,-0.011199844,0.6964072,-0.050289467,0
98.666985,0.52689534,98.8514,97.15319,100.0,2.8468058,-0.27281907,0.295902,98.28206,98.8514,0.0006485037,6.5726517e-06,0.00051880296,0.00058365334,0.027012711,0.23151638,0.022960804,0.025662076,17.89541,17.89541,14.080656,0.055038583,0.12778483,0.23139286,0.031252746,0.094138406,889.0204,57.6533,832.8368,1413.966,6.521406,54.597458,571.249,98.9376,499.67105,1489.97,1099.0176,127.45248,1031.25,2468.75,0.00016168226,0.0015341431,6.673552e-08,0.017415732,21.162872,4.214989,21.76897,3.2829442,25.742336,3.321539,29.370178,2.6879737,18.984346,1.9051638,65.40196,9.545232,-188.07697,21.424046,-243.20479,-38.77453,-0.70131224,3.9738977,0.52156734,2.0905523,210.42267,11.528952,119.75457,223.47311,0.35390872,1.995811,-0.33895445,1.4323075,-76.07576,8.645053,-97.05242,-28.324333,-0.034240186,1.4073598,0.27245355,1.2055856,-11.01149,5.5376287,-32.18895,0.9317728,0.058196485,0.7611912,-0.07337399,0.60010976,-63.39695,5.992897,-77.549164,-33.368355,-0.030392855,0.9740835,0.105350584,0.729277,-41.600174,5.8414297,-50.449615,-14.265736,0.031531494,0.8311013,0.12090557,0.5620227,34.924797,5.6741962,7.1252675,45.47918,0.050367873,1.0070939,-0.16112709,0.68900037,-10.76252,3.8363612,-17.826748,8.523798,-0.053435702,0.7257587,0.10741146,0.51433027,-7.141851,3.7429097,-18.005726,1.3397449,0.0071989982,0.7470594,0.051238716,0.5525963,-2.9550874,3.552337,-11.3973255,6.8243427,-0.05508171,0.5025479,-0.015426032,0.3947433,-9.447185,3.2835257,-16.245354,4.78578,-0.040449962,0.43257025,0.05405507,0.5233248,7.824975,3.4211948,-2.1318505,16.564142,0.023728969,0.61522365,-0.031696357,0.43582767,-8.516351,4.6884193,-18.356556,7.0243564,-0.1021169,0.6086932,0.043242592,0.43358687,1.5060538,2.6088803,-5.8722363,7.554556,-0.013479854,0.43784517,-0.0019330243,0.33195964,-3.8954892,3.6611657,-12.415392,4.907294,0.080928944,0.3986101,-0.001206603,0.30068958,-18.253714,3.0583444,-25.447216,-2.5779483,-0.04023272,0.5350286,0.106504,0.4887284,10.019596,2.6563125,4.1759896,17.144104,-0.027126752,0.4424413,-0.019455891,0.34849823,-1.1938492,3.2885337,-8.713274,6.8991656,-0.035019133,0.47495782,-0.0049914583,0.28677014,-6.605504,3.3205814,-14.977039,3.5613885,-0.09717937,0.44748208,0.024856506,0.320463,5.1235943,3.7094297,-3.8998086,13.582056,-0.020731006,0.40325758,-0.023930343,0
186.4997,4.855481,186.6066,183.4008,233.75545,50.35464,9.340505,91.29124,185.53183,186.6066,0.00036522854,1.958333e-06,0.0002921828,0.00032870568,0.018191842,0.15659226,0.015463066,0.01728225,17.695812,17.695812,14.656692,0.06078467,0.13641554,0.24439569,0.02223004,0.15415527,1205.083,44.013073,1121.783,1350.8611,1.1267086,0.89822364,675.6512,31.818577,625.4364,908.24115,1701.4062,70.49958,1507.8125,1929.6875,1.5097615e-05,0.00013402816,9.683482e-08,0.0013424587,28.13987,4.239022,24.375397,3.599217,27.62948,4.392785,24.541634,3.0143344,24.45855,2.3695571,67.02721,8.641371,-165.74004,14.021169,-191.64839,-97.747154,-0.28478613,1.8154682,0.044858627,1.850763,184.43692,10.001414,141.83395,235.39453,-0.51066446,1.7883176,-0.23310305,1.2718018,-140.66699,7.6558275,-155.9144,-89.84029,0.1076001,0.9983376,0.09325297,0.857951,7.8557057,5.676524,-22.225834,19.927576,0.11045789,1.024502,-0.07149665,0.49479878,-9.883381,4.6969347,-27.33005,-1.7130052,0.18047875,0.60665536,-0.008611155,0.3572436,-15.154215,4.6249437,-22.765335,10.829898,-0.041092105,0.8297707,0.13000564,0.5947236,26.40905,4.005947,11.171019,34.103603,-0.121076934,0.6006675,-0.047923837,0.37134337,-33.82563,4.6033688,-47.116333,-11.77774,0.22660026,0.59432775,0.038405538,0.46029308,3.2435071,3.0749197,-3.5021574,11.515518,-0.08986412,0.3927457,0.035754062,0.35196093,14.079196,2.5263612,7.041604,25.693321,-0.101727664,0.43423882,0.025382854,0.32453454,-23.96978,3.058314,-30.172855,-7.9473505,0.059946146,0.4774496,0.07890668,0.37491277,-4.483373,3.488804,-14.313478,2.8178315,-0.11637074,0.35117298,-0.007014992,0.2710094,-13.727359,2.120532,-18.6777,-9.143472,0.0015184927,0.3424127,0.03666891,0.24940635,-8.679486,2.6379504,-13.881149,6.696666,-0.10018949,0.5061071,0.053885397,0.3259807,0.99079114,3.971487,-6.9469023,14.9623165,-0.14156781,0.3524718,-0.0058893347,0.26441678,-11.193265,2.4895592,-17.374008,-5.714403,0.06276651,0.43479207,0.01820642,0.3043307,-2.632151,2.038799,-8.336967,3.46441,-0.011477238,0.3885612,0.024955275,0.31180498,-11.072622,1.8751047,-14.491043,-4.380541,0.022635031,0.30361363,0.04165748,0.26175886,-4.3002553,1.9471384,-8.477574,1.9919274,0.009117182,0.28991586,0.036529206,0.28741103,3.3349054,2.4526665,-3.849492,10.265642,-0.091555566,0.37066054,0.042702764,0
182.13725,2.218887,181.29427,179.21193,186.6066,7.39467,0.4834986,-0.7902301,180.25009,183.4008,0.00057603174,3.1626246e-06,0.0004608254,0.00051842857,0.02042169,0.17559361,0.017358435,0.019400604,20.174091,20.174091,13.4706545,0.07457684,0.12741128,0.26986685,0.027555685,0.06032636,1010.54333,58.210503,930.3897,1159.1658,0.6951189,-0.18438967,725.68427,43.374207,660.01587,963.6597,1664.9446,53.818428,1601.5625,1828.125,5.9961003e-05,0.0003310343,8.1983856e-08,0.002514597,28.693953,4.228562,23.962234,3.2415233,24.924026,3.1173713,22.619076,2.4740744,26.22238,2.0549867,63.833572,12.881819,-148.11386,13.670213,-168.34113,-98.660576,-0.2852938,2.5779443,0.5159477,1.9566106,198.1011,9.508048,165.29842,216.6466,0.4721101,1.5735075,-0.2707904,1.1292912,-112.66792,10.231552,-132.78555,-66.52101,0.055063225,1.7153034,0.48239434,1.4273247,16.59479,6.7508755,4.2861643,31.624481,-0.07047682,1.1694226,0.0138503425,0.62556565,2.250878,6.682861,-9.075533,22.222282,-0.24354853,0.94497716,0.07959885,0.5728114,-17.718622,5.1851883,-29.874226,-1.5069108,0.065040074,0.9288755,0.07559588,0.60203373,10.35274,3.1620617,2.9070528,17.831285,-0.090363264,0.5547255,-0.100251675,0.4509717,-28.742413,5.1483765,-35.900303,-4.8780503,-0.14546265,1.0823624,0.26054206,0.5912832,7.183934,3.8619218,-2.0089056,14.396427,0.12696148,0.61521506,-0.050106432,0.36673364,4.214687,3.3483713,-3.1421309,11.0980215,-0.12823953,0.46920222,-0.03634027,0.36416838,-27.494247,4.34365,-34.95125,-6.5716023,-0.052378792,0.6844672,0.22198145,0.6255495,-0.1441196,3.3169222,-7.6568747,7.1500373,0.057045184,0.7358432,0.0013824952,0.4518423,-6.2764554,3.7499485,-13.005825,6.531251,-0.21536498,0.55860513,0.075170964,0.38410664,-8.846033,2.6739538,-15.12806,-1.0875268,-0.0017955217,0.502465,0.070860445,0.30227178,-8.30777,2.5635955,-13.154357,-1.9597414,0.042974465,0.3954475,-0.006914844,0.31295374,-13.340783,3.3740704,-19.482338,0.24070257,-0.16108307,0.6255034,0.12685658,0.3578008,1.9011137,3.0720608,-5.024331,7.5827613,0.009752001,0.6363074,0.0700569,0.3980323,-7.3855314,2.6140268,-13.252819,-1.4604439,0.032538347,0.4385621,0.036636468,0.39610377,-4.295269,2.9879503,-11.004053,2.0851343,-0.008282877,0.5997651,-0.005717666,0.37118906,-3.387538,2.5063164,-9.203928,1.3005483,0.017436361,0.4198212,-0.012283501,0
250.88245,43.97672,231.07054,220.63576,346.21463,125.57886,1.6317407,0.6901966,229.73967,232.40912,0.0009232998,3.6802087e-06,0.00073863985,0.00083096983,0.054103654,0.45766637,0.045988105,0.05139847,10.421538,10.421538,14.569253,0.05243931,0.09241309,0.2202796,0.059589665,0.09374639,966.57294,89.24366,805.8799,1263.8839,0.4105637,0.47163472,651.49664,72.74746,491.62,877.81335,1367.6505,283.0443,867.1875,2710.9375,5.561678e-06,4.94919e-05,6.3456284e-08,0.0005674495,12.814476,3.0587702,19.318842,3.8750236,23.563677,3.6787918,23.13625,2.9490147,17.905626,2.8859174,67.378426,7.181577,-163.28534,35.128242,-243.66376,-86.66915,-1.1454376,5.295142,-0.1379344,2.418915,197.56702,15.974017,154.15506,223.49716,-0.3041792,2.4532964,-0.13172345,1.5187458,-84.281555,17.218462,-129.43422,-26.644793,0.652988,2.028915,0.04114846,1.0561322,-10.510782,9.84423,-49.728138,8.1377,-0.017756857,1.9949006,0.124671936,1.0125984,-50.050716,8.803402,-74.03693,-25.659851,-0.12201003,1.3063639,0.11118592,0.75095314,-31.188004,10.720892,-60.80533,-1.9769384,-0.21660705,1.2017884,0.13875706,0.88732463,26.338123,7.785293,0.06197402,43.199802,-0.23482984,0.8507902,0.0711424,0.6465586,-23.032703,7.3465133,-40.955757,-6.7138767,0.19684502,0.7539489,-0.014733459,0.55977035,4.361521,5.453804,-7.741757,18.024837,0.06829755,0.7539664,-0.002347126,0.50886256,15.572074,5.447357,-1.0674167,37.915855,-0.03261652,1.0877017,0.029753264,0.6750549,-11.247566,5.188381,-22.471716,1.2315097,0.10619438,0.67967236,0.051669423,0.55844414,3.9500294,3.970139,-6.541607,14.799061,0.0075698607,0.67215216,0.026982233,0.49973363,-10.937153,4.899043,-22.397987,6.4864855,0.034971796,0.8368366,0.0012916327,0.5477106,-12.999278,3.892066,-22.870539,-3.376289,-0.003669661,0.6521094,-0.018552057,0.44908008,-7.005256,6.7086306,-19.499233,7.6346893,-0.11178088,0.5079705,-0.021657957,0.42188,-13.847419,4.6678724,-22.258595,0.058072686,-0.06607731,0.7485935,0.05386943,0.5658632,-3.969995,3.6924756,-11.40507,5.3781924,0.00012176655,0.5717799,0.07775999,0.5003161,-9.201034,4.3042803,-18.924198,3.1737118,0.07848436,0.7965607,0.024627095,0.5630393,0.5396291,3.1932898,-8.665747,7.192495,-0.016852634,0.509824,-0.014454651,0.4031737,4.3391013,3.042812,-5.043849,12.925167,-0.0741344,0.59860635,-0.028539246,0
199.87613,15.643099,202.32388,102.93022,208.25243,105.322205,-5.7475586,32.926,201.15858,204.08536,0.00078618235,3.933348e-06,0.0006289459,0.0007075641,0.039515585,0.3366201,0.033588246,0.037539806,12.87527,12.87527,14.206138,0.07711296,0.11316718,0.27112246,0.05356781,0.13892315,1375.1696,108.113396,1054.4762,1589.9218,-1.0045456,0.9122249,848.1116,83.09367,592.5016,978.5843,2549.1594,476.18726,1234.375,2968.75,1.1586504e-05,0.00010897864,5.7395745e-08,0.0013841307,14.002605,4.071877,18.255966,3.430876,23.994415,3.539374,26.593136,2.9000208,22.185516,2.2758234,71.54024,8.717748,-135.00183,25.731216,-207.1582,-86.0133,0.012242903,2.7699046,-0.002032927,1.8409576,156.84169,14.531414,113.695145,180.051,0.22890967,1.4072429,-0.013542959,1.0392015,-116.953606,9.433582,-135.80692,-81.19232,0.1806347,1.3587427,0.09102009,0.90465957,6.9254813,10.515625,-27.203445,27.642937,-0.18824601,1.7295308,-0.065735824,0.9992513,-39.6294,7.7864585,-57.493736,-18.308844,-0.17067683,1.3392009,-0.060964193,0.75322014,-14.35077,6.3558683,-30.400251,11.242393,-0.003759992,1.1335675,0.027986763,0.7580156,50.3705,9.402056,17.187862,65.05463,-0.0277541,1.3566792,-0.016397176,0.9969899,-30.324364,6.6355414,-47.339897,-6.1469464,0.08622904,1.4998865,0.08656922,0.9024927,-6.9327607,6.1993556,-22.771427,8.775234,0.0017178742,0.97447103,0.0210583,0.56128955,8.525119,7.6092005,-16.411732,28.148338,-0.18716194,1.2276726,-0.051416777,0.88785243,-23.947218,7.6859965,-42.467266,-1.7194717,-0.11005296,1.2893641,0.015533183,0.7755403,4.2335386,4.0371923,-9.133411,14.133333,-0.024395062,0.6839505,-0.037236117,0.4958307,-2.6100678,4.651876,-15.349651,14.989607,0.041002706,0.99357045,-0.024210777,0.6673115,-4.01087,4.0560427,-18.499176,6.3659635,0.10459474,0.67994016,0.033299625,0.44173536,5.9184775,4.8077946,-7.115524,15.72378,0.067963876,0.5338031,-0.020026155,0.49879342,-3.6244226,3.7044284,-13.353958,4.89457,0.030211601,0.5417692,-0.019482959,0.4096427,1.2747974,4.1772523,-10.051542,10.719353,-0.035791937,0.63488895,0.009300624,0.41340125,-8.397235,3.7402027,-22.450115,1.6774558,-0.06839189,0.6483674,0.028622858,0.46027097,-1.7627316,4.406079,-14.059967,7.9324236,0.007222056,0.70358497,0.053624447,0.47611585,3.3479617,3.8738701,-7.9030924,15.516561,0.071436636,0.48921344,0.026421485,0
215.18721,4.523931,215.59644,204.67477,224.49242,19.81763,-0.27252892,-0.004627698,213.1201,218.10155,0.00082556834,3.836512e-06,0.0006604547,0.0007430115,0.03343649,0.28567582,0.028421015,0.031764664,13.9196205,13.9196205,15.183675,0.079963826,0.14442779,0.27763122,0.04641506,0.14181219,1107.1836,91.40556,962.7012,1391.0836,1.0785984,1.621313,606.8141,44.156902,536.3767,763.0624,1566.636,72.637436,1484.375,1804.6875,1.4132856e-05,9.503256e-05,5.90958e-08,0.0006858901,15.904516,4.7946005,22.928719,4.948101,25.263227,4.0878844,24.25971,2.9679222,21.795908,4.6715727,65.292404,10.28925,-160.60703,20.418211,-211.80937,-113.465645,-2.1014595,3.990777,-0.048057146,1.8527015,191.25021,9.238888,157.81099,206.18057,-0.6528811,1.9562298,-0.31496117,0.92888564,-110.20434,12.248266,-147.45389,-91.02048,0.82872266,1.8539467,-0.09490311,0.98003817,-11.60213,8.990678,-27.531769,9.909979,-0.33861864,1.3080121,0.41546792,1.6226102,-9.552107,7.888043,-21.520372,20.263603,0.1310747,1.457833,0.24541703,0.8749303,5.325958,4.7021194,-3.6702323,12.919682,0.09928876,0.87187606,0.009296336,0.62273806,19.427193,8.403712,-11.107997,30.524712,-0.6086831,1.6794631,0.054639246,0.79682875,-32.324677,3.9592252,-39.923492,-23.404037,-0.29020685,0.80429196,0.14323871,0.63416135,10.695458,5.6334376,-0.15777412,23.305534,-0.18446402,1.1069001,0.08124641,0.49338117,3.8606358,5.932558,-11.209913,12.390826,0.21257232,0.7508308,0.11225374,0.5724945,-26.420952,5.608476,-37.516907,-16.155243,0.015859762,1.14161,0.095014706,0.65263313,-1.2080009,7.4203734,-17.913242,15.768093,-0.57287586,0.7654978,-0.06260405,0.485258,-12.674541,5.4440293,-22.467999,-1.2134172,-0.0050351294,0.9683283,0.081493415,0.36435783,-2.7876036,3.9027045,-11.640284,7.17733,0.019472724,0.69670695,0.11823981,0.39710763,-7.427458,4.000046,-16.650188,0.8613245,-0.11166882,0.73161453,0.00060652517,0.4839197,-28.816763,3.8238037,-36.901093,-19.940008,0.17314565,0.6168333,0.07670158,0.46128267,-1.8281817,4.46735,-11.380102,5.9671774,0.036774155,0.6564713,0.036352675,0.29502556,-4.110427,3.2089043,-10.335977,2.888586,0.13424122,0.41815215,-0.05229194,0.36007938,-7.5608163,3.1477468,-15.139833,-2.3156214,-0.09442604,0.52968705,0.019546878,0.32490215,-0.0940111,4.1822343,-7.427309,12.990723,-0.30833066,0.6996885,0.08268608,0
176.46765,1.4891621,176.13318,173.10732,183.4008,10.293496,0.89423126,3.4324858,175.11873,177.1535,0.00059669925,3.3813521e-06,0.00047735943,0.00053702935,0.048231516,0.40914425,0.04099679,0.045819942,17.293928,17.293928,14.769956,0.050261125,0.103400856,0.21705154,0.052343626,0.08953302,940.9522,56.14655,748.34033,1119.493,-0.6052806,3.374128,697.6029,38.842163,636.632,985.0256,1399.5997,96.875946,898.4375,1625.0,2.0128564e-05,0.00013736887,4.521378e-08,0.0012180548,28.94331,4.608677,24.068993,3.801192,28.48683,3.6325803,25.723814,2.5220475,21.442154,2.2198393,68.27472,9.139733,-188.30652,28.284712,-262.07318,-82.368866,-0.77889615,3.550639,0.34063172,1.917614,184.40292,11.146864,159.16995,232.7747,-0.35893843,1.6648881,0.09460985,1.1240312,-85.63337,16.143534,-125.91921,-41.45214,0.46146703,2.0698483,0.05292723,0.82331127,3.7637942,7.1983514,-18.159061,28.166988,0.019494236,1.3826257,0.026079008,0.74413604,-23.285114,5.7175193,-45.420288,-13.133209,0.021395193,1.0991961,0.0038200167,0.5314731,-9.619964,6.2858367,-31.052586,7.0743556,0.043425575,1.098638,0.031438656,0.57594967,21.81123,4.3003902,8.56546,35.10693,-0.07706902,0.5313981,-0.024958225,0.3527399,-34.60971,4.288311,-42.445663,-12.792425,0.05481005,0.83578587,0.100928664,0.57967854,7.8882413,3.6634674,0.7974247,18.974466,-0.026085563,0.7373917,0.022409488,0.48113412,13.713452,3.025576,4.560686,19.58741,0.02009735,0.63876605,-0.042929757,0.42669007,-21.682518,4.960889,-34.47467,-9.480392,0.062039442,0.6992466,0.07729615,0.56959426,-0.7962865,3.474657,-8.608999,11.710297,0.016183348,0.6584023,-0.0066486695,0.49915424,-20.578611,3.2791133,-27.832611,-10.842066,0.010118703,0.5223234,-0.0031400495,0.39659387,-16.836294,4.5061626,-27.872555,0.1715976,-0.11741966,0.6763808,0.06259209,0.46976957,4.394413,2.5672276,-4.1093626,10.806911,0.009959755,0.44636226,-0.028228698,0.27821255,-12.020446,3.444482,-25.448448,-2.750209,0.12354224,0.55237436,-0.00982868,0.37512487,-4.2656045,3.484893,-12.796226,4.5415406,-0.021031674,0.705714,0.019449495,0.45117703,-2.933821,3.067126,-10.077498,2.831499,0.020829432,0.6298571,-0.007671854,0.46979335,-6.2692876,2.8357244,-14.585407,1.1768444,-0.005923021,0.48087326,0.026551444,0.3401253,0.18998402,2.6091988,-6.3437924,10.097806,-0.0490288,0.40578392,0.032452587,0
138.40579,2.5364811,137.39537,135.81725,145.56532,9.748074,1.6640153,2.279952,136.80186,139.5957,0.00043113905,3.1150362e-06,0.00034491124,0.00038802513,0.01410051,0.12162002,0.011985433,0.013395485,11.264326,11.264326,15.744996,0.060249332,0.12862794,0.24139193,0.017018747,0.118919514,1246.1556,53.726635,1147.3906,1395.7402,1.2994902,1.7441808,787.1224,36.210278,695.03064,941.2672,1788.6202,117.81392,1601.5625,2109.375,6.482937e-05,0.00039346013,1.1586302e-07,0.0028452354,24.20275,4.223277,24.753849,4.544133,25.54934,3.9200528,25.357035,3.8552825,21.985329,2.1927297,72.40223,11.781283,-151.71771,18.414795,-169.51892,-90.492836,-0.41868758,3.3606308,0.4530672,1.6921731,185.05513,10.378962,155.74648,226.33307,-1.0551142,2.1099932,0.021871552,0.9980637,-140.0726,12.649875,-169.31355,-82.80876,0.8819402,1.7697769,0.63708276,1.4589814,19.317507,6.581785,-4.932596,28.362408,0.18185946,1.1376203,-0.3367206,0.803553,-27.713724,2.6563246,-32.36231,-21.911446,0.027356112,0.5655494,-0.0524334,0.3392591,-8.00983,4.5705614,-14.936726,4.857515,-0.031753145,0.6722505,0.08845666,0.4808733,38.756073,4.529005,13.254435,44.998264,-0.29503828,0.66503793,-0.19599245,0.6115524,-41.662975,4.0737357,-47.77671,-24.230743,0.041933414,0.6804405,0.2861654,0.64419276,13.135128,3.9847,3.210228,20.985508,-0.2692705,0.4524823,-0.055084817,0.2629378,13.308065,2.9558344,1.8943989,18.554743,0.077184334,0.5215061,-0.07342547,0.30437574,-26.827862,4.641848,-32.688766,-5.012127,0.22266972,0.74301094,0.22708529,0.48821628,3.4546165,2.9455261,-6.053796,9.461012,-0.035744343,0.3803887,-0.0050064707,0.2903524,-20.51901,3.4979904,-26.233036,-4.7699504,0.21398667,0.5327592,0.118664704,0.5058855,-0.6918496,4.072854,-5.756666,12.296847,-0.1861673,0.6490331,0.07220157,0.28435326,10.593187,3.174323,-0.7750052,18.822056,-0.23439138,0.3363423,-0.021227287,0.3110986,-16.627323,3.4988587,-22.921766,-4.758971,0.11796308,0.38820398,0.09140769,0.3902111,6.4224496,2.0894852,2.860352,12.52813,0.0001401547,0.40709585,-0.05500113,0.2633179,-8.64703,2.221164,-12.240395,-2.969145,0.11298266,0.43575802,0.07138792,0.2952505,-7.973627,3.0249019,-13.35809,2.5562153,-0.061556008,0.4981695,0.14021325,0.3404479,7.9553657,2.1668987,3.8104312,15.7577,-0.117838964,0.37062353,0.015374098,0
100.841995,1.1689202,100.57929,98.28206,104.12621,5.8441553,0.48490164,0.49991617,100.0,101.74797,0.0009538834,9.459188e-06,0.00076310674,0.00085849507,0.06578142,0.5533629,0.05591421,0.062492352,10.887884,10.887884,14.060495,0.047456775,0.103123605,0.20617405,0.067812115,0.097797595,1095.0745,104.45733,914.76166,1462.2449,0.9566095,1.0806308,916.4292,103.44918,666.4359,1546.5265,2043.9282,679.41364,1101.5625,3203.125,0.00023467188,0.0020187185,1.1389777e-07,0.021262078,19.519773,4.1346116,21.187634,4.236643,23.048763,3.2231808,26.530405,2.8395805,19.624575,2.2127159,75.28799,10.753199,-172.70744,37.99377,-293.63043,-36.647717,-0.91802686,5.5378103,0.41230613,3.2724888,201.43114,18.617418,115.61107,228.8718,0.20227593,2.7498577,-0.43227077,1.8700339,-67.575264,14.445128,-94.96248,-19.753246,-0.13615341,2.1064606,0.30806923,1.817678,15.430031,8.08778,-20.075542,27.882515,0.13782568,1.4106716,-0.18467154,0.89034325,-73.67151,7.726723,-99.649765,-37.843346,-0.15507689,1.1611781,0.15225202,0.8948581,-30.259027,5.126847,-39.33419,-1.5279993,-0.13652821,0.8073762,0.12466384,0.5984772,45.14111,6.087674,14.745977,56.822624,0.06593852,1.1747617,-0.19533359,0.8302953,-29.983566,5.4041247,-39.72296,1.420916,-0.12688726,0.8453208,0.14156917,0.7274329,9.683017,3.772407,1.278898,18.902443,-0.0048226,0.5427372,-0.06014281,0.53821266,4.916213,4.12929,-4.2749534,15.094387,0.06384493,0.6182716,-0.032239016,0.41760144,-19.915785,4.298793,-29.82721,-4.3326583,-0.075022995,0.8259845,0.0937978,0.62634176,30.469006,4.408189,9.800902,39.9974,0.056118503,0.8566391,-0.08569105,0.5709916,-9.705718,4.1430454,-20.834034,-0.6799362,0.05154669,0.57013893,0.073914915,0.5125194,-18.98239,4.3495097,-29.139717,-4.9918823,-0.0846079,0.4776572,-0.01590063,0.40598747,-3.0043936,3.201298,-13.400955,7.543082,-0.035773862,0.5103939,-0.035882942,0.43023232,-31.742546,4.933423,-41.305817,-10.453016,-0.060492367,0.64696777,0.14107001,0.52444154,0.9645893,3.8130853,-14.009525,9.22135,-0.12700549,0.53162473,-0.048179593,0.37968215,10.0903845,3.0599597,0.67074883,16.131487,-0.007662455,0.47527218,0.0019068854,0.3995456,-7.8602023,4.4526467,-19.273226,6.1434107,0.06693999,0.653845,0.07008159,0.509243,3.6949883,4.1509595,-7.1473823,11.29762,-0.011760318,0.5487456,-0.029147051,0
200.12039,1.9531791,200.0,194.30638,203.49594,9.18955,-0.92023665,1.6269078,198.84808,201.15858,0.0007496701,3.7460952e-06,0.00059973606,0.00067470304,0.066017486,0.5552866,0.056114864,0.06271661,19.72391,19.72391,14.11649,0.053525537,0.1132066,0.2187296,0.072199896,0.07886746,994.3129,74.540665,842.92334,1164.0007,0.75463,-0.27279824,751.92316,58.57746,681.88983,1099.2054,1828.7671,70.58847,1601.5625,2000.0,6.69719e-05,0.00040444155,5.819485e-08,0.00333158,22.143694,5.253184,25.852821,3.8818402,26.905256,4.21531,30.252153,2.5930903,25.793348,1.7409077,66.0331,12.2990055,-191.4572,32.207127,-248.43707,-99.52348,-1.1097276,3.22729,0.5123485,2.2338145,173.99731,12.361116,146.55032,198.42966,0.28620875,1.8869845,-0.029589908,0.85714054,-93.05575,18.67509,-135.0949,-50.18834,0.23583548,2.5378172,0.52156854,1.6154139,20.858925,4.660146,-1.318402,30.602226,0.047022536,0.7496673,-0.14006154,0.79811054,-15.2558975,5.178252,-25.31405,-2.312509,-0.10031615,0.7316303,-0.016269183,0.5457925,-34.162666,5.518704,-44.626457,-21.575699,0.104140386,0.79766876,0.06387774,0.5636715,13.028547,3.8613355,-1.0186663,21.109844,-0.0549654,0.68724155,-0.1718331,0.59753835,-6.766707,4.0856833,-16.506681,3.974276,-0.07711472,0.6771558,0.12855281,0.49916345,12.909003,5.2037096,-7.7162967,22.891699,0.20296542,0.7724298,-0.066391066,0.37783995,-12.734127,2.9693787,-18.378897,-5.837171,0.07049661,0.40782267,-0.04468288,0.35015342,-30.19281,4.1205063,-39.311325,-18.226807,-0.04645252,0.7959182,0.045248345,0.36654893,7.8128505,3.096304,-6.460832,12.73299,0.026377665,0.5387694,-0.13627799,0.44568276,-11.789073,2.735933,-17.40237,-5.683747,0.0718204,0.41165608,0.0031398418,0.34239843,-15.6011915,4.0255456,-25.664984,-8.072726,0.09386596,0.65174985,-0.08968454,0.40388116,-6.550151,3.5751688,-13.587549,1.29278,-0.069393024,0.71086204,-0.08610554,0.4236629,-9.99341,4.4456105,-19.367933,1.7277629,-0.022422884,0.6244051,0.07889283,0.32414895,3.557779,2.869342,-6.0830855,9.220468,0.1325101,0.51578164,-0.080129035,0.38770106,-13.276752,2.859752,-18.84893,-5.9507203,-0.063259564,0.5616135,0.023256289,0.35719547,-10.406462,2.7892025,-17.773785,-4.234232,-0.041874945,0.3850208,0.08062087,0.36990932,1.7207874,2.9821181,-6.4719152,8.733713,0.13749701,0.51182514,-0.016366253,0
116.99276,2.2664998,116.87772,113.550446,124.54496,10.994519,1.0162326,1.6880369,114.869835,118.23578,0.00042120897,3.6002996e-06,0.00033696718,0.00037908807,0.02242268,0.1926095,0.019059278,0.021301547,12.470304,12.470304,15.182069,0.032737702,0.09601982,0.17909959,0.020079466,0.12728262,1076.3586,45.337193,930.178,1154.5001,-0.8395051,1.1283159,648.94464,28.947573,591.33887,857.19946,1574.3776,57.257153,1398.4375,1695.3125,1.8495206e-05,0.00016716933,1.5809954e-07,0.0018468834,26.484516,5.0392437,23.012854,3.0029292,24.628202,3.2078922,23.562037,2.8579845,23.186457,2.1583998,68.052345,8.607306,-171.86783,9.464487,-195.52016,-145.01968,0.056170315,1.9769396,0.2029053,1.3718002,220.21104,7.7581944,184.18877,248.75641,-0.038968988,1.3188158,-0.08265349,1.215165,-130.67784,10.726806,-147.56967,-70.622894,0.1788967,1.5264062,0.0538596,0.9388035,7.221519,5.698657,-11.54987,18.798687,-0.14393403,0.99367064,0.0061976425,0.6904218,-4.450084,4.289577,-17.349306,6.0421486,0.14249595,0.6375275,0.046866864,0.39078614,-9.890118,5.7466063,-21.663689,21.357466,0.24369138,0.6469969,0.042802278,0.42630348,19.648535,3.6448267,1.2938725,26.049881,-0.14246988,0.6458771,-0.041912153,0.43169075,-33.42005,3.9631119,-40.74524,-12.277094,0.064833224,0.72237253,0.07876357,0.46823037,13.801561,3.765217,6.0182643,23.061655,0.08413359,0.5444203,0.047659736,0.35475528,15.429295,2.4660413,7.296631,20.283508,-0.11370384,0.49729022,0.017032864,0.30201226,-18.489592,3.774369,-28.525341,-4.6841664,-0.0049360087,0.65297604,0.04780081,0.39622203,4.2249346,2.7989316,-2.2668743,11.400532,0.019113345,0.49756736,0.0062365513,0.33839586,-17.819262,2.607561,-23.824764,-8.006241,0.032736097,0.47264042,0.027083835,0.34715405,-9.754597,3.1930578,-18.302425,-0.32959366,0.069835134,0.55236363,0.0077855145,0.3815328,5.3752003,2.7921968,-1.9696884,12.32501,0.037362065,0.40980983,0.029421546,0.28571302,-6.6788645,2.579117,-13.590948,1.9472167,-0.038485948,0.44906217,0.06303402,0.38186705,6.1084785,3.0366313,-2.160222,14.0000725,-0.111109585,0.44339958,-0.012944063,0.32249776,-11.9940605,2.5130894,-19.513603,-6.307545,0.0016186412,0.48749226,0.028755324,0.32317433,-10.279446,2.834444,-16.617214,-0.28135225,0.060759287,0.4984235,0.061993126,0.357188,6.6256366,2.6597588,0.75690305,13.352743,0.00550617,0.4000562,0.011596612,0
146.32558,2.735701,147.2567,133.48398,148.96774,15.483761,-3.1007874,11.153894,145.56532,147.2567,0.0004920845,3.3629426e-06,0.0003936676,0.00044287604,0.057932276,0.48915735,0.049242433,0.055035662,12.984243,12.984243,16.231895,0.09140934,0.12714878,0.28719553,0.08318946,0.088559754,920.02655,45.27308,795.7526,1014.9795,-0.7168236,0.48618066,698.40735,70.649864,586.752,920.3289,1270.3993,84.08161,1023.4375,1500.0,3.9959963e-05,0.00023012861,4.3685638e-08,0.0016801904,23.477781,3.7251368,21.895918,3.9799647,27.25729,5.0593343,25.61904,2.8346727,16.436089,1.9285328,67.75985,13.079219,-173.79056,28.937914,-239.1602,-98.21892,-2.4095187,3.961153,0.48179924,2.5297031,181.08287,12.772311,156.31232,217.98996,-1.0522467,2.326703,0.24260743,1.3047854,-68.55523,14.644461,-92.809044,-40.17727,0.6900754,1.4378185,0.057000846,0.66521686,1.6644034,7.0085063,-15.20903,18.61401,-0.4022951,1.6563822,0.07898458,0.8041211,-48.393795,4.5668817,-55.97869,-38.778984,0.08336917,0.66746056,0.1095923,0.5216753,-25.523426,5.2357283,-35.770958,-7.229047,0.15132906,0.794426,0.10302957,0.52087635,20.770386,6.9009066,4.551952,32.15964,-0.1609008,0.91216594,-0.14759195,0.4627122,-27.006556,5.212326,-38.48802,-11.232975,0.3112416,1.1202861,0.0364529,0.5947599,7.8325467,4.420357,0.78526354,20.810055,-0.25062358,0.76176435,0.10138246,0.47739202,9.520629,3.5611227,1.5420325,17.612465,-0.016654227,0.67236364,-0.038275354,0.46636757,-7.999789,3.766457,-14.415728,5.046116,0.23063797,0.5682393,0.0724723,0.3848799,4.747889,5.9110866,-9.110861,16.408392,-0.14455819,1.0269943,0.1310449,0.6688826,-25.53495,4.9371266,-36.063225,-18.676361,0.2562923,0.77533543,-0.062648565,0.47395247,-8.995733,5.102116,-19.47646,3.5816586,-0.039327975,0.670255,-0.15623137,0.5832084,4.242934,3.7002554,-2.5490158,17.058971,-0.16714248,0.49197948,0.06291183,0.3509174,-7.819016,4.216846,-18.278095,1.3092594,0.22659054,0.9969246,0.11233035,0.5248249,9.801029,3.2587743,3.903635,16.807808,-0.026459577,0.5315698,-0.0065668095,0.35090917,-9.0425,4.010282,-19.323692,-1.823812,0.1707127,0.91739213,0.08742464,0.3911522,-7.430981,2.3825767,-13.69607,-1.4179158,0.06115041,0.43953264,-0.006443938,0.28313163,6.9010887,3.5995445,-0.60701275,16.39254,-0.17255366,0.67438745,-0.0775886,0
104.94939,39.00929,81.22524,78.45841,180.25009,101.79168,0.98956585,-0.9791818,79.370056,155.7884,0.00059361843,5.6562353e-06,0.00047489474,0.0005342566,0.04296152,0.3653657,0.036517292,0.040813442,10.377352,10.377352,14.990278,0.06838863,0.10968918,0.25380206,0.05451861,0.075330526,1102.7003,65.45832,975.96533,1378.7566,1.2881157,4.608605,875.16095,43.93477,798.28503,1104.3187,1996.274,255.0206,1578.125,2453.125,7.011697e-05,0.000522248,1.1213301e-07,0.004237964,31.795834,5.2538457,22.556307,4.6328807,21.26756,4.980543,19.192564,3.111246,18.464104,2.0993545,72.3102,10.003336,-119.582794,25.74821,-186.0781,-70.78189,-1.230947,4.9133215,0.06371255,2.2425416,198.26874,19.773827,135.79227,238.3504,-0.6967487,3.3560147,0.021884853,1.8016111,-116.88019,8.283582,-131.47513,-80.03941,0.4951443,1.7091976,0.2156907,1.2669319,21.575054,5.889089,-1.0227178,33.932236,-0.24830382,1.1933881,-0.088754445,0.9483819,-23.461021,5.0320063,-35.24051,-9.207796,-0.03540062,0.87166494,0.07698083,0.7957705,-12.46056,7.9852843,-22.869072,29.602554,0.46516952,1.4725748,0.19292843,0.85443014,34.491566,6.1116667,21.355783,50.56333,0.11463351,0.82847244,-0.09638148,0.7132533,-49.341675,5.5049534,-59.350693,-37.46819,-0.022945162,0.91755486,0.07044312,0.6641341,-9.77176,5.3968377,-21.925049,0.4641248,-0.15624169,0.9891803,0.009799797,0.57558787,6.0292892,4.0741515,-4.0962315,14.812918,-0.0315221,0.8615327,-0.06409356,0.6174573,-30.493769,4.307541,-39.034966,-20.674377,-0.03155286,0.73272055,0.048816733,0.42131037,-6.6259117,3.8917391,-14.831945,1.9000523,-0.016117966,0.7606197,-0.0045902496,0.5320162,-20.54387,5.194872,-31.676159,-8.747278,0.113667026,0.8180163,0.032061443,0.63969934,-11.306292,4.0344825,-20.861702,-0.44647288,-0.28105655,0.6071459,-0.030416649,0.3629693,-7.3805127,5.2992835,-19.32957,0.69361997,-0.19480336,0.7185087,-0.06963709,0.4757494,-25.675661,5.019995,-37.39331,-13.685895,-0.015335322,0.8960467,0.0131902145,0.5398063,2.3418472,4.9462605,-12.778929,11.377771,-0.19129185,0.9527238,-0.04165628,0.49591172,-11.581859,4.8905373,-21.328056,-2.9340172,0.0557352,0.5649414,0.04215778,0.3462548,-18.394848,3.7458944,-23.852869,-4.9357634,-0.13174899,0.7792334,0.029701447,0.46062174,5.800268,3.7772813,-4.5519724,14.050531,-0.1976906,0.50972915,-0.091166176,0
117.56772,1.0369421,117.554794,115.53527,121.70035,6.1650815,1.1878017,3.1595204,116.87772,118.23578,0.0009357823,7.9595175e-06,0.00074862584,0.000842204,0.02275222,0.19540861,0.019339386,0.02161461,11.470381,11.470381,14.2520075,0.0507276,0.09559536,0.22210409,0.025266806,0.097747095,962.96387,90.11245,867.19165,1425.5151,2.6316624,9.782506,691.9753,51.767918,602.8105,952.4166,1317.0421,263.11353,1179.6875,2781.25,6.144277e-06,4.4423523e-05,1.172524e-07,0.0004071068,24.91854,3.271732,20.98994,3.0572875,22.327118,2.9517822,24.148674,2.800295,17.718836,2.139943,69.10392,8.618119,-155.33188,17.13918,-182.42949,-77.33156,-0.5780793,2.769929,-0.16769771,1.9050633,225.28163,8.716562,190.79349,243.91483,0.20212714,0.7915851,-0.19689935,0.8792154,-93.768394,11.289572,-143.96977,-68.06335,0.6596214,1.5939771,0.013300594,1.0487314,5.8233757,6.209137,-4.6902485,27.859112,-0.19876367,0.9615917,-0.048933916,0.71752137,-49.284805,5.975266,-66.56503,-36.19593,0.10243436,0.72563154,-0.075050116,0.58232206,-21.585196,4.150725,-33.43536,0.60847473,0.21435897,0.5320437,0.072466604,0.3954189,44.72265,3.5250728,32.423176,51.826378,-0.06211961,0.44350028,-0.06554256,0.37830994,-35.920387,5.0104012,-49.11391,-24.545414,0.17837682,0.6824317,-0.026354937,0.49090016,-9.791042,5.41595,-19.23347,8.326342,-0.12902905,0.98350006,0.030668609,0.65252984,11.985904,4.4451084,3.8599691,23.626938,-0.11890368,0.6113218,-0.01672043,0.5096119,-10.651294,3.627918,-20.565657,-1.5684433,0.031041743,0.52255106,0.005159456,0.3320984,9.61367,4.610601,-1.715204,21.649654,-0.17864893,0.9737309,-0.03347883,0.6250361,-14.823152,4.012205,-22.586155,-2.6473284,0.063215464,0.7361684,-0.04252894,0.34239343,-18.090576,2.4186559,-23.323357,-10.021654,0.08201828,0.37017244,-0.03669371,0.3239451,-8.399642,4.253917,-15.209635,3.7931428,-0.040766183,0.6322411,-0.057409152,0.45773748,-12.2792015,4.78402,-20.479744,4.221831,0.09492693,0.71635693,0.0116646625,0.41097656,6.6515737,3.0413814,-0.37336424,13.552746,0.034631617,0.49203828,-0.004012918,0.36069477,-8.301042,2.558481,-15.630504,-2.583453,0.08040659,0.4951289,-0.04243995,0.3214662,-8.048855,2.850346,-14.962763,-0.06697959,0.035237063,0.5217789,0.062292144,0.41450405,4.987546,3.9041824,-6.6034946,11.762854,-0.06619167,0.6199378,0.05674451,0
211.95961,1.8037298,211.89262,209.45883,221.9139,12.45507,2.661701,11.238796,210.67221,212.50636,0.00036564688,1.725078e-06,0.0002925175,0.0003290822,0.054568984,0.46149987,0.046383634,0.051840536,13.550881,13.550881,15.490624,0.07461584,0.12516417,0.2622766,0.07156083,0.13691594,1055.6393,38.59912,1001.10345,1269.2242,2.614967,10.223495,584.67426,29.75668,531.9,758.4904,1286.6587,53.549686,1257.8125,1757.8125,3.2855678e-06,2.8845308e-05,4.6594252e-08,0.00029495885,11.710313,3.358093,26.475897,4.0537767,26.046324,3.89157,28.906033,3.1216266,17.166698,2.2253098,66.08003,7.710113,-206.88533,36.27968,-284.3389,-88.68099,-0.780522,6.1718373,0.17426953,1.7457806,173.30713,14.88313,140.60959,216.0427,-0.24258827,2.3616467,-0.04199083,1.0195735,-94.72956,12.281921,-142.86711,-72.51599,0.61522245,2.204617,0.03442013,0.83770686,-11.458553,6.9294786,-25.078306,2.7750926,-0.027581165,0.68291295,0.019256439,0.45053804,-25.734257,3.7762933,-34.323204,-15.186405,-0.011150484,0.6281881,-0.030927347,0.4701058,5.482172,4.3920755,-5.778489,14.971942,0.024828501,0.6923254,-0.06978722,0.5940104,37.15044,4.3714533,15.24963,45.042885,-0.06625959,0.7520588,-0.119420685,0.54898685,-29.683458,4.1246185,-43.746258,-21.60506,0.20937194,0.782384,-0.008471615,0.41961747,-6.4499817,4.306475,-14.486436,3.1412063,-0.056478772,0.5792623,-0.055299263,0.41013223,-1.5836475,3.1185489,-8.958048,4.558015,-0.059875447,0.52865404,-0.053115312,0.43177396,-14.144884,3.1491218,-24.905197,-6.5896797,0.13271016,0.48817495,0.024409972,0.31813768,7.6819286,3.0983045,-1.55508,14.119528,-0.021883378,0.37939116,-0.04442711,0.3153318,-19.775618,3.784567,-26.9333,-6.830314,0.059039418,0.7160981,-0.012154863,0.32462925,-13.325089,2.9806547,-19.450909,-5.6105633,0.06317403,0.5159466,0.043817762,0.35227454,3.34567,3.8254297,-8.560345,11.806024,-0.008795995,0.5518684,-0.015261691,0.3079772,-7.437911,2.7901723,-16.45174,-1.305834,0.04446339,0.4056285,-0.027058445,0.39915565,1.1727904,2.8515897,-7.6685944,8.677851,-0.035775535,0.51792634,-0.008029177,0.34171772,-13.917104,2.9751236,-20.469189,-2.6108744,-0.071690425,0.42497042,0.006153938,0.33089483,-13.123641,3.2767084,-19.16174,-2.2346802,-0.103348844,0.37541032,0.002118404,0.29626077,1.045676,3.0912812,-8.3006525,10.853613,-0.08441078,0.553115,0.006855073,0
188.18242,2.0139027,188.77486,181.29427,190.96832,9.67405,-1.80821,3.469692,187.6876,189.32164,0.0005797469,3.0807707e-06,0.00046379754,0.0005217722,0.09166872,0.76181734,0.07791841,0.087085284,10.2567005,10.2567005,13.763934,0.022146186,0.054771364,0.13399665,0.06141651,0.054758094,920.2796,53.35293,784.1558,1025.2385,-0.20391141,-0.4242022,793.91345,76.27317,588.3805,1060.5969,1545.0865,155.1274,1296.875,1945.3125,3.4681125e-05,0.0002475959,7.2600756e-08,0.0022336734,27.651167,4.340115,22.320803,3.8905818,23.889734,3.843028,22.375973,3.0371149,20.336771,2.3656406,65.26843,10.32315,-215.56119,27.432987,-288.71426,-105.497116,-1.4149815,5.3067937,0.37970003,1.9689134,178.34288,13.303098,145.7233,233.50073,-0.76121473,2.542231,0.13001636,1.0016192,-69.63559,12.932177,-113.58383,-35.587646,0.7996636,1.7363102,0.09455741,0.9894434,15.754942,12.124253,-20.913647,34.976227,0.38464436,1.2398859,0.11731111,0.88120043,-12.912283,8.467022,-34.577065,5.9134336,0.2823178,1.0457405,0.085329816,0.6871877,-8.728917,7.0442777,-20.227375,9.708323,0.16276799,1.0664665,-0.019155843,0.63053745,25.051453,3.9667916,10.827024,32.963425,-0.15283331,0.610031,-0.085135914,0.45861074,-34.34355,9.452582,-59.73736,-12.878312,0.22180875,1.5156522,0.11528098,0.76012707,-8.095445,6.6218247,-27.014795,5.7772355,0.027429063,1.1365829,0.045374464,0.5828018,13.181128,5.7151246,-1.8873286,25.507929,-0.11327059,0.7427151,-0.03951165,0.4092333,-16.98102,4.447495,-26.614906,-6.2543907,0.14095053,0.80084014,-0.0058814245,0.46919242,-9.047102,2.9847975,-17.805593,-2.7749112,0.030603249,0.49575183,-0.044471636,0.42020357,-13.2275715,5.373074,-22.758316,1.9724406,0.0035812121,0.78297275,0.055063542,0.43726674,-10.367903,3.6829271,-18.134186,-0.8989955,-0.067067936,0.5061909,0.09251375,0.4348057,-1.9276669,3.2095244,-10.330332,7.966333,-0.09086151,0.54231066,0.0034975766,0.42191416,-5.8362,2.633294,-11.6341095,0.92501414,0.05959177,0.39291036,-0.02118995,0.3762873,-3.9319234,3.9310193,-14.017563,8.038135,0.023216138,0.6603947,0.027931869,0.3949285,-12.3659315,3.0646114,-19.682396,-4.8948655,0.049118962,0.48177224,0.08276371,0.42507052,-2.4835885,2.6270556,-9.269943,3.265542,0.00348493,0.42078814,-0.010597236,0.24515173,-1.5757246,2.7705274,-9.524785,4.602767,-0.025355276,0.53262264,0.0057690646,0
94.21646,8.088051,91.7004,81.69577,112.89644,31.200668,0.70229477,-0.45186147,88.32167,99.137726,0.00050411484,5.350603e-06,0.00040329187,0.00045370334,0.03972679,0.3383847,0.03376777,0.03774045,4.329937,4.329937,12.8528385,0.061266053,0.11794189,0.24065475,0.047802206,0.11187744,974.3207,49.11695,822.50146,1128.4038,-0.0464265,2.1844723,576.0095,80.79375,502.1823,1065.8789,1268.9453,63.945385,1203.125,1632.8125,0.000121645026,0.0007510017,8.261538e-08,0.0064208913,19.733538,5.1282306,17.317148,4.591244,22.192638,4.5890636,23.330193,3.1061888,16.95393,2.26004,65.58408,12.141616,-150.12827,18.352444,-195.47867,-67.2309,-0.60801345,3.9077525,0.72539634,2.2954776,214.62393,12.202911,158.89497,239.91193,0.29925996,1.7898716,-0.4107155,1.4113562,-97.355225,13.23046,-120.606895,-44.752052,0.42552042,1.5818385,0.3607713,1.4838778,-19.320957,9.072655,-35.76921,7.869914,0.0021021396,1.6867684,0.062233426,0.95529336,-44.823326,4.61627,-55.863632,-24.233294,-0.11092176,0.88094324,0.17310497,0.59017074,-24.342428,4.399138,-33.11184,-9.244241,0.0704464,0.8700328,0.14800136,0.5364903,23.341417,5.341476,2.054637,33.83815,-0.14075603,0.7946055,-0.2150199,0.73821574,-30.432098,5.2410545,-43.358177,-4.8656588,-0.1705626,0.9559029,0.17808828,0.63066316,-10.238951,4.7990003,-18.857262,9.772434,-0.11079516,0.8486767,0.049672715,0.68818307,6.787581,4.642135,-6.1719646,16.483934,-0.18495683,0.7538601,-0.0728295,0.5018206,6.6257234,3.4365985,-0.83798766,17.037018,-0.1471962,0.60786504,0.027083898,0.3407177,11.664131,6.8380737,-1.3595793,26.858177,0.008679348,0.8196329,-0.06027199,0.56276476,-27.34284,5.4059043,-41.023724,-14.622311,0.08049321,0.6546114,0.06780054,0.4436538,-14.142245,2.9686568,-21.902521,-8.726976,0.008270402,0.5118255,-0.027515287,0.39222157,-3.8866901,2.9925187,-10.343853,1.7427797,-0.025503805,0.45701775,-0.071457356,0.41092548,-16.584766,4.500595,-24.483147,1.8193381,-0.045586877,0.7716064,0.03989487,0.55477,9.021413,3.1720612,0.20053345,15.303368,-0.12392585,0.46196327,-0.07063172,0.42014667,-5.081893,3.6440167,-14.986161,2.1998296,-0.07671313,0.66838247,0.049648903,0.46380174,-15.502684,3.016575,-22.448769,-8.701269,0.03522431,0.5118244,0.043908097,0.4246559,3.1786194,3.466358,-10.376197,13.538242,0.071385816,0.45946944,-0.07838,0
197.27672,2.7303743,197.7028,182.3445,200.0,17.655502,-3.3518977,15.254981,196.56412,198.84808,0.0004210634,2.1343797e-06,0.00033685073,0.00037895705,0.0840758,0.701193,0.071464434,0.07987201,7.856435,7.856435,15.969997,0.029343624,0.07714934,0.15520395,0.06524449,0.119911194,1022.0401,43.034367,947.5925,1111.0868,0.39392877,-0.90265024,664.59375,39.231045,577.9077,826.8014,1364.7461,74.74213,1187.5,1578.125,7.1400777e-06,5.3922126e-05,6.585e-08,0.00043506574,22.646095,4.0840445,26.375826,3.565784,27.939274,4.1815944,29.275751,2.7912865,21.082438,2.4471025,65.9027,9.046561,-235.94696,43.484028,-307.1199,-100.10323,-1.0494618,7.5168133,0.5568217,1.9566102,161.68188,17.894678,128.67352,223.34442,-0.54855,3.2466466,0.1712655,1.3205787,-88.65916,14.653404,-138.37112,-65.90064,0.83799857,2.469403,0.16068415,0.9069302,-2.9261522,8.297915,-20.854874,14.699135,0.3734004,0.9594398,0.04604447,0.70396173,-27.833973,6.211908,-43.682808,-17.22347,0.25571626,0.7133008,-0.050767064,0.5751915,-10.585734,3.663691,-18.012741,3.4000723,0.03427917,0.75924754,0.06883364,0.48731345,30.129173,6.964781,14.401506,51.573906,-0.33476317,0.8046298,-0.011144526,0.50387514,-29.509846,4.650681,-38.40953,-18.620287,-0.047562025,0.63919795,0.08576551,0.43471646,-7.05944,3.6989756,-19.014017,-0.54042494,-0.021574896,0.7099353,0.019580353,0.44627613,4.4662895,4.1666975,-7.362584,12.677304,0.15433785,0.7450931,-0.13076964,0.62693024,-18.751364,3.9127617,-29.762394,-11.237545,0.14233997,0.5177752,-0.026041742,0.44900122,4.4472027,2.970042,-2.127326,10.544608,-0.046340354,0.54118145,-0.03296249,0.39320284,-6.2125883,4.082584,-15.56917,2.0100567,0.095033854,0.80942273,-0.096837215,0.48141423,-12.988443,4.003925,-20.854183,-5.133783,-0.17182563,0.7975727,-0.019560441,0.6506024,-2.9069824,4.8824086,-11.369653,16.642815,-0.2607364,1.0153033,0.057213586,0.4084721,-3.7780561,2.6932957,-9.003347,7.592246,-0.07012141,0.53798044,0.07980131,0.33356038,3.0204177,3.622609,-3.8446598,12.484296,-0.13276815,0.69474924,0.007515423,0.45142743,-7.917532,3.2524037,-15.676942,-1.2821738,0.064973824,0.515614,-0.027659215,0.33391625,-9.013273,2.5314527,-14.436807,-3.380293,-0.026651783,0.37672377,0.034504537,0.3353346,-5.4917955,4.0804935,-14.24225,7.508444,-0.28968287,0.6609393,0.050070725,0
203.12605,19.531216,207.05298,98.8514,210.67221,111.82081,-5.103187,24.758604,205.86044,208.25243,0.0012398008,6.1036035e-06,0.0009918406,0.0011158207,0.042764522,0.36372495,0.036349844,0.040626295,15.550367,15.550367,14.043404,0.047159266,0.066497914,0.21176417,0.04527997,0.04797296,848.3732,105.18138,706.6319,1440.5801,2.196802,8.404054,724.9179,46.11483,603.1366,1052.4972,1318.4133,154.35368,1062.5,2562.5,8.839979e-06,9.3041774e-05,7.846118e-08,0.0012295311,18.79143,4.466966,25.550854,3.412254,24.361736,3.7419515,25.275509,3.2420568,18.177845,2.5491724,68.10036,6.60119,-190.73608,29.670504,-247.23804,-104.66216,-0.583394,3.8016996,0.23919842,1.9611894,194.01782,11.755254,162.11069,232.2956,-0.06096761,1.6145109,0.008983659,1.0307082,-71.990265,19.679113,-144.66536,-25.21013,0.6297114,1.9680557,-0.039542925,0.8667764,13.0398245,7.2884903,-12.82546,36.02875,0.12720959,1.2087874,0.0675512,0.94827425,-17.898626,4.754023,-31.057148,-3.4447784,0.00011875353,0.9126659,-0.02972303,0.58076584,0.70006937,4.117366,-9.317305,10.671453,-0.016830267,0.5114655,0.0056585106,0.4176566,36.311726,4.246008,12.218397,45.283722,-0.064661644,0.6896146,0.01465079,0.47825804,-29.62233,6.795423,-47.07946,-13.20337,0.14958018,0.8346674,-0.0113982735,0.58938456,-5.14065,3.7770991,-14.439218,5.921139,-0.0500228,0.8019443,0.007243919,0.44537753,-0.59388083,4.7565737,-14.327532,9.733531,-0.09350764,0.5016622,0.010624718,0.3912699,-21.54755,3.355783,-28.614489,-12.579718,0.061323304,0.5059072,0.013397067,0.39544713,3.9007244,3.1380098,-2.2694154,14.200687,-0.037109435,0.49233937,0.006849572,0.3214795,-15.19501,3.3327863,-22.238018,-5.0016174,0.0063485447,0.46559677,0.007593675,0.35548258,-13.430521,3.271634,-20.739706,-3.9733589,0.007658491,0.507634,0.021058625,0.4168732,-4.334957,3.215572,-14.687503,4.193592,-0.057739258,0.46427825,0.009176623,0.36760217,-21.43699,2.793228,-28.737957,-12.071289,-0.025012387,0.5066806,0.007011528,0.42797777,-7.5698256,3.8768182,-16.773575,6.5273848,-0.047566537,0.55951536,0.012250555,0.38492402,-7.759407,2.6375732,-14.952045,0.22713661,-0.007310009,0.42012376,0.0019737694,0.35868874,-9.3979225,2.4867215,-18.133984,-1.4556373,-0.014105213,0.4343392,-0.008260488,0.3943851,-3.863361,3.4425352,-11.852901,8.682098,-0.040734403,0.5820217,0.006962829,0
126.24037,1.4154406,125.9921,124.54496,134.25725,9.712288,2.2879248,9.396114,125.26644,126.72197,0.0005711645,4.52442e-06,0.0004569316,0.00051404804,0.02184325,0.18768561,0.018566763,0.020751089,15.280761,15.280761,14.10292,0.093833044,0.15184808,0.3033538,0.033131164,0.090341516,1001.6109,57.208458,841.7797,1088.6472,-1.2892789,0.7267307,739.9157,47.80964,587.8226,820.0084,1907.8429,339.52536,1117.1875,2171.875,7.369252e-06,4.855827e-05,7.592971e-08,0.00043470858,15.246483,4.7023554,23.561687,3.918738,24.24727,3.5562942,23.336285,2.6854842,20.649963,1.9376075,67.42903,8.746275,-134.70944,15.613515,-160.39256,-83.8877,-0.4221689,2.9396985,0.040482458,1.666532,200.48291,11.609061,183.49359,244.4647,-0.47307694,1.9021405,0.065451875,1.2092159,-105.19207,8.2681675,-116.50145,-67.33031,-0.20708399,1.0926021,0.19047448,0.8061116,17.69857,9.462334,-5.5877123,35.09409,-0.16157839,1.4318545,0.052802596,0.631435,-38.8164,8.176726,-62.934944,-24.36308,0.03331166,0.99138296,0.0223353,0.7353055,-55.554817,5.5890765,-65.61481,-40.81626,-0.009008721,1.1464752,0.08616037,0.87594575,18.314999,4.9421997,-3.272479,29.08778,-0.20147605,0.61914545,-0.009233872,0.42094553,-26.46792,3.296832,-33.041077,-19.20219,-0.093121365,0.53835195,0.020068964,0.41306674,-23.944033,5.771371,-32.6439,-4.0294304,-0.1679598,1.1589857,-0.008870191,0.6998266,-11.626548,3.8097656,-19.596035,-3.6179693,-0.10069093,0.7115426,-0.008989806,0.47158346,-3.2222815,3.6371303,-13.9217,3.7753694,0.06643658,0.4637379,0.00913634,0.3236591,21.958464,3.7132714,10.500971,30.911694,0.040456578,0.4233886,-0.054672092,0.30995366,-6.644225,2.9088175,-15.84589,-1.2942417,0.07540588,0.5730733,-0.03757184,0.31714588,-3.352607,2.5391345,-9.01102,2.6249604,0.012507717,0.45895952,-0.03028909,0.3184731,-2.5426307,2.3229656,-7.199997,3.6959715,-0.025326207,0.37915558,-0.019842748,0.2673664,-22.030039,2.3538003,-28.303267,-14.478471,0.04393925,0.38510963,0.023105824,0.24481426,2.319552,2.79956,-4.109517,9.507221,-0.021861516,0.49694923,-0.018084181,0.37509847,3.188047,2.423857,-2.595872,9.258325,-0.008464218,0.35184586,-0.049045887,0.27205148,1.107459,2.3551955,-7.981764,6.070863,0.026262121,0.41475484,-0.059085026,0.31812105,3.1599,2.2372396,-2.694315,8.780931,-0.0071553662,0.3140525,-0.038292143,0
184.44469,1.6076599,184.46324,180.25009,188.77486,8.52477,-0.09777619,0.37229314,183.4008,185.53183,0.0003229822,1.7511061e-06,0.00025838576,0.000290684,0.038930558,0.3317304,0.033090975,0.03698403,18.752146,18.752146,14.011034,0.048827253,0.108663715,0.21593153,0.042031676,0.091171876,952.5351,30.765188,905.863,1102.4653,2.2470367,7.8168707,610.98413,29.625689,557.41614,866.1669,1323.1875,47.243717,1281.25,1492.1875,5.679684e-06,5.9423444e-05,6.909079e-08,0.0006669199,29.243488,4.5497203,25.713552,3.5358794,28.78305,3.8328876,27.159685,2.4747994,18.768507,1.7953498,68.08801,7.095136,-208.16377,22.901958,-256.7933,-100.83391,-0.574088,4.283543,0.33404338,1.292269,192.66978,11.254595,161.83978,238.55945,-0.35436323,2.1166017,0.036875084,0.9050388,-96.00286,6.7411904,-129.95206,-62.25708,0.34442034,1.444464,0.04377387,0.73660624,-8.452124,5.9924817,-23.644985,3.4545858,-0.047166497,0.9540787,0.04604912,0.5765775,-27.558628,4.467086,-37.9983,-16.790873,0.05028285,0.7749788,0.04577827,0.44928506,-2.151658,3.0929813,-9.298271,5.2457237,0.034987606,0.50160474,0.0163796,0.41095302,27.448675,4.628514,5.043983,43.646023,-0.18224762,0.68660796,-0.00950804,0.3664976,-34.277813,3.252845,-42.25634,-25.272383,0.027390897,0.508492,0.05600035,0.387122,2.8685093,3.0686176,-7.175803,9.605339,-0.015045248,0.4974796,-0.019269144,0.31017932,5.694507,2.9437537,-1.3658755,12.585053,-0.008035986,0.48300126,-0.015543335,0.36134976,-16.024807,2.6063962,-23.456549,-6.5836062,0.013503931,0.44047785,0.026992379,0.37094763,4.496632,3.36297,-5.2937818,14.399662,-0.090876356,0.5720048,0.005846016,0.34669796,-21.650856,3.6755292,-28.288086,-10.085694,-0.012025618,0.48155358,0.052904263,0.42553994,-7.9788733,3.0450978,-15.168104,1.9496253,-0.069939755,0.49886754,0.029638857,0.33992907,6.659359,3.0840952,-7.888685,12.895088,-0.07213844,0.55459094,0.010929058,0.35782647,-14.4253845,2.5492206,-21.192698,-7.6436577,0.002728096,0.5206242,0.060756367,0.38694203,-0.8890898,2.9492075,-6.982767,12.948807,-0.08509359,0.5906519,0.041404303,0.33467078,-8.565555,2.6143878,-14.176379,-2.6489942,-0.030864913,0.39008778,0.022184158,0.28006712,-8.640775,2.3850765,-14.204536,-2.8160994,-0.020210102,0.36263236,0.008098401,0.27089128,2.700641,2.563009,-4.7551975,9.840248,-0.05994065,0.38257515,0.023413705,0
163.68896,2.0347283,163.39154,160.58458,169.15353,8.568959,1.0079056,0.3314839,162.45049,164.33806,0.00067126984,4.100886e-06,0.00053701585,0.00060414284,0.11413523,0.93875813,0.09701494,0.10842846,19.698494,19.698494,14.188846,0.035073977,0.09687147,0.16187182,0.092376396,0.12948754,1111.3848,74.603905,990.45044,1444.577,2.307877,5.84681,696.8675,78.749054,526.6657,1055.3109,1412.8844,318.897,1195.3125,3039.0625,3.327225e-05,0.0003241118,5.0891618e-08,0.0036314088,22.18458,3.9873238,22.251637,3.1105897,26.047684,3.1584446,29.065165,2.7085822,17.660543,2.4816325,68.94212,8.729842,-225.55666,38.0381,-266.4109,-128.87877,-0.75699145,3.5589175,0.32132477,1.9222138,162.75871,17.244389,134.04419,227.18181,-0.61861944,1.8125206,0.06567848,0.9229652,-89.68403,14.661996,-141.5415,-69.1535,0.17329024,1.6399276,0.041712318,0.84007704,-8.586939,7.118496,-28.386944,12.882078,-0.054973174,1.1607673,0.037673913,0.68569183,-46.011147,5.624949,-61.071373,-30.871819,-0.055755675,0.9796221,0.03837308,0.675784,-9.614565,5.617397,-20.697453,4.6102386,-0.07395844,0.75046563,0.033747688,0.48624203,42.068855,6.554624,13.958272,59.296867,-0.25143063,1.2187397,-0.014568163,0.71721524,-26.5584,6.57037,-41.037598,-8.561634,0.004160034,0.7454238,0.071532,0.45399362,-3.9304395,3.2043695,-10.146774,9.893002,0.014071472,0.5090345,0.014265891,0.3439458,4.4602494,2.589801,-2.8120341,9.415815,0.021807637,0.3539227,-0.00445262,0.2629326,-11.841812,4.963628,-26.41656,3.359046,0.07055863,0.68875486,0.020586083,0.4668631,13.937323,3.845581,1.7624242,23.82196,-0.007908634,0.5939894,-0.052983943,0.36940023,-12.656662,3.4645603,-25.990053,-7.0481377,0.0927261,0.47597513,-0.011822568,0.32210344,-15.16489,3.1326122,-22.497303,-4.1883173,0.014047356,0.50721174,-0.007055532,0.33955076,1.9411708,3.3352323,-5.957721,9.519481,-0.013240871,0.35056907,-0.021617496,0.29342106,-5.403526,2.958227,-12.5157585,2.5779138,0.075817555,0.4588314,0.022027165,0.32944366,4.8705235,2.5263104,-1.4222181,13.483572,-0.033185247,0.41544887,-0.015911672,0.3310503,-4.872873,2.2415848,-9.584222,0.9833249,0.022358099,0.42633078,0.012446587,0.30640334,-7.858988,2.3208303,-14.824996,-2.9274127,0.015695523,0.43066382,0.027913643,0.22648312,-0.32491988,2.9605808,-5.7462583,11.933866,-0.11096483,0.54085946,-0.0058892,0
195.86414,3.1378202,195.43199,190.96832,210.67221,19.703886,2.2075193,7.7641935,194.30638,196.56412,0.00066819164,3.4115058e-06,0.0005345533,0.00060137245,0.022707086,0.1950253,0.019301023,0.021571731,13.43779,13.43779,14.4226885,0.053252958,0.09985979,0.22741373,0.025819516,0.093742,1087.15,72.642456,991.7146,1486.6034,3.1519127,14.63928,771.1405,65.856125,641.07623,982.36584,1497.1824,200.6022,1367.1875,2671.875,1.0105325e-05,6.36041e-05,7.701433e-08,0.0004949448,28.331478,6.0077024,28.2126,3.7706418,27.266253,4.1145864,24.338608,3.2945209,19.540579,2.1563544,70.87032,10.538279,-179.17804,20.930807,-204.1134,-87.89781,-1.2663162,4.602044,0.33214042,1.3725408,172.85161,10.195025,159.09706,204.88315,-0.31780154,2.1599035,0.1569214,0.9462348,-110.42436,10.259559,-143.13223,-75.62113,0.877177,1.6923796,0.06268814,0.89327246,-3.3665211,8.770762,-17.45618,24.102158,-0.050044063,1.855267,0.2502535,0.73875254,-28.010075,5.9574213,-42.545654,-10.459358,0.0762454,1.2134132,0.23364943,0.82637745,6.9009385,4.8660836,-8.822243,29.241203,0.40542918,0.890179,0.02817387,0.56498545,32.872555,6.9461927,24.291323,54.1817,-0.2843057,0.85218346,-0.04700083,0.4771504,-44.144756,6.6070595,-55.61805,-27.38314,-0.23932432,0.80757976,0.060437594,0.6182536,4.514129,3.471381,-2.7982666,11.169487,-0.014689911,0.52708876,-0.09947148,0.41913444,3.2101946,2.5984397,-3.432584,8.652602,0.04365634,0.4590173,-0.017167427,0.2877399,-26.034945,3.1945698,-35.152557,-15.726328,0.06723778,0.5798105,0.038038917,0.41355583,7.318146,2.9017582,-0.30333865,13.725914,-0.0751234,0.55844575,-0.10063263,0.40212646,-21.779495,4.4116497,-28.59946,-11.017847,-0.06614274,0.5179882,0.0369366,0.32494262,-13.11381,3.4787455,-20.370514,-5.223749,-0.10980353,0.46966934,-0.008705265,0.27443242,4.290613,3.294234,-8.602573,11.056391,-0.1408902,0.57653743,-0.10407633,0.38707438,-20.344288,2.959603,-26.343494,-13.139559,-0.05414526,0.5550725,0.024118636,0.35690445,-3.425704,2.0874627,-7.660446,0.7200762,-0.041668635,0.43025795,-0.01207125,0.30693263,-7.1449566,2.8780837,-14.823043,-1.7684274,-0.09794137,0.3654692,0.0095915245,0.31666854,-10.921488,3.9395633,-17.949867,-0.041975915,-0.25919822,0.49971527,0.034132946,0.3202564,0.73482376,2.7809408,-9.808559,8.878433,-0.176171,0.38835087,-0.052197408,0
116.409096,12.618586,108.73673,103.52649,141.42136,37.894863,0.6061454,-1.3066044,105.336105,129.31157,0.0012892784,1.1075409e-05,0.0010314228,0.0011603506,0.08818446,0.7340504,0.07495679,0.08377524,7.332549,7.332549,13.979673,0.038034573,0.079170436,0.1763877,0.07777327,0.058979236,734.5785,94.70763,580.6897,1158.2539,1.5758799,5.7036324,664.831,96.58539,561.3648,1214.3597,1139.6655,161.47427,851.5625,2078.125,0.00021231134,0.001344412,8.79371e-08,0.01008177,24.12435,4.8360267,20.3692,3.3731735,19.57582,3.471111,23.21729,2.94938,13.990545,2.395327,66.27084,11.715097,-186.85356,34.138382,-238.86484,-97.184906,-1.6179,5.552658,1.0729283,3.2941897,219.21841,19.579626,146.18588,252.9145,-1.3032043,2.4240222,-0.17683405,1.2499948,-39.328964,12.414721,-76.85158,-13.586794,0.69126177,2.7796052,-0.29245627,1.3400395,10.599472,8.583256,-5.368349,32.01346,-0.22424753,1.6632633,0.18121049,1.039576,-36.550125,7.5047345,-47.86642,-21.87621,0.09194134,1.583798,0.13154283,0.9251809,-10.809071,7.761615,-22.61311,6.0392404,0.21642184,1.265975,0.0799423,0.71771526,31.471037,6.5099316,7.3232374,44.442154,-0.2193122,1.2471936,-0.09810094,1.0404165,-24.98834,9.311542,-43.43257,-6.23839,0.52775323,1.2791857,-0.036641464,0.7596302,-2.3625665,4.8394413,-13.957026,4.6493526,0.10973986,0.8640834,-0.04823798,0.39977598,0.4504843,6.1269927,-9.642165,13.952053,-0.14828123,0.9702748,-0.041130528,0.5652763,-9.856989,5.146422,-18.178242,1.2164882,0.03789634,1.0201921,0.035695884,0.78076553,12.933954,4.722451,-0.5557463,22.242771,-0.15357107,0.8176769,-0.09545896,0.5646934,-16.233702,4.2625465,-28.900848,-8.451947,0.15384029,0.5709776,-0.059167083,0.5335278,-11.668153,3.372673,-19.028336,-1.8456105,-0.023962911,0.5941676,0.042499572,0.4744382,3.0637052,7.2246566,-12.506165,21.412003,-0.18690708,1.354961,-0.06255479,0.5697826,-9.564252,3.9536347,-17.016142,3.3765845,0.07817875,0.8147692,-0.06640612,0.49806467,3.1735268,4.6169515,-7.429737,12.738274,-0.03426234,0.7443028,-0.031411204,0.5207667,-7.9728484,5.9923716,-25.638199,0.7336881,0.0705323,0.95302546,-0.025535798,0.5469168,-11.435533,2.974729,-19.040216,-6.0391107,-0.10192769,0.4957475,0.007897335,0.39364234,1.7483224,4.6444354,-9.303051,9.963654,-0.27349365,0.7384041,-0.023447802,0
124.814926,1.5188166,124.54496,120.99941,130.43521,9.435798,0.3738907,1.6934631,123.82764,125.9921,0.0006370989,5.104349e-06,0.00050967914,0.000573389,0.023804976,0.20434472,0.020234229,0.022614727,10.95379,10.95379,14.458441,0.030257724,0.08480999,0.17198578,0.020470588,0.12473047,1345.1522,85.6995,987.5815,1542.0479,-1.2286612,3.501346,1090.3833,55.971897,861.38574,1189.1621,2981.6875,249.75203,1242.1875,3234.375,2.1083918e-06,1.5411573e-05,1.9142394e-07,0.00017017813,26.695408,3.9040086,25.15546,4.594959,24.899906,4.8112297,28.714632,2.6754708,22.7719,2.4812057,77.21773,7.5071087,-181.46187,16.605343,-222.01965,-101.16335,-0.85714114,3.4504216,-0.08131209,1.5924861,192.83934,12.057942,178.3783,247.63832,-0.33894086,2.3213568,0.044049896,0.92414373,-99.74242,7.043162,-114.21073,-65.16196,0.3020321,1.2620267,0.08422297,0.72410774,34.448776,6.0818505,14.518411,46.75501,-0.14010154,0.74405986,0.007787884,0.62220746,-76.72938,4.928751,-86.809296,-56.33155,-0.038784094,1.0641217,0.14462751,0.59865403,-26.231985,5.207683,-36.505234,-5.8712177,0.14778878,0.6701394,0.06710812,0.4339747,58.26319,3.5627782,44.728622,66.872986,-0.044128183,0.7099318,-0.043017037,0.36059693,-46.69016,3.3862338,-53.5944,-34.218567,-0.016822498,0.7044967,0.0906227,0.39143467,5.472706,3.3043754,-1.8842707,13.900519,0.043638434,0.43648592,0.043419305,0.3456748,-1.1220517,3.3959258,-9.458273,5.872972,-0.018224875,0.39850897,-0.009891508,0.27072018,-42.263813,3.5260153,-50.07938,-32.79563,-0.033575546,0.63785535,0.049573872,0.30822003,20.529049,2.4638953,14.43656,25.34527,0.021464845,0.3906533,0.009314096,0.2703198,-10.113568,3.2652717,-19.60299,-3.5340307,-0.018239103,0.42695686,0.034500636,0.27698895,-13.961424,2.9508343,-22.37838,-5.324794,-0.062251,0.39751154,0.039048724,0.26999348,2.5649927,2.2611213,-6.2744255,6.7330065,0.041328296,0.3180696,0.01254562,0.2113603,-21.402288,2.9972436,-32.156822,-15.808252,-0.040282194,0.4412049,0.04480487,0.2892229,5.2152567,2.8021054,-1.671875,11.202908,-0.0678344,0.33450475,0.005355082,0.25615278,-4.420967,2.5076377,-10.6753845,2.358892,0.07427012,0.35641545,0.022673318,0.2738422,-9.128425,2.2429512,-14.1870985,-1.6386726,-0.024875328,0.3856021,0.043765184,0.2529345,5.19818,1.7910348,0.469015,9.896329,0.018869778,0.28656664,0.0006027489,0
213.6013,2.6477692,213.1201,208.25243,220.63576,12.383334,0.37587506,-0.18754378,211.89262,215.59644,0.00096376194,4.5119664e-06,0.00077100954,0.00086738577,0.03774719,0.32183132,0.03208511,0.03585983,18.644493,18.644493,14.772793,0.08814909,0.12369173,0.2908595,0.05489564,0.06321957,787.4642,75.8928,684.59186,1350.2139,4.9565988,31.318523,673.71594,45.460712,537.7707,888.1716,1251.165,133.82544,1070.3125,2421.875,1.7210423e-06,1.5521784e-05,4.3204025e-08,0.00016576926,14.748306,3.956087,26.104567,3.8999355,25.696075,3.7765021,27.352314,2.7671402,16.390274,1.9911007,67.38755,6.002121,-171.88852,24.121746,-219.37396,-58.308483,-0.76807547,5.2917085,0.25781512,2.2899384,183.3842,10.463692,163.38348,218.23616,-0.15231612,1.8862404,-0.0073091732,1.2098019,-58.153664,11.53545,-124.94495,-40.71247,0.68493545,2.6467538,-0.13237226,0.79996604,6.516219,9.789496,-31.613056,25.877586,0.28556475,1.4403086,0.16390972,1.0335901,-28.051414,5.7524347,-43.374447,-15.821107,0.11042683,0.64740944,0.08132898,0.52532095,-12.357521,8.415766,-32.694176,12.505634,0.08749353,1.0286082,0.0256949,0.577513,22.786184,6.3786964,10.266532,39.665207,-0.010059323,0.963694,0.043316875,0.44843212,-25.848852,4.546596,-38.107277,-11.840912,0.05227264,0.700902,0.0065164305,0.5164938,-0.64997303,5.7597175,-13.281521,13.338636,-0.102141544,1.0346888,0.084428236,0.4893376,-1.168248,6.0424867,-12.471279,14.017944,-0.08637974,1.0304873,0.06443333,0.48310098,-18.913094,4.4754233,-31.104961,-6.2088385,0.03152727,0.8723471,-0.028797619,0.41850445,0.15555295,3.388307,-7.6538863,8.635406,-0.103433624,0.52260417,0.00051631767,0.3266841,-20.748537,3.5927217,-28.819515,-10.282212,-0.055538528,0.5011573,0.0434992,0.397631,-12.016969,3.6320827,-21.9444,-3.3918443,-0.017259626,0.5674085,0.032687925,0.43908176,0.061426014,2.885212,-7.4498825,8.088317,-0.053741716,0.50594175,0.03615913,0.32762134,-12.88112,2.516041,-19.133438,-6.323737,-0.026549796,0.486092,0.0041229622,0.33808652,-1.3666887,3.230298,-9.549745,9.175697,-0.11424464,0.64636236,-0.020296624,0.37784708,-13.003052,3.9544635,-21.828636,-1.1738173,-0.06716743,0.6438861,0.029832276,0.3752606,-14.338358,3.0295575,-22.81969,-7.9367676,-0.016694838,0.54351693,0.011667453,0.38791928,-0.060376134,2.8743925,-8.510472,6.3078337,-0.11987922,0.52833045,-0.02734688,0
274.26294,5.2282705,274.79074,251.9842,281.21365,29.229448,-2.6387217,8.226234,274.79074,276.38257,0.0004650482,1.695629e-06,0.00037203854,0.00041854335,0.058048796,0.49011394,0.049341477,0.055146355,11.130882,11.130882,16.190012,0.06612189,0.11452088,0.24479015,0.07104887,0.13565768,1191.8157,55.425167,1069.909,1316.4163,0.050620746,-0.61417216,644.695,74.65706,559.39844,1038.4487,1644.5312,79.6206,1460.9375,1937.5,4.890761e-05,0.00032042534,5.149565e-08,0.0023282017,11.432458,2.7377965,22.852648,4.884177,26.80267,3.2990892,27.185965,2.8973327,26.475763,3.8070495,65.78258,10.759331,-186.29982,33.01861,-261.41055,-100.39211,-3.2330632,6.384972,0.6022945,2.697047,161.35631,15.324445,121.611496,197.11847,-1.4221846,3.0580342,0.15366632,1.19333,-114.32665,14.848036,-148.98572,-75.60314,1.640461,2.486693,0.08990706,1.1126742,-2.5463688,9.17324,-22.543575,17.261032,0.018174438,1.526571,0.0037030305,0.72939885,-9.701769,5.310121,-18.968239,3.6899252,-0.06194303,1.0526462,-0.28105232,0.8302685,-14.377918,5.87391,-28.049347,-2.0716846,0.17968458,1.1943376,-0.13733564,0.6591606,1.9690247,8.233336,-16.980686,26.311852,-0.6806327,0.9835658,0.08806794,0.5446029,-35.454422,11.084716,-57.572247,-13.871672,-0.20280208,1.8030581,0.34799033,0.76540214,12.612327,6.043104,-1.5530372,21.547684,0.19323045,0.929366,0.13419312,0.575947,11.600012,7.0321174,-5.9456606,23.836674,0.46339777,0.57594246,-0.11964393,0.40169,-17.604664,6.0375323,-27.906042,-0.9457184,0.43611783,0.69065493,-0.019395169,0.35457572,1.2560462,5.2154446,-12.8584385,11.195066,-0.11025141,1.0283251,-0.051113896,0.61779237,-13.343723,4.4929943,-22.664354,-3.14143,-0.0855038,1.0777446,-0.02117085,0.6514061,-0.1997559,4.6224084,-7.5022635,16.491886,-0.05587749,0.78436947,0.15107998,0.7944646,5.6238546,4.9821367,-8.206974,14.552877,0.18755506,0.8399131,0.13333991,0.821579,-14.70685,4.5587406,-29.388739,-5.348511,0.34517562,0.8482379,0.040958352,0.5406382,-1.4834493,5.1669474,-13.359122,8.513347,-0.24218361,0.56881654,-0.02896552,0.45531112,-10.689867,4.2880974,-18.046581,-1.0409524,-0.23955613,0.63247913,-0.040899836,0.43760106,-12.357187,3.7262158,-19.837978,-2.4794695,0.019055925,0.56235033,0.004994372,0.48954922,-2.8538382,4.8802414,-10.4977455,10.666048,0.0120982975,0.79841393,0.09182266,0
187.43578,3.9828424,186.6066,185.53183,223.19943,37.667606,8.557443,77.083405,186.6066,187.6876,0.0005831946,3.1114369e-06,0.00046655568,0.0005248751,0.016196383,0.13955289,0.013766926,0.015386564,18.832485,18.832485,13.672133,0.044875883,0.114483446,0.2094985,0.01696559,0.057015352,1042.9664,60.825237,915.1985,1269.6176,0.7374349,2.1628892,829.6691,58.887337,700.4879,1183.079,1948.6737,172.26494,1632.8125,2445.3125,4.9583225e-05,0.0004108027,1.05424995e-07,0.0038195895,31.327587,4.47379,27.493399,3.3207285,27.048811,3.6635058,23.855824,3.0190046,23.482279,2.217464,65.46367,9.380112,-179.58072,17.833246,-202.65631,-91.38153,-0.19599874,3.8461072,0.82065225,2.121852,180.52972,11.216766,127.50533,227.3066,-0.578951,1.7523787,-0.11007291,1.5547149,-108.19673,8.9647665,-128.96841,-56.17605,0.39244998,1.3544456,0.066126145,1.1602253,34.066822,7.158393,16.61149,49.047318,-0.00024110512,1.1552757,0.13552724,0.7232876,3.616388,4.901001,-4.649131,18.151793,0.103033,0.8168366,-0.13301405,0.7425226,-25.108597,6.7270193,-38.078796,-4.6094155,0.075660825,1.1441057,-0.012609507,0.7791544,21.965576,5.0806527,5.414311,30.866375,-0.1447671,0.94209945,0.012180101,0.49080285,-22.697924,5.3791146,-34.086967,-9.733414,0.22443289,1.0450665,0.019736698,0.60070306,-1.1990982,4.196376,-10.271067,9.744892,0.055518817,0.60403097,-0.035653573,0.47253603,9.905485,4.8573704,-2.542381,20.510258,0.07165713,0.83711827,-0.05151217,0.48517758,-22.906912,4.7005553,-37.125526,-13.730222,0.037655897,0.7477002,0.04372345,0.461267,-4.892752,3.58951,-13.114372,4.161248,-0.100027405,0.55048716,-0.029746857,0.42169082,-2.4420483,4.393351,-16.45877,6.4235163,0.17308058,0.6864344,-0.04776335,0.37361827,-7.168828,4.1769743,-16.518637,1.5140761,-0.0152986925,0.6436546,0.068945654,0.49798414,-8.389118,2.4782372,-14.372742,-3.2239008,0.015766285,0.33758456,0.018698618,0.3810389,-5.6930532,4.460896,-20.797546,3.9698722,0.20410693,0.5296039,-0.04602031,0.378528,4.333769,2.7270787,-3.141388,11.931297,-0.11212838,0.5154091,-0.017328039,0.33637226,-10.782952,2.190619,-15.6615,-4.658024,0.061447334,0.34206223,-0.008685173,0.34640732,-3.8971972,2.982931,-14.646842,1.1704904,0.14576921,0.3822764,0.0152248675,0.2424975,-1.0453587,2.844513,-6.178832,7.4845805,-0.098211974,0.57803446,0.058069948,0
183.15167,3.5240788,182.3445,177.1535,192.07458,14.921085,0.67314863,-0.31225163,180.25009,185.53183,0.0010376613,5.665585e-06,0.0008301291,0.00093389524,0.06724762,0.5653039,0.057160478,0.06388524,13.043318,13.043318,14.313601,0.013639187,0.03729466,0.109904796,0.03695418,0.10264943,1072.2837,111.26674,761.97784,1634.5234,1.5490608,7.830211,768.4306,69.05775,643.2639,1070.4784,1770.6549,233.67429,1281.25,2703.125,2.3165625e-05,0.0002379577,1.3815219e-07,0.0028630516,27.373909,3.0380905,22.073742,3.3158371,24.9002,3.821548,24.9299,3.2112923,20.53558,2.0340755,68.38593,7.8646727,-212.71658,28.412003,-254.31186,-96.688324,-0.5291163,2.9282885,0.3781015,1.8666487,171.76956,13.256849,145.49216,218.06668,-0.36264414,1.6364077,0.0026563406,0.8831083,-95.701614,17.190966,-136.24329,-47.83227,0.32418707,2.1485097,-0.0044381553,1.3044646,6.96367,9.541435,-14.272158,46.191406,0.030622423,1.6415312,0.08270532,0.8165884,-19.091436,6.29576,-36.79191,-1.2794595,-0.04217205,1.0628233,-0.06531887,0.6814688,-19.610268,4.5766244,-28.56217,-0.63227165,0.0006257508,0.6717831,0.02943905,0.5682005,28.961346,6.24954,12.593323,52.646015,-0.09682938,1.3261211,0.021043066,0.71408653,-16.602465,5.4040875,-33.425297,-4.7135034,0.09626131,0.8222274,-0.0019375363,0.5711352,-0.83254087,4.753477,-11.133629,11.988468,0.050738115,0.74163145,0.0026853606,0.554316,5.606866,4.5273075,-11.332426,20.76071,0.0054797865,0.9273368,-0.07658998,0.6441865,-19.794922,4.288216,-30.326126,1.1127194,0.022907909,0.89141005,-0.00045762406,0.5143114,-8.951339,4.276359,-17.431698,6.9574943,-0.06484469,0.84809613,0.04043855,0.5782235,-11.520152,5.1355305,-36.992897,-2.9127579,0.032253966,0.9282378,-0.023912467,0.47877687,-0.26925042,3.477226,-13.846824,7.475775,0.007579552,0.6689087,0.025910515,0.37003866,-2.3032134,3.7628107,-9.636015,7.3489037,-0.008303533,0.711958,0.025240365,0.41142055,-13.23701,4.311025,-25.284407,-5.161461,0.08755965,0.5542948,-0.03387196,0.35947046,-0.37162897,3.1903455,-6.102541,11.066099,-0.033416927,0.5871846,-0.009343999,0.3927106,-13.943675,3.013282,-23.975136,-4.290573,-0.052774098,0.46186447,0.025836602,0.34367305,-8.115059,2.7885,-16.204498,-1.5551481,0.035365764,0.4859698,0.0065606465,0.36053184,3.9045928,2.9753706,-2.7301412,13.376652,0.029730216,0.42052618,-0.015628021,0
83.28559,1.5767434,83.12379,80.757416,86.55366,5.7962394,0.6884351,-0.47544095,82.16903,84.08964,0.0007013088,8.420529e-06,0.000561047,0.0006311779,0.042623073,0.36254662,0.03622961,0.04049192,6.6523285,6.6523285,13.421911,0.04446993,0.097688206,0.2055822,0.04381273,0.10660441,1022.9968,71.74367,917.39813,1487.3531,3.5729518,20.137827,662.8944,32.765755,611.4062,858.66187,1529.2311,72.22762,1437.5,1960.9375,2.733649e-05,0.0002295358,2.2773338e-07,0.0021686642,23.59263,4.517596,20.408762,4.0304546,19.357443,3.4190538,15.875201,2.0565512,18.668892,1.9901282,68.07949,8.523682,-128.3531,28.964743,-290.96362,-91.65576,-1.7998424,5.567228,-0.31914338,1.7769581,240.99052,17.39013,122.58162,257.3197,-0.89866966,3.166782,-0.56361383,1.790439,-121.29374,8.310354,-136.27478,-82.75212,0.44769,1.8573887,-0.02890403,0.90585625,8.728607,7.5355353,-19.66357,24.280441,-0.41949412,1.2868379,0.061641477,0.59181106,-10.803425,5.8916025,-28.812843,8.271452,0.2808299,1.0616978,-0.0012891159,0.733806,-14.514933,5.088385,-24.332693,16.753092,0.32579014,1.0598385,0.09656923,0.54479486,24.70293,6.0246916,-7.8897696,35.457684,-0.33737883,1.0697067,-0.03529494,0.5263919,-27.389847,3.9812593,-36.407692,-19.339478,0.10017261,0.66454595,-0.005230056,0.506164,8.216812,3.673994,1.3558005,18.426487,0.060784034,0.6260821,0.05481857,0.4485156,11.755289,3.4759586,2.2182841,21.248257,0.068538755,0.5411431,0.030228818,0.37459615,-9.910653,3.4506986,-19.118694,-0.2102201,0.051588587,0.6013294,0.020179443,0.4516631,2.2476919,4.2672863,-13.121553,12.204056,-0.17613162,0.7163387,-0.014526776,0.3744105,-24.168108,3.8028214,-33.187935,-12.875982,0.11827899,0.60282636,0.010976404,0.3998716,-2.608491,3.0798993,-10.928429,6.3974776,0.057402145,0.5288325,0.00375223,0.3869072,-0.20164518,2.8612032,-6.1279745,6.3019347,-0.06846551,0.528604,0.007436818,0.3958115,-24.59367,2.7097807,-30.23182,-17.538048,-0.0143052805,0.3945515,0.046260335,0.36125037,4.4319963,3.5122135,-7.5655165,11.298918,-0.1333671,0.674216,-0.04442496,0.39975363,-5.9656267,2.509952,-14.437075,-0.88134986,0.02210501,0.40920877,-0.0019602082,0.3200034,-8.562977,2.9360633,-14.635454,1.1175804,-0.01729771,0.42797187,0.08495595,0.39538208,7.542397,2.591793,-1.8431896,12.631557,-0.12128446,0.4762466,-0.025025789,0
239.86661,1.7693467,240.60501,235.10959,243.4007,8.2911215,-0.5967616,0.55588377,239.21922,240.60501,0.000832722,3.4716045e-06,0.0006661776,0.0007494498,0.082182445,0.6860097,0.06985508,0.07807332,18.92148,18.92148,13.966341,0.07640457,0.1457853,0.25427088,0.10448301,0.09506065,1012.1148,84.28103,863.1783,1328.2882,1.3150924,2.2367322,827.9203,62.27992,690.4469,1076.1753,1575.5757,324.92258,1187.5,2687.5,1.5788535e-05,0.00013808227,4.8096545e-08,0.0013508801,13.703642,3.7300086,25.91231,3.5674508,27.06843,3.6549125,30.855228,3.0201595,22.105747,2.4685736,68.846695,8.434356,-198.41507,52.364185,-362.19843,-98.49107,-0.5577584,7.768077,0.40182418,3.0337634,166.6708,21.483763,101.51988,203.6719,-0.39870045,3.0550306,0.019927695,1.1655588,-67.92675,15.213261,-108.08794,-23.069328,0.33578968,2.5450459,-0.09100921,1.5379579,18.070395,10.289088,-10.356621,38.420322,0.002067301,1.586744,0.017580085,0.90284455,-40.293762,8.32504,-52.933372,-11.703823,0.0190443,1.0866944,0.032418586,0.75485474,-17.495003,10.570573,-36.569588,9.523959,0.2266834,1.436793,0.061336964,0.75484765,42.386887,7.863119,17.547632,54.978104,-0.16412327,1.0109576,0.0020244273,0.7236542,-21.675865,6.041399,-39.167744,-5.831362,-0.057467617,0.86535174,0.059835546,0.62665933,2.1899648,4.864759,-7.927614,15.815775,0.13700168,0.6009695,0.021250792,0.5097098,3.6072187,3.4767134,-6.6833773,10.350081,0.01711209,0.58654195,-0.04438379,0.4265786,-30.403372,3.2472904,-38.98046,-21.457787,0.024918951,0.54603386,0.005871854,0.34771705,0.24159716,4.0688963,-8.465845,11.612566,-0.07011325,0.6921688,0.02556287,0.43778592,-10.111289,3.9516387,-23.683292,-3.3985577,-0.09206485,0.605649,0.06849856,0.44855917,-12.02224,3.2197146,-19.571821,-0.8759177,0.097736396,0.5629874,0.022673968,0.4570411,-1.1639264,3.7586207,-9.265572,12.99131,0.08300867,0.56268024,-0.08259302,0.59219825,-18.678148,4.0074253,-31.462332,-12.039726,-0.027624838,0.6417874,-0.00051617686,0.5720038,-6.7376103,3.60943,-12.928574,5.282122,-0.03832887,0.5457001,0.044872098,0.3987864,-3.092191,5.0673,-15.01556,8.794118,-0.006604167,0.5869891,0.0043516653,0.4342863,-4.802748,3.1311846,-12.672874,1.9898186,-0.0058023646,0.5384554,0.049607903,0.369,2.5818894,3.4278212,-2.9223356,15.423097,-0.07579417,0.6124044,0.06548353,0
115.11721,2.0521522,115.53527,111.59972,118.92071,7.320997,-0.24905717,-0.95763195,113.550446,116.709435,0.00055851584,4.851715e-06,0.0004468127,0.0005026643,0.051918834,0.43964463,0.04413101,0.049322892,9.516956,9.516956,14.805819,0.07114549,0.10667295,0.25547722,0.0663204,0.078397155,773.59393,43.206448,727.1927,993.32043,2.9094694,11.759,523.9383,53.44976,453.4316,830.89496,1030.4816,92.131966,960.9375,1656.25,4.139935e-06,3.0277373e-05,4.3967187e-08,0.00023855876,19.746239,3.6515572,20.85168,4.7209044,24.494495,4.439933,25.42635,2.847626,14.117211,1.5874175,64.87562,8.787018,-186.14621,28.372501,-235.40181,-86.4994,-0.6531749,4.344163,0.31960803,1.6217977,203.96326,10.66068,182.1741,229.21501,0.014599277,1.5301834,-0.03148384,0.8151268,-45.06261,11.612304,-86.61003,-27.464739,0.44352752,1.6650915,-0.073469006,0.8483276,-11.775947,8.417257,-26.03215,23.34884,-0.502355,1.457632,0.23278841,0.7947282,-64.08025,6.3450136,-77.53406,-46.40872,-0.2749425,0.93777955,0.12676862,0.5759004,-40.57996,4.9292393,-49.31071,-20.419342,0.085186765,0.73055696,0.08886054,0.5396063,17.701265,3.7397075,10.110382,27.35722,-0.019023221,0.47557816,-0.11790412,0.41807586,-18.391054,3.6974206,-31.79816,-9.329346,0.09155296,0.5707562,-0.061619796,0.5392846,-1.2799026,4.7423177,-9.940971,15.103624,-0.32254165,0.6174704,0.12756523,0.4610993,-1.205811,2.6069732,-7.339504,3.7607944,-0.100840844,0.3960178,-0.009777863,0.21513106,-8.439222,3.2860649,-17.493355,0.6847357,0.22675796,0.5691729,-0.05356277,0.315931,14.365661,3.4479618,8.253489,26.447908,-0.09446067,0.5012356,0.08489837,0.49261174,-7.9216046,3.1952987,-16.206808,-0.9755875,0.106778406,0.45907444,0.032317627,0.3435964,-9.9491005,3.5420647,-16.536127,-3.5735009,0.15267847,0.44348782,-0.043001764,0.36378685,-11.484096,3.0011868,-19.00028,-2.3877106,-0.08976019,0.45484114,-0.0008260969,0.41193995,-22.41518,2.549916,-27.551945,-17.271667,-0.04448829,0.4180093,0.022201616,0.31480274,2.6456058,3.5045135,-2.608413,13.535717,-0.11436897,0.5421868,0.07598127,0.32037246,0.017150344,2.2491667,-4.6161904,7.101293,-0.055686016,0.271907,0.05887531,0.3065641,-1.4702635,3.0190969,-10.197636,3.9586601,-0.029725341,0.70732147,-0.06329404,0.32565755,6.753893,3.0491378,-2.2829506,13.293376,-0.07361322,0.479563,-0.0658285,0
126.525,3.2637634,125.26644,122.40536,135.81725,13.41189,1.4166765,1.2695779,124.54496,127.45606,0.0008566314,6.7704514e-06,0.0006853051,0.0007709682,0.04299925,0.36567992,0.036549363,0.040849287,15.07043,15.07043,14.641974,0.05010789,0.07649738,0.21812353,0.046895742,0.08245992,1024.057,87.72393,813.99,1302.0126,0.80406135,1.4353759,837.0355,75.07373,603.9438,977.6465,1866.6425,277.53955,1187.5,2656.25,7.4635022e-06,6.9385096e-05,6.3889615e-08,0.00088439323,21.393578,3.4594512,23.174368,3.0131192,23.89434,3.307012,18.02888,2.8502035,18.901688,2.3355966,74.55672,7.694782,-137.90471,18.89311,-213.35016,-71.08409,-0.27335674,2.8816462,0.03195311,1.2975283,192.08147,9.930747,159.27005,211.7338,-0.07294051,1.7075768,0.043492306,0.7943762,-89.86572,8.607483,-118.931335,-66.45947,0.1973615,1.25584,0.057118516,0.8991515,18.285221,7.803743,-8.403589,34.297646,0.03524032,0.95926887,-0.016311811,0.5891157,-23.791527,9.379717,-53.451103,0.010292187,0.110513695,1.2155895,0.027882487,0.58268493,-27.23065,6.159418,-50.978245,1.3885969,0.083673365,1.0401512,0.09870123,0.70715374,12.300334,9.623536,-12.216031,40.33149,-0.20302099,1.0046257,-0.02354834,0.5203956,-33.050346,8.53112,-48.052155,-6.8847184,-0.09027924,0.9599797,-0.03070358,0.61885047,7.8055305,4.8925395,-12.52132,16.430645,0.06688522,0.8179041,0.029971445,0.6187539,7.352429,4.9648347,-8.339326,23.545185,-0.017210133,0.7402514,0.037754897,0.5312986,-11.773556,4.908732,-25.311337,1.0437564,-0.017789828,0.8164227,0.0028823623,0.51587504,14.006318,4.1359515,3.1106377,25.022625,0.05087867,0.60034996,-0.019144505,0.48652464,-25.00819,4.4622364,-37.88446,-10.229025,-0.06649612,0.6111262,0.0027041365,0.43754566,-18.279114,4.17596,-24.979055,-4.6292276,-0.06014682,0.538216,-0.0025492602,0.36077338,1.7077677,4.586826,-13.328758,9.934366,0.103760056,0.5797141,0.020252489,0.42432454,-23.578283,3.3452504,-30.52946,-13.29866,-0.050743695,0.4998472,0.03780904,0.36653614,-1.0911125,4.86425,-10.122001,13.572508,-0.09182349,0.5971314,-0.0007691023,0.40949425,-0.07823031,3.563378,-11.215099,7.380107,0.07299736,0.5316392,0.007831263,0.43081203,-9.569909,2.933159,-16.725878,-0.885566,-0.04336431,0.44990188,-0.0079332,0.33559188,5.798196,3.6212206,-2.9773595,17.330257,-0.03358993,0.6281777,-0.022932893,1
110.56661,9.171563,106.56005,102.33739,138.99182,36.654434,1.7585824,2.4667182,104.42781,112.89644,0.0005935744,5.368478e-06,0.00047485952,0.000534217,0.027965238,0.23956858,0.023770453,0.026566977,11.55059,11.55059,14.300318,0.056011338,0.112564415,0.23295666,0.032573447,0.08106497,860.8266,51.096466,776.0783,962.83484,0.263974,-1.2090458,746.2436,67.55756,553.1291,972.04865,1194.3257,97.12432,1031.25,1414.0625,3.4100616e-05,0.00020174416,8.6877115e-08,0.0015216473,20.904186,4.766501,23.361551,3.01023,22.882183,3.1882353,24.349678,2.3934464,16.89688,2.01174,70.18743,11.13149,-156.25272,21.618652,-196.00465,-110.90985,-0.20844744,2.8598433,0.3404728,1.5115612,218.6785,10.338776,174.40999,233.29181,0.18193515,1.5137112,-0.41220635,1.2481062,-63.761986,13.182212,-86.701126,-16.087603,-0.058942232,2.1839538,0.27722883,1.1838148,13.01453,6.250694,-5.227997,27.005539,-0.0063360375,0.8455044,0.04479731,0.5686215,-45.113506,5.3258896,-60.763523,-35.74065,0.07113437,0.9253043,-0.021542212,0.60435396,-11.615169,6.7451324,-28.583302,1.4961483,0.043070596,0.9163468,0.022341942,0.4700862,38.184864,6.7103596,14.2336855,53.02826,0.05602913,0.783478,-0.11535612,0.44249448,-31.055805,5.187834,-41.032333,-8.306,0.06361253,0.84800196,0.10228989,0.53795177,5.0399575,4.313666,-7.8666277,13.207258,0.07862093,0.5768304,-0.025507782,0.36150104,4.5542393,2.7860336,-1.0910914,10.763274,0.0517533,0.3983933,-0.02051487,0.24834734,-19.527916,5.16781,-30.551113,-4.8670464,-0.015238499,0.6043697,0.06967004,0.47444722,11.60261,4.780421,-4.516835,23.146206,-0.064721234,0.80186576,-0.06838902,0.3809565,-12.558604,4.003924,-19.671083,-2.539843,-0.027746499,0.53710103,-0.004967876,0.26487014,-11.910344,2.794236,-17.951189,-4.162094,0.00088415603,0.51404995,-0.07732761,0.438818,-9.908468,2.5839064,-15.35803,-4.1047,0.01667011,0.40397936,-0.086948715,0.3774751,-21.19973,3.6329896,-31.206238,-9.57681,0.10629654,0.5838748,0.06625442,0.393308,5.8652496,3.5212624,-4.4839487,13.485271,-0.0016850496,0.49779925,-0.045346666,0.32894167,-5.0426955,3.8546546,-14.086901,2.1340475,-0.14692664,0.4911382,-0.046265893,0.38681665,-2.4994524,2.6696892,-9.138722,4.1275015,-0.033175685,0.41192153,-0.00020647049,0.2991875,5.893098,3.7574143,-5.101348,14.804798,0.023272851,0.61509967,-0.009571913,1
236.24687,6.011368,237.84142,216.84537,241.99883,25.153444,-1.6320361,2.309108,235.10959,240.60501,0.00059874763,2.534415e-06,0.0004789981,0.00053887285,0.17121899,1.3727621,0.14553614,0.16265804,3.1244316,3.1244316,19.922905,0.027262134,0.0797281,0.12194404,0.10439569,0.1270978,1159.3589,69.416336,1038.4639,1352.906,0.9706461,0.56910133,709.4304,59.94631,536.19965,861.1888,1512.008,125.952255,1382.8125,2195.3125,1.9016574e-05,0.00011436221,8.3453465e-08,0.00083939394,11.387585,3.5723557,23.64143,4.8249383,24.952433,4.3369803,26.326942,3.59723,21.489977,3.4751468,68.31182,10.952195,-264.31052,86.055145,-406.8551,-70.46245,-0.47492558,15.33835,0.6423526,5.6287856,138.0496,30.211643,88.39551,212.00587,-0.5115241,5.1495557,0.08394192,2.402532,-85.65347,28.67334,-143.52377,-34.752213,-0.08544498,5.4285088,0.21879123,2.7138016,-18.06585,14.662333,-51.047462,14.033409,-0.7943212,1.2713153,-0.16036871,1.048121,-25.892748,9.080741,-41.592247,0.14991769,0.20201863,1.3979268,-0.37804532,1.1578723,3.12713,7.3606052,-7.3306084,26.481842,0.41971472,1.0269438,-0.1700282,0.77467966,19.818441,11.648272,-4.7692947,45.052643,-0.13688645,1.490903,-0.15689777,0.78890496,-34.36591,9.5795,-58.235077,-18.822063,0.2961484,0.84607995,0.10815244,1.0293525,4.0158544,5.1967998,-5.6546955,14.530937,-0.07238305,1.0679526,0.007421694,0.74468195,4.688138,4.406712,-6.5131693,12.309023,0.043464374,0.6514774,-0.07050815,0.4978631,-22.265589,6.315589,-34.592964,-1.7722942,0.45223987,0.6099702,0.14053535,0.39600807,2.241416,5.734041,-8.024492,16.761005,-0.1532943,0.8936414,-0.010815603,0.62265253,-10.993098,8.027348,-32.270924,0.5088622,-0.24213031,1.4783782,0.1165713,0.719689,-2.5372736,5.4033737,-14.290043,9.694187,-0.13909833,0.89268905,0.26595345,0.8542796,8.584886,4.903449,1.1814151,20.727129,-0.09685496,0.8322095,0.003339455,0.48288217,-16.883783,5.0643477,-29.515516,-0.32984695,0.32794118,0.6398433,0.050116744,0.55100405,-8.585866,5.056264,-19.745913,2.2618818,0.258549,0.9602417,0.043545485,0.61336875,-5.389809,4.211091,-16.889526,3.7231178,-0.1086124,0.79533,-0.05592254,0.42461404,-5.9576883,6.160394,-16.54146,11.019035,-0.23645695,1.1985087,0.112437636,0.8272,3.7963424,4.104264,-4.6013937,15.909929,-0.06609359,0.59937507,0.06953099,1
256.68054,57.490803,284.4812,143.89336,306.66568,162.77231,-1.2737505,-0.1513712,257.87405,294.5134,0.0023882315,9.3042945e-06,0.0019105851,0.0021494082,0.15139256,1.2244684,0.12868369,0.14382294,10.902544,10.902544,18.70139,0.09149123,0.13785069,0.24048573,0.18203875,0.100756265,1066.4698,254.69768,548.6431,1747.931,0.35053977,0.3187762,728.54083,196.52237,462.3541,1144.6622,1635.6741,633.5433,640.625,3203.125,3.2643425e-06,2.744297e-05,2.649253e-08,0.0003492146,18.675005,5.311241,21.812336,5.2793994,22.95163,4.840096,24.414898,4.117813,17.157766,3.714857,68.09042,8.531231,-182.83733,82.13288,-349.4823,-8.477462,-0.659171,8.587943,-0.46864316,4.399645,146.6907,20.47411,94.706085,184.56047,-0.11579359,2.9639127,-0.046784125,1.6771713,-68.752075,35.61492,-130.8117,3.9098651,0.474426,4.3518043,0.31847054,2.0709195,-8.164422,46.242695,-76.05096,76.85511,0.14079253,2.6005673,-0.014368168,1.3643051,-26.795841,14.769831,-57.707573,-1.2692473,0.16915281,1.5455685,0.048717853,0.9647984,-3.1012,12.614413,-23.64029,25.74929,0.019835671,1.322165,-0.00697259,0.7508233,25.789545,10.053841,1.4625342,46.372665,-0.13775367,1.5324916,-0.11163893,0.8999315,-25.267897,12.150846,-53.426254,7.019039,0.037207864,1.4519988,0.010117506,0.70332867,-2.3321085,9.368079,-23.559881,20.218014,-0.100794524,1.225517,-0.051760595,0.7127267,1.4305652,11.70401,-20.231483,30.342949,-0.122714475,1.1560072,-0.03457925,0.554858,-16.540075,10.013623,-39.711655,1.4540842,0.022191735,1.1961439,0.02797405,0.6877835,1.9983757,7.182,-14.503397,19.354218,-0.1094484,1.2955946,0.0051434045,0.7511524,-12.046454,7.6024623,-31.095737,5.7076325,-0.13730843,0.926187,0.048543718,0.5036648,-5.048773,6.514318,-26.094746,6.252642,-0.038613707,0.8761169,0.0031105848,0.469102,6.3550863,5.4694414,-7.829594,19.15291,-0.022263566,0.824964,-0.009736754,0.5364212,-6.8150325,8.70367,-28.824308,9.041178,-0.025064912,0.8792506,0.03488722,0.5047269,0.3378326,6.6930304,-15.746458,16.566742,-0.06731327,1.1584477,0.03278597,0.6884301,-5.4541774,6.4682837,-21.374676,12.1492,-0.120378494,1.1937572,0.06809595,0.75293094,-4.451715,5.519357,-15.96094,13.978002,-0.12544595,0.97356385,0.023100244,0.7208917,8.525532,9.538055,-10.963142,32.379402,-0.044918012,1.1358072,-0.020916129,1
161.27498,2.3479812,161.51483,153.33284,166.24757,12.914744,-1.2679267,2.988457,160.58458,162.45049,0.003535347,2.1921236e-05,0.0028282776,0.0031818124,0.10649186,0.8789644,0.09051808,0.10116726,22.183504,22.183504,15.755489,0.10334682,0.17523158,0.28242853,0.15038168,0.077426255,1048.5836,370.71072,501.21896,1731.3306,-0.002228255,-1.5063252,964.47656,161.92038,697.8988,1387.7252,2125.0674,856.2815,648.4375,3195.3125,0.00034705456,0.0026473498,3.5815475e-08,0.027589627,25.43987,3.4968183,24.35309,3.7253299,26.288914,3.9120162,24.147701,3.6601195,20.90012,4.3825026,72.60092,11.138525,-150.69566,38.133938,-227.44125,-58.66402,0.33841598,4.0380883,0.29973087,2.224721,155.88814,19.733242,107.55387,196.51303,-0.09169027,2.192752,-0.08082578,1.1709183,-60.532497,28.405151,-103.66029,-1.3632857,0.06478635,2.4240503,0.19691703,1.1662083,43.818287,14.777189,8.166909,71.27815,0.20709182,1.8284936,-0.19193052,0.86855084,-18.470175,14.883641,-44.441696,2.9215398,0.16123663,1.0678613,0.04516456,0.58862185,-11.190894,5.9400268,-28.295835,1.9643488,-0.031553242,1.1566399,0.17541948,0.72999847,35.468285,13.689954,8.305208,66.85339,-0.15459372,1.3186357,-0.15495344,0.7804985,-32.420902,7.4846015,-46.23246,-9.855097,0.1762792,0.8815838,0.056311928,0.47135305,-0.9426254,5.21582,-10.304388,15.376107,0.0993689,0.59349453,-0.010891364,0.40154234,10.709336,12.677207,-9.138502,31.344482,-0.19156823,0.8945223,-0.031671394,0.4325368,-16.56671,4.2841763,-29.834074,-4.420697,0.03844469,0.7306428,0.04761907,0.4767094,13.683071,3.7278192,4.8654757,23.035282,0.022972863,0.7201031,-0.07557101,0.4553888,-6.1414375,4.9900794,-18.517822,3.5119011,-0.073870756,0.5911803,0.069162376,0.39835724,-14.430268,10.762921,-33.251377,3.5429099,0.13536224,0.7991048,0.055146076,0.4199879,2.1155062,3.6010711,-6.594305,11.739709,0.029922223,0.6272096,-0.037220486,0.45039245,-6.237839,7.1275945,-20.936546,6.2184854,-0.07856622,0.6709903,0.050150864,0.39384934,3.2540104,3.896161,-4.471224,12.533499,-0.0051466096,0.47980413,-0.03229912,0.30151138,-4.8556447,2.9138367,-12.901436,1.3836665,-0.010447737,0.56952983,-0.010015726,0.36977813,-7.3494763,2.8188953,-13.720843,-0.02076888,0.03332532,0.5263062,0.021036658,0.37188217,3.9458942,4.6430984,-3.5396223,12.42841,-0.034957774,0.60611904,-0.031465303,1
174.59082,2.0139024,174.1101,168.17928,179.21193,11.032645,-0.575292,1.0768384,174.1101,176.13318,0.00065431197,3.7476884e-06,0.0005234496,0.0005888808,0.054573517,0.4615372,0.04638749,0.051844843,17.383,17.383,14.617003,0.19976516,0.23346119,0.43069166,0.1175218,0.11980259,1166.0306,76.29478,799.0365,1296.42,-0.9832529,2.4130883,743.5876,78.746506,585.02386,841.8448,1908.7144,405.35168,1156.25,2390.625,2.6582998e-06,3.0684158e-05,4.620568e-08,0.0003759168,23.942152,3.7684577,24.695919,4.184188,29.768875,3.6255682,29.505194,3.1669576,20.205208,2.300884,69.698296,6.6534715,-122.561584,39.236053,-201.29643,-59.231625,-0.6210157,3.308797,0.023516173,1.9332088,163.42723,12.480177,137.77481,225.3598,-0.3785921,1.9701447,0.2052957,1.2890507,-117.52265,14.577184,-142.21655,-55.75945,-0.08599693,1.9073404,0.216953,1.2317008,12.913276,19.568317,-26.591253,36.719574,-0.23226586,1.5666147,0.018515082,0.8678315,-35.125824,6.7555676,-54.768456,-24.341547,-0.036637653,0.9149001,0.041404374,0.51153743,-29.618013,4.062729,-41.56732,-20.222052,-0.026456684,0.59609145,0.034595795,0.541104,34.701748,6.075477,22.689785,49.64559,0.03484728,0.687564,0.012008823,0.4352829,-25.212622,8.204923,-38.51387,-5.2222366,0.0803851,0.90466374,0.019964596,0.69948447,-7.5413785,9.276054,-27.343815,11.681704,-0.12735489,0.76841366,-0.0624737,0.5470961,4.3280625,3.2063653,-6.161426,11.444988,0.0014241878,0.5767343,-0.029609859,0.4393496,-6.7279434,3.9019258,-18.573956,2.3037024,0.010183212,0.65376544,0.02319552,0.634985,13.197241,6.3545175,-0.9212229,24.335392,-0.09958254,0.45635062,-0.0059885387,0.37875903,-7.47686,4.3464103,-16.209244,4.9302197,0.06024901,0.653675,-0.005470567,0.4510631,-3.9913845,4.2199745,-12.110607,6.030388,-0.034556087,0.518121,-0.009591272,0.32899344,-11.267804,3.1696827,-20.95031,-1.1634648,-0.062327918,0.5515643,0.029167585,0.42201194,-22.527252,4.8647795,-37.321693,-10.3496685,0.09529229,0.44792262,0.017847765,0.39079824,8.993353,4.0483136,-3.9503965,17.03829,0.034878366,0.61358905,-0.045042045,0.41087762,0.7220168,2.8561034,-8.877762,6.6762486,0.0133369975,0.41562217,-0.013804257,0.31953552,0.9707945,4.2543087,-9.333464,13.748009,-0.031033698,0.51709294,-0.025478676,0.4439661,5.9523096,3.4841444,-2.497687,15.230206,-0.0675097,0.5038696,-0.008508439,1
190.39868,1.6646711,189.86842,185.53183,194.30638,8.774565,-0.2762815,0.4387791,189.86842,191.79802,0.0008523283,4.476545e-06,0.00068186264,0.0007670955,0.020049613,0.17242591,0.017042171,0.019047132,20.292063,20.292063,14.008122,0.14160182,0.16260457,0.37266168,0.03735861,0.106019035,964.73126,82.22678,727.99207,1220.9535,1.1196913,2.6924968,631.9897,80.36604,542.6143,919.6511,1157.2421,332.18765,953.125,2382.8125,3.2475907e-06,2.3520528e-05,3.341832e-08,0.00024242075,22.149145,4.7819133,23.077778,3.2111206,27.26468,3.7549362,31.08311,2.986848,13.773,2.2843473,67.863396,8.307231,-161.86551,18.909945,-201.46378,-104.37434,-0.5615624,3.396193,0.31023136,2.492128,177.47263,9.79266,158.29262,216.48488,-0.036183026,1.4616619,0.15865462,0.946949,-73.639824,11.782919,-103.3293,-30.00092,0.4838465,2.0141485,-0.056229774,1.1912018,-2.0691726,10.815777,-17.0152,39.137688,0.019354742,1.8570257,0.07345312,1.4511334,-52.761753,6.738569,-64.68349,-35.35486,-0.011609072,0.88685066,0.072369285,0.6743013,-26.97084,5.3326755,-36.216236,-8.062702,0.07415993,0.7657923,-0.014308971,0.4015652,32.648586,3.5097566,16.802376,40.060043,0.05573473,0.57678896,-0.038286734,0.36016437,-11.1423235,6.0456405,-30.46262,0.40719002,0.12184825,0.86309624,0.0064958646,0.52067065,10.118121,3.817267,-0.7956377,17.070164,-0.12092191,0.76956224,0.030898286,0.42229572,-4.592404,3.3628488,-12.3238945,4.6435804,-0.13688156,0.5028069,0.0038312844,0.31556454,-24.979864,3.4870615,-34.510975,-9.316397,0.11017062,0.6094387,0.02295934,0.42038643,4.542222,3.92789,-8.300474,14.905326,0.051222175,0.5307594,0.012363025,0.53300834,-10.689992,3.638901,-21.244535,-1.7487111,-0.009032499,0.65944695,0.029229285,0.49557197,4.5337706,2.8979301,-2.8876998,12.76292,-0.06758865,0.5522815,0.059350338,0.3989907,10.708182,4.045006,0.21009171,22.439764,-0.14522225,0.6405213,-0.0011847019,0.3881552,-13.824011,3.080059,-21.166924,-3.6850626,-0.05117275,0.3948622,0.01799633,0.348375,-1.4272512,4.893361,-13.772537,8.369989,-0.03993926,0.6301979,0.032745082,0.36076644,-8.296666,3.599484,-24.093313,-1.4597003,-0.033684254,0.6850637,-0.027465552,0.40126464,-2.935193,2.7609606,-11.17387,4.862171,0.049919214,0.47899842,-0.0014468186,0.34774175,9.827674,3.1598897,0.72117597,19.145542,0.0434622,0.59716725,0.011357851,1
159.20377,2.038752,159.65968,149.8307,163.39154,13.560838,-1.3500926,5.004865,158.74011,160.58458,0.0006737158,4.2317834e-06,0.0005389726,0.0006063442,0.07834532,0.65515715,0.06659352,0.07442805,10.506583,10.506583,14.774884,0.052613888,0.10392196,0.21252654,0.08325231,0.0846514,821.92773,55.37457,757.26855,1073.282,1.7082759,3.576291,577.5429,52.131454,494.30914,908.53986,1143.6244,56.184135,1070.3125,1515.625,8.005676e-06,7.785254e-05,5.915412e-08,0.00082678196,26.140127,3.5203996,24.78863,3.9043975,25.987482,3.7041237,26.686684,3.468254,17.92746,2.0373898,66.385124,7.6340504,-198.78767,39.767002,-268.6635,-90.22771,-0.75938267,4.2273984,0.056042332,1.9386489,201.53471,15.329984,162.20688,256.65695,-0.53122455,1.9508543,-0.18985662,1.1314589,-68.501945,14.61591,-108.262634,-46.70628,0.44697362,1.4317454,0.026792983,0.72718614,-11.552137,14.398092,-38.154236,24.168734,0.12091339,1.2236267,0.020793337,0.69433343,-37.590935,4.454539,-49.3547,-24.050972,0.03713729,0.6965497,0.047838178,0.4931816,-17.326334,4.640281,-28.044647,-1.6389325,0.09767276,0.72954404,0.037453573,0.44444382,20.326548,4.324432,2.0907083,32.86434,-0.06940334,0.56475204,-0.115903005,0.57884234,-22.458805,5.819818,-32.634747,-11.821011,-0.015242134,0.69051075,-0.00677536,0.38654837,-0.3997214,4.1806707,-12.362275,12.395319,-0.105531946,0.5881328,0.0065469146,0.5395536,-5.3233943,3.4514773,-12.95977,4.2223434,-0.045394175,0.5467333,-0.029116899,0.3925424,-13.854479,3.5423882,-22.123465,1.0934823,-0.02605669,0.63314825,0.04776523,0.45956326,11.168422,4.8202167,2.0310397,27.420887,-0.14800315,0.7279279,0.020922659,0.40636414,-15.185557,2.9652839,-22.071543,-8.584555,0.0040032524,0.5137809,-0.01567317,0.34007928,-12.272521,3.5900595,-20.163261,-3.9529667,-0.0006898365,0.6087534,-0.029507037,0.43827787,-5.5836453,3.054509,-15.109432,3.1858478,-0.04972154,0.48887777,-0.0075492137,0.43235314,-16.669064,2.8978622,-24.345924,-7.225726,0.024213579,0.5282309,0.05082531,0.4373555,5.049397,4.2206445,-5.4549317,13.706119,-0.06066844,0.57090586,0.0089249145,0.35503796,-2.4580128,2.8363123,-9.334003,4.8133526,-0.06303487,0.5617707,-0.006076365,0.30539495,-6.6602097,4.2968464,-15.96112,3.0969653,-0.07410448,0.5994833,-0.0068153613,0.39827636,2.1445885,3.2597942,-8.390305,10.321749,-0.044367008,0.64482236,-0.053394113,1
142.38783,1.9918367,142.2406,132.71518,145.56532,12.850144,-2.4772418,9.711116,141.42136,143.06459,0.0005175416,3.6347317e-06,0.00041403327,0.00046578742,0.05299442,0.44852138,0.045045257,0.050344698,10.135906,10.135906,15.577048,0.052949145,0.09256858,0.22039278,0.058397938,0.08604911,873.99304,45.232773,721.951,988.62994,-0.5878098,2.332376,638.2193,54.676426,555.6463,985.7899,1246.9866,61.150227,1132.8125,1414.0625,3.073588e-05,0.00023394494,7.1580125e-08,0.0019681226,24.48233,4.27971,22.949781,4.3773,25.188093,3.4742079,25.083666,2.7378368,17.689095,2.1708753,67.49377,10.909506,-178.18925,27.934788,-221.75941,-78.122086,-1.4099317,4.086175,0.22593763,1.6708739,190.58305,17.1005,159.97272,251.68253,-1.0492891,2.176999,-0.05615166,0.6009043,-67.98893,9.592177,-83.70146,-35.91736,0.30874315,2.1491969,0.1475036,1.1153,-4.5321174,6.175049,-16.56394,11.038113,-0.17715661,1.2053041,0.068772405,0.8225858,-37.26921,10.158624,-58.742104,-13.542803,-0.00085897744,1.4957261,0.15328552,0.788292,-18.630264,4.5591774,-27.206234,-2.4405255,0.008992072,0.9759713,0.13856527,0.5173522,16.293877,7.7626467,-1.0169817,30.268417,-0.29333875,0.98810834,-0.043155532,0.4408724,-38.332928,5.077538,-48.148327,-16.852034,0.05641185,0.74152243,0.17287818,0.5230263,-3.271364,4.160664,-16.182697,5.295682,-0.103220895,0.59870434,0.057127345,0.47683915,14.235042,4.211872,5.320094,26.172985,0.021188503,0.68512845,-0.024736619,0.47844303,-3.5230966,6.377425,-17.184021,13.141783,0.25384638,0.6751245,0.16454244,0.60799885,10.735927,3.6802995,0.66743326,17.324501,0.008500996,0.6495898,0.06693544,0.5920036,-14.604283,5.254846,-24.34652,-3.5554976,0.16119553,0.8438524,0.02334224,0.36868152,-15.666426,2.947853,-24.960396,-8.911105,0.07723582,0.44124877,-0.028256495,0.38537276,-4.6675234,4.495812,-15.8020525,8.774282,-0.07218351,0.76872903,-0.109356984,0.65928495,-10.800217,4.155938,-23.924042,-2.1966062,0.18863796,0.41951102,0.07110165,0.40634212,5.2815194,3.6953337,-5.541122,12.174231,0.0859535,0.6654944,0.0733619,0.4690767,-6.8820543,4.044599,-16.682854,2.9451468,0.019738685,0.6287385,-0.013802104,0.38502508,-10.839125,3.1624706,-17.837234,-3.776432,0.057340607,0.70674884,-0.011271872,0.44810185,3.9410465,3.161791,-4.4036307,10.224734,-0.10402341,0.473634,-0.09068135,1
294.81284,5.2026052,296.2195,276.38257,304.8994,28.516829,-0.71118206,0.8880737,291.13065,297.9355,0.00042969495,1.4575179e-06,0.00034375596,0.00038672547,0.017101664,0.1472873,0.014536414,0.016246581,16.332434,16.332434,14.133001,0.14124148,0.1658769,0.37357447,0.031943724,0.13910097,1552.2129,66.69781,1368.1981,1698.2916,0.034416147,-0.5018734,917.62146,33.391186,856.46515,1211.325,2692.8662,73.99639,2484.375,2882.8125,8.0978636e-05,0.0008835011,8.946713e-08,0.011852761,11.87225,3.094076,25.608059,3.5685728,27.269253,3.364664,27.084518,2.2825038,21.395033,1.7910229,76.34307,8.134591,-112.08662,15.533519,-142.07945,-15.713084,-0.5045564,1.8794428,0.18225934,1.0822362,137.92163,6.6140428,90.89342,165.21133,0.06749159,1.0594348,-0.04937683,0.923434,-143.39313,7.10509,-168.59161,-91.39013,-0.034451023,1.1084946,0.1607212,0.9344681,32.375774,6.1730514,-14.737175,44.346184,0.11470672,0.9492206,-0.08549755,0.71920216,-29.585598,4.708062,-41.006363,-17.126661,0.07150279,0.49983293,0.011030839,0.33788624,-47.89731,4.6459475,-60.583252,-37.628845,0.0054806075,0.69905,0.03000265,0.5124427,19.810246,6.006552,-11.252237,36.21909,0.0139160855,0.74752665,-0.091156825,0.707839,-37.22872,4.0066714,-47.796318,-14.599535,-0.07036818,0.6529643,0.018470947,0.43592852,2.6144316,4.056404,-7.5053787,12.768068,0.014206385,0.52155334,-0.01907064,0.37538597,12.546127,3.676157,1.5901693,22.947805,-0.029082468,0.5848384,0.009142132,0.36609057,-26.815784,4.6637855,-33.678547,6.631729,-0.11888988,0.95376354,0.051171996,0.4336405,-1.2893413,3.797569,-21.178303,7.2686157,0.022557672,0.60022086,-0.058586273,0.38361856,-16.372732,3.00196,-28.495638,-9.086803,0.048047986,0.5235713,0.011317782,0.33448064,-3.9241414,2.718364,-12.2204895,2.2757604,0.0020999885,0.40822303,0.028464539,0.36918578,8.889857,4.149891,-2.2036033,18.386517,0.018962678,0.65164346,-0.030658752,0.40251818,-18.803595,4.929627,-29.322945,1.9749924,-0.04303436,0.46688223,0.029754888,0.46315795,-1.0445307,3.629398,-9.456777,7.734104,-0.039974924,0.52447605,-0.0011014855,0.43981943,-8.423594,3.2789624,-16.571695,0.4440092,0.043136172,0.5132344,-0.010945597,0.44001397,-10.251594,5.20488,-24.475048,5.0405946,0.064238854,0.67153984,0.024760647,0.4282312,19.1902,7.8166037,-4.665218,34.119217,0.08402861,0.81274456,-0.0073393127,1
160.01881,1.7309527,159.65968,156.01305,166.24757,10.234534,0.48979127,1.020637,158.74011,160.58458,0.0003187,1.9916408e-06,0.00025496,0.00028683,0.11603492,0.95355564,0.09862968,0.11023317,15.306795,15.306795,13.64554,0.03265669,0.07629268,0.15540247,0.09016056,0.10573867,1248.9371,39.803627,1112.5233,1339.6482,-0.8996439,1.4670657,779.0922,46.30151,609.07544,1027.2711,2066.2363,301.7137,1312.5,2562.5,2.0010575e-05,0.00022322989,5.9651974e-08,0.0028257687,18.56956,3.2484615,21.704605,3.4905486,27.087524,4.503975,29.386644,2.385343,21.1149,2.3172762,72.66753,7.3883376,-217.57274,35.924423,-283.59595,-74.275604,-0.74415016,3.9917364,0.30582148,1.8350089,132.34953,14.550083,103.82058,192.34134,-0.3340514,1.4869102,0.089010656,0.69077545,-100.66643,12.498667,-141.08565,-75.4637,0.2836648,1.3938541,-0.036100168,0.68528795,-8.372128,5.699308,-22.464508,8.8793125,-0.095255405,1.1206594,0.040609907,0.63258517,-43.77815,4.225547,-56.712868,-33.360664,0.07520716,0.59541386,0.034148913,0.42187902,-11.483448,3.1167367,-21.999004,2.9768581,0.0826832,0.6223537,0.0021470585,0.36855525,42.47799,4.531982,17.980587,56.933723,-0.12990299,0.5980631,-0.052477036,0.4742995,-22.272243,4.266151,-30.572641,-12.449604,0.042359203,0.6522745,0.025448535,0.41824383,-3.4619627,3.404204,-11.876427,9.489099,-0.024344087,0.53351873,0.057978667,0.4580345,8.378313,2.567175,-2.195136,14.254236,0.05182447,0.411959,-0.009028245,0.33645493,-8.578119,3.8128464,-29.683075,-0.9829619,0.13791353,0.6164667,-0.030953735,0.34367093,2.1017323,3.0833852,-5.765703,11.109474,-0.02358922,0.46090093,-0.02518189,0.39510614,-16.881447,3.237251,-24.280277,-7.8573656,0.010541143,0.5888971,-0.006177772,0.40259692,-4.727006,2.3583853,-10.655476,1.5752735,-0.029943546,0.35642478,0.0068713124,0.3039425,1.9257841,2.5992248,-3.4626799,11.284195,-0.05805651,0.43159604,0.015533041,0.3159308,0.25540322,2.8933015,-7.7006416,11.863718,0.021519931,0.44550842,0.024134392,0.35287735,19.289272,2.904234,11.77293,27.909641,-0.04123901,0.44339547,0.0018893788,0.3516961,-8.912703,2.6981199,-15.127393,-1.9122741,-0.004127771,0.43045938,-0.00091129227,0.3227433,-9.906867,2.9448256,-15.945538,0.91851515,0.03202229,0.44849277,-0.02081801,0.33520126,2.2705374,2.340933,-3.508043,8.099118,-0.01937295,0.32693824,-0.017402811,1
197.84792,14.301491,195.43199,189.86842,287.7867,97.91829,5.18868,29.403269,193.18727,197.7028,0.002937364,1.4846575e-05,0.0023498912,0.0026436276,0.07481324,0.62666017,0.06359126,0.07107258,10.090283,10.090283,16.734928,0.05712372,0.114126354,0.22241516,0.083197996,0.12176084,1066.0006,313.12317,830.95056,1997.2705,1.9454246,2.503381,715.5855,119.75876,572.419,1141.0098,1582.0863,598.3391,1203.125,2976.5625,7.393919e-06,3.0637493e-05,7.30433e-08,0.00023695447,23.671764,6.834783,21.17705,6.808281,20.515041,4.736747,22.619122,5.0517592,18.389397,2.3238237,67.211235,9.729497,-166.22546,40.15359,-363.74512,-117.59892,0.072545834,8.406964,-0.052060317,6.3412585,194.16928,32.208714,93.65678,236.82678,0.42324963,4.4993205,0.22388491,3.1583025,-92.92633,25.120901,-166.92413,-33.093037,0.2548785,5.407406,0.425237,2.901288,3.248165,20.32711,-37.835976,66.44522,-0.910086,3.181068,-0.120801695,1.9791862,-27.829367,7.9739876,-48.8628,-8.8790865,-0.1822401,1.3608509,0.004172711,1.1499317,-6.630117,15.997581,-59.46681,14.895153,0.9693017,1.9428449,0.13728571,0.9070548,37.072643,7.320112,16.835464,47.38614,0.2685491,0.9449962,-0.07383753,0.71494865,-32.369217,8.3642025,-44.443726,-4.22976,-0.13937132,1.5687222,0.025376024,1.0509511,-5.913967,10.010789,-22.30923,30.660347,0.29635072,2.2817452,-0.12729652,0.7825794,2.6905053,6.4236054,-16.595528,19.433178,0.35831028,1.7804888,-0.10267676,0.74475175,-20.004316,3.7385144,-27.905794,-9.698511,-0.09309666,0.76754886,-0.025464928,0.6210751,9.31254,7.087532,-3.3724957,31.507454,-0.29742497,1.0235118,-0.16300645,0.66941214,-11.363817,6.2334085,-21.515297,7.4960127,-0.11306043,1.0133458,0.005537695,0.5691258,-18.225319,6.472637,-29.620234,-0.8460468,-0.14664544,0.91234136,0.044354122,0.5862438,-1.4806856,5.5291367,-12.01663,17.138893,-0.15132232,0.7169304,-0.11520156,0.63929915,-5.270354,3.8331537,-13.46591,1.7126671,0.08073143,0.586086,-0.06885256,0.51236165,0.72701555,4.199096,-12.2668295,7.832225,0.10504557,0.7315161,0.031335842,0.5101336,-10.910812,4.0867777,-16.547081,4.5062313,-0.078331925,0.7589184,0.093927145,0.6389486,-8.311354,5.9121346,-16.701078,13.727607,-0.27716216,0.7093811,0.08218537,0.4413943,0.22085704,6.898781,-9.300081,24.787048,-0.22719085,0.7435207,0.113701515,1
185.98636,13.284436,186.6066,101.74797,197.7028,95.954834,-4.8369517,29.199438,181.29427,193.18727,0.00077355624,4.1592093e-06,0.000618845,0.0006962006,0.11502004,0.94565344,0.09776703,0.10926904,11.890768,11.890768,14.723387,0.03617818,0.07575154,0.1639456,0.09428515,0.056649927,783.616,60.617107,665.1946,1096.4218,1.5303978,6.4192076,708.02905,68.39168,593.2031,1052.6553,1187.8721,131.3951,906.25,1906.25,2.7743085e-05,0.00021071295,6.791846e-08,0.0021164059,24.712381,5.096208,21.940245,3.7499022,23.726192,3.568504,23.503399,3.5540042,15.014095,2.369146,67.39871,9.117555,-211.57832,40.574024,-291.64517,-79.0054,-1.5894233,5.5484195,0.60715085,3.2453165,187.98727,19.502596,149.00763,231.16373,-0.6532292,2.750525,0.055535685,1.375754,-44.93711,13.943042,-104.51642,-13.056601,0.7249858,1.8692352,-0.18013968,1.1984152,10.299528,7.454003,-16.79552,23.473988,-0.09586451,1.329792,0.11883049,0.9294257,-28.66975,7.0330687,-42.775215,-8.470356,0.0713086,1.1204755,-0.032615777,0.68726367,-11.063401,4.5302243,-20.73534,2.6500926,0.07942555,0.80806905,-0.05695675,0.60588264,30.443775,6.7422543,15.445646,44.795662,-0.19153197,0.93549275,-7.635e-05,0.76451117,-13.997951,4.1801925,-24.874413,-1.5406952,0.10772321,0.61294365,0.06612005,0.5436623,5.701057,5.4508057,-11.076914,18.639027,-0.13731581,0.7374124,0.07676481,0.6301553,2.650064,4.190498,-4.9566994,13.47265,0.0055731162,0.708838,-0.043146208,0.5808898,-14.643373,4.7470174,-30.03854,-2.933004,0.19679172,0.7356778,-0.03634135,0.44331703,1.740141,4.956247,-11.792532,14.476893,-0.050859798,1.0368127,0.0027403594,0.743725,-21.916134,5.3770013,-36.337807,-10.13753,0.06580993,0.6565162,-0.017069561,0.36701983,-14.688048,5.577636,-30.290382,-1.8493916,-0.0672001,1.0124831,-0.00028868913,0.7365604,0.7116092,3.8897831,-7.3051443,11.862444,-0.13931783,0.7378295,-0.022676455,0.5133212,-7.1084676,3.0947232,-14.565336,-1.3654654,0.060541276,0.46929255,-0.015890364,0.30913198,7.0159144,4.96205,-4.1902237,19.756943,-0.037192408,0.9467291,-0.033732086,0.5504202,-3.7472897,3.1039724,-11.476362,2.7698946,0.017072333,0.6134612,-0.058153573,0.41260043,-10.044366,3.1590693,-16.377243,-0.8847574,0.012680475,0.4545432,0.014384648,0.2698945,-1.9826194,3.7779932,-14.083208,7.25578,-0.07991021,0.616248,0.0011997831,1
202.00533,3.5077734,201.15858,195.43199,210.67221,15.240213,0.6972093,0.010233154,200.0,203.49594,0.0015075504,7.4629233e-06,0.0012060403,0.0013567953,0.16231334,1.3064644,0.13796633,0.15419768,6.125614,6.125614,16.155703,0.024033198,0.08021747,0.11860722,0.09625768,0.11059888,1160.8303,175.00102,912.5013,1580.569,0.7376258,-0.153934,816.80536,168.1546,617.4928,1216.3759,1933.543,650.7573,1218.75,3234.375,2.1031652e-05,0.00014570644,8.046835e-08,0.0012809332,19.310194,5.0825305,25.345352,3.9990966,26.294004,3.6761825,27.401268,4.1065855,22.87999,2.8780162,67.91595,10.098701,-272.0644,101.20935,-444.9805,-77.29429,-0.3557118,12.401114,0.28700513,5.3171086,138.76811,42.10175,63.60598,217.86594,-0.4419967,5.7329774,0.015707634,2.628038,-74.76685,39.849037,-153.10107,-9.641079,0.42256957,4.114319,0.107546896,1.9944123,-3.3365896,11.526656,-25.600752,30.334082,0.079679884,1.7895297,-0.23138666,1.2135364,-27.027195,8.603641,-47.991795,-10.735611,-0.14139386,1.2809095,-0.09723178,0.9071357,-5.354121,6.83702,-19.870678,7.484611,-0.10260868,0.8280163,0.11406767,0.46535522,24.581085,7.7002945,-4.033039,39.352573,-0.31586957,1.4237533,-0.09518004,1.0635904,-26.032812,7.35709,-38.368996,-2.4715662,0.05079863,1.3132595,0.1309217,0.9686266,7.3876824,6.146313,-3.4313521,26.48777,0.2221053,1.0020918,0.107440256,0.6381966,6.5178843,5.872755,-5.5845284,24.21368,0.26069698,1.2829752,0.055612333,0.70120096,-22.682121,4.605881,-31.472582,-5.0297775,0.13442963,0.8165815,0.17321508,0.66232103,6.694859,4.8758736,-2.6240897,17.563023,-0.04645961,0.82985955,-0.05666414,0.60898525,-10.190066,3.9281795,-23.822948,1.8325112,0.120897666,0.8081915,-0.071216896,0.40731514,-14.664692,3.652379,-22.66738,-5.641079,0.078371204,0.642309,0.035872087,0.44724187,3.472421,2.7678375,-3.1617794,10.572891,0.037914265,0.42764354,-0.06982473,0.3630022,-14.811756,5.301213,-28.571415,-5.848539,-0.0038388674,0.872681,0.032148004,0.58911777,-9.61582,4.021883,-19.550514,2.89191,-0.15088587,0.77846116,0.08804646,0.50384885,-2.4281082,4.973753,-13.331297,7.986469,0.011365835,0.7572775,-0.036673594,0.35629934,-8.66509,3.2662072,-22.504951,-0.58394355,-0.11642975,0.42894053,-0.011313042,0.42462534,-4.6491137,4.583548,-14.226633,7.8569784,-0.13794367,0.8271228,0.06322357,1
105.89476,2.187059,105.94631,101.16194,110.31788,9.155938,-0.034426384,-0.6707645,104.12621,107.79822,0.0009578763,9.04555e-06,0.00076630106,0.0008620887,0.093879886,0.7793927,0.0797979,0.08918589,8.625604,8.625604,14.498749,0.03968867,0.075492,0.17745724,0.08329833,0.08751332,1018.89087,97.597145,825.0816,1200.6841,0.15584074,-1.0152975,776.94666,82.90685,607.2191,1082.9423,1791.9034,411.43805,1218.75,2492.1875,9.965037e-05,0.0005096511,1.4374966e-07,0.0037889278,16.947552,3.7136948,20.307518,3.648375,23.662924,4.13081,23.406425,3.505193,17.21516,2.6103208,68.68142,14.1647,-177.50032,67.232315,-329.94818,-49.09586,-0.87098,9.374563,0.44869575,3.53674,189.97331,23.411882,134.84206,232.3997,0.5461421,3.575311,-0.5168876,1.7740859,-84.006775,23.516571,-118.417496,-32.782852,0.11759634,3.2183695,0.57498956,1.7373549,16.473204,12.711038,-12.549635,35.750473,0.09421558,1.9150281,-0.12806027,0.97230434,-28.015797,6.617471,-39.891594,-14.0427065,0.11761038,1.018618,-0.08481076,0.47205707,-34.767155,8.460502,-54.935905,-10.108764,0.13542522,1.3399476,0.18672481,0.7467252,21.134556,11.12184,-3.3768368,38.53018,-0.1647169,1.3712187,-0.1854802,0.8081091,-34.04485,6.2716584,-46.370346,-21.465406,-0.058644425,1.1035625,0.17435753,0.65372044,-17.122679,6.9714155,-30.994986,1.1905975,0.17490043,1.2771595,0.07475708,0.9391097,13.149499,5.3645287,-0.24421287,24.491312,-0.10064568,1.0665207,0.02028992,0.72422945,4.354662,5.4994793,-5.6899834,15.642551,0.09607252,0.58911335,0.14904198,0.5496858,19.457035,6.015324,-1.7002721,28.50019,0.2689835,1.3202572,-0.1075301,0.41890752,-5.004715,4.0143304,-13.960414,4.854102,-0.076183856,0.699264,0.042732373,0.44280785,-16.272484,4.0688972,-24.74176,-5.3187833,0.014443086,0.6571275,0.04858801,0.38978884,-9.53897,4.002677,-20.33899,-1.9952571,0.14684881,0.920643,-0.09634313,0.51692057,-17.225628,4.4889674,-24.161125,-4.6459017,-0.11178932,0.958863,0.039189797,0.3692265,2.5478423,5.3685226,-10.52024,11.028902,-0.05627021,0.73253345,0.012371692,0.49596477,-0.38637692,3.5055945,-7.4282303,8.240199,0.083036445,0.76150537,0.07488613,0.519379,-11.00926,3.9509954,-17.38928,1.80071,-0.04239198,0.7169977,0.016152507,0.29744458,6.425468,4.9942694,-3.7046628,17.297144,-0.037381485,0.75680226,-0.14435086,1
136.72777,3.3529644,136.60402,125.9921,146.40857,20.416464,-0.34389353,1.3970206,135.03499,138.19128,0.0010877046,7.9552565e-06,0.0008701636,0.0009789341,0.030705977,0.26269588,0.02610008,0.029170679,12.123903,12.123903,14.332638,0.07872241,0.11969316,0.2762267,0.04240905,0.07105755,892.75446,97.10531,595.2422,1365.6196,1.203461,7.018661,773.9384,54.971924,668.2582,924.10095,1356.9504,236.17398,1093.75,2664.0625,4.946173e-06,4.297518e-05,9.1305076e-08,0.0004612566,25.086386,4.9165974,21.746355,3.6210175,19.47803,3.2881577,23.257816,3.1586473,17.745335,2.3356493,70.13061,8.0110235,-128.32773,16.276772,-192.3422,-81.193405,-0.45295766,2.9965243,-0.27038613,2.0287485,217.20596,8.917721,153.33685,231.5807,0.1336092,1.5583259,-0.32579482,1.2922834,-74.73933,12.382938,-114.14192,-22.784792,0.6996048,2.4964595,-0.07274378,1.1164774,19.504715,9.3255,-27.113136,43.951096,0.26666224,0.99270654,-0.054597963,0.890097,-32.842667,8.2472925,-61.794807,-4.224377,0.44371235,1.410328,0.053927414,0.60893667,-4.064634,6.0050125,-26.691498,10.389828,0.17619367,0.9619326,0.12440972,0.6781115,50.98447,9.2114525,16.506435,67.62343,-0.12913929,1.1786525,-0.055786,0.59410805,-29.333431,5.074162,-45.43474,-19.507675,0.17463595,1.1215014,-0.04672248,0.5503049,-6.855433,5.17779,-17.113539,10.234242,-0.17624027,0.8906725,-0.042894743,0.6164271,5.1710835,5.205537,-11.361727,22.945293,-0.1425343,1.0529053,-0.074809834,0.7368302,-12.87902,5.2608447,-23.458988,0.4475322,0.17955224,0.91266435,-0.0130009875,0.4658263,10.260729,4.3795786,2.3256469,27.642359,-0.121928744,0.8431766,0.05617903,0.4746732,-12.129953,4.222866,-22.322472,3.8095326,-0.09284149,0.81672543,0.033000898,0.47377446,-8.246726,3.5233188,-16.650043,1.31253,0.019136328,0.56144285,-0.027621146,0.38309836,-4.428621,3.7295692,-11.7994795,9.160881,-0.09352763,0.54353946,0.061299797,0.40103427,-14.484749,3.8277993,-23.407875,3.2111363,-0.028133368,0.7160918,0.084847294,0.47926798,4.970505,4.0592856,-4.8608913,15.539145,-0.062199444,0.62123096,-0.0038996637,0.38017765,-12.371976,3.9384146,-21.971773,-2.3902898,-0.06321059,0.6249344,0.044583455,0.41698137,-5.9578886,3.1108499,-14.618731,0.90210915,-0.004569297,0.40279266,0.01840462,0.36111844,10.332006,4.3044024,-3.9931695,20.433432,-0.024420816,0.718426,-0.03194838,1
224.77682,8.63447,225.79288,149.8307,232.40912,82.57841,-7.7145634,66.97229,224.49242,227.10089,0.000931622,4.1446533e-06,0.0007452976,0.00083845976,0.0474115,0.40234676,0.040299777,0.045040928,11.786175,11.786175,15.314476,0.05503315,0.097297676,0.22636892,0.053662457,0.13132495,1171.7909,109.16661,1046.0902,1512.055,1.5551786,1.818479,664.32513,77.11143,551.6001,899.82513,1588.8445,364.65652,1343.75,2882.8125,1.831229e-05,0.00014491567,5.0493757e-08,0.0013368176,12.31675,3.8197534,21.470186,3.9928386,26.120344,4.430579,26.717642,3.252416,20.904776,2.6553988,66.6083,9.226949,-184.10385,33.201225,-240.05261,-88.12453,-1.171957,5.9428835,0.4589684,3.8561578,162.08398,17.067648,131.17752,226.67188,-0.8230711,3.7090604,0.12758955,2.0483572,-114.69863,13.419545,-149.70514,-65.03987,0.5124323,2.4377918,0.21248303,1.0662824,-9.805558,12.417859,-26.355728,22.222878,-0.10937822,1.9843674,0.062725715,1.0485443,-29.2607,6.247707,-41.258354,-11.290894,-0.02398634,1.0910606,0.031159637,0.8748431,-13.072568,7.9448786,-35.579445,10.825009,0.14360413,1.6540124,0.13468134,0.75534606,30.858124,4.6088176,11.454374,45.382988,-0.14122689,0.79070807,-0.018328104,0.5909132,-29.703571,4.6682463,-39.721596,-17.053404,0.23044427,0.897904,0.036748134,0.62999594,-3.4873984,7.40867,-17.423191,19.83648,-0.0010410824,1.281007,-0.03751083,1.0557742,9.631149,5.4532704,-0.6772442,20.680895,-0.055872988,1.0048246,-0.051252294,0.5259668,-13.740264,4.2757053,-22.105728,4.3242397,0.21577059,0.86001235,0.059331607,0.33875594,6.998686,4.281816,-4.1251764,14.605242,0.10187824,0.61272913,0.015627772,0.50928956,-11.367313,4.8368554,-23.042902,0.44114184,0.16264102,0.96571493,0.06726426,0.5668907,-11.497308,4.236344,-22.689327,0.45743328,0.03627852,0.75412226,0.030980265,0.4453693,8.582074,3.292172,-0.64854395,17.639587,-0.067909405,0.6407691,-0.11413906,0.4992346,-1.7191343,3.4809842,-11.664288,5.522909,0.042068202,0.6639471,-0.044155475,0.51655805,-4.3669615,4.0019093,-12.228889,5.414772,-0.117175676,0.77625823,0.04308653,0.5417459,-11.016845,3.7010155,-19.851597,-1.2965217,-0.10622429,0.71071994,0.08150348,0.54961735,-3.1021745,3.2367556,-8.34179,5.627635,-0.039672248,0.45694044,0.088118665,0.4957208,6.4547267,4.1959615,-3.3982515,15.977539,-0.033754744,0.5725099,0.0110357255,1
206.2415,10.232079,205.86044,193.18727,262.38162,69.19436,4.344958,22.121338,203.49594,207.05298,0.0017724133,8.593873e-06,0.0014179306,0.001595172,0.05556745,0.4697198,0.047232334,0.052789077,11.169921,11.169921,14.842474,0.037280306,0.0773484,0.18434492,0.051217888,0.093902014,1077.2644,190.93576,804.116,1602.9126,1.6128848,1.3359628,711.572,83.40578,565.07007,1129.9147,1695.2388,348.91476,1304.6875,2656.25,2.7615146e-05,0.00023762594,1.0695812e-07,0.0024180247,17.554613,4.7209873,25.549404,3.4958737,25.03051,3.484449,24.694057,2.6885877,22.328075,2.842471,65.73928,8.588336,-184.7324,24.776897,-244.92389,-85.47555,-1.1510382,4.374202,0.21876658,2.1523733,179.43109,18.824087,133.82077,249.75098,-0.8188427,3.175916,-0.022371506,1.1446805,-107.09836,17.16791,-152.97882,-42.324364,0.33726948,2.0733106,0.23063011,1.2902104,9.138107,13.201206,-17.001194,49.219448,0.10393303,1.8163142,0.27801657,1.2111231,-9.160094,8.892965,-29.05523,16.1804,0.16493453,1.2021587,-0.027824352,0.4088583,-17.294912,8.644749,-44.986893,2.9884934,0.13849822,1.0285858,-0.032883942,0.69267327,21.961657,4.151674,9.718616,28.105179,-0.056711327,0.6573703,0.022848448,0.51191497,-23.174496,6.6067095,-39.311203,0.14142025,0.1955091,1.0131909,0.05954437,0.7075042,0.8745293,5.693624,-10.137846,21.921154,0.060254376,1.0149032,0.024944827,0.6495119,5.4877186,4.7628937,-6.8202677,21.636463,0.078619204,0.78813887,-0.006591952,0.64902943,-21.435568,5.903532,-32.99996,-9.096688,0.077672556,0.7376342,-0.05204,0.45876116,-1.780555,5.2374754,-11.14519,22.324814,-0.06554413,1.0410738,-0.051896673,0.6601124,-8.243711,5.3816967,-18.27621,7.061062,0.14143953,0.68549395,0.04973015,0.49414456,-7.5691967,3.947506,-19.82756,0.14945924,0.004298593,0.5457209,-0.023904635,0.410446,-6.431895,4.3791757,-17.369228,3.2584167,-0.097118,0.46583304,-0.06315462,0.3890659,-15.994281,5.402142,-23.352966,0.6539984,0.0073692305,0.60266703,0.047891364,0.40219608,-4.910722,4.2378306,-14.627041,13.707804,-0.07973632,0.77937937,0.020902654,0.49009007,-9.315158,3.7073503,-19.36206,-2.7930923,0.035358578,0.5066956,0.02028011,0.3768569,-1.5341787,3.0998394,-7.735985,5.9362993,-0.012637405,0.5100149,0.02497631,0.35959542,0.49456304,4.7573104,-8.543758,9.373303,-0.11878543,0.59523034,-0.024079574,1
202.7634,1.8555814,202.32388,200.0,207.05298,7.0529847,0.18293385,-0.62015486,201.15858,203.49594,0.00072281493,3.5648195e-06,0.00057825196,0.0006505334,0.05218632,0.44185305,0.044358373,0.049577005,15.406033,15.406033,13.989738,0.057759777,0.09632986,0.23123638,0.060336884,0.09472142,1191.4021,86.11632,1017.45715,1479.5278,0.60703945,0.6634269,938.6315,112.72673,727.83777,1182.1816,2224.5889,344.98688,1460.9375,2828.125,3.469641e-05,0.00027602873,1.1229178e-07,0.0026569967,14.257075,4.1718287,23.0492,3.5873518,24.791498,4.152394,25.197182,3.9153686,20.740429,2.2735362,73.88075,9.063911,-148.41591,39.962116,-218.23393,-53.425156,-0.75774217,5.3992925,0.27827266,3.3558083,172.3928,16.67338,142.50937,213.59415,-0.41832325,2.4805133,0.080688626,1.2495273,-92.77839,12.76499,-130.00468,-63.401,0.6606804,1.9347237,0.018957753,1.2071579,28.044271,18.490713,-5.108631,57.196297,0.0500524,1.7495031,-0.108436055,0.94740164,-33.09451,6.153387,-46.549385,-12.006411,-0.25920126,1.2560686,0.069920935,0.63171625,-17.670849,4.877051,-27.98857,-0.015138388,0.02082847,0.7596114,0.087674275,0.6815914,24.315712,5.8610253,12.033459,41.269875,-0.13438866,0.9270708,-0.08801904,0.88547754,-33.825775,8.941165,-49.04043,-14.65888,0.06245291,1.0684996,0.086970724,0.7084038,10.608888,6.278843,-2.7432284,28.537273,-0.04398668,1.0540241,-0.03622231,0.55972564,9.097452,6.2396107,-6.865948,22.491089,-0.076667935,0.96690553,-0.050593346,0.6231642,-4.143589,4.5197296,-16.961317,5.2462626,0.1504151,0.7063377,0.02229275,0.5208877,8.723244,7.347382,-10.410912,27.548344,-0.032506954,1.0948044,-0.07986722,0.7629997,-25.063736,3.85965,-32.87597,-15.027822,-0.030232018,0.6133351,-0.006042464,0.522597,0.96901405,6.2018585,-13.570637,14.020708,-0.012685021,0.9196467,0.0034629107,0.5506902,-3.5586073,3.9781966,-11.124027,8.806203,-0.16523154,0.5481878,0.01797198,0.35499823,-17.924614,8.894369,-37.590385,-1.0430734,-0.06303609,0.91539955,-0.0005598934,0.4721871,14.505742,3.828956,5.0443015,23.775713,0.020347748,0.56198955,-0.10535849,0.5219454,-17.033031,3.144917,-24.39151,-8.966196,-0.0033599238,0.49810264,-0.0060765767,0.3977284,-12.086828,4.528575,-24.14466,-2.2209263,0.0141609395,0.7215167,-0.012063665,0.40561685,9.202249,4.3144135,-0.48436725,21.930103,0.071070135,0.58433294,-0.024983667,1
147.46799,2.8535674,148.10976,132.71518,149.8307,17.115534,-3.4745994,13.729075,147.2567,148.96774,0.0028355198,1.9228037e-05,0.0022684159,0.002551968,0.082708895,0.6902341,0.07030256,0.07857345,8.762077,8.762077,19.596178,0.058332846,0.11976367,0.22208917,0.091843754,0.117137164,1139.5352,323.11746,953.4061,2896.0986,3.9029858,17.262644,658.1121,114.085556,545.7202,1093.4907,1519.0883,532.64105,1187.5,3429.6875,4.47886e-06,2.3913695e-05,6.637957e-08,0.00023149667,20.23737,5.775296,21.80105,7.490761,24.907345,6.843462,24.523222,4.86324,18.55206,3.1907067,69.70348,7.3824515,-190.46661,46.35188,-336.6541,-94.95353,0.8164665,7.1806364,-0.0036464597,4.7954783,178.22014,31.322773,71.0437,236.42651,1.1010485,4.1920643,-0.25374407,2.8148005,-107.531975,13.022909,-143.20316,-68.168045,0.012278426,2.4168966,0.046942007,1.3851602,-9.03963,20.011078,-43.84651,89.23448,-0.93549514,3.0806742,0.28463086,1.5517535,-36.48574,10.869996,-55.856403,-6.0309052,-0.004490362,1.8597,-0.123302184,1.046725,-12.6227665,12.470473,-29.283451,25.685417,0.021322856,1.6581529,-0.09775349,0.75739366,31.925625,8.478625,15.166093,61.595787,-0.32799554,1.7826777,0.08141818,0.7930474,-27.190123,7.8072877,-60.92131,-12.329544,0.28569952,1.2094042,0.02483158,0.70607394,-0.9446379,6.111174,-25.080486,15.55998,-0.079042524,1.1110017,0.057383742,0.67880553,0.46772996,6.4670863,-16.92723,25.804644,-0.19535568,0.89805204,0.05872077,0.6842942,-8.887461,6.317206,-33.712944,0.5469148,0.22290789,1.2079419,-0.08149906,0.74846005,13.83424,4.516905,2.1890862,26.42746,-0.16625895,0.94138753,-0.010171615,0.5762614,-23.169813,8.923468,-34.174282,3.770585,-0.22383402,1.2197702,0.091290034,0.7158126,-13.075749,4.8895764,-23.28266,2.6676764,0.005276721,0.6926581,0.023405524,0.4646631,0.31656823,4.7528815,-9.312896,13.532996,-0.1347471,0.7622323,0.008748709,0.38277695,-17.281338,4.79168,-25.193272,-3.2659554,-0.07834786,0.83256346,-0.022568125,0.45153618,11.104067,4.6804585,-2.5191617,20.63483,0.06589959,0.77848357,-0.033101648,0.5348976,3.4964561,4.048514,-9.121361,10.273977,0.03134094,0.8165389,0.059449308,0.4520384,-8.8261595,5.4713035,-18.395977,10.81762,-0.040494952,0.93019986,0.0024101166,0.56392646,4.243553,3.8801563,-4.422795,18.119856,0.02920126,0.79907286,-0.036957525,1
177.54587,18.907074,171.119,165.29007,249.08992,83.79986,2.8037677,6.6869764,169.15353,175.11873,0.001018014,5.7338084e-06,0.00081441127,0.0009162126,0.066111654,0.5560538,0.056194905,0.06280607,8.998389,8.998389,16.331776,0.0574467,0.10038201,0.2266677,0.07492689,0.09927073,844.8052,86.00236,604.64954,1082.7767,-0.061161943,0.38779712,580.0795,73.99063,478.6044,1167.9525,1144.4053,105.61325,1000.0,1750.0,2.5715104e-05,0.0002632285,5.1527255e-08,0.002939538,25.290054,5.5219297,23.197968,4.2441745,24.32096,4.8864737,28.35235,4.042186,15.439968,2.4372525,66.393524,8.047466,-187.11765,40.068504,-260.08844,-73.7668,-1.4271778,6.858149,0.3661539,2.5959964,190.765,14.447037,148.00995,235.19058,-0.52977186,2.8364496,-0.027857766,1.2073544,-55.157272,21.11354,-104.02785,-7.0138927,0.7674986,2.9213014,-0.0697149,1.1544263,-12.860047,12.46922,-41.80479,25.317535,0.10938365,2.182683,0.33063117,1.6702294,-39.908253,8.406476,-68.80214,-15.352239,0.1597119,1.4543507,0.19122206,1.0578623,-11.514256,4.8972154,-24.097534,3.634313,0.053232256,0.8386405,0.015361013,0.47882017,30.745779,6.0959973,-8.539866,43.13166,-0.26518548,0.9824457,-0.057605777,0.5905588,-16.853338,7.0008616,-32.51124,-3.6512845,0.0002883269,0.9847671,-0.010099384,0.61056125,-3.5484567,5.05329,-27.399067,8.681715,-0.2194963,0.7966726,0.05376715,0.4255238,-5.993352,4.803774,-19.154606,11.763922,-0.18379657,0.7622644,-0.0178226,0.5881393,-17.858631,5.334183,-27.749866,-2.6622808,0.05387597,0.90231186,-0.0640944,0.6506735,5.5055103,5.29239,-3.7159605,20.527948,-0.050165683,0.8376372,-0.06116519,0.72041863,-15.446609,4.3950677,-24.934698,-4.037959,0.04598054,0.9107019,0.007825129,0.47674084,-15.660383,4.21153,-29.558884,-7.359708,-0.017959137,0.7870571,0.11192102,0.58732843,-2.9753416,4.3996124,-14.376923,7.6866093,-0.0905672,0.5951657,0.06935195,0.44667053,-8.6056385,3.353892,-17.706406,0.12661159,-0.010839927,0.6958066,0.009372527,0.36018914,5.341411,3.5617473,-11.371434,15.051773,-0.08380966,0.6243558,-0.025534593,0.40605292,-3.0321393,3.5457814,-11.678808,8.388703,-0.03021551,0.6032337,-0.06318758,0.5084096,-9.102881,2.9879553,-17.330994,-2.597793,-0.06709402,0.47431654,-0.0039238054,0.3899353,-1.320578,3.8229008,-13.350296,6.437373,-0.11891333,0.66883904,0.019221596,1
225.7377,3.2418318,224.49242,219.36499,237.84142,18.476427,1.6017287,3.5475094,224.49242,227.10089,0.0006766108,2.9973319e-06,0.00054128864,0.00060894975,0.044950146,0.38191143,0.038207624,0.042702638,18.750376,18.750376,14.744444,0.11742771,0.14722101,0.33338955,0.07492954,0.11140688,999.8801,67.65297,890.31445,1181.7721,1.0131527,-0.14641489,606.3154,67.87544,493.16702,944.8431,1367.7275,153.39592,1164.0625,2257.8125,1.2102274e-05,0.00014060135,3.05179e-08,0.0020460906,12.886883,3.5583682,24.60989,4.0172777,27.664358,4.0108676,30.00228,2.9625187,17.229134,2.9708362,66.70844,6.9258485,-174.91763,32.838627,-250.74664,-88.023056,-0.16863951,4.7690635,0.18281056,2.8186455,166.44865,14.662588,125.687225,225.74768,-0.21004705,1.9848166,0.061711,1.2836089,-87.758835,11.096648,-117.62146,-54.27664,0.011754285,1.8018783,0.03241429,1.0689588,-13.11144,9.016857,-34.603065,15.623219,-0.003875939,1.3689353,0.02885042,0.87027496,-37.473377,4.4597173,-50.54666,-22.30339,-0.050298408,0.7528127,-0.021412788,0.47944415,-13.540936,4.645212,-25.25124,-1.3196247,-0.04565297,0.741623,-0.016842842,0.52247953,29.65445,5.547758,12.845179,44.888885,-0.05976522,1.0177921,-0.01796342,0.63622755,-19.14237,3.8707354,-31.600872,-3.05452,-0.012585457,0.7369476,0.014757758,0.41390735,6.7558613,7.0543633,-11.318919,23.761013,0.015793664,1.009391,-0.01123572,0.5738746,8.63796,3.9133604,-5.0751762,22.659393,0.1021484,0.6802036,-0.01893325,0.43821418,-17.306566,2.9655416,-23.649261,-8.449783,0.021955464,0.49186873,0.0038287668,0.4260172,-3.944251,6.5208697,-18.915413,12.116262,-0.09518852,1.0523338,-0.0097833,0.7025031,-15.977954,4.0061316,-25.164871,-1.462802,0.020810949,0.68668556,0.01326746,0.45766667,-2.4861183,4.1381245,-13.712782,8.362248,0.00074365723,0.72642326,-0.00011640794,0.47801337,4.5171947,5.100867,-14.024665,21.246574,-0.046941984,0.8403766,-0.023186292,0.53665644,-12.24111,3.8513963,-24.562805,-3.2190099,0.009479448,0.67500705,0.01701286,0.43595538,-5.0558324,4.1709967,-14.795879,7.893115,-0.05424451,0.78908247,0.015072517,0.45807487,-14.587485,3.4052804,-23.68863,-5.652882,-0.05861118,0.6457906,0.0106744105,0.3809692,-5.8012004,3.390826,-14.640598,6.1460705,-0.023876345,0.5699992,0.022681033,0.4070827,7.3590226,3.5699446,-2.4376059,17.093616,-0.024826944,0.62796724,0.0057121785,1
280.27554,4.4680223,279.594,274.79074,301.39734,26.606607,2.2868614,6.9397016,277.98364,281.21365,0.0008078816,2.882455e-06,0.00064630527,0.00072709343,0.027156075,0.23272878,0.023082664,0.025798272,19.80976,19.80976,14.529845,0.12947415,0.16584395,0.3554895,0.0482685,0.05516927,887.078,71.6654,721.30225,1072.1746,-0.011413616,0.5261537,834.46655,66.6742,677.5475,1036.041,1566.0416,245.84203,1164.0625,2359.375,3.3163326e-06,2.7093874e-05,4.0539415e-08,0.00023633028,13.989766,4.3124275,24.364122,3.2130826,23.591587,3.273476,25.874414,3.2020128,20.313528,2.561731,68.140434,8.87632,-150.81128,21.834904,-207.52034,-106.76193,-0.9758092,3.1121545,-0.14572433,1.9233117,172.54015,12.550057,137.47395,210.24088,-0.73729897,1.4268744,-0.115480274,1.0605856,-61.337082,9.099572,-87.11856,-36.401478,-0.099257715,2.278541,0.121298105,0.9706005,27.35822,7.466233,7.8407173,41.92794,-0.0619143,1.3113738,0.16830817,0.947946,-20.63046,7.2271495,-35.87265,-5.0747104,0.10220874,1.2524577,0.08510798,0.7479531,-17.545565,6.428509,-34.48005,-4.3497896,-0.006098872,1.275366,0.052102648,0.7717788,17.827696,6.116143,1.6476792,28.912958,-0.12539443,1.14951,-0.06667115,0.86006826,-38.834396,3.780001,-45.215057,-31.260674,0.003327158,0.631928,-0.031573903,0.4342812,0.28283012,3.7072062,-8.297164,9.768915,0.041070152,0.6174697,-0.018752333,0.44407532,7.0228434,4.7478104,-7.1800046,15.808275,0.15664065,0.80066735,-0.10918772,0.49862525,-32.984146,4.3608055,-43.10981,-22.709637,-0.08493266,0.84712404,-0.03420068,0.69949335,-10.7258835,5.1818113,-20.190052,4.5372534,-0.24106187,0.51582515,-0.0006342024,0.38047898,-17.766163,4.334928,-25.988613,-7.5272484,0.045115933,0.87090874,-0.016008152,0.52949333,-11.094164,2.9131794,-19.02903,-5.9875665,-0.07381399,0.64163136,0.010860801,0.41322848,6.945318,3.5222337,-0.40170932,15.203572,0.006403526,0.6212733,-0.003053193,0.39551872,-11.704308,3.1636536,-19.957634,-4.3195496,0.16316123,0.6856965,-0.0155446865,0.41929838,-9.766308,4.024457,-19.53579,-1.5926676,-0.09546066,0.5886538,0.02998435,0.4788993,-8.58796,3.0605843,-15.797502,-3.066258,0.03153343,0.60569394,0.08297432,0.43852407,-8.487466,2.8649597,-15.4087,1.7840552,-0.018859653,0.37260318,0.07996563,0.42836788,0.5433155,5.130043,-11.59693,21.49229,-0.2500928,1.2056607,0.092523344,1
148.36508,1.6760223,148.10976,143.89336,151.57166,7.6782985,-0.06095915,-0.32072526,147.2567,149.8307,0.0007997686,5.3905446e-06,0.0006398149,0.00071979174,0.1136378,0.93487924,0.09659213,0.10795591,11.300777,11.300777,14.76673,0.017787797,0.059397493,0.11530621,0.06551572,0.10380202,1114.3761,89.124306,988.36725,1423.9248,1.4360589,1.861411,804.79944,77.62562,685.5431,1186.831,2029.4471,353.79108,1375.0,2718.75,7.085036e-05,0.000642378,1.4481029e-07,0.006557253,23.132378,3.9535916,25.738026,4.534727,26.209267,3.3294797,28.299654,3.4305763,23.069433,2.056244,70.78824,9.83164,-238.61876,69.84709,-414.5764,-96.67425,-0.64452773,7.7233777,0.06568505,2.9241545,166.80487,27.480402,92.82217,233.6088,-0.6264071,3.3276865,-0.15749703,1.3712517,-88.4935,21.141846,-128.35405,-39.46646,0.36660817,2.2242754,0.2292095,1.1330929,10.655595,12.337284,-19.99832,38.93383,-0.18832628,1.794012,-0.119765006,0.86219984,-40.085537,10.885339,-65.884674,-18.027145,0.27357358,1.0060636,0.07617212,0.456185,-26.257977,7.445542,-41.817345,1.5495498,0.27142972,0.9669551,0.10918379,0.50121725,43.655735,9.455006,5.4265223,64.38988,-0.3296131,1.1775831,-0.15071471,0.711032,-17.061779,6.8621273,-28.696922,2.932333,0.086434096,0.9623149,0.09055754,0.58229667,-12.50189,4.7770724,-23.40133,1.0290682,0.0029365672,0.80301297,0.018599866,0.48187718,0.5238405,3.6592793,-7.5468473,7.255579,-0.052166123,0.4643495,-0.027901888,0.31478086,-12.253153,8.648508,-33.846462,3.1065867,0.21802545,0.8289374,0.06424163,0.43296823,-0.28372473,4.067195,-10.3968525,9.740728,-0.008988784,0.6237845,-0.009408639,0.47310665,-20.203266,6.9910145,-30.762922,-3.8330724,-0.1842742,0.6081312,0.047689192,0.42949596,-6.873001,3.555755,-14.608713,4.5577326,-0.12781784,0.5231387,-0.0018157363,0.30446315,-1.1345454,4.755601,-14.707946,10.583334,0.003301875,0.6479578,0.007138362,0.39592376,-20.516489,5.0733633,-29.47819,-8.281853,-0.06461352,0.74072456,0.10101314,0.5444609,7.2638693,4.734472,-3.5398645,18.411709,-0.12253059,0.48627344,-0.031929564,0.31339592,3.1408415,6.5368485,-15.628643,14.421917,0.060574207,0.6494195,-0.03407746,0.35039693,-11.313406,4.66877,-19.395885,4.748449,-0.10781228,0.4893857,-0.018026246,0.37286648,6.107201,4.884316,-3.3701496,19.24363,-0.12767212,0.45274717,-0.060995102,1
229.97685,15.383605,236.47156,187.6876,244.81071,57.123108,-1.6165766,1.522454,227.76059,239.21922,0.00065846,2.8631578e-06,0.000526768,0.000592614,0.07095618,0.595434,0.06031275,0.06740837,4.4823666,4.4823666,18.622673,0.048075333,0.103754796,0.204188,0.072442,0.11501953,1038.5773,68.38616,976.51404,1446.9008,4.723989,26.165571,625.48694,41.215458,536.2063,767.16205,1393.4375,164.40262,1234.375,2429.6875,6.847207e-06,4.1307187e-05,5.6521326e-08,0.0002948073,13.673195,5.3852754,25.723003,3.9615235,27.355152,4.5581846,28.208908,4.8737364,19.14276,2.4772558,65.032524,10.384759,-212.49078,52.432636,-272.01352,-63.0012,-1.9549565,7.4697876,0.35715008,2.0683446,166.60841,22.696802,142.3587,229.70592,-0.56719863,3.1205509,-0.080910675,1.5687978,-93.773964,16.943903,-153.66487,-72.93369,1.003993,2.490361,-0.28913724,0.8477748,-10.407738,6.020703,-21.250278,7.838377,-0.38385904,1.0913334,-0.0089949155,0.5514635,-29.719976,5.4868965,-42.83374,-18.564903,-0.12516397,0.993893,0.026005182,0.4183468,-3.5165,5.4768434,-14.783691,17.200714,0.40316743,0.7714786,0.10752712,0.5104398,33.20568,6.0745554,17.460566,46.28219,-0.019239675,0.8941097,-0.07864718,0.54857653,-33.541607,7.147508,-50.338417,-19.228897,0.060507737,1.7571702,-0.15849656,0.60795915,-10.130353,5.046679,-23.23116,0.55982375,-0.23550217,0.55160964,-0.07185036,0.46579614,5.2301354,4.097547,-6.3505316,13.570202,0.07303564,0.73046726,-0.05963503,0.72400373,-13.512091,6.8800535,-37.985092,-2.6812687,0.5274999,0.71967953,-0.15008403,0.4027369,2.6661603,3.4501984,-3.8389268,10.381439,0.16662653,0.6969374,-0.085876614,0.3920915,-15.036499,3.4734457,-21.248966,-7.5069485,-0.065377474,0.476086,0.02944261,0.32190394,-12.395858,4.301067,-20.772488,-1.4587388,-0.17209122,0.6932747,-0.059735175,0.39530197,-0.12606078,2.7151444,-5.606929,6.249494,0.08154884,0.492291,-0.04774261,0.4513822,-9.403706,3.9151962,-22.858643,-2.3163643,0.23650613,0.64273083,0.008763281,0.3078519,-5.3201814,4.2778144,-13.164448,3.0606318,0.018128762,0.76668555,0.0012243523,0.36471042,-12.611738,2.6341302,-17.481853,-6.701888,0.13548537,0.46398833,0.09226999,0.40789244,-2.7970393,2.295191,-8.609695,3.3913171,-0.045286756,0.46116558,0.0617513,0.2765522,3.3982782,3.896756,-3.1372914,12.238037,-0.16843651,0.5822273,-0.00026733146,1
225.89113,4.273946,227.10089,210.67221,229.73967,19.067463,-2.1009364,4.53935,225.79288,228.41647,0.0009048051,4.005492e-06,0.00072384404,0.00081432454,0.024071652,0.2066069,0.020460904,0.02286807,15.517688,15.517688,15.182154,0.08371251,0.13975987,0.28486577,0.034285948,0.14431895,1290.2539,116.742836,1037.773,1481.0658,-0.40243638,-1.1981198,920.2158,130.46161,640.1752,1294.7063,2378.963,783.14716,1328.125,3304.6875,0.00022293506,0.0013620183,6.890207e-08,0.011014014,13.486319,4.2291775,24.000929,3.424569,25.912333,3.405078,27.026266,3.1726117,20.137867,3.8134222,75.0647,14.080702,-154.6665,17.850845,-181.12384,-75.24494,-0.6854101,4.1577187,0.51436335,1.3665098,167.61414,10.955082,128.67853,218.95926,-0.16840224,1.3804123,-0.4228841,1.6487831,-103.406204,13.4160795,-119.21596,-38.176613,-0.38491693,2.1944742,0.65189534,1.6430682,5.499324,14.86789,-32.99318,24.419958,0.78330445,1.1262698,-0.03849352,0.8862899,-42.943264,5.231946,-51.88443,-25.00879,0.07642199,0.7880597,0.09968602,0.47166198,-2.463246,5.94872,-10.895077,19.264488,-0.13904414,0.8960941,0.13198093,0.71574956,26.943693,5.339986,8.733137,37.153183,-0.101593874,0.8703804,-0.15389319,0.5166481,-43.303165,8.299563,-55.26938,-3.3190026,-0.37284106,1.0076503,0.26685756,0.8688646,19.834728,6.238546,3.2792616,29.632181,0.2097637,0.77270055,-0.030985283,0.33316505,5.0303316,3.2458353,-1.3406383,10.986526,0.117531694,0.42533034,0.021256208,0.34849608,-21.404964,5.4069157,-31.40231,-6.095822,-0.15913548,0.6948525,0.06254163,0.39187518,14.021069,7.0693417,-6.191443,25.757591,0.12746643,1.0463904,-0.24062969,0.7281269,-30.591648,4.620479,-39.854454,-5.9581914,-0.13207202,0.6301195,0.1099607,0.5997735,-4.2253027,5.34584,-16.227224,8.000784,-0.22157057,0.45413983,0.03719488,0.34343308,17.931028,3.0868845,11.537182,22.651978,0.0530571,0.6619672,0.04044734,0.38028228,-21.091898,4.8760953,-28.782906,-4.0453806,-0.005758289,0.7484213,0.23759483,0.8083748,0.9612993,4.1834373,-16.032454,8.371306,0.04349656,0.66084605,-0.15399067,0.58567756,-10.657534,4.88743,-23.418077,-1.530985,0.07517982,0.54733527,-0.05655823,0.3792991,-12.421624,2.50493,-16.978539,-1.1929898,-0.02009728,0.4296326,0.06455535,0.36764017,13.869554,2.968676,4.9947844,19.998672,0.08655318,0.5509352,-0.05850192,1
177.08061,1.4292829,177.1535,173.10732,179.21193,6.104616,-0.99687994,1.3840276,176.13318,178.17975,0.00063189433,3.5683995e-06,0.0005055155,0.0005687049,0.041449007,0.3527602,0.035231657,0.039376557,24.264519,24.264519,13.10703,0.071458,0.12179841,0.2597373,0.053829264,0.05878155,831.21735,52.524155,760.9406,1146.9186,3.2041173,16.753132,663.83514,97.08226,598.2134,1347.1619,1305.6891,62.654545,1234.375,1484.375,0.000118461714,0.00082297367,5.2469552e-08,0.0071898736,30.441978,3.9274628,25.175447,3.751561,26.39594,3.412509,26.553947,2.3180676,20.456692,2.0391498,64.72111,12.340277,-183.11165,22.993158,-220.21918,-75.40116,-0.4151224,4.193907,0.7703007,2.770662,191.69319,10.964799,138.73317,210.43842,0.4229486,1.5506737,-0.29565656,1.0287939,-76.76981,11.376873,-94.85377,-11.341418,-0.35144484,1.9126407,0.49513808,1.4032415,1.2454226,8.873508,-24.599628,16.341785,0.31576324,0.8798652,-0.12778008,0.5361254,-16.062521,4.0337415,-24.467003,-6.3802447,0.018264448,0.6782279,0.0015654113,0.4581054,-1.9866754,4.336465,-15.202361,16.21876,-0.040490635,0.69067734,0.20272078,0.6750534,22.795897,4.5455956,7.081791,30.20488,0.09654579,0.74397403,-0.14251627,0.4419993,-29.14272,5.413121,-37.59783,-6.888026,-0.15955564,0.6730285,0.09793903,0.5249568,-0.3958183,2.7446973,-6.2800183,6.576483,0.057593133,0.4131679,-0.029016962,0.2320774,-1.8180679,3.1368606,-10.765997,4.0938616,0.012411793,0.49982768,-0.034624808,0.35922977,-20.19671,4.15098,-27.799797,-5.0287557,-0.13428171,0.50757205,0.11159855,0.40591618,3.3612187,3.703323,-9.895341,10.04031,0.080725536,0.7476985,-0.0617198,0.38773552,-18.51278,3.0732896,-24.906326,-11.037687,-0.03170804,0.5978227,0.079909705,0.4244252,-11.025358,3.5706239,-18.90247,2.0298576,-0.1309464,0.6836486,0.042468727,0.45542693,4.963794,3.8248909,-4.6586556,14.724309,-0.057206374,0.6974512,-0.11425766,0.38816944,-11.5632105,3.3092244,-19.64206,-4.1582074,-0.088787675,0.52197623,-0.030598693,0.3144617,-5.354465,3.2047167,-11.199439,3.0732841,-0.02184665,0.6608383,-0.0734273,0.46190527,-11.7628765,3.1690598,-20.402504,-5.0334053,0.045649216,0.5049731,0.081329666,0.46041417,-8.7559185,4.0429997,-19.428972,-2.7598848,0.06264086,0.7786733,0.16251022,0.6122231,1.1471915,2.425296,-4.327449,8.287748,0.03495786,0.5067835,-0.014679261,1
186.05511,8.889441,185.53183,172.11029,262.38162,90.27133,5.50372,38.280315,182.3445,187.6876,0.0006499629,3.4933892e-06,0.0005199704,0.0005849666,0.12786803,1.0451657,0.108687826,0.12147462,9.86315,9.86315,14.598111,0.019993072,0.05536465,0.11869459,0.07588621,0.064554065,851.5098,55.344982,636.00824,1010.2256,-0.79039156,2.4054973,795.29175,41.750908,664.9719,917.54724,1459.4727,215.62881,1132.8125,2328.125,4.2796464e-06,4.7848345e-05,1.1939623e-07,0.0006909865,25.242105,4.152361,20.60288,3.6323717,20.396812,3.5513144,22.200918,3.2862492,17.137302,1.9094182,67.05841,5.820614,-212.08714,50.099037,-354.02118,-74.31358,-0.6065822,6.2885756,-0.06567671,2.8751833,174.1429,21.493345,114.60681,241.36267,-0.30178306,2.631458,-0.02186545,1.3132801,-44.590622,16.532583,-93.562904,3.1290684,0.13467954,1.9629316,0.06334714,0.9868751,20.356194,8.579768,-6.00758,53.706696,-0.08986138,1.580239,0.03025532,0.95963186,-20.018852,7.811255,-40.217716,2.3490179,-0.018466387,1.1284959,-0.010343588,0.5307965,-18.209812,8.351285,-49.560028,2.1699615,0.1065,1.0969585,-0.00893638,0.5531622,26.717318,7.0243664,6.248653,41.13154,0.06571681,1.0812664,-0.030534409,0.58568645,-13.707602,4.9473405,-26.789532,0.051425964,0.039924018,0.9554522,-0.021421649,0.57484084,-8.415551,4.3433986,-22.028717,4.0196548,-0.042961128,0.63293624,-9.610103e-06,0.5295348,-0.7889038,4.042771,-9.477228,10.084474,0.0053735604,0.6732423,-0.007814869,0.49621418,-3.5590205,3.5854287,-17.389412,4.6374636,0.036602687,0.58155996,-0.010720087,0.43282768,3.0802536,4.1166797,-10.896275,14.02116,-0.018521376,0.74718064,-0.008370625,0.42659122,-17.362946,3.4671125,-29.997026,-6.711999,0.05159296,0.52014685,-0.00067889836,0.3561625,-9.374314,3.2437105,-22.915894,-0.35550284,0.045020588,0.58230925,-0.018744178,0.44648865,-9.588293,3.4093199,-18.269394,-0.20396516,0.007898823,0.5188187,-0.0284415,0.4738304,-12.480494,3.326796,-22.988417,-4.520723,0.034816798,0.58260834,0.0034362846,0.43410727,13.329203,3.2249045,2.428062,22.054413,0.020996768,0.52507085,0.0023470612,0.3591363,-0.5135779,2.7179778,-8.697536,7.7086825,0.044198498,0.46951145,-0.0041952753,0.34655306,-6.8742123,3.1144507,-15.969065,1.3130198,0.011381729,0.44164437,0.010089505,0.39159212,2.4193177,3.5348058,-8.055803,13.728548,-0.048056778,0.5450717,0.011920924,1
199.0818,1.244416,198.84808,197.7028,203.49594,5.793134,1.5718911,3.6662638,198.84808,200.0,0.00039709793,1.9946472e-06,0.00031767835,0.00035738814,0.01733176,0.14925206,0.014731997,0.016465172,23.73455,23.73455,13.962268,0.080630325,0.14757973,0.28211692,0.024447914,0.111496314,1180.4309,46.87467,1084.3906,1312.0522,0.29460543,-0.4908665,738.8117,37.592075,649.2543,812.2538,1794.2709,74.99819,1609.375,2187.5,8.990174e-06,6.536256e-05,5.960576e-08,0.00060511584,19.98708,4.6928067,24.709219,3.3177261,28.219564,3.9415145,28.45725,2.6489682,24.65392,1.6755896,71.10065,8.770139,-164.49109,11.146031,-184.68347,-129.09085,-0.33209082,2.040701,0.27716565,1.5803125,167.443,8.641644,148.82109,195.3111,-0.15140158,1.3560337,0.1693196,1.0038722,-123.52781,7.4223967,-138.15842,-102.16571,0.13745502,0.99695325,0.07916706,0.55795556,7.6498046,5.912455,-6.1613827,17.396324,-0.12275272,0.6749143,-0.03717569,0.56556064,-28.817556,3.7915626,-37.68492,-17.41763,0.1553017,0.5423858,-0.028647605,0.35220802,-19.332602,6.646653,-28.086418,7.294135,0.22114727,0.44920003,0.0668073,0.45899224,30.625204,3.5079818,18.898735,39.978065,-0.13503039,0.5977643,-0.026839107,0.4726067,-30.360268,4.8708634,-41.45182,-17.023197,0.12378856,0.44856885,0.023742162,0.4117009,6.8129807,4.9874663,-4.8574886,16.060177,0.14201759,0.4962947,-0.0045480835,0.40202746,4.886797,3.6129618,-2.3952909,11.907795,0.00043952995,0.5928999,-0.017451726,0.3561774,-28.631388,4.8860464,-37.382523,-16.29472,0.19883326,0.5187983,-0.024804724,0.430152,9.407685,3.8879654,0.35932958,20.046312,0.10235581,0.5927206,-0.07991957,0.39924064,-10.489373,6.3199134,-22.324722,2.1584234,-0.08902274,0.48602372,0.03794669,0.32866862,-15.104714,3.23608,-22.115467,-7.4986024,0.0065536792,0.44821155,0.017827649,0.21496445,3.2413995,3.3748968,-4.028244,11.665452,0.0057901097,0.4692019,-0.021529844,0.3282415,-8.350674,3.339706,-15.2763405,-0.5031191,-0.023547258,0.43190274,0.06932804,0.3876214,5.724982,5.632324,-8.958203,14.681547,0.06866704,0.6219393,-0.017761193,0.43931365,-0.68015474,2.5619597,-7.7309513,5.0406666,0.0010532234,0.42218736,-0.015658678,0.26846454,-10.254456,4.5579486,-18.448019,1.1564538,-0.09479087,0.4717026,0.028032998,0.39738163,-4.9905047,4.081046,-14.314731,2.005958,-0.015686683,0.5277102,-0.019350572,1
208.42639,1.3808197,208.25243,204.67477,210.67221,5.997429,-0.6154397,0.35045832,207.05298,209.45883,0.0022543897,1.081624e-05,0.0018035119,0.0020289507,0.09885925,0.8188414,0.08403036,0.09391629,14.3742695,14.3742695,15.405907,0.05636876,0.10330866,0.21188146,0.104732215,0.054050926,834.5923,188.14963,442.40875,1543.4835,-0.13912019,1.3641912,889.0402,113.14719,652.8779,1498.0956,1757.581,613.7198,546.875,3156.25,0.00046414297,0.0053271675,4.9281564e-08,0.062128708,13.88388,4.0394926,22.221487,4.6333914,28.685942,5.520609,21.473324,5.115886,18.263083,3.0907245,69.69573,8.755985,-207.77515,60.018066,-382.76102,-98.129425,-0.44181272,7.527159,-0.026991174,3.811307,154.23825,32.306267,77.96823,211.08641,-0.25309995,3.8927429,-0.14789681,2.4611113,-30.882755,19.624046,-66.430115,12.646898,0.24131548,2.5481741,0.015036731,1.4020962,51.38715,16.057745,9.215868,83.75627,-0.15263316,1.9223133,-0.12824687,1.1168246,-9.996531,9.675984,-34.683525,13.8701725,0.07793144,1.0322853,-0.019536057,0.6009821,-17.78449,10.690369,-40.214516,14.737907,0.15707615,1.3800192,0.06166952,0.9162225,15.601694,9.175861,-6.166138,37.310753,-0.06676435,1.2249011,-0.042558774,0.7174439,-38.097164,8.391526,-56.50244,-4.826111,0.24424848,1.208226,0.06892403,0.82986695,-10.297826,6.6123433,-24.823656,8.295203,0.19950466,0.9206598,0.039435536,0.74707884,4.438034,5.068418,-7.2219586,17.926609,0.01714166,0.8707625,-0.012810008,0.56983066,-10.647866,5.3431215,-24.20937,4.0047374,0.018949492,0.9965753,-0.0027504498,0.6159142,10.646389,4.628062,-4.0394964,18.818974,-0.0041335053,0.6950554,-0.067522444,0.43806323,-7.530484,4.986025,-25.68567,4.1280546,0.14529423,0.7884063,-0.042191565,0.5783651,-5.2503505,4.562127,-18.386839,8.968939,0.057752583,0.57949924,-0.043552086,0.5129728,6.576454,3.9093025,-4.9100256,20.60598,-0.025131388,0.70519227,-0.02832839,0.45796052,-5.3288903,5.1520605,-21.162754,6.9567614,0.10477833,0.6772527,0.0357306,0.46946043,5.5526857,3.4137545,-2.983198,15.457083,-0.029329525,0.60347027,-0.018116798,0.3699929,-7.4713354,3.7352803,-18.022202,1.228418,0.014002044,0.54870224,-0.007758388,0.47523803,-12.022546,4.6131773,-19.88358,4.2842474,0.13023421,0.632014,0.026313562,0.50397414,7.973009,3.805194,-0.6931939,19.144554,-0.03850557,0.6119241,-0.011703307,1
125.8231,1.5901338,125.9921,123.11444,130.43521,7.3207655,0.5703705,0.16194081,124.54496,126.72197,0.00091323175,7.2580615e-06,0.0007305854,0.0008219086,0.14291802,1.1603016,0.121480316,0.13577212,10.129353,10.129353,15.800597,0.018895976,0.06319363,0.11094636,0.07928117,0.11042668,1197.463,109.356125,955.8027,1538.4359,0.473415,0.8220904,833.9584,89.19489,716.81793,1109.314,2118.3293,418.82703,1312.5,2945.3125,1.6489157e-05,0.00011072486,1.303195e-07,0.0011315941,22.917866,5.536015,18.729248,3.4856536,23.312416,3.32799,26.555285,3.042813,18.716389,2.789952,70.63077,9.266414,-232.97667,85.57113,-427.94348,-86.14785,-0.50623333,8.814298,0.09647678,3.4631367,154.79706,36.404842,75.23593,216.93515,-0.4291205,3.7055018,0.007841536,1.5563637,-88.6816,27.718029,-131.48502,-18.678186,0.007739786,3.1837745,0.037480563,1.4510094,1.4892718,9.058945,-22.993057,18.593206,-0.12557669,1.4661003,-0.100839764,0.84026945,-39.28386,7.883284,-54.129333,-22.418642,0.07970188,0.9405953,0.023976173,0.6226773,-10.5743265,5.374973,-19.43114,9.666605,0.076079145,0.781162,0.102282904,0.6051388,49.466393,8.367992,31.376476,64.975006,-0.08755371,1.129965,-0.08284086,0.64310443,-18.244843,11.187025,-38.46129,3.3686452,0.17456636,1.137531,-0.0138676185,0.6980542,-1.8147316,4.790104,-14.7454605,9.457699,0.062499765,0.9643776,-0.030440489,0.6361406,7.381983,9.796484,-12.63456,30.153984,-0.03895194,0.9409389,0.018311944,0.66312134,-17.009642,5.4816628,-28.494234,-4.520089,0.010806814,0.7662676,0.07655867,0.49290857,13.765702,4.7358937,-3.1854415,22.468601,-0.109555736,0.7593668,-0.08160766,0.45486632,1.6974351,4.9136677,-8.242651,14.410896,0.025720524,0.61375785,-0.0154651785,0.42158443,-9.54282,4.948431,-19.517298,2.7645118,0.068131596,0.59992933,0.037950777,0.3999977,1.1300577,2.8920312,-7.6238723,6.8656764,-0.07565494,0.56663084,0.012931502,0.3965224,-4.426824,5.1634417,-14.8217535,5.8119307,-0.005042883,0.77634495,0.07653347,0.48633382,3.4310956,3.2324023,-4.0731974,12.797173,-0.0119726695,0.44989255,-0.0059245047,0.31766623,-0.39029923,3.2975893,-10.572836,6.2336965,-0.067931525,0.6099127,-0.048670657,0.42223072,-0.53460294,3.7900755,-10.645821,9.101244,0.053429253,0.53989196,-0.06266707,0.44369015,1.8476372,3.196989,-10.494898,8.559893,0.09882678,0.59801614,-0.07079398,1
117.7516,3.588338,117.554794,112.24621,138.99182,26.745617,4.1412706,23.0521,116.20456,118.92071,0.00077014085,6.5403856e-06,0.00061611267,0.00069312676,0.090411104,0.7518053,0.07684944,0.08589055,7.8957787,7.8957787,14.162761,0.04198644,0.0823877,0.1854265,0.08382308,0.093717985,1086.5354,83.67853,914.5774,1363.5565,0.5831157,0.3776457,799.1617,73.29317,635.7906,1088.2458,2084.7207,456.75836,1156.25,2835.9375,1.5703752e-05,0.0001475127,7.850831e-08,0.0016207363,17.843016,4.6177263,19.296179,4.128407,25.925632,4.0242476,24.059238,3.0774832,19.545965,2.620045,68.0395,7.5986233,-179.7534,57.004074,-346.31534,-94.01171,-0.3293542,6.3122535,0.12026027,3.0139158,177.56245,22.88012,115.491394,217.4749,-0.38493717,2.7455347,-0.029349796,1.3321075,-78.441284,17.41709,-112.014206,-27.939129,0.23368385,1.9981518,0.050697383,1.1323959,8.133347,10.016997,-15.457033,31.55198,0.15605806,1.678577,-0.06692632,1.0940566,-56.233364,6.3978934,-71.85104,-40.642136,-0.04800121,1.0022187,0.08063316,0.7036098,-45.162178,8.680933,-72.08957,-22.558847,0.026224632,1.4705166,0.1781306,0.96382445,38.305286,8.144828,21.815077,55.02292,-0.009030475,1.3941053,-0.08925699,0.79570156,-14.382967,8.749939,-32.85459,9.980396,-0.020546563,1.1078634,-0.024672689,0.71568364,-6.424144,7.2559505,-20.367542,10.459838,-0.035874873,1.3631386,0.060083084,0.8877371,14.682249,5.1819177,3.5039432,27.510696,0.032501247,0.87441295,-0.010382003,0.5705212,-5.7120576,7.241328,-18.867218,15.726076,-0.05339713,0.99711776,-0.011882858,0.62751096,3.06615,6.356466,-11.196922,16.708279,-0.023254028,0.72881925,-0.0063277544,0.41706648,-11.54948,4.8108397,-25.601105,2.1343462,0.08809795,0.93266416,0.0008344142,0.5502663,-17.677526,7.5096383,-34.342236,2.2742443,-0.1407834,0.7517615,0.016042467,0.553943,-13.446059,4.4730296,-23.880375,-0.13732868,-0.06175205,0.7809417,0.0665647,0.5650195,-10.496068,4.2376275,-26.276913,2.0133982,0.034934815,0.702745,0.02947139,0.45673582,7.951467,6.028193,-5.250204,24.454605,-0.1337712,0.7306888,-0.0598048,0.63638425,-0.3835104,3.9167717,-9.242914,8.036625,0.016038032,0.6092077,0.006857462,0.5251536,-3.0959463,3.2712195,-11.33662,5.6348267,-0.033309363,0.6535472,0.054872725,0.49731645,-1.1136367,5.4056,-11.715546,12.922224,-0.13823189,0.6487801,0.023234153,1
210.62225,3.8691041,209.45883,200.0,219.36499,19.364996,0.3215857,0.42148012,208.25243,213.1201,0.00059254427,2.8133034e-06,0.00047403542,0.00053328986,0.025299896,0.21701826,0.02150491,0.0240349,17.13012,17.13012,15.002257,0.1019935,0.14934689,0.31433055,0.03976265,0.11121676,1215.2416,72.00844,1090.0223,1412.0331,0.8351103,0.5518907,796.177,106.58183,566.627,1003.72797,1948.0537,396.81363,1421.875,3101.5625,5.1175663e-05,0.00025405816,6.136759e-08,0.0017849425,11.570489,3.724591,20.71547,3.0934637,28.918798,4.1210413,30.034029,3.4683897,19.904442,1.6876599,71.618256,14.498592,-164.41422,17.15765,-191.23302,-88.94806,-0.44319877,3.9528604,0.73176795,1.728319,148.08496,9.968778,132.95834,177.14528,0.5518851,1.3979639,0.055604856,0.61964726,-118.69892,9.2147455,-139.12003,-69.4478,-0.52946955,1.0860088,0.27392608,1.1783634,3.1080413,10.731891,-35.47116,20.376957,-0.17593555,2.0398493,-0.4192217,0.79094446,-36.125107,7.348713,-51.179768,-22.709492,0.2788837,0.6871067,0.036103316,0.53260803,-19.357042,5.3098845,-29.405193,0.47112826,0.008153922,0.85658133,0.19881518,0.6575673,23.881643,4.5707006,11.049078,33.721413,-0.1580117,0.65421534,-0.1758842,0.5250093,-30.61326,4.871061,-42.440876,-13.0847,-0.08026139,1.0142225,0.2500345,0.6471304,3.0631618,5.898443,-10.83255,12.074709,-0.26578757,0.6674552,0.0568323,0.37745684,-7.225785,3.8859978,-17.39591,7.5454416,-0.24771729,0.71189696,0.0019026682,0.41244456,-15.146812,4.8563495,-24.770042,-6.2148848,0.09743729,0.623166,0.1161862,0.52835506,17.222713,3.4987648,5.5348268,22.963337,0.055033065,0.7382001,-0.07153976,0.26371405,-23.146883,4.432588,-32.643745,-4.307105,-0.17458934,0.6009837,0.10672221,0.56895417,-4.20845,4.282487,-14.319904,3.4528084,-0.076592654,0.5577315,0.018526627,0.32856038,11.7072525,2.8890603,1.7008805,15.543603,0.023264864,0.62736934,-0.05836513,0.39873442,-14.945696,4.548763,-25.05162,-4.653759,-0.069878414,1.0146692,0.020915113,0.3573327,10.816044,5.604523,-10.100262,20.629099,0.03359192,1.095042,-0.13009349,0.64515746,-2.9755044,4.845946,-15.64189,7.1073246,0.12287118,0.68104357,0.055116404,0.4538021,-11.521564,4.9855995,-20.574577,0.15196788,0.036676977,0.85273373,0.0149550345,0.38079426,4.8224854,4.7026377,-5.4494,16.29462,0.092864335,0.9416575,-0.1828313,1
227.47993,4.943396,228.41647,210.67221,235.10959,24.437374,-2.0540652,4.281702,227.10089,229.73967,0.0023526803,1.0342364e-05,0.0018821441,0.0021174122,0.09376303,0.7784648,0.07969858,0.08907488,17.03732,17.03732,15.965525,0.1322789,0.18288895,0.32769176,0.15362686,0.07914838,891.82794,209.8186,727.45966,1419.6152,1.5428053,0.83847874,686.3511,74.34345,578.15466,896.1653,1427.7611,296.01416,1140.625,2437.5,2.2803506e-05,0.00014754813,3.270379e-08,0.0012171239,13.713763,4.1287503,23.399334,6.3895187,25.682577,4.9455576,23.398222,3.083564,20.570658,3.0728362,65.831566,9.788702,-184.15144,62.785885,-374.73654,-72.033165,-2.0667892,8.342945,-0.20755744,4.188963,176.46,35.11171,89.53733,239.49457,-1.4407815,4.35424,0.095426746,2.0808227,-69.469345,14.20656,-104.99968,-19.70406,0.1658305,2.6721802,0.38726634,2.4424675,10.264133,12.929232,-25.37798,32.825962,0.07764474,1.6367424,-0.008125768,1.0848442,-18.903137,10.808284,-34.62146,8.373716,0.094339184,1.434778,-0.24753258,0.9937345,-11.976765,12.098789,-26.511433,31.136942,0.12951075,1.3243207,-0.17324752,0.96015877,11.3732,9.967104,-13.59058,33.235733,0.027375776,1.7346102,-0.0035008972,0.850933,-40.60068,8.580301,-58.421757,-3.2355652,0.21051998,1.2398651,0.1919676,1.5410792,-0.05514828,6.5774364,-18.54562,9.744995,0.17387581,1.185466,-0.04373702,0.68598795,8.499922,6.3419456,-20.7179,16.71984,0.05122039,0.8821272,-0.21793468,0.9921618,-19.841629,5.3017416,-32.406216,-6.0548,-0.102603056,0.9197664,-0.035051998,0.5625952,-1.9878535,3.8547235,-15.432421,5.453946,-0.093634985,0.6054757,-0.030428631,0.61247903,-14.688492,5.5122733,-22.42605,-1.966134,0.1136382,0.7721635,-0.046041314,0.38849196,-7.1140313,4.228298,-15.137643,10.517454,-0.027152823,0.7403656,-0.006525661,0.5607543,0.42120126,5.8849974,-10.715496,13.288676,-0.07325107,1.0170568,-0.010281653,0.68556154,-15.280434,5.2687697,-24.706968,-1.9607487,-0.055575848,0.8395999,0.009894051,0.4347131,-0.0022686876,4.228543,-13.310556,8.595018,-0.08162463,0.8621619,-0.004398709,0.47642016,-3.6194313,3.678196,-13.075403,3.9690943,0.13524556,0.61091226,0.020049632,0.49190372,-8.181434,3.6458492,-14.820255,4.064039,0.08707107,0.6177251,0.107350975,0.51610005,-2.1939113,4.315727,-9.583647,8.668701,0.10313908,0.7097786,0.17928308,1
181.06955,33.094734,173.10732,167.21065,319.31937,152.10872,3.8952115,13.673325,171.119,175.11873,0.0013681083,7.555706e-06,0.0010944867,0.0012312975,0.13378693,1.090629,0.11371889,0.12709759,6.538164,6.538164,15.313446,0.021554084,0.057402324,0.11992707,0.080223374,0.09678115,922.15265,126.16047,735.5799,1237.5845,1.0113462,0.2276778,631.92426,74.15817,539.3124,888.5576,1296.7736,143.36865,945.3125,2070.3125,3.983198e-06,2.4889448e-05,5.98401e-08,0.00021986113,24.168379,4.56595,19.792973,4.064883,24.349916,3.452382,22.966913,3.455266,15.113761,2.549554,65.06487,9.10718,-232.56189,62.521664,-364.0177,-81.6104,-1.5208689,9.319338,-0.14368755,3.9449992,170.35881,25.625635,114.71771,221.28232,-0.79846346,3.2233984,-0.016856762,1.52372,-55.432396,29.590801,-127.56824,-14.895233,0.32584584,4.3837743,0.28585622,1.9274887,-15.622587,10.04784,-33.21857,16.158577,-0.42327964,2.1128192,0.13068627,1.3860934,-30.435316,9.424538,-55.393044,-7.206216,-0.18717937,1.8784859,0.08092433,0.9374102,-11.541942,7.9338784,-31.233555,18.695269,0.39233613,1.3234416,0.13343515,0.797766,17.76365,9.169207,1.9934156,39.86444,0.18545745,1.5551422,-0.07396255,0.7308011,-26.36297,7.2959747,-47.39766,-8.382221,0.17588964,1.1297053,-0.017143311,0.5550381,-10.717417,6.8917933,-26.856884,7.3493996,-0.03258651,1.2432321,0.017079143,0.9008647,6.8718657,4.7259007,-10.993703,16.009682,-0.13991235,0.77625215,-0.004616914,0.603975,4.688842,5.825694,-7.3846307,18.209557,-0.015197579,0.94675004,0.01193673,0.59837765,9.501206,5.352657,-0.010416865,21.57713,0.104081206,0.7952365,-0.018049223,0.37929073,-17.381706,4.215591,-27.834053,-7.8718576,0.183551,0.9714701,0.00096514705,0.49440366,-15.263469,3.9222007,-23.40555,-6.3238745,-0.09409529,0.6478611,-0.027363406,0.4689025,-5.3516383,3.7604032,-13.78643,1.8755758,-0.04283435,0.71020645,0.010730281,0.47342828,-10.697762,5.259321,-25.155024,0.40319237,0.31473818,0.7704908,0.07368293,0.50789946,2.6949468,4.1067753,-5.117218,10.880646,0.17077109,0.6873169,-0.056352478,0.45338345,-6.69934,3.2032154,-13.977158,0.11500126,-0.05040612,0.4921098,-0.074455634,0.4566781,-9.610371,3.442291,-18.331934,-2.218781,-0.13081521,0.51526755,0.01953926,0.38673392,4.921152,4.0035625,-1.7763036,16.68074,-0.17659734,0.5821879,-0.014726292,1
200.51424,4.8151474,197.7028,194.30638,211.89262,17.586231,0.7008432,-0.82167405,196.56412,204.67477,0.0012863486,6.415248e-06,0.0010290788,0.0011577137,0.17078647,1.3695539,0.1451685,0.16224715,10.262445,10.262445,14.724545,0.0099744685,0.040538624,0.07478722,0.06386323,0.12799835,1289.7988,165.91309,1002.60364,1891.3362,0.28166482,0.63946885,950.2019,116.18347,697.05817,1219.4258,2526.7334,628.592,1367.1875,3328.125,8.715255e-05,0.00070559175,1.0502348e-07,0.007767528,17.923372,4.8093214,23.17234,3.656362,24.188631,3.9890249,24.764753,3.0288815,21.267529,2.4973955,71.98722,10.000826,-261.78845,74.76963,-417.22278,-38.42211,-1.1566224,9.632651,0.3935855,3.7034166,140.69962,28.681444,77.00289,196.21158,-0.17144702,3.7498314,-0.25624183,1.8779838,-74.793884,23.310177,-124.61804,-23.597622,-0.06607482,3.1350439,0.20824048,1.6253783,1.7218122,12.866773,-26.464005,21.69292,0.16767356,1.775564,-0.09710956,0.84166735,-32.40413,7.0810575,-54.264107,-15.093885,-0.14140905,1.0041832,0.025981471,0.73492205,1.355409,4.284792,-8.686319,13.0200615,0.05050647,0.7508529,0.10589635,0.613023,29.19806,8.208989,1.884096,43.121002,0.16239883,1.1814929,-0.12218712,0.77954555,-39.934143,7.4577265,-60.04099,-20.421318,-0.091923416,1.3049114,0.020587634,0.6868341,2.1390114,4.8886976,-10.286014,13.184497,0.057121374,0.7267081,0.014182895,0.44899195,6.6759615,5.40216,-7.6683908,22.504517,-0.01105429,0.9070251,0.081277266,0.6968049,-19.925142,6.431301,-42.757156,-3.3939593,-0.10531774,1.021573,0.048955277,0.5695438,14.192929,6.0420003,-5.1101933,26.037865,0.051922433,0.8222137,-0.102871045,0.61177546,-9.776771,5.9621444,-20.255634,4.846608,-0.067563295,0.869745,0.06340189,0.6779683,-11.358612,3.6714222,-19.614578,-2.4570029,-0.00010942621,0.56770307,0.04527682,0.47603792,7.407509,6.4712915,-8.995195,21.57354,0.13005994,0.7736833,-0.032372773,0.5916939,-15.100043,5.7167854,-28.89959,3.0606284,-0.0488761,0.96456224,-0.006736845,0.47546494,-4.82832,3.9922767,-14.689726,4.6022525,-0.024366442,0.6156927,-0.08273807,0.54246974,-1.7577119,3.6408978,-12.182028,9.88043,0.034703597,0.6548143,0.03391529,0.49033597,-6.9798985,4.7129655,-19.233871,6.780267,-0.025348883,0.8016499,0.054569952,0.5117284,4.10213,4.761519,-6.3522696,13.768281,0.035117514,0.7132152,-0.025487531,1
169.5357,1.382769,169.15353,165.29007,174.1101,8.820049,0.32693878,0.85017675,169.15353,170.13344,0.0009420375,5.5565724e-06,0.00075363,0.00084783375,0.18031265,1.4399412,0.15326574,0.17129701,12.918316,12.918316,14.96576,0.0149326185,0.05477639,0.090327464,0.081435926,0.10333198,1068.8998,100.69437,918.2912,1628.94,2.9464169,11.683849,782.8114,94.55438,595.8778,1229.2682,1594.3376,474.62433,1179.6875,3445.3125,1.5778665e-05,0.00019164813,6.055462e-08,0.0028526308,23.038355,4.2689095,22.539017,3.875776,27.265846,3.9603064,26.834599,3.2632043,18.88653,2.9660637,68.9292,7.189277,-264.53262,61.473026,-393.597,-70.63623,-0.6363793,8.452258,0.27909043,4.3778415,131.99036,24.636974,81.54967,221.28853,-0.28990418,3.3580718,0.10984758,1.8191215,-49.282738,18.34994,-109.000275,-5.9467096,0.22215255,2.629186,-0.06576682,1.3307809,-7.645676,11.150441,-32.394558,27.078453,-0.11926626,1.8709756,-0.02257558,0.9415721,-44.025795,9.066569,-70.01134,-21.625683,0.013406365,1.2465621,0.061610784,0.8147226,-15.423513,6.2190003,-37.022057,-2.9767594,0.024991963,1.0052936,0.015447043,0.5839219,32.288227,8.901067,6.781458,60.058685,-0.14064129,1.3109487,-0.081745006,0.89573646,-19.492397,8.176873,-48.760803,0.14293645,0.093640745,1.2292339,0.04017497,0.7507634,-8.483932,6.2242184,-25.172922,15.483262,0.04965671,1.0613539,0.061285485,0.73835963,8.142337,3.452463,-1.4166125,17.240444,-0.009014908,0.49577218,-0.02652588,0.42546684,-4.2955046,5.6101737,-21.045547,10.01211,0.060083684,0.8899429,0.02244267,0.5753105,7.788143,5.7536726,-3.107337,34.39413,-0.043995485,0.9503471,0.021535419,0.5876761,-9.829108,4.7178106,-22.443985,1.6162462,-0.025193468,0.7378939,-0.015063165,0.4846734,-19.555443,3.5132105,-30.14331,-9.361919,0.0069285706,0.6727706,0.011082134,0.45470288,-11.000025,4.223427,-20.090633,3.0219834,-0.008864554,0.7697224,-0.0037187967,0.50274444,-6.340668,4.8340034,-21.302765,3.794116,0.0042454754,0.7500264,-0.007476727,0.43731233,7.2641397,3.6664279,-0.7976325,18.109749,-0.015781298,0.50364393,0.0070561497,0.33968762,0.032372974,3.3672292,-10.407885,8.970003,0.054587692,0.47604638,-0.0047209645,0.39653483,-1.3465406,3.5927634,-17.564754,6.4487295,0.058524333,0.503586,-0.0014856051,0.36968455,3.8190615,3.6660182,-4.602902,16.12058,0.018597392,0.58989763,0.009784555,1
258.99908,4.37057,258.62097,249.08992,271.6345,22.544565,0.68829525,1.549365,256.38882,260.87042,0.00068446866,2.6427454e-06,0.00054757495,0.0006160218,0.038241476,0.3259675,0.032505255,0.036329404,13.646837,13.646837,16.028181,0.08577527,0.12382399,0.28535262,0.054561526,0.20220947,1532.8845,104.92114,1079.1692,1769.2677,-1.8665961,6.8429346,715.84753,45.27816,668.38245,966.91675,2013.6719,120.88882,1828.125,2515.625,2.1588292e-05,0.00012634484,6.86277e-08,0.0008826513,11.512146,3.8577027,25.963196,4.0193357,26.37196,3.042317,30.268848,3.0597184,30.249865,2.5386343,68.52719,12.260964,-181.33443,17.920605,-230.33377,-125.72969,-1.6208636,1.8838255,-0.21213402,1.3252882,131.82603,5.9785304,123.999054,155.93382,-0.14751934,1.0750188,0.16370402,0.67681587,-139.45802,14.2264185,-159.4646,-71.333046,1.2140474,1.8557452,0.50196296,1.4875878,32.6178,6.7175508,21.654589,45.32052,-0.16792218,0.7334724,0.09043481,0.56256187,4.3918095,3.3547683,-4.755835,9.099237,0.050272167,0.6806723,0.15349282,0.4687567,-21.61396,3.9812438,-28.735518,-8.344303,0.13412495,0.52964246,0.14751591,0.4643323,14.872966,6.2180986,-9.746244,27.794682,-0.5047369,0.581857,-0.24197952,0.60757697,-17.157507,3.3307369,-22.72685,-8.556045,-0.23698278,0.511208,-0.04303083,0.45353788,19.303682,4.7036986,4.632129,27.254444,-0.23542118,0.98071,0.008302371,0.5204509,-13.253131,3.2357628,-21.986881,-7.790742,0.086668044,0.42844084,-0.03442618,0.3154012,-37.480164,3.646306,-43.823883,-27.448915,-0.0038298194,0.69426286,-0.04580308,0.40781525,24.415228,5.3109083,0.51710945,31.296747,-0.52518123,0.8609588,-0.16733253,0.38873813,-0.23831065,4.070068,-8.999638,7.9497256,-0.07066967,0.82693845,-0.0072825886,0.5523975,-15.621877,2.798397,-22.06288,-10.034443,-0.15209232,0.4784523,-0.05364427,0.3080322,-2.8314114,3.8466578,-13.927911,3.4316478,-0.30862358,0.5004301,-0.075669095,0.3674507,-15.635666,3.3240345,-22.864815,-2.9097943,0.22524254,0.6342752,0.114689626,0.3422592,0.61978567,2.797154,-7.0325184,7.7564325,0.13626827,0.55749667,-0.0013394753,0.44584972,-3.8793907,3.285216,-11.852385,2.0796564,-0.113175295,0.6059437,-0.041653488,0.3269061,-5.473252,3.1282313,-12.511492,0.01195088,-0.11676856,0.2900559,0.025712691,0.22055551,0.23654811,2.1668518,-3.8144999,4.706283,-0.12688042,0.32797074,0.045086164,1
125.22814,1.4163957,125.26644,120.302505,128.93703,8.634527,-1.0206747,3.87907,124.54496,125.9921,0.0009828837,7.848745e-06,0.000786307,0.0008845954,0.07321278,0.6137167,0.062230863,0.06955214,11.7485695,11.7485695,14.723046,0.036634058,0.06903184,0.1778227,0.06509447,0.071126305,861.8788,84.71266,641.507,1062.0663,-0.06555082,0.41155902,744.613,53.011555,623.7558,1007.9381,1373.8982,246.87463,1132.8125,2359.375,3.3605687e-05,0.00024775983,8.9817384e-08,0.0021656035,23.47388,4.257541,23.384638,3.8701715,22.927616,3.856411,24.57786,3.42441,18.218403,2.5606096,67.213646,9.35151,-187.46985,34.3103,-263.45312,-77.63696,-1.0677342,4.1328816,0.36758524,2.0466142,196.4217,14.02021,169.81241,239.38565,-0.6247302,2.2518482,0.030243188,1.3389641,-67.58204,17.277472,-108.36638,-30.274622,0.5276237,1.6686891,0.1964399,0.99342793,20.18185,8.016675,8.625044,44.587776,-0.18695946,1.6115632,0.0549704,1.1370845,-24.458567,7.076361,-36.387314,-5.57629,0.032403868,1.0154128,-0.067821085,0.65425843,-21.180006,9.019261,-44.93036,-4.7082005,0.23208554,1.0760479,0.093991704,0.7447433,22.711395,7.0600905,7.4798827,37.52623,-0.032206878,1.0955963,-0.02256152,0.64988446,-31.903336,6.613614,-48.67138,-17.198809,0.2752041,1.3658708,0.020291304,0.7199143,-14.093211,6.0527053,-24.023228,0.007558197,-0.210525,1.0604233,-0.024592109,0.48172757,-0.49014762,6.3554707,-11.865265,19.28104,-0.30602667,0.8337108,-0.08932747,0.515893,-2.2644696,5.259548,-17.173641,10.102762,0.12398678,0.7878537,0.051997244,0.49807325,11.533358,4.3831725,-0.13187984,21.020954,0.053537875,0.6429351,0.08117713,0.5128138,-20.674995,4.5672193,-29.618118,-8.072876,0.16780885,0.7981174,0.07071393,0.43224826,-17.37718,4.214874,-27.44891,-5.3305783,0.073267505,0.62855095,0.060902584,0.27999154,-15.022204,2.9870722,-21.594278,-6.6854563,-0.099714465,0.5416567,0.031124664,0.42468745,-20.817862,4.0885572,-29.59372,-8.710376,-0.0065031913,0.6566397,-0.0038960148,0.41739488,12.326033,2.8212376,6.1567125,18.374292,0.047869835,0.4440107,-0.06752594,0.3986837,-1.5496879,4.161885,-11.030535,6.9514904,0.21268857,0.82059354,0.019124726,0.38866165,-13.202898,3.4516795,-20.981285,-4.385178,0.08113245,0.59139585,0.093774915,0.48005277,2.0821059,3.8891933,-10.9380455,13.212654,-0.0995966,0.67269087,0.036798205,1
111.31127,1.4985462,111.59972,105.94631,113.550446,7.6041336,-0.9130769,0.96137977,110.31788,112.24621,0.00045732543,4.1085277e-06,0.00036586035,0.0004115929,0.017086422,0.14715713,0.014523459,0.016232101,9.17202,9.17202,13.815697,0.046288542,0.09501744,0.2140385,0.018285763,0.11960394,1223.7681,55.966026,1123.597,1440.1006,1.4420456,2.782458,804.1612,45.576363,688.3947,932.72906,2058.4163,277.2849,1445.3125,2789.0625,1.1654353e-05,0.00011686455,1.9603092e-07,0.0015096033,22.252853,4.745729,20.368874,4.1068025,22.674881,3.9636893,20.627392,2.6577,16.308697,1.5418459,74.92148,6.722909,-129.61761,13.091527,-153.50136,-61.467056,-0.37910783,2.0501885,-0.06654673,1.5003312,200.16513,8.744694,181.78217,241.51807,-0.22599316,1.560837,-0.017088216,1.1229389,-131.74643,5.673725,-142.99364,-107.923164,-0.03755437,1.0665107,0.09156286,0.6750588,5.782206,7.1981053,-7.2647033,41.38968,-0.24535075,1.1436038,0.037429012,0.6188744,-42.491272,4.83664,-55.19413,-26.227219,-0.044857405,0.73233765,0.056039132,0.5877774,-23.456732,3.7131848,-32.28205,-4.402911,0.056383744,0.53927094,0.034791384,0.41197178,40.07665,6.0080414,25.745811,54.5104,-0.045405332,0.725646,-0.034813035,0.54637754,-39.993633,4.6070232,-49.014015,-24.829613,0.04278684,0.49428582,0.02368915,0.3758537,-0.26498836,3.5465927,-9.482174,12.7834,-0.04059599,0.54422456,-0.016733797,0.42547017,14.601496,2.6540167,6.31673,23.788082,-0.007757729,0.36345118,-0.018208435,0.34025514,-18.90569,3.1466477,-30.028683,-8.722227,0.09288465,0.48441157,0.004189429,0.34883618,8.177538,4.2971144,-4.1832905,15.437382,0.010144234,0.5091867,-0.02930346,0.39877626,-23.498503,3.515236,-33.34968,-16.081741,0.004004419,0.53927976,0.00301758,0.3638841,-19.010696,2.8649504,-27.54226,-11.995991,-0.009240976,0.44374886,-0.009544912,0.39054865,6.3269176,2.7849467,-3.5570028,12.199551,-0.039273724,0.4677774,-0.024682606,0.30687487,-12.094924,2.979067,-19.80412,-5.2199593,-0.016125334,0.52755064,-0.007538862,0.40285102,7.479628,3.5922148,-3.850285,15.976515,-0.023064552,0.6517795,-0.03701103,0.43535197,-2.178833,2.9375603,-10.450878,4.585717,7.53484e-05,0.5914942,-0.022235874,0.35144007,-14.946472,3.4667523,-21.14786,-3.3676543,0.04006718,0.47936636,-0.019537417,0.30462173,3.9807475,3.24942,-1.7478608,13.924091,0.052617718,0.4160801,-0.03249535,1
